686.890015000  8.200000000 -0.000000009057
686.915039000  8.200000000 -0.000000008906
686.940002000  8.200000000 -0.000000008793
686.965027000  8.200000000 -0.000000008663
686.989990000  8.200000000 -0.000000008461
687.015015000  8.200000000 -0.000000008353
687.040039000  8.200000000 -0.000000008275
687.065002000  8.200000000 -0.000000008096
687.090027000  8.200000000 -0.000000007852
687.114990000  8.200000000 -0.000000007580
687.140015000  8.200000000 -0.000000007294
687.165039000  8.200000000 -0.000000007048
687.190002000  8.200000000 -0.000000006855
687.215027000  8.200000000 -0.000000006607
687.239990000  8.200000000 -0.000000006202
687.265015000  8.200000000 -0.000000005697
687.290039000  8.200000000 -0.000000005106
687.315002000  8.200000000 -0.000000004432
687.340027000  8.200000000 -0.000000003661
687.364990000  8.200000000 -0.000000002812
687.390015000  8.200000000 -0.000000002027
687.415039000  8.200000000 -0.000000001297
687.440002000  8.200000000 -0.000000000484
687.465027000  8.200000000 0.000000000317
687.489990000  8.200000000 0.000000001087
687.515015000  8.200000000 0.000000001993
687.540039000  8.200000000 0.000000002922
687.565002000  8.200000000 0.000000003856
687.590027000  8.200000000 0.000000004898
687.614990000  8.200000000 0.000000005937
687.640015000  8.200000000 0.000000006828
687.665039000  8.200000000 0.000000007588
687.690002000  8.200000000 0.000000008268
687.715027000  8.200000000 0.000000008884
687.739990000  8.200000000 0.000000009393
687.765015000  8.200000000 0.000000009860
687.790039000  8.200000000 0.000000010340
687.815002000  8.200000000 0.000000010687
687.840027000  8.200000000 0.000000010873
687.864990000  8.200000000 0.000000010978
687.890015000  8.200000000 0.000000010915
687.915039000  8.200000000 0.000000010661
687.940002000  8.200000000 0.000000010379
687.965027000  8.200000000 0.000000010123
687.989990000  8.200000000 0.000000009678
688.015015000  8.200000000 0.000000008951
688.040039000  8.200000000 0.000000008017
688.065002000  8.200000000 0.000000006842
688.090027000  8.200000000 0.000000005570
688.114990000  8.200000000 0.000000004135
688.140015000  8.200000000 0.000000002484
688.165039000  8.200000000 0.000000000556
688.190002000  8.200000000 -0.000000001616
688.215027000  8.200000000 -0.000000004115
688.239990000  8.200000000 -0.000000006909
688.265015000  8.200000000 -0.000000009837
688.290039000  8.200000000 -0.000000012953
688.315002000  8.200000000 -0.000000016199
688.340027000  8.200000000 -0.000000019589
688.364990000  8.200000000 -0.000000023048
688.390015000  8.200000000 -0.000000026460
688.415039000  8.200000000 -0.000000029892
688.440002000  8.200000000 -0.000000033228
688.465027000  8.200000000 -0.000000036563
688.489990000  8.200000000 -0.000000039809
688.515015000  8.200000000 -0.000000042776
688.540039000  8.200000000 -0.000000045576
688.565002000  8.200000000 -0.000000048317
688.590027000  8.200000000 -0.000000051055
688.614990000  8.200000000 -0.000000053638
688.640015000  8.200000000 -0.000000056082
688.665039000  8.200000000 -0.000000058388
688.690002000  8.200000000 -0.000000060524
688.715027000  8.200000000 -0.000000062431
688.739990000  8.200000000 -0.000000063991
688.765015000  8.200000000 -0.000000065254
688.790039000  8.200000000 -0.000000066263
688.815002000  8.200000000 -0.000000067130
688.840027000  8.200000000 -0.000000067721
688.864990000  8.200000000 -0.000000067942
688.890015000  8.200000000 -0.000000067475
688.915039000  8.200000000 -0.000000065692
688.940002000  8.200000000 -0.000000063490
688.965027000  8.200000000 -0.000000061356
688.989990000  8.200000000 -0.000000059131
689.015015000  8.200000000 -0.000000056914
689.040039000  8.200000000 -0.000000054013
689.065002000  8.200000000 -0.000000049838
689.090027000  8.200000000 -0.000000045509
689.114990000  8.200000000 -0.000000041494
689.140015000  8.200000000 -0.000000037107
689.165039000  8.200000000 -0.000000032587
689.190002000  8.200000000 -0.000000027603
689.215027000  8.200000000 -0.000000022078
689.239990000  8.200000000 -0.000000016466
689.265015000  8.200000000 -0.000000010395
689.290039000  8.200000000 -0.000000004284
689.315002000  8.200000000 0.000000001612
689.340027000  8.200000000 0.000000007247
689.364990000  8.200000000 0.000000012244
689.390015000  8.200000000 0.000000017333
689.415039000  8.200000000 0.000000022648
689.440002000  8.200000000 0.000000028027
689.465027000  8.200000000 0.000000033740
689.489990000  8.200000000 0.000000039134
689.515015000  8.200000000 0.000000044077
689.540039000  8.200000000 0.000000048820
689.565002000  8.200000000 0.000000053117
689.590027000  8.200000000 0.000000056832
689.614990000  8.200000000 0.000000060370
689.640015000  8.200000000 0.000000063410
689.665039000  8.200000000 0.000000065873
689.690002000  8.200000000 0.000000067879
689.715027000  8.200000000 0.000000068685
689.739990000  8.200000000 0.000000069342
689.765015000  8.200000000 0.000000070197
689.790039000  8.200000000 0.000000071191
689.815002000  8.200000000 0.000000072439
689.840027000  8.200000000 0.000000073065
689.864990000  8.200000000 0.000000072990
689.890015000  8.200000000 0.000000072131
689.915039000  8.200000000 0.000000070413
689.940002000  8.200000000 0.000000067971
689.965027000  8.200000000 0.000000064722
689.989990000  8.200000000 0.000000061139
690.015015000  8.200000000 0.000000057921
690.040039000  8.200000000 0.000000054669
690.065002000  8.200000000 0.000000050905
690.090027000  8.200000000 0.000000047355
690.114990000  8.200000000 0.000000044326
690.140015000  8.200000000 0.000000040204
690.165039000  8.200000000 0.000000034341
690.190002000  8.200000000 0.000000028262
690.215027000  8.200000000 0.000000022254
690.239990000  8.200000000 0.000000016002
690.265015000  8.200000000 0.000000009594
690.290039000  8.200000000 0.000000002871
690.315002000  8.200000000 -0.000000004035
690.340027000  8.200000000 -0.000000010751
690.364990000  8.200000000 -0.000000017450
690.390015000  8.200000000 -0.000000024232
690.415039000  8.200000000 -0.000000030800
690.440002000  8.200000000 -0.000000036585
690.465027000  8.200000000 -0.000000041415
690.489990000  8.200000000 -0.000000045715
690.515015000  8.200000000 -0.000000049893
690.540039000  8.200000000 -0.000000053986
690.565002000  8.200000000 -0.000000057547
690.590027000  8.200000000 -0.000000060735
690.614990000  8.200000000 -0.000000064172
690.640015000  8.200000000 -0.000000066581
690.665039000  8.200000000 -0.000000067470
690.690002000  8.200000000 -0.000000067745
690.715027000  8.200000000 -0.000000067451
690.739990000  8.200000000 -0.000000066719
690.765015000  8.200000000 -0.000000065329
690.790039000  8.200000000 -0.000000063747
690.815002000  8.200000000 -0.000000061833
690.840027000  8.200000000 -0.000000060041
690.864990000  8.200000000 -0.000000059201
690.890015000  8.200000000 -0.000000058589
690.915039000  8.200000000 -0.000000057585
690.940002000  8.200000000 -0.000000055701
690.965027000  8.200000000 -0.000000052922
690.989990000  8.200000000 -0.000000050278
691.015015000  8.200000000 -0.000000048016
691.040039000  8.200000000 -0.000000045835
691.065002000  8.200000000 -0.000000043881
691.090027000  8.200000000 -0.000000042121
691.114990000  8.200000000 -0.000000040565
691.140015000  8.200000000 -0.000000039047
691.165039000  8.200000000 -0.000000037279
691.190002000  8.200000000 -0.000000035411
691.215027000  8.200000000 -0.000000034003
691.239990000  8.200000000 -0.000000032524
691.265015000  8.200000000 -0.000000030547
691.290039000  8.200000000 -0.000000028972
691.315002000  8.200000000 -0.000000027929
691.340027000  8.200000000 -0.000000027039
691.364990000  8.200000000 -0.000000026293
691.390015000  8.200000000 -0.000000025123
691.415039000  8.200000000 -0.000000023667
691.440002000  8.200000000 -0.000000022384
691.465027000  8.200000000 -0.000000021142
691.489990000  8.200000000 -0.000000019962
691.515015000  8.200000000 -0.000000018601
691.540039000  8.200000000 -0.000000017423
691.565002000  8.200000000 -0.000000016673
691.590027000  8.200000000 -0.000000016226
691.614990000  8.200000000 -0.000000016243
691.640015000  8.200000000 -0.000000016227
691.665039000  8.200000000 -0.000000015966
691.690002000  8.200000000 -0.000000016114
691.715027000  8.200000000 -0.000000016740
691.739990000  8.200000000 -0.000000017754
691.765015000  8.200000000 -0.000000018620
691.790039000  8.200000000 -0.000000018888
691.815002000  8.200000000 -0.000000018767
691.840027000  8.200000000 -0.000000018875
691.864990000  8.200000000 -0.000000019536
691.890015000  8.200000000 -0.000000020212
691.915039000  8.200000000 -0.000000020960
691.940002000  8.200000000 -0.000000021310
691.965027000  8.200000000 -0.000000021417
691.989990000  8.200000000 -0.000000021990
692.015015000  8.200000000 -0.000000023392
692.040039000  8.200000000 -0.000000024892
692.065002000  8.200000000 -0.000000025915
692.090027000  8.200000000 -0.000000026874
692.114990000  8.200000000 -0.000000027817
692.140015000  8.200000000 -0.000000029362
692.165039000  8.200000000 -0.000000031812
692.190002000  8.200000000 -0.000000034135
692.215027000  8.200000000 -0.000000035892
692.239990000  8.200000000 -0.000000038391
692.265015000  8.200000000 -0.000000042099
692.290039000  8.200000000 -0.000000046495
692.315002000  8.200000000 -0.000000051227
692.340027000  8.200000000 -0.000000055928
692.364990000  8.200000000 -0.000000060658
692.390015000  8.200000000 -0.000000065383
692.415039000  8.200000000 -0.000000070277
692.440002000  8.200000000 -0.000000074810
692.465027000  8.200000000 -0.000000078867
692.489990000  8.200000000 -0.000000082163
692.515015000  8.200000000 -0.000000084029
692.540039000  8.200000000 -0.000000085201
692.565002000  8.200000000 -0.000000085736
692.590027000  8.200000000 -0.000000086274
692.614990000  8.200000000 -0.000000087238
692.640015000  8.200000000 -0.000000088569
692.665039000  8.200000000 -0.000000090515
692.690002000  8.200000000 -0.000000091385
692.715027000  8.200000000 -0.000000090216
692.739990000  8.200000000 -0.000000088621
692.765015000  8.200000000 -0.000000086796
692.790039000  8.200000000 -0.000000084884
692.815002000  8.200000000 -0.000000083460
692.840027000  8.200000000 -0.000000081316
692.864990000  8.200000000 -0.000000077968
692.890015000  8.200000000 -0.000000074075
692.915039000  8.200000000 -0.000000069297
692.940002000  8.200000000 -0.000000063649
692.965027000  8.200000000 -0.000000057711
692.989990000  8.200000000 -0.000000051815
693.015015000  8.200000000 -0.000000046416
693.040039000  8.200000000 -0.000000041272
693.065002000  8.200000000 -0.000000035831
693.090027000  8.200000000 -0.000000029655
693.114990000  8.200000000 -0.000000022451
693.140015000  8.200000000 -0.000000015261
693.165039000  8.200000000 -0.000000008199
693.190002000  8.200000000 -0.000000000898
693.215027000  8.200000000 0.000000006308
693.239990000  8.200000000 0.000000013459
693.265015000  8.200000000 0.000000020704
693.290039000  8.200000000 0.000000026912
693.315002000  8.200000000 0.000000031596
693.340027000  8.200000000 0.000000035019
693.364990000  8.200000000 0.000000037452
693.390015000  8.200000000 0.000000039361
693.415039000  8.200000000 0.000000040191
693.440002000  8.200000000 0.000000041987
693.465027000  8.200000000 0.000000044575
693.489990000  8.200000000 0.000000046618
693.515015000  8.200000000 0.000000048247
693.540039000  8.200000000 0.000000048629
693.565002000  8.200000000 0.000000047351
693.590027000  8.200000000 0.000000045196
693.614990000  8.200000000 0.000000042528
693.640015000  8.200000000 0.000000039240
693.665039000  8.200000000 0.000000035609
693.690002000  8.200000000 0.000000031175
693.715027000  8.200000000 0.000000025661
693.739990000  8.200000000 0.000000018048
693.765015000  8.200000000 0.000000007796
693.790039000  8.200000000 -0.000000002124
693.815002000  8.200000000 -0.000000010804
693.840027000  8.200000000 -0.000000019692
693.864990000  8.200000000 -0.000000028430
693.890015000  8.200000000 -0.000000037947
693.915039000  8.200000000 -0.000000048529
693.940002000  8.200000000 -0.000000058412
693.965027000  8.200000000 -0.000000067913
693.989990000  8.200000000 -0.000000076930
694.015015000  8.200000000 -0.000000085229
694.040039000  8.200000000 -0.000000093124
694.065002000  8.200000000 -0.000000099550
694.090027000  8.200000000 -0.000000105637
694.114990000  8.200000000 -0.000000114009
694.140015000  8.200000000 -0.000000123438
694.165039000  8.200000000 -0.000000132071
694.190002000  8.200000000 -0.000000138632
694.215027000  8.200000000 -0.000000141728
694.239990000  8.200000000 -0.000000143985
694.265015000  8.200000000 -0.000000146692
694.290039000  8.200000000 -0.000000149462
694.315002000  8.200000000 -0.000000150983
694.340027000  8.200000000 -0.000000149763
694.364990000  8.200000000 -0.000000146130
694.390015000  8.200000000 -0.000000141683
694.415039000  8.200000000 -0.000000138045
694.440002000  8.200000000 -0.000000133327
694.465027000  8.200000000 -0.000000126917
694.489990000  8.200000000 -0.000000120988
694.515015000  8.200000000 -0.000000115418
694.540039000  8.200000000 -0.000000108978
694.565002000  8.200000000 -0.000000101144
694.590027000  8.200000000 -0.000000092342
694.614990000  8.200000000 -0.000000083592
694.640015000  8.200000000 -0.000000074335
694.665039000  8.200000000 -0.000000064157
694.690002000  8.200000000 -0.000000052856
694.715027000  8.200000000 -0.000000040246
694.739990000  8.200000000 -0.000000028441
694.765015000  8.200000000 -0.000000019312
694.790039000  8.200000000 -0.000000010966
694.815002000  8.200000000 -0.000000002318
694.840027000  8.200000000 0.000000006064
694.864990000  8.200000000 0.000000013920
694.890015000  8.200000000 0.000000023374
694.915039000  8.200000000 0.000000035982
694.940002000  8.200000000 0.000000047709
694.965027000  8.200000000 0.000000056473
694.989990000  8.200000000 0.000000065799
695.015015000  8.200000000 0.000000077837
695.040039000  8.200000000 0.000000089805
695.065002000  8.200000000 0.000000100729
695.090027000  8.200000000 0.000000110550
695.114990000  8.200000000 0.000000119003
695.140015000  8.200000000 0.000000127842
695.165039000  8.200000000 0.000000137400
695.190002000  8.200000000 0.000000143907
695.215027000  8.200000000 0.000000145486
695.239990000  8.200000000 0.000000147733
695.265015000  8.200000000 0.000000153391
695.290039000  8.200000000 0.000000157926
695.315002000  8.200000000 0.000000159079
695.340027000  8.200000000 0.000000158268
695.364990000  8.200000000 0.000000154949
695.390015000  8.200000000 0.000000151857
695.415039000  8.200000000 0.000000149130
695.440002000  8.200000000 0.000000144065
695.465027000  8.200000000 0.000000139037
695.489990000  8.200000000 0.000000132620
695.515015000  8.200000000 0.000000122494
695.540039000  8.200000000 0.000000108511
695.565002000  8.200000000 0.000000092009
695.590027000  8.200000000 0.000000075167
695.614990000  8.200000000 0.000000058471
695.640015000  8.200000000 0.000000042239
695.665039000  8.200000000 0.000000026003
695.690002000  8.200000000 0.000000009557
695.715027000  8.200000000 -0.000000007002
695.739990000  8.200000000 -0.000000024263
695.765015000  8.200000000 -0.000000043235
695.790039000  8.200000000 -0.000000062515
695.815002000  8.200000000 -0.000000076950
695.840027000  8.200000000 -0.000000087691
695.864990000  8.200000000 -0.000000098153
695.890015000  8.200000000 -0.000000110131
695.915039000  8.200000000 -0.000000123574
695.940002000  8.200000000 -0.000000137961
695.965027000  8.200000000 -0.000000156581
695.989990000  8.200000000 -0.000000175689
696.015015000  8.200000000 -0.000000192845
696.040039000  8.200000000 -0.000000208602
696.065002000  8.200000000 -0.000000222094
696.090027000  8.200000000 -0.000000235549
696.114990000  8.200000000 -0.000000249441
696.140015000  8.200000000 -0.000000259770
696.165039000  8.200000000 -0.000000266236
696.190002000  8.200000000 -0.000000271972
696.215027000  8.200000000 -0.000000276683
696.239990000  8.200000000 -0.000000279174
696.265015000  8.200000000 -0.000000281152
696.290039000  8.200000000 -0.000000281462
696.315002000  8.200000000 -0.000000278698
696.340027000  8.200000000 -0.000000275203
696.364990000  8.200000000 -0.000000267546
696.390015000  8.200000000 -0.000000261313
696.415039000  8.200000000 -0.000000259440
696.440002000  8.200000000 -0.000000254972
696.465027000  8.200000000 -0.000000245762
696.489990000  8.200000000 -0.000000232861
696.515015000  8.200000000 -0.000000219028
696.540039000  8.200000000 -0.000000207389
696.565002000  8.200000000 -0.000000202407
696.590027000  8.200000000 -0.000000195966
696.614990000  8.200000000 -0.000000180830
696.640015000  8.200000000 -0.000000161771
696.665039000  8.200000000 -0.000000140407
696.690002000  8.200000000 -0.000000120816
696.715027000  8.200000000 -0.000000105150
696.739990000  8.200000000 -0.000000091991
696.765015000  8.200000000 -0.000000079316
696.790039000  8.200000000 -0.000000068707
696.815002000  8.200000000 -0.000000062419
696.840027000  8.200000000 -0.000000057518
696.864990000  8.200000000 -0.000000052932
696.890015000  8.200000000 -0.000000049145
696.915039000  8.200000000 -0.000000047099
696.940002000  8.200000000 -0.000000043306
696.965027000  8.200000000 -0.000000036101
696.989990000  8.200000000 -0.000000028793
697.015015000  8.200000000 -0.000000021211
697.040039000  8.200000000 -0.000000014312
697.065002000  8.200000000 -0.000000011806
697.090027000  8.200000000 -0.000000011015
697.114990000  8.200000000 -0.000000010077
697.140015000  8.200000000 -0.000000008193
697.165039000  8.200000000 -0.000000002755
697.190002000  8.200000000 0.000000002960
697.215027000  8.200000000 0.000000008146
697.239990000  8.200000000 0.000000010614
697.265015000  8.200000000 0.000000004243
697.290039000  8.200000000 -0.000000002341
697.315002000  8.200000000 -0.000000004414
697.340027000  8.200000000 -0.000000006827
697.364990000  8.200000000 -0.000000008813
697.390015000  8.200000000 -0.000000009278
697.415039000  8.200000000 -0.000000009434
697.440002000  8.200000000 -0.000000010800
697.465027000  8.200000000 -0.000000013219
697.489990000  8.200000000 -0.000000015483
697.515015000  8.200000000 -0.000000017104
697.540039000  8.200000000 -0.000000017393
697.565002000  8.200000000 -0.000000015426
697.590027000  8.200000000 -0.000000013075
697.614990000  8.200000000 -0.000000011126
697.640015000  8.200000000 -0.000000009823
697.665039000  8.200000000 -0.000000010336
697.690002000  8.200000000 -0.000000011000
697.715027000  8.200000000 -0.000000010484
697.739990000  8.200000000 -0.000000009593
697.765015000  8.200000000 -0.000000008042
697.790039000  8.200000000 -0.000000007123
697.815002000  8.200000000 -0.000000008664
697.840027000  8.200000000 -0.000000009873
697.864990000  8.200000000 -0.000000009954
697.890015000  8.200000000 -0.000000009076
697.915039000  8.200000000 -0.000000005785
697.940002000  8.200000000 -0.000000001892
697.965027000  8.200000000 0.000000001711
697.989990000  8.200000000 0.000000004236
698.015015000  8.200000000 0.000000006739
698.040039000  8.200000000 0.000000011706
698.065002000  8.200000000 0.000000016763
698.090027000  8.200000000 0.000000021056
698.114990000  8.200000000 0.000000025391
698.140015000  8.200000000 0.000000029795
698.165039000  8.200000000 0.000000033448
698.190002000  8.200000000 0.000000037063
698.215027000  8.200000000 0.000000042271
698.239990000  8.200000000 0.000000048157
698.265015000  8.200000000 0.000000055202
698.290039000  8.200000000 0.000000060983
698.315002000  8.200000000 0.000000062891
698.340027000  8.200000000 0.000000065216
698.364990000  8.200000000 0.000000069665
698.390015000  8.200000000 0.000000072709
698.415039000  8.200000000 0.000000073770
698.440002000  8.200000000 0.000000073776
698.465027000  8.200000000 0.000000073538
698.489990000  8.200000000 0.000000073674
698.515015000  8.200000000 0.000000074960
698.540039000  8.200000000 0.000000075815
698.565002000  8.200000000 0.000000074864
698.590027000  8.200000000 0.000000073302
698.614990000  8.200000000 0.000000071771
698.640015000  8.200000000 0.000000071658
698.665039000  8.200000000 0.000000074569
698.690002000  8.200000000 0.000000077742
698.715027000  8.200000000 0.000000078867
698.739990000  8.200000000 0.000000081946
698.765015000  8.200000000 0.000000089114
698.790039000  8.200000000 0.000000093264
698.815002000  8.200000000 0.000000092518
698.840027000  8.200000000 0.000000092126
698.864990000  8.200000000 0.000000093519
698.890015000  8.200000000 0.000000094691
698.915039000  8.200000000 0.000000095392
698.940002000  8.200000000 0.000000094533
698.965027000  8.200000000 0.000000090086
698.989990000  8.200000000 0.000000085221
699.015015000  8.200000000 0.000000081069
699.040039000  8.200000000 0.000000076865
699.065002000  8.200000000 0.000000072213
699.090027000  8.200000000 0.000000065262
699.114990000  8.200000000 0.000000056889
699.140015000  8.200000000 0.000000050815
699.165039000  8.200000000 0.000000049597
699.190002000  8.200000000 0.000000047749
699.215027000  8.200000000 0.000000044067
699.239990000  8.200000000 0.000000036546
699.265015000  8.200000000 0.000000022610
699.290039000  8.200000000 0.000000009599
699.315002000  8.200000000 -0.000000000277
699.340027000  8.200000000 -0.000000015190
699.364990000  8.200000000 -0.000000038495
699.390015000  8.200000000 -0.000000057865
699.415039000  8.200000000 -0.000000070457
699.440002000  8.200000000 -0.000000084026
699.465027000  8.200000000 -0.000000098260
699.489990000  8.200000000 -0.000000107396
699.515015000  8.200000000 -0.000000113444
699.540039000  8.200000000 -0.000000121430
699.565002000  8.200000000 -0.000000132996
699.590027000  8.200000000 -0.000000144356
699.614990000  8.200000000 -0.000000152779
699.640015000  8.200000000 -0.000000160567
699.665039000  8.200000000 -0.000000167137
699.690002000  8.200000000 -0.000000178060
699.715027000  8.200000000 -0.000000199051
699.739990000  8.200000000 -0.000000218252
699.765015000  8.200000000 -0.000000230667
699.790039000  8.200000000 -0.000000242050
699.815002000  8.200000000 -0.000000250851
699.840027000  8.200000000 -0.000000258337
699.864990000  8.200000000 -0.000000267117
699.890015000  8.200000000 -0.000000275321
699.915039000  8.200000000 -0.000000282461
699.940002000  8.200000000 -0.000000290550
699.965027000  8.200000000 -0.000000298199
699.989990000  8.200000000 -0.000000302624
700.015015000  8.200000000 -0.000000305055
700.040039000  8.200000000 -0.000000305653
700.065002000  8.200000000 -0.000000304415
700.090027000  8.200000000 -0.000000302522
700.114990000  8.200000000 -0.000000300829
700.140015000  8.200000000 -0.000000297443
700.165039000  8.200000000 -0.000000291056
700.190002000  8.200000000 -0.000000283107
700.215027000  8.200000000 -0.000000275900
700.239990000  8.200000000 -0.000000269346
700.265015000  8.200000000 -0.000000262415
700.290039000  8.200000000 -0.000000253676
700.315002000  8.200000000 -0.000000241667
700.340027000  8.200000000 -0.000000227743
700.364990000  8.200000000 -0.000000210967
700.390015000  8.200000000 -0.000000193335
700.415039000  8.200000000 -0.000000177156
700.440002000  8.200000000 -0.000000160132
700.465027000  8.200000000 -0.000000142105
700.489990000  8.200000000 -0.000000127350
700.515015000  8.200000000 -0.000000113736
700.540039000  8.200000000 -0.000000099733
700.565002000  8.200000000 -0.000000088819
700.590027000  8.200000000 -0.000000081828
700.614990000  8.200000000 -0.000000077523
700.640015000  8.200000000 -0.000000070480
700.665039000  8.200000000 -0.000000059721
700.690002000  8.200000000 -0.000000047627
700.715027000  8.200000000 -0.000000034703
700.739990000  8.200000000 -0.000000026855
700.765015000  8.200000000 -0.000000025626
700.790039000  8.200000000 -0.000000023609
700.815002000  8.200000000 -0.000000021533
700.840027000  8.200000000 -0.000000016932
700.864990000  8.200000000 -0.000000005932
700.890015000  8.200000000 -0.000000001408
700.915039000  8.200000000 -0.000000006012
700.940002000  8.200000000 -0.000000008764
700.965027000  8.200000000 -0.000000009041
700.989990000  8.200000000 -0.000000003238
701.015015000  8.200000000 0.000000012851
701.040039000  8.200000000 0.000000024653
701.065002000  8.200000000 0.000000028861
701.090027000  8.200000000 0.000000031761
701.114990000  8.200000000 0.000000034100
701.140015000  8.200000000 0.000000037418
701.165039000  8.200000000 0.000000040597
701.190002000  8.200000000 0.000000045989
701.215027000  8.200000000 0.000000055810
701.239990000  8.200000000 0.000000062860
701.265015000  8.200000000 0.000000065310
701.290039000  8.200000000 0.000000065712
701.315002000  8.200000000 0.000000064572
701.340027000  8.200000000 0.000000065182
701.364990000  8.200000000 0.000000067228
701.390015000  8.200000000 0.000000068317
701.415039000  8.200000000 0.000000066443
701.440002000  8.200000000 0.000000062909
701.465027000  8.200000000 0.000000059450
701.489990000  8.200000000 0.000000056038
701.515015000  8.200000000 0.000000053834
701.540039000  8.200000000 0.000000051167
701.565002000  8.200000000 0.000000045476
701.590027000  8.200000000 0.000000038571
701.614990000  8.200000000 0.000000032475
701.640015000  8.200000000 0.000000027654
701.665039000  8.200000000 0.000000022862
701.690002000  8.200000000 0.000000017335
701.715027000  8.200000000 0.000000011310
701.739990000  8.200000000 0.000000004921
701.765015000  8.200000000 0.000000000767
701.790039000  8.200000000 -0.000000001266
701.815002000  8.200000000 -0.000000003928
701.840027000  8.200000000 -0.000000004527
701.864990000  8.200000000 -0.000000001550
701.890015000  8.200000000 0.000000000784
701.915039000  8.200000000 -0.000000001736
701.940002000  8.200000000 -0.000000007498
701.965027000  8.200000000 -0.000000013881
701.989990000  8.200000000 -0.000000019543
702.015015000  8.200000000 -0.000000022967
702.040039000  8.200000000 -0.000000026125
702.065002000  8.200000000 -0.000000026821
702.090027000  8.200000000 -0.000000026687
702.114990000  8.200000000 -0.000000028262
702.140015000  8.200000000 -0.000000028113
702.165039000  8.200000000 -0.000000027286
702.190002000  8.200000000 -0.000000027859
702.215027000  8.200000000 -0.000000028707
702.239990000  8.200000000 -0.000000027025
702.265015000  8.200000000 -0.000000023779
702.290039000  8.200000000 -0.000000022829
702.315002000  8.200000000 -0.000000023141
702.340027000  8.200000000 -0.000000021828
702.364990000  8.200000000 -0.000000018744
702.390015000  8.200000000 -0.000000015817
702.415039000  8.200000000 -0.000000014072
702.440002000  8.200000000 -0.000000010949
702.465027000  8.200000000 -0.000000008377
702.489990000  8.200000000 -0.000000004747
702.515015000  8.200000000 0.000000004945
702.540039000  8.200000000 0.000000013581
702.565002000  8.200000000 0.000000021493
702.590027000  8.200000000 0.000000031756
702.614990000  8.200000000 0.000000042564
702.640015000  8.200000000 0.000000049776
702.665039000  8.200000000 0.000000048376
702.690002000  8.200000000 0.000000043491
702.715027000  8.200000000 0.000000039386
702.739990000  8.200000000 0.000000033981
702.765015000  8.200000000 0.000000027591
702.790039000  8.200000000 0.000000020440
702.815002000  8.200000000 0.000000009089
702.840027000  8.200000000 -0.000000004240
702.864990000  8.200000000 -0.000000017948
702.890015000  8.200000000 -0.000000031186
702.915039000  8.200000000 -0.000000039663
702.940002000  8.200000000 -0.000000044159
702.965027000  8.200000000 -0.000000045931
702.989990000  8.200000000 -0.000000046105
703.015015000  8.200000000 -0.000000049601
703.040039000  8.200000000 -0.000000050977
703.065002000  8.200000000 -0.000000047384
703.090027000  8.200000000 -0.000000045141
703.114990000  8.200000000 -0.000000044829
703.140015000  8.200000000 -0.000000042577
703.165039000  8.200000000 -0.000000036470
703.190002000  8.200000000 -0.000000028128
703.215027000  8.200000000 -0.000000016628
703.239990000  8.200000000 -0.000000007749
703.265015000  8.200000000 -0.000000004539
703.290039000  8.200000000 -0.000000002405
703.315002000  8.200000000 -0.000000001758
703.340027000  8.200000000 -0.000000003222
703.364990000  8.200000000 -0.000000004817
703.390015000  8.200000000 -0.000000007758
703.415039000  8.200000000 -0.000000013316
703.440002000  8.200000000 -0.000000016696
703.465027000  8.200000000 -0.000000018242
703.489990000  8.200000000 -0.000000022305
703.515015000  8.200000000 -0.000000031716
703.540039000  8.200000000 -0.000000039300
703.565002000  8.200000000 -0.000000040052
703.590027000  8.200000000 -0.000000041921
703.614990000  8.200000000 -0.000000045525
703.640015000  8.200000000 -0.000000050651
703.665039000  8.200000000 -0.000000060018
703.690002000  8.200000000 -0.000000070162
703.715027000  8.200000000 -0.000000080305
703.739990000  8.200000000 -0.000000093581
703.765015000  8.200000000 -0.000000110730
703.790039000  8.200000000 -0.000000120491
703.815002000  8.200000000 -0.000000117620
703.840027000  8.200000000 -0.000000114025
703.864990000  8.200000000 -0.000000110436
703.890015000  8.200000000 -0.000000104418
703.915039000  8.200000000 -0.000000099582
703.940002000  8.200000000 -0.000000098890
703.965027000  8.200000000 -0.000000103587
703.989990000  8.200000000 -0.000000108734
704.015015000  8.200000000 -0.000000111997
704.040039000  8.200000000 -0.000000119588
704.065002000  8.200000000 -0.000000131450
704.090027000  8.200000000 -0.000000139037
704.114990000  8.200000000 -0.000000140576
704.140015000  8.200000000 -0.000000140750
704.165039000  8.200000000 -0.000000140122
704.190002000  8.200000000 -0.000000141379
704.215027000  8.200000000 -0.000000148992
704.239990000  8.200000000 -0.000000156121
704.265015000  8.200000000 -0.000000155267
704.290039000  8.200000000 -0.000000153765
704.315002000  8.200000000 -0.000000153941
704.340027000  8.200000000 -0.000000149633
704.364990000  8.200000000 -0.000000144194
704.390015000  8.200000000 -0.000000140771
704.415039000  8.200000000 -0.000000138619
704.440002000  8.200000000 -0.000000130194
704.465027000  8.200000000 -0.000000111152
704.489990000  8.200000000 -0.000000092485
704.515015000  8.200000000 -0.000000078202
704.540039000  8.200000000 -0.000000065814
704.565002000  8.200000000 -0.000000057332
704.590027000  8.200000000 -0.000000051131
704.614990000  8.200000000 -0.000000042111
704.640015000  8.200000000 -0.000000035007
704.665039000  8.200000000 -0.000000036884
704.690002000  8.200000000 -0.000000046448
704.715027000  8.200000000 -0.000000061067
704.739990000  8.200000000 -0.000000079842
704.765015000  8.200000000 -0.000000099175
704.790039000  8.200000000 -0.000000113779
704.815002000  8.200000000 -0.000000124277
704.840027000  8.200000000 -0.000000131070
704.864990000  8.200000000 -0.000000135228
704.890015000  8.200000000 -0.000000141830
704.915039000  8.200000000 -0.000000153572
704.940002000  8.200000000 -0.000000165367
704.965027000  8.200000000 -0.000000171488
704.989990000  8.200000000 -0.000000174352
705.015015000  8.200000000 -0.000000174651
705.040039000  8.200000000 -0.000000165850
705.065002000  8.200000000 -0.000000148281
705.090027000  8.200000000 -0.000000128690
705.114990000  8.200000000 -0.000000114126
705.140015000  8.200000000 -0.000000103532
705.165039000  8.200000000 -0.000000093554
705.190002000  8.200000000 -0.000000081429
705.215027000  8.200000000 -0.000000064044
705.239990000  8.200000000 -0.000000045260
705.265015000  8.200000000 -0.000000029963
705.290039000  8.200000000 -0.000000017771
705.315002000  8.200000000 -0.000000007628
705.340027000  8.200000000 -0.000000004002
705.364990000  8.200000000 -0.000000004937
705.390015000  8.200000000 -0.000000009569
705.415039000  8.200000000 -0.000000017840
705.440002000  8.200000000 -0.000000028265
705.465027000  8.200000000 -0.000000040811
705.489990000  8.200000000 -0.000000048772
705.515015000  8.200000000 -0.000000052950
705.540039000  8.200000000 -0.000000066229
705.565002000  8.200000000 -0.000000084786
705.590027000  8.200000000 -0.000000094715
705.614990000  8.200000000 -0.000000096574
705.640015000  8.200000000 -0.000000098423
705.665039000  8.200000000 -0.000000099525
705.690002000  8.200000000 -0.000000094302
705.715027000  8.200000000 -0.000000085084
705.739990000  8.200000000 -0.000000070185
705.765015000  8.200000000 -0.000000051898
705.790039000  8.200000000 -0.000000039692
705.815002000  8.200000000 -0.000000032558
705.840027000  8.200000000 -0.000000027950
705.864990000  8.200000000 -0.000000026773
705.890015000  8.200000000 -0.000000032537
705.915039000  8.200000000 -0.000000041144
705.940002000  8.200000000 -0.000000044857
705.965027000  8.200000000 -0.000000043895
705.989990000  8.200000000 -0.000000043452
706.015015000  8.200000000 -0.000000041189
706.040039000  8.200000000 -0.000000035248
706.065002000  8.200000000 -0.000000028153
706.090027000  8.200000000 -0.000000019686
706.114990000  8.200000000 -0.000000014353
706.140015000  8.200000000 -0.000000012134
706.165039000  8.200000000 -0.000000010846
706.190002000  8.200000000 -0.000000006752
706.215027000  8.200000000 0.000000001930
706.239990000  8.200000000 0.000000008830
706.265015000  8.200000000 0.000000013009
706.290039000  8.200000000 0.000000015906
706.315002000  8.200000000 0.000000018898
706.340027000  8.200000000 0.000000022053
706.364990000  8.200000000 0.000000027634
706.390015000  8.200000000 0.000000040027
706.415039000  8.200000000 0.000000054735
706.440002000  8.200000000 0.000000071616
706.465027000  8.200000000 0.000000092409
706.489990000  8.200000000 0.000000112970
706.515015000  8.200000000 0.000000129317
706.540039000  8.200000000 0.000000143858
706.565002000  8.200000000 0.000000157218
706.590027000  8.200000000 0.000000169196
706.614990000  8.200000000 0.000000181030
706.640015000  8.200000000 0.000000193049
706.665039000  8.200000000 0.000000203844
706.690002000  8.200000000 0.000000208109
706.715027000  8.200000000 0.000000206615
706.739990000  8.200000000 0.000000208191
706.765015000  8.200000000 0.000000213047
706.790039000  8.200000000 0.000000214363
706.815002000  8.200000000 0.000000211670
706.840027000  8.200000000 0.000000203556
706.864990000  8.200000000 0.000000191338
706.890015000  8.200000000 0.000000182146
706.915039000  8.200000000 0.000000176894
706.940002000  8.200000000 0.000000171423
706.965027000  8.200000000 0.000000158489
706.989990000  8.200000000 0.000000144018
707.015015000  8.200000000 0.000000133274
707.040039000  8.200000000 0.000000126159
707.065002000  8.200000000 0.000000123308
707.090027000  8.200000000 0.000000118014
707.114990000  8.200000000 0.000000108342
707.140015000  8.200000000 0.000000095959
707.165039000  8.200000000 0.000000084821
707.190002000  8.200000000 0.000000086309
707.215027000  8.200000000 0.000000093211
707.239990000  8.200000000 0.000000091888
707.265015000  8.200000000 0.000000084659
707.290039000  8.200000000 0.000000076134
707.315002000  8.200000000 0.000000074070
707.340027000  8.200000000 0.000000070118
707.364990000  8.200000000 0.000000058146
707.390015000  8.200000000 0.000000046811
707.415039000  8.200000000 0.000000037816
707.440002000  8.200000000 0.000000031717
707.465027000  8.200000000 0.000000028771
707.489990000  8.200000000 0.000000019767
707.515015000  8.200000000 0.000000003645
707.540039000  8.200000000 -0.000000009614
707.565002000  8.200000000 -0.000000012114
707.590027000  8.200000000 -0.000000012254
707.614990000  8.200000000 -0.000000017383
707.640015000  8.200000000 -0.000000013806
707.665039000  8.200000000 0.000000000888
707.690002000  8.200000000 0.000000018211
707.715027000  8.200000000 0.000000033978
707.739990000  8.200000000 0.000000050610
707.765015000  8.200000000 0.000000064228
707.790039000  8.200000000 0.000000066653
707.815002000  8.200000000 0.000000061275
707.840027000  8.200000000 0.000000049679
707.864990000  8.200000000 0.000000037507
707.890015000  8.200000000 0.000000024131
707.915039000  8.200000000 0.000000008673
707.940002000  8.200000000 -0.000000003904
707.965027000  8.200000000 -0.000000005372
707.989990000  8.200000000 0.000000001269
708.015015000  8.200000000 0.000000007375
708.040039000  8.200000000 0.000000016675
708.065002000  8.200000000 0.000000026050
708.090027000  8.200000000 0.000000031969
708.114990000  8.200000000 0.000000038560
708.140015000  8.200000000 0.000000042114
708.165039000  8.200000000 0.000000040083
708.190002000  8.200000000 0.000000039517
708.215027000  8.200000000 0.000000047478
708.239990000  8.200000000 0.000000053640
708.265015000  8.200000000 0.000000049003
708.290039000  8.200000000 0.000000047157
708.315002000  8.200000000 0.000000053433
708.340027000  8.200000000 0.000000067581
708.364990000  8.200000000 0.000000093660
708.390015000  8.200000000 0.000000121769
708.415039000  8.200000000 0.000000143880
708.440002000  8.200000000 0.000000164188
708.465027000  8.200000000 0.000000188488
708.489990000  8.200000000 0.000000215398
708.515015000  8.200000000 0.000000237664
708.540039000  8.200000000 0.000000250147
708.565002000  8.200000000 0.000000257268
708.590027000  8.200000000 0.000000264442
708.614990000  8.200000000 0.000000259308
708.640015000  8.200000000 0.000000242466
708.665039000  8.200000000 0.000000226732
708.690002000  8.200000000 0.000000211451
708.715027000  8.200000000 0.000000197603
708.739990000  8.200000000 0.000000186657
708.765015000  8.200000000 0.000000170726
708.790039000  8.200000000 0.000000153096
708.815002000  8.200000000 0.000000144739
708.840027000  8.200000000 0.000000136933
708.864990000  8.200000000 0.000000124104
708.890015000  8.200000000 0.000000111689
708.915039000  8.200000000 0.000000104272
708.940002000  8.200000000 0.000000103796
708.965027000  8.200000000 0.000000105850
708.989990000  8.200000000 0.000000103125
709.015015000  8.200000000 0.000000095570
709.040039000  8.200000000 0.000000080683
709.065002000  8.200000000 0.000000060051
709.090027000  8.200000000 0.000000060599
709.114990000  8.200000000 0.000000081199
709.140015000  8.200000000 0.000000095956
709.165039000  8.200000000 0.000000106994
709.190002000  8.200000000 0.000000098238
709.215027000  8.200000000 0.000000042428
709.239990000  8.200000000 -0.000000012299
709.265015000  8.200000000 -0.000000047580
709.290039000  8.200000000 -0.000000061787
709.315002000  8.200000000 -0.000000059623
709.340027000  8.200000000 -0.000000047283
709.364990000  8.200000000 -0.000000009010
709.390015000  8.200000000 0.000000026637
709.415039000  8.200000000 0.000000050209
709.440002000  8.200000000 0.000000073856
709.465027000  8.200000000 0.000000096724
709.489990000  8.200000000 0.000000102605
709.515015000  8.200000000 0.000000089527
709.540039000  8.200000000 0.000000083390
709.565002000  8.200000000 0.000000084108
709.590027000  8.200000000 0.000000095836
709.614990000  8.200000000 0.000000134337
709.640015000  8.200000000 0.000000169509
709.665039000  8.200000000 0.000000190010
709.690002000  8.200000000 0.000000211096
709.715027000  8.200000000 0.000000234477
709.739990000  8.200000000 0.000000235175
709.765015000  8.200000000 0.000000211506
709.790039000  8.200000000 0.000000177480
709.815002000  8.200000000 0.000000127640
709.840027000  8.200000000 0.000000078522
709.864990000  8.200000000 0.000000040552
709.890015000  8.200000000 0.000000027421
709.915039000  8.200000000 0.000000021577
709.940002000  8.200000000 0.000000022438
709.965027000  8.200000000 0.000000042790
709.989990000  8.200000000 0.000000048381
710.015015000  8.200000000 0.000000044757
710.040039000  8.200000000 0.000000038288
710.065002000  8.200000000 0.000000018676
710.090027000  8.200000000 -0.000000000914
710.114990000  8.200000000 -0.000000007504
710.140015000  8.200000000 0.000000000402
710.165039000  8.200000000 0.000000022779
710.190002000  8.200000000 0.000000039973
710.215027000  8.200000000 0.000000050437
710.239990000  8.200000000 0.000000059939
710.265015000  8.200000000 0.000000061553
710.290039000  8.200000000 0.000000068217
710.315002000  8.200000000 0.000000076374
710.340027000  8.200000000 0.000000079638
710.364990000  8.200000000 0.000000082334
710.390015000  8.200000000 0.000000081457
710.415039000  8.200000000 0.000000082779
710.440002000  8.200000000 0.000000095419
710.465027000  8.200000000 0.000000114846
710.489990000  8.200000000 0.000000134365
710.515015000  8.200000000 0.000000147253
710.540039000  8.200000000 0.000000151296
710.565002000  8.200000000 0.000000156154
710.590027000  8.200000000 0.000000156241
710.614990000  8.200000000 0.000000147502
710.640015000  8.200000000 0.000000134128
710.665039000  8.200000000 0.000000113657
710.690002000  8.200000000 0.000000100436
710.715027000  8.200000000 0.000000093124
710.739990000  8.200000000 0.000000092057
710.765015000  8.200000000 0.000000101909
710.790039000  8.200000000 0.000000113747
710.815002000  8.200000000 0.000000128582
710.840027000  8.200000000 0.000000131446
710.864990000  8.200000000 0.000000122139
710.890015000  8.200000000 0.000000109305
710.915039000  8.200000000 0.000000091263
710.940002000  8.200000000 0.000000065004
710.965027000  8.200000000 0.000000029481
710.989990000  8.200000000 -0.000000014955
711.015015000  8.200000000 -0.000000056220
711.040039000  8.200000000 -0.000000079390
711.065002000  8.200000000 -0.000000092807
711.090027000  8.200000000 -0.000000095817
711.114990000  8.200000000 -0.000000091030
711.140015000  8.200000000 -0.000000083564
711.165039000  8.200000000 -0.000000071487
711.190002000  8.200000000 -0.000000053751
711.215027000  8.200000000 -0.000000038143
711.239990000  8.200000000 -0.000000026799
711.265015000  8.200000000 -0.000000015301
711.290039000  8.200000000 -0.000000008097
711.315002000  8.200000000 -0.000000000683
711.340027000  8.200000000 0.000000001826
711.364990000  8.200000000 -0.000000000873
711.390015000  8.200000000 -0.000000009963
711.415039000  8.200000000 -0.000000027865
711.440002000  8.200000000 -0.000000048185
711.465027000  8.200000000 -0.000000069503
711.489990000  8.200000000 -0.000000079822
711.515015000  8.200000000 -0.000000081476
711.540039000  8.200000000 -0.000000072756
711.565002000  8.200000000 -0.000000054053
711.590027000  8.200000000 -0.000000032162
711.614990000  8.200000000 -0.000000006715
711.640015000  8.200000000 0.000000012365
711.665039000  8.200000000 0.000000031158
711.690002000  8.200000000 0.000000046393
711.715027000  8.200000000 0.000000048547
711.739990000  8.200000000 0.000000052514
711.765015000  8.200000000 0.000000060861
711.790039000  8.200000000 0.000000074961
711.815002000  8.200000000 0.000000100651
711.840027000  8.200000000 0.000000128309
711.864990000  8.200000000 0.000000146283
711.890015000  8.200000000 0.000000153031
711.915039000  8.200000000 0.000000153788
711.940002000  8.200000000 0.000000151553
711.965027000  8.200000000 0.000000143355
711.989990000  8.200000000 0.000000141111
712.015015000  8.200000000 0.000000145389
712.040039000  8.200000000 0.000000143892
712.065002000  8.200000000 0.000000144239
712.090027000  8.200000000 0.000000148309
712.114990000  8.200000000 0.000000156383
712.140015000  8.200000000 0.000000152687
712.165039000  8.200000000 0.000000134861
712.190002000  8.200000000 0.000000112679
712.215027000  8.200000000 0.000000083071
712.239990000  8.200000000 0.000000059183
712.265015000  8.200000000 0.000000048038
712.290039000  8.200000000 0.000000038488
712.315002000  8.200000000 0.000000022479
712.340027000  8.200000000 0.000000003928
712.364990000  8.200000000 -0.000000013990
712.390015000  8.200000000 -0.000000029533
712.415039000  8.200000000 -0.000000042731
712.440002000  8.200000000 -0.000000058814
712.465027000  8.200000000 -0.000000081746
712.489990000  8.200000000 -0.000000105842
712.515015000  8.200000000 -0.000000126146
712.540039000  8.200000000 -0.000000137927
712.565002000  8.200000000 -0.000000141363
712.590027000  8.200000000 -0.000000143261
712.614990000  8.200000000 -0.000000150183
712.640015000  8.200000000 -0.000000167002
712.665039000  8.200000000 -0.000000197335
712.690002000  8.200000000 -0.000000235638
712.715027000  8.200000000 -0.000000265904
712.739990000  8.200000000 -0.000000281260
712.765015000  8.200000000 -0.000000289994
712.790039000  8.200000000 -0.000000298631
712.815002000  8.200000000 -0.000000300319
712.840027000  8.200000000 -0.000000287459
712.864990000  8.200000000 -0.000000266267
712.890015000  8.200000000 -0.000000243906
712.915039000  8.200000000 -0.000000230488
712.940002000  8.200000000 -0.000000234891
712.965027000  8.200000000 -0.000000242988
712.989990000  8.200000000 -0.000000247815
713.015015000  8.200000000 -0.000000251323
713.040039000  8.200000000 -0.000000254825
713.065002000  8.200000000 -0.000000258004
713.090027000  8.200000000 -0.000000260232
713.114990000  8.200000000 -0.000000260487
713.140015000  8.200000000 -0.000000257390
713.165039000  8.200000000 -0.000000243810
713.190002000  8.200000000 -0.000000220273
713.215027000  8.200000000 -0.000000198228
713.239990000  8.200000000 -0.000000170953
713.265015000  8.200000000 -0.000000138622
713.290039000  8.200000000 -0.000000104952
713.315002000  8.200000000 -0.000000066791
713.340027000  8.200000000 -0.000000023805
713.364990000  8.200000000 0.000000025285
713.390015000  8.200000000 0.000000080619
713.415039000  8.200000000 0.000000121757
713.440002000  8.200000000 0.000000142420
713.465027000  8.200000000 0.000000152975
713.489990000  8.200000000 0.000000150697
713.515015000  8.200000000 0.000000154822
713.540039000  8.200000000 0.000000167108
713.565002000  8.200000000 0.000000180486
713.590027000  8.200000000 0.000000195472
713.614990000  8.200000000 0.000000210915
713.640015000  8.200000000 0.000000232469
713.665039000  8.200000000 0.000000258732
713.690002000  8.200000000 0.000000286802
713.715027000  8.200000000 0.000000309496
713.739990000  8.200000000 0.000000320763
713.765015000  8.200000000 0.000000331892
713.790039000  8.200000000 0.000000352767
713.815002000  8.200000000 0.000000369412
713.840027000  8.200000000 0.000000379397
713.864990000  8.200000000 0.000000386181
713.890015000  8.200000000 0.000000379355
713.915039000  8.200000000 0.000000360465
713.940002000  8.200000000 0.000000338307
713.965027000  8.200000000 0.000000317901
713.989990000  8.200000000 0.000000301997
714.015015000  8.200000000 0.000000301414
714.040039000  8.200000000 0.000000312594
714.065002000  8.200000000 0.000000327439
714.090027000  8.200000000 0.000000349416
714.114990000  8.200000000 0.000000384528
714.140015000  8.200000000 0.000000433044
714.165039000  8.200000000 0.000000485308
714.190002000  8.200000000 0.000000539109
714.215027000  8.200000000 0.000000592900
714.239990000  8.200000000 0.000000656776
714.265015000  8.200000000 0.000000737353
714.290039000  8.200000000 0.000000824456
714.315002000  8.200000000 0.000000920170
714.340027000  8.200000000 0.000001017837
714.364990000  8.200000000 0.000001111255
714.390015000  8.200000000 0.000001207142
714.415039000  8.200000000 0.000001301997
714.440002000  8.200000000 0.000001392117
714.465027000  8.200000000 0.000001486226
714.489990000  8.200000000 0.000001578670
714.515015000  8.200000000 0.000001670883
714.540039000  8.200000000 0.000001763070
714.565002000  8.200000000 0.000001841975
714.590027000  8.200000000 0.000001924464
714.614990000  8.200000000 0.000002005054
714.640015000  8.200000000 0.000002074544
714.665039000  8.200000000 0.000002143244
714.690002000  8.200000000 0.000002211714
714.715027000  8.200000000 0.000002276752
714.739990000  8.200000000 0.000002333705
714.765015000  8.200000000 0.000002384503
714.790039000  8.200000000 0.000002422069
714.815002000  8.200000000 0.000002446425
714.840027000  8.200000000 0.000002468651
714.864990000  8.200000000 0.000002492600
714.890015000  8.200000000 0.000002530543
714.915039000  8.200000000 0.000002577138
714.940002000  8.200000000 0.000002623074
714.965027000  8.200000000 0.000002677131
714.989990000  8.200000000 0.000002735896
715.015015000  8.200000000 0.000002798118
715.040039000  8.200000000 0.000002845105
715.065002000  8.200000000 0.000002884925
715.090027000  8.200000000 0.000002923389
715.114990000  8.200000000 0.000002953202
715.140015000  8.200000000 0.000002977572
715.165039000  8.200000000 0.000002986344
715.190002000  8.200000000 0.000002990505
715.215027000  8.200000000 0.000003010499
715.239990000  8.200000000 0.000003040752
715.265015000  8.200000000 0.000003075532
715.290039000  8.200000000 0.000003110669
715.315002000  8.200000000 0.000003128726
715.340027000  8.200000000 0.000003153351
715.364990000  8.200000000 0.000003192253
715.390015000  8.200000000 0.000003229888
715.415039000  8.200000000 0.000003265762
715.440002000  8.200000000 0.000003292456
715.465027000  8.200000000 0.000003304633
715.489990000  8.200000000 0.000003321871
715.515015000  8.200000000 0.000003336776
715.540039000  8.200000000 0.000003352052
715.565002000  8.200000000 0.000003391578
715.590027000  8.200000000 0.000003448263
715.614990000  8.200000000 0.000003524146
715.640015000  8.200000000 0.000003625085
715.665039000  8.200000000 0.000003752785
715.690002000  8.200000000 0.000003919433
715.715027000  8.200000000 0.000004106794
715.739990000  8.200000000 0.000004304296
715.765015000  8.200000000 0.000004515291
715.790039000  8.200000000 0.000004739880
715.815002000  8.200000000 0.000004977163
715.840027000  8.200000000 0.000005212056
715.864990000  8.200000000 0.000005458579
715.890015000  8.200000000 0.000005713175
715.915039000  8.200000000 0.000005971084
715.940002000  8.200000000 0.000006222967
715.965027000  8.200000000 0.000006457888
715.989990000  8.200000000 0.000006667869
716.015015000  8.200000000 0.000006855561
716.040039000  8.200000000 0.000007018260
716.065002000  8.200000000 0.000007158159
716.090027000  8.200000000 0.000007265943
716.114990000  8.200000000 0.000007330209
716.140015000  8.200000000 0.000007363158
716.165039000  8.200000000 0.000007353468
716.190002000  8.200000000 0.000007310110
716.215027000  8.200000000 0.000007225995
716.239990000  8.200000000 0.000007100825
716.265015000  8.200000000 0.000006961569
716.290039000  8.200000000 0.000006813812
716.315002000  8.200000000 0.000006669630
716.340027000  8.200000000 0.000006539565
716.364990000  8.200000000 0.000006417401
716.390015000  8.200000000 0.000006305513
716.415039000  8.200000000 0.000006200903
716.440002000  8.200000000 0.000006116330
716.465027000  8.200000000 0.000006056799
716.489990000  8.200000000 0.000006027477
716.515015000  8.200000000 0.000006026615
716.540039000  8.200000000 0.000006037452
716.565002000  8.200000000 0.000006055628
716.590027000  8.200000000 0.000006068236
716.614990000  8.200000000 0.000006076666
716.640015000  8.200000000 0.000006089867
716.665039000  8.200000000 0.000006105120
716.690002000  8.200000000 0.000006130606
716.715027000  8.200000000 0.000006153503
716.739990000  8.200000000 0.000006169330
716.765015000  8.200000000 0.000006178313
716.790039000  8.200000000 0.000006180375
716.815002000  8.200000000 0.000006183624
716.840027000  8.200000000 0.000006176485
716.864990000  8.200000000 0.000006153017
716.890015000  8.200000000 0.000006125123
716.915039000  8.200000000 0.000006083347
716.940002000  8.200000000 0.000005985196
716.965027000  8.200000000 0.000005857344
716.989990000  8.200000000 0.000005694782
717.015015000  8.200000000 0.000005490132
717.040039000  8.200000000 0.000005257961
717.065002000  8.200000000 0.000004971320
717.090027000  8.200000000 0.000004640945
717.114990000  8.200000000 0.000004289077
717.140015000  8.200000000 0.000003920379
717.165039000  8.200000000 0.000003552622
717.190002000  8.200000000 0.000003184592
717.215027000  8.200000000 0.000002803095
717.239990000  8.200000000 0.000002425345
717.265015000  8.200000000 0.000002062409
717.290039000  8.200000000 0.000001701050
717.315002000  8.200000000 0.000001329898
717.340027000  8.200000000 0.000000983744
717.364990000  8.200000000 0.000000657411
717.390015000  8.200000000 0.000000334507
717.415039000  8.200000000 0.000000033870
717.440002000  8.200000000 -0.000000274756
717.465027000  8.200000000 -0.000000576521
717.489990000  8.200000000 -0.000000882809
717.515015000  8.200000000 -0.000001215039
717.540039000  8.200000000 -0.000001542538
717.565002000  8.200000000 -0.000001886763
717.590027000  8.200000000 -0.000002231895
717.614990000  8.200000000 -0.000002562937
717.640015000  8.200000000 -0.000002874541
717.665039000  8.200000000 -0.000003156240
717.690002000  8.200000000 -0.000003394820
717.715027000  8.200000000 -0.000003603712
717.739990000  8.200000000 -0.000003784245
717.765015000  8.200000000 -0.000003922578
717.790039000  8.200000000 -0.000004028050
717.815002000  8.200000000 -0.000004098725
717.840027000  8.200000000 -0.000004133180
717.864990000  8.200000000 -0.000004130962
717.890015000  8.200000000 -0.000004091084
717.915039000  8.200000000 -0.000004027300
717.940002000  8.200000000 -0.000003960683
717.965027000  8.200000000 -0.000003889915
717.989990000  8.200000000 -0.000003814493
718.015015000  8.200000000 -0.000003726315
718.040039000  8.200000000 -0.000003619799
718.065002000  8.200000000 -0.000003493414
718.090027000  8.200000000 -0.000003349392
718.114990000  8.200000000 -0.000003205395
718.140015000  8.200000000 -0.000003064256
718.165039000  8.200000000 -0.000002938935
718.190002000  8.200000000 -0.000002825314
718.215027000  8.200000000 -0.000002710269
718.239990000  8.200000000 -0.000002619351
718.265015000  8.200000000 -0.000002536198
718.290039000  8.200000000 -0.000002464418
718.315002000  8.200000000 -0.000002415326
718.340027000  8.200000000 -0.000002379795
718.364990000  8.200000000 -0.000002357510
718.390015000  8.200000000 -0.000002362391
718.415039000  8.200000000 -0.000002397983
718.440002000  8.200000000 -0.000002445018
718.465027000  8.200000000 -0.000002523856
718.489990000  8.200000000 -0.000002612910
718.515015000  8.200000000 -0.000002700866
718.540039000  8.200000000 -0.000002803038
718.565002000  8.200000000 -0.000002908362
718.590027000  8.200000000 -0.000003023968
718.614990000  8.200000000 -0.000003159119
718.640015000  8.200000000 -0.000003304348
718.665039000  8.200000000 -0.000003454624
718.690002000  8.200000000 -0.000003600209
718.715027000  8.200000000 -0.000003741507
718.739990000  8.200000000 -0.000003876639
718.765015000  8.200000000 -0.000003984006
718.790039000  8.200000000 -0.000004067957
718.815002000  8.200000000 -0.000004136315
718.840027000  8.200000000 -0.000004172807
718.864990000  8.200000000 -0.000004191863
718.890015000  8.200000000 -0.000004191409
718.915039000  8.200000000 -0.000004160925
718.940002000  8.200000000 -0.000004097312
718.965027000  8.200000000 -0.000003987719
718.989990000  8.200000000 -0.000003833282
719.015015000  8.200000000 -0.000003655819
719.040039000  8.200000000 -0.000003467444
719.065002000  8.200000000 -0.000003281652
719.090027000  8.200000000 -0.000003103705
719.114990000  8.200000000 -0.000002925269
719.140015000  8.200000000 -0.000002774246
719.165039000  8.200000000 -0.000002644974
719.190002000  8.200000000 -0.000002540534
719.215027000  8.200000000 -0.000002431967
719.239990000  8.200000000 -0.000002313778
719.265015000  8.200000000 -0.000002192360
719.290039000  8.200000000 -0.000002061754
719.315002000  8.200000000 -0.000001926873
719.340027000  8.200000000 -0.000001792099
719.364990000  8.200000000 -0.000001653831
719.390015000  8.200000000 -0.000001501613
719.415039000  8.200000000 -0.000001345370
719.440002000  8.200000000 -0.000001203967
719.465027000  8.200000000 -0.000001074844
719.489990000  8.200000000 -0.000000944710
719.515015000  8.200000000 -0.000000816435
719.540039000  8.200000000 -0.000000690983
719.565002000  8.200000000 -0.000000575875
719.590027000  8.200000000 -0.000000461082
719.614990000  8.200000000 -0.000000358370
719.640015000  8.200000000 -0.000000268469
719.665039000  8.200000000 -0.000000189930
719.690002000  8.200000000 -0.000000127625
719.715027000  8.200000000 -0.000000081457
719.739990000  8.200000000 -0.000000046968
719.765015000  8.200000000 -0.000000012176
719.790039000  8.200000000 0.000000034197
719.815002000  8.200000000 0.000000096100
719.840027000  8.200000000 0.000000159116
719.864990000  8.200000000 0.000000233953
719.890015000  8.200000000 0.000000320363
719.915039000  8.200000000 0.000000403213
719.940002000  8.200000000 0.000000503706
719.965027000  8.200000000 0.000000642671
719.989990000  8.200000000 0.000000837355
720.015015000  8.200000000 0.000001069722
720.040039000  8.200000000 0.000001353334
720.065002000  8.200000000 0.000001695410
720.090027000  8.200000000 0.000002067496
720.114990000  8.200000000 0.000002466434
720.140015000  8.200000000 0.000002860840
720.165039000  8.200000000 0.000003260270
720.190002000  8.200000000 0.000003649807
720.215027000  8.200000000 0.000004009176
720.239990000  8.200000000 0.000004324456
720.265015000  8.200000000 0.000004593157
720.290039000  8.200000000 0.000004823596
720.315002000  8.200000000 0.000005032904
720.340027000  8.200000000 0.000005237694
720.364990000  8.200000000 0.000005424396
720.390015000  8.200000000 0.000005582113
720.415039000  8.200000000 0.000005720886
720.440002000  8.200000000 0.000005823404
720.465027000  8.200000000 0.000005884528
720.489990000  8.200000000 0.000005900108
720.515015000  8.200000000 0.000005850426
720.540039000  8.200000000 0.000005752361
720.565002000  8.200000000 0.000005609035
720.590027000  8.200000000 0.000005420241
720.614990000  8.200000000 0.000005161615
720.640015000  8.200000000 0.000004847223
720.665039000  8.200000000 0.000004501254
720.690002000  8.200000000 0.000004126509
720.715027000  8.200000000 0.000003735300
720.739990000  8.200000000 0.000003346823
720.765015000  8.200000000 0.000002968110
720.790039000  8.200000000 0.000002613501
720.815002000  8.200000000 0.000002291190
720.840027000  8.200000000 0.000002015717
720.864990000  8.200000000 0.000001790814
720.890015000  8.200000000 0.000001625711
720.915039000  8.200000000 0.000001554319
720.940002000  8.200000000 0.000001572368
720.965027000  8.200000000 0.000001647396
720.989990000  8.200000000 0.000001756608
721.015015000  8.200000000 0.000001886721
721.040039000  8.200000000 0.000002006501
721.065002000  8.200000000 0.000002086912
721.090027000  8.200000000 0.000002121295
721.114990000  8.200000000 0.000002119792
721.140015000  8.200000000 0.000002077224
721.165039000  8.200000000 0.000001997608
721.190002000  8.200000000 0.000001875673
721.215027000  8.200000000 0.000001705657
721.239990000  8.200000000 0.000001485812
721.265015000  8.200000000 0.000001230502
721.290039000  8.200000000 0.000000963112
721.315002000  8.200000000 0.000000661011
721.340027000  8.200000000 0.000000370216
721.364990000  8.200000000 0.000000116973
721.390015000  8.200000000 -0.000000099911
721.415039000  8.200000000 -0.000000274073
721.440002000  8.200000000 -0.000000446416
721.465027000  8.200000000 -0.000000612762
721.489990000  8.200000000 -0.000000806806
721.515015000  8.200000000 -0.000001035839
721.540039000  8.200000000 -0.000001297096
721.565002000  8.200000000 -0.000001587832
721.590027000  8.200000000 -0.000001883917
721.614990000  8.200000000 -0.000002166930
721.640015000  8.200000000 -0.000002418917
721.665039000  8.200000000 -0.000002661502
721.690002000  8.200000000 -0.000002877181
721.715027000  8.200000000 -0.000003060610
721.739990000  8.200000000 -0.000003205038
721.765015000  8.200000000 -0.000003332104
721.790039000  8.200000000 -0.000003436740
721.815002000  8.200000000 -0.000003489411
721.840027000  8.200000000 -0.000003515294
721.864990000  8.200000000 -0.000003524855
721.890015000  8.200000000 -0.000003542328
721.915039000  8.200000000 -0.000003577781
721.940002000  8.200000000 -0.000003645898
721.965027000  8.200000000 -0.000003720433
721.989990000  8.200000000 -0.000003808353
722.015015000  8.200000000 -0.000003920169
722.040039000  8.200000000 -0.000004038063
722.065002000  8.200000000 -0.000004173967
722.090027000  8.200000000 -0.000004315955
722.114990000  8.200000000 -0.000004484648
722.140015000  8.200000000 -0.000004665354
722.165039000  8.200000000 -0.000004845266
722.190002000  8.200000000 -0.000005008461
722.215027000  8.200000000 -0.000005145761
722.239990000  8.200000000 -0.000005259965
722.265015000  8.200000000 -0.000005346125
722.290039000  8.200000000 -0.000005412933
722.315002000  8.200000000 -0.000005469978
722.340027000  8.200000000 -0.000005505638
722.364990000  8.200000000 -0.000005515742
722.390015000  8.200000000 -0.000005527297
722.415039000  8.200000000 -0.000005516086
722.440002000  8.200000000 -0.000005482982
722.465027000  8.200000000 -0.000005464773
722.489990000  8.200000000 -0.000005469194
722.515015000  8.200000000 -0.000005496621
722.540039000  8.200000000 -0.000005531882
722.565002000  8.200000000 -0.000005563757
722.590027000  8.200000000 -0.000005577981
722.614990000  8.200000000 -0.000005575488
722.640015000  8.200000000 -0.000005551715
722.665039000  8.200000000 -0.000005503421
722.690002000  8.200000000 -0.000005464046
722.715027000  8.200000000 -0.000005435375
722.739990000  8.200000000 -0.000005447858
722.765015000  8.200000000 -0.000005503729
722.790039000  8.200000000 -0.000005601063
722.815002000  8.200000000 -0.000005755168
722.840027000  8.200000000 -0.000005961609
722.864990000  8.200000000 -0.000006197660
722.890015000  8.200000000 -0.000006427568
722.915039000  8.200000000 -0.000006646295
722.940002000  8.200000000 -0.000006826537
722.965027000  8.200000000 -0.000006972446
722.989990000  8.200000000 -0.000007090064
723.015015000  8.200000000 -0.000007196073
723.040039000  8.200000000 -0.000007316587
723.065002000  8.200000000 -0.000007409633
723.090027000  8.200000000 -0.000007488259
723.114990000  8.200000000 -0.000007549189
723.140015000  8.200000000 -0.000007572230
723.165039000  8.200000000 -0.000007568143
723.190002000  8.200000000 -0.000007513006
723.215027000  8.200000000 -0.000007448113
723.239990000  8.200000000 -0.000007359977
723.265015000  8.200000000 -0.000007270561
723.290039000  8.200000000 -0.000007209773
723.315002000  8.200000000 -0.000007126020
723.340027000  8.200000000 -0.000007025682
723.364990000  8.200000000 -0.000006918725
723.390015000  8.200000000 -0.000006824878
723.415039000  8.200000000 -0.000006751301
723.440002000  8.200000000 -0.000006684476
723.465027000  8.200000000 -0.000006620575
723.489990000  8.200000000 -0.000006544880
723.515015000  8.200000000 -0.000006451183
723.540039000  8.200000000 -0.000006331394
723.565002000  8.200000000 -0.000006176300
723.590027000  8.200000000 -0.000005996477
723.614990000  8.200000000 -0.000005802689
723.640015000  8.200000000 -0.000005608199
723.665039000  8.200000000 -0.000005410952
723.690002000  8.200000000 -0.000005214092
723.715027000  8.200000000 -0.000005033307
723.739990000  8.200000000 -0.000004880428
723.765015000  8.200000000 -0.000004734055
723.790039000  8.200000000 -0.000004591270
723.815002000  8.200000000 -0.000004472116
723.840027000  8.200000000 -0.000004359253
723.864990000  8.200000000 -0.000004273448
723.890015000  8.200000000 -0.000004221427
723.915039000  8.200000000 -0.000004179056
723.940002000  8.200000000 -0.000004161140
723.965027000  8.200000000 -0.000004154861
723.989990000  8.200000000 -0.000004113133
724.015015000  8.200000000 -0.000004048239
724.040039000  8.200000000 -0.000003952816
724.065002000  8.200000000 -0.000003821560
724.090027000  8.200000000 -0.000003660997
724.114990000  8.200000000 -0.000003466646
724.140015000  8.200000000 -0.000003274088
724.165039000  8.200000000 -0.000003085938
724.190002000  8.200000000 -0.000002896117
724.215027000  8.200000000 -0.000002700055
724.239990000  8.200000000 -0.000002492473
724.265015000  8.200000000 -0.000002272145
724.290039000  8.200000000 -0.000002039499
724.315002000  8.200000000 -0.000001786857
724.340027000  8.200000000 -0.000001530275
724.364990000  8.200000000 -0.000001293018
724.390015000  8.200000000 -0.000001087518
724.415039000  8.200000000 -0.000000901769
724.440002000  8.200000000 -0.000000739007
724.465027000  8.200000000 -0.000000621493
724.489990000  8.200000000 -0.000000544809
724.515015000  8.200000000 -0.000000503838
724.540039000  8.200000000 -0.000000494006
724.565002000  8.200000000 -0.000000503305
724.590027000  8.200000000 -0.000000484098
724.614990000  8.200000000 -0.000000433446
724.640015000  8.200000000 -0.000000350148
724.665039000  8.200000000 -0.000000243352
724.690002000  8.200000000 -0.000000142700
724.715027000  8.200000000 -0.000000039481
724.739990000  8.200000000 0.000000058183
724.765015000  8.200000000 0.000000141611
724.790039000  8.200000000 0.000000190717
724.815002000  8.200000000 0.000000217720
724.840027000  8.200000000 0.000000222534
724.864990000  8.200000000 0.000000207491
724.890015000  8.200000000 0.000000207050
724.915039000  8.200000000 0.000000216545
724.940002000  8.200000000 0.000000226986
724.965027000  8.200000000 0.000000242477
724.989990000  8.200000000 0.000000283476
725.015015000  8.200000000 0.000000309485
725.040039000  8.200000000 0.000000326633
725.065002000  8.200000000 0.000000361778
725.090027000  8.200000000 0.000000389642
725.114990000  8.200000000 0.000000423656
725.140015000  8.200000000 0.000000468366
725.165039000  8.200000000 0.000000535518
725.190002000  8.200000000 0.000000599146
725.215027000  8.200000000 0.000000657099
725.239990000  8.200000000 0.000000699096
725.265015000  8.200000000 0.000000704434
725.290039000  8.200000000 0.000000688388
725.315002000  8.200000000 0.000000647676
725.340027000  8.200000000 0.000000595151
725.364990000  8.200000000 0.000000530981
725.390015000  8.200000000 0.000000448885
725.415039000  8.200000000 0.000000364872
725.440002000  8.200000000 0.000000291068
725.465027000  8.200000000 0.000000191551
725.489990000  8.200000000 0.000000059341
725.515015000  8.200000000 -0.000000087689
725.540039000  8.200000000 -0.000000262453
725.565002000  8.200000000 -0.000000426743
725.590027000  8.200000000 -0.000000591106
725.614990000  8.200000000 -0.000000757128
725.640015000  8.200000000 -0.000000896997
725.665039000  8.200000000 -0.000001031292
725.690002000  8.200000000 -0.000001138351
725.715027000  8.200000000 -0.000001220712
725.739990000  8.200000000 -0.000001281595
725.765015000  8.200000000 -0.000001326290
725.790039000  8.200000000 -0.000001368564
725.815002000  8.200000000 -0.000001403797
725.840027000  8.200000000 -0.000001443869
725.864990000  8.200000000 -0.000001494286
725.890015000  8.200000000 -0.000001555665
725.915039000  8.200000000 -0.000001622992
725.940002000  8.200000000 -0.000001677770
725.965027000  8.200000000 -0.000001704960
725.989990000  8.200000000 -0.000001698948
726.015015000  8.200000000 -0.000001683610
726.040039000  8.200000000 -0.000001650729
726.065002000  8.200000000 -0.000001615394
726.090027000  8.200000000 -0.000001594512
726.114990000  8.200000000 -0.000001570405
726.140015000  8.200000000 -0.000001569748
726.165039000  8.200000000 -0.000001584683
726.190002000  8.200000000 -0.000001601026
726.215027000  8.200000000 -0.000001604718
726.239990000  8.200000000 -0.000001590067
726.265015000  8.200000000 -0.000001568763
726.290039000  8.200000000 -0.000001538973
726.315002000  8.200000000 -0.000001506523
726.340027000  8.200000000 -0.000001479645
726.364990000  8.200000000 -0.000001465297
726.390015000  8.200000000 -0.000001466784
726.415039000  8.200000000 -0.000001470003
726.440002000  8.200000000 -0.000001474493
726.465027000  8.200000000 -0.000001483035
726.489990000  8.200000000 -0.000001493833
726.515015000  8.200000000 -0.000001503545
726.540039000  8.200000000 -0.000001513799
726.565002000  8.200000000 -0.000001535106
726.590027000  8.200000000 -0.000001557797
726.614990000  8.200000000 -0.000001578336
726.640015000  8.200000000 -0.000001588986
726.665039000  8.200000000 -0.000001575255
726.690002000  8.200000000 -0.000001539126
726.715027000  8.200000000 -0.000001474747
726.739990000  8.200000000 -0.000001379080
726.765015000  8.200000000 -0.000001275679
726.790039000  8.200000000 -0.000001174487
726.815002000  8.200000000 -0.000001088629
726.840027000  8.200000000 -0.000001046959
726.864990000  8.200000000 -0.000001027705
726.890015000  8.200000000 -0.000001025030
726.915039000  8.200000000 -0.000001060273
726.940002000  8.200000000 -0.000001100315
726.965027000  8.200000000 -0.000001144772
726.989990000  8.200000000 -0.000001197214
727.015015000  8.200000000 -0.000001250162
727.040039000  8.200000000 -0.000001298765
727.065002000  8.200000000 -0.000001326927
727.090027000  8.200000000 -0.000001338324
727.114990000  8.200000000 -0.000001344330
727.140015000  8.200000000 -0.000001345888
727.165039000  8.200000000 -0.000001356286
727.190002000  8.200000000 -0.000001378928
727.215027000  8.200000000 -0.000001411683
727.239990000  8.200000000 -0.000001459658
727.265015000  8.200000000 -0.000001511019
727.290039000  8.200000000 -0.000001580577
727.315002000  8.200000000 -0.000001663466
727.340027000  8.200000000 -0.000001748866
727.364990000  8.200000000 -0.000001839574
727.390015000  8.200000000 -0.000001915246
727.415039000  8.200000000 -0.000001961908
727.440002000  8.200000000 -0.000001984921
727.465027000  8.200000000 -0.000001984025
727.489990000  8.200000000 -0.000001968156
727.515015000  8.200000000 -0.000001939129
727.540039000  8.200000000 -0.000001905029
727.565002000  8.200000000 -0.000001869893
727.590027000  8.200000000 -0.000001836451
727.614990000  8.200000000 -0.000001805409
727.640015000  8.200000000 -0.000001760644
727.665039000  8.200000000 -0.000001710797
727.690002000  8.200000000 -0.000001647837
727.715027000  8.200000000 -0.000001578513
727.739990000  8.200000000 -0.000001504875
727.765015000  8.200000000 -0.000001425449
727.790039000  8.200000000 -0.000001361184
727.815002000  8.200000000 -0.000001306085
727.840027000  8.200000000 -0.000001257161
727.864990000  8.200000000 -0.000001222365
727.890015000  8.200000000 -0.000001183309
727.915039000  8.200000000 -0.000001120862
727.940002000  8.200000000 -0.000001056176
727.965027000  8.200000000 -0.000000988011
727.989990000  8.200000000 -0.000000915790
728.015015000  8.200000000 -0.000000858672
728.040039000  8.200000000 -0.000000823547
728.065002000  8.200000000 -0.000000807392
728.090027000  8.200000000 -0.000000808213
728.114990000  8.200000000 -0.000000790944
728.140015000  8.200000000 -0.000000759285
728.165039000  8.200000000 -0.000000735273
728.190002000  8.200000000 -0.000000687337
728.215027000  8.200000000 -0.000000652987
728.239990000  8.200000000 -0.000000625888
728.265015000  8.200000000 -0.000000606592
728.290039000  8.200000000 -0.000000619401
728.315002000  8.200000000 -0.000000637425
728.340027000  8.200000000 -0.000000665318
728.364990000  8.200000000 -0.000000673697
728.390015000  8.200000000 -0.000000668562
728.415039000  8.200000000 -0.000000641339
728.440002000  8.200000000 -0.000000577899
728.465027000  8.200000000 -0.000000520967
728.489990000  8.200000000 -0.000000456875
728.515015000  8.200000000 -0.000000380191
728.540039000  8.200000000 -0.000000314684
728.565002000  8.200000000 -0.000000262088
728.590027000  8.200000000 -0.000000211635
728.614990000  8.200000000 -0.000000171019
728.640015000  8.200000000 -0.000000140614
728.665039000  8.200000000 -0.000000112290
728.690002000  8.200000000 -0.000000072139
728.715027000  8.200000000 -0.000000003926
728.739990000  8.200000000 0.000000079703
728.765015000  8.200000000 0.000000194532
728.790039000  8.200000000 0.000000349463
728.815002000  8.200000000 0.000000523946
728.840027000  8.200000000 0.000000711023
728.864990000  8.200000000 0.000000915640
728.890015000  8.200000000 0.000001131044
728.915039000  8.200000000 0.000001350451
728.940002000  8.200000000 0.000001560356
728.965027000  8.200000000 0.000001745354
728.989990000  8.200000000 0.000001911778
729.015015000  8.200000000 0.000002061019
729.040039000  8.200000000 0.000002180010
729.065002000  8.200000000 0.000002272561
729.090027000  8.200000000 0.000002352910
729.114990000  8.200000000 0.000002396670
729.140015000  8.200000000 0.000002412029
729.165039000  8.200000000 0.000002416283
729.190002000  8.200000000 0.000002402000
729.215027000  8.200000000 0.000002384548
729.239990000  8.200000000 0.000002371070
729.265015000  8.200000000 0.000002358051
729.290039000  8.200000000 0.000002328009
729.315002000  8.200000000 0.000002281405
729.340027000  8.200000000 0.000002241710
729.364990000  8.200000000 0.000002201879
729.390015000  8.200000000 0.000002158059
729.415039000  8.200000000 0.000002106482
729.440002000  8.200000000 0.000002054095
729.465027000  8.200000000 0.000001991160
729.489990000  8.200000000 0.000001909681
729.515015000  8.200000000 0.000001834890
729.540039000  8.200000000 0.000001768235
729.565002000  8.200000000 0.000001702453
729.590027000  8.200000000 0.000001631696
729.614990000  8.200000000 0.000001556164
729.640015000  8.200000000 0.000001469062
729.665039000  8.200000000 0.000001378566
729.690002000  8.200000000 0.000001302050
729.715027000  8.200000000 0.000001245296
729.739990000  8.200000000 0.000001210884
729.765015000  8.200000000 0.000001204682
729.790039000  8.200000000 0.000001211705
729.815002000  8.200000000 0.000001217464
729.840027000  8.200000000 0.000001227783
729.864990000  8.200000000 0.000001229607
729.890015000  8.200000000 0.000001232531
729.915039000  8.200000000 0.000001231810
729.940002000  8.200000000 0.000001220254
729.965027000  8.200000000 0.000001214650
729.989990000  8.200000000 0.000001208318
730.015015000  8.200000000 0.000001202058
730.040039000  8.200000000 0.000001182632
730.065002000  8.200000000 0.000001157768
730.090027000  8.200000000 0.000001126410
730.114990000  8.200000000 0.000001075810
730.140015000  8.200000000 0.000001025588
730.165039000  8.200000000 0.000000951302
730.190002000  8.200000000 0.000000860242
730.215027000  8.200000000 0.000000755798
730.239990000  8.200000000 0.000000636494
730.265015000  8.200000000 0.000000528848
730.290039000  8.200000000 0.000000420063
730.315002000  8.200000000 0.000000325801
730.340027000  8.200000000 0.000000254981
730.364990000  8.200000000 0.000000203425
730.390015000  8.200000000 0.000000164128
730.415039000  8.200000000 0.000000128734
730.440002000  8.200000000 0.000000104616
730.465027000  8.200000000 0.000000093826
730.489990000  8.200000000 0.000000090902
730.515015000  8.200000000 0.000000076561
730.540039000  8.200000000 0.000000066003
730.565002000  8.200000000 0.000000068798
730.590027000  8.200000000 0.000000071443
730.614990000  8.200000000 0.000000081062
730.640015000  8.200000000 0.000000113422
730.665039000  8.200000000 0.000000153844
730.690002000  8.200000000 0.000000184024
730.715027000  8.200000000 0.000000209198
730.739990000  8.200000000 0.000000226892
730.765015000  8.200000000 0.000000247359
730.790039000  8.200000000 0.000000253035
730.815002000  8.200000000 0.000000251346
730.840027000  8.200000000 0.000000242161
730.864990000  8.200000000 0.000000222601
730.890015000  8.200000000 0.000000213596
730.915039000  8.200000000 0.000000216692
730.940002000  8.200000000 0.000000255155
730.965027000  8.200000000 0.000000297344
730.989990000  8.200000000 0.000000346424
731.015015000  8.200000000 0.000000406713
731.040039000  8.200000000 0.000000463899
731.065002000  8.200000000 0.000000512328
731.090027000  8.200000000 0.000000542467
731.114990000  8.200000000 0.000000551236
731.140015000  8.200000000 0.000000520637
731.165039000  8.200000000 0.000000453359
731.190002000  8.200000000 0.000000363333
731.215027000  8.200000000 0.000000262669
731.239990000  8.200000000 0.000000164944
731.265015000  8.200000000 0.000000089406
731.290039000  8.200000000 0.000000046959
731.315002000  8.200000000 0.000000025265
731.340027000  8.200000000 0.000000015425
731.364990000  8.200000000 0.000000016196
731.390015000  8.200000000 0.000000030580
731.415039000  8.200000000 0.000000062878
731.440002000  8.200000000 0.000000099221
731.465027000  8.200000000 0.000000133790
731.489990000  8.200000000 0.000000169890
731.515015000  8.200000000 0.000000210323
731.540039000  8.200000000 0.000000229498
731.565002000  8.200000000 0.000000225654
731.590027000  8.200000000 0.000000201610
731.614990000  8.200000000 0.000000154284
731.640015000  8.200000000 0.000000097725
731.665039000  8.200000000 0.000000038585
731.690002000  8.200000000 -0.000000026265
731.715027000  8.200000000 -0.000000087934
731.739990000  8.200000000 -0.000000150052
731.765015000  8.200000000 -0.000000205651
731.790039000  8.200000000 -0.000000238980
731.815002000  8.200000000 -0.000000258490
731.840027000  8.200000000 -0.000000251619
731.864990000  8.200000000 -0.000000224209
731.890015000  8.200000000 -0.000000196135
731.915039000  8.200000000 -0.000000162560
731.940002000  8.200000000 -0.000000114477
731.965027000  8.200000000 -0.000000064566
731.989990000  8.200000000 -0.000000003740
732.015015000  8.200000000 0.000000093259
732.040039000  8.200000000 0.000000205274
732.065002000  8.200000000 0.000000309101
732.090027000  8.200000000 0.000000391287
732.114990000  8.200000000 0.000000429758
732.140015000  8.200000000 0.000000449575
732.165039000  8.200000000 0.000000479631
732.190002000  8.200000000 0.000000531956
732.215027000  8.200000000 0.000000588726
732.239990000  8.200000000 0.000000628112
732.265015000  8.200000000 0.000000656135
732.290039000  8.200000000 0.000000684690
732.315002000  8.200000000 0.000000718032
732.340027000  8.200000000 0.000000772883
732.364990000  8.200000000 0.000000839356
732.390015000  8.200000000 0.000000901206
732.415039000  8.200000000 0.000000961340
732.440002000  8.200000000 0.000000994081
732.465027000  8.200000000 0.000001016498
732.489990000  8.200000000 0.000001043484
732.515015000  8.200000000 0.000001075603
732.540039000  8.200000000 0.000001110724
732.565002000  8.200000000 0.000001161976
732.590027000  8.200000000 0.000001243441
732.614990000  8.200000000 0.000001329763
732.640015000  8.200000000 0.000001408098
732.665039000  8.200000000 0.000001468600
732.690002000  8.200000000 0.000001506577
732.715027000  8.200000000 0.000001542598
732.739990000  8.200000000 0.000001570881
732.765015000  8.200000000 0.000001592134
732.790039000  8.200000000 0.000001617821
732.815002000  8.200000000 0.000001640038
732.840027000  8.200000000 0.000001669048
732.864990000  8.200000000 0.000001709157
732.890015000  8.200000000 0.000001755618
732.915039000  8.200000000 0.000001822080
732.940002000  8.200000000 0.000001914371
732.965027000  8.200000000 0.000002015677
732.989990000  8.200000000 0.000002108948
733.015015000  8.200000000 0.000002187988
733.040039000  8.200000000 0.000002244648
733.065002000  8.200000000 0.000002272420
733.090027000  8.200000000 0.000002281559
733.114990000  8.200000000 0.000002258627
733.140015000  8.200000000 0.000002210215
733.165039000  8.200000000 0.000002152238
733.190002000  8.200000000 0.000002087011
733.215027000  8.200000000 0.000002017017
733.239990000  8.200000000 0.000001935707
733.265015000  8.200000000 0.000001859379
733.290039000  8.200000000 0.000001803275
733.315002000  8.200000000 0.000001757242
733.340027000  8.200000000 0.000001724133
733.364990000  8.200000000 0.000001721798
733.390015000  8.200000000 0.000001737899
733.415039000  8.200000000 0.000001768005
733.440002000  8.200000000 0.000001805801
733.465027000  8.200000000 0.000001824676
733.489990000  8.200000000 0.000001805978
733.515015000  8.200000000 0.000001755089
733.540039000  8.200000000 0.000001681479
733.565002000  8.200000000 0.000001584493
733.590027000  8.200000000 0.000001449991
733.614990000  8.200000000 0.000001289026
733.640015000  8.200000000 0.000001130623
733.665039000  8.200000000 0.000000975554
733.690002000  8.200000000 0.000000846278
733.715027000  8.200000000 0.000000742184
733.739990000  8.200000000 0.000000674389
733.765015000  8.200000000 0.000000665504
733.790039000  8.200000000 0.000000695035
733.815002000  8.200000000 0.000000763307
733.840027000  8.200000000 0.000000874910
733.864990000  8.200000000 0.000001012104
733.890015000  8.200000000 0.000001163670
733.915039000  8.200000000 0.000001319702
733.940002000  8.200000000 0.000001467470
733.965027000  8.200000000 0.000001612413
733.989990000  8.200000000 0.000001741468
734.015015000  8.200000000 0.000001858875
734.040039000  8.200000000 0.000001956041
734.065002000  8.200000000 0.000002022725
734.090027000  8.200000000 0.000002067670
734.114990000  8.200000000 0.000002084897
734.140015000  8.200000000 0.000002071815
734.165039000  8.200000000 0.000002031203
734.190002000  8.200000000 0.000001983378
734.215027000  8.200000000 0.000001927781
734.239990000  8.200000000 0.000001858538
734.265015000  8.200000000 0.000001781063
734.290039000  8.200000000 0.000001711712
734.315002000  8.200000000 0.000001666468
734.340027000  8.200000000 0.000001633559
734.364990000  8.200000000 0.000001598212
734.390015000  8.200000000 0.000001555939
734.415039000  8.200000000 0.000001489108
734.440002000  8.200000000 0.000001418158
734.465027000  8.200000000 0.000001347032
734.489990000  8.200000000 0.000001264683
734.515015000  8.200000000 0.000001175200
734.540039000  8.200000000 0.000001074970
734.565002000  8.200000000 0.000000974253
734.590027000  8.200000000 0.000000872365
734.614990000  8.200000000 0.000000767050
734.640015000  8.200000000 0.000000659282
734.665039000  8.200000000 0.000000560700
734.690002000  8.200000000 0.000000478021
734.715027000  8.200000000 0.000000413191
734.739990000  8.200000000 0.000000381570
734.765015000  8.200000000 0.000000392720
734.790039000  8.200000000 0.000000427797
734.815002000  8.200000000 0.000000486709
734.840027000  8.200000000 0.000000573875
734.864990000  8.200000000 0.000000674330
734.890015000  8.200000000 0.000000780370
734.915039000  8.200000000 0.000000891555
734.940002000  8.200000000 0.000000981976
734.965027000  8.200000000 0.000001034124
734.989990000  8.200000000 0.000001040226
735.015015000  8.200000000 0.000000996765
735.040039000  8.200000000 0.000000924585
735.065002000  8.200000000 0.000000839042
735.090027000  8.200000000 0.000000741253
735.114990000  8.200000000 0.000000654719
735.140015000  8.200000000 0.000000585645
735.165039000  8.200000000 0.000000507595
735.190002000  8.200000000 0.000000429998
735.215027000  8.200000000 0.000000359031
735.239990000  8.200000000 0.000000295264
735.265015000  8.200000000 0.000000243450
735.290039000  8.200000000 0.000000231754
735.315002000  8.200000000 0.000000260087
735.340027000  8.200000000 0.000000314660
735.364990000  8.200000000 0.000000382616
735.390015000  8.200000000 0.000000454229
735.415039000  8.200000000 0.000000514498
735.440002000  8.200000000 0.000000542708
735.465027000  8.200000000 0.000000551386
735.489990000  8.200000000 0.000000534007
735.515015000  8.200000000 0.000000495597
735.540039000  8.200000000 0.000000433571
735.565002000  8.200000000 0.000000356808
735.590027000  8.200000000 0.000000277095
735.614990000  8.200000000 0.000000215059
735.640015000  8.200000000 0.000000170434
735.665039000  8.200000000 0.000000136966
735.690002000  8.200000000 0.000000138138
735.715027000  8.200000000 0.000000155379
735.739990000  8.200000000 0.000000186376
735.765015000  8.200000000 0.000000236067
735.790039000  8.200000000 0.000000293644
735.815002000  8.200000000 0.000000349236
735.840027000  8.200000000 0.000000405708
735.864990000  8.200000000 0.000000468928
735.890015000  8.200000000 0.000000529266
735.915039000  8.200000000 0.000000587426
735.940002000  8.200000000 0.000000640418
735.965027000  8.200000000 0.000000678652
735.989990000  8.200000000 0.000000694855
736.015015000  8.200000000 0.000000686489
736.040039000  8.200000000 0.000000673993
736.065002000  8.200000000 0.000000647388
736.090027000  8.200000000 0.000000604464
736.114990000  8.200000000 0.000000559240
736.140015000  8.200000000 0.000000526932
736.165039000  8.200000000 0.000000498263
736.190002000  8.200000000 0.000000462682
736.215027000  8.200000000 0.000000423594
736.239990000  8.200000000 0.000000371393
736.265015000  8.200000000 0.000000328192
736.290039000  8.200000000 0.000000303216
736.315002000  8.200000000 0.000000289095
736.340027000  8.200000000 0.000000286855
736.364990000  8.200000000 0.000000302101
736.390015000  8.200000000 0.000000322840
736.415039000  8.200000000 0.000000355076
736.440002000  8.200000000 0.000000394823
736.465027000  8.200000000 0.000000425217
736.489990000  8.200000000 0.000000442514
736.515015000  8.200000000 0.000000450044
736.540039000  8.200000000 0.000000447433
736.565002000  8.200000000 0.000000428277
736.590027000  8.200000000 0.000000390719
736.614990000  8.200000000 0.000000324165
736.640015000  8.200000000 0.000000232071
736.665039000  8.200000000 0.000000119461
736.690002000  8.200000000 0.000000003347
736.715027000  8.200000000 -0.000000105301
736.739990000  8.200000000 -0.000000213841
736.765015000  8.200000000 -0.000000327712
736.790039000  8.200000000 -0.000000436900
736.815002000  8.200000000 -0.000000528681
736.840027000  8.200000000 -0.000000598927
736.864990000  8.200000000 -0.000000638492
736.890015000  8.200000000 -0.000000633596
736.915039000  8.200000000 -0.000000606608
736.940002000  8.200000000 -0.000000565920
736.965027000  8.200000000 -0.000000509985
736.989990000  8.200000000 -0.000000459512
737.015015000  8.200000000 -0.000000426577
737.040039000  8.200000000 -0.000000416411
737.065002000  8.200000000 -0.000000432602
737.090027000  8.200000000 -0.000000472521
737.114990000  8.200000000 -0.000000519212
737.140015000  8.200000000 -0.000000556090
737.165039000  8.200000000 -0.000000586383
737.190002000  8.200000000 -0.000000621021
737.215027000  8.200000000 -0.000000645171
737.239990000  8.200000000 -0.000000672900
737.265015000  8.200000000 -0.000000703946
737.290039000  8.200000000 -0.000000717347
737.315002000  8.200000000 -0.000000724720
737.340027000  8.200000000 -0.000000710629
737.364990000  8.200000000 -0.000000669862
737.390015000  8.200000000 -0.000000624647
737.415039000  8.200000000 -0.000000566065
737.440002000  8.200000000 -0.000000483925
737.465027000  8.200000000 -0.000000392193
737.489990000  8.200000000 -0.000000306637
737.515015000  8.200000000 -0.000000232205
737.540039000  8.200000000 -0.000000182580
737.565002000  8.200000000 -0.000000160664
737.590027000  8.200000000 -0.000000174750
737.614990000  8.200000000 -0.000000232710
737.640015000  8.200000000 -0.000000330003
737.665039000  8.200000000 -0.000000455541
737.690002000  8.200000000 -0.000000587033
737.715027000  8.200000000 -0.000000719272
737.739990000  8.200000000 -0.000000843234
737.765015000  8.200000000 -0.000000929048
737.790039000  8.200000000 -0.000000984708
737.815002000  8.200000000 -0.000001017671
737.840027000  8.200000000 -0.000001017450
737.864990000  8.200000000 -0.000000994710
737.890015000  8.200000000 -0.000000952746
737.915039000  8.200000000 -0.000000896232
737.940002000  8.200000000 -0.000000817134
737.965027000  8.200000000 -0.000000725336
737.989990000  8.200000000 -0.000000627375
738.015015000  8.200000000 -0.000000509403
738.040039000  8.200000000 -0.000000388435
738.065002000  8.200000000 -0.000000275437
738.090027000  8.200000000 -0.000000154755
738.114990000  8.200000000 -0.000000031400
738.140015000  8.200000000 0.000000085030
738.165039000  8.200000000 0.000000196420
738.190002000  8.200000000 0.000000310143
738.215027000  8.200000000 0.000000425677
738.239990000  8.200000000 0.000000533444
738.265015000  8.200000000 0.000000628775
738.290039000  8.200000000 0.000000717496
738.315002000  8.200000000 0.000000791570
738.340027000  8.200000000 0.000000849608
738.364990000  8.200000000 0.000000899758
738.390015000  8.200000000 0.000000936463
738.415039000  8.200000000 0.000000946776
738.440002000  8.200000000 0.000000934072
738.465027000  8.200000000 0.000000897096
738.489990000  8.200000000 0.000000821052
738.515015000  8.200000000 0.000000720616
738.540039000  8.200000000 0.000000595476
738.565002000  8.200000000 0.000000459787
738.590027000  8.200000000 0.000000333470
738.614990000  8.200000000 0.000000219356
738.640015000  8.200000000 0.000000130555
738.665039000  8.200000000 0.000000059654
738.690002000  8.200000000 -0.000000003537
738.715027000  8.200000000 -0.000000061109
738.739990000  8.200000000 -0.000000115721
738.765015000  8.200000000 -0.000000165022
738.790039000  8.200000000 -0.000000217422
738.815002000  8.200000000 -0.000000258719
738.840027000  8.200000000 -0.000000282878
738.864990000  8.200000000 -0.000000300766
738.890015000  8.200000000 -0.000000308619
738.915039000  8.200000000 -0.000000304964
738.940002000  8.200000000 -0.000000294275
738.965027000  8.200000000 -0.000000265967
738.989990000  8.200000000 -0.000000218801
739.015015000  8.200000000 -0.000000151868
739.040039000  8.200000000 -0.000000080519
739.065002000  8.200000000 -0.000000004308
739.090027000  8.200000000 0.000000076210
739.114990000  8.200000000 0.000000135378
739.140015000  8.200000000 0.000000177438
739.165039000  8.200000000 0.000000197945
739.190002000  8.200000000 0.000000200736
739.215027000  8.200000000 0.000000185654
739.239990000  8.200000000 0.000000164686
739.265015000  8.200000000 0.000000146107
739.290039000  8.200000000 0.000000129622
739.315002000  8.200000000 0.000000123454
739.340027000  8.200000000 0.000000136706
739.364990000  8.200000000 0.000000158621
739.390015000  8.200000000 0.000000185446
739.415039000  8.200000000 0.000000224586
739.440002000  8.200000000 0.000000272924
739.465027000  8.200000000 0.000000334987
739.489990000  8.200000000 0.000000408012
739.515015000  8.200000000 0.000000485339
739.540039000  8.200000000 0.000000565817
739.565002000  8.200000000 0.000000646519
739.590027000  8.200000000 0.000000716135
739.614990000  8.200000000 0.000000764510
739.640015000  8.200000000 0.000000792335
739.665039000  8.200000000 0.000000805385
739.690002000  8.200000000 0.000000800468
739.715027000  8.200000000 0.000000787436
739.739990000  8.200000000 0.000000765765
739.765015000  8.200000000 0.000000726298
739.790039000  8.200000000 0.000000680117
739.815002000  8.200000000 0.000000634573
739.840027000  8.200000000 0.000000591924
739.864990000  8.200000000 0.000000558154
739.890015000  8.200000000 0.000000537190
739.915039000  8.200000000 0.000000552215
739.940002000  8.200000000 0.000000592708
739.965027000  8.200000000 0.000000642197
739.989990000  8.200000000 0.000000714097
740.015015000  8.200000000 0.000000779352
740.040039000  8.200000000 0.000000826863
740.065002000  8.200000000 0.000000869387
740.090027000  8.200000000 0.000000882207
740.114990000  8.200000000 0.000000883071
740.140015000  8.200000000 0.000000870041
740.165039000  8.200000000 0.000000820843
740.190002000  8.200000000 0.000000764554
740.215027000  8.200000000 0.000000704750
740.239990000  8.200000000 0.000000648789
740.265015000  8.200000000 0.000000596644
740.290039000  8.200000000 0.000000529082
740.315002000  8.200000000 0.000000446320
740.340027000  8.200000000 0.000000379968
740.364990000  8.200000000 0.000000330486
740.390015000  8.200000000 0.000000274465
740.415039000  8.200000000 0.000000216475
740.440002000  8.200000000 0.000000154920
740.465027000  8.200000000 0.000000094419
740.489990000  8.200000000 0.000000054763
740.515015000  8.200000000 0.000000039320
740.540039000  8.200000000 0.000000036192
740.565002000  8.200000000 0.000000039521
740.590027000  8.200000000 0.000000036869
740.614990000  8.200000000 0.000000025500
740.640015000  8.200000000 0.000000007670
740.665039000  8.200000000 -0.000000012128
740.690002000  8.200000000 -0.000000028179
740.715027000  8.200000000 -0.000000037391
740.739990000  8.200000000 -0.000000032876
740.765015000  8.200000000 -0.000000026408
740.790039000  8.200000000 0.000000001069
740.815002000  8.200000000 0.000000052373
740.840027000  8.200000000 0.000000099177
740.864990000  8.200000000 0.000000129920
740.890015000  8.200000000 0.000000143308
740.915039000  8.200000000 0.000000140069
740.940002000  8.200000000 0.000000112813
740.965027000  8.200000000 0.000000085918
740.989990000  8.200000000 0.000000069150
741.015015000  8.200000000 0.000000069589
741.040039000  8.200000000 0.000000084224
741.065002000  8.200000000 0.000000113522
741.090027000  8.200000000 0.000000145680
741.114990000  8.200000000 0.000000156387
741.140015000  8.200000000 0.000000167018
741.165039000  8.200000000 0.000000183507
741.190002000  8.200000000 0.000000201628
741.215027000  8.200000000 0.000000213569
741.239990000  8.200000000 0.000000205936
741.265015000  8.200000000 0.000000177064
741.290039000  8.200000000 0.000000147567
741.315002000  8.200000000 0.000000116979
741.340027000  8.200000000 0.000000066641
741.364990000  8.200000000 -0.000000009660
741.390015000  8.200000000 -0.000000092801
741.415039000  8.200000000 -0.000000169562
741.440002000  8.200000000 -0.000000246191
741.465027000  8.200000000 -0.000000317218
741.489990000  8.200000000 -0.000000370557
741.515015000  8.200000000 -0.000000413440
741.540039000  8.200000000 -0.000000455452
741.565002000  8.200000000 -0.000000504318
741.590027000  8.200000000 -0.000000549884
741.614990000  8.200000000 -0.000000582775
741.640015000  8.200000000 -0.000000603031
741.665039000  8.200000000 -0.000000612020
741.690002000  8.200000000 -0.000000618779
741.715027000  8.200000000 -0.000000609624
741.739990000  8.200000000 -0.000000593119
741.765015000  8.200000000 -0.000000578083
741.790039000  8.200000000 -0.000000577416
741.815002000  8.200000000 -0.000000591379
741.840027000  8.200000000 -0.000000605451
741.864990000  8.200000000 -0.000000602306
741.890015000  8.200000000 -0.000000573785
741.915039000  8.200000000 -0.000000530553
741.940002000  8.200000000 -0.000000456729
741.965027000  8.200000000 -0.000000366083
741.989990000  8.200000000 -0.000000269976
742.015015000  8.200000000 -0.000000176657
742.040039000  8.200000000 -0.000000098164
742.065002000  8.200000000 -0.000000026063
742.090027000  8.200000000 0.000000016367
742.114990000  8.200000000 0.000000010913
742.140015000  8.200000000 -0.000000016289
742.165039000  8.200000000 -0.000000036409
742.190002000  8.200000000 -0.000000081079
742.215027000  8.200000000 -0.000000141099
742.239990000  8.200000000 -0.000000192809
742.265015000  8.200000000 -0.000000244608
742.290039000  8.200000000 -0.000000298536
742.315002000  8.200000000 -0.000000356444
742.340027000  8.200000000 -0.000000417741
742.364990000  8.200000000 -0.000000488346
742.390015000  8.200000000 -0.000000567092
742.415039000  8.200000000 -0.000000657894
742.440002000  8.200000000 -0.000000766664
742.465027000  8.200000000 -0.000000877099
742.489990000  8.200000000 -0.000000971015
742.515015000  8.200000000 -0.000001060681
742.540039000  8.200000000 -0.000001139963
742.565002000  8.200000000 -0.000001206541
742.590027000  8.200000000 -0.000001266885
742.614990000  8.200000000 -0.000001313482
742.640015000  8.200000000 -0.000001345890
742.665039000  8.200000000 -0.000001368865
742.690002000  8.200000000 -0.000001384035
742.715027000  8.200000000 -0.000001380614
742.739990000  8.200000000 -0.000001368702
742.765015000  8.200000000 -0.000001349496
742.790039000  8.200000000 -0.000001324238
742.815002000  8.200000000 -0.000001301183
742.840027000  8.200000000 -0.000001274964
742.864990000  8.200000000 -0.000001248782
742.890015000  8.200000000 -0.000001207154
742.915039000  8.200000000 -0.000001149966
742.940002000  8.200000000 -0.000001082710
742.965027000  8.200000000 -0.000001008805
742.989990000  8.200000000 -0.000000933045
743.015015000  8.200000000 -0.000000857885
743.040039000  8.200000000 -0.000000788909
743.065002000  8.200000000 -0.000000741000
743.090027000  8.200000000 -0.000000711730
743.114990000  8.200000000 -0.000000679553
743.140015000  8.200000000 -0.000000654203
743.165039000  8.200000000 -0.000000635287
743.190002000  8.200000000 -0.000000606034
743.215027000  8.200000000 -0.000000577503
743.239990000  8.200000000 -0.000000544498
743.265015000  8.200000000 -0.000000495294
743.290039000  8.200000000 -0.000000448362
743.315002000  8.200000000 -0.000000407202
743.340027000  8.200000000 -0.000000362067
743.364990000  8.200000000 -0.000000313086
743.390015000  8.200000000 -0.000000260512
743.415039000  8.200000000 -0.000000201329
743.440002000  8.200000000 -0.000000145459
743.465027000  8.200000000 -0.000000093630
743.489990000  8.200000000 -0.000000031010
743.515015000  8.200000000 0.000000035953
743.540039000  8.200000000 0.000000099283
743.565002000  8.200000000 0.000000162616
743.590027000  8.200000000 0.000000230768
743.614990000  8.200000000 0.000000312415
743.640015000  8.200000000 0.000000397314
743.665039000  8.200000000 0.000000477237
743.690002000  8.200000000 0.000000546421
743.715027000  8.200000000 0.000000602237
743.739990000  8.200000000 0.000000654433
743.765015000  8.200000000 0.000000694728
743.790039000  8.200000000 0.000000728178
743.815002000  8.200000000 0.000000763776
743.840027000  8.200000000 0.000000793114
743.864990000  8.200000000 0.000000820790
743.890015000  8.200000000 0.000000844489
743.915039000  8.200000000 0.000000860738
743.940002000  8.200000000 0.000000877905
743.965027000  8.200000000 0.000000898753
743.989990000  8.200000000 0.000000922256
744.015015000  8.200000000 0.000000947795
744.040039000  8.200000000 0.000000977786
744.065002000  8.200000000 0.000001013491
744.090027000  8.200000000 0.000001056600
744.114990000  8.200000000 0.000001105785
744.140015000  8.200000000 0.000001163267
744.165039000  8.200000000 0.000001226873
744.190002000  8.200000000 0.000001287110
744.215027000  8.200000000 0.000001325896
744.239990000  8.200000000 0.000001350691
744.265015000  8.200000000 0.000001375747
744.290039000  8.200000000 0.000001386696
744.315002000  8.200000000 0.000001401130
744.340027000  8.200000000 0.000001414741
744.364990000  8.200000000 0.000001418537
744.390015000  8.200000000 0.000001435428
744.415039000  8.200000000 0.000001461177
744.440002000  8.200000000 0.000001485586
744.465027000  8.200000000 0.000001501180
744.489990000  8.200000000 0.000001502498
744.515015000  8.200000000 0.000001486463
744.540039000  8.200000000 0.000001450538
744.565002000  8.200000000 0.000001404028
744.590027000  8.200000000 0.000001345702
744.614990000  8.200000000 0.000001287096
744.640015000  8.200000000 0.000001228758
744.665039000  8.200000000 0.000001165739
744.690002000  8.200000000 0.000001098628
744.715027000  8.200000000 0.000001018343
744.739990000  8.200000000 0.000000920704
744.765015000  8.200000000 0.000000821022
744.790039000  8.200000000 0.000000736515
744.815002000  8.200000000 0.000000651784
744.840027000  8.200000000 0.000000552368
744.864990000  8.200000000 0.000000436054
744.890015000  8.200000000 0.000000314415
744.915039000  8.200000000 0.000000195929
744.940002000  8.200000000 0.000000084396
744.965027000  8.200000000 -0.000000010964
744.989990000  8.200000000 -0.000000087468
745.015015000  8.200000000 -0.000000137465
745.040039000  8.200000000 -0.000000154393
745.065002000  8.200000000 -0.000000151186
745.090027000  8.200000000 -0.000000124276
745.114990000  8.200000000 -0.000000078194
745.140015000  8.200000000 -0.000000014321
745.165039000  8.200000000 0.000000079466
745.190002000  8.200000000 0.000000182605
745.215027000  8.200000000 0.000000282826
745.239990000  8.200000000 0.000000392029
745.265015000  8.200000000 0.000000500616
745.290039000  8.200000000 0.000000591945
745.315002000  8.200000000 0.000000658699
745.340027000  8.200000000 0.000000688335
745.364990000  8.200000000 0.000000684486
745.390015000  8.200000000 0.000000650552
745.415039000  8.200000000 0.000000596113
745.440002000  8.200000000 0.000000541623
745.465027000  8.200000000 0.000000491514
745.489990000  8.200000000 0.000000449763
745.515015000  8.200000000 0.000000405647
745.540039000  8.200000000 0.000000351186
745.565002000  8.200000000 0.000000300603
745.590027000  8.200000000 0.000000222739
745.614990000  8.200000000 0.000000104648
745.640015000  8.200000000 -0.000000006041
745.665039000  8.200000000 -0.000000102172
745.690002000  8.200000000 -0.000000206959
745.715027000  8.200000000 -0.000000338100
745.739990000  8.200000000 -0.000000480714
745.765015000  8.200000000 -0.000000624975
745.790039000  8.200000000 -0.000000758526
745.815002000  8.200000000 -0.000000863578
745.840027000  8.200000000 -0.000000915125
745.864990000  8.200000000 -0.000000937993
745.890015000  8.200000000 -0.000000942329
745.915039000  8.200000000 -0.000000904291
745.940002000  8.200000000 -0.000000880843
745.965027000  8.200000000 -0.000000874155
745.989990000  8.200000000 -0.000000852313
746.015015000  8.200000000 -0.000000809575
746.040039000  8.200000000 -0.000000773677
746.065002000  8.200000000 -0.000000748730
746.090027000  8.200000000 -0.000000714556
746.114990000  8.200000000 -0.000000677350
746.140015000  8.200000000 -0.000000645637
746.165039000  8.200000000 -0.000000617437
746.190002000  8.200000000 -0.000000592872
746.215027000  8.200000000 -0.000000588494
746.239990000  8.200000000 -0.000000586677
746.265015000  8.200000000 -0.000000589421
746.290039000  8.200000000 -0.000000585829
746.315002000  8.200000000 -0.000000579851
746.340027000  8.200000000 -0.000000579429
746.364990000  8.200000000 -0.000000577870
746.390015000  8.200000000 -0.000000598680
746.415039000  8.200000000 -0.000000635192
746.440002000  8.200000000 -0.000000649758
746.465027000  8.200000000 -0.000000592169
746.489990000  8.200000000 -0.000000508388
746.515015000  8.200000000 -0.000000432686
746.540039000  8.200000000 -0.000000408766
746.565002000  8.200000000 -0.000000444870
746.590027000  8.200000000 -0.000000481790
746.614990000  8.200000000 -0.000000510059
746.640015000  8.200000000 -0.000000532608
746.665039000  8.200000000 -0.000000557980
746.690002000  8.200000000 -0.000000582418
746.715027000  8.200000000 -0.000000605774
746.739990000  8.200000000 -0.000000620381
746.765015000  8.200000000 -0.000000627874
746.790039000  8.200000000 -0.000000639374
746.815002000  8.200000000 -0.000000642424
746.840027000  8.200000000 -0.000000651579
746.864990000  8.200000000 -0.000000673891
746.890015000  8.200000000 -0.000000696788
746.915039000  8.200000000 -0.000000720812
746.940002000  8.200000000 -0.000000753663
746.965027000  8.200000000 -0.000000799882
746.989990000  8.200000000 -0.000000831217
747.015015000  8.200000000 -0.000000853530
747.040039000  8.200000000 -0.000000879382
747.065002000  8.200000000 -0.000000897235
747.090027000  8.200000000 -0.000000882597
747.114990000  8.200000000 -0.000000840601
747.140015000  8.200000000 -0.000000785873
747.165039000  8.200000000 -0.000000732322
747.190002000  8.200000000 -0.000000679502
747.215027000  8.200000000 -0.000000626157
747.239990000  8.200000000 -0.000000595496
747.265015000  8.200000000 -0.000000590466
747.290039000  8.200000000 -0.000000605621
747.315002000  8.200000000 -0.000000613906
747.340027000  8.200000000 -0.000000609480
747.364990000  8.200000000 -0.000000607578
747.390015000  8.200000000 -0.000000599195
747.415039000  8.200000000 -0.000000586543
747.440002000  8.200000000 -0.000000561673
747.465027000  8.200000000 -0.000000525863
747.489990000  8.200000000 -0.000000489693
747.515015000  8.200000000 -0.000000438827
747.540039000  8.200000000 -0.000000371088
747.565002000  8.200000000 -0.000000273074
747.590027000  8.200000000 -0.000000150406
747.614990000  8.200000000 -0.000000021144
747.640015000  8.200000000 0.000000132638
747.665039000  8.200000000 0.000000302522
747.690002000  8.200000000 0.000000458429
747.715027000  8.200000000 0.000000596483
747.739990000  8.200000000 0.000000702280
747.765015000  8.200000000 0.000000793826
747.790039000  8.200000000 0.000000876704
747.815002000  8.200000000 0.000000925898
747.840027000  8.200000000 0.000000970039
747.864990000  8.200000000 0.000001029938
747.890015000  8.200000000 0.000001072624
747.915039000  8.200000000 0.000001083086
747.940002000  8.200000000 0.000001102350
747.965027000  8.200000000 0.000001132244
747.989990000  8.200000000 0.000001156481
748.015015000  8.200000000 0.000001184277
748.040039000  8.200000000 0.000001213831
748.065002000  8.200000000 0.000001226619
748.090027000  8.200000000 0.000001220356
748.114990000  8.200000000 0.000001205076
748.140015000  8.200000000 0.000001166349
748.165039000  8.200000000 0.000001102080
748.190002000  8.200000000 0.000001029242
748.215027000  8.200000000 0.000000960406
748.239990000  8.200000000 0.000000890722
748.265015000  8.200000000 0.000000821831
748.290039000  8.200000000 0.000000772356
748.315002000  8.200000000 0.000000737491
748.340027000  8.200000000 0.000000710393
748.364990000  8.200000000 0.000000694364
748.390015000  8.200000000 0.000000683027
748.415039000  8.200000000 0.000000674825
748.440002000  8.200000000 0.000000669436
748.465027000  8.200000000 0.000000667966
748.489990000  8.200000000 0.000000671477
748.515015000  8.200000000 0.000000688857
748.540039000  8.200000000 0.000000723703
748.565002000  8.200000000 0.000000782165
748.590027000  8.200000000 0.000000876442
748.614990000  8.200000000 0.000000989911
748.640015000  8.200000000 0.000001108530
748.665039000  8.200000000 0.000001225407
748.690002000  8.200000000 0.000001336855
748.715027000  8.200000000 0.000001447527
748.739990000  8.200000000 0.000001551411
748.765015000  8.200000000 0.000001636361
748.790039000  8.200000000 0.000001716098
748.815002000  8.200000000 0.000001799362
748.840027000  8.200000000 0.000001886704
748.864990000  8.200000000 0.000001975895
748.890015000  8.200000000 0.000002053005
748.915039000  8.200000000 0.000002104115
748.940002000  8.200000000 0.000002136172
748.965027000  8.200000000 0.000002157800
748.989990000  8.200000000 0.000002155980
749.015015000  8.200000000 0.000002134535
749.040039000  8.200000000 0.000002115449
749.065002000  8.200000000 0.000002101354
749.090027000  8.200000000 0.000002066363
749.114990000  8.200000000 0.000002015303
749.140015000  8.200000000 0.000001968770
749.165039000  8.200000000 0.000001924447
749.190002000  8.200000000 0.000001890484
749.215027000  8.200000000 0.000001880490
749.239990000  8.200000000 0.000001863670
749.265015000  8.200000000 0.000001836026
749.290039000  8.200000000 0.000001806708
749.315002000  8.200000000 0.000001771475
749.340027000  8.200000000 0.000001741956
749.364990000  8.200000000 0.000001738471
749.390015000  8.200000000 0.000001752681
749.415039000  8.200000000 0.000001781436
749.440002000  8.200000000 0.000001833800
749.465027000  8.200000000 0.000001885248
749.489990000  8.200000000 0.000001937143
749.515015000  8.200000000 0.000001996327
749.540039000  8.200000000 0.000002049147
749.565002000  8.200000000 0.000002086844
749.590027000  8.200000000 0.000002118658
749.614990000  8.200000000 0.000002157078
749.640015000  8.200000000 0.000002206866
749.665039000  8.200000000 0.000002270208
749.690002000  8.200000000 0.000002340711
749.715027000  8.200000000 0.000002405741
749.739990000  8.200000000 0.000002460337
749.765015000  8.200000000 0.000002504526
749.790039000  8.200000000 0.000002526862
749.815002000  8.200000000 0.000002531055
749.840027000  8.200000000 0.000002529811
749.864990000  8.200000000 0.000002537588
749.890015000  8.200000000 0.000002552928
749.915039000  8.200000000 0.000002573286
749.940002000  8.200000000 0.000002594337
749.965027000  8.200000000 0.000002603335
749.989990000  8.200000000 0.000002602155
750.015015000  8.200000000 0.000002584634
750.040039000  8.200000000 0.000002551425
750.065002000  8.200000000 0.000002505249
750.090027000  8.200000000 0.000002457008
750.114990000  8.200000000 0.000002408730
750.140015000  8.200000000 0.000002362864
750.165039000  8.200000000 0.000002317671
750.190002000  8.200000000 0.000002276437
750.215027000  8.200000000 0.000002256109
750.239990000  8.200000000 0.000002254432
750.265015000  8.200000000 0.000002240665
750.290039000  8.200000000 0.000002214997
750.315002000  8.200000000 0.000002193378
750.340027000  8.200000000 0.000002165099
750.364990000  8.200000000 0.000002134529
750.390015000  8.200000000 0.000002104046
750.415039000  8.200000000 0.000002061267
750.440002000  8.200000000 0.000002013377
750.465027000  8.200000000 0.000001958419
750.489990000  8.200000000 0.000001901770
750.515015000  8.200000000 0.000001849222
750.540039000  8.200000000 0.000001794542
750.565002000  8.200000000 0.000001752579
750.590027000  8.200000000 0.000001719905
750.614990000  8.200000000 0.000001687709
750.640015000  8.200000000 0.000001662862
750.665039000  8.200000000 0.000001649687
750.690002000  8.200000000 0.000001646786
750.715027000  8.200000000 0.000001642712
750.739990000  8.200000000 0.000001647511
750.765015000  8.200000000 0.000001654755
750.790039000  8.200000000 0.000001657099
750.815002000  8.200000000 0.000001666848
750.840027000  8.200000000 0.000001676168
750.864990000  8.200000000 0.000001675358
750.890015000  8.200000000 0.000001667497
750.915039000  8.200000000 0.000001664860
750.940002000  8.200000000 0.000001654573
750.965027000  8.200000000 0.000001629965
750.989990000  8.200000000 0.000001592446
751.015015000  8.200000000 0.000001546701
751.040039000  8.200000000 0.000001502631
751.065002000  8.200000000 0.000001461843
751.090027000  8.200000000 0.000001412680
751.114990000  8.200000000 0.000001359572
751.140015000  8.200000000 0.000001312450
751.165039000  8.200000000 0.000001263721
751.190002000  8.200000000 0.000001224376
751.215027000  8.200000000 0.000001188678
751.239990000  8.200000000 0.000001158618
751.265015000  8.200000000 0.000001140496
751.290039000  8.200000000 0.000001127775
751.315002000  8.200000000 0.000001108952
751.340027000  8.200000000 0.000001077501
751.364990000  8.200000000 0.000001044754
751.390015000  8.200000000 0.000001005274
751.415039000  8.200000000 0.000000963208
751.440002000  8.200000000 0.000000917635
751.465027000  8.200000000 0.000000868627
751.489990000  8.200000000 0.000000820851
751.515015000  8.200000000 0.000000769861
751.540039000  8.200000000 0.000000728554
751.565002000  8.200000000 0.000000693696
751.590027000  8.200000000 0.000000667093
751.614990000  8.200000000 0.000000656684
751.640015000  8.200000000 0.000000665057
751.665039000  8.200000000 0.000000684149
751.690002000  8.200000000 0.000000705853
751.715027000  8.200000000 0.000000746636
751.739990000  8.200000000 0.000000795720
751.765015000  8.200000000 0.000000845309
751.790039000  8.200000000 0.000000897372
751.815002000  8.200000000 0.000000956898
751.840027000  8.200000000 0.000001026128
751.864990000  8.200000000 0.000001094298
751.890015000  8.200000000 0.000001160093
751.915039000  8.200000000 0.000001229566
751.940002000  8.200000000 0.000001304938
751.965027000  8.200000000 0.000001393184
751.989990000  8.200000000 0.000001489942
752.015015000  8.200000000 0.000001584050
752.040039000  8.200000000 0.000001678219
752.065002000  8.200000000 0.000001772141
752.090027000  8.200000000 0.000001858543
752.114990000  8.200000000 0.000001927389
752.140015000  8.200000000 0.000001979108
752.165039000  8.200000000 0.000002018788
752.190002000  8.200000000 0.000002039473
752.215027000  8.200000000 0.000002038126
752.239990000  8.200000000 0.000002019554
752.265015000  8.200000000 0.000001981927
752.290039000  8.200000000 0.000001925479
752.315002000  8.200000000 0.000001853602
752.340027000  8.200000000 0.000001765418
752.364990000  8.200000000 0.000001669401
752.390015000  8.200000000 0.000001563059
752.415039000  8.200000000 0.000001445676
752.440002000  8.200000000 0.000001329308
752.465027000  8.200000000 0.000001213725
752.489990000  8.200000000 0.000001099220
752.515015000  8.200000000 0.000000979677
752.540039000  8.200000000 0.000000852652
752.565002000  8.200000000 0.000000719527
752.590027000  8.200000000 0.000000591960
752.614990000  8.200000000 0.000000488578
752.640015000  8.200000000 0.000000401158
752.665039000  8.200000000 0.000000329350
752.690002000  8.200000000 0.000000277227
752.715027000  8.200000000 0.000000237042
752.739990000  8.200000000 0.000000206467
752.765015000  8.200000000 0.000000184940
752.790039000  8.200000000 0.000000178458
752.815002000  8.200000000 0.000000190811
752.840027000  8.200000000 0.000000213251
752.864990000  8.200000000 0.000000232189
752.890015000  8.200000000 0.000000257813
752.915039000  8.200000000 0.000000286547
752.940002000  8.200000000 0.000000311353
752.965027000  8.200000000 0.000000334047
752.989990000  8.200000000 0.000000349841
753.015015000  8.200000000 0.000000362359
753.040039000  8.200000000 0.000000372032
753.065002000  8.200000000 0.000000381495
753.090027000  8.200000000 0.000000388930
753.114990000  8.200000000 0.000000391947
753.140015000  8.200000000 0.000000388152
753.165039000  8.200000000 0.000000369532
753.190002000  8.200000000 0.000000338272
753.215027000  8.200000000 0.000000295508
753.239990000  8.200000000 0.000000245243
753.265015000  8.200000000 0.000000187201
753.290039000  8.200000000 0.000000126688
753.315002000  8.200000000 0.000000072784
753.340027000  8.200000000 0.000000020633
753.364990000  8.200000000 -0.000000027133
753.390015000  8.200000000 -0.000000083631
753.415039000  8.200000000 -0.000000146749
753.440002000  8.200000000 -0.000000210555
753.465027000  8.200000000 -0.000000272971
753.489990000  8.200000000 -0.000000340359
753.515015000  8.200000000 -0.000000405230
753.540039000  8.200000000 -0.000000472195
753.565002000  8.200000000 -0.000000546523
753.590027000  8.200000000 -0.000000604729
753.614990000  8.200000000 -0.000000660616
753.640015000  8.200000000 -0.000000715106
753.665039000  8.200000000 -0.000000768852
753.690002000  8.200000000 -0.000000820983
753.715027000  8.200000000 -0.000000864370
753.739990000  8.200000000 -0.000000905478
753.765015000  8.200000000 -0.000000942728
753.790039000  8.200000000 -0.000000974704
753.815002000  8.200000000 -0.000001000537
753.840027000  8.200000000 -0.000001024444
753.864990000  8.200000000 -0.000001047478
753.890015000  8.200000000 -0.000001070490
753.915039000  8.200000000 -0.000001080967
753.940002000  8.200000000 -0.000001070068
753.965027000  8.200000000 -0.000001052618
753.989990000  8.200000000 -0.000001021207
754.015015000  8.200000000 -0.000000985941
754.040039000  8.200000000 -0.000000953976
754.065002000  8.200000000 -0.000000906802
754.090027000  8.200000000 -0.000000848059
754.114990000  8.200000000 -0.000000797001
754.140015000  8.200000000 -0.000000735964
754.165039000  8.200000000 -0.000000663437
754.190002000  8.200000000 -0.000000597981
754.215027000  8.200000000 -0.000000514892
754.239990000  8.200000000 -0.000000417706
754.265015000  8.200000000 -0.000000318882
754.290039000  8.200000000 -0.000000211984
754.315002000  8.200000000 -0.000000092282
754.340027000  8.200000000 0.000000037312
754.364990000  8.200000000 0.000000175319
754.390015000  8.200000000 0.000000328678
754.415039000  8.200000000 0.000000487029
754.440002000  8.200000000 0.000000646720
754.465027000  8.200000000 0.000000801375
754.489990000  8.200000000 0.000000942743
754.515015000  8.200000000 0.000001070249
754.540039000  8.200000000 0.000001183848
754.565002000  8.200000000 0.000001286610
754.590027000  8.200000000 0.000001377756
754.614990000  8.200000000 0.000001455655
754.640015000  8.200000000 0.000001516835
754.665039000  8.200000000 0.000001559092
754.690002000  8.200000000 0.000001576686
754.715027000  8.200000000 0.000001588397
754.739990000  8.200000000 0.000001594555
754.765015000  8.200000000 0.000001584739
754.790039000  8.200000000 0.000001565757
754.815002000  8.200000000 0.000001536342
754.840027000  8.200000000 0.000001495092
754.864990000  8.200000000 0.000001444402
754.890015000  8.200000000 0.000001387653
754.915039000  8.200000000 0.000001315595
754.940002000  8.200000000 0.000001221687
754.965027000  8.200000000 0.000001125223
754.989990000  8.200000000 0.000001032974
755.015015000  8.200000000 0.000000945586
755.040039000  8.200000000 0.000000864582
755.065002000  8.200000000 0.000000788325
755.090027000  8.200000000 0.000000714945
755.114990000  8.200000000 0.000000652229
755.140015000  8.200000000 0.000000593958
755.165039000  8.200000000 0.000000525903
755.190002000  8.200000000 0.000000456099
755.215027000  8.200000000 0.000000388466
755.239990000  8.200000000 0.000000318184
755.265015000  8.200000000 0.000000243146
755.290039000  8.200000000 0.000000158794
755.315002000  8.200000000 0.000000061111
755.340027000  8.200000000 -0.000000036239
755.364990000  8.200000000 -0.000000136791
755.390015000  8.200000000 -0.000000241270
755.415039000  8.200000000 -0.000000344392
755.440002000  8.200000000 -0.000000439196
755.465027000  8.200000000 -0.000000531732
755.489990000  8.200000000 -0.000000626135
755.515015000  8.200000000 -0.000000710277
755.540039000  8.200000000 -0.000000788221
755.565002000  8.200000000 -0.000000870600
755.590027000  8.200000000 -0.000000957541
755.614990000  8.200000000 -0.000001051579
755.640015000  8.200000000 -0.000001150077
755.665039000  8.200000000 -0.000001240200
755.690002000  8.200000000 -0.000001321014
755.715027000  8.200000000 -0.000001404938
755.739990000  8.200000000 -0.000001488666
755.765015000  8.200000000 -0.000001567310
755.790039000  8.200000000 -0.000001636487
755.815002000  8.200000000 -0.000001692003
755.840027000  8.200000000 -0.000001743206
755.864990000  8.200000000 -0.000001782235
755.890015000  8.200000000 -0.000001799205
755.915039000  8.200000000 -0.000001796286
755.940002000  8.200000000 -0.000001773568
755.965027000  8.200000000 -0.000001734061
755.989990000  8.200000000 -0.000001678472
756.015015000  8.200000000 -0.000001624851
756.040039000  8.200000000 -0.000001581642
756.065002000  8.200000000 -0.000001536178
756.090027000  8.200000000 -0.000001500201
756.114990000  8.200000000 -0.000001461253
756.140015000  8.200000000 -0.000001420270
756.165039000  8.200000000 -0.000001402382
756.190002000  8.200000000 -0.000001406090
756.215027000  8.200000000 -0.000001412634
756.239990000  8.200000000 -0.000001411695
756.265015000  8.200000000 -0.000001415741
756.290039000  8.200000000 -0.000001428777
756.315002000  8.200000000 -0.000001445071
756.340027000  8.200000000 -0.000001453758
756.364990000  8.200000000 -0.000001458813
756.390015000  8.200000000 -0.000001465205
756.415039000  8.200000000 -0.000001477204
756.440002000  8.200000000 -0.000001497709
756.465027000  8.200000000 -0.000001507387
756.489990000  8.200000000 -0.000001505621
756.515015000  8.200000000 -0.000001508217
756.540039000  8.200000000 -0.000001509419
756.565002000  8.200000000 -0.000001500545
756.590027000  8.200000000 -0.000001494607
756.614990000  8.200000000 -0.000001486310
756.640015000  8.200000000 -0.000001467566
756.665039000  8.200000000 -0.000001447303
756.690002000  8.200000000 -0.000001423096
756.715027000  8.200000000 -0.000001386843
756.739990000  8.200000000 -0.000001342073
756.765015000  8.200000000 -0.000001284766
756.790039000  8.200000000 -0.000001216474
756.815002000  8.200000000 -0.000001146112
756.840027000  8.200000000 -0.000001069756
756.864990000  8.200000000 -0.000000985350
756.890015000  8.200000000 -0.000000897262
756.915039000  8.200000000 -0.000000803527
756.940002000  8.200000000 -0.000000709964
756.965027000  8.200000000 -0.000000624209
756.989990000  8.200000000 -0.000000546534
757.015015000  8.200000000 -0.000000483028
757.040039000  8.200000000 -0.000000430011
757.065002000  8.200000000 -0.000000393489
757.090027000  8.200000000 -0.000000385111
757.114990000  8.200000000 -0.000000383060
757.140015000  8.200000000 -0.000000389780
757.165039000  8.200000000 -0.000000418419
757.190002000  8.200000000 -0.000000449262
757.215027000  8.200000000 -0.000000485289
757.239990000  8.200000000 -0.000000530404
757.265015000  8.200000000 -0.000000593428
757.290039000  8.200000000 -0.000000672736
757.315002000  8.200000000 -0.000000767521
757.340027000  8.200000000 -0.000000877751
757.364990000  8.200000000 -0.000000982430
757.390015000  8.200000000 -0.000001075076
757.415039000  8.200000000 -0.000001162137
757.440002000  8.200000000 -0.000001239386
757.465027000  8.200000000 -0.000001301540
757.489990000  8.200000000 -0.000001358225
757.515015000  8.200000000 -0.000001407597
757.540039000  8.200000000 -0.000001449294
757.565002000  8.200000000 -0.000001495446
757.590027000  8.200000000 -0.000001561174
757.614990000  8.200000000 -0.000001636857
757.640015000  8.200000000 -0.000001718616
757.665039000  8.200000000 -0.000001805655
757.690002000  8.200000000 -0.000001885455
757.715027000  8.200000000 -0.000001951655
757.739990000  8.200000000 -0.000002008894
757.765015000  8.200000000 -0.000002068072
757.790039000  8.200000000 -0.000002131460
757.815002000  8.200000000 -0.000002197797
757.840027000  8.200000000 -0.000002262114
757.864990000  8.200000000 -0.000002319554
757.890015000  8.200000000 -0.000002373419
757.915039000  8.200000000 -0.000002414894
757.940002000  8.200000000 -0.000002435012
757.965027000  8.200000000 -0.000002438278
757.989990000  8.200000000 -0.000002426867
758.015015000  8.200000000 -0.000002411411
758.040039000  8.200000000 -0.000002394304
758.065002000  8.200000000 -0.000002374945
758.090027000  8.200000000 -0.000002351170
758.114990000  8.200000000 -0.000002314772
758.140015000  8.200000000 -0.000002259753
758.165039000  8.200000000 -0.000002189529
758.190002000  8.200000000 -0.000002109173
758.215027000  8.200000000 -0.000002022560
758.239990000  8.200000000 -0.000001935508
758.265015000  8.200000000 -0.000001847726
758.290039000  8.200000000 -0.000001755995
758.315002000  8.200000000 -0.000001664466
758.340027000  8.200000000 -0.000001576193
758.364990000  8.200000000 -0.000001484159
758.390015000  8.200000000 -0.000001384422
758.415039000  8.200000000 -0.000001281315
758.440002000  8.200000000 -0.000001175655
758.465027000  8.200000000 -0.000001074412
758.489990000  8.200000000 -0.000000984988
758.515015000  8.200000000 -0.000000896786
758.540039000  8.200000000 -0.000000811004
758.565002000  8.200000000 -0.000000734012
758.590027000  8.200000000 -0.000000664577
758.614990000  8.200000000 -0.000000603993
758.640015000  8.200000000 -0.000000551538
758.665039000  8.200000000 -0.000000499381
758.690002000  8.200000000 -0.000000444160
758.715027000  8.200000000 -0.000000384590
758.739990000  8.200000000 -0.000000311459
758.765015000  8.200000000 -0.000000238391
758.790039000  8.200000000 -0.000000165405
758.815002000  8.200000000 -0.000000090960
758.840027000  8.200000000 -0.000000026008
758.864990000  8.200000000 0.000000039462
758.890015000  8.200000000 0.000000099912
758.915039000  8.200000000 0.000000140155
758.940002000  8.200000000 0.000000172025
758.965027000  8.200000000 0.000000189726
758.989990000  8.200000000 0.000000181436
759.015015000  8.200000000 0.000000151769
759.040039000  8.200000000 0.000000108820
759.065002000  8.200000000 0.000000065933
759.090027000  8.200000000 0.000000027242
759.114990000  8.200000000 -0.000000015684
759.140015000  8.200000000 -0.000000065723
759.165039000  8.200000000 -0.000000121398
759.190002000  8.200000000 -0.000000182848
759.215027000  8.200000000 -0.000000248592
759.239990000  8.200000000 -0.000000317563
759.265015000  8.200000000 -0.000000386893
759.290039000  8.200000000 -0.000000459101
759.315002000  8.200000000 -0.000000530730
759.340027000  8.200000000 -0.000000584336
759.364990000  8.200000000 -0.000000612037
759.390015000  8.200000000 -0.000000626869
759.415039000  8.200000000 -0.000000623683
759.440002000  8.200000000 -0.000000607716
759.465027000  8.200000000 -0.000000582544
759.489990000  8.200000000 -0.000000542642
759.515015000  8.200000000 -0.000000490387
759.540039000  8.200000000 -0.000000438785
759.565002000  8.200000000 -0.000000389679
759.590027000  8.200000000 -0.000000335976
759.614990000  8.200000000 -0.000000280643
759.640015000  8.200000000 -0.000000214834
759.665039000  8.200000000 -0.000000150410
759.690002000  8.200000000 -0.000000086091
759.715027000  8.200000000 -0.000000016389
759.739990000  8.200000000 0.000000048420
759.765015000  8.200000000 0.000000096796
759.790039000  8.200000000 0.000000124455
759.815002000  8.200000000 0.000000136523
759.840027000  8.200000000 0.000000123223
759.864990000  8.200000000 0.000000094290
759.890015000  8.200000000 0.000000057445
759.915039000  8.200000000 0.000000009055
759.940002000  8.200000000 -0.000000042026
759.965027000  8.200000000 -0.000000096170
759.989990000  8.200000000 -0.000000152427
760.015015000  8.200000000 -0.000000205583
760.040039000  8.200000000 -0.000000260402
760.065002000  8.200000000 -0.000000317240
760.090027000  8.200000000 -0.000000365057
760.114990000  8.200000000 -0.000000414089
760.140015000  8.200000000 -0.000000472235
760.165039000  8.200000000 -0.000000525145
760.190002000  8.200000000 -0.000000579400
760.215027000  8.200000000 -0.000000631471
760.239990000  8.200000000 -0.000000676740
760.265015000  8.200000000 -0.000000720772
760.290039000  8.200000000 -0.000000762882
760.315002000  8.200000000 -0.000000791913
760.340027000  8.200000000 -0.000000804106
760.364990000  8.200000000 -0.000000810468
760.390015000  8.200000000 -0.000000814974
760.415039000  8.200000000 -0.000000810492
760.440002000  8.200000000 -0.000000794428
760.465027000  8.200000000 -0.000000774404
760.489990000  8.200000000 -0.000000757262
760.515015000  8.200000000 -0.000000748660
760.540039000  8.200000000 -0.000000738021
760.565002000  8.200000000 -0.000000726793
760.590027000  8.200000000 -0.000000725651
760.614990000  8.200000000 -0.000000736197
760.640015000  8.200000000 -0.000000762857
760.665039000  8.200000000 -0.000000802643
760.690002000  8.200000000 -0.000000854475
760.715027000  8.200000000 -0.000000916143
760.739990000  8.200000000 -0.000000979857
760.765015000  8.200000000 -0.000001047272
760.790039000  8.200000000 -0.000001119499
760.815002000  8.200000000 -0.000001186826
760.840027000  8.200000000 -0.000001237295
760.864990000  8.200000000 -0.000001270819
760.890015000  8.200000000 -0.000001291818
760.915039000  8.200000000 -0.000001317039
760.940002000  8.200000000 -0.000001348311
760.965027000  8.200000000 -0.000001373890
760.989990000  8.200000000 -0.000001389996
761.015015000  8.200000000 -0.000001395136
761.040039000  8.200000000 -0.000001392273
761.065002000  8.200000000 -0.000001385357
761.090027000  8.200000000 -0.000001371797
761.114990000  8.200000000 -0.000001347617
761.140015000  8.200000000 -0.000001323401
761.165039000  8.200000000 -0.000001304690
761.190002000  8.200000000 -0.000001289509
761.215027000  8.200000000 -0.000001290224
761.239990000  8.200000000 -0.000001306004
761.265015000  8.200000000 -0.000001334358
761.290039000  8.200000000 -0.000001366116
761.315002000  8.200000000 -0.000001390246
761.340027000  8.200000000 -0.000001404139
761.364990000  8.200000000 -0.000001413872
761.390015000  8.200000000 -0.000001427682
761.415039000  8.200000000 -0.000001444814
761.440002000  8.200000000 -0.000001466824
761.465027000  8.200000000 -0.000001494407
761.489990000  8.200000000 -0.000001522716
761.515015000  8.200000000 -0.000001554439
761.540039000  8.200000000 -0.000001596160
761.565002000  8.200000000 -0.000001634176
761.590027000  8.200000000 -0.000001669156
761.614990000  8.200000000 -0.000001710070
761.640015000  8.200000000 -0.000001746991
761.665039000  8.200000000 -0.000001779622
761.690002000  8.200000000 -0.000001808393
761.715027000  8.200000000 -0.000001843550
761.739990000  8.200000000 -0.000001891773
761.765015000  8.200000000 -0.000001938942
761.790039000  8.200000000 -0.000001980548
761.815002000  8.200000000 -0.000002013137
761.840027000  8.200000000 -0.000002039762
761.864990000  8.200000000 -0.000002061596
761.890015000  8.200000000 -0.000002084424
761.915039000  8.200000000 -0.000002105471
761.940002000  8.200000000 -0.000002115742
761.965027000  8.200000000 -0.000002124006
761.989990000  8.200000000 -0.000002139236
762.015015000  8.200000000 -0.000002148795
762.040039000  8.200000000 -0.000002149497
762.065002000  8.200000000 -0.000002157083
762.090027000  8.200000000 -0.000002161950
762.114990000  8.200000000 -0.000002163528
762.140015000  8.200000000 -0.000002164205
762.165039000  8.200000000 -0.000002164760
762.190002000  8.200000000 -0.000002173106
762.215027000  8.200000000 -0.000002177665
762.239990000  8.200000000 -0.000002180293
762.265015000  8.200000000 -0.000002173563
762.290039000  8.200000000 -0.000002162583
762.315002000  8.200000000 -0.000002151068
762.340027000  8.200000000 -0.000002138416
762.364990000  8.200000000 -0.000002131463
762.390015000  8.200000000 -0.000002121601
762.415039000  8.200000000 -0.000002107667
762.440002000  8.200000000 -0.000002093703
762.465027000  8.200000000 -0.000002075615
762.489990000  8.200000000 -0.000002051808
762.515015000  8.200000000 -0.000002038275
762.540039000  8.200000000 -0.000002015166
762.565002000  8.200000000 -0.000001960849
762.590027000  8.200000000 -0.000001905941
762.614990000  8.200000000 -0.000001843596
762.640015000  8.200000000 -0.000001763262
762.665039000  8.200000000 -0.000001676103
762.690002000  8.200000000 -0.000001579832
762.715027000  8.200000000 -0.000001457381
762.739990000  8.200000000 -0.000001334955
762.765015000  8.200000000 -0.000001227031
762.790039000  8.200000000 -0.000001116040
762.815002000  8.200000000 -0.000001013584
762.840027000  8.200000000 -0.000000922299
762.864990000  8.200000000 -0.000000844683
762.890015000  8.200000000 -0.000000788831
762.915039000  8.200000000 -0.000000753113
762.940002000  8.200000000 -0.000000735838
762.965027000  8.200000000 -0.000000731176
762.989990000  8.200000000 -0.000000741548
763.015015000  8.200000000 -0.000000777131
763.040039000  8.200000000 -0.000000824029
763.065002000  8.200000000 -0.000000887198
763.090027000  8.200000000 -0.000000969344
763.114990000  8.200000000 -0.000001068348
763.140015000  8.200000000 -0.000001180187
763.165039000  8.200000000 -0.000001302334
763.190002000  8.200000000 -0.000001432939
763.215027000  8.200000000 -0.000001569348
763.239990000  8.200000000 -0.000001701590
763.265015000  8.200000000 -0.000001829467
763.290039000  8.200000000 -0.000001950754
763.315002000  8.200000000 -0.000002066754
763.340027000  8.200000000 -0.000002186155
763.364990000  8.200000000 -0.000002303463
763.390015000  8.200000000 -0.000002403056
763.415039000  8.200000000 -0.000002472231
763.440002000  8.200000000 -0.000002517064
763.465027000  8.200000000 -0.000002538128
763.489990000  8.200000000 -0.000002543595
763.515015000  8.200000000 -0.000002537860
763.540039000  8.200000000 -0.000002520290
763.565002000  8.200000000 -0.000002485387
763.590027000  8.200000000 -0.000002430869
763.614990000  8.200000000 -0.000002364558
763.640015000  8.200000000 -0.000002285699
763.665039000  8.200000000 -0.000002192658
763.690002000  8.200000000 -0.000002085945
763.715027000  8.200000000 -0.000001988614
763.739990000  8.200000000 -0.000001909772
763.765015000  8.200000000 -0.000001854378
763.790039000  8.200000000 -0.000001822751
763.815002000  8.200000000 -0.000001808435
763.840027000  8.200000000 -0.000001824205
763.864990000  8.200000000 -0.000001857702
763.890015000  8.200000000 -0.000001902030
763.915039000  8.200000000 -0.000001945716
763.940002000  8.200000000 -0.000001989265
763.965027000  8.200000000 -0.000002037116
763.989990000  8.200000000 -0.000002071098
764.015015000  8.200000000 -0.000002086990
764.040039000  8.200000000 -0.000002081671
764.065002000  8.200000000 -0.000002065301
764.090027000  8.200000000 -0.000002049442
764.114990000  8.200000000 -0.000002022827
764.140015000  8.200000000 -0.000001999588
764.165039000  8.200000000 -0.000002006469
764.190002000  8.200000000 -0.000002033453
764.215027000  8.200000000 -0.000002077274
764.239990000  8.200000000 -0.000002131433
764.265015000  8.200000000 -0.000002193207
764.290039000  8.200000000 -0.000002269971
764.315002000  8.200000000 -0.000002356791
764.340027000  8.200000000 -0.000002465196
764.364990000  8.200000000 -0.000002582921
764.390015000  8.200000000 -0.000002696424
764.415039000  8.200000000 -0.000002826296
764.440002000  8.200000000 -0.000002966105
764.465027000  8.200000000 -0.000003103104
764.489990000  8.200000000 -0.000003238354
764.515015000  8.200000000 -0.000003362233
764.540039000  8.200000000 -0.000003466392
764.565002000  8.200000000 -0.000003547724
764.590027000  8.200000000 -0.000003606962
764.614990000  8.200000000 -0.000003652557
764.640015000  8.200000000 -0.000003684793
764.665039000  8.200000000 -0.000003706895
764.690002000  8.200000000 -0.000003717863
764.715027000  8.200000000 -0.000003721304
764.739990000  8.200000000 -0.000003726882
764.765015000  8.200000000 -0.000003723974
764.790039000  8.200000000 -0.000003708433
764.815002000  8.200000000 -0.000003690894
764.840027000  8.200000000 -0.000003665997
764.864990000  8.200000000 -0.000003638343
764.890015000  8.200000000 -0.000003611199
764.915039000  8.200000000 -0.000003569399
764.940002000  8.200000000 -0.000003504882
764.965027000  8.200000000 -0.000003433961
764.989990000  8.200000000 -0.000003359962
765.015015000  8.200000000 -0.000003288514
765.040039000  8.200000000 -0.000003231369
765.065002000  8.200000000 -0.000003183513
765.090027000  8.200000000 -0.000003145147
765.114990000  8.200000000 -0.000003115351
765.140015000  8.200000000 -0.000003103517
765.165039000  8.200000000 -0.000003091121
765.190002000  8.200000000 -0.000003075638
765.215027000  8.200000000 -0.000003057386
765.239990000  8.200000000 -0.000003032055
765.265015000  8.200000000 -0.000003002320
765.290039000  8.200000000 -0.000002955874
765.315002000  8.200000000 -0.000002897975
765.340027000  8.200000000 -0.000002844946
765.364990000  8.200000000 -0.000002805213
765.390015000  8.200000000 -0.000002798103
765.415039000  8.200000000 -0.000002825679
765.440002000  8.200000000 -0.000002876688
765.465027000  8.200000000 -0.000002935406
765.489990000  8.200000000 -0.000002990449
765.515015000  8.200000000 -0.000003028478
765.540039000  8.200000000 -0.000003046592
765.565002000  8.200000000 -0.000003055407
765.590027000  8.200000000 -0.000003057856
765.614990000  8.200000000 -0.000003069012
765.640015000  8.200000000 -0.000003077100
765.665039000  8.200000000 -0.000003078187
765.690002000  8.200000000 -0.000003090739
765.715027000  8.200000000 -0.000003096071
765.739990000  8.200000000 -0.000003086192
765.765015000  8.200000000 -0.000003062759
765.790039000  8.200000000 -0.000003021549
765.815002000  8.200000000 -0.000002976858
765.840027000  8.200000000 -0.000002928967
765.864990000  8.200000000 -0.000002880528
765.890015000  8.200000000 -0.000002829367
765.915039000  8.200000000 -0.000002779548
765.940002000  8.200000000 -0.000002742241
765.965027000  8.200000000 -0.000002711140
765.989990000  8.200000000 -0.000002684644
766.015015000  8.200000000 -0.000002656635
766.040039000  8.200000000 -0.000002620437
766.065002000  8.200000000 -0.000002589005
766.090027000  8.200000000 -0.000002566504
766.114990000  8.200000000 -0.000002556164
766.140015000  8.200000000 -0.000002566173
766.165039000  8.200000000 -0.000002578979
766.190002000  8.200000000 -0.000002597823
766.215027000  8.200000000 -0.000002624255
766.239990000  8.200000000 -0.000002659109
766.265015000  8.200000000 -0.000002705489
766.290039000  8.200000000 -0.000002752286
766.315002000  8.200000000 -0.000002800307
766.340027000  8.200000000 -0.000002840007
766.364990000  8.200000000 -0.000002884150
766.390015000  8.200000000 -0.000002937203
766.415039000  8.200000000 -0.000002995880
766.440002000  8.200000000 -0.000003071130
766.465027000  8.200000000 -0.000003154303
766.489990000  8.200000000 -0.000003236478
766.515015000  8.200000000 -0.000003317387
766.540039000  8.200000000 -0.000003392469
766.565002000  8.200000000 -0.000003462756
766.590027000  8.200000000 -0.000003526340
766.614990000  8.200000000 -0.000003590067
766.640015000  8.200000000 -0.000003645141
766.665039000  8.200000000 -0.000003682809
766.690002000  8.200000000 -0.000003705701
766.715027000  8.200000000 -0.000003712169
766.739990000  8.200000000 -0.000003700179
766.765015000  8.200000000 -0.000003679414
766.790039000  8.200000000 -0.000003663060
766.815002000  8.200000000 -0.000003651482
766.840027000  8.200000000 -0.000003640299
766.864990000  8.200000000 -0.000003621568
766.890015000  8.200000000 -0.000003602004
766.915039000  8.200000000 -0.000003570430
766.940002000  8.200000000 -0.000003529299
766.965027000  8.200000000 -0.000003492355
766.989990000  8.200000000 -0.000003452695
767.015015000  8.200000000 -0.000003414446
767.040039000  8.200000000 -0.000003377600
767.065002000  8.200000000 -0.000003336977
767.090027000  8.200000000 -0.000003295403
767.114990000  8.200000000 -0.000003241449
767.140015000  8.200000000 -0.000003174648
767.165039000  8.200000000 -0.000003093158
767.190002000  8.200000000 -0.000002998076
767.215027000  8.200000000 -0.000002906280
767.239990000  8.200000000 -0.000002806739
767.265015000  8.200000000 -0.000002707931
767.290039000  8.200000000 -0.000002622782
767.315002000  8.200000000 -0.000002547908
767.340027000  8.200000000 -0.000002494263
767.364990000  8.200000000 -0.000002452045
767.390015000  8.200000000 -0.000002401823
767.415039000  8.200000000 -0.000002337981
767.440002000  8.200000000 -0.000002270361
767.465027000  8.200000000 -0.000002202351
767.489990000  8.200000000 -0.000002126214
767.515015000  8.200000000 -0.000002055970
767.540039000  8.200000000 -0.000002000447
767.565002000  8.200000000 -0.000001937297
767.590027000  8.200000000 -0.000001863953
767.614990000  8.200000000 -0.000001778971
767.640015000  8.200000000 -0.000001672650
767.665039000  8.200000000 -0.000001549327
767.690002000  8.200000000 -0.000001420337
767.715027000  8.200000000 -0.000001290551
767.739990000  8.200000000 -0.000001147630
767.765015000  8.200000000 -0.000000998994
767.790039000  8.200000000 -0.000000860425
767.815002000  8.200000000 -0.000000733156
767.840027000  8.200000000 -0.000000612517
767.864990000  8.200000000 -0.000000489179
767.890015000  8.200000000 -0.000000362027
767.915039000  8.200000000 -0.000000229520
767.940002000  8.200000000 -0.000000091939
767.965027000  8.200000000 0.000000044934
767.989990000  8.200000000 0.000000179729
768.015015000  8.200000000 0.000000307922
768.040039000  8.200000000 0.000000430741
768.065002000  8.200000000 0.000000551053
768.090027000  8.200000000 0.000000673121
768.114990000  8.200000000 0.000000805662
768.140015000  8.200000000 0.000000932031
768.165039000  8.200000000 0.000001047171
768.190002000  8.200000000 0.000001167735
768.215027000  8.200000000 0.000001293186
768.239990000  8.200000000 0.000001402093
768.265015000  8.200000000 0.000001490951
768.290039000  8.200000000 0.000001556419
768.315002000  8.200000000 0.000001593829
768.340027000  8.200000000 0.000001618724
768.364990000  8.200000000 0.000001631715
768.390015000  8.200000000 0.000001631316
768.415039000  8.200000000 0.000001641174
768.440002000  8.200000000 0.000001676248
768.465027000  8.200000000 0.000001723684
768.489990000  8.200000000 0.000001776217
768.515015000  8.200000000 0.000001828199
768.540039000  8.200000000 0.000001867323
768.565002000  8.200000000 0.000001897128
768.590027000  8.200000000 0.000001923547
768.614990000  8.200000000 0.000001952421
768.640015000  8.200000000 0.000001977488
768.665039000  8.200000000 0.000001996193
768.690002000  8.200000000 0.000002017082
768.715027000  8.200000000 0.000002024618
768.739990000  8.200000000 0.000002014906
768.765015000  8.200000000 0.000001999961
768.790039000  8.200000000 0.000001977541
768.815002000  8.200000000 0.000001949488
768.840027000  8.200000000 0.000001928508
768.864990000  8.200000000 0.000001906238
768.890015000  8.200000000 0.000001881371
768.915039000  8.200000000 0.000001856945
768.940002000  8.200000000 0.000001827114
768.965027000  8.200000000 0.000001777959
768.989990000  8.200000000 0.000001716062
769.015015000  8.200000000 0.000001659904
769.040039000  8.200000000 0.000001597720
769.065002000  8.200000000 0.000001533670
769.090027000  8.200000000 0.000001498851
769.114990000  8.200000000 0.000001480978
769.140015000  8.200000000 0.000001471564
769.165039000  8.200000000 0.000001458194
769.190002000  8.200000000 0.000001423166
769.215027000  8.200000000 0.000001387930
769.239990000  8.200000000 0.000001361619
769.265015000  8.200000000 0.000001347785
769.290039000  8.200000000 0.000001348110
769.315002000  8.200000000 0.000001358824
769.340027000  8.200000000 0.000001379441
769.364990000  8.200000000 0.000001406795
769.390015000  8.200000000 0.000001434100
769.415039000  8.200000000 0.000001441394
769.440002000  8.200000000 0.000001440142
769.465027000  8.200000000 0.000001449020
769.489990000  8.200000000 0.000001467315
769.515015000  8.200000000 0.000001496628
769.540039000  8.200000000 0.000001530104
769.565002000  8.200000000 0.000001553760
769.590027000  8.200000000 0.000001559812
769.614990000  8.200000000 0.000001555285
769.640015000  8.200000000 0.000001549610
769.665039000  8.200000000 0.000001530550
769.690002000  8.200000000 0.000001500836
769.715027000  8.200000000 0.000001479343
769.739990000  8.200000000 0.000001478526
769.765015000  8.200000000 0.000001497552
769.790039000  8.200000000 0.000001524770
769.815002000  8.200000000 0.000001540498
769.840027000  8.200000000 0.000001536997
769.864990000  8.200000000 0.000001541629
769.890015000  8.200000000 0.000001552406
769.915039000  8.200000000 0.000001560775
769.940002000  8.200000000 0.000001580631
769.965027000  8.200000000 0.000001604619
769.989990000  8.200000000 0.000001646092
770.015015000  8.200000000 0.000001723975
770.040039000  8.200000000 0.000001816220
770.065002000  8.200000000 0.000001911388
770.090027000  8.200000000 0.000002011275
770.114990000  8.200000000 0.000002100822
770.140015000  8.200000000 0.000002183623
770.165039000  8.200000000 0.000002275122
770.190002000  8.200000000 0.000002348597
770.215027000  8.200000000 0.000002395977
770.239990000  8.200000000 0.000002414938
770.265015000  8.200000000 0.000002415697
770.290039000  8.200000000 0.000002408876
770.315002000  8.200000000 0.000002407935
770.340027000  8.200000000 0.000002417648
770.364990000  8.200000000 0.000002421638
770.390015000  8.200000000 0.000002419571
770.415039000  8.200000000 0.000002408020
770.440002000  8.200000000 0.000002400179
770.465027000  8.200000000 0.000002398444
770.489990000  8.200000000 0.000002389482
770.515015000  8.200000000 0.000002387938
770.540039000  8.200000000 0.000002396763
770.565002000  8.200000000 0.000002411263
770.590027000  8.200000000 0.000002448524
770.614990000  8.200000000 0.000002492433
770.640015000  8.200000000 0.000002539010
770.665039000  8.200000000 0.000002578892
770.690002000  8.200000000 0.000002614528
770.715027000  8.200000000 0.000002648670
770.739990000  8.200000000 0.000002671460
770.765015000  8.200000000 0.000002709320
770.790039000  8.200000000 0.000002771433
770.815002000  8.200000000 0.000002858664
770.840027000  8.200000000 0.000002953029
770.864990000  8.200000000 0.000003042006
770.890015000  8.200000000 0.000003127652
770.915039000  8.200000000 0.000003213681
770.940002000  8.200000000 0.000003290986
770.965027000  8.200000000 0.000003356957
770.989990000  8.200000000 0.000003419817
771.015015000  8.200000000 0.000003483485
771.040039000  8.200000000 0.000003542968
771.065002000  8.200000000 0.000003603328
771.090027000  8.200000000 0.000003657479
771.114990000  8.200000000 0.000003697803
771.140015000  8.200000000 0.000003732142
771.165039000  8.200000000 0.000003756631
771.190002000  8.200000000 0.000003760553
771.215027000  8.200000000 0.000003745704
771.239990000  8.200000000 0.000003732839
771.265015000  8.200000000 0.000003701078
771.290039000  8.200000000 0.000003656848
771.315002000  8.200000000 0.000003613258
771.340027000  8.200000000 0.000003557846
771.364990000  8.200000000 0.000003500623
771.390015000  8.200000000 0.000003449941
771.415039000  8.200000000 0.000003398019
771.440002000  8.200000000 0.000003342208
771.465027000  8.200000000 0.000003280689
771.489990000  8.200000000 0.000003214586
771.515015000  8.200000000 0.000003162316
771.540039000  8.200000000 0.000003132035
771.565002000  8.200000000 0.000003131315
771.590027000  8.200000000 0.000003165600
771.614990000  8.200000000 0.000003228349
771.640015000  8.200000000 0.000003314034
771.665039000  8.200000000 0.000003402613
771.690002000  8.200000000 0.000003490660
771.715027000  8.200000000 0.000003580260
771.739990000  8.200000000 0.000003660022
771.765015000  8.200000000 0.000003749168
771.790039000  8.200000000 0.000003854476
771.815002000  8.200000000 0.000003970974
771.840027000  8.200000000 0.000004108352
771.864990000  8.200000000 0.000004246380
771.890015000  8.200000000 0.000004381584
771.915039000  8.200000000 0.000004524913
771.940002000  8.200000000 0.000004666507
771.965027000  8.200000000 0.000004818544
771.989990000  8.200000000 0.000004979192
772.015015000  8.200000000 0.000005137329
772.040039000  8.200000000 0.000005285706
772.065002000  8.200000000 0.000005424232
772.090027000  8.200000000 0.000005545708
772.114990000  8.200000000 0.000005620112
772.140015000  8.200000000 0.000005660411
772.165039000  8.200000000 0.000005693871
772.190002000  8.200000000 0.000005720901
772.215027000  8.200000000 0.000005730320
772.239990000  8.200000000 0.000005717340
772.265015000  8.200000000 0.000005662324
772.290039000  8.200000000 0.000005586180
772.315002000  8.200000000 0.000005519606
772.340027000  8.200000000 0.000005465981
772.364990000  8.200000000 0.000005410640
772.390015000  8.200000000 0.000005351076
772.415039000  8.200000000 0.000005300483
772.440002000  8.200000000 0.000005266679
772.465027000  8.200000000 0.000005247285
772.489990000  8.200000000 0.000005230435
772.515015000  8.200000000 0.000005212959
772.540039000  8.200000000 0.000005187161
772.565002000  8.200000000 0.000005154775
772.590027000  8.200000000 0.000005113153
772.614990000  8.200000000 0.000005066714
772.640015000  8.200000000 0.000005027471
772.665039000  8.200000000 0.000004991215
772.690002000  8.200000000 0.000004955613
772.715027000  8.200000000 0.000004914452
772.739990000  8.200000000 0.000004858550
772.765015000  8.200000000 0.000004797140
772.790039000  8.200000000 0.000004738103
772.815002000  8.200000000 0.000004685141
772.840027000  8.200000000 0.000004643254
772.864990000  8.200000000 0.000004612025
772.890015000  8.200000000 0.000004586575
772.915039000  8.200000000 0.000004561170
772.940002000  8.200000000 0.000004522069
772.965027000  8.200000000 0.000004473755
772.989990000  8.200000000 0.000004412890
773.015015000  8.200000000 0.000004355889
773.040039000  8.200000000 0.000004298428
773.065002000  8.200000000 0.000004221819
773.090027000  8.200000000 0.000004142218
773.114990000  8.200000000 0.000004055764
773.140015000  8.200000000 0.000003956889
773.165039000  8.200000000 0.000003850689
773.190002000  8.200000000 0.000003741311
773.215027000  8.200000000 0.000003636329
773.239990000  8.200000000 0.000003547642
773.265015000  8.200000000 0.000003477590
773.290039000  8.200000000 0.000003418418
773.315002000  8.200000000 0.000003373411
773.340027000  8.200000000 0.000003342084
773.364990000  8.200000000 0.000003310429
773.390015000  8.200000000 0.000003278570
773.415039000  8.200000000 0.000003247252
773.440002000  8.200000000 0.000003220993
773.465027000  8.200000000 0.000003213421
773.489990000  8.200000000 0.000003217780
773.515015000  8.200000000 0.000003214492
773.540039000  8.200000000 0.000003205463
773.565002000  8.200000000 0.000003192345
773.590027000  8.200000000 0.000003169382
773.614990000  8.200000000 0.000003142382
773.640015000  8.200000000 0.000003110194
773.665039000  8.200000000 0.000003079079
773.690002000  8.200000000 0.000003049245
773.715027000  8.200000000 0.000003007271
773.739990000  8.200000000 0.000002965000
773.765015000  8.200000000 0.000002917971
773.790039000  8.200000000 0.000002858661
773.815002000  8.200000000 0.000002805571
773.840027000  8.200000000 0.000002754881
773.864990000  8.200000000 0.000002699939
773.890015000  8.200000000 0.000002638830
773.915039000  8.200000000 0.000002580217
773.940002000  8.200000000 0.000002533788
773.965027000  8.200000000 0.000002490200
773.989990000  8.200000000 0.000002452796
774.015015000  8.200000000 0.000002415881
774.040039000  8.200000000 0.000002382181
774.065002000  8.200000000 0.000002347731
774.090027000  8.200000000 0.000002299069
774.114990000  8.200000000 0.000002251760
774.140015000  8.200000000 0.000002205747
774.165039000  8.200000000 0.000002169337
774.190002000  8.200000000 0.000002154798
774.215027000  8.200000000 0.000002150161
774.239990000  8.200000000 0.000002151811
774.265015000  8.200000000 0.000002178055
774.290039000  8.200000000 0.000002229098
774.315002000  8.200000000 0.000002294598
774.340027000  8.200000000 0.000002376341
774.364990000  8.200000000 0.000002479090
774.390015000  8.200000000 0.000002593031
774.415039000  8.200000000 0.000002712202
774.440002000  8.200000000 0.000002838273
774.465027000  8.200000000 0.000002962146
774.489990000  8.200000000 0.000003066672
774.515015000  8.200000000 0.000003137335
774.540039000  8.200000000 0.000003167596
774.565002000  8.200000000 0.000003161818
774.590027000  8.200000000 0.000003141750
774.614990000  8.200000000 0.000003122197
774.640015000  8.200000000 0.000003101420
774.665039000  8.200000000 0.000003066474
774.690002000  8.200000000 0.000003021841
774.715027000  8.200000000 0.000002956414
774.739990000  8.200000000 0.000002873268
774.765015000  8.200000000 0.000002781485
774.790039000  8.200000000 0.000002668978
774.815002000  8.200000000 0.000002550462
774.840027000  8.200000000 0.000002451369
774.864990000  8.200000000 0.000002372804
774.890015000  8.200000000 0.000002316580
774.915039000  8.200000000 0.000002279653
774.940002000  8.200000000 0.000002249065
774.965027000  8.200000000 0.000002223490
774.989990000  8.200000000 0.000002198305
775.015015000  8.200000000 0.000002175912
775.040039000  8.200000000 0.000002146227
775.065002000  8.200000000 0.000002098778
775.090027000  8.200000000 0.000002047663
775.114990000  8.200000000 0.000002003308
775.140015000  8.200000000 0.000001959715
775.165039000  8.200000000 0.000001922257
775.190002000  8.200000000 0.000001886344
775.215027000  8.200000000 0.000001840697
775.239990000  8.200000000 0.000001780219
775.265015000  8.200000000 0.000001707992
775.290039000  8.200000000 0.000001624174
775.315002000  8.200000000 0.000001524717
775.340027000  8.200000000 0.000001431544
775.364990000  8.200000000 0.000001353474
775.390015000  8.200000000 0.000001281482
775.415039000  8.200000000 0.000001206214
775.440002000  8.200000000 0.000001126850
775.465027000  8.200000000 0.000001042113
775.489990000  8.200000000 0.000000954203
775.515015000  8.200000000 0.000000868235
775.540039000  8.200000000 0.000000778854
775.565002000  8.200000000 0.000000685798
775.590027000  8.200000000 0.000000586631
775.614990000  8.200000000 0.000000490575
775.640015000  8.200000000 0.000000411046
775.665039000  8.200000000 0.000000360195
775.690002000  8.200000000 0.000000347678
775.715027000  8.200000000 0.000000365866
775.739990000  8.200000000 0.000000405840
775.765015000  8.200000000 0.000000453991
775.790039000  8.200000000 0.000000500211
775.815002000  8.200000000 0.000000539000
775.840027000  8.200000000 0.000000577806
775.864990000  8.200000000 0.000000624132
775.890015000  8.200000000 0.000000673177
775.915039000  8.200000000 0.000000731736
775.940002000  8.200000000 0.000000807241
775.965027000  8.200000000 0.000000896007
775.989990000  8.200000000 0.000000997717
776.015015000  8.200000000 0.000001103032
776.040039000  8.200000000 0.000001205321
776.065002000  8.200000000 0.000001301663
776.090027000  8.200000000 0.000001374028
776.114990000  8.200000000 0.000001428684
776.140015000  8.200000000 0.000001461752
776.165039000  8.200000000 0.000001490999
776.190002000  8.200000000 0.000001533598
776.215027000  8.200000000 0.000001586301
776.239990000  8.200000000 0.000001651750
776.265015000  8.200000000 0.000001693244
776.290039000  8.200000000 0.000001715410
776.315002000  8.200000000 0.000001727877
776.340027000  8.200000000 0.000001718692
776.364990000  8.200000000 0.000001718233
776.390015000  8.200000000 0.000001725515
776.415039000  8.200000000 0.000001734537
776.440002000  8.200000000 0.000001737573
776.465027000  8.200000000 0.000001729114
776.489990000  8.200000000 0.000001709279
776.515015000  8.200000000 0.000001667577
776.540039000  8.200000000 0.000001619869
776.565002000  8.200000000 0.000001559740
776.590027000  8.200000000 0.000001487211
776.614990000  8.200000000 0.000001417611
776.640015000  8.200000000 0.000001347364
776.665039000  8.200000000 0.000001278526
776.690002000  8.200000000 0.000001197369
776.715027000  8.200000000 0.000001105345
776.739990000  8.200000000 0.000001016905
776.765015000  8.200000000 0.000000929720
776.790039000  8.200000000 0.000000851598
776.815002000  8.200000000 0.000000776721
776.840027000  8.200000000 0.000000696263
776.864990000  8.200000000 0.000000624080
776.890015000  8.200000000 0.000000564837
776.915039000  8.200000000 0.000000524207
776.940002000  8.200000000 0.000000492738
776.965027000  8.200000000 0.000000456746
776.989990000  8.200000000 0.000000425110
777.015015000  8.200000000 0.000000386456
777.040039000  8.200000000 0.000000330849
777.065002000  8.200000000 0.000000273315
777.090027000  8.200000000 0.000000202006
777.114990000  8.200000000 0.000000111044
777.140015000  8.200000000 0.000000024711
777.165039000  8.200000000 -0.000000048214
777.190002000  8.200000000 -0.000000104353
777.215027000  8.200000000 -0.000000145804
777.239990000  8.200000000 -0.000000180733
777.265015000  8.200000000 -0.000000217376
777.290039000  8.200000000 -0.000000251031
777.315002000  8.200000000 -0.000000282352
777.340027000  8.200000000 -0.000000311429
777.364990000  8.200000000 -0.000000344853
777.390015000  8.200000000 -0.000000395279
777.415039000  8.200000000 -0.000000433907
777.440002000  8.200000000 -0.000000455037
777.465027000  8.200000000 -0.000000484045
777.489990000  8.200000000 -0.000000506198
777.515015000  8.200000000 -0.000000531000
777.540039000  8.200000000 -0.000000575304
777.565002000  8.200000000 -0.000000640807
777.590027000  8.200000000 -0.000000728670
777.614990000  8.200000000 -0.000000825631
777.640015000  8.200000000 -0.000000928494
777.665039000  8.200000000 -0.000001034853
777.690002000  8.200000000 -0.000001137109
777.715027000  8.200000000 -0.000001231980
777.739990000  8.200000000 -0.000001319460
777.765015000  8.200000000 -0.000001388590
777.790039000  8.200000000 -0.000001433288
777.815002000  8.200000000 -0.000001466236
777.840027000  8.200000000 -0.000001482220
777.864990000  8.200000000 -0.000001484699
777.890015000  8.200000000 -0.000001482820
777.915039000  8.200000000 -0.000001488728
777.940002000  8.200000000 -0.000001504923
777.965027000  8.200000000 -0.000001523196
777.989990000  8.200000000 -0.000001549100
778.015015000  8.200000000 -0.000001578766
778.040039000  8.200000000 -0.000001614380
778.065002000  8.200000000 -0.000001653045
778.090027000  8.200000000 -0.000001692796
778.114990000  8.200000000 -0.000001728416
778.140015000  8.200000000 -0.000001755590
778.165039000  8.200000000 -0.000001790223
778.190002000  8.200000000 -0.000001825446
778.215027000  8.200000000 -0.000001849447
778.239990000  8.200000000 -0.000001871117
778.265015000  8.200000000 -0.000001883927
778.290039000  8.200000000 -0.000001892403
778.315002000  8.200000000 -0.000001898083
778.340027000  8.200000000 -0.000001894637
778.364990000  8.200000000 -0.000001884207
778.390015000  8.200000000 -0.000001863326
778.415039000  8.200000000 -0.000001836249
778.440002000  8.200000000 -0.000001805687
778.465027000  8.200000000 -0.000001763370
778.489990000  8.200000000 -0.000001709754
778.515015000  8.200000000 -0.000001652781
778.540039000  8.200000000 -0.000001591128
778.565002000  8.200000000 -0.000001540456
778.590027000  8.200000000 -0.000001509675
778.614990000  8.200000000 -0.000001485169
778.640015000  8.200000000 -0.000001475713
778.665039000  8.200000000 -0.000001471768
778.690002000  8.200000000 -0.000001471023
778.715027000  8.200000000 -0.000001480035
778.739990000  8.200000000 -0.000001475339
778.765015000  8.200000000 -0.000001456881
778.790039000  8.200000000 -0.000001415755
778.815002000  8.200000000 -0.000001363157
778.840027000  8.200000000 -0.000001311996
778.864990000  8.200000000 -0.000001272197
778.890015000  8.200000000 -0.000001248298
778.915039000  8.200000000 -0.000001228642
778.940002000  8.200000000 -0.000001223268
778.965027000  8.200000000 -0.000001232942
778.989990000  8.200000000 -0.000001261016
779.015015000  8.200000000 -0.000001288996
779.040039000  8.200000000 -0.000001292632
779.065002000  8.200000000 -0.000001278257
779.090027000  8.200000000 -0.000001249760
779.114990000  8.200000000 -0.000001220298
779.140015000  8.200000000 -0.000001205394
779.165039000  8.200000000 -0.000001187947
779.190002000  8.200000000 -0.000001159561
779.215027000  8.200000000 -0.000001125634
779.239990000  8.200000000 -0.000001090039
779.265015000  8.200000000 -0.000001052676
779.290039000  8.200000000 -0.000001001743
779.315002000  8.200000000 -0.000000939479
779.340027000  8.200000000 -0.000000869828
779.364990000  8.200000000 -0.000000778844
779.390015000  8.200000000 -0.000000679835
779.415039000  8.200000000 -0.000000590471
779.440002000  8.200000000 -0.000000515103
779.465027000  8.200000000 -0.000000452963
779.489990000  8.200000000 -0.000000401475
779.515015000  8.200000000 -0.000000352005
779.540039000  8.200000000 -0.000000303762
779.565002000  8.200000000 -0.000000265644
779.590027000  8.200000000 -0.000000229218
779.614990000  8.200000000 -0.000000190585
779.640015000  8.200000000 -0.000000151636
779.665039000  8.200000000 -0.000000130630
779.690002000  8.200000000 -0.000000128816
779.715027000  8.200000000 -0.000000134673
779.739990000  8.200000000 -0.000000150872
779.765015000  8.200000000 -0.000000168416
779.790039000  8.200000000 -0.000000181467
779.815002000  8.200000000 -0.000000188414
779.840027000  8.200000000 -0.000000180696
779.864990000  8.200000000 -0.000000164483
779.890015000  8.200000000 -0.000000142626
779.915039000  8.200000000 -0.000000111629
779.940002000  8.200000000 -0.000000081484
779.965027000  8.200000000 -0.000000053910
779.989990000  8.200000000 -0.000000037177
780.015015000  8.200000000 -0.000000033096
780.040039000  8.200000000 -0.000000038489
780.065002000  8.200000000 -0.000000049456
780.090027000  8.200000000 -0.000000064953
780.114990000  8.200000000 -0.000000089553
780.140015000  8.200000000 -0.000000118273
780.165039000  8.200000000 -0.000000142847
780.190002000  8.200000000 -0.000000155651
780.215027000  8.200000000 -0.000000153298
780.239990000  8.200000000 -0.000000145647
780.265015000  8.200000000 -0.000000143328
780.290039000  8.200000000 -0.000000138548
780.315002000  8.200000000 -0.000000136108
780.340027000  8.200000000 -0.000000136795
780.364990000  8.200000000 -0.000000143741
780.390015000  8.200000000 -0.000000154224
780.415039000  8.200000000 -0.000000143279
780.440002000  8.200000000 -0.000000117477
780.465027000  8.200000000 -0.000000076160
780.489990000  8.200000000 -0.000000021691
780.515015000  8.200000000 0.000000011789
780.540039000  8.200000000 0.000000036329
780.565002000  8.200000000 0.000000053829
780.590027000  8.200000000 0.000000055082
780.614990000  8.200000000 0.000000066050
780.640015000  8.200000000 0.000000088777
780.665039000  8.200000000 0.000000131627
780.690002000  8.200000000 0.000000184651
780.715027000  8.200000000 0.000000234228
780.739990000  8.200000000 0.000000273168
780.765015000  8.200000000 0.000000291238
780.790039000  8.200000000 0.000000285777
780.815002000  8.200000000 0.000000269647
780.840027000  8.200000000 0.000000252692
780.864990000  8.200000000 0.000000234218
780.890015000  8.200000000 0.000000234914
780.915039000  8.200000000 0.000000240304
780.940002000  8.200000000 0.000000243260
780.965027000  8.200000000 0.000000244367
780.989990000  8.200000000 0.000000228187
781.015015000  8.200000000 0.000000199082
781.040039000  8.200000000 0.000000159634
781.065002000  8.200000000 0.000000103521
781.090027000  8.200000000 0.000000034578
781.114990000  8.200000000 -0.000000030005
781.140015000  8.200000000 -0.000000086933
781.165039000  8.200000000 -0.000000126063
781.190002000  8.200000000 -0.000000149591
781.215027000  8.200000000 -0.000000164952
781.239990000  8.200000000 -0.000000168765
781.265015000  8.200000000 -0.000000179322
781.290039000  8.200000000 -0.000000193735
781.315002000  8.200000000 -0.000000207455
781.340027000  8.200000000 -0.000000239966
781.364990000  8.200000000 -0.000000287720
781.390015000  8.200000000 -0.000000344209
781.415039000  8.200000000 -0.000000407109
781.440002000  8.200000000 -0.000000468181
781.465027000  8.200000000 -0.000000522203
781.489990000  8.200000000 -0.000000570993
781.515015000  8.200000000 -0.000000607599
781.540039000  8.200000000 -0.000000624643
781.565002000  8.200000000 -0.000000635443
781.590027000  8.200000000 -0.000000632985
781.614990000  8.200000000 -0.000000622361
781.640015000  8.200000000 -0.000000616077
781.665039000  8.200000000 -0.000000611469
781.690002000  8.200000000 -0.000000606194
781.715027000  8.200000000 -0.000000607043
781.739990000  8.200000000 -0.000000605105
781.765015000  8.200000000 -0.000000603147
781.790039000  8.200000000 -0.000000608391
781.815002000  8.200000000 -0.000000617485
781.840027000  8.200000000 -0.000000636785
781.864990000  8.200000000 -0.000000656776
781.890015000  8.200000000 -0.000000682584
781.915039000  8.200000000 -0.000000708235
781.940002000  8.200000000 -0.000000729446
781.965027000  8.200000000 -0.000000755962
781.989990000  8.200000000 -0.000000775524
782.015015000  8.200000000 -0.000000789776
782.040039000  8.200000000 -0.000000800923
782.065002000  8.200000000 -0.000000789370
782.090027000  8.200000000 -0.000000761420
782.114990000  8.200000000 -0.000000725232
782.140015000  8.200000000 -0.000000679336
782.165039000  8.200000000 -0.000000632330
782.190002000  8.200000000 -0.000000583904
782.215027000  8.200000000 -0.000000538363
782.239990000  8.200000000 -0.000000503608
782.265015000  8.200000000 -0.000000491362
782.290039000  8.200000000 -0.000000493033
782.315002000  8.200000000 -0.000000506427
782.340027000  8.200000000 -0.000000544207
782.364990000  8.200000000 -0.000000602439
782.390015000  8.200000000 -0.000000688478
782.415039000  8.200000000 -0.000000791689
782.440002000  8.200000000 -0.000000895348
782.465027000  8.200000000 -0.000000987403
782.489990000  8.200000000 -0.000001066520
782.515015000  8.200000000 -0.000001143793
782.540039000  8.200000000 -0.000001216147
782.565002000  8.200000000 -0.000001295979
782.590027000  8.200000000 -0.000001379926
782.614990000  8.200000000 -0.000001455362
782.640015000  8.200000000 -0.000001522718
782.665039000  8.200000000 -0.000001574684
782.690002000  8.200000000 -0.000001615472
782.715027000  8.200000000 -0.000001648207
782.739990000  8.200000000 -0.000001675077
782.765015000  8.200000000 -0.000001692966
782.790039000  8.200000000 -0.000001706834
782.815002000  8.200000000 -0.000001718960
782.840027000  8.200000000 -0.000001731482
782.864990000  8.200000000 -0.000001742005
782.890015000  8.200000000 -0.000001740669
782.915039000  8.200000000 -0.000001733792
782.940002000  8.200000000 -0.000001724756
782.965027000  8.200000000 -0.000001710046
782.989990000  8.200000000 -0.000001685628
783.015015000  8.200000000 -0.000001661763
783.040039000  8.200000000 -0.000001629298
783.065002000  8.200000000 -0.000001585725
783.090027000  8.200000000 -0.000001543419
783.114990000  8.200000000 -0.000001499095
783.140015000  8.200000000 -0.000001454492
783.165039000  8.200000000 -0.000001423035
783.190002000  8.200000000 -0.000001407412
783.215027000  8.200000000 -0.000001402927
783.239990000  8.200000000 -0.000001418388
783.265015000  8.200000000 -0.000001459591
783.290039000  8.200000000 -0.000001511044
783.315002000  8.200000000 -0.000001571768
783.340027000  8.200000000 -0.000001635705
783.364990000  8.200000000 -0.000001681818
783.390015000  8.200000000 -0.000001715300
783.415039000  8.200000000 -0.000001734734
783.440002000  8.200000000 -0.000001728747
783.465027000  8.200000000 -0.000001703377
783.489990000  8.200000000 -0.000001673373
783.515015000  8.200000000 -0.000001652775
783.540039000  8.200000000 -0.000001636319
783.565002000  8.200000000 -0.000001614169
783.590027000  8.200000000 -0.000001587119
783.614990000  8.200000000 -0.000001558063
783.640015000  8.200000000 -0.000001531056
783.665039000  8.200000000 -0.000001504995
783.690002000  8.200000000 -0.000001482252
783.715027000  8.200000000 -0.000001462335
783.739990000  8.200000000 -0.000001433343
783.765015000  8.200000000 -0.000001399830
783.790039000  8.200000000 -0.000001368500
783.815002000  8.200000000 -0.000001333115
783.840027000  8.200000000 -0.000001286342
783.864990000  8.200000000 -0.000001234056
783.890015000  8.200000000 -0.000001171714
783.915039000  8.200000000 -0.000001096752
783.940002000  8.200000000 -0.000001016978
783.965027000  8.200000000 -0.000000940070
783.989990000  8.200000000 -0.000000868678
784.015015000  8.200000000 -0.000000800638
784.040039000  8.200000000 -0.000000745641
784.065002000  8.200000000 -0.000000706188
784.090027000  8.200000000 -0.000000677705
784.114990000  8.200000000 -0.000000646573
784.140015000  8.200000000 -0.000000617634
784.165039000  8.200000000 -0.000000582752
784.190002000  8.200000000 -0.000000534685
784.215027000  8.200000000 -0.000000486759
784.239990000  8.200000000 -0.000000443334
784.265015000  8.200000000 -0.000000410134
784.290039000  8.200000000 -0.000000387468
784.315002000  8.200000000 -0.000000381444
784.340027000  8.200000000 -0.000000387940
784.364990000  8.200000000 -0.000000392429
784.390015000  8.200000000 -0.000000390191
784.415039000  8.200000000 -0.000000377787
784.440002000  8.200000000 -0.000000351508
784.465027000  8.200000000 -0.000000331529
784.489990000  8.200000000 -0.000000320074
784.515015000  8.200000000 -0.000000298943
784.540039000  8.200000000 -0.000000281940
784.565002000  8.200000000 -0.000000264516
784.590027000  8.200000000 -0.000000250557
784.614990000  8.200000000 -0.000000239959
784.640015000  8.200000000 -0.000000216888
784.665039000  8.200000000 -0.000000178779
784.690002000  8.200000000 -0.000000124779
784.715027000  8.200000000 -0.000000066663
784.739990000  8.200000000 -0.000000000171
784.765015000  8.200000000 0.000000068486
784.790039000  8.200000000 0.000000140346
784.815002000  8.200000000 0.000000212438
784.840027000  8.200000000 0.000000274262
784.864990000  8.200000000 0.000000343917
784.890015000  8.200000000 0.000000414316
784.915039000  8.200000000 0.000000471990
784.940002000  8.200000000 0.000000510949
784.965027000  8.200000000 0.000000542606
784.989990000  8.200000000 0.000000570388
785.015015000  8.200000000 0.000000591344
785.040039000  8.200000000 0.000000606857
785.065002000  8.200000000 0.000000601842
785.090027000  8.200000000 0.000000571435
785.114990000  8.200000000 0.000000525774
785.140015000  8.200000000 0.000000474367
785.165039000  8.200000000 0.000000424960
785.190002000  8.200000000 0.000000383000
785.215027000  8.200000000 0.000000340791
785.239990000  8.200000000 0.000000292756
785.265015000  8.200000000 0.000000242465
785.290039000  8.200000000 0.000000177849
785.315002000  8.200000000 0.000000109956
785.340027000  8.200000000 0.000000055487
785.364990000  8.200000000 0.000000003866
785.390015000  8.200000000 -0.000000034325
785.415039000  8.200000000 -0.000000046405
785.440002000  8.200000000 -0.000000038423
785.465027000  8.200000000 -0.000000027384
785.489990000  8.200000000 -0.000000003697
785.515015000  8.200000000 0.000000032878
785.540039000  8.200000000 0.000000064087
785.565002000  8.200000000 0.000000104571
785.590027000  8.200000000 0.000000153449
785.614990000  8.200000000 0.000000197405
785.640015000  8.200000000 0.000000236157
785.665039000  8.200000000 0.000000277693
785.690002000  8.200000000 0.000000313045
785.715027000  8.200000000 0.000000341457
785.739990000  8.200000000 0.000000379243
785.765015000  8.200000000 0.000000406327
785.790039000  8.200000000 0.000000417228
785.815002000  8.200000000 0.000000422951
785.840027000  8.200000000 0.000000422648
785.864990000  8.200000000 0.000000416404
785.890015000  8.200000000 0.000000401090
785.915039000  8.200000000 0.000000377593
785.940002000  8.200000000 0.000000349091
785.965027000  8.200000000 0.000000318469
785.989990000  8.200000000 0.000000294242
786.015015000  8.200000000 0.000000283450
786.040039000  8.200000000 0.000000281793
786.065002000  8.200000000 0.000000280440
786.090027000  8.200000000 0.000000278412
786.114990000  8.200000000 0.000000265628
786.140015000  8.200000000 0.000000247327
786.165039000  8.200000000 0.000000233363
786.190002000  8.200000000 0.000000222257
786.215027000  8.200000000 0.000000218655
786.239990000  8.200000000 0.000000214688
786.265015000  8.200000000 0.000000209896
786.290039000  8.200000000 0.000000219203
786.315002000  8.200000000 0.000000238945
786.340027000  8.200000000 0.000000262506
786.364990000  8.200000000 0.000000287815
786.390015000  8.200000000 0.000000305589
786.415039000  8.200000000 0.000000312405
786.440002000  8.200000000 0.000000304913
786.465027000  8.200000000 0.000000285882
786.489990000  8.200000000 0.000000256763
786.515015000  8.200000000 0.000000217595
786.540039000  8.200000000 0.000000167923
786.565002000  8.200000000 0.000000111894
786.590027000  8.200000000 0.000000047989
786.614990000  8.200000000 -0.000000009582
786.640015000  8.200000000 -0.000000051774
786.665039000  8.200000000 -0.000000102733
786.690002000  8.200000000 -0.000000149711
786.715027000  8.200000000 -0.000000190221
786.739990000  8.200000000 -0.000000226758
786.765015000  8.200000000 -0.000000259700
786.790039000  8.200000000 -0.000000291345
786.815002000  8.200000000 -0.000000309894
786.840027000  8.200000000 -0.000000328952
786.864990000  8.200000000 -0.000000348659
786.890015000  8.200000000 -0.000000368070
786.915039000  8.200000000 -0.000000382367
786.940002000  8.200000000 -0.000000381596
786.965027000  8.200000000 -0.000000361211
786.989990000  8.200000000 -0.000000330269
787.015015000  8.200000000 -0.000000314643
787.040039000  8.200000000 -0.000000300653
787.065002000  8.200000000 -0.000000282112
787.090027000  8.200000000 -0.000000272612
787.114990000  8.200000000 -0.000000266927
787.140015000  8.200000000 -0.000000266219
787.165039000  8.200000000 -0.000000275819
787.190002000  8.200000000 -0.000000285414
787.215027000  8.200000000 -0.000000306039
787.239990000  8.200000000 -0.000000341081
787.265015000  8.200000000 -0.000000372846
787.290039000  8.200000000 -0.000000393146
787.315002000  8.200000000 -0.000000400876
787.340027000  8.200000000 -0.000000410025
787.364990000  8.200000000 -0.000000425872
787.390015000  8.200000000 -0.000000451478
787.415039000  8.200000000 -0.000000486516
787.440002000  8.200000000 -0.000000531225
787.465027000  8.200000000 -0.000000588356
787.489990000  8.200000000 -0.000000655379
787.515015000  8.200000000 -0.000000724644
787.540039000  8.200000000 -0.000000779075
787.565002000  8.200000000 -0.000000817511
787.590027000  8.200000000 -0.000000849066
787.614990000  8.200000000 -0.000000875018
787.640015000  8.200000000 -0.000000896638
787.665039000  8.200000000 -0.000000927196
787.690002000  8.200000000 -0.000000962487
787.715027000  8.200000000 -0.000000998720
787.739990000  8.200000000 -0.000001039492
787.765015000  8.200000000 -0.000001076898
787.790039000  8.200000000 -0.000001116997
787.815002000  8.200000000 -0.000001155952
787.840027000  8.200000000 -0.000001196941
787.864990000  8.200000000 -0.000001239053
787.890015000  8.200000000 -0.000001265984
787.915039000  8.200000000 -0.000001270112
787.940002000  8.200000000 -0.000001246975
787.965027000  8.200000000 -0.000001202669
787.989990000  8.200000000 -0.000001149265
788.015015000  8.200000000 -0.000001092909
788.040039000  8.200000000 -0.000001042819
788.065002000  8.200000000 -0.000000999411
788.090027000  8.200000000 -0.000000971260
788.114990000  8.200000000 -0.000000954603
788.140015000  8.200000000 -0.000000945288
788.165039000  8.200000000 -0.000000931864
788.190002000  8.200000000 -0.000000907356
788.215027000  8.200000000 -0.000000885055
788.239990000  8.200000000 -0.000000860607
788.265015000  8.200000000 -0.000000842346
788.290039000  8.200000000 -0.000000831826
788.315002000  8.200000000 -0.000000821347
788.340027000  8.200000000 -0.000000824117
788.364990000  8.200000000 -0.000000826265
788.390015000  8.200000000 -0.000000822613
788.415039000  8.200000000 -0.000000829349
788.440002000  8.200000000 -0.000000838222
788.465027000  8.200000000 -0.000000855066
788.489990000  8.200000000 -0.000000874746
788.515015000  8.200000000 -0.000000888327
788.540039000  8.200000000 -0.000000893693
788.565002000  8.200000000 -0.000000906686
788.590027000  8.200000000 -0.000000933144
788.614990000  8.200000000 -0.000000952970
788.640015000  8.200000000 -0.000000954917
788.665039000  8.200000000 -0.000000943964
788.690002000  8.200000000 -0.000000923017
788.715027000  8.200000000 -0.000000899907
788.739990000  8.200000000 -0.000000883624
788.765015000  8.200000000 -0.000000858011
788.790039000  8.200000000 -0.000000823638
788.815002000  8.200000000 -0.000000786803
788.840027000  8.200000000 -0.000000753527
788.864990000  8.200000000 -0.000000727301
788.890015000  8.200000000 -0.000000698872
788.915039000  8.200000000 -0.000000680740
788.940002000  8.200000000 -0.000000677918
788.965027000  8.200000000 -0.000000676868
788.989990000  8.200000000 -0.000000684487
789.015015000  8.200000000 -0.000000696104
789.040039000  8.200000000 -0.000000710112
789.065002000  8.200000000 -0.000000745587
789.090027000  8.200000000 -0.000000799342
789.114990000  8.200000000 -0.000000866369
789.140015000  8.200000000 -0.000000950362
789.165039000  8.200000000 -0.000001041750
789.190002000  8.200000000 -0.000001144765
789.215027000  8.200000000 -0.000001256923
789.239990000  8.200000000 -0.000001374722
789.265015000  8.200000000 -0.000001497493
789.290039000  8.200000000 -0.000001617806
789.315002000  8.200000000 -0.000001729035
789.340027000  8.200000000 -0.000001826500
789.364990000  8.200000000 -0.000001916838
789.390015000  8.200000000 -0.000001999922
789.415039000  8.200000000 -0.000002072309
789.440002000  8.200000000 -0.000002133587
789.465027000  8.200000000 -0.000002183824
789.489990000  8.200000000 -0.000002224687
789.515015000  8.200000000 -0.000002266492
789.540039000  8.200000000 -0.000002310782
789.565002000  8.200000000 -0.000002353501
789.590027000  8.200000000 -0.000002396331
789.614990000  8.200000000 -0.000002439228
789.640015000  8.200000000 -0.000002478617
789.665039000  8.200000000 -0.000002502727
789.690002000  8.200000000 -0.000002503666
789.715027000  8.200000000 -0.000002493176
789.739990000  8.200000000 -0.000002474874
789.765015000  8.200000000 -0.000002451904
789.790039000  8.200000000 -0.000002432449
789.815002000  8.200000000 -0.000002411981
789.840027000  8.200000000 -0.000002379958
789.864990000  8.200000000 -0.000002345553
789.890015000  8.200000000 -0.000002307580
789.915039000  8.200000000 -0.000002251368
789.940002000  8.200000000 -0.000002182449
789.965027000  8.200000000 -0.000002113867
789.989990000  8.200000000 -0.000002041430
790.015015000  8.200000000 -0.000001956553
790.040039000  8.200000000 -0.000001866503
790.065002000  8.200000000 -0.000001779388
790.090027000  8.200000000 -0.000001698252
790.114990000  8.200000000 -0.000001619870
790.140015000  8.200000000 -0.000001543387
790.165039000  8.200000000 -0.000001470013
790.190002000  8.200000000 -0.000001398968
790.215027000  8.200000000 -0.000001329539
790.239990000  8.200000000 -0.000001258789
790.265015000  8.200000000 -0.000001175705
790.290039000  8.200000000 -0.000001084625
790.315002000  8.200000000 -0.000001003311
790.340027000  8.200000000 -0.000000939504
790.364990000  8.200000000 -0.000000891745
790.390015000  8.200000000 -0.000000853267
790.415039000  8.200000000 -0.000000829492
790.440002000  8.200000000 -0.000000829593
790.465027000  8.200000000 -0.000000840641
790.489990000  8.200000000 -0.000000850343
790.515015000  8.200000000 -0.000000869585
790.540039000  8.200000000 -0.000000892957
790.565002000  8.200000000 -0.000000922695
790.590027000  8.200000000 -0.000000973643
790.614990000  8.200000000 -0.000001028067
790.640015000  8.200000000 -0.000001089579
790.665039000  8.200000000 -0.000001142817
790.690002000  8.200000000 -0.000001178586
790.715027000  8.200000000 -0.000001224910
790.739990000  8.200000000 -0.000001265833
790.765015000  8.200000000 -0.000001295137
790.790039000  8.200000000 -0.000001319377
790.815002000  8.200000000 -0.000001336897
790.840027000  8.200000000 -0.000001357010
790.864990000  8.200000000 -0.000001393724
790.890015000  8.200000000 -0.000001455178
790.915039000  8.200000000 -0.000001520851
790.940002000  8.200000000 -0.000001577488
790.965027000  8.200000000 -0.000001618922
790.989990000  8.200000000 -0.000001634308
791.015015000  8.200000000 -0.000001637032
791.040039000  8.200000000 -0.000001638578
791.065002000  8.200000000 -0.000001636052
791.090027000  8.200000000 -0.000001639255
791.114990000  8.200000000 -0.000001648580
791.140015000  8.200000000 -0.000001658702
791.165039000  8.200000000 -0.000001669427
791.190002000  8.200000000 -0.000001682458
791.215027000  8.200000000 -0.000001695072
791.239990000  8.200000000 -0.000001704356
791.265015000  8.200000000 -0.000001728330
791.290039000  8.200000000 -0.000001763504
791.315002000  8.200000000 -0.000001797048
791.340027000  8.200000000 -0.000001831330
791.364990000  8.200000000 -0.000001846977
791.390015000  8.200000000 -0.000001840128
791.415039000  8.200000000 -0.000001820551
791.440002000  8.200000000 -0.000001785067
791.465027000  8.200000000 -0.000001747795
791.489990000  8.200000000 -0.000001720121
791.515015000  8.200000000 -0.000001706870
791.540039000  8.200000000 -0.000001689894
791.565002000  8.200000000 -0.000001668456
791.590027000  8.200000000 -0.000001645217
791.614990000  8.200000000 -0.000001607551
791.640015000  8.200000000 -0.000001555938
791.665039000  8.200000000 -0.000001495196
791.690002000  8.200000000 -0.000001428260
791.715027000  8.200000000 -0.000001355623
791.739990000  8.200000000 -0.000001275916
791.765015000  8.200000000 -0.000001196931
791.790039000  8.200000000 -0.000001138157
791.815002000  8.200000000 -0.000001093847
791.840027000  8.200000000 -0.000001067367
791.864990000  8.200000000 -0.000001048447
791.890015000  8.200000000 -0.000001021106
791.915039000  8.200000000 -0.000000985583
791.940002000  8.200000000 -0.000000942542
791.965027000  8.200000000 -0.000000904035
791.989990000  8.200000000 -0.000000859124
792.015015000  8.200000000 -0.000000795462
792.040039000  8.200000000 -0.000000727764
792.065002000  8.200000000 -0.000000661055
792.090027000  8.200000000 -0.000000603592
792.114990000  8.200000000 -0.000000570768
792.140015000  8.200000000 -0.000000557088
792.165039000  8.200000000 -0.000000540250
792.190002000  8.200000000 -0.000000521872
792.215027000  8.200000000 -0.000000509496
792.239990000  8.200000000 -0.000000497007
792.265015000  8.200000000 -0.000000481894
792.290039000  8.200000000 -0.000000461863
792.315002000  8.200000000 -0.000000432333
792.340027000  8.200000000 -0.000000392083
792.364990000  8.200000000 -0.000000351581
792.390015000  8.200000000 -0.000000317075
792.415039000  8.200000000 -0.000000298593
792.440002000  8.200000000 -0.000000285217
792.465027000  8.200000000 -0.000000274057
792.489990000  8.200000000 -0.000000279847
792.515015000  8.200000000 -0.000000293348
792.540039000  8.200000000 -0.000000308678
792.565002000  8.200000000 -0.000000323558
792.590027000  8.200000000 -0.000000340766
792.614990000  8.200000000 -0.000000370599
792.640015000  8.200000000 -0.000000408743
792.665039000  8.200000000 -0.000000450181
792.690002000  8.200000000 -0.000000498373
792.715027000  8.200000000 -0.000000553291
792.739990000  8.200000000 -0.000000601811
792.765015000  8.200000000 -0.000000634553
792.790039000  8.200000000 -0.000000646756
792.815002000  8.200000000 -0.000000642050
792.840027000  8.200000000 -0.000000627075
792.864990000  8.200000000 -0.000000611227
792.890015000  8.200000000 -0.000000595086
792.915039000  8.200000000 -0.000000575126
792.940002000  8.200000000 -0.000000559874
792.965027000  8.200000000 -0.000000549779
792.989990000  8.200000000 -0.000000547978
793.015015000  8.200000000 -0.000000545830
793.040039000  8.200000000 -0.000000544832
793.065002000  8.200000000 -0.000000549888
793.090027000  8.200000000 -0.000000557609
793.114990000  8.200000000 -0.000000562720
793.140015000  8.200000000 -0.000000558723
793.165039000  8.200000000 -0.000000556305
793.190002000  8.200000000 -0.000000559314
793.215027000  8.200000000 -0.000000572629
793.239990000  8.200000000 -0.000000602837
793.265015000  8.200000000 -0.000000634994
793.290039000  8.200000000 -0.000000662458
793.315002000  8.200000000 -0.000000682782
793.340027000  8.200000000 -0.000000697463
793.364990000  8.200000000 -0.000000701360
793.390015000  8.200000000 -0.000000695155
793.415039000  8.200000000 -0.000000688293
793.440002000  8.200000000 -0.000000679336
793.465027000  8.200000000 -0.000000667604
793.489990000  8.200000000 -0.000000654576
793.515015000  8.200000000 -0.000000635634
793.540039000  8.200000000 -0.000000605191
793.565002000  8.200000000 -0.000000565121
793.590027000  8.200000000 -0.000000510352
793.614990000  8.200000000 -0.000000458037
793.640015000  8.200000000 -0.000000410201
793.665039000  8.200000000 -0.000000367296
793.690002000  8.200000000 -0.000000337608
793.715027000  8.200000000 -0.000000314672
793.739990000  8.200000000 -0.000000302722
793.765015000  8.200000000 -0.000000294946
793.790039000  8.200000000 -0.000000286663
793.815002000  8.200000000 -0.000000266501
793.840027000  8.200000000 -0.000000237366
793.864990000  8.200000000 -0.000000195601
793.890015000  8.200000000 -0.000000143920
793.915039000  8.200000000 -0.000000102532
793.940002000  8.200000000 -0.000000069660
793.965027000  8.200000000 -0.000000035384
793.989990000  8.200000000 0.000000004204
794.015015000  8.200000000 0.000000047311
794.040039000  8.200000000 0.000000100862
794.065002000  8.200000000 0.000000158734
794.090027000  8.200000000 0.000000212613
794.114990000  8.200000000 0.000000265173
794.140015000  8.200000000 0.000000311037
794.165039000  8.200000000 0.000000341932
794.190002000  8.200000000 0.000000351912
794.215027000  8.200000000 0.000000348462
794.239990000  8.200000000 0.000000339442
794.265015000  8.200000000 0.000000318893
794.290039000  8.200000000 0.000000291506
794.315002000  8.200000000 0.000000266001
794.340027000  8.200000000 0.000000240402
794.364990000  8.200000000 0.000000214752
794.390015000  8.200000000 0.000000200823
794.415039000  8.200000000 0.000000193766
794.440002000  8.200000000 0.000000195506
794.465027000  8.200000000 0.000000212254
794.489990000  8.200000000 0.000000234398
794.515015000  8.200000000 0.000000251627
794.540039000  8.200000000 0.000000256933
794.565002000  8.200000000 0.000000252905
794.590027000  8.200000000 0.000000237099
794.614990000  8.200000000 0.000000211020
794.640015000  8.200000000 0.000000173342
794.665039000  8.200000000 0.000000137185
794.690002000  8.200000000 0.000000109525
794.715027000  8.200000000 0.000000088907
794.739990000  8.200000000 0.000000091220
794.765015000  8.200000000 0.000000116344
794.790039000  8.200000000 0.000000155914
794.815002000  8.200000000 0.000000188877
794.840027000  8.200000000 0.000000216132
794.864990000  8.200000000 0.000000234437
794.890015000  8.200000000 0.000000234728
794.915039000  8.200000000 0.000000231893
794.940002000  8.200000000 0.000000226915
794.965027000  8.200000000 0.000000217172
794.989990000  8.200000000 0.000000208069
795.015015000  8.200000000 0.000000195583
795.040039000  8.200000000 0.000000177471
795.065002000  8.200000000 0.000000155384
795.090027000  8.200000000 0.000000128559
795.114990000  8.200000000 0.000000105470
795.140015000  8.200000000 0.000000080175
795.165039000  8.200000000 0.000000053497
795.190002000  8.200000000 0.000000029092
795.215027000  8.200000000 0.000000001632
795.239990000  8.200000000 -0.000000024167
795.265015000  8.200000000 -0.000000043507
795.290039000  8.200000000 -0.000000057508
795.315002000  8.200000000 -0.000000069162
795.340027000  8.200000000 -0.000000077700
795.364990000  8.200000000 -0.000000083445
795.390015000  8.200000000 -0.000000083516
795.415039000  8.200000000 -0.000000078024
795.440002000  8.200000000 -0.000000067661
795.465027000  8.200000000 -0.000000053642
795.489990000  8.200000000 -0.000000041375
795.515015000  8.200000000 -0.000000027362
795.540039000  8.200000000 -0.000000013080
795.565002000  8.200000000 0.000000006049
795.590027000  8.200000000 0.000000042775
795.614990000  8.200000000 0.000000091805
795.640015000  8.200000000 0.000000158772
795.665039000  8.200000000 0.000000231254
795.690002000  8.200000000 0.000000303801
795.715027000  8.200000000 0.000000376762
795.739990000  8.200000000 0.000000433936
795.765015000  8.200000000 0.000000477490
795.790039000  8.200000000 0.000000510953
795.815002000  8.200000000 0.000000550606
795.840027000  8.200000000 0.000000607479
795.864990000  8.200000000 0.000000670303
795.890015000  8.200000000 0.000000734869
795.915039000  8.200000000 0.000000804195
795.940002000  8.200000000 0.000000873133
795.965027000  8.200000000 0.000000942545
795.989990000  8.200000000 0.000001006442
796.015015000  8.200000000 0.000001061278
796.040039000  8.200000000 0.000001114842
796.065002000  8.200000000 0.000001157185
796.090027000  8.200000000 0.000001184618
796.114990000  8.200000000 0.000001190549
796.140015000  8.200000000 0.000001173677
796.165039000  8.200000000 0.000001150453
796.190002000  8.200000000 0.000001126831
796.215027000  8.200000000 0.000001105323
796.239990000  8.200000000 0.000001077473
796.265015000  8.200000000 0.000001047138
796.290039000  8.200000000 0.000001019830
796.315002000  8.200000000 0.000000986240
796.340027000  8.200000000 0.000000944234
796.364990000  8.200000000 0.000000896154
796.390015000  8.200000000 0.000000840326
796.415039000  8.200000000 0.000000791032
796.440002000  8.200000000 0.000000752065
796.465027000  8.200000000 0.000000718350
796.489990000  8.200000000 0.000000698644
796.515015000  8.200000000 0.000000684470
796.540039000  8.200000000 0.000000671838
796.565002000  8.200000000 0.000000658085
796.590027000  8.200000000 0.000000632886
796.614990000  8.200000000 0.000000599421
796.640015000  8.200000000 0.000000566759
796.665039000  8.200000000 0.000000550264
796.690002000  8.200000000 0.000000554988
796.715027000  8.200000000 0.000000560236
796.739990000  8.200000000 0.000000568573
796.765015000  8.200000000 0.000000588902
796.790039000  8.200000000 0.000000608282
796.815002000  8.200000000 0.000000626214
796.840027000  8.200000000 0.000000636418
796.864990000  8.200000000 0.000000641240
796.890015000  8.200000000 0.000000639685
796.915039000  8.200000000 0.000000626725
796.940002000  8.200000000 0.000000609555
796.965027000  8.200000000 0.000000594077
796.989990000  8.200000000 0.000000585163
797.015015000  8.200000000 0.000000590633
797.040039000  8.200000000 0.000000616030
797.065002000  8.200000000 0.000000647311
797.090027000  8.200000000 0.000000683620
797.114990000  8.200000000 0.000000723822
797.140015000  8.200000000 0.000000761186
797.165039000  8.200000000 0.000000797059
797.190002000  8.200000000 0.000000834166
797.215027000  8.200000000 0.000000873436
797.239990000  8.200000000 0.000000915938
797.265015000  8.200000000 0.000000968523
797.290039000  8.200000000 0.000001015631
797.315002000  8.200000000 0.000001042152
797.340027000  8.200000000 0.000001054387
797.364990000  8.200000000 0.000001063460
797.390015000  8.200000000 0.000001075791
797.415039000  8.200000000 0.000001084523
797.440002000  8.200000000 0.000001098673
797.465027000  8.200000000 0.000001116836
797.489990000  8.200000000 0.000001141261
797.515015000  8.200000000 0.000001175902
797.540039000  8.200000000 0.000001212939
797.565002000  8.200000000 0.000001242601
797.590027000  8.200000000 0.000001265569
797.614990000  8.200000000 0.000001294899
797.640015000  8.200000000 0.000001330697
797.665039000  8.200000000 0.000001368441
797.690002000  8.200000000 0.000001408919
797.715027000  8.200000000 0.000001447935
797.739990000  8.200000000 0.000001489027
797.765015000  8.200000000 0.000001537821
797.790039000  8.200000000 0.000001584631
797.815002000  8.200000000 0.000001632729
797.840027000  8.200000000 0.000001687369
797.864990000  8.200000000 0.000001744709
797.890015000  8.200000000 0.000001795010
797.915039000  8.200000000 0.000001841897
797.940002000  8.200000000 0.000001878619
797.965027000  8.200000000 0.000001903806
797.989990000  8.200000000 0.000001930256
798.015015000  8.200000000 0.000001953738
798.040039000  8.200000000 0.000001976023
798.065002000  8.200000000 0.000001999248
798.090027000  8.200000000 0.000002025939
798.114990000  8.200000000 0.000002056085
798.140015000  8.200000000 0.000002078118
798.165039000  8.200000000 0.000002092902
798.190002000  8.200000000 0.000002091521
798.215027000  8.200000000 0.000002069658
798.239990000  8.200000000 0.000002035919
798.265015000  8.200000000 0.000001988668
798.290039000  8.200000000 0.000001938285
798.315002000  8.200000000 0.000001883206
798.340027000  8.200000000 0.000001812979
798.364990000  8.200000000 0.000001737815
798.390015000  8.200000000 0.000001666594
798.415039000  8.200000000 0.000001606481
798.440002000  8.200000000 0.000001563586
798.465027000  8.200000000 0.000001530953
798.489990000  8.200000000 0.000001499732
798.515015000  8.200000000 0.000001480089
798.540039000  8.200000000 0.000001461088
798.565002000  8.200000000 0.000001436466
798.590027000  8.200000000 0.000001414827
798.614990000  8.200000000 0.000001393239
798.640015000  8.200000000 0.000001376539
798.665039000  8.200000000 0.000001363824
798.690002000  8.200000000 0.000001353359
798.715027000  8.200000000 0.000001341874
798.739990000  8.200000000 0.000001330516
798.765015000  8.200000000 0.000001321495
798.790039000  8.200000000 0.000001315575
798.815002000  8.200000000 0.000001309285
798.840027000  8.200000000 0.000001303651
798.864990000  8.200000000 0.000001306489
798.890015000  8.200000000 0.000001322003
798.915039000  8.200000000 0.000001347164
798.940002000  8.200000000 0.000001377486
798.965027000  8.200000000 0.000001405072
798.989990000  8.200000000 0.000001430759
799.015015000  8.200000000 0.000001466456
799.040039000  8.200000000 0.000001504366
799.065002000  8.200000000 0.000001541359
799.090027000  8.200000000 0.000001577763
799.114990000  8.200000000 0.000001604221
799.140015000  8.200000000 0.000001622788
799.165039000  8.200000000 0.000001638854
799.190002000  8.200000000 0.000001651893
799.215027000  8.200000000 0.000001674344
799.239990000  8.200000000 0.000001702229
799.265015000  8.200000000 0.000001723841
799.290039000  8.200000000 0.000001747919
799.315002000  8.200000000 0.000001770646
799.340027000  8.200000000 0.000001785688
799.364990000  8.200000000 0.000001790038
799.390015000  8.200000000 0.000001777450
799.415039000  8.200000000 0.000001758757
799.440002000  8.200000000 0.000001746494
799.465027000  8.200000000 0.000001747345
799.489990000  8.200000000 0.000001771333
799.515015000  8.200000000 0.000001808225
799.540039000  8.200000000 0.000001863659
799.565002000  8.200000000 0.000001942576
799.590027000  8.200000000 0.000002032561
799.614990000  8.200000000 0.000002110642
799.640015000  8.200000000 0.000002178063
799.665039000  8.200000000 0.000002239507
799.690002000  8.200000000 0.000002280648
799.715027000  8.200000000 0.000002304776
799.739990000  8.200000000 0.000002316215
799.765015000  8.200000000 0.000002323038
799.790039000  8.200000000 0.000002324573
799.815002000  8.200000000 0.000002332468
799.840027000  8.200000000 0.000002325440
799.864990000  8.200000000 0.000002298145
799.890015000  8.200000000 0.000002258503
799.915039000  8.200000000 0.000002191130
799.940002000  8.200000000 0.000002111984
799.965027000  8.200000000 0.000002023472
799.989990000  8.200000000 0.000001929011
800.015015000  8.200000000 0.000001833444
800.040039000  8.200000000 0.000001734102
800.065002000  8.200000000 0.000001625092
800.090027000  8.200000000 0.000001509198
800.114990000  8.200000000 0.000001394152
800.140015000  8.200000000 0.000001276830
800.165039000  8.200000000 0.000001154339
800.190002000  8.200000000 0.000001029310
800.215027000  8.200000000 0.000000907103
800.239990000  8.200000000 0.000000791875
800.265015000  8.200000000 0.000000695267
800.290039000  8.200000000 0.000000615772
800.315002000  8.200000000 0.000000543351
800.340027000  8.200000000 0.000000480847
800.364990000  8.200000000 0.000000431986
800.390015000  8.200000000 0.000000389975
800.415039000  8.200000000 0.000000354472
800.440002000  8.200000000 0.000000317023
800.465027000  8.200000000 0.000000277544
800.489990000  8.200000000 0.000000233554
800.515015000  8.200000000 0.000000182825
800.540039000  8.200000000 0.000000130664
800.565002000  8.200000000 0.000000085421
800.590027000  8.200000000 0.000000054265
800.614990000  8.200000000 0.000000023262
800.640015000  8.200000000 -0.000000000995
800.665039000  8.200000000 -0.000000025173
800.690002000  8.200000000 -0.000000057751
800.715027000  8.200000000 -0.000000107335
800.739990000  8.200000000 -0.000000173377
800.765015000  8.200000000 -0.000000248552
800.790039000  8.200000000 -0.000000339881
800.815002000  8.200000000 -0.000000437217
800.840027000  8.200000000 -0.000000536953
800.864990000  8.200000000 -0.000000628294
800.890015000  8.200000000 -0.000000700286
800.915039000  8.200000000 -0.000000760030
800.940002000  8.200000000 -0.000000810794
800.965027000  8.200000000 -0.000000854621
800.989990000  8.200000000 -0.000000899612
801.015015000  8.200000000 -0.000000936364
801.040039000  8.200000000 -0.000000956171
801.065002000  8.200000000 -0.000000968731
801.090027000  8.200000000 -0.000000980135
801.114990000  8.200000000 -0.000000990633
801.140015000  8.200000000 -0.000000996370
801.165039000  8.200000000 -0.000000987843
801.190002000  8.200000000 -0.000000960146
801.215027000  8.200000000 -0.000000914199
801.239990000  8.200000000 -0.000000861670
801.265015000  8.200000000 -0.000000806194
801.290039000  8.200000000 -0.000000741755
801.315002000  8.200000000 -0.000000673779
801.340027000  8.200000000 -0.000000603420
801.364990000  8.200000000 -0.000000533182
801.390015000  8.200000000 -0.000000469734
801.415039000  8.200000000 -0.000000420795
801.440002000  8.200000000 -0.000000387945
801.465027000  8.200000000 -0.000000368212
801.489990000  8.200000000 -0.000000366820
801.515015000  8.200000000 -0.000000377241
801.540039000  8.200000000 -0.000000387693
801.565002000  8.200000000 -0.000000396932
801.590027000  8.200000000 -0.000000408223
801.614990000  8.200000000 -0.000000420821
801.640015000  8.200000000 -0.000000433375
801.665039000  8.200000000 -0.000000435546
801.690002000  8.200000000 -0.000000423910
801.715027000  8.200000000 -0.000000415927
801.739990000  8.200000000 -0.000000401161
801.765015000  8.200000000 -0.000000375907
801.790039000  8.200000000 -0.000000347408
801.815002000  8.200000000 -0.000000308259
801.840027000  8.200000000 -0.000000257515
801.864990000  8.200000000 -0.000000210843
801.890015000  8.200000000 -0.000000163646
801.915039000  8.200000000 -0.000000116782
801.940002000  8.200000000 -0.000000074805
801.965027000  8.200000000 -0.000000025511
801.989990000  8.200000000 0.000000014365
802.015015000  8.200000000 0.000000043956
802.040039000  8.200000000 0.000000065637
802.065002000  8.200000000 0.000000089528
802.090027000  8.200000000 0.000000131778
802.114990000  8.200000000 0.000000173297
802.140015000  8.200000000 0.000000213253
802.165039000  8.200000000 0.000000253286
802.190002000  8.200000000 0.000000285735
802.215027000  8.200000000 0.000000313000
802.239990000  8.200000000 0.000000327297
802.265015000  8.200000000 0.000000328931
802.290039000  8.200000000 0.000000313713
802.315002000  8.200000000 0.000000284894
802.340027000  8.200000000 0.000000248611
802.364990000  8.200000000 0.000000210397
802.390015000  8.200000000 0.000000177966
802.415039000  8.200000000 0.000000152631
802.440002000  8.200000000 0.000000125802
802.465027000  8.200000000 0.000000103920
802.489990000  8.200000000 0.000000089205
802.515015000  8.200000000 0.000000064494
802.540039000  8.200000000 0.000000046644
802.565002000  8.200000000 0.000000037119
802.590027000  8.200000000 0.000000032087
802.614990000  8.200000000 0.000000045060
802.640015000  8.200000000 0.000000063004
802.665039000  8.200000000 0.000000068132
802.690002000  8.200000000 0.000000066479
802.715027000  8.200000000 0.000000072813
802.739990000  8.200000000 0.000000096569
802.765015000  8.200000000 0.000000147150
802.790039000  8.200000000 0.000000202166
802.815002000  8.200000000 0.000000251057
802.840027000  8.200000000 0.000000296876
802.864990000  8.200000000 0.000000327701
802.890015000  8.200000000 0.000000349576
802.915039000  8.200000000 0.000000364493
802.940002000  8.200000000 0.000000369570
802.965027000  8.200000000 0.000000364287
802.989990000  8.200000000 0.000000353512
803.015015000  8.200000000 0.000000341083
803.040039000  8.200000000 0.000000328403
803.065002000  8.200000000 0.000000320736
803.090027000  8.200000000 0.000000324709
803.114990000  8.200000000 0.000000323933
803.140015000  8.200000000 0.000000311699
803.165039000  8.200000000 0.000000294032
803.190002000  8.200000000 0.000000269083
803.215027000  8.200000000 0.000000244317
803.239990000  8.200000000 0.000000216064
803.265015000  8.200000000 0.000000181732
803.290039000  8.200000000 0.000000148528
803.315002000  8.200000000 0.000000119265
803.340027000  8.200000000 0.000000098478
803.364990000  8.200000000 0.000000074546
803.390015000  8.200000000 0.000000045969
803.415039000  8.200000000 0.000000011860
803.440002000  8.200000000 -0.000000025526
803.465027000  8.200000000 -0.000000064412
803.489990000  8.200000000 -0.000000107126
803.515015000  8.200000000 -0.000000146634
803.540039000  8.200000000 -0.000000172350
803.565002000  8.200000000 -0.000000189334
803.590027000  8.200000000 -0.000000192482
803.614990000  8.200000000 -0.000000173981
803.640015000  8.200000000 -0.000000143249
803.665039000  8.200000000 -0.000000084158
803.690002000  8.200000000 -0.000000012131
803.715027000  8.200000000 0.000000055580
803.739990000  8.200000000 0.000000123131
803.765015000  8.200000000 0.000000192727
803.790039000  8.200000000 0.000000255096
803.815002000  8.200000000 0.000000301180
803.840027000  8.200000000 0.000000332747
803.864990000  8.200000000 0.000000363149
803.890015000  8.200000000 0.000000392392
803.915039000  8.200000000 0.000000417080
803.940002000  8.200000000 0.000000440592
803.965027000  8.200000000 0.000000451511
803.989990000  8.200000000 0.000000452281
804.015015000  8.200000000 0.000000440280
804.040039000  8.200000000 0.000000415100
804.065002000  8.200000000 0.000000380348
804.090027000  8.200000000 0.000000338583
804.114990000  8.200000000 0.000000297986
804.140015000  8.200000000 0.000000258617
804.165039000  8.200000000 0.000000227674
804.190002000  8.200000000 0.000000219186
804.215027000  8.200000000 0.000000231497
804.239990000  8.200000000 0.000000262604
804.265015000  8.200000000 0.000000299261
804.290039000  8.200000000 0.000000330901
804.315002000  8.200000000 0.000000358658
804.340027000  8.200000000 0.000000375048
804.364990000  8.200000000 0.000000395031
804.390015000  8.200000000 0.000000405773
804.415039000  8.200000000 0.000000390497
804.440002000  8.200000000 0.000000367615
804.465027000  8.200000000 0.000000345145
804.489990000  8.200000000 0.000000321378
804.515015000  8.200000000 0.000000296010
804.540039000  8.200000000 0.000000270257
804.565002000  8.200000000 0.000000244891
804.590027000  8.200000000 0.000000217111
804.614990000  8.200000000 0.000000174194
804.640015000  8.200000000 0.000000112440
804.665039000  8.200000000 0.000000036304
804.690002000  8.200000000 -0.000000043333
804.715027000  8.200000000 -0.000000120082
804.739990000  8.200000000 -0.000000190306
804.765015000  8.200000000 -0.000000262795
804.790039000  8.200000000 -0.000000341558
804.815002000  8.200000000 -0.000000412579
804.840027000  8.200000000 -0.000000482482
804.864990000  8.200000000 -0.000000553637
804.890015000  8.200000000 -0.000000636226
804.915039000  8.200000000 -0.000000730073
804.940002000  8.200000000 -0.000000821480
804.965027000  8.200000000 -0.000000916797
804.989990000  8.200000000 -0.000001014229
805.015015000  8.200000000 -0.000001101448
805.040039000  8.200000000 -0.000001176474
805.065002000  8.200000000 -0.000001241318
805.090027000  8.200000000 -0.000001294782
805.114990000  8.200000000 -0.000001348684
805.140015000  8.200000000 -0.000001411221
805.165039000  8.200000000 -0.000001482440
805.190002000  8.200000000 -0.000001556454
805.215027000  8.200000000 -0.000001629536
805.239990000  8.200000000 -0.000001697561
805.265015000  8.200000000 -0.000001753447
805.290039000  8.200000000 -0.000001810289
805.315002000  8.200000000 -0.000001875475
805.340027000  8.200000000 -0.000001938661
805.364990000  8.200000000 -0.000001981017
805.390015000  8.200000000 -0.000001996181
805.415039000  8.200000000 -0.000001995646
805.440002000  8.200000000 -0.000001979258
805.465027000  8.200000000 -0.000001957333
805.489990000  8.200000000 -0.000001932948
805.515015000  8.200000000 -0.000001903987
805.540039000  8.200000000 -0.000001876947
805.565002000  8.200000000 -0.000001849770
805.590027000  8.200000000 -0.000001824511
805.614990000  8.200000000 -0.000001794711
805.640015000  8.200000000 -0.000001760272
805.665039000  8.200000000 -0.000001723045
805.690002000  8.200000000 -0.000001678797
805.715027000  8.200000000 -0.000001629680
805.739990000  8.200000000 -0.000001579023
805.765015000  8.200000000 -0.000001535874
805.790039000  8.200000000 -0.000001497133
805.815002000  8.200000000 -0.000001449980
805.840027000  8.200000000 -0.000001398753
805.864990000  8.200000000 -0.000001351650
805.890015000  8.200000000 -0.000001306659
805.915039000  8.200000000 -0.000001276493
805.940002000  8.200000000 -0.000001262111
805.965027000  8.200000000 -0.000001248948
805.989990000  8.200000000 -0.000001237025
806.015015000  8.200000000 -0.000001225652
806.040039000  8.200000000 -0.000001209231
806.065002000  8.200000000 -0.000001189080
806.090027000  8.200000000 -0.000001176430
806.114990000  8.200000000 -0.000001170700
806.140015000  8.200000000 -0.000001165055
806.165039000  8.200000000 -0.000001157774
806.190002000  8.200000000 -0.000001147433
806.215027000  8.200000000 -0.000001116779
806.239990000  8.200000000 -0.000001064897
806.265015000  8.200000000 -0.000001011861
806.290039000  8.200000000 -0.000000949975
806.315002000  8.200000000 -0.000000882043
806.340027000  8.200000000 -0.000000810589
806.364990000  8.200000000 -0.000000738502
806.390015000  8.200000000 -0.000000671945
806.415039000  8.200000000 -0.000000615404
806.440002000  8.200000000 -0.000000571798
806.465027000  8.200000000 -0.000000534204
806.489990000  8.200000000 -0.000000505269
806.515015000  8.200000000 -0.000000488408
806.540039000  8.200000000 -0.000000479137
806.565002000  8.200000000 -0.000000473071
806.590027000  8.200000000 -0.000000481917
806.614990000  8.200000000 -0.000000501861
806.640015000  8.200000000 -0.000000527322
806.665039000  8.200000000 -0.000000546294
806.690002000  8.200000000 -0.000000559552
806.715027000  8.200000000 -0.000000578323
806.739990000  8.200000000 -0.000000601294
806.765015000  8.200000000 -0.000000634657
806.790039000  8.200000000 -0.000000671823
806.815002000  8.200000000 -0.000000702241
806.840027000  8.200000000 -0.000000729233
806.864990000  8.200000000 -0.000000743444
806.890015000  8.200000000 -0.000000745100
806.915039000  8.200000000 -0.000000743469
806.940002000  8.200000000 -0.000000729833
806.965027000  8.200000000 -0.000000712918
806.989990000  8.200000000 -0.000000694238
807.015015000  8.200000000 -0.000000667158
807.040039000  8.200000000 -0.000000645381
807.065002000  8.200000000 -0.000000630084
807.090027000  8.200000000 -0.000000629315
807.114990000  8.200000000 -0.000000638274
807.140015000  8.200000000 -0.000000652898
807.165039000  8.200000000 -0.000000667464
807.190002000  8.200000000 -0.000000669315
807.215027000  8.200000000 -0.000000662969
807.239990000  8.200000000 -0.000000645775
807.265015000  8.200000000 -0.000000626561
807.290039000  8.200000000 -0.000000601374
807.315002000  8.200000000 -0.000000568199
807.340027000  8.200000000 -0.000000536503
807.364990000  8.200000000 -0.000000513257
807.390015000  8.200000000 -0.000000493952
807.415039000  8.200000000 -0.000000470551
807.440002000  8.200000000 -0.000000448248
807.465027000  8.200000000 -0.000000427390
807.489990000  8.200000000 -0.000000410189
807.515015000  8.200000000 -0.000000396060
807.540039000  8.200000000 -0.000000385386
807.565002000  8.200000000 -0.000000368037
807.590027000  8.200000000 -0.000000333775
807.614990000  8.200000000 -0.000000290959
807.640015000  8.200000000 -0.000000241771
807.665039000  8.200000000 -0.000000186312
807.690002000  8.200000000 -0.000000125035
807.715027000  8.200000000 -0.000000078281
807.739990000  8.200000000 -0.000000049622
807.765015000  8.200000000 -0.000000036027
807.790039000  8.200000000 -0.000000035059
807.815002000  8.200000000 -0.000000040410
807.840027000  8.200000000 -0.000000052570
807.864990000  8.200000000 -0.000000059024
807.890015000  8.200000000 -0.000000063340
807.915039000  8.200000000 -0.000000059368
807.940002000  8.200000000 -0.000000051913
807.965027000  8.200000000 -0.000000047250
807.989990000  8.200000000 -0.000000032615
808.015015000  8.200000000 -0.000000011567
808.040039000  8.200000000 0.000000011607
808.065002000  8.200000000 0.000000029590
808.090027000  8.200000000 0.000000041839
808.114990000  8.200000000 0.000000055129
808.140015000  8.200000000 0.000000069128
808.165039000  8.200000000 0.000000079543
808.190002000  8.200000000 0.000000086200
808.215027000  8.200000000 0.000000095543
808.239990000  8.200000000 0.000000102488
808.265015000  8.200000000 0.000000095745
808.290039000  8.200000000 0.000000072515
808.315002000  8.200000000 0.000000039102
808.340027000  8.200000000 0.000000003153
808.364990000  8.200000000 -0.000000027487
808.390015000  8.200000000 -0.000000050487
808.415039000  8.200000000 -0.000000069226
808.440002000  8.200000000 -0.000000078283
808.465027000  8.200000000 -0.000000075365
808.489990000  8.200000000 -0.000000055237
808.515015000  8.200000000 -0.000000026459
808.540039000  8.200000000 -0.000000000054
808.565002000  8.200000000 0.000000018310
808.590027000  8.200000000 0.000000024141
808.614990000  8.200000000 0.000000015272
808.640015000  8.200000000 -0.000000011691
808.665039000  8.200000000 -0.000000046549
808.690002000  8.200000000 -0.000000086191
808.715027000  8.200000000 -0.000000131115
808.739990000  8.200000000 -0.000000166520
808.765015000  8.200000000 -0.000000195849
808.790039000  8.200000000 -0.000000227288
808.815002000  8.200000000 -0.000000259600
808.840027000  8.200000000 -0.000000294701
808.864990000  8.200000000 -0.000000330793
808.890015000  8.200000000 -0.000000362679
808.915039000  8.200000000 -0.000000388254
808.940002000  8.200000000 -0.000000411983
808.965027000  8.200000000 -0.000000439466
808.989990000  8.200000000 -0.000000473027
809.015015000  8.200000000 -0.000000498128
809.040039000  8.200000000 -0.000000506554
809.065002000  8.200000000 -0.000000505917
809.090027000  8.200000000 -0.000000489313
809.114990000  8.200000000 -0.000000458897
809.140015000  8.200000000 -0.000000431162
809.165039000  8.200000000 -0.000000405650
809.190002000  8.200000000 -0.000000382403
809.215027000  8.200000000 -0.000000352820
809.239990000  8.200000000 -0.000000320418
809.265015000  8.200000000 -0.000000292598
809.290039000  8.200000000 -0.000000260395
809.315002000  8.200000000 -0.000000222338
809.340027000  8.200000000 -0.000000178796
809.364990000  8.200000000 -0.000000129447
809.390015000  8.200000000 -0.000000078949
809.415039000  8.200000000 -0.000000035610
809.440002000  8.200000000 0.000000002539
809.465027000  8.200000000 0.000000039402
809.489990000  8.200000000 0.000000068116
809.515015000  8.200000000 0.000000090165
809.540039000  8.200000000 0.000000094269
809.565002000  8.200000000 0.000000081560
809.590027000  8.200000000 0.000000062970
809.614990000  8.200000000 0.000000043598
809.640015000  8.200000000 0.000000029940
809.665039000  8.200000000 0.000000017889
809.690002000  8.200000000 0.000000007542
809.715027000  8.200000000 0.000000008345
809.739990000  8.200000000 0.000000014074
809.765015000  8.200000000 0.000000029960
809.790039000  8.200000000 0.000000044421
809.815002000  8.200000000 0.000000058459
809.840027000  8.200000000 0.000000088635
809.864990000  8.200000000 0.000000110650
809.890015000  8.200000000 0.000000129528
809.915039000  8.200000000 0.000000143350
809.940002000  8.200000000 0.000000159521
809.965027000  8.200000000 0.000000172606
809.989990000  8.200000000 0.000000170505
810.015015000  8.200000000 0.000000170361
810.040039000  8.200000000 0.000000165097
810.065002000  8.200000000 0.000000160906
810.090027000  8.200000000 0.000000161403
810.114990000  8.200000000 0.000000158271
810.140015000  8.200000000 0.000000152490
810.165039000  8.200000000 0.000000137841
810.190002000  8.200000000 0.000000124276
810.215027000  8.200000000 0.000000117520
810.239990000  8.200000000 0.000000118840
810.265015000  8.200000000 0.000000132577
810.290039000  8.200000000 0.000000163135
810.315002000  8.200000000 0.000000206812
810.340027000  8.200000000 0.000000250225
810.364990000  8.200000000 0.000000288025
810.390015000  8.200000000 0.000000322392
810.415039000  8.200000000 0.000000342449
810.440002000  8.200000000 0.000000341756
810.465027000  8.200000000 0.000000344863
810.489990000  8.200000000 0.000000350725
810.515015000  8.200000000 0.000000345162
810.540039000  8.200000000 0.000000344400
810.565002000  8.200000000 0.000000349178
810.590027000  8.200000000 0.000000354102
810.614990000  8.200000000 0.000000368532
810.640015000  8.200000000 0.000000385363
810.665039000  8.200000000 0.000000386556
810.690002000  8.200000000 0.000000374755
810.715027000  8.200000000 0.000000360639
810.739990000  8.200000000 0.000000344808
810.765015000  8.200000000 0.000000324359
810.790039000  8.200000000 0.000000295862
810.815002000  8.200000000 0.000000277223
810.840027000  8.200000000 0.000000277197
810.864990000  8.200000000 0.000000287624
810.890015000  8.200000000 0.000000308041
810.915039000  8.200000000 0.000000330775
810.940002000  8.200000000 0.000000356596
810.965027000  8.200000000 0.000000391884
810.989990000  8.200000000 0.000000438221
811.015015000  8.200000000 0.000000494746
811.040039000  8.200000000 0.000000556912
811.065002000  8.200000000 0.000000623913
811.090027000  8.200000000 0.000000690883
811.114990000  8.200000000 0.000000745779
811.140015000  8.200000000 0.000000788032
811.165039000  8.200000000 0.000000820723
811.190002000  8.200000000 0.000000843752
811.215027000  8.200000000 0.000000854848
811.239990000  8.200000000 0.000000848801
811.265015000  8.200000000 0.000000838172
811.290039000  8.200000000 0.000000827783
811.315002000  8.200000000 0.000000820201
811.340027000  8.200000000 0.000000825604
811.364990000  8.200000000 0.000000824715
811.390015000  8.200000000 0.000000816987
811.415039000  8.200000000 0.000000822443
811.440002000  8.200000000 0.000000820810
811.465027000  8.200000000 0.000000803493
811.489990000  8.200000000 0.000000779566
811.515015000  8.200000000 0.000000756490
811.540039000  8.200000000 0.000000742732
811.565002000  8.200000000 0.000000750271
811.590027000  8.200000000 0.000000772308
811.614990000  8.200000000 0.000000791035
811.640015000  8.200000000 0.000000813942
811.665039000  8.200000000 0.000000837062
811.690002000  8.200000000 0.000000846960
811.715027000  8.200000000 0.000000839053
811.739990000  8.200000000 0.000000818437
811.765015000  8.200000000 0.000000785794
811.790039000  8.200000000 0.000000749743
811.815002000  8.200000000 0.000000719582
811.840027000  8.200000000 0.000000685920
811.864990000  8.200000000 0.000000638837
811.890015000  8.200000000 0.000000574049
811.915039000  8.200000000 0.000000500506
811.940002000  8.200000000 0.000000418101
811.965027000  8.200000000 0.000000342147
811.989990000  8.200000000 0.000000280945
812.015015000  8.200000000 0.000000223919
812.040039000  8.200000000 0.000000173262
812.065002000  8.200000000 0.000000123490
812.090027000  8.200000000 0.000000084510
812.114990000  8.200000000 0.000000064026
812.140015000  8.200000000 0.000000057991
812.165039000  8.200000000 0.000000058606
812.190002000  8.200000000 0.000000058726
812.215027000  8.200000000 0.000000052341
812.239990000  8.200000000 0.000000039108
812.265015000  8.200000000 0.000000018358
812.290039000  8.200000000 -0.000000004949
812.315002000  8.200000000 -0.000000025991
812.340027000  8.200000000 -0.000000048839
812.364990000  8.200000000 -0.000000055535
812.390015000  8.200000000 -0.000000058701
812.415039000  8.200000000 -0.000000063635
812.440002000  8.200000000 -0.000000062637
812.465027000  8.200000000 -0.000000064074
812.489990000  8.200000000 -0.000000070457
812.515015000  8.200000000 -0.000000075476
812.540039000  8.200000000 -0.000000073435
812.565002000  8.200000000 -0.000000064393
812.590027000  8.200000000 -0.000000043368
812.614990000  8.200000000 -0.000000005607
812.640015000  8.200000000 0.000000046056
812.665039000  8.200000000 0.000000102197
812.690002000  8.200000000 0.000000154570
812.715027000  8.200000000 0.000000193816
812.739990000  8.200000000 0.000000220369
812.765015000  8.200000000 0.000000243023
812.790039000  8.200000000 0.000000268169
812.815002000  8.200000000 0.000000294070
812.840027000  8.200000000 0.000000326492
812.864990000  8.200000000 0.000000364395
812.890015000  8.200000000 0.000000409366
812.915039000  8.200000000 0.000000461635
812.940002000  8.200000000 0.000000515213
812.965027000  8.200000000 0.000000566352
812.989990000  8.200000000 0.000000609877
813.015015000  8.200000000 0.000000640016
813.040039000  8.200000000 0.000000657328
813.065002000  8.200000000 0.000000664845
813.090027000  8.200000000 0.000000666414
813.114990000  8.200000000 0.000000668795
813.140015000  8.200000000 0.000000672113
813.165039000  8.200000000 0.000000677900
813.190002000  8.200000000 0.000000685008
813.215027000  8.200000000 0.000000689242
813.239990000  8.200000000 0.000000696644
813.265015000  8.200000000 0.000000694981
813.290039000  8.200000000 0.000000682012
813.315002000  8.200000000 0.000000673689
813.340027000  8.200000000 0.000000671435
813.364990000  8.200000000 0.000000662909
813.390015000  8.200000000 0.000000641722
813.415039000  8.200000000 0.000000618198
813.440002000  8.200000000 0.000000600308
813.465027000  8.200000000 0.000000600832
813.489990000  8.200000000 0.000000619347
813.515015000  8.200000000 0.000000643086
813.540039000  8.200000000 0.000000668963
813.565002000  8.200000000 0.000000697310
813.590027000  8.200000000 0.000000722343
813.614990000  8.200000000 0.000000740008
813.640015000  8.200000000 0.000000756774
813.665039000  8.200000000 0.000000767966
813.690002000  8.200000000 0.000000772293
813.715027000  8.200000000 0.000000766551
813.739990000  8.200000000 0.000000746277
813.765015000  8.200000000 0.000000715011
813.790039000  8.200000000 0.000000674684
813.815002000  8.200000000 0.000000629445
813.840027000  8.200000000 0.000000567919
813.864990000  8.200000000 0.000000492906
813.890015000  8.200000000 0.000000415523
813.915039000  8.200000000 0.000000337420
813.940002000  8.200000000 0.000000256734
813.965027000  8.200000000 0.000000182194
813.989990000  8.200000000 0.000000117094
814.015015000  8.200000000 0.000000062815
814.040039000  8.200000000 0.000000021489
814.065002000  8.200000000 -0.000000021372
814.090027000  8.200000000 -0.000000065353
814.114990000  8.200000000 -0.000000100666
814.140015000  8.200000000 -0.000000130974
814.165039000  8.200000000 -0.000000163309
814.190002000  8.200000000 -0.000000194881
814.215027000  8.200000000 -0.000000231147
814.239990000  8.200000000 -0.000000269894
814.265015000  8.200000000 -0.000000298587
814.290039000  8.200000000 -0.000000321050
814.315002000  8.200000000 -0.000000338775
814.340027000  8.200000000 -0.000000348513
814.364990000  8.200000000 -0.000000345237
814.390015000  8.200000000 -0.000000342890
814.415039000  8.200000000 -0.000000345761
814.440002000  8.200000000 -0.000000348809
814.465027000  8.200000000 -0.000000357560
814.489990000  8.200000000 -0.000000362756
814.515015000  8.200000000 -0.000000360096
814.540039000  8.200000000 -0.000000354963
814.565002000  8.200000000 -0.000000342019
814.590027000  8.200000000 -0.000000315425
814.614990000  8.200000000 -0.000000284550
814.640015000  8.200000000 -0.000000247271
814.665039000  8.200000000 -0.000000200840
814.690002000  8.200000000 -0.000000152155
814.715027000  8.200000000 -0.000000111857
814.739990000  8.200000000 -0.000000080991
814.765015000  8.200000000 -0.000000049676
814.790039000  8.200000000 -0.000000031403
814.815002000  8.200000000 -0.000000014420
814.840027000  8.200000000 0.000000015795
814.864990000  8.200000000 0.000000053311
814.890015000  8.200000000 0.000000102335
814.915039000  8.200000000 0.000000155099
814.940002000  8.200000000 0.000000209612
814.965027000  8.200000000 0.000000266426
814.989990000  8.200000000 0.000000321446
815.015015000  8.200000000 0.000000374210
815.040039000  8.200000000 0.000000419774
815.065002000  8.200000000 0.000000457875
815.090027000  8.200000000 0.000000487379
815.114990000  8.200000000 0.000000509459
815.140015000  8.200000000 0.000000525828
815.165039000  8.200000000 0.000000539700
815.190002000  8.200000000 0.000000543501
815.215027000  8.200000000 0.000000537595
815.239990000  8.200000000 0.000000529273
815.265015000  8.200000000 0.000000509430
815.290039000  8.200000000 0.000000479959
815.315002000  8.200000000 0.000000445468
815.340027000  8.200000000 0.000000407500
815.364990000  8.200000000 0.000000365283
815.390015000  8.200000000 0.000000326661
815.415039000  8.200000000 0.000000289500
815.440002000  8.200000000 0.000000253110
815.465027000  8.200000000 0.000000225390
815.489990000  8.200000000 0.000000208364
815.515015000  8.200000000 0.000000192408
815.540039000  8.200000000 0.000000170954
815.565002000  8.200000000 0.000000147270
815.590027000  8.200000000 0.000000118103
815.614990000  8.200000000 0.000000087256
815.640015000  8.200000000 0.000000051811
815.665039000  8.200000000 0.000000008344
815.690002000  8.200000000 -0.000000040782
815.715027000  8.200000000 -0.000000084447
815.739990000  8.200000000 -0.000000115000
815.765015000  8.200000000 -0.000000140951
815.790039000  8.200000000 -0.000000160010
815.815002000  8.200000000 -0.000000167901
815.840027000  8.200000000 -0.000000170527
815.864990000  8.200000000 -0.000000173293
815.890015000  8.200000000 -0.000000171799
815.915039000  8.200000000 -0.000000173759
815.940002000  8.200000000 -0.000000179537
815.965027000  8.200000000 -0.000000181257
815.989990000  8.200000000 -0.000000181039
816.015015000  8.200000000 -0.000000181464
816.040039000  8.200000000 -0.000000179059
816.065002000  8.200000000 -0.000000171442
816.090027000  8.200000000 -0.000000162801
816.114990000  8.200000000 -0.000000152660
816.140015000  8.200000000 -0.000000154094
816.165039000  8.200000000 -0.000000177040
816.190002000  8.200000000 -0.000000215236
816.215027000  8.200000000 -0.000000256722
816.239990000  8.200000000 -0.000000290227
816.265015000  8.200000000 -0.000000310495
816.290039000  8.200000000 -0.000000319665
816.315002000  8.200000000 -0.000000335927
816.340027000  8.200000000 -0.000000366366
816.364990000  8.200000000 -0.000000399396
816.390015000  8.200000000 -0.000000439193
816.415039000  8.200000000 -0.000000481627
816.440002000  8.200000000 -0.000000513232
816.465027000  8.200000000 -0.000000540529
816.489990000  8.200000000 -0.000000558609
816.515015000  8.200000000 -0.000000560836
816.540039000  8.200000000 -0.000000552785
816.565002000  8.200000000 -0.000000544501
816.590027000  8.200000000 -0.000000538525
816.614990000  8.200000000 -0.000000530655
816.640015000  8.200000000 -0.000000518450
816.665039000  8.200000000 -0.000000504846
816.690002000  8.200000000 -0.000000495764
816.715027000  8.200000000 -0.000000484574
816.739990000  8.200000000 -0.000000474007
816.765015000  8.200000000 -0.000000454767
816.790039000  8.200000000 -0.000000421334
816.815002000  8.200000000 -0.000000380859
816.840027000  8.200000000 -0.000000329929
816.864990000  8.200000000 -0.000000278578
816.890015000  8.200000000 -0.000000229535
816.915039000  8.200000000 -0.000000182456
816.940002000  8.200000000 -0.000000141931
816.965027000  8.200000000 -0.000000102526
816.989990000  8.200000000 -0.000000067245
817.015015000  8.200000000 -0.000000035562
817.040039000  8.200000000 -0.000000003861
817.065002000  8.200000000 0.000000029299
817.090027000  8.200000000 0.000000066321
817.114990000  8.200000000 0.000000091982
817.140015000  8.200000000 0.000000116250
817.165039000  8.200000000 0.000000144366
817.190002000  8.200000000 0.000000160607
817.215027000  8.200000000 0.000000172113
817.239990000  8.200000000 0.000000179485
817.265015000  8.200000000 0.000000180254
817.290039000  8.200000000 0.000000184992
817.315002000  8.200000000 0.000000197139
817.340027000  8.200000000 0.000000202234
817.364990000  8.200000000 0.000000190066
817.390015000  8.200000000 0.000000165962
817.415039000  8.200000000 0.000000141030
817.440002000  8.200000000 0.000000122593
817.465027000  8.200000000 0.000000108917
817.489990000  8.200000000 0.000000096770
817.515015000  8.200000000 0.000000081933
817.540039000  8.200000000 0.000000069173
817.565002000  8.200000000 0.000000059685
817.590027000  8.200000000 0.000000042384
817.614990000  8.200000000 0.000000026177
817.640015000  8.200000000 0.000000013142
817.665039000  8.200000000 -0.000000007741
817.690002000  8.200000000 -0.000000031620
817.715027000  8.200000000 -0.000000051718
817.739990000  8.200000000 -0.000000075224
817.765015000  8.200000000 -0.000000104088
817.790039000  8.200000000 -0.000000133809
817.815002000  8.200000000 -0.000000171959
817.840027000  8.200000000 -0.000000216836
817.864990000  8.200000000 -0.000000253288
817.890015000  8.200000000 -0.000000278088
817.915039000  8.200000000 -0.000000295906
817.940002000  8.200000000 -0.000000309824
817.965027000  8.200000000 -0.000000322396
817.989990000  8.200000000 -0.000000335633
818.015015000  8.200000000 -0.000000352326
818.040039000  8.200000000 -0.000000369011
818.065002000  8.200000000 -0.000000387973
818.090027000  8.200000000 -0.000000417495
818.114990000  8.200000000 -0.000000447717
818.140015000  8.200000000 -0.000000478127
818.165039000  8.200000000 -0.000000517982
818.190002000  8.200000000 -0.000000562312
818.215027000  8.200000000 -0.000000602609
818.239990000  8.200000000 -0.000000634537
818.265015000  8.200000000 -0.000000651622
818.290039000  8.200000000 -0.000000658643
818.315002000  8.200000000 -0.000000662069
818.340027000  8.200000000 -0.000000665477
818.364990000  8.200000000 -0.000000671970
818.390015000  8.200000000 -0.000000669303
818.415039000  8.200000000 -0.000000655770
818.440002000  8.200000000 -0.000000641610
818.465027000  8.200000000 -0.000000616295
818.489990000  8.200000000 -0.000000580390
818.515015000  8.200000000 -0.000000548916
818.540039000  8.200000000 -0.000000518479
818.565002000  8.200000000 -0.000000492182
818.590027000  8.200000000 -0.000000465513
818.614990000  8.200000000 -0.000000421120
818.640015000  8.200000000 -0.000000371162
818.665039000  8.200000000 -0.000000328155
818.690002000  8.200000000 -0.000000285347
818.715027000  8.200000000 -0.000000245258
818.739990000  8.200000000 -0.000000210379
818.765015000  8.200000000 -0.000000174869
818.790039000  8.200000000 -0.000000145308
818.815002000  8.200000000 -0.000000124712
818.840027000  8.200000000 -0.000000108322
818.864990000  8.200000000 -0.000000087600
818.890015000  8.200000000 -0.000000057778
818.915039000  8.200000000 -0.000000022648
818.940002000  8.200000000 0.000000019932
818.965027000  8.200000000 0.000000062683
818.989990000  8.200000000 0.000000101193
819.015015000  8.200000000 0.000000131402
819.040039000  8.200000000 0.000000151312
819.065002000  8.200000000 0.000000162190
819.090027000  8.200000000 0.000000164853
819.114990000  8.200000000 0.000000159077
819.140015000  8.200000000 0.000000144375
819.165039000  8.200000000 0.000000125150
819.190002000  8.200000000 0.000000096862
819.215027000  8.200000000 0.000000060516
819.239990000  8.200000000 0.000000022068
819.265015000  8.200000000 -0.000000014267
819.290039000  8.200000000 -0.000000044908
819.315002000  8.200000000 -0.000000067971
819.340027000  8.200000000 -0.000000072350
819.364990000  8.200000000 -0.000000068196
819.390015000  8.200000000 -0.000000071666
819.415039000  8.200000000 -0.000000097765
819.440002000  8.200000000 -0.000000146872
819.465027000  8.200000000 -0.000000198749
819.489990000  8.200000000 -0.000000260497
819.515015000  8.200000000 -0.000000324252
819.540039000  8.200000000 -0.000000381074
819.565002000  8.200000000 -0.000000433693
819.590027000  8.200000000 -0.000000463289
819.614990000  8.200000000 -0.000000479752
819.640015000  8.200000000 -0.000000491599
819.665039000  8.200000000 -0.000000493309
819.690002000  8.200000000 -0.000000488673
819.715027000  8.200000000 -0.000000470983
819.739990000  8.200000000 -0.000000447527
819.765015000  8.200000000 -0.000000427719
819.790039000  8.200000000 -0.000000413636
819.815002000  8.200000000 -0.000000403450
819.840027000  8.200000000 -0.000000390171
819.864990000  8.200000000 -0.000000375616
819.890015000  8.200000000 -0.000000361438
819.915039000  8.200000000 -0.000000343007
819.940002000  8.200000000 -0.000000332395
819.965027000  8.200000000 -0.000000325036
819.989990000  8.200000000 -0.000000304710
820.015015000  8.200000000 -0.000000276440
820.040039000  8.200000000 -0.000000241884
820.065002000  8.200000000 -0.000000204807
820.090027000  8.200000000 -0.000000165548
820.114990000  8.200000000 -0.000000125823
820.140015000  8.200000000 -0.000000075969
820.165039000  8.200000000 -0.000000021461
820.190002000  8.200000000 0.000000029336
820.215027000  8.200000000 0.000000072266
820.239990000  8.200000000 0.000000103515
820.265015000  8.200000000 0.000000128733
820.290039000  8.200000000 0.000000136858
820.315002000  8.200000000 0.000000136164
820.340027000  8.200000000 0.000000134752
820.364990000  8.200000000 0.000000130907
820.390015000  8.200000000 0.000000133796
820.415039000  8.200000000 0.000000139654
820.440002000  8.200000000 0.000000145712
820.465027000  8.200000000 0.000000153108
820.489990000  8.200000000 0.000000158991
820.515015000  8.200000000 0.000000160580
820.540039000  8.200000000 0.000000154828
820.565002000  8.200000000 0.000000140960
820.590027000  8.200000000 0.000000116571
820.614990000  8.200000000 0.000000080552
820.640015000  8.200000000 0.000000039188
820.665039000  8.200000000 0.000000001320
820.690002000  8.200000000 -0.000000034518
820.715027000  8.200000000 -0.000000059608
820.739990000  8.200000000 -0.000000068485
820.765015000  8.200000000 -0.000000074107
820.790039000  8.200000000 -0.000000070820
820.815002000  8.200000000 -0.000000063683
820.840027000  8.200000000 -0.000000065097
820.864990000  8.200000000 -0.000000058896
820.890015000  8.200000000 -0.000000051107
820.915039000  8.200000000 -0.000000054909
820.940002000  8.200000000 -0.000000065092
820.965027000  8.200000000 -0.000000074017
820.989990000  8.200000000 -0.000000081672
821.015015000  8.200000000 -0.000000082606
821.040039000  8.200000000 -0.000000065676
821.065002000  8.200000000 -0.000000038475
821.090027000  8.200000000 -0.000000007493
821.114990000  8.200000000 0.000000023158
821.140015000  8.200000000 0.000000049791
821.165039000  8.200000000 0.000000070082
821.190002000  8.200000000 0.000000090320
821.215027000  8.200000000 0.000000111903
821.239990000  8.200000000 0.000000125760
821.265015000  8.200000000 0.000000137389
821.290039000  8.200000000 0.000000136296
821.315002000  8.200000000 0.000000123823
821.340027000  8.200000000 0.000000107815
821.364990000  8.200000000 0.000000088203
821.390015000  8.200000000 0.000000074657
821.415039000  8.200000000 0.000000057089
821.440002000  8.200000000 0.000000037326
821.465027000  8.200000000 0.000000019223
821.489990000  8.200000000 0.000000009019
821.515015000  8.200000000 0.000000012752
821.540039000  8.200000000 0.000000025694
821.565002000  8.200000000 0.000000041778
821.590027000  8.200000000 0.000000058900
821.614990000  8.200000000 0.000000078533
821.640015000  8.200000000 0.000000099984
821.665039000  8.200000000 0.000000128260
821.690002000  8.200000000 0.000000155316
821.715027000  8.200000000 0.000000183173
821.739990000  8.200000000 0.000000208009
821.765015000  8.200000000 0.000000227061
821.790039000  8.200000000 0.000000239444
821.815002000  8.200000000 0.000000247806
821.840027000  8.200000000 0.000000256578
821.864990000  8.200000000 0.000000254484
821.890015000  8.200000000 0.000000251499
821.915039000  8.200000000 0.000000252114
821.940002000  8.200000000 0.000000246982
821.965027000  8.200000000 0.000000239820
821.989990000  8.200000000 0.000000236933
822.015015000  8.200000000 0.000000231002
822.040039000  8.200000000 0.000000229909
822.065002000  8.200000000 0.000000240484
822.090027000  8.200000000 0.000000252178
822.114990000  8.200000000 0.000000264592
822.140015000  8.200000000 0.000000274906
822.165039000  8.200000000 0.000000292010
822.190002000  8.200000000 0.000000315170
822.215027000  8.200000000 0.000000333743
822.239990000  8.200000000 0.000000361348
822.265015000  8.200000000 0.000000388229
822.290039000  8.200000000 0.000000408885
822.315002000  8.200000000 0.000000432641
822.340027000  8.200000000 0.000000453483
822.364990000  8.200000000 0.000000471474
822.390015000  8.200000000 0.000000486992
822.415039000  8.200000000 0.000000491867
822.440002000  8.200000000 0.000000487370
822.465027000  8.200000000 0.000000478053
822.489990000  8.200000000 0.000000472557
822.515015000  8.200000000 0.000000466331
822.540039000  8.200000000 0.000000461024
822.565002000  8.200000000 0.000000457955
822.590027000  8.200000000 0.000000451038
822.614990000  8.200000000 0.000000460241
822.640015000  8.200000000 0.000000488248
822.665039000  8.200000000 0.000000532023
822.690002000  8.200000000 0.000000591909
822.715027000  8.200000000 0.000000655315
822.739990000  8.200000000 0.000000717388
822.765015000  8.200000000 0.000000779344
822.790039000  8.200000000 0.000000841243
822.815002000  8.200000000 0.000000915384
822.840027000  8.200000000 0.000000987666
822.864990000  8.200000000 0.000001050353
822.890015000  8.200000000 0.000001108097
822.915039000  8.200000000 0.000001151521
822.940002000  8.200000000 0.000001185665
822.965027000  8.200000000 0.000001212263
822.989990000  8.200000000 0.000001224919
823.015015000  8.200000000 0.000001241575
823.040039000  8.200000000 0.000001264014
823.065002000  8.200000000 0.000001282754
823.090027000  8.200000000 0.000001308880
823.114990000  8.200000000 0.000001329956
823.140015000  8.200000000 0.000001332108
823.165039000  8.200000000 0.000001327521
823.190002000  8.200000000 0.000001309648
823.215027000  8.200000000 0.000001275896
823.239990000  8.200000000 0.000001241614
823.265015000  8.200000000 0.000001203929
823.290039000  8.200000000 0.000001165417
823.315002000  8.200000000 0.000001127385
823.340027000  8.200000000 0.000001089069
823.364990000  8.200000000 0.000001053149
823.390015000  8.200000000 0.000001017177
823.415039000  8.200000000 0.000000985531
823.440002000  8.200000000 0.000000958814
823.465027000  8.200000000 0.000000928167
823.489990000  8.200000000 0.000000891747
823.515015000  8.200000000 0.000000856997
823.540039000  8.200000000 0.000000821668
823.565002000  8.200000000 0.000000775461
823.590027000  8.200000000 0.000000721076
823.614990000  8.200000000 0.000000662569
823.640015000  8.200000000 0.000000609848
823.665039000  8.200000000 0.000000565788
823.690002000  8.200000000 0.000000534231
823.715027000  8.200000000 0.000000514070
823.739990000  8.200000000 0.000000500715
823.765015000  8.200000000 0.000000494924
823.790039000  8.200000000 0.000000493960
823.815002000  8.200000000 0.000000498659
823.840027000  8.200000000 0.000000499694
823.864990000  8.200000000 0.000000501856
823.890015000  8.200000000 0.000000508147
823.915039000  8.200000000 0.000000514161
823.940002000  8.200000000 0.000000524707
823.965027000  8.200000000 0.000000541521
823.989990000  8.200000000 0.000000561661
824.015015000  8.200000000 0.000000574133
824.040039000  8.200000000 0.000000578972
824.065002000  8.200000000 0.000000582064
824.090027000  8.200000000 0.000000590152
824.114990000  8.200000000 0.000000609118
824.140015000  8.200000000 0.000000624947
824.165039000  8.200000000 0.000000632996
824.190002000  8.200000000 0.000000643368
824.215027000  8.200000000 0.000000656422
824.239990000  8.200000000 0.000000673456
824.265015000  8.200000000 0.000000689961
824.290039000  8.200000000 0.000000703870
824.315002000  8.200000000 0.000000728948
824.340027000  8.200000000 0.000000764902
824.364990000  8.200000000 0.000000804411
824.390015000  8.200000000 0.000000843472
824.415039000  8.200000000 0.000000875239
824.440002000  8.200000000 0.000000898748
824.465027000  8.200000000 0.000000914577
824.489990000  8.200000000 0.000000928733
824.515015000  8.200000000 0.000000945112
824.540039000  8.200000000 0.000000967632
824.565002000  8.200000000 0.000000988444
824.590027000  8.200000000 0.000001006238
824.614990000  8.200000000 0.000001029300
824.640015000  8.200000000 0.000001057685
824.665039000  8.200000000 0.000001092110
824.690002000  8.200000000 0.000001128179
824.715027000  8.200000000 0.000001152499
824.739990000  8.200000000 0.000001163260
824.765015000  8.200000000 0.000001172572
824.790039000  8.200000000 0.000001178951
824.815002000  8.200000000 0.000001175215
824.840027000  8.200000000 0.000001157119
824.864990000  8.200000000 0.000001139125
824.890015000  8.200000000 0.000001130113
824.915039000  8.200000000 0.000001116437
824.940002000  8.200000000 0.000001103885
824.965027000  8.200000000 0.000001093326
824.989990000  8.200000000 0.000001083465
825.015015000  8.200000000 0.000001083795
825.040039000  8.200000000 0.000001091579
825.065002000  8.200000000 0.000001104289
825.090027000  8.200000000 0.000001120601
825.114990000  8.200000000 0.000001144325
825.140015000  8.200000000 0.000001174856
825.165039000  8.200000000 0.000001208493
825.190002000  8.200000000 0.000001229388
825.215027000  8.200000000 0.000001230187
825.239990000  8.200000000 0.000001219567
825.265015000  8.200000000 0.000001204538
825.290039000  8.200000000 0.000001183241
825.315002000  8.200000000 0.000001153347
825.340027000  8.200000000 0.000001124258
825.364990000  8.200000000 0.000001084770
825.390015000  8.200000000 0.000001038278
825.415039000  8.200000000 0.000000988722
825.440002000  8.200000000 0.000000934111
825.465027000  8.200000000 0.000000888572
825.489990000  8.200000000 0.000000856144
825.515015000  8.200000000 0.000000838304
825.540039000  8.200000000 0.000000826760
825.565002000  8.200000000 0.000000800861
825.590027000  8.200000000 0.000000764185
825.614990000  8.200000000 0.000000727194
825.640015000  8.200000000 0.000000679959
825.665039000  8.200000000 0.000000633289
825.690002000  8.200000000 0.000000589204
825.715027000  8.200000000 0.000000541270
825.739990000  8.200000000 0.000000506542
825.765015000  8.200000000 0.000000491200
825.790039000  8.200000000 0.000000487520
825.815002000  8.200000000 0.000000498135
825.840027000  8.200000000 0.000000509684
825.864990000  8.200000000 0.000000501811
825.890015000  8.200000000 0.000000484774
825.915039000  8.200000000 0.000000470719
825.940002000  8.200000000 0.000000454936
825.965027000  8.200000000 0.000000438614
825.989990000  8.200000000 0.000000427438
826.015015000  8.200000000 0.000000427330
826.040039000  8.200000000 0.000000430118
826.065002000  8.200000000 0.000000429255
826.090027000  8.200000000 0.000000432129
826.114990000  8.200000000 0.000000432602
826.140015000  8.200000000 0.000000423627
826.165039000  8.200000000 0.000000409797
826.190002000  8.200000000 0.000000393162
826.215027000  8.200000000 0.000000366506
826.239990000  8.200000000 0.000000342811
826.265015000  8.200000000 0.000000336866
826.290039000  8.200000000 0.000000330966
826.315002000  8.200000000 0.000000327515
826.340027000  8.200000000 0.000000339172
826.364990000  8.200000000 0.000000346660
826.390015000  8.200000000 0.000000346486
826.415039000  8.200000000 0.000000345012
826.440002000  8.200000000 0.000000342628
826.465027000  8.200000000 0.000000346587
826.489990000  8.200000000 0.000000347647
826.515015000  8.200000000 0.000000342325
826.540039000  8.200000000 0.000000339669
826.565002000  8.200000000 0.000000330429
826.590027000  8.200000000 0.000000314546
826.614990000  8.200000000 0.000000286229
826.640015000  8.200000000 0.000000242892
826.665039000  8.200000000 0.000000192028
826.690002000  8.200000000 0.000000137040
826.715027000  8.200000000 0.000000096613
826.739990000  8.200000000 0.000000066701
826.765015000  8.200000000 0.000000042379
826.790039000  8.200000000 0.000000026171
826.815002000  8.200000000 0.000000000920
826.840027000  8.200000000 -0.000000029428
826.864990000  8.200000000 -0.000000054076
826.890015000  8.200000000 -0.000000077060
826.915039000  8.200000000 -0.000000108803
826.940002000  8.200000000 -0.000000150601
826.965027000  8.200000000 -0.000000191617
826.989990000  8.200000000 -0.000000228251
827.015015000  8.200000000 -0.000000268799
827.040039000  8.200000000 -0.000000301646
827.065002000  8.200000000 -0.000000331437
827.090027000  8.200000000 -0.000000359887
827.114990000  8.200000000 -0.000000392331
827.140015000  8.200000000 -0.000000437943
827.165039000  8.200000000 -0.000000497512
827.190002000  8.200000000 -0.000000577402
827.215027000  8.200000000 -0.000000646029
827.239990000  8.200000000 -0.000000708478
827.265015000  8.200000000 -0.000000762669
827.290039000  8.200000000 -0.000000799861
827.315002000  8.200000000 -0.000000848770
827.340027000  8.200000000 -0.000000903254
827.364990000  8.200000000 -0.000000949647
827.390015000  8.200000000 -0.000000989403
827.415039000  8.200000000 -0.000001020945
827.440002000  8.200000000 -0.000001035065
827.465027000  8.200000000 -0.000001037605
827.489990000  8.200000000 -0.000001033066
827.515015000  8.200000000 -0.000001024735
827.540039000  8.200000000 -0.000001017824
827.565002000  8.200000000 -0.000001003061
827.590027000  8.200000000 -0.000000985367
827.614990000  8.200000000 -0.000000975646
827.640015000  8.200000000 -0.000000977949
827.665039000  8.200000000 -0.000000985000
827.690002000  8.200000000 -0.000000999959
827.715027000  8.200000000 -0.000001014325
827.739990000  8.200000000 -0.000001021513
827.765015000  8.200000000 -0.000001030826
827.790039000  8.200000000 -0.000001041480
827.815002000  8.200000000 -0.000001055529
827.840027000  8.200000000 -0.000001074207
827.864990000  8.200000000 -0.000001091449
827.890015000  8.200000000 -0.000001110327
827.915039000  8.200000000 -0.000001134868
827.940002000  8.200000000 -0.000001168378
827.965027000  8.200000000 -0.000001208955
827.989990000  8.200000000 -0.000001250608
828.015015000  8.200000000 -0.000001285946
828.040039000  8.200000000 -0.000001307635
828.065002000  8.200000000 -0.000001320207
828.090027000  8.200000000 -0.000001328118
828.114990000  8.200000000 -0.000001326791
828.140015000  8.200000000 -0.000001312948
828.165039000  8.200000000 -0.000001299787
828.190002000  8.200000000 -0.000001292810
828.215027000  8.200000000 -0.000001283549
828.239990000  8.200000000 -0.000001277270
828.265015000  8.200000000 -0.000001272365
828.290039000  8.200000000 -0.000001258522
828.315002000  8.200000000 -0.000001239587
828.340027000  8.200000000 -0.000001213804
828.364990000  8.200000000 -0.000001185384
828.390015000  8.200000000 -0.000001159640
828.415039000  8.200000000 -0.000001140706
828.440002000  8.200000000 -0.000001132792
828.465027000  8.200000000 -0.000001130899
828.489990000  8.200000000 -0.000001139360
828.515015000  8.200000000 -0.000001148460
828.540039000  8.200000000 -0.000001152029
828.565002000  8.200000000 -0.000001160398
828.590027000  8.200000000 -0.000001176873
828.614990000  8.200000000 -0.000001190955
828.640015000  8.200000000 -0.000001200210
828.665039000  8.200000000 -0.000001211775
828.690002000  8.200000000 -0.000001226169
828.715027000  8.200000000 -0.000001246595
828.739990000  8.200000000 -0.000001266768
828.765015000  8.200000000 -0.000001277078
828.790039000  8.200000000 -0.000001272476
828.815002000  8.200000000 -0.000001262033
828.840027000  8.200000000 -0.000001245713
828.864990000  8.200000000 -0.000001228294
828.890015000  8.200000000 -0.000001207318
828.915039000  8.200000000 -0.000001181077
828.940002000  8.200000000 -0.000001160511
828.965027000  8.200000000 -0.000001137129
828.989990000  8.200000000 -0.000001117835
829.015015000  8.200000000 -0.000001106221
829.040039000  8.200000000 -0.000001104533
829.065002000  8.200000000 -0.000001111473
829.090027000  8.200000000 -0.000001118858
829.114990000  8.200000000 -0.000001133306
829.140015000  8.200000000 -0.000001156923
829.165039000  8.200000000 -0.000001181285
829.190002000  8.200000000 -0.000001208436
829.215027000  8.200000000 -0.000001237712
829.239990000  8.200000000 -0.000001261120
829.265015000  8.200000000 -0.000001287218
829.290039000  8.200000000 -0.000001308171
829.315002000  8.200000000 -0.000001305656
829.340027000  8.200000000 -0.000001303035
829.364990000  8.200000000 -0.000001310964
829.390015000  8.200000000 -0.000001319018
829.415039000  8.200000000 -0.000001323786
829.440002000  8.200000000 -0.000001319782
829.465027000  8.200000000 -0.000001304123
829.489990000  8.200000000 -0.000001277128
829.515015000  8.200000000 -0.000001244073
829.540039000  8.200000000 -0.000001206373
829.565002000  8.200000000 -0.000001154893
829.590027000  8.200000000 -0.000001099691
829.614990000  8.200000000 -0.000001064213
829.640015000  8.200000000 -0.000001032797
829.665039000  8.200000000 -0.000000987599
829.690002000  8.200000000 -0.000000941533
829.715027000  8.200000000 -0.000000897904
829.739990000  8.200000000 -0.000000861988
829.765015000  8.200000000 -0.000000833526
829.790039000  8.200000000 -0.000000812359
829.815002000  8.200000000 -0.000000810663
829.840027000  8.200000000 -0.000000818191
829.864990000  8.200000000 -0.000000837571
829.890015000  8.200000000 -0.000000852449
829.915039000  8.200000000 -0.000000847751
829.940002000  8.200000000 -0.000000830906
829.965027000  8.200000000 -0.000000807321
829.989990000  8.200000000 -0.000000794050
830.015015000  8.200000000 -0.000000793494
830.040039000  8.200000000 -0.000000800976
830.065002000  8.200000000 -0.000000819338
830.090027000  8.200000000 -0.000000845370
830.114990000  8.200000000 -0.000000866844
830.140015000  8.200000000 -0.000000878493
830.165039000  8.200000000 -0.000000878370
830.190002000  8.200000000 -0.000000867188
830.215027000  8.200000000 -0.000000856550
830.239990000  8.200000000 -0.000000841200
830.265015000  8.200000000 -0.000000811944
830.290039000  8.200000000 -0.000000777497
830.315002000  8.200000000 -0.000000752891
830.340027000  8.200000000 -0.000000732697
830.364990000  8.200000000 -0.000000711921
830.390015000  8.200000000 -0.000000696972
830.415039000  8.200000000 -0.000000677803
830.440002000  8.200000000 -0.000000667690
830.465027000  8.200000000 -0.000000681631
830.489990000  8.200000000 -0.000000707874
830.515015000  8.200000000 -0.000000744404
830.540039000  8.200000000 -0.000000789549
830.565002000  8.200000000 -0.000000834405
830.590027000  8.200000000 -0.000000856196
830.614990000  8.200000000 -0.000000849281
830.640015000  8.200000000 -0.000000820624
830.665039000  8.200000000 -0.000000768697
830.690002000  8.200000000 -0.000000713804
830.715027000  8.200000000 -0.000000676546
830.739990000  8.200000000 -0.000000647989
830.765015000  8.200000000 -0.000000627396
830.790039000  8.200000000 -0.000000631849
830.815002000  8.200000000 -0.000000640203
830.840027000  8.200000000 -0.000000643821
830.864990000  8.200000000 -0.000000654978
830.890015000  8.200000000 -0.000000657512
830.915039000  8.200000000 -0.000000633340
830.940002000  8.200000000 -0.000000594912
830.965027000  8.200000000 -0.000000548400
830.989990000  8.200000000 -0.000000496354
831.015015000  8.200000000 -0.000000453935
831.040039000  8.200000000 -0.000000422369
831.065002000  8.200000000 -0.000000390950
831.090027000  8.200000000 -0.000000348184
831.114990000  8.200000000 -0.000000301546
831.140015000  8.200000000 -0.000000257128
831.165039000  8.200000000 -0.000000219425
831.190002000  8.200000000 -0.000000193479
831.215027000  8.200000000 -0.000000177814
831.239990000  8.200000000 -0.000000164274
831.265015000  8.200000000 -0.000000143396
831.290039000  8.200000000 -0.000000126194
831.315002000  8.200000000 -0.000000117240
831.340027000  8.200000000 -0.000000111347
831.364990000  8.200000000 -0.000000107399
831.390015000  8.200000000 -0.000000099156
831.415039000  8.200000000 -0.000000086455
831.440002000  8.200000000 -0.000000072582
831.465027000  8.200000000 -0.000000063137
831.489990000  8.200000000 -0.000000058093
831.515015000  8.200000000 -0.000000055243
831.540039000  8.200000000 -0.000000048341
831.565002000  8.200000000 -0.000000035268
831.590027000  8.200000000 -0.000000021769
831.614990000  8.200000000 -0.000000011032
831.640015000  8.200000000 -0.000000007401
831.665039000  8.200000000 -0.000000010936
831.690002000  8.200000000 -0.000000016000
831.715027000  8.200000000 -0.000000019034
831.739990000  8.200000000 -0.000000022345
831.765015000  8.200000000 -0.000000016019
831.790039000  8.200000000 -0.000000011410
831.815002000  8.200000000 -0.000000014354
831.840027000  8.200000000 -0.000000019214
831.864990000  8.200000000 -0.000000033308
831.890015000  8.200000000 -0.000000051624
831.915039000  8.200000000 -0.000000067363
831.940002000  8.200000000 -0.000000079175
831.965027000  8.200000000 -0.000000084431
831.989990000  8.200000000 -0.000000077416
832.015015000  8.200000000 -0.000000070574
832.040039000  8.200000000 -0.000000073717
832.065002000  8.200000000 -0.000000078431
832.090027000  8.200000000 -0.000000088977
832.114990000  8.200000000 -0.000000105325
832.140015000  8.200000000 -0.000000126206
832.165039000  8.200000000 -0.000000148293
832.190002000  8.200000000 -0.000000169964
832.215027000  8.200000000 -0.000000191347
832.239990000  8.200000000 -0.000000207169
832.265015000  8.200000000 -0.000000221285
832.290039000  8.200000000 -0.000000236860
832.315002000  8.200000000 -0.000000248117
832.340027000  8.200000000 -0.000000255596
832.364990000  8.200000000 -0.000000262545
832.390015000  8.200000000 -0.000000264910
832.415039000  8.200000000 -0.000000271107
832.440002000  8.200000000 -0.000000283449
832.465027000  8.200000000 -0.000000297418
832.489990000  8.200000000 -0.000000315688
832.515015000  8.200000000 -0.000000345900
832.540039000  8.200000000 -0.000000385803
832.565002000  8.200000000 -0.000000424437
832.590027000  8.200000000 -0.000000463330
832.614990000  8.200000000 -0.000000496047
832.640015000  8.200000000 -0.000000520641
832.665039000  8.200000000 -0.000000544294
832.690002000  8.200000000 -0.000000560900
832.715027000  8.200000000 -0.000000572175
832.739990000  8.200000000 -0.000000581772
832.765015000  8.200000000 -0.000000589708
832.790039000  8.200000000 -0.000000599363
832.815002000  8.200000000 -0.000000608432
832.840027000  8.200000000 -0.000000606160
832.864990000  8.200000000 -0.000000593229
832.890015000  8.200000000 -0.000000574106
832.915039000  8.200000000 -0.000000540313
832.940002000  8.200000000 -0.000000494632
832.965027000  8.200000000 -0.000000456177
832.989990000  8.200000000 -0.000000426109
833.015015000  8.200000000 -0.000000395799
833.040039000  8.200000000 -0.000000361111
833.065002000  8.200000000 -0.000000313344
833.090027000  8.200000000 -0.000000255374
833.114990000  8.200000000 -0.000000199355
833.140015000  8.200000000 -0.000000146988
833.165039000  8.200000000 -0.000000098103
833.190002000  8.200000000 -0.000000052861
833.215027000  8.200000000 -0.000000007643
833.239990000  8.200000000 0.000000038446
833.265015000  8.200000000 0.000000085010
833.290039000  8.200000000 0.000000133451
833.315002000  8.200000000 0.000000183347
833.340027000  8.200000000 0.000000236154
833.364990000  8.200000000 0.000000289046
833.390015000  8.200000000 0.000000338231
833.415039000  8.200000000 0.000000372386
833.440002000  8.200000000 0.000000391450
833.465027000  8.200000000 0.000000400852
833.489990000  8.200000000 0.000000401135
833.515015000  8.200000000 0.000000404474
833.540039000  8.200000000 0.000000411557
833.565002000  8.200000000 0.000000417200
833.590027000  8.200000000 0.000000427981
833.614990000  8.200000000 0.000000439004
833.640015000  8.200000000 0.000000448786
833.665039000  8.200000000 0.000000452107
833.690002000  8.200000000 0.000000438215
833.715027000  8.200000000 0.000000415218
833.739990000  8.200000000 0.000000382669
833.765015000  8.200000000 0.000000351771
833.790039000  8.200000000 0.000000329501
833.815002000  8.200000000 0.000000308465
833.840027000  8.200000000 0.000000280883
833.864990000  8.200000000 0.000000252991
833.890015000  8.200000000 0.000000224539
833.915039000  8.200000000 0.000000186350
833.940002000  8.200000000 0.000000133793
833.965027000  8.200000000 0.000000072542
833.989990000  8.200000000 0.000000010123
834.015015000  8.200000000 -0.000000056711
834.040039000  8.200000000 -0.000000119900
834.065002000  8.200000000 -0.000000177577
834.090027000  8.200000000 -0.000000222968
834.114990000  8.200000000 -0.000000248938
834.140015000  8.200000000 -0.000000262265
834.165039000  8.200000000 -0.000000275512
834.190002000  8.200000000 -0.000000288891
834.215027000  8.200000000 -0.000000291042
834.239990000  8.200000000 -0.000000284024
834.265015000  8.200000000 -0.000000269892
834.290039000  8.200000000 -0.000000252929
834.315002000  8.200000000 -0.000000240388
834.340027000  8.200000000 -0.000000224181
834.364990000  8.200000000 -0.000000204727
834.390015000  8.200000000 -0.000000190507
834.415039000  8.200000000 -0.000000181868
834.440002000  8.200000000 -0.000000181323
834.465027000  8.200000000 -0.000000182784
834.489990000  8.200000000 -0.000000189430
834.515015000  8.200000000 -0.000000198056
834.540039000  8.200000000 -0.000000203782
834.565002000  8.200000000 -0.000000203623
834.590027000  8.200000000 -0.000000199001
834.614990000  8.200000000 -0.000000191237
834.640015000  8.200000000 -0.000000174756
834.665039000  8.200000000 -0.000000154702
834.690002000  8.200000000 -0.000000119862
834.715027000  8.200000000 -0.000000077414
834.739990000  8.200000000 -0.000000032212
834.765015000  8.200000000 0.000000008991
834.790039000  8.200000000 0.000000038396
834.815002000  8.200000000 0.000000070040
834.840027000  8.200000000 0.000000100708
834.864990000  8.200000000 0.000000123530
834.890015000  8.200000000 0.000000142754
834.915039000  8.200000000 0.000000164526
834.940002000  8.200000000 0.000000186379
834.965027000  8.200000000 0.000000215393
834.989990000  8.200000000 0.000000258887
835.015015000  8.200000000 0.000000300676
835.040039000  8.200000000 0.000000347400
835.065002000  8.200000000 0.000000398434
835.090027000  8.200000000 0.000000448247
835.114990000  8.200000000 0.000000497017
835.140015000  8.200000000 0.000000537780
835.165039000  8.200000000 0.000000578387
835.190002000  8.200000000 0.000000606383
835.215027000  8.200000000 0.000000624998
835.239990000  8.200000000 0.000000644869
835.265015000  8.200000000 0.000000655855
835.290039000  8.200000000 0.000000662692
835.315002000  8.200000000 0.000000682515
835.340027000  8.200000000 0.000000713251
835.364990000  8.200000000 0.000000756247
835.390015000  8.200000000 0.000000809422
835.415039000  8.200000000 0.000000862635
835.440002000  8.200000000 0.000000922974
835.465027000  8.200000000 0.000000990839
835.489990000  8.200000000 0.000001067485
835.515015000  8.200000000 0.000001146121
835.540039000  8.200000000 0.000001219202
835.565002000  8.200000000 0.000001288641
835.590027000  8.200000000 0.000001351340
835.614990000  8.200000000 0.000001404769
835.640015000  8.200000000 0.000001444762
835.665039000  8.200000000 0.000001479671
835.690002000  8.200000000 0.000001509330
835.715027000  8.200000000 0.000001519815
835.739990000  8.200000000 0.000001516075
835.765015000  8.200000000 0.000001498054
835.790039000  8.200000000 0.000001468654
835.815002000  8.200000000 0.000001442709
835.840027000  8.200000000 0.000001422195
835.864990000  8.200000000 0.000001407205
835.890015000  8.200000000 0.000001391711
835.915039000  8.200000000 0.000001360993
835.940002000  8.200000000 0.000001318530
835.965027000  8.200000000 0.000001274636
835.989990000  8.200000000 0.000001232502
836.015015000  8.200000000 0.000001190810
836.040039000  8.200000000 0.000001154069
836.065002000  8.200000000 0.000001112359
836.090027000  8.200000000 0.000001057660
836.114990000  8.200000000 0.000000999891
836.140015000  8.200000000 0.000000943132
836.165039000  8.200000000 0.000000893333
836.190002000  8.200000000 0.000000843218
836.215027000  8.200000000 0.000000789570
836.239990000  8.200000000 0.000000739512
836.265015000  8.200000000 0.000000689194
836.290039000  8.200000000 0.000000647926
836.315002000  8.200000000 0.000000610081
836.340027000  8.200000000 0.000000577191
836.364990000  8.200000000 0.000000553018
836.390015000  8.200000000 0.000000524802
836.415039000  8.200000000 0.000000495656
836.440002000  8.200000000 0.000000462525
836.465027000  8.200000000 0.000000427935
836.489990000  8.200000000 0.000000397892
836.515015000  8.200000000 0.000000368017
836.540039000  8.200000000 0.000000334414
836.565002000  8.200000000 0.000000299125
836.590027000  8.200000000 0.000000265161
836.614990000  8.200000000 0.000000238466
836.640015000  8.200000000 0.000000218474
836.665039000  8.200000000 0.000000196310
836.690002000  8.200000000 0.000000175119
836.715027000  8.200000000 0.000000165245
836.739990000  8.200000000 0.000000160752
836.765015000  8.200000000 0.000000165675
836.790039000  8.200000000 0.000000178329
836.815002000  8.200000000 0.000000182503
836.840027000  8.200000000 0.000000184476
836.864990000  8.200000000 0.000000183718
836.890015000  8.200000000 0.000000180692
836.915039000  8.200000000 0.000000185119
836.940002000  8.200000000 0.000000191212
836.965027000  8.200000000 0.000000199980
836.989990000  8.200000000 0.000000206406
837.015015000  8.200000000 0.000000199832
837.040039000  8.200000000 0.000000172718
837.065002000  8.200000000 0.000000133397
837.090027000  8.200000000 0.000000085686
837.114990000  8.200000000 0.000000034296
837.140015000  8.200000000 -0.000000022995
837.165039000  8.200000000 -0.000000088812
837.190002000  8.200000000 -0.000000150870
837.215027000  8.200000000 -0.000000199903
837.239990000  8.200000000 -0.000000232205
837.265015000  8.200000000 -0.000000251598
837.290039000  8.200000000 -0.000000249464
837.315002000  8.200000000 -0.000000240421
837.340027000  8.200000000 -0.000000228485
837.364990000  8.200000000 -0.000000218172
837.390015000  8.200000000 -0.000000214787
837.415039000  8.200000000 -0.000000211934
837.440002000  8.200000000 -0.000000207388
837.465027000  8.200000000 -0.000000204865
837.489990000  8.200000000 -0.000000209028
837.515015000  8.200000000 -0.000000209712
837.540039000  8.200000000 -0.000000210507
837.565002000  8.200000000 -0.000000211787
837.590027000  8.200000000 -0.000000212265
837.614990000  8.200000000 -0.000000216451
837.640015000  8.200000000 -0.000000215124
837.665039000  8.200000000 -0.000000206630
837.690002000  8.200000000 -0.000000198100
837.715027000  8.200000000 -0.000000194285
837.739990000  8.200000000 -0.000000199864
837.765015000  8.200000000 -0.000000208583
837.790039000  8.200000000 -0.000000217127
837.815002000  8.200000000 -0.000000236326
837.840027000  8.200000000 -0.000000269215
837.864990000  8.200000000 -0.000000306638
837.890015000  8.200000000 -0.000000348708
837.915039000  8.200000000 -0.000000390784
837.940002000  8.200000000 -0.000000426485
837.965027000  8.200000000 -0.000000457669
837.989990000  8.200000000 -0.000000478220
838.015015000  8.200000000 -0.000000488182
838.040039000  8.200000000 -0.000000487076
838.065002000  8.200000000 -0.000000485665
838.090027000  8.200000000 -0.000000486498
838.114990000  8.200000000 -0.000000472503
838.140015000  8.200000000 -0.000000456009
838.165039000  8.200000000 -0.000000448242
838.190002000  8.200000000 -0.000000441446
838.215027000  8.200000000 -0.000000430342
838.239990000  8.200000000 -0.000000409418
838.265015000  8.200000000 -0.000000384929
838.290039000  8.200000000 -0.000000358302
838.315002000  8.200000000 -0.000000335183
838.340027000  8.200000000 -0.000000317438
838.364990000  8.200000000 -0.000000294657
838.390015000  8.200000000 -0.000000267974
838.415039000  8.200000000 -0.000000242806
838.440002000  8.200000000 -0.000000220943
838.465027000  8.200000000 -0.000000200558
838.489990000  8.200000000 -0.000000189738
838.515015000  8.200000000 -0.000000178703
838.540039000  8.200000000 -0.000000167468
838.565002000  8.200000000 -0.000000161206
838.590027000  8.200000000 -0.000000149599
838.614990000  8.200000000 -0.000000137131
838.640015000  8.200000000 -0.000000125923
838.665039000  8.200000000 -0.000000108360
838.690002000  8.200000000 -0.000000085677
838.715027000  8.200000000 -0.000000061050
838.739990000  8.200000000 -0.000000033658
838.765015000  8.200000000 -0.000000020054
838.790039000  8.200000000 -0.000000016974
838.815002000  8.200000000 -0.000000014952
838.840027000  8.200000000 -0.000000004395
838.864990000  8.200000000 0.000000026930
838.890015000  8.200000000 0.000000056485
838.915039000  8.200000000 0.000000081478
838.940002000  8.200000000 0.000000102227
838.965027000  8.200000000 0.000000111011
838.989990000  8.200000000 0.000000118717
839.015015000  8.200000000 0.000000135704
839.040039000  8.200000000 0.000000156977
839.065002000  8.200000000 0.000000179082
839.090027000  8.200000000 0.000000204387
839.114990000  8.200000000 0.000000224689
839.140015000  8.200000000 0.000000245555
839.165039000  8.200000000 0.000000277048
839.190002000  8.200000000 0.000000321251
839.215027000  8.200000000 0.000000358420
839.239990000  8.200000000 0.000000383974
839.265015000  8.200000000 0.000000407174
839.290039000  8.200000000 0.000000427053
839.315002000  8.200000000 0.000000439507
839.340027000  8.200000000 0.000000440926
839.364990000  8.200000000 0.000000444361
839.390015000  8.200000000 0.000000455530
839.415039000  8.200000000 0.000000480356
839.440002000  8.200000000 0.000000506961
839.465027000  8.200000000 0.000000527046
839.489990000  8.200000000 0.000000546403
839.515015000  8.200000000 0.000000570433
839.540039000  8.200000000 0.000000603307
839.565002000  8.200000000 0.000000637374
839.590027000  8.200000000 0.000000675120
839.614990000  8.200000000 0.000000726066
839.640015000  8.200000000 0.000000777723
839.665039000  8.200000000 0.000000814770
839.690002000  8.200000000 0.000000851266
839.715027000  8.200000000 0.000000886726
839.739990000  8.200000000 0.000000915976
839.765015000  8.200000000 0.000000951086
839.790039000  8.200000000 0.000000988013
839.815002000  8.200000000 0.000001016805
839.840027000  8.200000000 0.000001036155
839.864990000  8.200000000 0.000001050059
839.890015000  8.200000000 0.000001055464
839.915039000  8.200000000 0.000001055841
839.940002000  8.200000000 0.000001060538
839.965027000  8.200000000 0.000001056721
839.989990000  8.200000000 0.000001044869
840.015015000  8.200000000 0.000001028496
840.040039000  8.200000000 0.000001009759
840.065002000  8.200000000 0.000001002549
840.090027000  8.200000000 0.000000999780
840.114990000  8.200000000 0.000000989864
840.140015000  8.200000000 0.000000980256
840.165039000  8.200000000 0.000000982449
840.190002000  8.200000000 0.000000987677
840.215027000  8.200000000 0.000000981154
840.239990000  8.200000000 0.000000964259
840.265015000  8.200000000 0.000000939317
840.290039000  8.200000000 0.000000905595
840.315002000  8.200000000 0.000000871846
840.340027000  8.200000000 0.000000845496
840.364990000  8.200000000 0.000000819810
840.390015000  8.200000000 0.000000795982
840.415039000  8.200000000 0.000000777518
840.440002000  8.200000000 0.000000759819
840.465027000  8.200000000 0.000000731708
840.489990000  8.200000000 0.000000694417
840.515015000  8.200000000 0.000000651738
840.540039000  8.200000000 0.000000601162
840.565002000  8.200000000 0.000000557430
840.590027000  8.200000000 0.000000510255
840.614990000  8.200000000 0.000000457029
840.640015000  8.200000000 0.000000405371
840.665039000  8.200000000 0.000000357294
840.690002000  8.200000000 0.000000311109
840.715027000  8.200000000 0.000000270885
840.739990000  8.200000000 0.000000240415
840.765015000  8.200000000 0.000000210073
840.790039000  8.200000000 0.000000182202
840.815002000  8.200000000 0.000000154343
840.840027000  8.200000000 0.000000129454
840.864990000  8.200000000 0.000000105738
840.890015000  8.200000000 0.000000082605
840.915039000  8.200000000 0.000000065037
840.940002000  8.200000000 0.000000056536
840.965027000  8.200000000 0.000000051830
840.989990000  8.200000000 0.000000048273
841.015015000  8.200000000 0.000000041893
841.040039000  8.200000000 0.000000024289
841.065002000  8.200000000 -0.000000000370
841.090027000  8.200000000 -0.000000030215
841.114990000  8.200000000 -0.000000058445
841.140015000  8.200000000 -0.000000089277
841.165039000  8.200000000 -0.000000121112
841.190002000  8.200000000 -0.000000150735
841.215027000  8.200000000 -0.000000180220
841.239990000  8.200000000 -0.000000207131
841.265015000  8.200000000 -0.000000231631
841.290039000  8.200000000 -0.000000249165
841.315002000  8.200000000 -0.000000257638
841.340027000  8.200000000 -0.000000252742
841.364990000  8.200000000 -0.000000238340
841.390015000  8.200000000 -0.000000228294
841.415039000  8.200000000 -0.000000223689
841.440002000  8.200000000 -0.000000228972
841.465027000  8.200000000 -0.000000244320
841.489990000  8.200000000 -0.000000258997
841.515015000  8.200000000 -0.000000260102
841.540039000  8.200000000 -0.000000248987
841.565002000  8.200000000 -0.000000235431
841.590027000  8.200000000 -0.000000212846
841.614990000  8.200000000 -0.000000193554
841.640015000  8.200000000 -0.000000174133
841.665039000  8.200000000 -0.000000147769
841.690002000  8.200000000 -0.000000121082
841.715027000  8.200000000 -0.000000102261
841.739990000  8.200000000 -0.000000088957
841.765015000  8.200000000 -0.000000079373
841.790039000  8.200000000 -0.000000084238
841.815002000  8.200000000 -0.000000090863
841.840027000  8.200000000 -0.000000104366
841.864990000  8.200000000 -0.000000138132
841.890015000  8.200000000 -0.000000182656
841.915039000  8.200000000 -0.000000235859
841.940002000  8.200000000 -0.000000293537
841.965027000  8.200000000 -0.000000340415
841.989990000  8.200000000 -0.000000378913
842.015015000  8.200000000 -0.000000406007
842.040039000  8.200000000 -0.000000422717
842.065002000  8.200000000 -0.000000438768
842.090027000  8.200000000 -0.000000453758
842.114990000  8.200000000 -0.000000466863
842.140015000  8.200000000 -0.000000478209
842.165039000  8.200000000 -0.000000489762
842.190002000  8.200000000 -0.000000493510
842.215027000  8.200000000 -0.000000494467
842.239990000  8.200000000 -0.000000493640
842.265015000  8.200000000 -0.000000496317
842.290039000  8.200000000 -0.000000505760
842.315002000  8.200000000 -0.000000517197
842.340027000  8.200000000 -0.000000527104
842.364990000  8.200000000 -0.000000539346
842.390015000  8.200000000 -0.000000548799
842.415039000  8.200000000 -0.000000559450
842.440002000  8.200000000 -0.000000590427
842.465027000  8.200000000 -0.000000634618
842.489990000  8.200000000 -0.000000685062
842.515015000  8.200000000 -0.000000732407
842.540039000  8.200000000 -0.000000773476
842.565002000  8.200000000 -0.000000798878
842.590027000  8.200000000 -0.000000814267
842.614990000  8.200000000 -0.000000825972
842.640015000  8.200000000 -0.000000829308
842.665039000  8.200000000 -0.000000836541
842.690002000  8.200000000 -0.000000851198
842.715027000  8.200000000 -0.000000861538
842.739990000  8.200000000 -0.000000866345
842.765015000  8.200000000 -0.000000861629
842.790039000  8.200000000 -0.000000843487
842.815002000  8.200000000 -0.000000811247
842.840027000  8.200000000 -0.000000766184
842.864990000  8.200000000 -0.000000719816
842.890015000  8.200000000 -0.000000672016
842.915039000  8.200000000 -0.000000630044
842.940002000  8.200000000 -0.000000590794
842.965027000  8.200000000 -0.000000550670
842.989990000  8.200000000 -0.000000512473
843.015015000  8.200000000 -0.000000472663
843.040039000  8.200000000 -0.000000441052
843.065002000  8.200000000 -0.000000414807
843.090027000  8.200000000 -0.000000387323
843.114990000  8.200000000 -0.000000363921
843.140015000  8.200000000 -0.000000346824
843.165039000  8.200000000 -0.000000337951
843.190002000  8.200000000 -0.000000338953
843.215027000  8.200000000 -0.000000347843
843.239990000  8.200000000 -0.000000352988
843.265015000  8.200000000 -0.000000336774
843.290039000  8.200000000 -0.000000310414
843.315002000  8.200000000 -0.000000282148
843.340027000  8.200000000 -0.000000244779
843.364990000  8.200000000 -0.000000209747
843.390015000  8.200000000 -0.000000184810
843.415039000  8.200000000 -0.000000173564
843.440002000  8.200000000 -0.000000167062
843.465027000  8.200000000 -0.000000166313
843.489990000  8.200000000 -0.000000180455
843.515015000  8.200000000 -0.000000200807
843.540039000  8.200000000 -0.000000223320
843.565002000  8.200000000 -0.000000246562
843.590027000  8.200000000 -0.000000269358
843.614990000  8.200000000 -0.000000294220
843.640015000  8.200000000 -0.000000321513
843.665039000  8.200000000 -0.000000351444
843.690002000  8.200000000 -0.000000379701
843.715027000  8.200000000 -0.000000405311
843.739990000  8.200000000 -0.000000429674
843.765015000  8.200000000 -0.000000457941
843.790039000  8.200000000 -0.000000492172
843.815002000  8.200000000 -0.000000527644
843.840027000  8.200000000 -0.000000568885
843.864990000  8.200000000 -0.000000619121
843.890015000  8.200000000 -0.000000684294
843.915039000  8.200000000 -0.000000751983
843.940002000  8.200000000 -0.000000814709
843.965027000  8.200000000 -0.000000873756
843.989990000  8.200000000 -0.000000918811
844.015015000  8.200000000 -0.000000958977
844.040039000  8.200000000 -0.000001000571
844.065002000  8.200000000 -0.000001037758
844.090027000  8.200000000 -0.000001074583
844.114990000  8.200000000 -0.000001122494
844.140015000  8.200000000 -0.000001176355
844.165039000  8.200000000 -0.000001221329
844.190002000  8.200000000 -0.000001256985
844.215027000  8.200000000 -0.000001281497
844.239990000  8.200000000 -0.000001290351
844.265015000  8.200000000 -0.000001287549
844.290039000  8.200000000 -0.000001277422
844.315002000  8.200000000 -0.000001261932
844.340027000  8.200000000 -0.000001240721
844.364990000  8.200000000 -0.000001215945
844.390015000  8.200000000 -0.000001191579
844.415039000  8.200000000 -0.000001166064
844.440002000  8.200000000 -0.000001148996
844.465027000  8.200000000 -0.000001138001
844.489990000  8.200000000 -0.000001130515
844.515015000  8.200000000 -0.000001130759
844.540039000  8.200000000 -0.000001138730
844.565002000  8.200000000 -0.000001153823
844.590027000  8.200000000 -0.000001164944
844.614990000  8.200000000 -0.000001164376
844.640015000  8.200000000 -0.000001148304
844.665039000  8.200000000 -0.000001123648
844.690002000  8.200000000 -0.000001095249
844.715027000  8.200000000 -0.000001070472
844.739990000  8.200000000 -0.000001056769
844.765015000  8.200000000 -0.000001046829
844.790039000  8.200000000 -0.000001040363
844.815002000  8.200000000 -0.000001033303
844.840027000  8.200000000 -0.000001024158
844.864990000  8.200000000 -0.000001019885
844.890015000  8.200000000 -0.000001022479
844.915039000  8.200000000 -0.000001027715
844.940002000  8.200000000 -0.000001027091
844.965027000  8.200000000 -0.000001015499
844.989990000  8.200000000 -0.000000998799
845.015015000  8.200000000 -0.000000973552
845.040039000  8.200000000 -0.000000933992
845.065002000  8.200000000 -0.000000890656
845.090027000  8.200000000 -0.000000838967
845.114990000  8.200000000 -0.000000777379
845.140015000  8.200000000 -0.000000719299
845.165039000  8.200000000 -0.000000665185
845.190002000  8.200000000 -0.000000621475
845.215027000  8.200000000 -0.000000589875
845.239990000  8.200000000 -0.000000554717
845.265015000  8.200000000 -0.000000514195
845.290039000  8.200000000 -0.000000477144
845.315002000  8.200000000 -0.000000445819
845.340027000  8.200000000 -0.000000419650
845.364990000  8.200000000 -0.000000396201
845.390015000  8.200000000 -0.000000370814
845.415039000  8.200000000 -0.000000343855
845.440002000  8.200000000 -0.000000316108
845.465027000  8.200000000 -0.000000288827
845.489990000  8.200000000 -0.000000256214
845.515015000  8.200000000 -0.000000221497
845.540039000  8.200000000 -0.000000185982
845.565002000  8.200000000 -0.000000151197
845.590027000  8.200000000 -0.000000118409
845.614990000  8.200000000 -0.000000080870
845.640015000  8.200000000 -0.000000045097
845.665039000  8.200000000 -0.000000003991
845.690002000  8.200000000 0.000000034769
845.715027000  8.200000000 0.000000062785
845.739990000  8.200000000 0.000000090657
845.765015000  8.200000000 0.000000113726
845.790039000  8.200000000 0.000000124177
845.815002000  8.200000000 0.000000125316
845.840027000  8.200000000 0.000000113284
845.864990000  8.200000000 0.000000093174
845.890015000  8.200000000 0.000000075948
845.915039000  8.200000000 0.000000064653
845.940002000  8.200000000 0.000000063203
845.965027000  8.200000000 0.000000065088
845.989990000  8.200000000 0.000000076438
846.015015000  8.200000000 0.000000088801
846.040039000  8.200000000 0.000000102489
846.065002000  8.200000000 0.000000116900
846.090027000  8.200000000 0.000000126798
846.114990000  8.200000000 0.000000140684
846.140015000  8.200000000 0.000000151883
846.165039000  8.200000000 0.000000156755
846.190002000  8.200000000 0.000000157417
846.215027000  8.200000000 0.000000148994
846.239990000  8.200000000 0.000000128178
846.265015000  8.200000000 0.000000097586
846.290039000  8.200000000 0.000000059992
846.315002000  8.200000000 0.000000023046
846.340027000  8.200000000 -0.000000008784
846.364990000  8.200000000 -0.000000027355
846.390015000  8.200000000 -0.000000036302
846.415039000  8.200000000 -0.000000050410
846.440002000  8.200000000 -0.000000065060
846.465027000  8.200000000 -0.000000081344
846.489990000  8.200000000 -0.000000102529
846.515015000  8.200000000 -0.000000121299
846.540039000  8.200000000 -0.000000142241
846.565002000  8.200000000 -0.000000173353
846.590027000  8.200000000 -0.000000204975
846.614990000  8.200000000 -0.000000238958
846.640015000  8.200000000 -0.000000277864
846.665039000  8.200000000 -0.000000309783
846.690002000  8.200000000 -0.000000324772
846.715027000  8.200000000 -0.000000330838
846.739990000  8.200000000 -0.000000334846
846.765015000  8.200000000 -0.000000329271
846.790039000  8.200000000 -0.000000316472
846.815002000  8.200000000 -0.000000299763
846.840027000  8.200000000 -0.000000278540
846.864990000  8.200000000 -0.000000254820
846.890015000  8.200000000 -0.000000234373
846.915039000  8.200000000 -0.000000219100
846.940002000  8.200000000 -0.000000199669
846.965027000  8.200000000 -0.000000185484
846.989990000  8.200000000 -0.000000179289
847.015015000  8.200000000 -0.000000168898
847.040039000  8.200000000 -0.000000160074
847.065002000  8.200000000 -0.000000155686
847.090027000  8.200000000 -0.000000158399
847.114990000  8.200000000 -0.000000164300
847.140015000  8.200000000 -0.000000174584
847.165039000  8.200000000 -0.000000197722
847.190002000  8.200000000 -0.000000238345
847.215027000  8.200000000 -0.000000286598
847.239990000  8.200000000 -0.000000332150
847.265015000  8.200000000 -0.000000368522
847.290039000  8.200000000 -0.000000390312
847.315002000  8.200000000 -0.000000399077
847.340027000  8.200000000 -0.000000386766
847.364990000  8.200000000 -0.000000368891
847.390015000  8.200000000 -0.000000354049
847.415039000  8.200000000 -0.000000345953
847.440002000  8.200000000 -0.000000347172
847.465027000  8.200000000 -0.000000340910
847.489990000  8.200000000 -0.000000336784
847.515015000  8.200000000 -0.000000340101
847.540039000  8.200000000 -0.000000347922
847.565002000  8.200000000 -0.000000347422
847.590027000  8.200000000 -0.000000334272
847.614990000  8.200000000 -0.000000316898
847.640015000  8.200000000 -0.000000298818
847.665039000  8.200000000 -0.000000289387
847.690002000  8.200000000 -0.000000285273
847.715027000  8.200000000 -0.000000280682
847.739990000  8.200000000 -0.000000277673
847.765015000  8.200000000 -0.000000279735
847.790039000  8.200000000 -0.000000288826
847.815002000  8.200000000 -0.000000299150
847.840027000  8.200000000 -0.000000313993
847.864990000  8.200000000 -0.000000329501
847.890015000  8.200000000 -0.000000349730
847.915039000  8.200000000 -0.000000369150
847.940002000  8.200000000 -0.000000375008
847.965027000  8.200000000 -0.000000370943
847.989990000  8.200000000 -0.000000352961
848.015015000  8.200000000 -0.000000332550
848.040039000  8.200000000 -0.000000313614
848.065002000  8.200000000 -0.000000286602
848.090027000  8.200000000 -0.000000255741
848.114990000  8.200000000 -0.000000226216
848.140015000  8.200000000 -0.000000196712
848.165039000  8.200000000 -0.000000170689
848.190002000  8.200000000 -0.000000148589
848.215027000  8.200000000 -0.000000126765
848.239990000  8.200000000 -0.000000109831
848.265015000  8.200000000 -0.000000090717
848.290039000  8.200000000 -0.000000064899
848.315002000  8.200000000 -0.000000035700
848.340027000  8.200000000 -0.000000005064
848.364990000  8.200000000 0.000000022313
848.390015000  8.200000000 0.000000043653
848.415039000  8.200000000 0.000000064737
848.440002000  8.200000000 0.000000097962
848.465027000  8.200000000 0.000000133846
848.489990000  8.200000000 0.000000166290
848.515015000  8.200000000 0.000000196724
848.540039000  8.200000000 0.000000218195
848.565002000  8.200000000 0.000000239705
848.590027000  8.200000000 0.000000267040
848.614990000  8.200000000 0.000000289187
848.640015000  8.200000000 0.000000306894
848.665039000  8.200000000 0.000000321877
848.690002000  8.200000000 0.000000333438
848.715027000  8.200000000 0.000000347160
848.739990000  8.200000000 0.000000371687
848.765015000  8.200000000 0.000000401526
848.790039000  8.200000000 0.000000432352
848.815002000  8.200000000 0.000000468783
848.840027000  8.200000000 0.000000511345
848.864990000  8.200000000 0.000000554991
848.890015000  8.200000000 0.000000601551
848.915039000  8.200000000 0.000000652860
848.940002000  8.200000000 0.000000695222
848.965027000  8.200000000 0.000000726313
848.989990000  8.200000000 0.000000753524
849.015015000  8.200000000 0.000000771607
849.040039000  8.200000000 0.000000786850
849.065002000  8.200000000 0.000000798231
849.090027000  8.200000000 0.000000801019
849.114990000  8.200000000 0.000000801748
849.140015000  8.200000000 0.000000795872
849.165039000  8.200000000 0.000000791809
849.190002000  8.200000000 0.000000784615
849.215027000  8.200000000 0.000000766983
849.239990000  8.200000000 0.000000744885
849.265015000  8.200000000 0.000000717184
849.290039000  8.200000000 0.000000684294
849.315002000  8.200000000 0.000000649033
849.340027000  8.200000000 0.000000612512
849.364990000  8.200000000 0.000000577847
849.390015000  8.200000000 0.000000554584
849.415039000  8.200000000 0.000000533271
849.440002000  8.200000000 0.000000507816
849.465027000  8.200000000 0.000000481939
849.489990000  8.200000000 0.000000441249
849.515015000  8.200000000 0.000000395091
849.540039000  8.200000000 0.000000352556
849.565002000  8.200000000 0.000000315380
849.590027000  8.200000000 0.000000284416
849.614990000  8.200000000 0.000000257503
849.640015000  8.200000000 0.000000239518
849.665039000  8.200000000 0.000000226667
849.690002000  8.200000000 0.000000213957
849.715027000  8.200000000 0.000000201618
849.739990000  8.200000000 0.000000194981
849.765015000  8.200000000 0.000000197261
849.790039000  8.200000000 0.000000207498
849.815002000  8.200000000 0.000000219794
849.840027000  8.200000000 0.000000237220
849.864990000  8.200000000 0.000000253760
849.890015000  8.200000000 0.000000266644
849.915039000  8.200000000 0.000000281028
849.940002000  8.200000000 0.000000295511
849.965027000  8.200000000 0.000000321120
849.989990000  8.200000000 0.000000355114
850.015015000  8.200000000 0.000000399574
850.040039000  8.200000000 0.000000461290
850.065002000  8.200000000 0.000000530370
850.090027000  8.200000000 0.000000604892
850.114990000  8.200000000 0.000000678229
850.140015000  8.200000000 0.000000753014
850.165039000  8.200000000 0.000000830716
850.190002000  8.200000000 0.000000907729
850.215027000  8.200000000 0.000000989135
850.239990000  8.200000000 0.000001067177
850.265015000  8.200000000 0.000001124851
850.290039000  8.200000000 0.000001167644
850.315002000  8.200000000 0.000001199697
850.340027000  8.200000000 0.000001207929
850.364990000  8.200000000 0.000001205514
850.390015000  8.200000000 0.000001199025
850.415039000  8.200000000 0.000001196224
850.440002000  8.200000000 0.000001202164
850.465027000  8.200000000 0.000001203945
850.489990000  8.200000000 0.000001205718
850.515015000  8.200000000 0.000001219094
850.540039000  8.200000000 0.000001242624
850.565002000  8.200000000 0.000001264383
850.590027000  8.200000000 0.000001290253
850.614990000  8.200000000 0.000001315847
850.640015000  8.200000000 0.000001333291
850.665039000  8.200000000 0.000001358205
850.690002000  8.200000000 0.000001380864
850.715027000  8.200000000 0.000001390297
850.739990000  8.200000000 0.000001395277
850.765015000  8.200000000 0.000001401453
850.790039000  8.200000000 0.000001411748
850.815002000  8.200000000 0.000001411925
850.840027000  8.200000000 0.000001399075
850.864990000  8.200000000 0.000001380095
850.890015000  8.200000000 0.000001348101
850.915039000  8.200000000 0.000001319270
850.940002000  8.200000000 0.000001292240
850.965027000  8.200000000 0.000001254726
850.989990000  8.200000000 0.000001213710
851.015015000  8.200000000 0.000001173165
851.040039000  8.200000000 0.000001131986
851.065002000  8.200000000 0.000001090463
851.090027000  8.200000000 0.000001051735
851.114990000  8.200000000 0.000001005189
851.140015000  8.200000000 0.000000951473
851.165039000  8.200000000 0.000000905538
851.190002000  8.200000000 0.000000867160
851.215027000  8.200000000 0.000000833857
851.239990000  8.200000000 0.000000806825
851.265015000  8.200000000 0.000000767803
851.290039000  8.200000000 0.000000711227
851.315002000  8.200000000 0.000000645491
851.340027000  8.200000000 0.000000565743
851.364990000  8.200000000 0.000000480179
851.390015000  8.200000000 0.000000396145
851.415039000  8.200000000 0.000000313568
851.440002000  8.200000000 0.000000237575
851.465027000  8.200000000 0.000000169450
851.489990000  8.200000000 0.000000116210
851.515015000  8.200000000 0.000000069672
851.540039000  8.200000000 0.000000025693
851.565002000  8.200000000 -0.000000017788
851.590027000  8.200000000 -0.000000066632
851.614990000  8.200000000 -0.000000113233
851.640015000  8.200000000 -0.000000159182
851.665039000  8.200000000 -0.000000206461
851.690002000  8.200000000 -0.000000260575
851.715027000  8.200000000 -0.000000320483
851.739990000  8.200000000 -0.000000380570
851.765015000  8.200000000 -0.000000434983
851.790039000  8.200000000 -0.000000480473
851.815002000  8.200000000 -0.000000522969
851.840027000  8.200000000 -0.000000566680
851.864990000  8.200000000 -0.000000604956
851.890015000  8.200000000 -0.000000635326
851.915039000  8.200000000 -0.000000663785
851.940002000  8.200000000 -0.000000688944
851.965027000  8.200000000 -0.000000710423
851.989990000  8.200000000 -0.000000723855
852.015015000  8.200000000 -0.000000734182
852.040039000  8.200000000 -0.000000743910
852.065002000  8.200000000 -0.000000758528
852.090027000  8.200000000 -0.000000774230
852.114990000  8.200000000 -0.000000783588
852.140015000  8.200000000 -0.000000793945
852.165039000  8.200000000 -0.000000799613
852.190002000  8.200000000 -0.000000803270
852.215027000  8.200000000 -0.000000801778
852.239990000  8.200000000 -0.000000792778
852.265015000  8.200000000 -0.000000770256
852.290039000  8.200000000 -0.000000727882
852.315002000  8.200000000 -0.000000678190
852.340027000  8.200000000 -0.000000620003
852.364990000  8.200000000 -0.000000569034
852.390015000  8.200000000 -0.000000534278
852.415039000  8.200000000 -0.000000504687
852.440002000  8.200000000 -0.000000477833
852.465027000  8.200000000 -0.000000440528
852.489990000  8.200000000 -0.000000392011
852.515015000  8.200000000 -0.000000345201
852.540039000  8.200000000 -0.000000305237
852.565002000  8.200000000 -0.000000271533
852.590027000  8.200000000 -0.000000245222
852.614990000  8.200000000 -0.000000220822
852.640015000  8.200000000 -0.000000190583
852.665039000  8.200000000 -0.000000153122
852.690002000  8.200000000 -0.000000104000
852.715027000  8.200000000 -0.000000050495
852.739990000  8.200000000 0.000000000930
852.765015000  8.200000000 0.000000044866
852.790039000  8.200000000 0.000000084206
852.815002000  8.200000000 0.000000129868
852.840027000  8.200000000 0.000000173228
852.864990000  8.200000000 0.000000214036
852.890015000  8.200000000 0.000000256727
852.915039000  8.200000000 0.000000304998
852.940002000  8.200000000 0.000000358067
852.965027000  8.200000000 0.000000403657
852.989990000  8.200000000 0.000000434193
853.015015000  8.200000000 0.000000442426
853.040039000  8.200000000 0.000000433981
853.065002000  8.200000000 0.000000417080
853.090027000  8.200000000 0.000000388495
853.114990000  8.200000000 0.000000347689
853.140015000  8.200000000 0.000000303455
853.165039000  8.200000000 0.000000264406
853.190002000  8.200000000 0.000000222067
853.215027000  8.200000000 0.000000179720
853.239990000  8.200000000 0.000000140505
853.265015000  8.200000000 0.000000103720
853.290039000  8.200000000 0.000000075644
853.315002000  8.200000000 0.000000048578
853.340027000  8.200000000 0.000000023658
853.364990000  8.200000000 -0.000000004857
853.390015000  8.200000000 -0.000000045716
853.415039000  8.200000000 -0.000000093648
853.440002000  8.200000000 -0.000000141517
853.465027000  8.200000000 -0.000000183036
853.489990000  8.200000000 -0.000000225892
853.515015000  8.200000000 -0.000000263850
853.540039000  8.200000000 -0.000000291746
853.565002000  8.200000000 -0.000000313230
853.590027000  8.200000000 -0.000000320901
853.614990000  8.200000000 -0.000000322847
853.640015000  8.200000000 -0.000000325041
853.665039000  8.200000000 -0.000000316827
853.690002000  8.200000000 -0.000000304889
853.715027000  8.200000000 -0.000000298316
853.739990000  8.200000000 -0.000000294890
853.765015000  8.200000000 -0.000000302810
853.790039000  8.200000000 -0.000000317988
853.815002000  8.200000000 -0.000000328386
853.840027000  8.200000000 -0.000000335874
853.864990000  8.200000000 -0.000000339869
853.890015000  8.200000000 -0.000000335417
853.915039000  8.200000000 -0.000000322676
853.940002000  8.200000000 -0.000000315353
853.965027000  8.200000000 -0.000000311262
853.989990000  8.200000000 -0.000000303498
854.015015000  8.200000000 -0.000000290019
854.040039000  8.200000000 -0.000000275177
854.065002000  8.200000000 -0.000000262435
854.090027000  8.200000000 -0.000000245238
854.114990000  8.200000000 -0.000000235481
854.140015000  8.200000000 -0.000000223322
854.165039000  8.200000000 -0.000000200287
854.190002000  8.200000000 -0.000000167949
854.215027000  8.200000000 -0.000000121182
854.239990000  8.200000000 -0.000000069048
854.265015000  8.200000000 -0.000000023140
854.290039000  8.200000000 0.000000014696
854.315002000  8.200000000 0.000000046052
854.340027000  8.200000000 0.000000080738
854.364990000  8.200000000 0.000000117345
854.390015000  8.200000000 0.000000150170
854.415039000  8.200000000 0.000000179943
854.440002000  8.200000000 0.000000207604
854.465027000  8.200000000 0.000000240139
854.489990000  8.200000000 0.000000272961
854.515015000  8.200000000 0.000000299681
854.540039000  8.200000000 0.000000321607
854.565002000  8.200000000 0.000000342732
854.590027000  8.200000000 0.000000364597
854.614990000  8.200000000 0.000000393300
854.640015000  8.200000000 0.000000433284
854.665039000  8.200000000 0.000000476964
854.690002000  8.200000000 0.000000530455
854.715027000  8.200000000 0.000000589555
854.739990000  8.200000000 0.000000635884
854.765015000  8.200000000 0.000000666304
854.790039000  8.200000000 0.000000675686
854.815002000  8.200000000 0.000000670780
854.840027000  8.200000000 0.000000661626
854.864990000  8.200000000 0.000000659402
854.890015000  8.200000000 0.000000670500
854.915039000  8.200000000 0.000000672520
854.940002000  8.200000000 0.000000663507
854.965027000  8.200000000 0.000000654875
854.989990000  8.200000000 0.000000645337
855.015015000  8.200000000 0.000000630960
855.040039000  8.200000000 0.000000613358
855.065002000  8.200000000 0.000000596271
855.090027000  8.200000000 0.000000578933
855.114990000  8.200000000 0.000000564536
855.140015000  8.200000000 0.000000548703
855.165039000  8.200000000 0.000000533943
855.190002000  8.200000000 0.000000521744
855.215027000  8.200000000 0.000000507271
855.239990000  8.200000000 0.000000482401
855.265015000  8.200000000 0.000000435136
855.290039000  8.200000000 0.000000381015
855.315002000  8.200000000 0.000000346082
855.340027000  8.200000000 0.000000336594
855.364990000  8.200000000 0.000000349731
855.390015000  8.200000000 0.000000376296
855.415039000  8.200000000 0.000000406427
855.440002000  8.200000000 0.000000435470
855.465027000  8.200000000 0.000000456096
855.489990000  8.200000000 0.000000469328
855.515015000  8.200000000 0.000000465960
855.540039000  8.200000000 0.000000436752
855.565002000  8.200000000 0.000000409075
855.590027000  8.200000000 0.000000381965
855.614990000  8.200000000 0.000000366650
855.640015000  8.200000000 0.000000373163
855.665039000  8.200000000 0.000000388948
855.690002000  8.200000000 0.000000412974
855.715027000  8.200000000 0.000000423786
855.739990000  8.200000000 0.000000434316
855.765015000  8.200000000 0.000000452851
855.790039000  8.200000000 0.000000461646
855.815002000  8.200000000 0.000000467219
855.840027000  8.200000000 0.000000471879
855.864990000  8.200000000 0.000000468770
855.890015000  8.200000000 0.000000456875
855.915039000  8.200000000 0.000000442495
855.940002000  8.200000000 0.000000426436
855.965027000  8.200000000 0.000000416809
855.989990000  8.200000000 0.000000418498
856.015015000  8.200000000 0.000000416465
856.040039000  8.200000000 0.000000414080
856.065002000  8.200000000 0.000000405164
856.090027000  8.200000000 0.000000382531
856.114990000  8.200000000 0.000000359093
856.140015000  8.200000000 0.000000338737
856.165039000  8.200000000 0.000000315263
856.190002000  8.200000000 0.000000289379
856.215027000  8.200000000 0.000000268288
856.239990000  8.200000000 0.000000248735
856.265015000  8.200000000 0.000000232088
856.290039000  8.200000000 0.000000228464
856.315002000  8.200000000 0.000000234161
856.340027000  8.200000000 0.000000245489
856.364990000  8.200000000 0.000000254741
856.390015000  8.200000000 0.000000258985
856.415039000  8.200000000 0.000000265613
856.440002000  8.200000000 0.000000266963
856.465027000  8.200000000 0.000000260619
856.489990000  8.200000000 0.000000241836
856.515015000  8.200000000 0.000000208086
856.540039000  8.200000000 0.000000169733
856.565002000  8.200000000 0.000000136317
856.590027000  8.200000000 0.000000120014
856.614990000  8.200000000 0.000000111534
856.640015000  8.200000000 0.000000103478
856.665039000  8.200000000 0.000000089050
856.690002000  8.200000000 0.000000061387
856.715027000  8.200000000 0.000000026173
856.739990000  8.200000000 -0.000000019325
856.765015000  8.200000000 -0.000000062862
856.790039000  8.200000000 -0.000000096902
856.815002000  8.200000000 -0.000000120388
856.840027000  8.200000000 -0.000000123441
856.864990000  8.200000000 -0.000000117072
856.890015000  8.200000000 -0.000000119253
856.915039000  8.200000000 -0.000000139355
856.940002000  8.200000000 -0.000000174277
856.965027000  8.200000000 -0.000000212677
856.989990000  8.200000000 -0.000000248252
857.015015000  8.200000000 -0.000000274605
857.040039000  8.200000000 -0.000000295825
857.065002000  8.200000000 -0.000000314864
857.090027000  8.200000000 -0.000000330699
857.114990000  8.200000000 -0.000000344131
857.140015000  8.200000000 -0.000000357894
857.165039000  8.200000000 -0.000000373840
857.190002000  8.200000000 -0.000000392474
857.215027000  8.200000000 -0.000000410164
857.239990000  8.200000000 -0.000000428692
857.265015000  8.200000000 -0.000000455034
857.290039000  8.200000000 -0.000000496838
857.315002000  8.200000000 -0.000000548156
857.340027000  8.200000000 -0.000000595807
857.364990000  8.200000000 -0.000000623073
857.390015000  8.200000000 -0.000000623712
857.415039000  8.200000000 -0.000000622506
857.440002000  8.200000000 -0.000000615421
857.465027000  8.200000000 -0.000000612555
857.489990000  8.200000000 -0.000000618374
857.515015000  8.200000000 -0.000000622732
857.540039000  8.200000000 -0.000000631102
857.565002000  8.200000000 -0.000000630597
857.590027000  8.200000000 -0.000000626673
857.614990000  8.200000000 -0.000000617913
857.640015000  8.200000000 -0.000000598274
857.665039000  8.200000000 -0.000000581595
857.690002000  8.200000000 -0.000000566089
857.715027000  8.200000000 -0.000000555159
857.739990000  8.200000000 -0.000000551756
857.765015000  8.200000000 -0.000000549579
857.790039000  8.200000000 -0.000000548691
857.815002000  8.200000000 -0.000000548039
857.840027000  8.200000000 -0.000000551834
857.864990000  8.200000000 -0.000000558905
857.890015000  8.200000000 -0.000000571682
857.915039000  8.200000000 -0.000000579747
857.940002000  8.200000000 -0.000000572706
857.965027000  8.200000000 -0.000000567777
857.989990000  8.200000000 -0.000000558053
858.015015000  8.200000000 -0.000000547113
858.040039000  8.200000000 -0.000000538918
858.065002000  8.200000000 -0.000000521589
858.090027000  8.200000000 -0.000000500883
858.114990000  8.200000000 -0.000000476059
858.140015000  8.200000000 -0.000000456185
858.165039000  8.200000000 -0.000000443447
858.190002000  8.200000000 -0.000000428541
858.215027000  8.200000000 -0.000000419331
858.239990000  8.200000000 -0.000000408019
858.265015000  8.200000000 -0.000000385323
858.290039000  8.200000000 -0.000000359921
858.315002000  8.200000000 -0.000000338543
858.340027000  8.200000000 -0.000000314801
858.364990000  8.200000000 -0.000000287551
858.390015000  8.200000000 -0.000000267913
858.415039000  8.200000000 -0.000000246362
858.440002000  8.200000000 -0.000000224397
858.465027000  8.200000000 -0.000000207860
858.489990000  8.200000000 -0.000000188438
858.515015000  8.200000000 -0.000000167236
858.540039000  8.200000000 -0.000000152531
858.565002000  8.200000000 -0.000000142171
858.590027000  8.200000000 -0.000000136349
858.614990000  8.200000000 -0.000000126244
858.640015000  8.200000000 -0.000000107593
858.665039000  8.200000000 -0.000000086503
858.690002000  8.200000000 -0.000000058121
858.715027000  8.200000000 -0.000000025264
858.739990000  8.200000000 0.000000009118
858.765015000  8.200000000 0.000000041068
858.790039000  8.200000000 0.000000065997
858.815002000  8.200000000 0.000000082106
858.840027000  8.200000000 0.000000087260
858.864990000  8.200000000 0.000000087539
858.890015000  8.200000000 0.000000087992
858.915039000  8.200000000 0.000000082145
858.940002000  8.200000000 0.000000059723
858.965027000  8.200000000 0.000000028476
858.989990000  8.200000000 -0.000000000910
859.015015000  8.200000000 -0.000000019943
859.040039000  8.200000000 -0.000000026408
859.065002000  8.200000000 -0.000000026814
859.090027000  8.200000000 -0.000000022612
859.114990000  8.200000000 -0.000000020762
859.140015000  8.200000000 -0.000000026011
859.165039000  8.200000000 -0.000000041022
859.190002000  8.200000000 -0.000000071145
859.215027000  8.200000000 -0.000000106701
859.239990000  8.200000000 -0.000000135648
859.265015000  8.200000000 -0.000000147678
859.290039000  8.200000000 -0.000000141029
859.315002000  8.200000000 -0.000000124705
859.340027000  8.200000000 -0.000000102762
859.364990000  8.200000000 -0.000000098850
859.390015000  8.200000000 -0.000000112309
859.415039000  8.200000000 -0.000000125680
859.440002000  8.200000000 -0.000000142998
859.465027000  8.200000000 -0.000000153706
859.489990000  8.200000000 -0.000000149479
859.515015000  8.200000000 -0.000000145016
859.540039000  8.200000000 -0.000000143324
859.565002000  8.200000000 -0.000000136146
859.590027000  8.200000000 -0.000000127332
859.614990000  8.200000000 -0.000000121991
859.640015000  8.200000000 -0.000000110054
859.665039000  8.200000000 -0.000000102387
859.690002000  8.200000000 -0.000000106499
859.715027000  8.200000000 -0.000000102414
859.739990000  8.200000000 -0.000000085180
859.765015000  8.200000000 -0.000000070312
859.790039000  8.200000000 -0.000000064473
859.815002000  8.200000000 -0.000000060118
859.840027000  8.200000000 -0.000000064326
859.864990000  8.200000000 -0.000000071850
859.890015000  8.200000000 -0.000000076425
859.915039000  8.200000000 -0.000000082165
859.940002000  8.200000000 -0.000000081991
859.965027000  8.200000000 -0.000000059768
859.989990000  8.200000000 -0.000000023983
860.015015000  8.200000000 0.000000002215
860.040039000  8.200000000 0.000000025860
860.065002000  8.200000000 0.000000040506
860.090027000  8.200000000 0.000000055583
860.114990000  8.200000000 0.000000089628
860.140015000  8.200000000 0.000000130138
860.165039000  8.200000000 0.000000168657
860.190002000  8.200000000 0.000000202427
860.215027000  8.200000000 0.000000233013
860.239990000  8.200000000 0.000000259508
860.265015000  8.200000000 0.000000293592
860.290039000  8.200000000 0.000000321042
860.315002000  8.200000000 0.000000338970
860.340027000  8.200000000 0.000000344505
860.364990000  8.200000000 0.000000330232
860.390015000  8.200000000 0.000000307108
860.415039000  8.200000000 0.000000270106
860.440002000  8.200000000 0.000000238284
860.465027000  8.200000000 0.000000207770
860.489990000  8.200000000 0.000000184146
860.515015000  8.200000000 0.000000174697
860.540039000  8.200000000 0.000000164500
860.565002000  8.200000000 0.000000140885
860.590027000  8.200000000 0.000000111474
860.614990000  8.200000000 0.000000098517
860.640015000  8.200000000 0.000000082954
860.665039000  8.200000000 0.000000061408
860.690002000  8.200000000 0.000000048185
860.715027000  8.200000000 0.000000031399
860.739990000  8.200000000 0.000000029806
860.765015000  8.200000000 0.000000059192
860.790039000  8.200000000 0.000000094393
860.815002000  8.200000000 0.000000113523
860.840027000  8.200000000 0.000000119506
860.864990000  8.200000000 0.000000115246
860.890015000  8.200000000 0.000000091196
860.915039000  8.200000000 0.000000057451
860.940002000  8.200000000 0.000000032772
860.965027000  8.200000000 0.000000023962
860.989990000  8.200000000 0.000000038386
861.015015000  8.200000000 0.000000071530
861.040039000  8.200000000 0.000000108264
861.065002000  8.200000000 0.000000144707
861.090027000  8.200000000 0.000000178719
861.114990000  8.200000000 0.000000201699
861.140015000  8.200000000 0.000000211131
861.165039000  8.200000000 0.000000211204
861.190002000  8.200000000 0.000000203545
861.215027000  8.200000000 0.000000201424
861.239990000  8.200000000 0.000000201020
861.265015000  8.200000000 0.000000197730
861.290039000  8.200000000 0.000000194241
861.315002000  8.200000000 0.000000187010
861.340027000  8.200000000 0.000000188274
861.364990000  8.200000000 0.000000204485
861.390015000  8.200000000 0.000000229130
861.415039000  8.200000000 0.000000255996
861.440002000  8.200000000 0.000000280179
861.465027000  8.200000000 0.000000309480
861.489990000  8.200000000 0.000000346615
861.515015000  8.200000000 0.000000389234
861.540039000  8.200000000 0.000000444872
861.565002000  8.200000000 0.000000511303
861.590027000  8.200000000 0.000000577570
861.614990000  8.200000000 0.000000642154
861.640015000  8.200000000 0.000000708860
861.665039000  8.200000000 0.000000766327
861.690002000  8.200000000 0.000000813614
861.715027000  8.200000000 0.000000855494
861.739990000  8.200000000 0.000000886330
861.765015000  8.200000000 0.000000905310
861.790039000  8.200000000 0.000000917490
861.815002000  8.200000000 0.000000928900
861.840027000  8.200000000 0.000000937648
861.864990000  8.200000000 0.000000949580
861.890015000  8.200000000 0.000000959554
861.915039000  8.200000000 0.000000974419
861.940002000  8.200000000 0.000000997920
861.965027000  8.200000000 0.000001013787
861.989990000  8.200000000 0.000001021134
862.015015000  8.200000000 0.000001017945
862.040039000  8.200000000 0.000001010500
862.065002000  8.200000000 0.000001010248
862.090027000  8.200000000 0.000001016785
862.114990000  8.200000000 0.000001016145
862.140015000  8.200000000 0.000001009270
862.165039000  8.200000000 0.000001008015
862.190002000  8.200000000 0.000001010702
862.215027000  8.200000000 0.000001019074
862.239990000  8.200000000 0.000001025936
862.265015000  8.200000000 0.000001020878
862.290039000  8.200000000 0.000001004515
862.315002000  8.200000000 0.000000994397
862.340027000  8.200000000 0.000000994339
862.364990000  8.200000000 0.000000987819
862.390015000  8.200000000 0.000000981220
862.415039000  8.200000000 0.000000978330
862.440002000  8.200000000 0.000000976954
862.465027000  8.200000000 0.000000978589
862.489990000  8.200000000 0.000000984639
862.515015000  8.200000000 0.000000991272
862.540039000  8.200000000 0.000000982932
862.565002000  8.200000000 0.000000960506
862.590027000  8.200000000 0.000000936773
862.614990000  8.200000000 0.000000913454
862.640015000  8.200000000 0.000000900685
862.665039000  8.200000000 0.000000899342
862.690002000  8.200000000 0.000000908136
862.715027000  8.200000000 0.000000918647
862.739990000  8.200000000 0.000000925727
862.765015000  8.200000000 0.000000929708
862.790039000  8.200000000 0.000000922989
862.815002000  8.200000000 0.000000911342
862.840027000  8.200000000 0.000000897488
862.864990000  8.200000000 0.000000890234
862.890015000  8.200000000 0.000000900168
862.915039000  8.200000000 0.000000925748
862.940002000  8.200000000 0.000000961146
862.965027000  8.200000000 0.000000994884
862.989990000  8.200000000 0.000001004322
863.015015000  8.200000000 0.000000988282
863.040039000  8.200000000 0.000000961686
863.065002000  8.200000000 0.000000925004
863.090027000  8.200000000 0.000000878031
863.114990000  8.200000000 0.000000830998
863.140015000  8.200000000 0.000000789289
863.165039000  8.200000000 0.000000759965
863.190002000  8.200000000 0.000000735029
863.215027000  8.200000000 0.000000704378
863.239990000  8.200000000 0.000000670476
863.265015000  8.200000000 0.000000639727
863.290039000  8.200000000 0.000000615130
863.315002000  8.200000000 0.000000591282
863.340027000  8.200000000 0.000000572250
863.364990000  8.200000000 0.000000557039
863.390015000  8.200000000 0.000000546225
863.415039000  8.200000000 0.000000544130
863.440002000  8.200000000 0.000000550932
863.465027000  8.200000000 0.000000555427
863.489990000  8.200000000 0.000000551956
863.515015000  8.200000000 0.000000546025
863.540039000  8.200000000 0.000000536776
863.565002000  8.200000000 0.000000522792
863.590027000  8.200000000 0.000000490277
863.614990000  8.200000000 0.000000431075
863.640015000  8.200000000 0.000000352793
863.665039000  8.200000000 0.000000267364
863.690002000  8.200000000 0.000000192295
863.715027000  8.200000000 0.000000134429
863.739990000  8.200000000 0.000000086206
863.765015000  8.200000000 0.000000038434
863.790039000  8.200000000 -0.000000002894
863.815002000  8.200000000 -0.000000037964
863.840027000  8.200000000 -0.000000062647
863.864990000  8.200000000 -0.000000084396
863.890015000  8.200000000 -0.000000106285
863.915039000  8.200000000 -0.000000127461
863.940002000  8.200000000 -0.000000152023
863.965027000  8.200000000 -0.000000177867
863.989990000  8.200000000 -0.000000202511
864.015015000  8.200000000 -0.000000208599
864.040039000  8.200000000 -0.000000214151
864.065002000  8.200000000 -0.000000243387
864.090027000  8.200000000 -0.000000279383
864.114990000  8.200000000 -0.000000328079
864.140015000  8.200000000 -0.000000377081
864.165039000  8.200000000 -0.000000402478
864.190002000  8.200000000 -0.000000441376
864.215027000  8.200000000 -0.000000491177
864.239990000  8.200000000 -0.000000535881
864.265015000  8.200000000 -0.000000563037
864.290039000  8.200000000 -0.000000565647
864.315002000  8.200000000 -0.000000564874
864.340027000  8.200000000 -0.000000563548
864.364990000  8.200000000 -0.000000566650
864.390015000  8.200000000 -0.000000572564
864.415039000  8.200000000 -0.000000585529
864.440002000  8.200000000 -0.000000605628
864.465027000  8.200000000 -0.000000628414
864.489990000  8.200000000 -0.000000659806
864.515015000  8.200000000 -0.000000683795
864.540039000  8.200000000 -0.000000700484
864.565002000  8.200000000 -0.000000709122
864.590027000  8.200000000 -0.000000705700
864.614990000  8.200000000 -0.000000688871
864.640015000  8.200000000 -0.000000670335
864.665039000  8.200000000 -0.000000665506
864.690002000  8.200000000 -0.000000664024
864.715027000  8.200000000 -0.000000678507
864.739990000  8.200000000 -0.000000706128
864.765015000  8.200000000 -0.000000725297
864.790039000  8.200000000 -0.000000735020
864.815002000  8.200000000 -0.000000727204
864.840027000  8.200000000 -0.000000696749
864.864990000  8.200000000 -0.000000659929
864.890015000  8.200000000 -0.000000627051
864.915039000  8.200000000 -0.000000606827
864.940002000  8.200000000 -0.000000605512
864.965027000  8.200000000 -0.000000611301
864.989990000  8.200000000 -0.000000626220
865.015015000  8.200000000 -0.000000644396
865.040039000  8.200000000 -0.000000663394
865.065002000  8.200000000 -0.000000681695
865.090027000  8.200000000 -0.000000677786
865.114990000  8.200000000 -0.000000663501
865.140015000  8.200000000 -0.000000649839
865.165039000  8.200000000 -0.000000632382
865.190002000  8.200000000 -0.000000612512
865.215027000  8.200000000 -0.000000590338
865.239990000  8.200000000 -0.000000567197
865.265015000  8.200000000 -0.000000539880
865.290039000  8.200000000 -0.000000513949
865.315002000  8.200000000 -0.000000494244
865.340027000  8.200000000 -0.000000455495
865.364990000  8.200000000 -0.000000398692
865.390015000  8.200000000 -0.000000340753
865.415039000  8.200000000 -0.000000296613
865.440002000  8.200000000 -0.000000263704
865.465027000  8.200000000 -0.000000220900
865.489990000  8.200000000 -0.000000189503
865.515015000  8.200000000 -0.000000167706
865.540039000  8.200000000 -0.000000143689
865.565002000  8.200000000 -0.000000143164
865.590027000  8.200000000 -0.000000147145
865.614990000  8.200000000 -0.000000131595
865.640015000  8.200000000 -0.000000102122
865.665039000  8.200000000 -0.000000073754
865.690002000  8.200000000 -0.000000041451
865.715027000  8.200000000 -0.000000005560
865.739990000  8.200000000 0.000000018845
865.765015000  8.200000000 0.000000049108
865.790039000  8.200000000 0.000000075260
865.815002000  8.200000000 0.000000089858
865.840027000  8.200000000 0.000000090737
865.864990000  8.200000000 0.000000078998
865.890015000  8.200000000 0.000000070512
865.915039000  8.200000000 0.000000070152
865.940002000  8.200000000 0.000000076406
865.965027000  8.200000000 0.000000085950
865.989990000  8.200000000 0.000000094170
866.015015000  8.200000000 0.000000102257
866.040039000  8.200000000 0.000000111072
866.065002000  8.200000000 0.000000113000
866.090027000  8.200000000 0.000000113851
866.114990000  8.200000000 0.000000116748
866.140015000  8.200000000 0.000000116029
866.165039000  8.200000000 0.000000117896
866.190002000  8.200000000 0.000000114849
866.215027000  8.200000000 0.000000109653
866.239990000  8.200000000 0.000000108052
866.265015000  8.200000000 0.000000105780
866.290039000  8.200000000 0.000000110586
866.315002000  8.200000000 0.000000110821
866.340027000  8.200000000 0.000000103173
866.364990000  8.200000000 0.000000098594
866.390015000  8.200000000 0.000000095865
866.415039000  8.200000000 0.000000084929
866.440002000  8.200000000 0.000000064188
866.465027000  8.200000000 0.000000041886
866.489990000  8.200000000 0.000000018885
866.515015000  8.200000000 -0.000000002547
866.540039000  8.200000000 -0.000000012763
866.565002000  8.200000000 -0.000000011761
866.590027000  8.200000000 0.000000001819
866.614990000  8.200000000 0.000000031116
866.640015000  8.200000000 0.000000065623
866.665039000  8.200000000 0.000000096147
866.690002000  8.200000000 0.000000106243
866.715027000  8.200000000 0.000000102392
866.739990000  8.200000000 0.000000097952
866.765015000  8.200000000 0.000000081637
866.790039000  8.200000000 0.000000053215
866.815002000  8.200000000 0.000000017948
866.840027000  8.200000000 -0.000000019998
866.864990000  8.200000000 -0.000000065461
866.890015000  8.200000000 -0.000000108889
866.915039000  8.200000000 -0.000000136053
866.940002000  8.200000000 -0.000000169594
866.965027000  8.200000000 -0.000000217479
866.989990000  8.200000000 -0.000000264659
867.015015000  8.200000000 -0.000000303681
867.040039000  8.200000000 -0.000000332103
867.065002000  8.200000000 -0.000000344107
867.090027000  8.200000000 -0.000000349633
867.114990000  8.200000000 -0.000000357559
867.140015000  8.200000000 -0.000000364235
867.165039000  8.200000000 -0.000000369306
867.190002000  8.200000000 -0.000000377067
867.215027000  8.200000000 -0.000000393467
867.239990000  8.200000000 -0.000000411878
867.265015000  8.200000000 -0.000000431957
867.290039000  8.200000000 -0.000000456210
867.315002000  8.200000000 -0.000000481981
867.340027000  8.200000000 -0.000000512152
867.364990000  8.200000000 -0.000000541977
867.390015000  8.200000000 -0.000000562849
867.415039000  8.200000000 -0.000000571679
867.440002000  8.200000000 -0.000000570333
867.465027000  8.200000000 -0.000000563817
867.489990000  8.200000000 -0.000000552979
867.515015000  8.200000000 -0.000000533458
867.540039000  8.200000000 -0.000000500924
867.565002000  8.200000000 -0.000000476515
867.590027000  8.200000000 -0.000000456961
867.614990000  8.200000000 -0.000000430818
867.640015000  8.200000000 -0.000000400132
867.665039000  8.200000000 -0.000000374681
867.690002000  8.200000000 -0.000000358795
867.715027000  8.200000000 -0.000000343849
867.739990000  8.200000000 -0.000000350821
867.765015000  8.200000000 -0.000000374382
867.790039000  8.200000000 -0.000000412490
867.815002000  8.200000000 -0.000000463122
867.840027000  8.200000000 -0.000000512277
867.864990000  8.200000000 -0.000000539822
867.890015000  8.200000000 -0.000000538720
867.915039000  8.200000000 -0.000000520106
867.940002000  8.200000000 -0.000000477162
867.965027000  8.200000000 -0.000000437821
867.989990000  8.200000000 -0.000000402963
868.015015000  8.200000000 -0.000000369879
868.040039000  8.200000000 -0.000000356428
868.065002000  8.200000000 -0.000000355780
868.090027000  8.200000000 -0.000000365490
868.114990000  8.200000000 -0.000000383503
868.140015000  8.200000000 -0.000000403470
868.165039000  8.200000000 -0.000000423277
868.190002000  8.200000000 -0.000000444769
868.215027000  8.200000000 -0.000000467612
868.239990000  8.200000000 -0.000000487875
868.265015000  8.200000000 -0.000000496208
868.290039000  8.200000000 -0.000000497901
868.315002000  8.200000000 -0.000000506890
868.340027000  8.200000000 -0.000000530102
868.364990000  8.200000000 -0.000000547346
868.390015000  8.200000000 -0.000000551815
868.415039000  8.200000000 -0.000000550577
868.440002000  8.200000000 -0.000000538852
868.465027000  8.200000000 -0.000000538587
868.489990000  8.200000000 -0.000000546971
868.515015000  8.200000000 -0.000000552739
868.540039000  8.200000000 -0.000000561102
868.565002000  8.200000000 -0.000000572671
868.590027000  8.200000000 -0.000000589209
868.614990000  8.200000000 -0.000000613139
868.640015000  8.200000000 -0.000000646822
868.665039000  8.200000000 -0.000000687088
868.690002000  8.200000000 -0.000000733337
868.715027000  8.200000000 -0.000000777071
868.739990000  8.200000000 -0.000000807759
868.765015000  8.200000000 -0.000000822234
868.790039000  8.200000000 -0.000000815338
868.815002000  8.200000000 -0.000000792738
868.840027000  8.200000000 -0.000000760830
868.864990000  8.200000000 -0.000000724315
868.890015000  8.200000000 -0.000000682642
868.915039000  8.200000000 -0.000000647259
868.940002000  8.200000000 -0.000000619727
868.965027000  8.200000000 -0.000000597977
868.989990000  8.200000000 -0.000000588436
869.015015000  8.200000000 -0.000000583416
869.040039000  8.200000000 -0.000000577072
869.065002000  8.200000000 -0.000000570253
869.090027000  8.200000000 -0.000000565878
869.114990000  8.200000000 -0.000000545775
869.140015000  8.200000000 -0.000000512958
869.165039000  8.200000000 -0.000000484369
869.190002000  8.200000000 -0.000000462438
869.215027000  8.200000000 -0.000000439550
869.239990000  8.200000000 -0.000000409870
869.265015000  8.200000000 -0.000000374301
869.290039000  8.200000000 -0.000000328141
869.315002000  8.200000000 -0.000000284004
869.340027000  8.200000000 -0.000000250615
869.364990000  8.200000000 -0.000000229039
869.390015000  8.200000000 -0.000000219415
869.415039000  8.200000000 -0.000000207997
869.440002000  8.200000000 -0.000000205061
869.465027000  8.200000000 -0.000000209749
869.489990000  8.200000000 -0.000000218443
869.515015000  8.200000000 -0.000000238828
869.540039000  8.200000000 -0.000000267333
869.565002000  8.200000000 -0.000000293566
869.590027000  8.200000000 -0.000000312712
869.614990000  8.200000000 -0.000000326838
869.640015000  8.200000000 -0.000000336630
869.665039000  8.200000000 -0.000000349773
869.690002000  8.200000000 -0.000000358995
869.715027000  8.200000000 -0.000000366627
869.739990000  8.200000000 -0.000000369266
869.765015000  8.200000000 -0.000000361847
869.790039000  8.200000000 -0.000000347708
869.815002000  8.200000000 -0.000000326017
869.840027000  8.200000000 -0.000000305507
869.864990000  8.200000000 -0.000000286201
869.890015000  8.200000000 -0.000000265672
869.915039000  8.200000000 -0.000000248426
869.940002000  8.200000000 -0.000000230519
869.965027000  8.200000000 -0.000000219166
869.989990000  8.200000000 -0.000000227204
870.015015000  8.200000000 -0.000000247830
870.040039000  8.200000000 -0.000000273584
870.065002000  8.200000000 -0.000000298611
870.090027000  8.200000000 -0.000000318078
870.114990000  8.200000000 -0.000000336338
870.140015000  8.200000000 -0.000000350630
870.165039000  8.200000000 -0.000000360940
870.190002000  8.200000000 -0.000000369294
870.215027000  8.200000000 -0.000000377758
870.239990000  8.200000000 -0.000000388375
870.265015000  8.200000000 -0.000000393300
870.290039000  8.200000000 -0.000000396773
870.315002000  8.200000000 -0.000000393797
870.340027000  8.200000000 -0.000000380443
870.364990000  8.200000000 -0.000000370614
870.390015000  8.200000000 -0.000000360042
870.415039000  8.200000000 -0.000000349199
870.440002000  8.200000000 -0.000000337851
870.465027000  8.200000000 -0.000000324055
870.489990000  8.200000000 -0.000000313273
870.515015000  8.200000000 -0.000000299964
870.540039000  8.200000000 -0.000000288184
870.565002000  8.200000000 -0.000000277500
870.590027000  8.200000000 -0.000000264936
870.614990000  8.200000000 -0.000000249558
870.640015000  8.200000000 -0.000000228157
870.665039000  8.200000000 -0.000000204892
870.690002000  8.200000000 -0.000000176977
870.715027000  8.200000000 -0.000000143944
870.739990000  8.200000000 -0.000000105762
870.765015000  8.200000000 -0.000000062884
870.790039000  8.200000000 -0.000000020645
870.815002000  8.200000000 0.000000016323
870.840027000  8.200000000 0.000000046771
870.864990000  8.200000000 0.000000075731
870.890015000  8.200000000 0.000000104545
870.915039000  8.200000000 0.000000130713
870.940002000  8.200000000 0.000000152580
870.965027000  8.200000000 0.000000175613
870.989990000  8.200000000 0.000000201277
871.015015000  8.200000000 0.000000220555
871.040039000  8.200000000 0.000000234691
871.065002000  8.200000000 0.000000249079
871.090027000  8.200000000 0.000000254951
871.114990000  8.200000000 0.000000269322
871.140015000  8.200000000 0.000000297192
871.165039000  8.200000000 0.000000327745
871.190002000  8.200000000 0.000000365545
871.215027000  8.200000000 0.000000401044
871.239990000  8.200000000 0.000000433695
871.265015000  8.200000000 0.000000465870
871.290039000  8.200000000 0.000000495244
871.315002000  8.200000000 0.000000522263
871.340027000  8.200000000 0.000000530422
871.364990000  8.200000000 0.000000527527
871.390015000  8.200000000 0.000000532451
871.415039000  8.200000000 0.000000546954
871.440002000  8.200000000 0.000000573379
871.465027000  8.200000000 0.000000598638
871.489990000  8.200000000 0.000000616182
871.515015000  8.200000000 0.000000632184
871.540039000  8.200000000 0.000000653196
871.565002000  8.200000000 0.000000681428
871.590027000  8.200000000 0.000000703911
871.614990000  8.200000000 0.000000726450
871.640015000  8.200000000 0.000000747375
871.665039000  8.200000000 0.000000736381
871.690002000  8.200000000 0.000000710434
871.715027000  8.200000000 0.000000675454
871.739990000  8.200000000 0.000000627386
871.765015000  8.200000000 0.000000585201
871.790039000  8.200000000 0.000000553932
871.815002000  8.200000000 0.000000540357
871.840027000  8.200000000 0.000000546430
871.864990000  8.200000000 0.000000562454
871.890015000  8.200000000 0.000000586780
871.915039000  8.200000000 0.000000618594
871.940002000  8.200000000 0.000000643833
871.965027000  8.200000000 0.000000663721
871.989990000  8.200000000 0.000000687694
872.015015000  8.200000000 0.000000722177
872.040039000  8.200000000 0.000000763433
872.065002000  8.200000000 0.000000814219
872.090027000  8.200000000 0.000000874908
872.114990000  8.200000000 0.000000926222
872.140015000  8.200000000 0.000000970674
872.165039000  8.200000000 0.000001006814
872.190002000  8.200000000 0.000001023605
872.215027000  8.200000000 0.000001031062
872.239990000  8.200000000 0.000001029811
872.265015000  8.200000000 0.000001019862
872.290039000  8.200000000 0.000001003623
872.315002000  8.200000000 0.000000985132
872.340027000  8.200000000 0.000000963546
872.364990000  8.200000000 0.000000931491
872.390015000  8.200000000 0.000000888200
872.415039000  8.200000000 0.000000843377
872.440002000  8.200000000 0.000000802225
872.465027000  8.200000000 0.000000764727
872.489990000  8.200000000 0.000000734290
872.515015000  8.200000000 0.000000705900
872.540039000  8.200000000 0.000000671444
872.565002000  8.200000000 0.000000631574
872.590027000  8.200000000 0.000000594131
872.614990000  8.200000000 0.000000560184
872.640015000  8.200000000 0.000000534362
872.665039000  8.200000000 0.000000512031
872.690002000  8.200000000 0.000000486849
872.715027000  8.200000000 0.000000458332
872.739990000  8.200000000 0.000000426060
872.765015000  8.200000000 0.000000394588
872.790039000  8.200000000 0.000000365671
872.815002000  8.200000000 0.000000330526
872.840027000  8.200000000 0.000000283054
872.864990000  8.200000000 0.000000227139
872.890015000  8.200000000 0.000000169088
872.915039000  8.200000000 0.000000122851
872.940002000  8.200000000 0.000000082841
872.965027000  8.200000000 0.000000050834
872.989990000  8.200000000 0.000000026235
873.015015000  8.200000000 -0.000000009168
873.040039000  8.200000000 -0.000000045739
873.065002000  8.200000000 -0.000000078631
873.090027000  8.200000000 -0.000000110278
873.114990000  8.200000000 -0.000000142305
873.140015000  8.200000000 -0.000000171294
873.165039000  8.200000000 -0.000000185744
873.190002000  8.200000000 -0.000000190413
873.215027000  8.200000000 -0.000000189948
873.239990000  8.200000000 -0.000000180150
873.265015000  8.200000000 -0.000000167369
873.290039000  8.200000000 -0.000000160060
873.315002000  8.200000000 -0.000000158670
873.340027000  8.200000000 -0.000000168187
873.364990000  8.200000000 -0.000000192227
873.390015000  8.200000000 -0.000000225037
873.415039000  8.200000000 -0.000000251531
873.440002000  8.200000000 -0.000000264377
873.465027000  8.200000000 -0.000000267620
873.489990000  8.200000000 -0.000000259662
873.515015000  8.200000000 -0.000000249344
873.540039000  8.200000000 -0.000000245807
873.565002000  8.200000000 -0.000000260199
873.590027000  8.200000000 -0.000000292116
873.614990000  8.200000000 -0.000000329874
873.640015000  8.200000000 -0.000000368187
873.665039000  8.200000000 -0.000000400949
873.690002000  8.200000000 -0.000000429736
873.715027000  8.200000000 -0.000000449894
873.739990000  8.200000000 -0.000000466210
873.765015000  8.200000000 -0.000000483087
873.790039000  8.200000000 -0.000000497530
873.815002000  8.200000000 -0.000000511148
873.840027000  8.200000000 -0.000000516512
873.864990000  8.200000000 -0.000000514087
873.890015000  8.200000000 -0.000000505930
873.915039000  8.200000000 -0.000000495292
873.940002000  8.200000000 -0.000000472971
873.965027000  8.200000000 -0.000000427016
873.989990000  8.200000000 -0.000000360708
874.015015000  8.200000000 -0.000000294350
874.040039000  8.200000000 -0.000000241701
874.065002000  8.200000000 -0.000000205420
874.090027000  8.200000000 -0.000000191535
874.114990000  8.200000000 -0.000000198813
874.140015000  8.200000000 -0.000000226391
874.165039000  8.200000000 -0.000000254172
874.190002000  8.200000000 -0.000000274769
874.215027000  8.200000000 -0.000000288485
874.239990000  8.200000000 -0.000000299783
874.265015000  8.200000000 -0.000000310325
874.290039000  8.200000000 -0.000000301552
874.315002000  8.200000000 -0.000000281539
874.340027000  8.200000000 -0.000000254188
874.364990000  8.200000000 -0.000000230264
874.390015000  8.200000000 -0.000000202249
874.415039000  8.200000000 -0.000000156324
874.440002000  8.200000000 -0.000000104028
874.465027000  8.200000000 -0.000000054628
874.489990000  8.200000000 -0.000000004764
874.515015000  8.200000000 0.000000056267
874.540039000  8.200000000 0.000000120688
874.565002000  8.200000000 0.000000184342
874.590027000  8.200000000 0.000000255340
874.614990000  8.200000000 0.000000325592
874.640015000  8.200000000 0.000000379960
874.665039000  8.200000000 0.000000412710
874.690002000  8.200000000 0.000000417822
874.715027000  8.200000000 0.000000420740
874.739990000  8.200000000 0.000000422459
874.765015000  8.200000000 0.000000422700
874.790039000  8.200000000 0.000000427643
874.815002000  8.200000000 0.000000427789
874.840027000  8.200000000 0.000000433691
874.864990000  8.200000000 0.000000441952
874.890015000  8.200000000 0.000000456348
874.915039000  8.200000000 0.000000485927
874.940002000  8.200000000 0.000000524770
874.965027000  8.200000000 0.000000566708
874.989990000  8.200000000 0.000000582697
875.015015000  8.200000000 0.000000570911
875.040039000  8.200000000 0.000000555578
875.065002000  8.200000000 0.000000539159
875.090027000  8.200000000 0.000000519711
875.114990000  8.200000000 0.000000500913
875.140015000  8.200000000 0.000000479253
875.165039000  8.200000000 0.000000455658
875.190002000  8.200000000 0.000000447155
875.215027000  8.200000000 0.000000450283
875.239990000  8.200000000 0.000000455983
875.265015000  8.200000000 0.000000459974
875.290039000  8.200000000 0.000000465281
875.315002000  8.200000000 0.000000468673
875.340027000  8.200000000 0.000000475489
875.364990000  8.200000000 0.000000481866
875.390015000  8.200000000 0.000000469326
875.415039000  8.200000000 0.000000443786
875.440002000  8.200000000 0.000000422875
875.465027000  8.200000000 0.000000416018
875.489990000  8.200000000 0.000000411329
875.515015000  8.200000000 0.000000399069
875.540039000  8.200000000 0.000000377246
875.565002000  8.200000000 0.000000351538
875.590027000  8.200000000 0.000000324627
875.614990000  8.200000000 0.000000300881
875.640015000  8.200000000 0.000000280200
875.665039000  8.200000000 0.000000262934
875.690002000  8.200000000 0.000000255438
875.715027000  8.200000000 0.000000251627
875.739990000  8.200000000 0.000000245382
875.765015000  8.200000000 0.000000220741
875.790039000  8.200000000 0.000000182148
875.815002000  8.200000000 0.000000141647
875.840027000  8.200000000 0.000000082975
875.864990000  8.200000000 0.000000008815
875.890015000  8.200000000 -0.000000065879
875.915039000  8.200000000 -0.000000127609
875.940002000  8.200000000 -0.000000177362
875.965027000  8.200000000 -0.000000222428
875.989990000  8.200000000 -0.000000248161
876.015015000  8.200000000 -0.000000265444
876.040039000  8.200000000 -0.000000282435
876.065002000  8.200000000 -0.000000292828
876.090027000  8.200000000 -0.000000302308
876.114990000  8.200000000 -0.000000314822
876.140015000  8.200000000 -0.000000323398
876.165039000  8.200000000 -0.000000324598
876.190002000  8.200000000 -0.000000330626
876.215027000  8.200000000 -0.000000337923
876.239990000  8.200000000 -0.000000347750
876.265015000  8.200000000 -0.000000359323
876.290039000  8.200000000 -0.000000363627
876.315002000  8.200000000 -0.000000370630
876.340027000  8.200000000 -0.000000393238
876.364990000  8.200000000 -0.000000426138
876.390015000  8.200000000 -0.000000464839
876.415039000  8.200000000 -0.000000506073
876.440002000  8.200000000 -0.000000543739
876.465027000  8.200000000 -0.000000576523
876.489990000  8.200000000 -0.000000610334
876.515015000  8.200000000 -0.000000644424
876.540039000  8.200000000 -0.000000667574
876.565002000  8.200000000 -0.000000685316
876.590027000  8.200000000 -0.000000692553
876.614990000  8.200000000 -0.000000686676
876.640015000  8.200000000 -0.000000673114
876.665039000  8.200000000 -0.000000654619
876.690002000  8.200000000 -0.000000618424
876.715027000  8.200000000 -0.000000573574
876.739990000  8.200000000 -0.000000529680
876.765015000  8.200000000 -0.000000481269
876.790039000  8.200000000 -0.000000448666
876.815002000  8.200000000 -0.000000438290
876.840027000  8.200000000 -0.000000443033
876.864990000  8.200000000 -0.000000447182
876.890015000  8.200000000 -0.000000445281
876.915039000  8.200000000 -0.000000432093
876.940002000  8.200000000 -0.000000407643
876.965027000  8.200000000 -0.000000385899
876.989990000  8.200000000 -0.000000356071
877.015015000  8.200000000 -0.000000318403
877.040039000  8.200000000 -0.000000286938
877.065002000  8.200000000 -0.000000264677
877.090027000  8.200000000 -0.000000253282
877.114990000  8.200000000 -0.000000244074
877.140015000  8.200000000 -0.000000230795
877.165039000  8.200000000 -0.000000220122
877.190002000  8.200000000 -0.000000209917
877.215027000  8.200000000 -0.000000195799
877.239990000  8.200000000 -0.000000181518
877.265015000  8.200000000 -0.000000180220
877.290039000  8.200000000 -0.000000187251
877.315002000  8.200000000 -0.000000194886
877.340027000  8.200000000 -0.000000203463
877.364990000  8.200000000 -0.000000207976
877.390015000  8.200000000 -0.000000215933
877.415039000  8.200000000 -0.000000219926
877.440002000  8.200000000 -0.000000218457
877.465027000  8.200000000 -0.000000223855
877.489990000  8.200000000 -0.000000235049
877.515015000  8.200000000 -0.000000251877
877.540039000  8.200000000 -0.000000268698
877.565002000  8.200000000 -0.000000272086
877.590027000  8.200000000 -0.000000258286
877.614990000  8.200000000 -0.000000231829
877.640015000  8.200000000 -0.000000195596
877.665039000  8.200000000 -0.000000157890
877.690002000  8.200000000 -0.000000124905
877.715027000  8.200000000 -0.000000107162
877.739990000  8.200000000 -0.000000105135
877.765015000  8.200000000 -0.000000102495
877.790039000  8.200000000 -0.000000106909
877.815002000  8.200000000 -0.000000115691
877.840027000  8.200000000 -0.000000125493
877.864990000  8.200000000 -0.000000136844
877.890015000  8.200000000 -0.000000144231
877.915039000  8.200000000 -0.000000145903
877.940002000  8.200000000 -0.000000148598
877.965027000  8.200000000 -0.000000158075
877.989990000  8.200000000 -0.000000172247
878.015015000  8.200000000 -0.000000193481
878.040039000  8.200000000 -0.000000211989
878.065002000  8.200000000 -0.000000228642
878.090027000  8.200000000 -0.000000245899
878.114990000  8.200000000 -0.000000254481
878.140015000  8.200000000 -0.000000249509
878.165039000  8.200000000 -0.000000245087
878.190002000  8.200000000 -0.000000241724
878.215027000  8.200000000 -0.000000237541
878.239990000  8.200000000 -0.000000237668
878.265015000  8.200000000 -0.000000239290
878.290039000  8.200000000 -0.000000249091
878.315002000  8.200000000 -0.000000265275
878.340027000  8.200000000 -0.000000295161
878.364990000  8.200000000 -0.000000338561
878.390015000  8.200000000 -0.000000393887
878.415039000  8.200000000 -0.000000442647
878.440002000  8.200000000 -0.000000481697
878.465027000  8.200000000 -0.000000509861
878.489990000  8.200000000 -0.000000516579
878.515015000  8.200000000 -0.000000520647
878.540039000  8.200000000 -0.000000514861
878.565002000  8.200000000 -0.000000499457
878.590027000  8.200000000 -0.000000483170
878.614990000  8.200000000 -0.000000473841
878.640015000  8.200000000 -0.000000471055
878.665039000  8.200000000 -0.000000461850
878.690002000  8.200000000 -0.000000449332
878.715027000  8.200000000 -0.000000428354
878.739990000  8.200000000 -0.000000398348
878.765015000  8.200000000 -0.000000370024
878.790039000  8.200000000 -0.000000347351
878.815002000  8.200000000 -0.000000335240
878.840027000  8.200000000 -0.000000325582
878.864990000  8.200000000 -0.000000315777
878.890015000  8.200000000 -0.000000311439
878.915039000  8.200000000 -0.000000306946
878.940002000  8.200000000 -0.000000300080
878.965027000  8.200000000 -0.000000295571
878.989990000  8.200000000 -0.000000292204
879.015015000  8.200000000 -0.000000290750
879.040039000  8.200000000 -0.000000294474
879.065002000  8.200000000 -0.000000294482
879.090027000  8.200000000 -0.000000284150
879.114990000  8.200000000 -0.000000270885
879.140015000  8.200000000 -0.000000262120
879.165039000  8.200000000 -0.000000256447
879.190002000  8.200000000 -0.000000249447
879.215027000  8.200000000 -0.000000235171
879.239990000  8.200000000 -0.000000227068
879.265015000  8.200000000 -0.000000235226
879.290039000  8.200000000 -0.000000243621
879.315002000  8.200000000 -0.000000237887
879.340027000  8.200000000 -0.000000222603
879.364990000  8.200000000 -0.000000201290
879.390015000  8.200000000 -0.000000175079
879.415039000  8.200000000 -0.000000150768
879.440002000  8.200000000 -0.000000127217
879.465027000  8.200000000 -0.000000108834
879.489990000  8.200000000 -0.000000098783
879.515015000  8.200000000 -0.000000098015
879.540039000  8.200000000 -0.000000106990
879.565002000  8.200000000 -0.000000115241
879.590027000  8.200000000 -0.000000117936
879.614990000  8.200000000 -0.000000117316
879.640015000  8.200000000 -0.000000117267
879.665039000  8.200000000 -0.000000126268
879.690002000  8.200000000 -0.000000149806
879.715027000  8.200000000 -0.000000174708
879.739990000  8.200000000 -0.000000192549
879.765015000  8.200000000 -0.000000202784
879.790039000  8.200000000 -0.000000206958
879.815002000  8.200000000 -0.000000208524
879.840027000  8.200000000 -0.000000203882
879.864990000  8.200000000 -0.000000193988
879.890015000  8.200000000 -0.000000181961
879.915039000  8.200000000 -0.000000174626
879.940002000  8.200000000 -0.000000169432
879.965027000  8.200000000 -0.000000153683
879.989990000  8.200000000 -0.000000142018
880.015015000  8.200000000 -0.000000144302
880.040039000  8.200000000 -0.000000152507
880.065002000  8.200000000 -0.000000172940
880.090027000  8.200000000 -0.000000202676
880.114990000  8.200000000 -0.000000232267
880.140015000  8.200000000 -0.000000260633
880.165039000  8.200000000 -0.000000283133
880.190002000  8.200000000 -0.000000297199
880.215027000  8.200000000 -0.000000310649
880.239990000  8.200000000 -0.000000328968
880.265015000  8.200000000 -0.000000347452
880.290039000  8.200000000 -0.000000357263
880.315002000  8.200000000 -0.000000358812
880.340027000  8.200000000 -0.000000362910
880.364990000  8.200000000 -0.000000373140
880.390015000  8.200000000 -0.000000386919
880.415039000  8.200000000 -0.000000395932
880.440002000  8.200000000 -0.000000402049
880.465027000  8.200000000 -0.000000418203
880.489990000  8.200000000 -0.000000435694
880.515015000  8.200000000 -0.000000448258
880.540039000  8.200000000 -0.000000455007
880.565002000  8.200000000 -0.000000459085
880.590027000  8.200000000 -0.000000463084
880.614990000  8.200000000 -0.000000467072
880.640015000  8.200000000 -0.000000475307
880.665039000  8.200000000 -0.000000485078
880.690002000  8.200000000 -0.000000490523
880.715027000  8.200000000 -0.000000491086
880.739990000  8.200000000 -0.000000488446
880.765015000  8.200000000 -0.000000484821
880.790039000  8.200000000 -0.000000479342
880.815002000  8.200000000 -0.000000466952
880.840027000  8.200000000 -0.000000445765
880.864990000  8.200000000 -0.000000424619
880.890015000  8.200000000 -0.000000398861
880.915039000  8.200000000 -0.000000373169
880.940002000  8.200000000 -0.000000333314
880.965027000  8.200000000 -0.000000274355
880.989990000  8.200000000 -0.000000237211
881.015015000  8.200000000 -0.000000214412
881.040039000  8.200000000 -0.000000189433
881.065002000  8.200000000 -0.000000160620
881.090027000  8.200000000 -0.000000113225
881.114990000  8.200000000 -0.000000051194
881.140015000  8.200000000 0.000000007721
881.165039000  8.200000000 0.000000055456
881.190002000  8.200000000 0.000000106645
881.215027000  8.200000000 0.000000165343
881.239990000  8.200000000 0.000000210273
881.265015000  8.200000000 0.000000254441
881.290039000  8.200000000 0.000000311336
881.315002000  8.200000000 0.000000374709
881.340027000  8.200000000 0.000000433808
881.364990000  8.200000000 0.000000482787
881.390015000  8.200000000 0.000000514557
881.415039000  8.200000000 0.000000523316
881.440002000  8.200000000 0.000000508257
881.465027000  8.200000000 0.000000480019
881.489990000  8.200000000 0.000000457310
881.515015000  8.200000000 0.000000442170
881.540039000  8.200000000 0.000000421426
881.565002000  8.200000000 0.000000382129
881.590027000  8.200000000 0.000000356601
881.614990000  8.200000000 0.000000338688
881.640015000  8.200000000 0.000000330818
881.665039000  8.200000000 0.000000366497
881.690002000  8.200000000 0.000000385731
881.715027000  8.200000000 0.000000383263
881.739990000  8.200000000 0.000000391010
881.765015000  8.200000000 0.000000400265
881.790039000  8.200000000 0.000000406351
881.815002000  8.200000000 0.000000406909
881.840027000  8.200000000 0.000000406092
881.864990000  8.200000000 0.000000402136
881.890015000  8.200000000 0.000000398685
881.915039000  8.200000000 0.000000400540
881.940002000  8.200000000 0.000000400570
881.965027000  8.200000000 0.000000396289
881.989990000  8.200000000 0.000000385797
882.015015000  8.200000000 0.000000366029
882.040039000  8.200000000 0.000000348412
882.065002000  8.200000000 0.000000332878
882.090027000  8.200000000 0.000000318730
882.114990000  8.200000000 0.000000309856
882.140015000  8.200000000 0.000000303254
882.165039000  8.200000000 0.000000291619
882.190002000  8.200000000 0.000000262968
882.215027000  8.200000000 0.000000219214
882.239990000  8.200000000 0.000000169138
882.265015000  8.200000000 0.000000115452
882.290039000  8.200000000 0.000000067996
882.315002000  8.200000000 0.000000021796
882.340027000  8.200000000 -0.000000033165
882.364990000  8.200000000 -0.000000090770
882.390015000  8.200000000 -0.000000118282
882.415039000  8.200000000 -0.000000138850
882.440002000  8.200000000 -0.000000162886
882.465027000  8.200000000 -0.000000152584
882.489990000  8.200000000 -0.000000144803
882.515015000  8.200000000 -0.000000145792
882.540039000  8.200000000 -0.000000141821
882.565002000  8.200000000 -0.000000129623
882.590027000  8.200000000 -0.000000115471
882.614990000  8.200000000 -0.000000094895
882.640015000  8.200000000 -0.000000069110
882.665039000  8.200000000 -0.000000070037
882.690002000  8.200000000 -0.000000068954
882.715027000  8.200000000 -0.000000059943
882.739990000  8.200000000 -0.000000050265
882.765015000  8.200000000 -0.000000028182
882.790039000  8.200000000 -0.000000011395
882.815002000  8.200000000 -0.000000001173
882.840027000  8.200000000 0.000000007242
882.864990000  8.200000000 0.000000024090
882.890015000  8.200000000 0.000000034960
882.915039000  8.200000000 0.000000022011
882.940002000  8.200000000 0.000000013138
882.965027000  8.200000000 0.000000010429
882.989990000  8.200000000 0.000000025472
883.015015000  8.200000000 0.000000052991
883.040039000  8.200000000 0.000000076326
883.065002000  8.200000000 0.000000096773
883.090027000  8.200000000 0.000000110137
883.114990000  8.200000000 0.000000122263
883.140015000  8.200000000 0.000000130456
883.165039000  8.200000000 0.000000142305
883.190002000  8.200000000 0.000000158965
883.215027000  8.200000000 0.000000182747
883.239990000  8.200000000 0.000000224416
883.265015000  8.200000000 0.000000279995
883.290039000  8.200000000 0.000000335724
883.315002000  8.200000000 0.000000388934
883.340027000  8.200000000 0.000000446688
883.364990000  8.200000000 0.000000505729
883.390015000  8.200000000 0.000000552814
883.415039000  8.200000000 0.000000588967
883.440002000  8.200000000 0.000000614573
883.465027000  8.200000000 0.000000629908
883.489990000  8.200000000 0.000000631440
883.515015000  8.200000000 0.000000620592
883.540039000  8.200000000 0.000000617359
883.565002000  8.200000000 0.000000617891
883.590027000  8.200000000 0.000000618481
883.614990000  8.200000000 0.000000621892
883.640015000  8.200000000 0.000000624039
883.665039000  8.200000000 0.000000626592
883.690002000  8.200000000 0.000000642993
883.715027000  8.200000000 0.000000675773
883.739990000  8.200000000 0.000000700538
883.765015000  8.200000000 0.000000705149
883.790039000  8.200000000 0.000000722431
883.815002000  8.200000000 0.000000744429
883.840027000  8.200000000 0.000000751375
883.864990000  8.200000000 0.000000757365
883.890015000  8.200000000 0.000000752766
883.915039000  8.200000000 0.000000727100
883.940002000  8.200000000 0.000000697593
883.965027000  8.200000000 0.000000677114
883.989990000  8.200000000 0.000000652699
884.015015000  8.200000000 0.000000630964
884.040039000  8.200000000 0.000000624594
884.065002000  8.200000000 0.000000618503
884.090027000  8.200000000 0.000000631480
884.114990000  8.200000000 0.000000667758
884.140015000  8.200000000 0.000000712104
884.165039000  8.200000000 0.000000752731
884.190002000  8.200000000 0.000000791674
884.215027000  8.200000000 0.000000847027
884.239990000  8.200000000 0.000000880783
884.265015000  8.200000000 0.000000890912
884.290039000  8.200000000 0.000000903004
884.315002000  8.200000000 0.000000908494
884.340027000  8.200000000 0.000000907384
884.364990000  8.200000000 0.000000916297
884.390015000  8.200000000 0.000000939509
884.415039000  8.200000000 0.000000974287
884.440002000  8.200000000 0.000001021015
884.465027000  8.200000000 0.000001066519
884.489990000  8.200000000 0.000001106856
884.515015000  8.200000000 0.000001145412
884.540039000  8.200000000 0.000001179992
884.565002000  8.200000000 0.000001209482
884.590027000  8.200000000 0.000001237115
884.614990000  8.200000000 0.000001260522
884.640015000  8.200000000 0.000001271911
884.665039000  8.200000000 0.000001271549
884.690002000  8.200000000 0.000001260367
884.715027000  8.200000000 0.000001244389
884.739990000  8.200000000 0.000001229812
884.765015000  8.200000000 0.000001208543
884.790039000  8.200000000 0.000001175001
884.815002000  8.200000000 0.000001136080
884.840027000  8.200000000 0.000001092293
884.864990000  8.200000000 0.000001052323
884.890015000  8.200000000 0.000001023266
884.915039000  8.200000000 0.000000993115
884.940002000  8.200000000 0.000000955601
884.965027000  8.200000000 0.000000917021
884.989990000  8.200000000 0.000000876477
885.015015000  8.200000000 0.000000827167
885.040039000  8.200000000 0.000000778268
885.065002000  8.200000000 0.000000737949
885.090027000  8.200000000 0.000000700410
885.114990000  8.200000000 0.000000665951
885.140015000  8.200000000 0.000000635754
885.165039000  8.200000000 0.000000609687
885.190002000  8.200000000 0.000000582354
885.215027000  8.200000000 0.000000550670
885.239990000  8.200000000 0.000000521059
885.265015000  8.200000000 0.000000489805
885.290039000  8.200000000 0.000000458083
885.315002000  8.200000000 0.000000436205
885.340027000  8.200000000 0.000000413558
885.364990000  8.200000000 0.000000385120
885.390015000  8.200000000 0.000000355311
885.415039000  8.200000000 0.000000333228
885.440002000  8.200000000 0.000000329148
885.465027000  8.200000000 0.000000330261
885.489990000  8.200000000 0.000000319373
885.515015000  8.200000000 0.000000291333
885.540039000  8.200000000 0.000000250088
885.565002000  8.200000000 0.000000197424
885.590027000  8.200000000 0.000000138305
885.614990000  8.200000000 0.000000076365
885.640015000  8.200000000 0.000000020088
885.665039000  8.200000000 -0.000000021858
885.690002000  8.200000000 -0.000000057798
885.715027000  8.200000000 -0.000000094849
885.739990000  8.200000000 -0.000000127472
885.765015000  8.200000000 -0.000000154423
885.790039000  8.200000000 -0.000000175748
885.815002000  8.200000000 -0.000000190981
885.840027000  8.200000000 -0.000000203997
885.864990000  8.200000000 -0.000000215010
885.890015000  8.200000000 -0.000000222506
885.915039000  8.200000000 -0.000000224258
885.940002000  8.200000000 -0.000000216743
885.965027000  8.200000000 -0.000000210085
885.989990000  8.200000000 -0.000000201717
886.015015000  8.200000000 -0.000000196529
886.040039000  8.200000000 -0.000000212324
886.065002000  8.200000000 -0.000000242066
886.090027000  8.200000000 -0.000000284214
886.114990000  8.200000000 -0.000000330134
886.140015000  8.200000000 -0.000000375301
886.165039000  8.200000000 -0.000000417143
886.190002000  8.200000000 -0.000000452882
886.215027000  8.200000000 -0.000000481921
886.239990000  8.200000000 -0.000000508040
886.265015000  8.200000000 -0.000000538936
886.290039000  8.200000000 -0.000000575783
886.315002000  8.200000000 -0.000000620042
886.340027000  8.200000000 -0.000000665057
886.364990000  8.200000000 -0.000000699393
886.390015000  8.200000000 -0.000000726190
886.415039000  8.200000000 -0.000000755973
886.440002000  8.200000000 -0.000000784952
886.465027000  8.200000000 -0.000000809237
886.489990000  8.200000000 -0.000000830667
886.515015000  8.200000000 -0.000000858277
886.540039000  8.200000000 -0.000000889127
886.565002000  8.200000000 -0.000000918064
886.590027000  8.200000000 -0.000000952483
886.614990000  8.200000000 -0.000000982769
886.640015000  8.200000000 -0.000001007054
886.665039000  8.200000000 -0.000001025349
886.690002000  8.200000000 -0.000001037611
886.715027000  8.200000000 -0.000001049199
886.739990000  8.200000000 -0.000001062320
886.765015000  8.200000000 -0.000001084343
886.790039000  8.200000000 -0.000001114389
886.815002000  8.200000000 -0.000001136395
886.840027000  8.200000000 -0.000001149061
886.864990000  8.200000000 -0.000001156658
886.890015000  8.200000000 -0.000001160450
886.915039000  8.200000000 -0.000001159316
886.940002000  8.200000000 -0.000001154417
886.965027000  8.200000000 -0.000001151184
886.989990000  8.200000000 -0.000001144726
887.015015000  8.200000000 -0.000001137201
887.040039000  8.200000000 -0.000001127736
887.065002000  8.200000000 -0.000001109644
887.090027000  8.200000000 -0.000001081920
887.114990000  8.200000000 -0.000001046592
887.140015000  8.200000000 -0.000001005833
887.165039000  8.200000000 -0.000000965670
887.190002000  8.200000000 -0.000000931499
887.215027000  8.200000000 -0.000000899602
887.239990000  8.200000000 -0.000000870138
887.265015000  8.200000000 -0.000000851228
887.290039000  8.200000000 -0.000000839404
887.315002000  8.200000000 -0.000000827167
887.340027000  8.200000000 -0.000000811848
887.364990000  8.200000000 -0.000000788653
887.390015000  8.200000000 -0.000000752994
887.415039000  8.200000000 -0.000000718868
887.440002000  8.200000000 -0.000000692125
887.465027000  8.200000000 -0.000000668031
887.489990000  8.200000000 -0.000000644286
887.515015000  8.200000000 -0.000000618214
887.540039000  8.200000000 -0.000000583786
887.565002000  8.200000000 -0.000000542341
887.590027000  8.200000000 -0.000000500325
887.614990000  8.200000000 -0.000000451495
887.640015000  8.200000000 -0.000000392064
887.665039000  8.200000000 -0.000000334280
887.690002000  8.200000000 -0.000000282397
887.715027000  8.200000000 -0.000000232039
887.739990000  8.200000000 -0.000000184038
887.765015000  8.200000000 -0.000000131087
887.790039000  8.200000000 -0.000000074628
887.815002000  8.200000000 -0.000000018131
887.840027000  8.200000000 0.000000041261
887.864990000  8.200000000 0.000000101880
887.890015000  8.200000000 0.000000168196
887.915039000  8.200000000 0.000000237457
887.940002000  8.200000000 0.000000299184
887.965027000  8.200000000 0.000000349460
887.989990000  8.200000000 0.000000391591
888.015015000  8.200000000 0.000000428804
888.040039000  8.200000000 0.000000461313
888.065002000  8.200000000 0.000000494368
888.090027000  8.200000000 0.000000527450
888.114990000  8.200000000 0.000000555923
888.140015000  8.200000000 0.000000582621
888.165039000  8.200000000 0.000000611528
888.190002000  8.200000000 0.000000649662
888.215027000  8.200000000 0.000000691254
888.239990000  8.200000000 0.000000732923
888.265015000  8.200000000 0.000000778947
888.290039000  8.200000000 0.000000824819
888.315002000  8.200000000 0.000000865077
888.340027000  8.200000000 0.000000900384
888.364990000  8.200000000 0.000000931423
888.390015000  8.200000000 0.000000961071
888.415039000  8.200000000 0.000000988156
888.440002000  8.200000000 0.000001011613
888.465027000  8.200000000 0.000001035639
888.489990000  8.200000000 0.000001050478
888.515015000  8.200000000 0.000001056540
888.540039000  8.200000000 0.000001055743
888.565002000  8.200000000 0.000001054357
888.590027000  8.200000000 0.000001047405
888.614990000  8.200000000 0.000001031453
888.640015000  8.200000000 0.000001010623
888.665039000  8.200000000 0.000000976287
888.690002000  8.200000000 0.000000937474
888.715027000  8.200000000 0.000000901068
888.739990000  8.200000000 0.000000864537
888.765015000  8.200000000 0.000000819151
888.790039000  8.200000000 0.000000769318
888.815002000  8.200000000 0.000000727188
888.840027000  8.200000000 0.000000681682
888.864990000  8.200000000 0.000000637614
888.890015000  8.200000000 0.000000600311
888.915039000  8.200000000 0.000000566770
888.940002000  8.200000000 0.000000543278
888.965027000  8.200000000 0.000000523520
888.989990000  8.200000000 0.000000506099
889.015015000  8.200000000 0.000000499168
889.040039000  8.200000000 0.000000499296
889.065002000  8.200000000 0.000000495310
889.090027000  8.200000000 0.000000487698
889.114990000  8.200000000 0.000000472196
889.140015000  8.200000000 0.000000447504
889.165039000  8.200000000 0.000000420252
889.190002000  8.200000000 0.000000388686
889.215027000  8.200000000 0.000000353531
889.239990000  8.200000000 0.000000317660
889.265015000  8.200000000 0.000000290735
889.290039000  8.200000000 0.000000272647
889.315002000  8.200000000 0.000000253504
889.340027000  8.200000000 0.000000225269
889.364990000  8.200000000 0.000000188897
889.390015000  8.200000000 0.000000154882
889.415039000  8.200000000 0.000000137436
889.440002000  8.200000000 0.000000130159
889.465027000  8.200000000 0.000000125127
889.489990000  8.200000000 0.000000126724
889.515015000  8.200000000 0.000000129213
889.540039000  8.200000000 0.000000129487
889.565002000  8.200000000 0.000000121190
889.590027000  8.200000000 0.000000103819
889.614990000  8.200000000 0.000000079180
889.640015000  8.200000000 0.000000057532
889.665039000  8.200000000 0.000000034600
889.690002000  8.200000000 0.000000009954
889.715027000  8.200000000 -0.000000009614
889.739990000  8.200000000 -0.000000024368
889.765015000  8.200000000 -0.000000027462
889.790039000  8.200000000 -0.000000030891
889.815002000  8.200000000 -0.000000035813
889.840027000  8.200000000 -0.000000038507
889.864990000  8.200000000 -0.000000047153
889.890015000  8.200000000 -0.000000061665
889.915039000  8.200000000 -0.000000065497
889.940002000  8.200000000 -0.000000058324
889.965027000  8.200000000 -0.000000046943
889.989990000  8.200000000 -0.000000035660
890.015015000  8.200000000 -0.000000035027
890.040039000  8.200000000 -0.000000035470
890.065002000  8.200000000 -0.000000035894
890.090027000  8.200000000 -0.000000042893
890.114990000  8.200000000 -0.000000054556
890.140015000  8.200000000 -0.000000070616
890.165039000  8.200000000 -0.000000092574
890.190002000  8.200000000 -0.000000122542
890.215027000  8.200000000 -0.000000160845
890.239990000  8.200000000 -0.000000202666
890.265015000  8.200000000 -0.000000241398
890.290039000  8.200000000 -0.000000275609
890.315002000  8.200000000 -0.000000309788
890.340027000  8.200000000 -0.000000349684
890.364990000  8.200000000 -0.000000388238
890.390015000  8.200000000 -0.000000419834
890.415039000  8.200000000 -0.000000447139
890.440002000  8.200000000 -0.000000472244
890.465027000  8.200000000 -0.000000492689
890.489990000  8.200000000 -0.000000511516
890.515015000  8.200000000 -0.000000540938
890.540039000  8.200000000 -0.000000577589
890.565002000  8.200000000 -0.000000621138
890.590027000  8.200000000 -0.000000666882
890.614990000  8.200000000 -0.000000703218
890.640015000  8.200000000 -0.000000733141
890.665039000  8.200000000 -0.000000759991
890.690002000  8.200000000 -0.000000784366
890.715027000  8.200000000 -0.000000803021
890.739990000  8.200000000 -0.000000817753
890.765015000  8.200000000 -0.000000840858
890.790039000  8.200000000 -0.000000868955
890.815002000  8.200000000 -0.000000894815
890.840027000  8.200000000 -0.000000921021
890.864990000  8.200000000 -0.000000946072
890.890015000  8.200000000 -0.000000969734
890.915039000  8.200000000 -0.000000994986
890.940002000  8.200000000 -0.000001019413
890.965027000  8.200000000 -0.000001039469
890.989990000  8.200000000 -0.000001047063
891.015015000  8.200000000 -0.000001044805
891.040039000  8.200000000 -0.000001044514
891.065002000  8.200000000 -0.000001043635
891.090027000  8.200000000 -0.000001053593
891.114990000  8.200000000 -0.000001072295
891.140015000  8.200000000 -0.000001092064
891.165039000  8.200000000 -0.000001108395
891.190002000  8.200000000 -0.000001116861
891.215027000  8.200000000 -0.000001115970
891.239990000  8.200000000 -0.000001101248
891.265015000  8.200000000 -0.000001081768
891.290039000  8.200000000 -0.000001054399
891.315002000  8.200000000 -0.000001028843
891.340027000  8.200000000 -0.000001007365
891.364990000  8.200000000 -0.000000981232
891.390015000  8.200000000 -0.000000951790
891.415039000  8.200000000 -0.000000910201
891.440002000  8.200000000 -0.000000856688
891.465027000  8.200000000 -0.000000795692
891.489990000  8.200000000 -0.000000726043
891.515015000  8.200000000 -0.000000654281
891.540039000  8.200000000 -0.000000589606
891.565002000  8.200000000 -0.000000532768
891.590027000  8.200000000 -0.000000486133
891.614990000  8.200000000 -0.000000441562
891.640015000  8.200000000 -0.000000394606
891.665039000  8.200000000 -0.000000347508
891.690002000  8.200000000 -0.000000303032
891.715027000  8.200000000 -0.000000263724
891.739990000  8.200000000 -0.000000220273
891.765015000  8.200000000 -0.000000174836
891.790039000  8.200000000 -0.000000133364
891.815002000  8.200000000 -0.000000088528
891.840027000  8.200000000 -0.000000036936
891.864990000  8.200000000 0.000000009975
891.890015000  8.200000000 0.000000056058
891.915039000  8.200000000 0.000000090485
891.940002000  8.200000000 0.000000111433
891.965027000  8.200000000 0.000000136929
891.989990000  8.200000000 0.000000159539
892.015015000  8.200000000 0.000000173722
892.040039000  8.200000000 0.000000186872
892.065002000  8.200000000 0.000000202552
892.090027000  8.200000000 0.000000218035
892.114990000  8.200000000 0.000000231710
892.140015000  8.200000000 0.000000243188
892.165039000  8.200000000 0.000000255859
892.190002000  8.200000000 0.000000270715
892.215027000  8.200000000 0.000000283188
892.239990000  8.200000000 0.000000288139
892.265015000  8.200000000 0.000000284154
892.290039000  8.200000000 0.000000273165
892.315002000  8.200000000 0.000000259070
892.340027000  8.200000000 0.000000238674
892.364990000  8.200000000 0.000000209018
892.390015000  8.200000000 0.000000176434
892.415039000  8.200000000 0.000000154399
892.440002000  8.200000000 0.000000135513
892.465027000  8.200000000 0.000000106144
892.489990000  8.200000000 0.000000071335
892.515015000  8.200000000 0.000000039063
892.540039000  8.200000000 0.000000010004
892.565002000  8.200000000 -0.000000016320
892.590027000  8.200000000 -0.000000036484
892.614990000  8.200000000 -0.000000055007
892.640015000  8.200000000 -0.000000069951
892.665039000  8.200000000 -0.000000082827
892.690002000  8.200000000 -0.000000091751
892.715027000  8.200000000 -0.000000107057
892.739990000  8.200000000 -0.000000133034
892.765015000  8.200000000 -0.000000150974
892.790039000  8.200000000 -0.000000168768
892.815002000  8.200000000 -0.000000191672
892.840027000  8.200000000 -0.000000222639
892.864990000  8.200000000 -0.000000264039
892.890015000  8.200000000 -0.000000309378
892.915039000  8.200000000 -0.000000351848
892.940002000  8.200000000 -0.000000389074
892.965027000  8.200000000 -0.000000421724
892.989990000  8.200000000 -0.000000452082
893.015015000  8.200000000 -0.000000484312
893.040039000  8.200000000 -0.000000511610
893.065002000  8.200000000 -0.000000530532
893.090027000  8.200000000 -0.000000544203
893.114990000  8.200000000 -0.000000549383
893.140015000  8.200000000 -0.000000550489
893.165039000  8.200000000 -0.000000560585
893.190002000  8.200000000 -0.000000580786
893.215027000  8.200000000 -0.000000605896
893.239990000  8.200000000 -0.000000631778
893.265015000  8.200000000 -0.000000652732
893.290039000  8.200000000 -0.000000673480
893.315002000  8.200000000 -0.000000693545
893.340027000  8.200000000 -0.000000711636
893.364990000  8.200000000 -0.000000728610
893.390015000  8.200000000 -0.000000740060
893.415039000  8.200000000 -0.000000746005
893.440002000  8.200000000 -0.000000748368
893.465027000  8.200000000 -0.000000751717
893.489990000  8.200000000 -0.000000752962
893.515015000  8.200000000 -0.000000752156
893.540039000  8.200000000 -0.000000758511
893.565002000  8.200000000 -0.000000761367
893.590027000  8.200000000 -0.000000757174
893.614990000  8.200000000 -0.000000751057
893.640015000  8.200000000 -0.000000736922
893.665039000  8.200000000 -0.000000721880
893.690002000  8.200000000 -0.000000714771
893.715027000  8.200000000 -0.000000716755
893.739990000  8.200000000 -0.000000725744
893.765015000  8.200000000 -0.000000741048
893.790039000  8.200000000 -0.000000764680
893.815002000  8.200000000 -0.000000783522
893.840027000  8.200000000 -0.000000791284
893.864990000  8.200000000 -0.000000797835
893.890015000  8.200000000 -0.000000802212
893.915039000  8.200000000 -0.000000804425
893.940002000  8.200000000 -0.000000805927
893.965027000  8.200000000 -0.000000794826
893.989990000  8.200000000 -0.000000770925
894.015015000  8.200000000 -0.000000755699
894.040039000  8.200000000 -0.000000748848
894.065002000  8.200000000 -0.000000747999
894.090027000  8.200000000 -0.000000751774
894.114990000  8.200000000 -0.000000756578
894.140015000  8.200000000 -0.000000766473
894.165039000  8.200000000 -0.000000777591
894.190002000  8.200000000 -0.000000783079
894.215027000  8.200000000 -0.000000784372
894.239990000  8.200000000 -0.000000785568
894.265015000  8.200000000 -0.000000785599
894.290039000  8.200000000 -0.000000793005
894.315002000  8.200000000 -0.000000797746
894.340027000  8.200000000 -0.000000795742
894.364990000  8.200000000 -0.000000793520
894.390015000  8.200000000 -0.000000785165
894.415039000  8.200000000 -0.000000763368
894.440002000  8.200000000 -0.000000732938
894.465027000  8.200000000 -0.000000705755
894.489990000  8.200000000 -0.000000680201
894.515015000  8.200000000 -0.000000660516
894.540039000  8.200000000 -0.000000644826
894.565002000  8.200000000 -0.000000630121
894.590027000  8.200000000 -0.000000610665
894.614990000  8.200000000 -0.000000583338
894.640015000  8.200000000 -0.000000557719
894.665039000  8.200000000 -0.000000544201
894.690002000  8.200000000 -0.000000537293
894.715027000  8.200000000 -0.000000530495
894.739990000  8.200000000 -0.000000528419
894.765015000  8.200000000 -0.000000527569
894.790039000  8.200000000 -0.000000528971
894.815002000  8.200000000 -0.000000540595
894.840027000  8.200000000 -0.000000551211
894.864990000  8.200000000 -0.000000546602
894.890015000  8.200000000 -0.000000536606
894.915039000  8.200000000 -0.000000529141
894.940002000  8.200000000 -0.000000514255
894.965027000  8.200000000 -0.000000491747
894.989990000  8.200000000 -0.000000470904
895.015015000  8.200000000 -0.000000457427
895.040039000  8.200000000 -0.000000453605
895.065002000  8.200000000 -0.000000451859
895.090027000  8.200000000 -0.000000450118
895.114990000  8.200000000 -0.000000442531
895.140015000  8.200000000 -0.000000433625
895.165039000  8.200000000 -0.000000434979
895.190002000  8.200000000 -0.000000437734
895.215027000  8.200000000 -0.000000435407
895.239990000  8.200000000 -0.000000434803
895.265015000  8.200000000 -0.000000433167
895.290039000  8.200000000 -0.000000426891
895.315002000  8.200000000 -0.000000420851
895.340027000  8.200000000 -0.000000413568
895.364990000  8.200000000 -0.000000408870
895.390015000  8.200000000 -0.000000410906
895.415039000  8.200000000 -0.000000418891
895.440002000  8.200000000 -0.000000428284
895.465027000  8.200000000 -0.000000435318
895.489990000  8.200000000 -0.000000432744
895.515015000  8.200000000 -0.000000416212
895.540039000  8.200000000 -0.000000393031
895.565002000  8.200000000 -0.000000370259
895.590027000  8.200000000 -0.000000351531
895.614990000  8.200000000 -0.000000333528
895.640015000  8.200000000 -0.000000314811
895.665039000  8.200000000 -0.000000298937
895.690002000  8.200000000 -0.000000287275
895.715027000  8.200000000 -0.000000274977
895.739990000  8.200000000 -0.000000261397
895.765015000  8.200000000 -0.000000248443
895.790039000  8.200000000 -0.000000236029
895.815002000  8.200000000 -0.000000228456
895.840027000  8.200000000 -0.000000222054
895.864990000  8.200000000 -0.000000216603
895.890015000  8.200000000 -0.000000219792
895.915039000  8.200000000 -0.000000238867
895.940002000  8.200000000 -0.000000271957
895.965027000  8.200000000 -0.000000308016
895.989990000  8.200000000 -0.000000340773
896.015015000  8.200000000 -0.000000364559
896.040039000  8.200000000 -0.000000391726
896.065002000  8.200000000 -0.000000426348
896.090027000  8.200000000 -0.000000455046
896.114990000  8.200000000 -0.000000485053
896.140015000  8.200000000 -0.000000517744
896.165039000  8.200000000 -0.000000544813
896.190002000  8.200000000 -0.000000565840
896.215027000  8.200000000 -0.000000579689
896.239990000  8.200000000 -0.000000579387
896.265015000  8.200000000 -0.000000567287
896.290039000  8.200000000 -0.000000548920
896.315002000  8.200000000 -0.000000534574
896.340027000  8.200000000 -0.000000523136
896.364990000  8.200000000 -0.000000511191
896.390015000  8.200000000 -0.000000509694
896.415039000  8.200000000 -0.000000513824
896.440002000  8.200000000 -0.000000508023
896.465027000  8.200000000 -0.000000494788
896.489990000  8.200000000 -0.000000483077
896.515015000  8.200000000 -0.000000463771
896.540039000  8.200000000 -0.000000442646
896.565002000  8.200000000 -0.000000432310
896.590027000  8.200000000 -0.000000428431
896.614990000  8.200000000 -0.000000429941
896.640015000  8.200000000 -0.000000436713
896.665039000  8.200000000 -0.000000441576
896.690002000  8.200000000 -0.000000444714
896.715027000  8.200000000 -0.000000445795
896.739990000  8.200000000 -0.000000444801
896.765015000  8.200000000 -0.000000445711
896.790039000  8.200000000 -0.000000448093
896.815002000  8.200000000 -0.000000449499
896.840027000  8.200000000 -0.000000450613
896.864990000  8.200000000 -0.000000456786
896.890015000  8.200000000 -0.000000465613
896.915039000  8.200000000 -0.000000471418
896.940002000  8.200000000 -0.000000474183
896.965027000  8.200000000 -0.000000476688
896.989990000  8.200000000 -0.000000482486
897.015015000  8.200000000 -0.000000481833
897.040039000  8.200000000 -0.000000473012
897.065002000  8.200000000 -0.000000462164
897.090027000  8.200000000 -0.000000443801
897.114990000  8.200000000 -0.000000427310
897.140015000  8.200000000 -0.000000419934
897.165039000  8.200000000 -0.000000410434
897.190002000  8.200000000 -0.000000396398
897.215027000  8.200000000 -0.000000385845
897.239990000  8.200000000 -0.000000380602
897.265015000  8.200000000 -0.000000380842
897.290039000  8.200000000 -0.000000386883
897.315002000  8.200000000 -0.000000397894
897.340027000  8.200000000 -0.000000412782
897.364990000  8.200000000 -0.000000426012
897.390015000  8.200000000 -0.000000438768
897.415039000  8.200000000 -0.000000450583
897.440002000  8.200000000 -0.000000462036
897.465027000  8.200000000 -0.000000474122
897.489990000  8.200000000 -0.000000487291
897.515015000  8.200000000 -0.000000504794
897.540039000  8.200000000 -0.000000526049
897.565002000  8.200000000 -0.000000548368
897.590027000  8.200000000 -0.000000569846
897.614990000  8.200000000 -0.000000590154
897.640015000  8.200000000 -0.000000607924
897.665039000  8.200000000 -0.000000629119
897.690002000  8.200000000 -0.000000650002
897.715027000  8.200000000 -0.000000657689
897.739990000  8.200000000 -0.000000653115
897.765015000  8.200000000 -0.000000648390
897.790039000  8.200000000 -0.000000644449
897.815002000  8.200000000 -0.000000641033
897.840027000  8.200000000 -0.000000636012
897.864990000  8.200000000 -0.000000621076
897.890015000  8.200000000 -0.000000601632
897.915039000  8.200000000 -0.000000583765
897.940002000  8.200000000 -0.000000567245
897.965027000  8.200000000 -0.000000547505
897.989990000  8.200000000 -0.000000531856
898.015015000  8.200000000 -0.000000520836
898.040039000  8.200000000 -0.000000505372
898.065002000  8.200000000 -0.000000484625
898.090027000  8.200000000 -0.000000458247
898.114990000  8.200000000 -0.000000429661
898.140015000  8.200000000 -0.000000401821
898.165039000  8.200000000 -0.000000374424
898.190002000  8.200000000 -0.000000349216
898.215027000  8.200000000 -0.000000318273
898.239990000  8.200000000 -0.000000284835
898.265015000  8.200000000 -0.000000257366
898.290039000  8.200000000 -0.000000228547
898.315002000  8.200000000 -0.000000193301
898.340027000  8.200000000 -0.000000160054
898.364990000  8.200000000 -0.000000130298
898.390015000  8.200000000 -0.000000103335
898.415039000  8.200000000 -0.000000083855
898.440002000  8.200000000 -0.000000068534
898.465027000  8.200000000 -0.000000057645
898.489990000  8.200000000 -0.000000046216
898.515015000  8.200000000 -0.000000038578
898.540039000  8.200000000 -0.000000034335
898.565002000  8.200000000 -0.000000023393
898.590027000  8.200000000 -0.000000015943
898.614990000  8.200000000 -0.000000021458
898.640015000  8.200000000 -0.000000028610
898.665039000  8.200000000 -0.000000029869
898.690002000  8.200000000 -0.000000040976
898.715027000  8.200000000 -0.000000056202
898.739990000  8.200000000 -0.000000072846
898.765015000  8.200000000 -0.000000095379
898.790039000  8.200000000 -0.000000123132
898.815002000  8.200000000 -0.000000161339
898.840027000  8.200000000 -0.000000199084
898.864990000  8.200000000 -0.000000238021
898.890015000  8.200000000 -0.000000277654
898.915039000  8.200000000 -0.000000316049
898.940002000  8.200000000 -0.000000361983
898.965027000  8.200000000 -0.000000414496
898.989990000  8.200000000 -0.000000470873
899.015015000  8.200000000 -0.000000529400
899.040039000  8.200000000 -0.000000598984
899.065002000  8.200000000 -0.000000686312
899.090027000  8.200000000 -0.000000769766
899.114990000  8.200000000 -0.000000839802
899.140015000  8.200000000 -0.000000903237
899.165039000  8.200000000 -0.000000964015
899.190002000  8.200000000 -0.000001023027
899.215027000  8.200000000 -0.000001072887
899.239990000  8.200000000 -0.000001112088
899.265015000  8.200000000 -0.000001143672
899.290039000  8.200000000 -0.000001164778
899.315002000  8.200000000 -0.000001189772
899.340027000  8.200000000 -0.000001228418
899.364990000  8.200000000 -0.000001264536
899.390015000  8.200000000 -0.000001289112
899.415039000  8.200000000 -0.000001306637
899.440002000  8.200000000 -0.000001325678
899.465027000  8.200000000 -0.000001344080
899.489990000  8.200000000 -0.000001360931
899.515015000  8.200000000 -0.000001375803
899.540039000  8.200000000 -0.000001386785
899.565002000  8.200000000 -0.000001406573
899.590027000  8.200000000 -0.000001429851
899.614990000  8.200000000 -0.000001450658
899.640015000  8.200000000 -0.000001470759
899.665039000  8.200000000 -0.000001485884
899.690002000  8.200000000 -0.000001498347
899.715027000  8.200000000 -0.000001499093
899.739990000  8.200000000 -0.000001491308
899.765015000  8.200000000 -0.000001487654
899.790039000  8.200000000 -0.000001481187
899.815002000  8.200000000 -0.000001476286
899.840027000  8.200000000 -0.000001477878
899.864990000  8.200000000 -0.000001476036
899.890015000  8.200000000 -0.000001475163
899.915039000  8.200000000 -0.000001466859
899.940002000  8.200000000 -0.000001445904
899.965027000  8.200000000 -0.000001405773
899.989990000  8.200000000 -0.000001346374
900.015015000  8.200000000 -0.000001286008
900.040039000  8.200000000 -0.000001221544
900.065002000  8.200000000 -0.000001151466
900.090027000  8.200000000 -0.000001075360
900.114990000  8.200000000 -0.000000994069
900.140015000  8.200000000 -0.000000914702
900.165039000  8.200000000 -0.000000837734
900.190002000  8.200000000 -0.000000762780
900.215027000  8.200000000 -0.000000686248
900.239990000  8.200000000 -0.000000604678
900.265015000  8.200000000 -0.000000525901
900.290039000  8.200000000 -0.000000462646
900.315002000  8.200000000 -0.000000417015
900.340027000  8.200000000 -0.000000382266
900.364990000  8.200000000 -0.000000346752
900.390015000  8.200000000 -0.000000305745
900.415039000  8.200000000 -0.000000261122
900.440002000  8.200000000 -0.000000228613
900.465027000  8.200000000 -0.000000216843
900.489990000  8.200000000 -0.000000202479
900.515015000  8.200000000 -0.000000181690
900.540039000  8.200000000 -0.000000156797
900.565002000  8.200000000 -0.000000125687
900.590027000  8.200000000 -0.000000092291
900.614990000  8.200000000 -0.000000057915
900.640015000  8.200000000 -0.000000023337
900.665039000  8.200000000 0.000000006579
900.690002000  8.200000000 0.000000030329
900.715027000  8.200000000 0.000000054404
900.739990000  8.200000000 0.000000083579
900.765015000  8.200000000 0.000000114138
900.790039000  8.200000000 0.000000143653
900.815002000  8.200000000 0.000000170636
900.840027000  8.200000000 0.000000195251
900.864990000  8.200000000 0.000000224535
900.890015000  8.200000000 0.000000254247
900.915039000  8.200000000 0.000000272845
900.940002000  8.200000000 0.000000283779
900.965027000  8.200000000 0.000000295020
900.989990000  8.200000000 0.000000309723
901.015015000  8.200000000 0.000000330967
901.040039000  8.200000000 0.000000354674
901.065002000  8.200000000 0.000000378964
901.090027000  8.200000000 0.000000392345
901.114990000  8.200000000 0.000000396926
901.140015000  8.200000000 0.000000396790
901.165039000  8.200000000 0.000000389608
901.190002000  8.200000000 0.000000387227
901.215027000  8.200000000 0.000000383107
901.239990000  8.200000000 0.000000378656
901.265015000  8.200000000 0.000000381698
901.290039000  8.200000000 0.000000396071
901.315002000  8.200000000 0.000000422765
901.340027000  8.200000000 0.000000455292
901.364990000  8.200000000 0.000000486545
901.390015000  8.200000000 0.000000512733
901.415039000  8.200000000 0.000000542559
901.440002000  8.200000000 0.000000574932
901.465027000  8.200000000 0.000000608925
901.489990000  8.200000000 0.000000646007
901.515015000  8.200000000 0.000000689484
901.540039000  8.200000000 0.000000744966
901.565002000  8.200000000 0.000000805728
901.590027000  8.200000000 0.000000863809
901.614990000  8.200000000 0.000000918412
901.640015000  8.200000000 0.000000972391
901.665039000  8.200000000 0.000001025886
901.690002000  8.200000000 0.000001083542
901.715027000  8.200000000 0.000001149518
901.739990000  8.200000000 0.000001223258
901.765015000  8.200000000 0.000001301874
901.790039000  8.200000000 0.000001384208
901.815002000  8.200000000 0.000001467221
901.840027000  8.200000000 0.000001549360
901.864990000  8.200000000 0.000001639841
901.890015000  8.200000000 0.000001741520
901.915039000  8.200000000 0.000001844938
901.940002000  8.200000000 0.000001943356
901.965027000  8.200000000 0.000002038104
901.989990000  8.200000000 0.000002130920
902.015015000  8.200000000 0.000002223578
902.040039000  8.200000000 0.000002310906
902.065002000  8.200000000 0.000002395236
902.090027000  8.200000000 0.000002475451
902.114990000  8.200000000 0.000002545961
902.140015000  8.200000000 0.000002614843
902.165039000  8.200000000 0.000002685595
902.190002000  8.200000000 0.000002757553
902.215027000  8.200000000 0.000002826577
902.239990000  8.200000000 0.000002892063
902.265015000  8.200000000 0.000002954938
902.290039000  8.200000000 0.000003016717
902.315002000  8.200000000 0.000003079226
902.340027000  8.200000000 0.000003140460
902.364990000  8.200000000 0.000003199542
902.390015000  8.200000000 0.000003253257
902.415039000  8.200000000 0.000003303305
902.440002000  8.200000000 0.000003353234
902.465027000  8.200000000 0.000003395248
902.489990000  8.200000000 0.000003423133
902.515015000  8.200000000 0.000003447156
902.540039000  8.200000000 0.000003466142
902.565002000  8.200000000 0.000003466325
902.590027000  8.200000000 0.000003453867
902.614990000  8.200000000 0.000003437700
902.640015000  8.200000000 0.000003419306
902.665039000  8.200000000 0.000003403383
902.690002000  8.200000000 0.000003391861
902.715027000  8.200000000 0.000003380650
902.739990000  8.200000000 0.000003371460
902.765015000  8.200000000 0.000003365655
902.790039000  8.200000000 0.000003362148
902.815002000  8.200000000 0.000003357571
902.840027000  8.200000000 0.000003350628
902.864990000  8.200000000 0.000003347386
902.890015000  8.200000000 0.000003348643
902.915039000  8.200000000 0.000003344678
902.940002000  8.200000000 0.000003337193
902.965027000  8.200000000 0.000003334991
902.989990000  8.200000000 0.000003332615
903.015015000  8.200000000 0.000003330420
903.040039000  8.200000000 0.000003327645
903.065002000  8.200000000 0.000003323493
903.090027000  8.200000000 0.000003326835
903.114990000  8.200000000 0.000003334983
903.140015000  8.200000000 0.000003338792
903.165039000  8.200000000 0.000003342873
903.190002000  8.200000000 0.000003351760
903.215027000  8.200000000 0.000003370137
903.239990000  8.200000000 0.000003401172
903.265015000  8.200000000 0.000003435599
903.290039000  8.200000000 0.000003469470
903.315002000  8.200000000 0.000003504819
903.340027000  8.200000000 0.000003546054
903.364990000  8.200000000 0.000003596489
903.390015000  8.200000000 0.000003644858
903.415039000  8.200000000 0.000003689690
903.440002000  8.200000000 0.000003737214
903.465027000  8.200000000 0.000003778549
903.489990000  8.200000000 0.000003814840
903.515015000  8.200000000 0.000003856498
903.540039000  8.200000000 0.000003903931
903.565002000  8.200000000 0.000003952337
903.590027000  8.200000000 0.000004001570
903.614990000  8.200000000 0.000004044534
903.640015000  8.200000000 0.000004076583
903.665039000  8.200000000 0.000004101328
903.690002000  8.200000000 0.000004123034
903.715027000  8.200000000 0.000004138260
903.739990000  8.200000000 0.000004147951
903.765015000  8.200000000 0.000004156806
903.790039000  8.200000000 0.000004162029
903.815002000  8.200000000 0.000004158215
903.840027000  8.200000000 0.000004142930
903.864990000  8.200000000 0.000004120352
903.890015000  8.200000000 0.000004096810
903.915039000  8.200000000 0.000004076460
903.940002000  8.200000000 0.000004054297
903.965027000  8.200000000 0.000004027536
903.989990000  8.200000000 0.000003996844
904.015015000  8.200000000 0.000003963245
904.040039000  8.200000000 0.000003929262
904.065002000  8.200000000 0.000003891760
904.090027000  8.200000000 0.000003847756
904.114990000  8.200000000 0.000003807028
904.140015000  8.200000000 0.000003770759
904.165039000  8.200000000 0.000003737057
904.190002000  8.200000000 0.000003707305
904.215027000  8.200000000 0.000003671089
904.239990000  8.200000000 0.000003622267
904.265015000  8.200000000 0.000003565052
904.290039000  8.200000000 0.000003501368
904.315002000  8.200000000 0.000003435715
904.340027000  8.200000000 0.000003377706
904.364990000  8.200000000 0.000003330365
904.390015000  8.200000000 0.000003283683
904.415039000  8.200000000 0.000003235555
904.440002000  8.200000000 0.000003193959
904.465027000  8.200000000 0.000003158897
904.489990000  8.200000000 0.000003129833
904.515015000  8.200000000 0.000003106587
904.540039000  8.200000000 0.000003078257
904.565002000  8.200000000 0.000003035120
904.590027000  8.200000000 0.000002983645
904.614990000  8.200000000 0.000002935171
904.640015000  8.200000000 0.000002890815
904.665039000  8.200000000 0.000002853056
904.690002000  8.200000000 0.000002813734
904.715027000  8.200000000 0.000002761042
904.739990000  8.200000000 0.000002702737
904.765015000  8.200000000 0.000002637713
904.790039000  8.200000000 0.000002568408
904.815002000  8.200000000 0.000002508902
904.840027000  8.200000000 0.000002452255
904.864990000  8.200000000 0.000002395554
904.890015000  8.200000000 0.000002342550
904.915039000  8.200000000 0.000002283835
904.940002000  8.200000000 0.000002222858
904.965027000  8.200000000 0.000002167852
904.989990000  8.200000000 0.000002121632
905.015015000  8.200000000 0.000002082266
905.040039000  8.200000000 0.000002043708
905.065002000  8.200000000 0.000002001753
905.090027000  8.200000000 0.000001954363
905.114990000  8.200000000 0.000001898459
905.140015000  8.200000000 0.000001838498
905.165039000  8.200000000 0.000001784081
905.190002000  8.200000000 0.000001728292
905.215027000  8.200000000 0.000001666852
905.239990000  8.200000000 0.000001597063
905.265015000  8.200000000 0.000001517772
905.290039000  8.200000000 0.000001433610
905.315002000  8.200000000 0.000001352298
905.340027000  8.200000000 0.000001275518
905.364990000  8.200000000 0.000001193501
905.390015000  8.200000000 0.000001107536
905.415039000  8.200000000 0.000001029331
905.440002000  8.200000000 0.000000953779
905.465027000  8.200000000 0.000000871452
905.489990000  8.200000000 0.000000779789
905.515015000  8.200000000 0.000000678117
905.540039000  8.200000000 0.000000576303
905.565002000  8.200000000 0.000000478570
905.590027000  8.200000000 0.000000380408
905.614990000  8.200000000 0.000000271244
905.640015000  8.200000000 0.000000153430
905.665039000  8.200000000 0.000000040160
905.690002000  8.200000000 -0.000000070772
905.715027000  8.200000000 -0.000000182431
905.739990000  8.200000000 -0.000000298153
905.765015000  8.200000000 -0.000000426575
905.790039000  8.200000000 -0.000000557598
905.815002000  8.200000000 -0.000000675629
905.840027000  8.200000000 -0.000000786524
905.864990000  8.200000000 -0.000000891659
905.890015000  8.200000000 -0.000000992244
905.915039000  8.200000000 -0.000001094971
905.940002000  8.200000000 -0.000001193357
905.965027000  8.200000000 -0.000001283061
905.989990000  8.200000000 -0.000001365891
906.015015000  8.200000000 -0.000001448469
906.040039000  8.200000000 -0.000001535014
906.065002000  8.200000000 -0.000001625661
906.090027000  8.200000000 -0.000001717371
906.114990000  8.200000000 -0.000001804248
906.140015000  8.200000000 -0.000001887880
906.165039000  8.200000000 -0.000001967352
906.190002000  8.200000000 -0.000002041287
906.215027000  8.200000000 -0.000002114005
906.239990000  8.200000000 -0.000002181918
906.265015000  8.200000000 -0.000002245745
906.290039000  8.200000000 -0.000002306820
906.315002000  8.200000000 -0.000002361563
906.340027000  8.200000000 -0.000002410404
906.364990000  8.200000000 -0.000002452844
906.390015000  8.200000000 -0.000002491274
906.415039000  8.200000000 -0.000002529101
906.440002000  8.200000000 -0.000002566969
906.465027000  8.200000000 -0.000002611122
906.489990000  8.200000000 -0.000002655149
906.515015000  8.200000000 -0.000002690336
906.540039000  8.200000000 -0.000002720898
906.565002000  8.200000000 -0.000002753960
906.590027000  8.200000000 -0.000002791543
906.614990000  8.200000000 -0.000002827710
906.640015000  8.200000000 -0.000002858262
906.665039000  8.200000000 -0.000002878289
906.690002000  8.200000000 -0.000002895302
906.715027000  8.200000000 -0.000002921650
906.739990000  8.200000000 -0.000002954697
906.765015000  8.200000000 -0.000002981583
906.790039000  8.200000000 -0.000003000663
906.815002000  8.200000000 -0.000003016414
906.840027000  8.200000000 -0.000003026736
906.864990000  8.200000000 -0.000003038657
906.890015000  8.200000000 -0.000003056382
906.915039000  8.200000000 -0.000003069755
906.940002000  8.200000000 -0.000003082196
906.965027000  8.200000000 -0.000003087471
906.989990000  8.200000000 -0.000003085054
907.015015000  8.200000000 -0.000003086042
907.040039000  8.200000000 -0.000003089230
907.065002000  8.200000000 -0.000003091954
907.090027000  8.200000000 -0.000003097888
907.114990000  8.200000000 -0.000003105438
907.140015000  8.200000000 -0.000003107925
907.165039000  8.200000000 -0.000003111390
907.190002000  8.200000000 -0.000003118615
907.215027000  8.200000000 -0.000003126482
907.239990000  8.200000000 -0.000003130242
907.265015000  8.200000000 -0.000003132387
907.290039000  8.200000000 -0.000003134706
907.315002000  8.200000000 -0.000003127620
907.340027000  8.200000000 -0.000003113759
907.364990000  8.200000000 -0.000003104017
907.390015000  8.200000000 -0.000003096662
907.415039000  8.200000000 -0.000003091465
907.440002000  8.200000000 -0.000003085602
907.465027000  8.200000000 -0.000003067335
907.489990000  8.200000000 -0.000003038655
907.515015000  8.200000000 -0.000003018819
907.540039000  8.200000000 -0.000003002453
907.565002000  8.200000000 -0.000002982958
907.590027000  8.200000000 -0.000002960749
907.614990000  8.200000000 -0.000002929010
907.640015000  8.200000000 -0.000002890927
907.665039000  8.200000000 -0.000002851099
907.690002000  8.200000000 -0.000002805317
907.715027000  8.200000000 -0.000002746879
907.739990000  8.200000000 -0.000002683823
907.765015000  8.200000000 -0.000002627406
907.790039000  8.200000000 -0.000002571295
907.815002000  8.200000000 -0.000002510685
907.840027000  8.200000000 -0.000002451054
907.864990000  8.200000000 -0.000002388174
907.890015000  8.200000000 -0.000002327213
907.915039000  8.200000000 -0.000002271634
907.940002000  8.200000000 -0.000002213857
907.965027000  8.200000000 -0.000002153706
907.989990000  8.200000000 -0.000002083097
908.015015000  8.200000000 -0.000001996222
908.040039000  8.200000000 -0.000001903908
908.065002000  8.200000000 -0.000001807511
908.090027000  8.200000000 -0.000001705388
908.114990000  8.200000000 -0.000001603356
908.140015000  8.200000000 -0.000001499135
908.165039000  8.200000000 -0.000001399322
908.190002000  8.200000000 -0.000001305624
908.215027000  8.200000000 -0.000001205655
908.239990000  8.200000000 -0.000001095412
908.265015000  8.200000000 -0.000000972237
908.290039000  8.200000000 -0.000000845674
908.315002000  8.200000000 -0.000000716744
908.340027000  8.200000000 -0.000000577609
908.364990000  8.200000000 -0.000000432211
908.390015000  8.200000000 -0.000000290310
908.415039000  8.200000000 -0.000000155639
908.440002000  8.200000000 -0.000000029400
908.465027000  8.200000000 0.000000085270
908.489990000  8.200000000 0.000000196013
908.515015000  8.200000000 0.000000299067
908.540039000  8.200000000 0.000000391149
908.565002000  8.200000000 0.000000486625
908.590027000  8.200000000 0.000000584338
908.614990000  8.200000000 0.000000680965
908.640015000  8.200000000 0.000000774702
908.665039000  8.200000000 0.000000855662
908.690002000  8.200000000 0.000000931711
908.715027000  8.200000000 0.000001011117
908.739990000  8.200000000 0.000001093334
908.765015000  8.200000000 0.000001177818
908.790039000  8.200000000 0.000001261718
908.815002000  8.200000000 0.000001332588
908.840027000  8.200000000 0.000001393869
908.864990000  8.200000000 0.000001453381
908.890015000  8.200000000 0.000001512685
908.915039000  8.200000000 0.000001575233
908.940002000  8.200000000 0.000001636688
908.965027000  8.200000000 0.000001693630
908.989990000  8.200000000 0.000001752577
909.015015000  8.200000000 0.000001808719
909.040039000  8.200000000 0.000001852201
909.065002000  8.200000000 0.000001887398
909.090027000  8.200000000 0.000001914814
909.114990000  8.200000000 0.000001936665
909.140015000  8.200000000 0.000001954436
909.165039000  8.200000000 0.000001963025
909.190002000  8.200000000 0.000001959933
909.215027000  8.200000000 0.000001953889
909.239990000  8.200000000 0.000001950311
909.265015000  8.200000000 0.000001950229
909.290039000  8.200000000 0.000001955933
909.315002000  8.200000000 0.000001968979
909.340027000  8.200000000 0.000001997345
909.364990000  8.200000000 0.000002036482
909.390015000  8.200000000 0.000002075088
909.415039000  8.200000000 0.000002111605
909.440002000  8.200000000 0.000002146039
909.465027000  8.200000000 0.000002172913
909.489990000  8.200000000 0.000002184115
909.515015000  8.200000000 0.000002183145
909.540039000  8.200000000 0.000002180168
909.565002000  8.200000000 0.000002168439
909.590027000  8.200000000 0.000002158538
909.614990000  8.200000000 0.000002159694
909.640015000  8.200000000 0.000002157289
909.665039000  8.200000000 0.000002167220
909.690002000  8.200000000 0.000002192948
909.715027000  8.200000000 0.000002213770
909.739990000  8.200000000 0.000002229246
909.765015000  8.200000000 0.000002244938
909.790039000  8.200000000 0.000002266214
909.815002000  8.200000000 0.000002295097
909.840027000  8.200000000 0.000002331426
909.864990000  8.200000000 0.000002364731
909.890015000  8.200000000 0.000002386488
909.915039000  8.200000000 0.000002393580
909.940002000  8.200000000 0.000002394709
909.965027000  8.200000000 0.000002399072
909.989990000  8.200000000 0.000002412143
910.015015000  8.200000000 0.000002438803
910.040039000  8.200000000 0.000002461825
910.065002000  8.200000000 0.000002470567
910.090027000  8.200000000 0.000002464822
910.114990000  8.200000000 0.000002453610
910.140015000  8.200000000 0.000002441356
910.165039000  8.200000000 0.000002429313
910.190002000  8.200000000 0.000002413557
910.215027000  8.200000000 0.000002391959
910.239990000  8.200000000 0.000002377177
910.265015000  8.200000000 0.000002363455
910.290039000  8.200000000 0.000002359755
910.315002000  8.200000000 0.000002371219
910.340027000  8.200000000 0.000002377765
910.364990000  8.200000000 0.000002380934
910.390015000  8.200000000 0.000002385740
910.415039000  8.200000000 0.000002391456
910.440002000  8.200000000 0.000002386844
910.465027000  8.200000000 0.000002379692
910.489990000  8.200000000 0.000002375301
910.515015000  8.200000000 0.000002358307
910.540039000  8.200000000 0.000002331167
910.565002000  8.200000000 0.000002286032
910.590027000  8.200000000 0.000002224228
910.614990000  8.200000000 0.000002159101
910.640015000  8.200000000 0.000002095363
910.665039000  8.200000000 0.000002033279
910.690002000  8.200000000 0.000001967531
910.715027000  8.200000000 0.000001897860
910.739990000  8.200000000 0.000001833816
910.765015000  8.200000000 0.000001777721
910.790039000  8.200000000 0.000001721745
910.815002000  8.200000000 0.000001661954
910.840027000  8.200000000 0.000001603091
910.864990000  8.200000000 0.000001543960
910.890015000  8.200000000 0.000001491096
910.915039000  8.200000000 0.000001453779
910.940002000  8.200000000 0.000001421983
910.965027000  8.200000000 0.000001384167
910.989990000  8.200000000 0.000001322608
911.015015000  8.200000000 0.000001246368
911.040039000  8.200000000 0.000001173128
911.065002000  8.200000000 0.000001102100
911.090027000  8.200000000 0.000001029171
911.114990000  8.200000000 0.000000949775
911.140015000  8.200000000 0.000000859231
911.165039000  8.200000000 0.000000756412
911.190002000  8.200000000 0.000000647640
911.215027000  8.200000000 0.000000541741
911.239990000  8.200000000 0.000000463893
911.265015000  8.200000000 0.000000412573
911.290039000  8.200000000 0.000000375488
911.315002000  8.200000000 0.000000350795
911.340027000  8.200000000 0.000000313017
911.364990000  8.200000000 0.000000262278
911.390015000  8.200000000 0.000000207664
911.415039000  8.200000000 0.000000146565
911.440002000  8.200000000 0.000000083661
911.465027000  8.200000000 0.000000030056
911.489990000  8.200000000 -0.000000020048
911.515015000  8.200000000 -0.000000078281
911.540039000  8.200000000 -0.000000131323
911.565002000  8.200000000 -0.000000171393
911.590027000  8.200000000 -0.000000207641
911.614990000  8.200000000 -0.000000250628
911.640015000  8.200000000 -0.000000302216
911.665039000  8.200000000 -0.000000362468
911.690002000  8.200000000 -0.000000421404
911.715027000  8.200000000 -0.000000473039
911.739990000  8.200000000 -0.000000523441
911.765015000  8.200000000 -0.000000576855
911.790039000  8.200000000 -0.000000624416
911.815002000  8.200000000 -0.000000655173
911.840027000  8.200000000 -0.000000690113
911.864990000  8.200000000 -0.000000736947
911.890015000  8.200000000 -0.000000787587
911.915039000  8.200000000 -0.000000835507
911.940002000  8.200000000 -0.000000875272
911.965027000  8.200000000 -0.000000911494
911.989990000  8.200000000 -0.000000953271
912.015015000  8.200000000 -0.000001000165
912.040039000  8.200000000 -0.000001050882
912.065002000  8.200000000 -0.000001109541
912.090027000  8.200000000 -0.000001176686
912.114990000  8.200000000 -0.000001246933
912.140015000  8.200000000 -0.000001319415
912.165039000  8.200000000 -0.000001394301
912.190002000  8.200000000 -0.000001464543
912.215027000  8.200000000 -0.000001531498
912.239990000  8.200000000 -0.000001599883
912.265015000  8.200000000 -0.000001667360
912.290039000  8.200000000 -0.000001731427
912.315002000  8.200000000 -0.000001795630
912.340027000  8.200000000 -0.000001853234
912.364990000  8.200000000 -0.000001900383
912.390015000  8.200000000 -0.000001937973
912.415039000  8.200000000 -0.000001976060
912.440002000  8.200000000 -0.000002009407
912.465027000  8.200000000 -0.000002025392
912.489990000  8.200000000 -0.000002032301
912.515015000  8.200000000 -0.000002030927
912.540039000  8.200000000 -0.000002025369
912.565002000  8.200000000 -0.000002026398
912.590027000  8.200000000 -0.000002030427
912.614990000  8.200000000 -0.000002023654
912.640015000  8.200000000 -0.000002004807
912.665039000  8.200000000 -0.000001993046
912.690002000  8.200000000 -0.000001986667
912.715027000  8.200000000 -0.000001973994
912.739990000  8.200000000 -0.000001952425
912.765015000  8.200000000 -0.000001919080
912.790039000  8.200000000 -0.000001882897
912.815002000  8.200000000 -0.000001855116
912.840027000  8.200000000 -0.000001834182
912.864990000  8.200000000 -0.000001808691
912.890015000  8.200000000 -0.000001773416
912.915039000  8.200000000 -0.000001736635
912.940002000  8.200000000 -0.000001697865
912.965027000  8.200000000 -0.000001650191
912.989990000  8.200000000 -0.000001599585
913.015015000  8.200000000 -0.000001542211
913.040039000  8.200000000 -0.000001478096
913.065002000  8.200000000 -0.000001416265
913.090027000  8.200000000 -0.000001356843
913.114990000  8.200000000 -0.000001302140
913.140015000  8.200000000 -0.000001250213
913.165039000  8.200000000 -0.000001192586
913.190002000  8.200000000 -0.000001137816
913.215027000  8.200000000 -0.000001087005
913.239990000  8.200000000 -0.000001033708
913.265015000  8.200000000 -0.000000981138
913.290039000  8.200000000 -0.000000930138
913.315002000  8.200000000 -0.000000883547
913.340027000  8.200000000 -0.000000845882
913.364990000  8.200000000 -0.000000815006
913.390015000  8.200000000 -0.000000787969
913.415039000  8.200000000 -0.000000757390
913.440002000  8.200000000 -0.000000726603
913.465027000  8.200000000 -0.000000709759
913.489990000  8.200000000 -0.000000696433
913.515015000  8.200000000 -0.000000680987
913.540039000  8.200000000 -0.000000662516
913.565002000  8.200000000 -0.000000644272
913.590027000  8.200000000 -0.000000630675
913.614990000  8.200000000 -0.000000621029
913.640015000  8.200000000 -0.000000619271
913.665039000  8.200000000 -0.000000618774
913.690002000  8.200000000 -0.000000620742
913.715027000  8.200000000 -0.000000639165
913.739990000  8.200000000 -0.000000664942
913.765015000  8.200000000 -0.000000680779
913.790039000  8.200000000 -0.000000688108
913.815002000  8.200000000 -0.000000699578
913.840027000  8.200000000 -0.000000720728
913.864990000  8.200000000 -0.000000751680
913.890015000  8.200000000 -0.000000786307
913.915039000  8.200000000 -0.000000812717
913.940002000  8.200000000 -0.000000835508
913.965027000  8.200000000 -0.000000864438
913.989990000  8.200000000 -0.000000895571
914.015015000  8.200000000 -0.000000919996
914.040039000  8.200000000 -0.000000938932
914.065002000  8.200000000 -0.000000948275
914.090027000  8.200000000 -0.000000940807
914.114990000  8.200000000 -0.000000926740
914.140015000  8.200000000 -0.000000906092
914.165039000  8.200000000 -0.000000871048
914.190002000  8.200000000 -0.000000828896
914.215027000  8.200000000 -0.000000789006
914.239990000  8.200000000 -0.000000749373
914.265015000  8.200000000 -0.000000714281
914.290039000  8.200000000 -0.000000688411
914.315002000  8.200000000 -0.000000665490
914.340027000  8.200000000 -0.000000640768
914.364990000  8.200000000 -0.000000608688
914.390015000  8.200000000 -0.000000588087
914.415039000  8.200000000 -0.000000578952
914.440002000  8.200000000 -0.000000573440
914.465027000  8.200000000 -0.000000582710
914.489990000  8.200000000 -0.000000592664
914.515015000  8.200000000 -0.000000602694
914.540039000  8.200000000 -0.000000616223
914.565002000  8.200000000 -0.000000626780
914.590027000  8.200000000 -0.000000636066
914.614990000  8.200000000 -0.000000648075
914.640015000  8.200000000 -0.000000664051
914.665039000  8.200000000 -0.000000681776
914.690002000  8.200000000 -0.000000695051
914.715027000  8.200000000 -0.000000711230
914.739990000  8.200000000 -0.000000743455
914.765015000  8.200000000 -0.000000776143
914.790039000  8.200000000 -0.000000809605
914.815002000  8.200000000 -0.000000850263
914.840027000  8.200000000 -0.000000891182
914.864990000  8.200000000 -0.000000936349
914.890015000  8.200000000 -0.000000974790
914.915039000  8.200000000 -0.000001001129
914.940002000  8.200000000 -0.000001033408
914.965027000  8.200000000 -0.000001068135
914.989990000  8.200000000 -0.000001102414
915.015015000  8.200000000 -0.000001132397
915.040039000  8.200000000 -0.000001154991
915.065002000  8.200000000 -0.000001177636
915.090027000  8.200000000 -0.000001211715
915.114990000  8.200000000 -0.000001253777
915.140015000  8.200000000 -0.000001295389
915.165039000  8.200000000 -0.000001343694
915.190002000  8.200000000 -0.000001395205
915.215027000  8.200000000 -0.000001443737
915.239990000  8.200000000 -0.000001489090
915.265015000  8.200000000 -0.000001528210
915.290039000  8.200000000 -0.000001562126
915.315002000  8.200000000 -0.000001590791
915.340027000  8.200000000 -0.000001617775
915.364990000  8.200000000 -0.000001652579
915.390015000  8.200000000 -0.000001678918
915.415039000  8.200000000 -0.000001691964
915.440002000  8.200000000 -0.000001712457
915.465027000  8.200000000 -0.000001743303
915.489990000  8.200000000 -0.000001777139
915.515015000  8.200000000 -0.000001814446
915.540039000  8.200000000 -0.000001846965
915.565002000  8.200000000 -0.000001873059
915.590027000  8.200000000 -0.000001899920
915.614990000  8.200000000 -0.000001940193
915.640015000  8.200000000 -0.000001989793
915.665039000  8.200000000 -0.000002042298
915.690002000  8.200000000 -0.000002095933
915.715027000  8.200000000 -0.000002142200
915.739990000  8.200000000 -0.000002178280
915.765015000  8.200000000 -0.000002199688
915.790039000  8.200000000 -0.000002214652
915.815002000  8.200000000 -0.000002235929
915.840027000  8.200000000 -0.000002262020
915.864990000  8.200000000 -0.000002282280
915.890015000  8.200000000 -0.000002297819
915.915039000  8.200000000 -0.000002316233
915.940002000  8.200000000 -0.000002340011
915.965027000  8.200000000 -0.000002367478
915.989990000  8.200000000 -0.000002394620
916.015015000  8.200000000 -0.000002421275
916.040039000  8.200000000 -0.000002448663
916.065002000  8.200000000 -0.000002478784
916.090027000  8.200000000 -0.000002512156
916.114990000  8.200000000 -0.000002545170
916.140015000  8.200000000 -0.000002580652
916.165039000  8.200000000 -0.000002626543
916.190002000  8.200000000 -0.000002678824
916.215027000  8.200000000 -0.000002722899
916.239990000  8.200000000 -0.000002761394
916.265015000  8.200000000 -0.000002797310
916.290039000  8.200000000 -0.000002827906
916.315002000  8.200000000 -0.000002863733
916.340027000  8.200000000 -0.000002905693
916.364990000  8.200000000 -0.000002941622
916.390015000  8.200000000 -0.000002970962
916.415039000  8.200000000 -0.000002997527
916.440002000  8.200000000 -0.000003027470
916.465027000  8.200000000 -0.000003071559
916.489990000  8.200000000 -0.000003129087
916.515015000  8.200000000 -0.000003186095
916.540039000  8.200000000 -0.000003235254
916.565002000  8.200000000 -0.000003279755
916.590027000  8.200000000 -0.000003323786
916.614990000  8.200000000 -0.000003369661
916.640015000  8.200000000 -0.000003412616
916.665039000  8.200000000 -0.000003448935
916.690002000  8.200000000 -0.000003484417
916.715027000  8.200000000 -0.000003521593
916.739990000  8.200000000 -0.000003557221
916.765015000  8.200000000 -0.000003588693
916.790039000  8.200000000 -0.000003614800
916.815002000  8.200000000 -0.000003636889
916.840027000  8.200000000 -0.000003656290
916.864990000  8.200000000 -0.000003671873
916.890015000  8.200000000 -0.000003686865
916.915039000  8.200000000 -0.000003699910
916.940002000  8.200000000 -0.000003712329
916.965027000  8.200000000 -0.000003721857
916.989990000  8.200000000 -0.000003724154
917.015015000  8.200000000 -0.000003729468
917.040039000  8.200000000 -0.000003743021
917.065002000  8.200000000 -0.000003765562
917.090027000  8.200000000 -0.000003789595
917.114990000  8.200000000 -0.000003799523
917.140015000  8.200000000 -0.000003793936
917.165039000  8.200000000 -0.000003769177
917.190002000  8.200000000 -0.000003732586
917.215027000  8.200000000 -0.000003709174
917.239990000  8.200000000 -0.000003692878
917.265015000  8.200000000 -0.000003680930
917.290039000  8.200000000 -0.000003669665
917.315002000  8.200000000 -0.000003654526
917.340027000  8.200000000 -0.000003634410
917.364990000  8.200000000 -0.000003602939
917.390015000  8.200000000 -0.000003560038
917.415039000  8.200000000 -0.000003503674
917.440002000  8.200000000 -0.000003444803
917.465027000  8.200000000 -0.000003395612
917.489990000  8.200000000 -0.000003354324
917.515015000  8.200000000 -0.000003310000
917.540039000  8.200000000 -0.000003268195
917.565002000  8.200000000 -0.000003229802
917.590027000  8.200000000 -0.000003190464
917.614990000  8.200000000 -0.000003148875
917.640015000  8.200000000 -0.000003100976
917.665039000  8.200000000 -0.000003055638
917.690002000  8.200000000 -0.000003007785
917.715027000  8.200000000 -0.000002951000
917.739990000  8.200000000 -0.000002885725
917.765015000  8.200000000 -0.000002816709
917.790039000  8.200000000 -0.000002749533
917.815002000  8.200000000 -0.000002683008
917.840027000  8.200000000 -0.000002619607
917.864990000  8.200000000 -0.000002552739
917.890015000  8.200000000 -0.000002481581
917.915039000  8.200000000 -0.000002422919
917.940002000  8.200000000 -0.000002371838
917.965027000  8.200000000 -0.000002317709
917.989990000  8.200000000 -0.000002260887
918.015015000  8.200000000 -0.000002193520
918.040039000  8.200000000 -0.000002116252
918.065002000  8.200000000 -0.000002038066
918.090027000  8.200000000 -0.000001963477
918.114990000  8.200000000 -0.000001889308
918.140015000  8.200000000 -0.000001813220
918.165039000  8.200000000 -0.000001727541
918.190002000  8.200000000 -0.000001639079
918.215027000  8.200000000 -0.000001560763
918.239990000  8.200000000 -0.000001485668
918.265015000  8.200000000 -0.000001415482
918.290039000  8.200000000 -0.000001349303
918.315002000  8.200000000 -0.000001281115
918.340027000  8.200000000 -0.000001209704
918.364990000  8.200000000 -0.000001145320
918.390015000  8.200000000 -0.000001090893
918.415039000  8.200000000 -0.000001036514
918.440002000  8.200000000 -0.000000987264
918.465027000  8.200000000 -0.000000945459
918.489990000  8.200000000 -0.000000897231
918.515015000  8.200000000 -0.000000842404
918.540039000  8.200000000 -0.000000784058
918.565002000  8.200000000 -0.000000723246
918.590027000  8.200000000 -0.000000663196
918.614990000  8.200000000 -0.000000601812
918.640015000  8.200000000 -0.000000542506
918.665039000  8.200000000 -0.000000481120
918.690002000  8.200000000 -0.000000412213
918.715027000  8.200000000 -0.000000347027
918.739990000  8.200000000 -0.000000286765
918.765015000  8.200000000 -0.000000227840
918.790039000  8.200000000 -0.000000172462
918.815002000  8.200000000 -0.000000122089
918.840027000  8.200000000 -0.000000081618
918.864990000  8.200000000 -0.000000040939
918.890015000  8.200000000 0.000000000987
918.915039000  8.200000000 0.000000042500
918.940002000  8.200000000 0.000000088670
918.965027000  8.200000000 0.000000140959
918.989990000  8.200000000 0.000000195090
919.015015000  8.200000000 0.000000243043
919.040039000  8.200000000 0.000000290876
919.065002000  8.200000000 0.000000335537
919.090027000  8.200000000 0.000000372008
919.114990000  8.200000000 0.000000413977
919.140015000  8.200000000 0.000000464627
919.165039000  8.200000000 0.000000520463
919.190002000  8.200000000 0.000000580233
919.215027000  8.200000000 0.000000644871
919.239990000  8.200000000 0.000000718411
919.265015000  8.200000000 0.000000795643
919.290039000  8.200000000 0.000000872167
919.315002000  8.200000000 0.000000945857
919.340027000  8.200000000 0.000001017406
919.364990000  8.200000000 0.000001086726
919.390015000  8.200000000 0.000001150008
919.415039000  8.200000000 0.000001211243
919.440002000  8.200000000 0.000001266732
919.465027000  8.200000000 0.000001323229
919.489990000  8.200000000 0.000001377527
919.515015000  8.200000000 0.000001420413
919.540039000  8.200000000 0.000001458107
919.565002000  8.200000000 0.000001493953
919.590027000  8.200000000 0.000001534057
919.614990000  8.200000000 0.000001572861
919.640015000  8.200000000 0.000001602150
919.665039000  8.200000000 0.000001619172
919.690002000  8.200000000 0.000001627393
919.715027000  8.200000000 0.000001634850
919.739990000  8.200000000 0.000001640955
919.765015000  8.200000000 0.000001636583
919.790039000  8.200000000 0.000001623371
919.815002000  8.200000000 0.000001610175
919.840027000  8.200000000 0.000001600893
919.864990000  8.200000000 0.000001592573
919.890015000  8.200000000 0.000001587751
919.915039000  8.200000000 0.000001586416
919.940002000  8.200000000 0.000001589377
919.965027000  8.200000000 0.000001593163
919.989990000  8.200000000 0.000001594903
920.015015000  8.200000000 0.000001594395
920.040039000  8.200000000 0.000001588450
920.065002000  8.200000000 0.000001583015
920.090027000  8.200000000 0.000001575663
920.114990000  8.200000000 0.000001557401
920.140015000  8.200000000 0.000001529502
920.165039000  8.200000000 0.000001503074
920.190002000  8.200000000 0.000001485794
920.215027000  8.200000000 0.000001467870
920.239990000  8.200000000 0.000001449562
920.265015000  8.200000000 0.000001432669
920.290039000  8.200000000 0.000001411912
920.315002000  8.200000000 0.000001394407
920.340027000  8.200000000 0.000001377373
920.364990000  8.200000000 0.000001351641
920.390015000  8.200000000 0.000001327120
920.415039000  8.200000000 0.000001310366
920.440002000  8.200000000 0.000001300564
920.465027000  8.200000000 0.000001299039
920.489990000  8.200000000 0.000001300264
920.515015000  8.200000000 0.000001303253
920.540039000  8.200000000 0.000001317091
920.565002000  8.200000000 0.000001331387
920.590027000  8.200000000 0.000001338890
920.614990000  8.200000000 0.000001347199
920.640015000  8.200000000 0.000001352893
920.665039000  8.200000000 0.000001355099
920.690002000  8.200000000 0.000001353201
920.715027000  8.200000000 0.000001364038
920.739990000  8.200000000 0.000001389902
920.765015000  8.200000000 0.000001419542
920.790039000  8.200000000 0.000001458249
920.815002000  8.200000000 0.000001498633
920.840027000  8.200000000 0.000001533113
920.864990000  8.200000000 0.000001575634
920.890015000  8.200000000 0.000001618536
920.915039000  8.200000000 0.000001655544
920.940002000  8.200000000 0.000001689481
920.965027000  8.200000000 0.000001719369
920.989990000  8.200000000 0.000001741298
921.015015000  8.200000000 0.000001751396
921.040039000  8.200000000 0.000001754842
921.065002000  8.200000000 0.000001758615
921.090027000  8.200000000 0.000001769646
921.114990000  8.200000000 0.000001778220
921.140015000  8.200000000 0.000001784281
921.165039000  8.200000000 0.000001791925
921.190002000  8.200000000 0.000001798878
921.215027000  8.200000000 0.000001802005
921.239990000  8.200000000 0.000001799266
921.265015000  8.200000000 0.000001787707
921.290039000  8.200000000 0.000001770835
921.315002000  8.200000000 0.000001761278
921.340027000  8.200000000 0.000001751783
921.364990000  8.200000000 0.000001734899
921.390015000  8.200000000 0.000001718950
921.415039000  8.200000000 0.000001699995
921.440002000  8.200000000 0.000001676879
921.465027000  8.200000000 0.000001648536
921.489990000  8.200000000 0.000001611694
921.515015000  8.200000000 0.000001571603
921.540039000  8.200000000 0.000001528191
921.565002000  8.200000000 0.000001486855
921.590027000  8.200000000 0.000001446439
921.614990000  8.200000000 0.000001398882
921.640015000  8.200000000 0.000001345083
921.665039000  8.200000000 0.000001294773
921.690002000  8.200000000 0.000001242167
921.715027000  8.200000000 0.000001189331
921.739990000  8.200000000 0.000001144950
921.765015000  8.200000000 0.000001101046
921.790039000  8.200000000 0.000001052229
921.815002000  8.200000000 0.000000997848
921.840027000  8.200000000 0.000000955972
921.864990000  8.200000000 0.000000921660
921.890015000  8.200000000 0.000000885767
921.915039000  8.200000000 0.000000858742
921.940002000  8.200000000 0.000000840685
921.965027000  8.200000000 0.000000830774
921.989990000  8.200000000 0.000000832034
922.015015000  8.200000000 0.000000841192
922.040039000  8.200000000 0.000000846037
922.065002000  8.200000000 0.000000843722
922.090027000  8.200000000 0.000000842666
922.114990000  8.200000000 0.000000847090
922.140015000  8.200000000 0.000000845315
922.165039000  8.200000000 0.000000840998
922.190002000  8.200000000 0.000000846208
922.215027000  8.200000000 0.000000853012
922.239990000  8.200000000 0.000000863094
922.265015000  8.200000000 0.000000878580
922.290039000  8.200000000 0.000000894791
922.315002000  8.200000000 0.000000910127
922.340027000  8.200000000 0.000000921255
922.364990000  8.200000000 0.000000931228
922.390015000  8.200000000 0.000000950225
922.415039000  8.200000000 0.000000982727
922.440002000  8.200000000 0.000001017681
922.465027000  8.200000000 0.000001052694
922.489990000  8.200000000 0.000001087077
922.515015000  8.200000000 0.000001122153
922.540039000  8.200000000 0.000001160903
922.565002000  8.200000000 0.000001204402
922.590027000  8.200000000 0.000001247106
922.614990000  8.200000000 0.000001287861
922.640015000  8.200000000 0.000001334404
922.665039000  8.200000000 0.000001372727
922.690002000  8.200000000 0.000001396891
922.715027000  8.200000000 0.000001409965
922.739990000  8.200000000 0.000001413130
922.765015000  8.200000000 0.000001420585
922.790039000  8.200000000 0.000001427217
922.815002000  8.200000000 0.000001422431
922.840027000  8.200000000 0.000001402096
922.864990000  8.200000000 0.000001367922
922.890015000  8.200000000 0.000001322618
922.915039000  8.200000000 0.000001269235
922.940002000  8.200000000 0.000001222178
922.965027000  8.200000000 0.000001183683
922.989990000  8.200000000 0.000001152380
923.015015000  8.200000000 0.000001132952
923.040039000  8.200000000 0.000001116432
923.065002000  8.200000000 0.000001096218
923.090027000  8.200000000 0.000001076126
923.114990000  8.200000000 0.000001057156
923.140015000  8.200000000 0.000001040544
923.165039000  8.200000000 0.000001028611
923.190002000  8.200000000 0.000001027940
923.215027000  8.200000000 0.000001039689
923.239990000  8.200000000 0.000001061299
923.265015000  8.200000000 0.000001090154
923.290039000  8.200000000 0.000001120724
923.315002000  8.200000000 0.000001147112
923.340027000  8.200000000 0.000001169586
923.364990000  8.200000000 0.000001197608
923.390015000  8.200000000 0.000001227238
923.415039000  8.200000000 0.000001245255
923.440002000  8.200000000 0.000001254656
923.465027000  8.200000000 0.000001254773
923.489990000  8.200000000 0.000001251816
923.515015000  8.200000000 0.000001257261
923.540039000  8.200000000 0.000001262977
923.565002000  8.200000000 0.000001267324
923.590027000  8.200000000 0.000001273297
923.614990000  8.200000000 0.000001276453
923.640015000  8.200000000 0.000001277561
923.665039000  8.200000000 0.000001275895
923.690002000  8.200000000 0.000001270769
923.715027000  8.200000000 0.000001267738
923.739990000  8.200000000 0.000001275202
923.765015000  8.200000000 0.000001290076
923.790039000  8.200000000 0.000001303747
923.815002000  8.200000000 0.000001321879
923.840027000  8.200000000 0.000001346799
923.864990000  8.200000000 0.000001373881
923.890015000  8.200000000 0.000001404465
923.915039000  8.200000000 0.000001437754
923.940002000  8.200000000 0.000001468995
923.965027000  8.200000000 0.000001491902
923.989990000  8.200000000 0.000001509500
924.015015000  8.200000000 0.000001535213
924.040039000  8.200000000 0.000001562595
924.065002000  8.200000000 0.000001581930
924.090027000  8.200000000 0.000001604119
924.114990000  8.200000000 0.000001626186
924.140015000  8.200000000 0.000001643955
924.165039000  8.200000000 0.000001665207
924.190002000  8.200000000 0.000001681493
924.215027000  8.200000000 0.000001686800
924.239990000  8.200000000 0.000001686523
924.265015000  8.200000000 0.000001682251
924.290039000  8.200000000 0.000001676282
924.315002000  8.200000000 0.000001672818
924.340027000  8.200000000 0.000001668289
924.364990000  8.200000000 0.000001655641
924.390015000  8.200000000 0.000001647901
924.415039000  8.200000000 0.000001644687
924.440002000  8.200000000 0.000001645071
924.465027000  8.200000000 0.000001654013
924.489990000  8.200000000 0.000001661648
924.515015000  8.200000000 0.000001674710
924.540039000  8.200000000 0.000001694118
924.565002000  8.200000000 0.000001704822
924.590027000  8.200000000 0.000001705686
924.614990000  8.200000000 0.000001707950
924.640015000  8.200000000 0.000001710741
924.665039000  8.200000000 0.000001712106
924.690002000  8.200000000 0.000001722205
924.715027000  8.200000000 0.000001739081
924.739990000  8.200000000 0.000001753408
924.765015000  8.200000000 0.000001769208
924.790039000  8.200000000 0.000001785766
924.815002000  8.200000000 0.000001793165
924.840027000  8.200000000 0.000001790357
924.864990000  8.200000000 0.000001785525
924.890015000  8.200000000 0.000001782270
924.915039000  8.200000000 0.000001777464
924.940002000  8.200000000 0.000001772003
924.965027000  8.200000000 0.000001774099
924.989990000  8.200000000 0.000001774962
925.015015000  8.200000000 0.000001767974
925.040039000  8.200000000 0.000001764117
925.065002000  8.200000000 0.000001756964
925.090027000  8.200000000 0.000001744952
925.114990000  8.200000000 0.000001736060
925.140015000  8.200000000 0.000001731864
925.165039000  8.200000000 0.000001732125
925.190002000  8.200000000 0.000001730783
925.215027000  8.200000000 0.000001727779
925.239990000  8.200000000 0.000001726509
925.265015000  8.200000000 0.000001723562
925.290039000  8.200000000 0.000001721139
925.315002000  8.200000000 0.000001723725
925.340027000  8.200000000 0.000001728970
925.364990000  8.200000000 0.000001727395
925.390015000  8.200000000 0.000001715377
925.415039000  8.200000000 0.000001702551
925.440002000  8.200000000 0.000001686834
925.465027000  8.200000000 0.000001669929
925.489990000  8.200000000 0.000001653467
925.515015000  8.200000000 0.000001625009
925.540039000  8.200000000 0.000001585031
925.565002000  8.200000000 0.000001548088
925.590027000  8.200000000 0.000001517549
925.614990000  8.200000000 0.000001482603
925.640015000  8.200000000 0.000001437323
925.665039000  8.200000000 0.000001377220
925.690002000  8.200000000 0.000001305982
925.715027000  8.200000000 0.000001236217
925.739990000  8.200000000 0.000001164119
925.765015000  8.200000000 0.000001093025
925.790039000  8.200000000 0.000001027944
925.815002000  8.200000000 0.000000961353
925.840027000  8.200000000 0.000000895461
925.864990000  8.200000000 0.000000832788
925.890015000  8.200000000 0.000000772381
925.915039000  8.200000000 0.000000718326
925.940002000  8.200000000 0.000000666847
925.965027000  8.200000000 0.000000608235
925.989990000  8.200000000 0.000000545314
926.015015000  8.200000000 0.000000481816
926.040039000  8.200000000 0.000000420287
926.065002000  8.200000000 0.000000362724
926.090027000  8.200000000 0.000000303439
926.114990000  8.200000000 0.000000239519
926.140015000  8.200000000 0.000000171470
926.165039000  8.200000000 0.000000099646
926.190002000  8.200000000 0.000000026903
926.215027000  8.200000000 -0.000000047734
926.239990000  8.200000000 -0.000000124731
926.265015000  8.200000000 -0.000000202548
926.290039000  8.200000000 -0.000000281032
926.315002000  8.200000000 -0.000000363016
926.340027000  8.200000000 -0.000000445790
926.364990000  8.200000000 -0.000000519217
926.390015000  8.200000000 -0.000000589966
926.415039000  8.200000000 -0.000000664264
926.440002000  8.200000000 -0.000000735397
926.465027000  8.200000000 -0.000000805625
926.489990000  8.200000000 -0.000000879167
926.515015000  8.200000000 -0.000000953483
926.540039000  8.200000000 -0.000001024585
926.565002000  8.200000000 -0.000001103378
926.590027000  8.200000000 -0.000001190180
926.614990000  8.200000000 -0.000001273758
926.640015000  8.200000000 -0.000001356341
926.665039000  8.200000000 -0.000001434919
926.690002000  8.200000000 -0.000001508801
926.715027000  8.200000000 -0.000001579811
926.739990000  8.200000000 -0.000001648258
926.765015000  8.200000000 -0.000001717035
926.790039000  8.200000000 -0.000001782888
926.815002000  8.200000000 -0.000001845846
926.840027000  8.200000000 -0.000001908388
926.864990000  8.200000000 -0.000001969323
926.890015000  8.200000000 -0.000002029595
926.915039000  8.200000000 -0.000002087355
926.940002000  8.200000000 -0.000002144084
926.965027000  8.200000000 -0.000002195518
926.989990000  8.200000000 -0.000002237480
927.015015000  8.200000000 -0.000002278196
927.040039000  8.200000000 -0.000002319315
927.065002000  8.200000000 -0.000002359087
927.090027000  8.200000000 -0.000002391555
927.114990000  8.200000000 -0.000002414480
927.140015000  8.200000000 -0.000002433346
927.165039000  8.200000000 -0.000002447966
927.190002000  8.200000000 -0.000002461396
927.215027000  8.200000000 -0.000002477121
927.239990000  8.200000000 -0.000002492169
927.265015000  8.200000000 -0.000002501205
927.290039000  8.200000000 -0.000002503927
927.315002000  8.200000000 -0.000002502574
927.340027000  8.200000000 -0.000002498974
927.364990000  8.200000000 -0.000002503895
927.390015000  8.200000000 -0.000002521456
927.415039000  8.200000000 -0.000002531690
927.440002000  8.200000000 -0.000002527546
927.465027000  8.200000000 -0.000002517579
927.489990000  8.200000000 -0.000002505179
927.515015000  8.200000000 -0.000002490992
927.540039000  8.200000000 -0.000002474859
927.565002000  8.200000000 -0.000002455221
927.590027000  8.200000000 -0.000002431068
927.614990000  8.200000000 -0.000002400337
927.640015000  8.200000000 -0.000002364181
927.665039000  8.200000000 -0.000002320951
927.690002000  8.200000000 -0.000002265286
927.715027000  8.200000000 -0.000002203002
927.739990000  8.200000000 -0.000002139704
927.765015000  8.200000000 -0.000002071803
927.790039000  8.200000000 -0.000001998813
927.815002000  8.200000000 -0.000001931134
927.840027000  8.200000000 -0.000001863353
927.864990000  8.200000000 -0.000001791770
927.890015000  8.200000000 -0.000001724339
927.915039000  8.200000000 -0.000001658631
927.940002000  8.200000000 -0.000001592577
927.965027000  8.200000000 -0.000001526480
927.989990000  8.200000000 -0.000001453776
928.015015000  8.200000000 -0.000001374546
928.040039000  8.200000000 -0.000001295185
928.065002000  8.200000000 -0.000001212155
928.090027000  8.200000000 -0.000001121735
928.114990000  8.200000000 -0.000001036077
928.140015000  8.200000000 -0.000000959585
928.165039000  8.200000000 -0.000000887279
928.190002000  8.200000000 -0.000000819639
928.215027000  8.200000000 -0.000000759206
928.239990000  8.200000000 -0.000000702944
928.265015000  8.200000000 -0.000000647978
928.290039000  8.200000000 -0.000000593479
928.315002000  8.200000000 -0.000000535488
928.340027000  8.200000000 -0.000000475419
928.364990000  8.200000000 -0.000000430363
928.390015000  8.200000000 -0.000000401318
928.415039000  8.200000000 -0.000000378088
928.440002000  8.200000000 -0.000000358680
928.465027000  8.200000000 -0.000000338690
928.489990000  8.200000000 -0.000000319742
928.515015000  8.200000000 -0.000000306284
928.540039000  8.200000000 -0.000000291440
928.565002000  8.200000000 -0.000000275606
928.590027000  8.200000000 -0.000000260952
928.614990000  8.200000000 -0.000000244041
928.640015000  8.200000000 -0.000000230608
928.665039000  8.200000000 -0.000000225175
928.690002000  8.200000000 -0.000000231024
928.715027000  8.200000000 -0.000000242319
928.739990000  8.200000000 -0.000000250094
928.765015000  8.200000000 -0.000000254917
928.790039000  8.200000000 -0.000000264586
928.815002000  8.200000000 -0.000000279772
928.840027000  8.200000000 -0.000000293257
928.864990000  8.200000000 -0.000000299837
928.890015000  8.200000000 -0.000000302000
928.915039000  8.200000000 -0.000000303538
928.940002000  8.200000000 -0.000000304130
928.965027000  8.200000000 -0.000000309759
928.989990000  8.200000000 -0.000000330232
929.015015000  8.200000000 -0.000000359315
929.040039000  8.200000000 -0.000000390776
929.065002000  8.200000000 -0.000000412653
929.090027000  8.200000000 -0.000000418390
929.114990000  8.200000000 -0.000000411925
929.140015000  8.200000000 -0.000000391663
929.165039000  8.200000000 -0.000000370594
929.190002000  8.200000000 -0.000000353164
929.215027000  8.200000000 -0.000000335004
929.239990000  8.200000000 -0.000000321299
929.265015000  8.200000000 -0.000000310936
929.290039000  8.200000000 -0.000000296368
929.315002000  8.200000000 -0.000000290753
929.340027000  8.200000000 -0.000000297455
929.364990000  8.200000000 -0.000000299964
929.390015000  8.200000000 -0.000000291808
929.415039000  8.200000000 -0.000000267212
929.440002000  8.200000000 -0.000000237158
929.465027000  8.200000000 -0.000000213115
929.489990000  8.200000000 -0.000000192295
929.515015000  8.200000000 -0.000000173325
929.540039000  8.200000000 -0.000000162689
929.565002000  8.200000000 -0.000000165028
929.590027000  8.200000000 -0.000000171381
929.614990000  8.200000000 -0.000000168349
929.640015000  8.200000000 -0.000000156679
929.665039000  8.200000000 -0.000000141355
929.690002000  8.200000000 -0.000000126406
929.715027000  8.200000000 -0.000000117804
929.739990000  8.200000000 -0.000000114603
929.765015000  8.200000000 -0.000000105430
929.790039000  8.200000000 -0.000000086638
929.815002000  8.200000000 -0.000000074031
929.840027000  8.200000000 -0.000000072896
929.864990000  8.200000000 -0.000000075022
929.890015000  8.200000000 -0.000000075244
929.915039000  8.200000000 -0.000000083218
929.940002000  8.200000000 -0.000000103816
929.965027000  8.200000000 -0.000000130523
929.989990000  8.200000000 -0.000000165554
930.015015000  8.200000000 -0.000000196770
930.040039000  8.200000000 -0.000000219662
930.065002000  8.200000000 -0.000000241465
930.090027000  8.200000000 -0.000000260334
930.114990000  8.200000000 -0.000000281379
930.140015000  8.200000000 -0.000000307390
930.165039000  8.200000000 -0.000000337226
930.190002000  8.200000000 -0.000000365190
930.215027000  8.200000000 -0.000000387302
930.239990000  8.200000000 -0.000000409663
930.265015000  8.200000000 -0.000000441679
930.290039000  8.200000000 -0.000000481432
930.315002000  8.200000000 -0.000000514635
930.340027000  8.200000000 -0.000000542994
930.364990000  8.200000000 -0.000000571753
930.390015000  8.200000000 -0.000000598803
930.415039000  8.200000000 -0.000000621076
930.440002000  8.200000000 -0.000000632125
930.465027000  8.200000000 -0.000000636613
930.489990000  8.200000000 -0.000000636298
930.515015000  8.200000000 -0.000000635346
930.540039000  8.200000000 -0.000000640439
930.565002000  8.200000000 -0.000000644152
930.590027000  8.200000000 -0.000000646402
930.614990000  8.200000000 -0.000000650561
930.640015000  8.200000000 -0.000000648400
930.665039000  8.200000000 -0.000000632169
930.690002000  8.200000000 -0.000000608656
930.715027000  8.200000000 -0.000000583939
930.739990000  8.200000000 -0.000000560929
930.765015000  8.200000000 -0.000000547199
930.790039000  8.200000000 -0.000000542380
930.815002000  8.200000000 -0.000000528672
930.840027000  8.200000000 -0.000000510565
930.864990000  8.200000000 -0.000000494730
930.890015000  8.200000000 -0.000000477704
930.915039000  8.200000000 -0.000000469129
930.940002000  8.200000000 -0.000000461311
930.965027000  8.200000000 -0.000000452410
930.989990000  8.200000000 -0.000000450388
931.015015000  8.200000000 -0.000000449704
931.040039000  8.200000000 -0.000000446738
931.065002000  8.200000000 -0.000000436196
931.090027000  8.200000000 -0.000000415255
931.114990000  8.200000000 -0.000000390539
931.140015000  8.200000000 -0.000000363567
931.165039000  8.200000000 -0.000000335935
931.190002000  8.200000000 -0.000000302917
931.215027000  8.200000000 -0.000000271366
931.239990000  8.200000000 -0.000000244407
931.265015000  8.200000000 -0.000000212578
931.290039000  8.200000000 -0.000000184994
931.315002000  8.200000000 -0.000000169161
931.340027000  8.200000000 -0.000000161923
931.364990000  8.200000000 -0.000000159674
931.390015000  8.200000000 -0.000000156230
931.415039000  8.200000000 -0.000000146679
931.440002000  8.200000000 -0.000000137289
931.465027000  8.200000000 -0.000000132277
931.489990000  8.200000000 -0.000000122526
931.515015000  8.200000000 -0.000000105195
931.540039000  8.200000000 -0.000000087279
931.565002000  8.200000000 -0.000000073797
931.590027000  8.200000000 -0.000000058026
931.614990000  8.200000000 -0.000000037521
931.640015000  8.200000000 -0.000000011429
931.665039000  8.200000000 0.000000015352
931.690002000  8.200000000 0.000000036733
931.715027000  8.200000000 0.000000062737
931.739990000  8.200000000 0.000000091811
931.765015000  8.200000000 0.000000117750
931.790039000  8.200000000 0.000000140393
931.815002000  8.200000000 0.000000156654
931.840027000  8.200000000 0.000000171247
931.864990000  8.200000000 0.000000194498
931.890015000  8.200000000 0.000000223648
931.915039000  8.200000000 0.000000245726
931.940002000  8.200000000 0.000000261649
931.965027000  8.200000000 0.000000273087
931.989990000  8.200000000 0.000000274378
932.015015000  8.200000000 0.000000271771
932.040039000  8.200000000 0.000000266241
932.065002000  8.200000000 0.000000256278
932.090027000  8.200000000 0.000000240430
932.114990000  8.200000000 0.000000219222
932.140015000  8.200000000 0.000000201671
932.165039000  8.200000000 0.000000179833
932.190002000  8.200000000 0.000000154148
932.215027000  8.200000000 0.000000123156
932.239990000  8.200000000 0.000000090530
932.265015000  8.200000000 0.000000062886
932.290039000  8.200000000 0.000000034744
932.315002000  8.200000000 0.000000008204
932.340027000  8.200000000 -0.000000015466
932.364990000  8.200000000 -0.000000037631
932.390015000  8.200000000 -0.000000058726
932.415039000  8.200000000 -0.000000078513
932.440002000  8.200000000 -0.000000099321
932.465027000  8.200000000 -0.000000117502
932.489990000  8.200000000 -0.000000121431
932.515015000  8.200000000 -0.000000109848
932.540039000  8.200000000 -0.000000107719
932.565002000  8.200000000 -0.000000121159
932.590027000  8.200000000 -0.000000133612
932.614990000  8.200000000 -0.000000139686
932.640015000  8.200000000 -0.000000143951
932.665039000  8.200000000 -0.000000148571
932.690002000  8.200000000 -0.000000153585
932.715027000  8.200000000 -0.000000157745
932.739990000  8.200000000 -0.000000163040
932.765015000  8.200000000 -0.000000171539
932.790039000  8.200000000 -0.000000171049
932.815002000  8.200000000 -0.000000167073
932.840027000  8.200000000 -0.000000167866
932.864990000  8.200000000 -0.000000161411
932.890015000  8.200000000 -0.000000153095
932.915039000  8.200000000 -0.000000145139
932.940002000  8.200000000 -0.000000128660
932.965027000  8.200000000 -0.000000103364
932.989990000  8.200000000 -0.000000075351
933.015015000  8.200000000 -0.000000045029
933.040039000  8.200000000 -0.000000015727
933.065002000  8.200000000 0.000000012321
933.090027000  8.200000000 0.000000039005
933.114990000  8.200000000 0.000000060977
933.140015000  8.200000000 0.000000089092
933.165039000  8.200000000 0.000000121959
933.190002000  8.200000000 0.000000149835
933.215027000  8.200000000 0.000000178184
933.239990000  8.200000000 0.000000204120
933.265015000  8.200000000 0.000000228853
933.290039000  8.200000000 0.000000258410
933.315002000  8.200000000 0.000000289894
933.340027000  8.200000000 0.000000320181
933.364990000  8.200000000 0.000000341721
933.390015000  8.200000000 0.000000353216
933.415039000  8.200000000 0.000000364602
933.440002000  8.200000000 0.000000373113
933.465027000  8.200000000 0.000000375374
933.489990000  8.200000000 0.000000382654
933.515015000  8.200000000 0.000000392943
933.540039000  8.200000000 0.000000401326
933.565002000  8.200000000 0.000000407421
933.590027000  8.200000000 0.000000414447
933.614990000  8.200000000 0.000000428836
933.640015000  8.200000000 0.000000447089
933.665039000  8.200000000 0.000000457351
933.690002000  8.200000000 0.000000465808
933.715027000  8.200000000 0.000000475612
933.739990000  8.200000000 0.000000479716
933.765015000  8.200000000 0.000000487284
933.790039000  8.200000000 0.000000495901
933.815002000  8.200000000 0.000000503659
933.840027000  8.200000000 0.000000511432
933.864990000  8.200000000 0.000000520143
933.890015000  8.200000000 0.000000536074
933.915039000  8.200000000 0.000000549503
933.940002000  8.200000000 0.000000555358
933.965027000  8.200000000 0.000000553077
933.989990000  8.200000000 0.000000542752
934.015015000  8.200000000 0.000000533324
934.040039000  8.200000000 0.000000531468
934.065002000  8.200000000 0.000000539914
934.090027000  8.200000000 0.000000554926
934.114990000  8.200000000 0.000000562981
934.140015000  8.200000000 0.000000577096
934.165039000  8.200000000 0.000000608075
934.190002000  8.200000000 0.000000645940
934.215027000  8.200000000 0.000000685018
934.239990000  8.200000000 0.000000723650
934.265015000  8.200000000 0.000000759106
934.290039000  8.200000000 0.000000793412
934.315002000  8.200000000 0.000000835261
934.340027000  8.200000000 0.000000881746
934.364990000  8.200000000 0.000000927752
934.390015000  8.200000000 0.000000974206
934.415039000  8.200000000 0.000001028079
934.440002000  8.200000000 0.000001093017
934.465027000  8.200000000 0.000001161760
934.489990000  8.200000000 0.000001227931
934.515015000  8.200000000 0.000001286829
934.540039000  8.200000000 0.000001335352
934.565002000  8.200000000 0.000001372672
934.590027000  8.200000000 0.000001397647
934.614990000  8.200000000 0.000001407630
934.640015000  8.200000000 0.000001405195
934.665039000  8.200000000 0.000001399916
934.690002000  8.200000000 0.000001391736
934.715027000  8.200000000 0.000001385359
934.739990000  8.200000000 0.000001387100
934.765015000  8.200000000 0.000001391859
934.790039000  8.200000000 0.000001398661
934.815002000  8.200000000 0.000001400943
934.840027000  8.200000000 0.000001391628
934.864990000  8.200000000 0.000001371086
934.890015000  8.200000000 0.000001346051
934.915039000  8.200000000 0.000001319952
934.940002000  8.200000000 0.000001292506
934.965027000  8.200000000 0.000001271593
934.989990000  8.200000000 0.000001247618
935.015015000  8.200000000 0.000001221545
935.040039000  8.200000000 0.000001198649
935.065002000  8.200000000 0.000001161527
935.090027000  8.200000000 0.000001117685
935.114990000  8.200000000 0.000001078033
935.140015000  8.200000000 0.000001043740
935.165039000  8.200000000 0.000001013647
935.190002000  8.200000000 0.000000983508
935.215027000  8.200000000 0.000000946509
935.239990000  8.200000000 0.000000903945
935.265015000  8.200000000 0.000000868583
935.290039000  8.200000000 0.000000834168
935.315002000  8.200000000 0.000000793270
935.340027000  8.200000000 0.000000746034
935.364990000  8.200000000 0.000000695847
935.390015000  8.200000000 0.000000646230
935.415039000  8.200000000 0.000000599208
935.440002000  8.200000000 0.000000556521
935.465027000  8.200000000 0.000000521186
935.489990000  8.200000000 0.000000496961
935.515015000  8.200000000 0.000000482633
935.540039000  8.200000000 0.000000475460
935.565002000  8.200000000 0.000000470007
935.590027000  8.200000000 0.000000462567
935.614990000  8.200000000 0.000000450755
935.640015000  8.200000000 0.000000430675
935.665039000  8.200000000 0.000000407233
935.690002000  8.200000000 0.000000384803
935.715027000  8.200000000 0.000000364276
935.739990000  8.200000000 0.000000344425
935.765015000  8.200000000 0.000000317833
935.790039000  8.200000000 0.000000282477
935.815002000  8.200000000 0.000000242161
935.840027000  8.200000000 0.000000203049
935.864990000  8.200000000 0.000000167455
935.890015000  8.200000000 0.000000131291
935.915039000  8.200000000 0.000000096370
935.940002000  8.200000000 0.000000060376
935.965027000  8.200000000 0.000000024790
935.989990000  8.200000000 -0.000000001974
936.015015000  8.200000000 -0.000000023375
936.040039000  8.200000000 -0.000000052999
936.065002000  8.200000000 -0.000000088041
936.090027000  8.200000000 -0.000000118590
936.114990000  8.200000000 -0.000000145671
936.140015000  8.200000000 -0.000000168414
936.165039000  8.200000000 -0.000000188268
936.190002000  8.200000000 -0.000000211270
936.215027000  8.200000000 -0.000000236631
936.239990000  8.200000000 -0.000000256138
936.265015000  8.200000000 -0.000000269554
936.290039000  8.200000000 -0.000000287367
936.315002000  8.200000000 -0.000000312719
936.340027000  8.200000000 -0.000000341642
936.364990000  8.200000000 -0.000000361905
936.390015000  8.200000000 -0.000000372542
936.415039000  8.200000000 -0.000000391393
936.440002000  8.200000000 -0.000000423648
936.465027000  8.200000000 -0.000000472647
936.489990000  8.200000000 -0.000000532642
936.515015000  8.200000000 -0.000000589940
936.540039000  8.200000000 -0.000000637969
936.565002000  8.200000000 -0.000000683469
936.590027000  8.200000000 -0.000000736852
936.614990000  8.200000000 -0.000000781853
936.640015000  8.200000000 -0.000000814110
936.665039000  8.200000000 -0.000000849629
936.690002000  8.200000000 -0.000000891195
936.715027000  8.200000000 -0.000000942570
936.739990000  8.200000000 -0.000000996955
936.765015000  8.200000000 -0.000001046244
936.790039000  8.200000000 -0.000001089881
936.815002000  8.200000000 -0.000001131733
936.840027000  8.200000000 -0.000001180771
936.864990000  8.200000000 -0.000001233735
936.890015000  8.200000000 -0.000001284692
936.915039000  8.200000000 -0.000001331435
936.940002000  8.200000000 -0.000001376600
936.965027000  8.200000000 -0.000001423082
936.989990000  8.200000000 -0.000001465908
937.015015000  8.200000000 -0.000001505485
937.040039000  8.200000000 -0.000001549857
937.065002000  8.200000000 -0.000001595846
937.090027000  8.200000000 -0.000001637215
937.114990000  8.200000000 -0.000001674268
937.140015000  8.200000000 -0.000001713127
937.165039000  8.200000000 -0.000001741670
937.190002000  8.200000000 -0.000001752470
937.215027000  8.200000000 -0.000001766566
937.239990000  8.200000000 -0.000001787179
937.265015000  8.200000000 -0.000001800838
937.290039000  8.200000000 -0.000001818170
937.315002000  8.200000000 -0.000001845373
937.340027000  8.200000000 -0.000001862887
937.364990000  8.200000000 -0.000001875978
937.390015000  8.200000000 -0.000001894466
937.415039000  8.200000000 -0.000001907897
937.440002000  8.200000000 -0.000001909696
937.465027000  8.200000000 -0.000001914926
937.489990000  8.200000000 -0.000001928546
937.515015000  8.200000000 -0.000001939411
937.540039000  8.200000000 -0.000001945423
937.565002000  8.200000000 -0.000001950045
937.590027000  8.200000000 -0.000001951707
937.614990000  8.200000000 -0.000001951894
937.640015000  8.200000000 -0.000001948563
937.665039000  8.200000000 -0.000001932078
937.690002000  8.200000000 -0.000001904658
937.715027000  8.200000000 -0.000001875730
937.739990000  8.200000000 -0.000001841632
937.765015000  8.200000000 -0.000001799381
937.790039000  8.200000000 -0.000001756955
937.815002000  8.200000000 -0.000001716052
937.840027000  8.200000000 -0.000001682799
937.864990000  8.200000000 -0.000001653266
937.890015000  8.200000000 -0.000001626551
937.915039000  8.200000000 -0.000001607169
937.940002000  8.200000000 -0.000001585970
937.965027000  8.200000000 -0.000001556532
937.989990000  8.200000000 -0.000001535456
938.015015000  8.200000000 -0.000001516982
938.040039000  8.200000000 -0.000001488490
938.065002000  8.200000000 -0.000001451071
938.090027000  8.200000000 -0.000001405510
938.114990000  8.200000000 -0.000001354194
938.140015000  8.200000000 -0.000001302897
938.165039000  8.200000000 -0.000001262424
938.190002000  8.200000000 -0.000001225209
938.215027000  8.200000000 -0.000001187947
938.239990000  8.200000000 -0.000001146256
938.265015000  8.200000000 -0.000001093883
938.290039000  8.200000000 -0.000001044007
938.315002000  8.200000000 -0.000000996735
938.340027000  8.200000000 -0.000000949025
938.364990000  8.200000000 -0.000000901457
938.390015000  8.200000000 -0.000000849810
938.415039000  8.200000000 -0.000000791460
938.440002000  8.200000000 -0.000000736209
938.465027000  8.200000000 -0.000000685350
938.489990000  8.200000000 -0.000000627614
938.515015000  8.200000000 -0.000000565838
938.540039000  8.200000000 -0.000000505008
938.565002000  8.200000000 -0.000000438070
938.590027000  8.200000000 -0.000000362607
938.614990000  8.200000000 -0.000000292015
938.640015000  8.200000000 -0.000000224213
938.665039000  8.200000000 -0.000000160567
938.690002000  8.200000000 -0.000000096445
938.715027000  8.200000000 -0.000000024408
938.739990000  8.200000000 0.000000047834
938.765015000  8.200000000 0.000000119494
938.790039000  8.200000000 0.000000193053
938.815002000  8.200000000 0.000000270274
938.840027000  8.200000000 0.000000340127
938.864990000  8.200000000 0.000000394242
938.890015000  8.200000000 0.000000444888
938.915039000  8.200000000 0.000000500250
938.940002000  8.200000000 0.000000553251
938.965027000  8.200000000 0.000000604438
938.989990000  8.200000000 0.000000663403
939.015015000  8.200000000 0.000000724600
939.040039000  8.200000000 0.000000779329
939.065002000  8.200000000 0.000000826015
939.090027000  8.200000000 0.000000874624
939.114990000  8.200000000 0.000000935177
939.140015000  8.200000000 0.000001011264
939.165039000  8.200000000 0.000001095394
939.190002000  8.200000000 0.000001176184
939.215027000  8.200000000 0.000001247143
939.239990000  8.200000000 0.000001312133
939.265015000  8.200000000 0.000001376343
939.290039000  8.200000000 0.000001438828
939.315002000  8.200000000 0.000001504243
939.340027000  8.200000000 0.000001574388
939.364990000  8.200000000 0.000001640014
939.390015000  8.200000000 0.000001695142
939.415039000  8.200000000 0.000001746111
939.440002000  8.200000000 0.000001795796
939.465027000  8.200000000 0.000001851859
939.489990000  8.200000000 0.000001915642
939.515015000  8.200000000 0.000001982683
939.540039000  8.200000000 0.000002044831
939.565002000  8.200000000 0.000002095811
939.590027000  8.200000000 0.000002138755
939.614990000  8.200000000 0.000002180820
939.640015000  8.200000000 0.000002228201
939.665039000  8.200000000 0.000002280622
939.690002000  8.200000000 0.000002339275
939.715027000  8.200000000 0.000002397285
939.739990000  8.200000000 0.000002453201
939.765015000  8.200000000 0.000002505559
939.790039000  8.200000000 0.000002553327
939.815002000  8.200000000 0.000002597461
939.840027000  8.200000000 0.000002639186
939.864990000  8.200000000 0.000002684454
939.890015000  8.200000000 0.000002729085
939.915039000  8.200000000 0.000002766096
939.940002000  8.200000000 0.000002797330
939.965027000  8.200000000 0.000002822019
939.989990000  8.200000000 0.000002838520
940.015015000  8.200000000 0.000002847388
940.040039000  8.200000000 0.000002855959
940.065002000  8.200000000 0.000002865316
940.090027000  8.200000000 0.000002869575
940.114990000  8.200000000 0.000002870415
940.140015000  8.200000000 0.000002866475
940.165039000  8.200000000 0.000002863339
940.190002000  8.200000000 0.000002866690
940.215027000  8.200000000 0.000002871374
940.239990000  8.200000000 0.000002874806
940.265015000  8.200000000 0.000002874028
940.290039000  8.200000000 0.000002865944
940.315002000  8.200000000 0.000002863035
940.340027000  8.200000000 0.000002864864
940.364990000  8.200000000 0.000002863829
940.390015000  8.200000000 0.000002864328
940.415039000  8.200000000 0.000002865512
940.440002000  8.200000000 0.000002866791
940.465027000  8.200000000 0.000002866125
940.489990000  8.200000000 0.000002855958
940.515015000  8.200000000 0.000002839936
940.540039000  8.200000000 0.000002823662
940.565002000  8.200000000 0.000002805168
940.590027000  8.200000000 0.000002780710
940.614990000  8.200000000 0.000002749993
940.640015000  8.200000000 0.000002719045
940.665039000  8.200000000 0.000002693072
940.690002000  8.200000000 0.000002673106
940.715027000  8.200000000 0.000002655264
940.739990000  8.200000000 0.000002630518
940.765015000  8.200000000 0.000002604688
940.790039000  8.200000000 0.000002581046
940.815002000  8.200000000 0.000002549462
940.840027000  8.200000000 0.000002518643
940.864990000  8.200000000 0.000002497239
940.890015000  8.200000000 0.000002478811
940.915039000  8.200000000 0.000002456772
940.940002000  8.200000000 0.000002439526
940.965027000  8.200000000 0.000002421512
940.989990000  8.200000000 0.000002398502
941.015015000  8.200000000 0.000002372982
941.040039000  8.200000000 0.000002342764
941.065002000  8.200000000 0.000002309124
941.090027000  8.200000000 0.000002276371
941.114990000  8.200000000 0.000002249673
941.140015000  8.200000000 0.000002218632
941.165039000  8.200000000 0.000002183843
941.190002000  8.200000000 0.000002144738
941.215027000  8.200000000 0.000002096615
941.239990000  8.200000000 0.000002046518
941.265015000  8.200000000 0.000001997038
941.290039000  8.200000000 0.000001944839
941.315002000  8.200000000 0.000001896593
941.340027000  8.200000000 0.000001849700
941.364990000  8.200000000 0.000001796995
941.390015000  8.200000000 0.000001747688
941.415039000  8.200000000 0.000001706577
941.440002000  8.200000000 0.000001666853
941.465027000  8.200000000 0.000001621637
941.489990000  8.200000000 0.000001571142
941.515015000  8.200000000 0.000001521517
941.540039000  8.200000000 0.000001474333
941.565002000  8.200000000 0.000001430982
941.590027000  8.200000000 0.000001390394
941.614990000  8.200000000 0.000001351134
941.640015000  8.200000000 0.000001317628
941.665039000  8.200000000 0.000001293887
941.690002000  8.200000000 0.000001283876
941.715027000  8.200000000 0.000001278971
941.739990000  8.200000000 0.000001274843
941.765015000  8.200000000 0.000001275222
941.790039000  8.200000000 0.000001279746
941.815002000  8.200000000 0.000001295796
941.840027000  8.200000000 0.000001322346
941.864990000  8.200000000 0.000001344280
941.890015000  8.200000000 0.000001362495
941.915039000  8.200000000 0.000001376608
941.940002000  8.200000000 0.000001385477
941.965027000  8.200000000 0.000001398212
941.989990000  8.200000000 0.000001408424
942.015015000  8.200000000 0.000001417504
942.040039000  8.200000000 0.000001429991
942.065002000  8.200000000 0.000001440922
942.090027000  8.200000000 0.000001453992
942.114990000  8.200000000 0.000001471080
942.140015000  8.200000000 0.000001484326
942.165039000  8.200000000 0.000001486532
942.190002000  8.200000000 0.000001486226
942.215027000  8.200000000 0.000001491716
942.239990000  8.200000000 0.000001499212
942.265015000  8.200000000 0.000001507743
942.290039000  8.200000000 0.000001515653
942.315002000  8.200000000 0.000001522407
942.340027000  8.200000000 0.000001533351
942.364990000  8.200000000 0.000001550544
942.390015000  8.200000000 0.000001574569
942.415039000  8.200000000 0.000001594257
942.440002000  8.200000000 0.000001610857
942.465027000  8.200000000 0.000001636815
942.489990000  8.200000000 0.000001654627
942.515015000  8.200000000 0.000001652314
942.540039000  8.200000000 0.000001652780
942.565002000  8.200000000 0.000001656495
942.590027000  8.200000000 0.000001651951
942.614990000  8.200000000 0.000001639122
942.640015000  8.200000000 0.000001621599
942.665039000  8.200000000 0.000001602379
942.690002000  8.200000000 0.000001577423
942.715027000  8.200000000 0.000001552340
942.739990000  8.200000000 0.000001534167
942.765015000  8.200000000 0.000001519485
942.790039000  8.200000000 0.000001509774
942.815002000  8.200000000 0.000001508204
942.840027000  8.200000000 0.000001509528
942.864990000  8.200000000 0.000001506479
942.890015000  8.200000000 0.000001504444
942.915039000  8.200000000 0.000001515300
942.940002000  8.200000000 0.000001527234
942.965027000  8.200000000 0.000001531823
942.989990000  8.200000000 0.000001536099
943.015015000  8.200000000 0.000001541767
943.040039000  8.200000000 0.000001550857
943.065002000  8.200000000 0.000001562489
943.090027000  8.200000000 0.000001566734
943.114990000  8.200000000 0.000001560358
943.140015000  8.200000000 0.000001545746
943.165039000  8.200000000 0.000001535893
943.190002000  8.200000000 0.000001538365
943.215027000  8.200000000 0.000001547601
943.239990000  8.200000000 0.000001556706
943.265015000  8.200000000 0.000001561227
943.290039000  8.200000000 0.000001561259
943.315002000  8.200000000 0.000001565558
943.340027000  8.200000000 0.000001572755
943.364990000  8.200000000 0.000001575248
943.390015000  8.200000000 0.000001578813
943.415039000  8.200000000 0.000001579972
943.440002000  8.200000000 0.000001574092
943.465027000  8.200000000 0.000001566294
943.489990000  8.200000000 0.000001555880
943.515015000  8.200000000 0.000001542280
943.540039000  8.200000000 0.000001523081
943.565002000  8.200000000 0.000001499498
943.590027000  8.200000000 0.000001478549
943.614990000  8.200000000 0.000001456375
943.640015000  8.200000000 0.000001435280
943.665039000  8.200000000 0.000001415941
943.690002000  8.200000000 0.000001393606
943.715027000  8.200000000 0.000001371652
943.739990000  8.200000000 0.000001344673
943.765015000  8.200000000 0.000001310928
943.790039000  8.200000000 0.000001279542
943.815002000  8.200000000 0.000001253100
943.840027000  8.200000000 0.000001216568
943.864990000  8.200000000 0.000001174667
943.890015000  8.200000000 0.000001133206
943.915039000  8.200000000 0.000001090176
943.940002000  8.200000000 0.000001048526
943.965027000  8.200000000 0.000001007612
943.989990000  8.200000000 0.000000973477
944.015015000  8.200000000 0.000000946278
944.040039000  8.200000000 0.000000922644
944.065002000  8.200000000 0.000000903931
944.090027000  8.200000000 0.000000881918
944.114990000  8.200000000 0.000000851462
944.140015000  8.200000000 0.000000834071
944.165039000  8.200000000 0.000000826481
944.190002000  8.200000000 0.000000814510
944.215027000  8.200000000 0.000000793126
944.239990000  8.200000000 0.000000777020
944.265015000  8.200000000 0.000000772551
944.290039000  8.200000000 0.000000763859
944.315002000  8.200000000 0.000000750180
944.340027000  8.200000000 0.000000737838
944.364990000  8.200000000 0.000000731013
944.390015000  8.200000000 0.000000724010
944.415039000  8.200000000 0.000000714974
944.440002000  8.200000000 0.000000710996
944.465027000  8.200000000 0.000000707220
944.489990000  8.200000000 0.000000701033
944.515015000  8.200000000 0.000000695781
944.540039000  8.200000000 0.000000688773
944.565002000  8.200000000 0.000000681886
944.590027000  8.200000000 0.000000687827
944.614990000  8.200000000 0.000000705849
944.640015000  8.200000000 0.000000723144
944.665039000  8.200000000 0.000000736869
944.690002000  8.200000000 0.000000748407
944.715027000  8.200000000 0.000000758501
944.739990000  8.200000000 0.000000768335
944.765015000  8.200000000 0.000000781961
944.790039000  8.200000000 0.000000800513
944.815002000  8.200000000 0.000000816322
944.840027000  8.200000000 0.000000828865
944.864990000  8.200000000 0.000000840964
944.890015000  8.200000000 0.000000845860
944.915039000  8.200000000 0.000000842312
944.940002000  8.200000000 0.000000834302
944.965027000  8.200000000 0.000000820124
944.989990000  8.200000000 0.000000811535
945.015015000  8.200000000 0.000000806290
945.040039000  8.200000000 0.000000797437
945.065002000  8.200000000 0.000000786072
945.090027000  8.200000000 0.000000761833
945.114990000  8.200000000 0.000000741075
945.140015000  8.200000000 0.000000729540
945.165039000  8.200000000 0.000000716602
945.190002000  8.200000000 0.000000705370
945.215027000  8.200000000 0.000000685903
945.239990000  8.200000000 0.000000662569
945.265015000  8.200000000 0.000000641447
945.290039000  8.200000000 0.000000618544
945.315002000  8.200000000 0.000000601021
945.340027000  8.200000000 0.000000586612
945.364990000  8.200000000 0.000000565702
945.390015000  8.200000000 0.000000539381
945.415039000  8.200000000 0.000000507346
945.440002000  8.200000000 0.000000461670
945.465027000  8.200000000 0.000000415138
945.489990000  8.200000000 0.000000378489
945.515015000  8.200000000 0.000000347090
945.540039000  8.200000000 0.000000314532
945.565002000  8.200000000 0.000000275970
945.590027000  8.200000000 0.000000232501
945.614990000  8.200000000 0.000000192686
945.640015000  8.200000000 0.000000159436
945.665039000  8.200000000 0.000000129270
945.690002000  8.200000000 0.000000094717
945.715027000  8.200000000 0.000000050950
945.739990000  8.200000000 0.000000010962
945.765015000  8.200000000 -0.000000024447
945.790039000  8.200000000 -0.000000058588
945.815002000  8.200000000 -0.000000086726
945.840027000  8.200000000 -0.000000110433
945.864990000  8.200000000 -0.000000130526
945.890015000  8.200000000 -0.000000149334
945.915039000  8.200000000 -0.000000168663
945.940002000  8.200000000 -0.000000186117
945.965027000  8.200000000 -0.000000203168
945.989990000  8.200000000 -0.000000221533
946.015015000  8.200000000 -0.000000239673
946.040039000  8.200000000 -0.000000253550
946.065002000  8.200000000 -0.000000261127
946.090027000  8.200000000 -0.000000270398
946.114990000  8.200000000 -0.000000291797
946.140015000  8.200000000 -0.000000325144
946.165039000  8.200000000 -0.000000364898
946.190002000  8.200000000 -0.000000398625
946.215027000  8.200000000 -0.000000421181
946.239990000  8.200000000 -0.000000448223
946.265015000  8.200000000 -0.000000473728
946.290039000  8.200000000 -0.000000490986
946.315002000  8.200000000 -0.000000505764
946.340027000  8.200000000 -0.000000527598
946.364990000  8.200000000 -0.000000562599
946.390015000  8.200000000 -0.000000604793
946.415039000  8.200000000 -0.000000641883
946.440002000  8.200000000 -0.000000669998
946.465027000  8.200000000 -0.000000698005
946.489990000  8.200000000 -0.000000725500
946.515015000  8.200000000 -0.000000751642
946.540039000  8.200000000 -0.000000778504
946.565002000  8.200000000 -0.000000804372
946.590027000  8.200000000 -0.000000830681
946.614990000  8.200000000 -0.000000870500
946.640015000  8.200000000 -0.000000920316
946.665039000  8.200000000 -0.000000970928
946.690002000  8.200000000 -0.000001023614
946.715027000  8.200000000 -0.000001076259
946.739990000  8.200000000 -0.000001129159
946.765015000  8.200000000 -0.000001179842
946.790039000  8.200000000 -0.000001229147
946.815002000  8.200000000 -0.000001278887
946.840027000  8.200000000 -0.000001331934
946.864990000  8.200000000 -0.000001394575
946.890015000  8.200000000 -0.000001467103
946.915039000  8.200000000 -0.000001542268
946.940002000  8.200000000 -0.000001620084
946.965027000  8.200000000 -0.000001698602
946.989990000  8.200000000 -0.000001775639
947.015015000  8.200000000 -0.000001855843
947.040039000  8.200000000 -0.000001936429
947.065002000  8.200000000 -0.000002015473
947.090027000  8.200000000 -0.000002092370
947.114990000  8.200000000 -0.000002166285
947.140015000  8.200000000 -0.000002235061
947.165039000  8.200000000 -0.000002300439
947.190002000  8.200000000 -0.000002359797
947.215027000  8.200000000 -0.000002405361
947.239990000  8.200000000 -0.000002446374
947.265015000  8.200000000 -0.000002482011
947.290039000  8.200000000 -0.000002508932
947.315002000  8.200000000 -0.000002525198
947.340027000  8.200000000 -0.000002536748
947.364990000  8.200000000 -0.000002551443
947.390015000  8.200000000 -0.000002561789
947.415039000  8.200000000 -0.000002562393
947.440002000  8.200000000 -0.000002561374
947.465027000  8.200000000 -0.000002565743
947.489990000  8.200000000 -0.000002566715
947.515015000  8.200000000 -0.000002566947
947.540039000  8.200000000 -0.000002571089
947.565002000  8.200000000 -0.000002576414
947.590027000  8.200000000 -0.000002575637
947.614990000  8.200000000 -0.000002570465
947.640015000  8.200000000 -0.000002563336
947.665039000  8.200000000 -0.000002553861
947.690002000  8.200000000 -0.000002550227
947.715027000  8.200000000 -0.000002558692
947.739990000  8.200000000 -0.000002566353
947.765015000  8.200000000 -0.000002565861
947.790039000  8.200000000 -0.000002574164
947.815002000  8.200000000 -0.000002590560
947.840027000  8.200000000 -0.000002600442
947.864990000  8.200000000 -0.000002604161
947.890015000  8.200000000 -0.000002607921
947.915039000  8.200000000 -0.000002608007
947.940002000  8.200000000 -0.000002599071
947.965027000  8.200000000 -0.000002593964
947.989990000  8.200000000 -0.000002591467
948.015015000  8.200000000 -0.000002581993
948.040039000  8.200000000 -0.000002570658
948.065002000  8.200000000 -0.000002553410
948.090027000  8.200000000 -0.000002524050
948.114990000  8.200000000 -0.000002496545
948.140015000  8.200000000 -0.000002476524
948.165039000  8.200000000 -0.000002451727
948.190002000  8.200000000 -0.000002426764
948.215027000  8.200000000 -0.000002410806
948.239990000  8.200000000 -0.000002397079
948.265015000  8.200000000 -0.000002386415
948.290039000  8.200000000 -0.000002377595
948.315002000  8.200000000 -0.000002364297
948.340027000  8.200000000 -0.000002348997
948.364990000  8.200000000 -0.000002327482
948.390015000  8.200000000 -0.000002301451
948.415039000  8.200000000 -0.000002277557
948.440002000  8.200000000 -0.000002252202
948.465027000  8.200000000 -0.000002225142
948.489990000  8.200000000 -0.000002199093
948.515015000  8.200000000 -0.000002175250
948.540039000  8.200000000 -0.000002155441
948.565002000  8.200000000 -0.000002139581
948.590027000  8.200000000 -0.000002125710
948.614990000  8.200000000 -0.000002107038
948.640015000  8.200000000 -0.000002087176
948.665039000  8.200000000 -0.000002068944
948.690002000  8.200000000 -0.000002048603
948.715027000  8.200000000 -0.000002022450
948.739990000  8.200000000 -0.000001991448
948.765015000  8.200000000 -0.000001966407
948.790039000  8.200000000 -0.000001945146
948.815002000  8.200000000 -0.000001925760
948.840027000  8.200000000 -0.000001918162
948.864990000  8.200000000 -0.000001917897
948.890015000  8.200000000 -0.000001922724
948.915039000  8.200000000 -0.000001932525
948.940002000  8.200000000 -0.000001940180
948.965027000  8.200000000 -0.000001948843
948.989990000  8.200000000 -0.000001955331
949.015015000  8.200000000 -0.000001958866
949.040039000  8.200000000 -0.000001966756
949.065002000  8.200000000 -0.000001982907
949.090027000  8.200000000 -0.000002014511
949.114990000  8.200000000 -0.000002053654
949.140015000  8.200000000 -0.000002094558
949.165039000  8.200000000 -0.000002141986
949.190002000  8.200000000 -0.000002191922
949.215027000  8.200000000 -0.000002246037
949.239990000  8.200000000 -0.000002303693
949.265015000  8.200000000 -0.000002354613
949.290039000  8.200000000 -0.000002397763
949.315002000  8.200000000 -0.000002441379
949.340027000  8.200000000 -0.000002490276
949.364990000  8.200000000 -0.000002539746
949.390015000  8.200000000 -0.000002586557
949.415039000  8.200000000 -0.000002632864
949.440002000  8.200000000 -0.000002677732
949.465027000  8.200000000 -0.000002724334
949.489990000  8.200000000 -0.000002773031
949.515015000  8.200000000 -0.000002818007
949.540039000  8.200000000 -0.000002863812
949.565002000  8.200000000 -0.000002913737
949.590027000  8.200000000 -0.000002961738
949.614990000  8.200000000 -0.000003008436
949.640015000  8.200000000 -0.000003052573
949.665039000  8.200000000 -0.000003096456
949.690002000  8.200000000 -0.000003141826
949.715027000  8.200000000 -0.000003188627
949.739990000  8.200000000 -0.000003232243
949.765015000  8.200000000 -0.000003268187
949.790039000  8.200000000 -0.000003314281
949.815002000  8.200000000 -0.000003375349
949.840027000  8.200000000 -0.000003429669
949.864990000  8.200000000 -0.000003465000
949.890015000  8.200000000 -0.000003496772
949.915039000  8.200000000 -0.000003535741
949.940002000  8.200000000 -0.000003577923
949.965027000  8.200000000 -0.000003612630
949.989990000  8.200000000 -0.000003637909
950.015015000  8.200000000 -0.000003653887
950.040039000  8.200000000 -0.000003665163
950.065002000  8.200000000 -0.000003685578
950.090027000  8.200000000 -0.000003707838
950.114990000  8.200000000 -0.000003716193
950.140015000  8.200000000 -0.000003721509
950.165039000  8.200000000 -0.000003725467
950.190002000  8.200000000 -0.000003726594
950.215027000  8.200000000 -0.000003725781
950.239990000  8.200000000 -0.000003723957
950.265015000  8.200000000 -0.000003731049
950.290039000  8.200000000 -0.000003733867
950.315002000  8.200000000 -0.000003730916
950.340027000  8.200000000 -0.000003728011
950.364990000  8.200000000 -0.000003722168
950.390015000  8.200000000 -0.000003713089
950.415039000  8.200000000 -0.000003698226
950.440002000  8.200000000 -0.000003673844
950.465027000  8.200000000 -0.000003643995
950.489990000  8.200000000 -0.000003618449
950.515015000  8.200000000 -0.000003589600
950.540039000  8.200000000 -0.000003560291
950.565002000  8.200000000 -0.000003533736
950.590027000  8.200000000 -0.000003514464
950.614990000  8.200000000 -0.000003514202
950.640015000  8.200000000 -0.000003518642
950.665039000  8.200000000 -0.000003511366
950.690002000  8.200000000 -0.000003500157
950.715027000  8.200000000 -0.000003486630
950.739990000  8.200000000 -0.000003463398
950.765015000  8.200000000 -0.000003437345
950.790039000  8.200000000 -0.000003410567
950.815002000  8.200000000 -0.000003388386
950.840027000  8.200000000 -0.000003374621
950.864990000  8.200000000 -0.000003368097
950.890015000  8.200000000 -0.000003362607
950.915039000  8.200000000 -0.000003356048
950.940002000  8.200000000 -0.000003352917
950.965027000  8.200000000 -0.000003351815
950.989990000  8.200000000 -0.000003343631
951.015015000  8.200000000 -0.000003327523
951.040039000  8.200000000 -0.000003303390
951.065002000  8.200000000 -0.000003275402
951.090027000  8.200000000 -0.000003255320
951.114990000  8.200000000 -0.000003239148
951.140015000  8.200000000 -0.000003227190
951.165039000  8.200000000 -0.000003226285
951.190002000  8.200000000 -0.000003222347
951.215027000  8.200000000 -0.000003211661
951.239990000  8.200000000 -0.000003204397
951.265015000  8.200000000 -0.000003191260
951.290039000  8.200000000 -0.000003174749
951.315002000  8.200000000 -0.000003159521
951.340027000  8.200000000 -0.000003136345
951.364990000  8.200000000 -0.000003108587
951.390015000  8.200000000 -0.000003080406
951.415039000  8.200000000 -0.000003053123
951.440002000  8.200000000 -0.000003028504
951.465027000  8.200000000 -0.000003002231
951.489990000  8.200000000 -0.000002978708
951.515015000  8.200000000 -0.000002967864
951.540039000  8.200000000 -0.000002964097
951.565002000  8.200000000 -0.000002961232
951.590027000  8.200000000 -0.000002965355
951.614990000  8.200000000 -0.000002971374
951.640015000  8.200000000 -0.000002972529
951.665039000  8.200000000 -0.000002973261
951.690002000  8.200000000 -0.000002970793
951.715027000  8.200000000 -0.000002961666
951.739990000  8.200000000 -0.000002948323
951.765015000  8.200000000 -0.000002927084
951.790039000  8.200000000 -0.000002903697
951.815002000  8.200000000 -0.000002874429
951.840027000  8.200000000 -0.000002832662
951.864990000  8.200000000 -0.000002796862
951.890015000  8.200000000 -0.000002765147
951.915039000  8.200000000 -0.000002735106
951.940002000  8.200000000 -0.000002715778
951.965027000  8.200000000 -0.000002700129
951.989990000  8.200000000 -0.000002677000
952.015015000  8.200000000 -0.000002641915
952.040039000  8.200000000 -0.000002599921
952.065002000  8.200000000 -0.000002553828
952.090027000  8.200000000 -0.000002502834
952.114990000  8.200000000 -0.000002455706
952.140015000  8.200000000 -0.000002414447
952.165039000  8.200000000 -0.000002376281
952.190002000  8.200000000 -0.000002345189
952.215027000  8.200000000 -0.000002319156
952.239990000  8.200000000 -0.000002298406
952.265015000  8.200000000 -0.000002276917
952.290039000  8.200000000 -0.000002252759
952.315002000  8.200000000 -0.000002226365
952.340027000  8.200000000 -0.000002188202
952.364990000  8.200000000 -0.000002143707
952.390015000  8.200000000 -0.000002104925
952.415039000  8.200000000 -0.000002069296
952.440002000  8.200000000 -0.000002029578
952.465027000  8.200000000 -0.000001983101
952.489990000  8.200000000 -0.000001933774
952.515015000  8.200000000 -0.000001884095
952.540039000  8.200000000 -0.000001828718
952.565002000  8.200000000 -0.000001770770
952.590027000  8.200000000 -0.000001711952
952.614990000  8.200000000 -0.000001647087
952.640015000  8.200000000 -0.000001577772
952.665039000  8.200000000 -0.000001499268
952.690002000  8.200000000 -0.000001412036
952.715027000  8.200000000 -0.000001325226
952.739990000  8.200000000 -0.000001244130
952.765015000  8.200000000 -0.000001169149
952.790039000  8.200000000 -0.000001094680
952.815002000  8.200000000 -0.000001016441
952.840027000  8.200000000 -0.000000935032
952.864990000  8.200000000 -0.000000846044
952.890015000  8.200000000 -0.000000741871
952.915039000  8.200000000 -0.000000631122
952.940002000  8.200000000 -0.000000517413
952.965027000  8.200000000 -0.000000403828
952.989990000  8.200000000 -0.000000291333
953.015015000  8.200000000 -0.000000174096
953.040039000  8.200000000 -0.000000049868
953.065002000  8.200000000 0.000000080553
953.090027000  8.200000000 0.000000212996
953.114990000  8.200000000 0.000000344908
953.140015000  8.200000000 0.000000469483
953.165039000  8.200000000 0.000000588825
953.190002000  8.200000000 0.000000714518
953.215027000  8.200000000 0.000000847675
953.239990000  8.200000000 0.000000983962
953.265015000  8.200000000 0.000001120228
953.290039000  8.200000000 0.000001253757
953.315002000  8.200000000 0.000001386541
953.340027000  8.200000000 0.000001517108
953.364990000  8.200000000 0.000001647924
953.390015000  8.200000000 0.000001778019
953.415039000  8.200000000 0.000001898944
953.440002000  8.200000000 0.000002018568
953.465027000  8.200000000 0.000002139749
953.489990000  8.200000000 0.000002256229
953.515015000  8.200000000 0.000002370290
953.540039000  8.200000000 0.000002486918
953.565002000  8.200000000 0.000002603572
953.590027000  8.200000000 0.000002711888
953.614990000  8.200000000 0.000002814253
953.640015000  8.200000000 0.000002914092
953.665039000  8.200000000 0.000003008427
953.690002000  8.200000000 0.000003103720
953.715027000  8.200000000 0.000003209386
953.739990000  8.200000000 0.000003309333
953.765015000  8.200000000 0.000003394055
953.790039000  8.200000000 0.000003470105
953.815002000  8.200000000 0.000003544798
953.840027000  8.200000000 0.000003617555
953.864990000  8.200000000 0.000003688995
953.890015000  8.200000000 0.000003763739
953.915039000  8.200000000 0.000003821866
953.940002000  8.200000000 0.000003864806
953.965027000  8.200000000 0.000003907183
953.989990000  8.200000000 0.000003950006
954.015015000  8.200000000 0.000003993592
954.040039000  8.200000000 0.000004034448
954.065002000  8.200000000 0.000004070000
954.090027000  8.200000000 0.000004105640
954.114990000  8.200000000 0.000004143609
954.140015000  8.200000000 0.000004188317
954.165039000  8.200000000 0.000004232550
954.190002000  8.200000000 0.000004269673
954.215027000  8.200000000 0.000004299180
954.239990000  8.200000000 0.000004318289
954.265015000  8.200000000 0.000004331677
954.290039000  8.200000000 0.000004342728
954.315002000  8.200000000 0.000004355793
954.340027000  8.200000000 0.000004364861
954.364990000  8.200000000 0.000004369701
954.390015000  8.200000000 0.000004373856
954.415039000  8.200000000 0.000004379866
954.440002000  8.200000000 0.000004386645
954.465027000  8.200000000 0.000004397276
954.489990000  8.200000000 0.000004406771
954.515015000  8.200000000 0.000004408967
954.540039000  8.200000000 0.000004411869
954.565002000  8.200000000 0.000004409999
954.590027000  8.200000000 0.000004400468
954.614990000  8.200000000 0.000004391730
954.640015000  8.200000000 0.000004390672
954.665039000  8.200000000 0.000004391617
954.690002000  8.200000000 0.000004384213
954.715027000  8.200000000 0.000004368320
954.739990000  8.200000000 0.000004351313
954.765015000  8.200000000 0.000004335290
954.790039000  8.200000000 0.000004317395
954.815002000  8.200000000 0.000004293577
954.840027000  8.200000000 0.000004259980
954.864990000  8.200000000 0.000004219881
954.890015000  8.200000000 0.000004180883
954.915039000  8.200000000 0.000004152253
954.940002000  8.200000000 0.000004129938
954.965027000  8.200000000 0.000004105322
954.989990000  8.200000000 0.000004073090
955.015015000  8.200000000 0.000004030839
955.040039000  8.200000000 0.000003989650
955.065002000  8.200000000 0.000003956907
955.090027000  8.200000000 0.000003926958
955.114990000  8.200000000 0.000003887397
955.140015000  8.200000000 0.000003841399
955.165039000  8.200000000 0.000003800023
955.190002000  8.200000000 0.000003758008
955.215027000  8.200000000 0.000003715918
955.239990000  8.200000000 0.000003675389
955.265015000  8.200000000 0.000003633661
955.290039000  8.200000000 0.000003591184
955.315002000  8.200000000 0.000003552782
955.340027000  8.200000000 0.000003516576
955.364990000  8.200000000 0.000003471289
955.390015000  8.200000000 0.000003422015
955.415039000  8.200000000 0.000003386769
955.440002000  8.200000000 0.000003348179
955.465027000  8.200000000 0.000003304808
955.489990000  8.200000000 0.000003269240
955.515015000  8.200000000 0.000003230110
955.540039000  8.200000000 0.000003189560
955.565002000  8.200000000 0.000003143639
955.590027000  8.200000000 0.000003092149
955.614990000  8.200000000 0.000003040358
955.640015000  8.200000000 0.000002985740
955.665039000  8.200000000 0.000002934249
955.690002000  8.200000000 0.000002889321
955.715027000  8.200000000 0.000002848945
955.739990000  8.200000000 0.000002811994
955.765015000  8.200000000 0.000002773253
955.790039000  8.200000000 0.000002735517
955.815002000  8.200000000 0.000002701662
955.840027000  8.200000000 0.000002670505
955.864990000  8.200000000 0.000002637183
955.890015000  8.200000000 0.000002592089
955.915039000  8.200000000 0.000002540690
955.940002000  8.200000000 0.000002486804
955.965027000  8.200000000 0.000002435896
955.989990000  8.200000000 0.000002399124
956.015015000  8.200000000 0.000002361601
956.040039000  8.200000000 0.000002318299
956.065002000  8.200000000 0.000002274378
956.090027000  8.200000000 0.000002223217
956.114990000  8.200000000 0.000002168223
956.140015000  8.200000000 0.000002117047
956.165039000  8.200000000 0.000002062877
956.190002000  8.200000000 0.000002010432
956.215027000  8.200000000 0.000001962633
956.239990000  8.200000000 0.000001917935
956.265015000  8.200000000 0.000001874238
956.290039000  8.200000000 0.000001824150
956.315002000  8.200000000 0.000001771821
956.340027000  8.200000000 0.000001710742
956.364990000  8.200000000 0.000001637690
956.390015000  8.200000000 0.000001560820
956.415039000  8.200000000 0.000001481280
956.440002000  8.200000000 0.000001392507
956.465027000  8.200000000 0.000001306736
956.489990000  8.200000000 0.000001228609
956.515015000  8.200000000 0.000001150701
956.540039000  8.200000000 0.000001070824
956.565002000  8.200000000 0.000000983027
956.590027000  8.200000000 0.000000893345
956.614990000  8.200000000 0.000000801757
956.640015000  8.200000000 0.000000711651
956.665039000  8.200000000 0.000000625228
956.690002000  8.200000000 0.000000534305
956.715027000  8.200000000 0.000000443175
956.739990000  8.200000000 0.000000360805
956.765015000  8.200000000 0.000000288262
956.790039000  8.200000000 0.000000217088
956.815002000  8.200000000 0.000000142862
956.840027000  8.200000000 0.000000071198
956.864990000  8.200000000 0.000000001606
956.890015000  8.200000000 -0.000000066982
956.915039000  8.200000000 -0.000000131719
956.940002000  8.200000000 -0.000000199562
956.965027000  8.200000000 -0.000000271913
956.989990000  8.200000000 -0.000000340893
957.015015000  8.200000000 -0.000000412058
957.040039000  8.200000000 -0.000000487812
957.065002000  8.200000000 -0.000000558225
957.090027000  8.200000000 -0.000000620821
957.114990000  8.200000000 -0.000000677162
957.140015000  8.200000000 -0.000000732170
957.165039000  8.200000000 -0.000000791507
957.190002000  8.200000000 -0.000000855872
957.215027000  8.200000000 -0.000000922865
957.239990000  8.200000000 -0.000000984715
957.265015000  8.200000000 -0.000001041968
957.290039000  8.200000000 -0.000001099443
957.315002000  8.200000000 -0.000001156519
957.340027000  8.200000000 -0.000001211716
957.364990000  8.200000000 -0.000001263418
957.390015000  8.200000000 -0.000001310429
957.415039000  8.200000000 -0.000001355161
957.440002000  8.200000000 -0.000001403790
957.465027000  8.200000000 -0.000001461485
957.489990000  8.200000000 -0.000001523730
957.515015000  8.200000000 -0.000001587437
957.540039000  8.200000000 -0.000001652886
957.565002000  8.200000000 -0.000001710763
957.590027000  8.200000000 -0.000001763045
957.614990000  8.200000000 -0.000001812501
957.640015000  8.200000000 -0.000001860528
957.665039000  8.200000000 -0.000001904500
957.690002000  8.200000000 -0.000001941492
957.715027000  8.200000000 -0.000001978336
957.739990000  8.200000000 -0.000002015856
957.765015000  8.200000000 -0.000002059760
957.790039000  8.200000000 -0.000002113077
957.815002000  8.200000000 -0.000002169195
957.840027000  8.200000000 -0.000002219756
957.864990000  8.200000000 -0.000002265036
957.890015000  8.200000000 -0.000002312569
957.915039000  8.200000000 -0.000002358289
957.940002000  8.200000000 -0.000002400991
957.965027000  8.200000000 -0.000002446414
957.989990000  8.200000000 -0.000002490813
958.015015000  8.200000000 -0.000002520400
958.040039000  8.200000000 -0.000002539689
958.065002000  8.200000000 -0.000002546437
958.090027000  8.200000000 -0.000002533004
958.114990000  8.200000000 -0.000002517521
958.140015000  8.200000000 -0.000002507984
958.165039000  8.200000000 -0.000002516908
958.190002000  8.200000000 -0.000002539958
958.215027000  8.200000000 -0.000002561462
958.239990000  8.200000000 -0.000002584846
958.265015000  8.200000000 -0.000002604845
958.290039000  8.200000000 -0.000002614764
958.315002000  8.200000000 -0.000002616804
958.340027000  8.200000000 -0.000002610009
958.364990000  8.200000000 -0.000002604921
958.390015000  8.200000000 -0.000002603844
958.415039000  8.200000000 -0.000002611773
958.440002000  8.200000000 -0.000002638740
958.465027000  8.200000000 -0.000002653892
958.489990000  8.200000000 -0.000002657305
958.515015000  8.200000000 -0.000002654940
958.540039000  8.200000000 -0.000002637885
958.565002000  8.200000000 -0.000002618111
958.590027000  8.200000000 -0.000002599226
958.614990000  8.200000000 -0.000002582255
958.640015000  8.200000000 -0.000002567480
958.665039000  8.200000000 -0.000002553913
958.690002000  8.200000000 -0.000002541118
958.715027000  8.200000000 -0.000002526283
958.739990000  8.200000000 -0.000002510261
958.765015000  8.200000000 -0.000002490794
958.790039000  8.200000000 -0.000002465668
958.815002000  8.200000000 -0.000002436207
958.840027000  8.200000000 -0.000002397577
958.864990000  8.200000000 -0.000002353906
958.890015000  8.200000000 -0.000002308957
958.915039000  8.200000000 -0.000002262173
958.940002000  8.200000000 -0.000002216332
958.965027000  8.200000000 -0.000002172182
958.989990000  8.200000000 -0.000002133302
959.015015000  8.200000000 -0.000002098172
959.040039000  8.200000000 -0.000002062381
959.065002000  8.200000000 -0.000002024970
959.090027000  8.200000000 -0.000001983568
959.114990000  8.200000000 -0.000001934209
959.140015000  8.200000000 -0.000001879031
959.165039000  8.200000000 -0.000001826104
959.190002000  8.200000000 -0.000001778622
959.215027000  8.200000000 -0.000001735404
959.239990000  8.200000000 -0.000001695670
959.265015000  8.200000000 -0.000001658149
959.290039000  8.200000000 -0.000001620911
959.315002000  8.200000000 -0.000001589526
959.340027000  8.200000000 -0.000001559238
959.364990000  8.200000000 -0.000001533220
959.390015000  8.200000000 -0.000001519888
959.415039000  8.200000000 -0.000001500475
959.440002000  8.200000000 -0.000001472432
959.465027000  8.200000000 -0.000001441521
959.489990000  8.200000000 -0.000001402490
959.515015000  8.200000000 -0.000001365437
959.540039000  8.200000000 -0.000001333534
959.565002000  8.200000000 -0.000001303874
959.590027000  8.200000000 -0.000001274405
959.614990000  8.200000000 -0.000001252141
959.640015000  8.200000000 -0.000001244032
959.665039000  8.200000000 -0.000001231967
959.690002000  8.200000000 -0.000001208722
959.715027000  8.200000000 -0.000001175358
959.739990000  8.200000000 -0.000001129956
959.765015000  8.200000000 -0.000001075231
959.790039000  8.200000000 -0.000001014325
959.815002000  8.200000000 -0.000000959797
959.840027000  8.200000000 -0.000000921763
959.864990000  8.200000000 -0.000000890717
959.890015000  8.200000000 -0.000000868221
959.915039000  8.200000000 -0.000000861339
959.940002000  8.200000000 -0.000000861777
959.965027000  8.200000000 -0.000000857188
959.989990000  8.200000000 -0.000000847122
960.015015000  8.200000000 -0.000000835857
960.040039000  8.200000000 -0.000000813133
960.065002000  8.200000000 -0.000000795527
960.090027000  8.200000000 -0.000000790421
960.114990000  8.200000000 -0.000000769008
960.140015000  8.200000000 -0.000000743115
960.165039000  8.200000000 -0.000000725999
960.190002000  8.200000000 -0.000000711951
960.215027000  8.200000000 -0.000000703802
960.239990000  8.200000000 -0.000000700212
960.265015000  8.200000000 -0.000000702484
960.290039000  8.200000000 -0.000000704522
960.315002000  8.200000000 -0.000000709839
960.340027000  8.200000000 -0.000000710829
960.364990000  8.200000000 -0.000000693527
960.390015000  8.200000000 -0.000000671963
960.415039000  8.200000000 -0.000000652694
960.440002000  8.200000000 -0.000000636281
960.465027000  8.200000000 -0.000000625143
960.489990000  8.200000000 -0.000000626393
960.515015000  8.200000000 -0.000000638622
960.540039000  8.200000000 -0.000000656024
960.565002000  8.200000000 -0.000000675867
960.590027000  8.200000000 -0.000000695463
960.614990000  8.200000000 -0.000000709548
960.640015000  8.200000000 -0.000000714269
960.665039000  8.200000000 -0.000000703003
960.690002000  8.200000000 -0.000000668396
960.715027000  8.200000000 -0.000000625149
960.739990000  8.200000000 -0.000000581551
960.765015000  8.200000000 -0.000000537451
960.790039000  8.200000000 -0.000000497000
960.815002000  8.200000000 -0.000000458461
960.840027000  8.200000000 -0.000000422348
960.864990000  8.200000000 -0.000000396777
960.890015000  8.200000000 -0.000000378897
960.915039000  8.200000000 -0.000000359941
960.940002000  8.200000000 -0.000000337207
960.965027000  8.200000000 -0.000000317575
960.989990000  8.200000000 -0.000000303415
961.015015000  8.200000000 -0.000000296552
961.040039000  8.200000000 -0.000000297373
961.065002000  8.200000000 -0.000000293033
961.090027000  8.200000000 -0.000000283296
961.114990000  8.200000000 -0.000000272412
961.140015000  8.200000000 -0.000000263148
961.165039000  8.200000000 -0.000000255450
961.190002000  8.200000000 -0.000000246996
961.215027000  8.200000000 -0.000000237205
961.239990000  8.200000000 -0.000000221947
961.265015000  8.200000000 -0.000000209417
961.290039000  8.200000000 -0.000000208849
961.315002000  8.200000000 -0.000000219556
961.340027000  8.200000000 -0.000000232435
961.364990000  8.200000000 -0.000000235113
961.390015000  8.200000000 -0.000000223103
961.415039000  8.200000000 -0.000000194327
961.440002000  8.200000000 -0.000000165102
961.465027000  8.200000000 -0.000000146428
961.489990000  8.200000000 -0.000000128705
961.515015000  8.200000000 -0.000000104573
961.540039000  8.200000000 -0.000000071799
961.565002000  8.200000000 -0.000000040847
961.590027000  8.200000000 -0.000000010810
961.614990000  8.200000000 0.000000021061
961.640015000  8.200000000 0.000000062433
961.665039000  8.200000000 0.000000113302
961.690002000  8.200000000 0.000000168726
961.715027000  8.200000000 0.000000222805
961.739990000  8.200000000 0.000000265305
961.765015000  8.200000000 0.000000298844
961.790039000  8.200000000 0.000000328857
961.815002000  8.200000000 0.000000360116
961.840027000  8.200000000 0.000000388765
961.864990000  8.200000000 0.000000417613
961.890015000  8.200000000 0.000000454385
961.915039000  8.200000000 0.000000487517
961.940002000  8.200000000 0.000000520401
961.965027000  8.200000000 0.000000562871
961.989990000  8.200000000 0.000000607710
962.015015000  8.200000000 0.000000648663
962.040039000  8.200000000 0.000000690411
962.065002000  8.200000000 0.000000733101
962.090027000  8.200000000 0.000000771861
962.114990000  8.200000000 0.000000807009
962.140015000  8.200000000 0.000000841927
962.165039000  8.200000000 0.000000879723
962.190002000  8.200000000 0.000000922341
962.215027000  8.200000000 0.000000974399
962.239990000  8.200000000 0.000001031060
962.265015000  8.200000000 0.000001081959
962.290039000  8.200000000 0.000001122216
962.315002000  8.200000000 0.000001150382
962.340027000  8.200000000 0.000001169800
962.364990000  8.200000000 0.000001188433
962.390015000  8.200000000 0.000001213446
962.415039000  8.200000000 0.000001249275
962.440002000  8.200000000 0.000001294492
962.465027000  8.200000000 0.000001346866
962.489990000  8.200000000 0.000001403780
962.515015000  8.200000000 0.000001465215
962.540039000  8.200000000 0.000001522408
962.565002000  8.200000000 0.000001567760
962.590027000  8.200000000 0.000001605644
962.614990000  8.200000000 0.000001635609
962.640015000  8.200000000 0.000001660797
962.665039000  8.200000000 0.000001681854
962.690002000  8.200000000 0.000001697191
962.715027000  8.200000000 0.000001714542
962.739990000  8.200000000 0.000001736854
962.765015000  8.200000000 0.000001763857
962.790039000  8.200000000 0.000001795577
962.815002000  8.200000000 0.000001824684
962.840027000  8.200000000 0.000001845486
962.864990000  8.200000000 0.000001865493
962.890015000  8.200000000 0.000001881564
962.915039000  8.200000000 0.000001888844
962.940002000  8.200000000 0.000001887909
962.965027000  8.200000000 0.000001884334
962.989990000  8.200000000 0.000001872246
963.015015000  8.200000000 0.000001854051
963.040039000  8.200000000 0.000001845218
963.065002000  8.200000000 0.000001832342
963.090027000  8.200000000 0.000001814727
963.114990000  8.200000000 0.000001798653
963.140015000  8.200000000 0.000001777096
963.165039000  8.200000000 0.000001746255
963.190002000  8.200000000 0.000001708371
963.215027000  8.200000000 0.000001675703
963.239990000  8.200000000 0.000001645917
963.265015000  8.200000000 0.000001623357
963.290039000  8.200000000 0.000001613670
963.315002000  8.200000000 0.000001604833
963.340027000  8.200000000 0.000001597878
963.364990000  8.200000000 0.000001597022
963.390015000  8.200000000 0.000001601116
963.415039000  8.200000000 0.000001594367
963.440002000  8.200000000 0.000001574687
963.465027000  8.200000000 0.000001567809
963.489990000  8.200000000 0.000001571020
963.515015000  8.200000000 0.000001576980
963.540039000  8.200000000 0.000001588513
963.565002000  8.200000000 0.000001592222
963.590027000  8.200000000 0.000001586930
963.614990000  8.200000000 0.000001580274
963.640015000  8.200000000 0.000001562949
963.665039000  8.200000000 0.000001542170
963.690002000  8.200000000 0.000001523233
963.715027000  8.200000000 0.000001511035
963.739990000  8.200000000 0.000001505448
963.765015000  8.200000000 0.000001500649
963.790039000  8.200000000 0.000001513812
963.815002000  8.200000000 0.000001541196
963.840027000  8.200000000 0.000001571340
963.864990000  8.200000000 0.000001599237
963.890015000  8.200000000 0.000001619167
963.915039000  8.200000000 0.000001634119
963.940002000  8.200000000 0.000001658155
963.965027000  8.200000000 0.000001687073
963.989990000  8.200000000 0.000001711045
964.015015000  8.200000000 0.000001734433
964.040039000  8.200000000 0.000001763179
964.065002000  8.200000000 0.000001796884
964.090027000  8.200000000 0.000001825613
964.114990000  8.200000000 0.000001849351
964.140015000  8.200000000 0.000001877139
964.165039000  8.200000000 0.000001915194
964.190002000  8.200000000 0.000001954625
964.215027000  8.200000000 0.000001991114
964.239990000  8.200000000 0.000002029920
964.265015000  8.200000000 0.000002071685
964.290039000  8.200000000 0.000002110919
964.315002000  8.200000000 0.000002150266
964.340027000  8.200000000 0.000002183864
964.364990000  8.200000000 0.000002206891
964.390015000  8.200000000 0.000002221543
964.415039000  8.200000000 0.000002232811
964.440002000  8.200000000 0.000002248270
964.465027000  8.200000000 0.000002264434
964.489990000  8.200000000 0.000002286230
964.515015000  8.200000000 0.000002313275
964.540039000  8.200000000 0.000002343570
964.565002000  8.200000000 0.000002370125
964.590027000  8.200000000 0.000002401868
964.614990000  8.200000000 0.000002442800
964.640015000  8.200000000 0.000002483041
964.665039000  8.200000000 0.000002525972
964.690002000  8.200000000 0.000002568228
964.715027000  8.200000000 0.000002605548
964.739990000  8.200000000 0.000002640041
964.765015000  8.200000000 0.000002678520
964.790039000  8.200000000 0.000002723485
964.815002000  8.200000000 0.000002769337
964.840027000  8.200000000 0.000002810488
964.864990000  8.200000000 0.000002843406
964.890015000  8.200000000 0.000002873944
964.915039000  8.200000000 0.000002898558
964.940002000  8.200000000 0.000002915393
964.965027000  8.200000000 0.000002933885
964.989990000  8.200000000 0.000002948048
965.015015000  8.200000000 0.000002953752
965.040039000  8.200000000 0.000002950693
965.065002000  8.200000000 0.000002938727
965.090027000  8.200000000 0.000002924416
965.114990000  8.200000000 0.000002906834
965.140015000  8.200000000 0.000002879116
965.165039000  8.200000000 0.000002852993
965.190002000  8.200000000 0.000002843743
965.215027000  8.200000000 0.000002841865
965.239990000  8.200000000 0.000002837053
965.265015000  8.200000000 0.000002828111
965.290039000  8.200000000 0.000002813225
965.315002000  8.200000000 0.000002804908
965.340027000  8.200000000 0.000002813095
965.364990000  8.200000000 0.000002817170
965.390015000  8.200000000 0.000002806916
965.415039000  8.200000000 0.000002794610
965.440002000  8.200000000 0.000002778754
965.465027000  8.200000000 0.000002765443
965.489990000  8.200000000 0.000002766811
965.515015000  8.200000000 0.000002777887
965.540039000  8.200000000 0.000002789478
965.565002000  8.200000000 0.000002797654
965.590027000  8.200000000 0.000002807566
965.614990000  8.200000000 0.000002808447
965.640015000  8.200000000 0.000002795581
965.665039000  8.200000000 0.000002783825
965.690002000  8.200000000 0.000002768506
965.715027000  8.200000000 0.000002752219
965.739990000  8.200000000 0.000002738966
965.765015000  8.200000000 0.000002722108
965.790039000  8.200000000 0.000002707817
965.815002000  8.200000000 0.000002692693
965.840027000  8.200000000 0.000002681084
965.864990000  8.200000000 0.000002675619
965.890015000  8.200000000 0.000002666910
965.915039000  8.200000000 0.000002662547
965.940002000  8.200000000 0.000002660506
965.965027000  8.200000000 0.000002647251
965.989990000  8.200000000 0.000002623321
966.015015000  8.200000000 0.000002598355
966.040039000  8.200000000 0.000002582495
966.065002000  8.200000000 0.000002578790
966.090027000  8.200000000 0.000002582925
966.114990000  8.200000000 0.000002580523
966.140015000  8.200000000 0.000002571365
966.165039000  8.200000000 0.000002559189
966.190002000  8.200000000 0.000002544037
966.215027000  8.200000000 0.000002526733
966.239990000  8.200000000 0.000002503047
966.265015000  8.200000000 0.000002482727
966.290039000  8.200000000 0.000002463813
966.315002000  8.200000000 0.000002430973
966.340027000  8.200000000 0.000002393895
966.364990000  8.200000000 0.000002354902
966.390015000  8.200000000 0.000002319203
966.415039000  8.200000000 0.000002296336
966.440002000  8.200000000 0.000002288562
966.465027000  8.200000000 0.000002288084
966.489990000  8.200000000 0.000002282245
966.515015000  8.200000000 0.000002278250
966.540039000  8.200000000 0.000002270815
966.565002000  8.200000000 0.000002254959
966.590027000  8.200000000 0.000002240329
966.614990000  8.200000000 0.000002226294
966.640015000  8.200000000 0.000002206930
966.665039000  8.200000000 0.000002178520
966.690002000  8.200000000 0.000002137601
966.715027000  8.200000000 0.000002099122
966.739990000  8.200000000 0.000002070198
966.765015000  8.200000000 0.000002041497
966.790039000  8.200000000 0.000002012940
966.815002000  8.200000000 0.000001981125
966.840027000  8.200000000 0.000001941094
966.864990000  8.200000000 0.000001902707
966.890015000  8.200000000 0.000001869263
966.915039000  8.200000000 0.000001832643
966.940002000  8.200000000 0.000001794478
966.965027000  8.200000000 0.000001759087
966.989990000  8.200000000 0.000001726572
967.015015000  8.200000000 0.000001694671
967.040039000  8.200000000 0.000001661435
967.065002000  8.200000000 0.000001631755
967.090027000  8.200000000 0.000001605412
967.114990000  8.200000000 0.000001574712
967.140015000  8.200000000 0.000001536506
967.165039000  8.200000000 0.000001504741
967.190002000  8.200000000 0.000001478340
967.215027000  8.200000000 0.000001449978
967.239990000  8.200000000 0.000001415943
967.265015000  8.200000000 0.000001376048
967.290039000  8.200000000 0.000001331838
967.315002000  8.200000000 0.000001286566
967.340027000  8.200000000 0.000001240289
967.364990000  8.200000000 0.000001186383
967.390015000  8.200000000 0.000001125560
967.415039000  8.200000000 0.000001063550
967.440002000  8.200000000 0.000001007342
967.465027000  8.200000000 0.000000950892
967.489990000  8.200000000 0.000000885354
967.515015000  8.200000000 0.000000825836
967.540039000  8.200000000 0.000000775852
967.565002000  8.200000000 0.000000730954
967.590027000  8.200000000 0.000000691452
967.614990000  8.200000000 0.000000633780
967.640015000  8.200000000 0.000000552971
967.665039000  8.200000000 0.000000450969
967.690002000  8.200000000 0.000000326725
967.715027000  8.200000000 0.000000188065
967.739990000  8.200000000 0.000000040957
967.765015000  8.200000000 -0.000000091968
967.790039000  8.200000000 -0.000000208755
967.815002000  8.200000000 -0.000000315411
967.840027000  8.200000000 -0.000000409384
967.864990000  8.200000000 -0.000000490630
967.890015000  8.200000000 -0.000000555466
967.915039000  8.200000000 -0.000000623472
967.940002000  8.200000000 -0.000000697551
967.965027000  8.200000000 -0.000000768978
967.989990000  8.200000000 -0.000000839303
968.015015000  8.200000000 -0.000000899082
968.040039000  8.200000000 -0.000000950664
968.065002000  8.200000000 -0.000001007952
968.090027000  8.200000000 -0.000001077858
968.114990000  8.200000000 -0.000001156357
968.140015000  8.200000000 -0.000001240936
968.165039000  8.200000000 -0.000001330797
968.190002000  8.200000000 -0.000001425293
968.215027000  8.200000000 -0.000001513399
968.239990000  8.200000000 -0.000001589174
968.265015000  8.200000000 -0.000001652432
968.290039000  8.200000000 -0.000001707437
968.315002000  8.200000000 -0.000001759119
968.340027000  8.200000000 -0.000001804451
968.364990000  8.200000000 -0.000001842920
968.390015000  8.200000000 -0.000001872436
968.415039000  8.200000000 -0.000001904649
968.440002000  8.200000000 -0.000001945404
968.465027000  8.200000000 -0.000001992326
968.489990000  8.200000000 -0.000002047723
968.515015000  8.200000000 -0.000002100135
968.540039000  8.200000000 -0.000002146984
968.565002000  8.200000000 -0.000002191460
968.590027000  8.200000000 -0.000002225189
968.614990000  8.200000000 -0.000002246435
968.640015000  8.200000000 -0.000002263946
968.665039000  8.200000000 -0.000002286777
968.690002000  8.200000000 -0.000002317591
968.715027000  8.200000000 -0.000002351153
968.739990000  8.200000000 -0.000002388630
968.765015000  8.200000000 -0.000002431569
968.790039000  8.200000000 -0.000002468498
968.815002000  8.200000000 -0.000002497362
968.840027000  8.200000000 -0.000002519340
968.864990000  8.200000000 -0.000002533837
968.890015000  8.200000000 -0.000002546932
968.915039000  8.200000000 -0.000002564962
968.940002000  8.200000000 -0.000002576463
968.965027000  8.200000000 -0.000002582114
968.989990000  8.200000000 -0.000002595336
969.015015000  8.200000000 -0.000002619204
969.040039000  8.200000000 -0.000002643472
969.065002000  8.200000000 -0.000002644620
969.090027000  8.200000000 -0.000002635298
969.114990000  8.200000000 -0.000002627969
969.140015000  8.200000000 -0.000002617194
969.165039000  8.200000000 -0.000002609130
969.190002000  8.200000000 -0.000002590948
969.215027000  8.200000000 -0.000002567783
969.239990000  8.200000000 -0.000002541308
969.265015000  8.200000000 -0.000002500409
969.290039000  8.200000000 -0.000002444711
969.315002000  8.200000000 -0.000002378074
969.340027000  8.200000000 -0.000002312813
969.364990000  8.200000000 -0.000002266984
969.390015000  8.200000000 -0.000002242512
969.415039000  8.200000000 -0.000002223760
969.440002000  8.200000000 -0.000002214838
969.465027000  8.200000000 -0.000002212601
969.489990000  8.200000000 -0.000002204131
969.515015000  8.200000000 -0.000002191941
969.540039000  8.200000000 -0.000002166338
969.565002000  8.200000000 -0.000002126612
969.590027000  8.200000000 -0.000002077885
969.614990000  8.200000000 -0.000002030224
969.640015000  8.200000000 -0.000001993111
969.665039000  8.200000000 -0.000001979595
969.690002000  8.200000000 -0.000002006557
969.715027000  8.200000000 -0.000002051297
969.739990000  8.200000000 -0.000002103491
969.765015000  8.200000000 -0.000002155834
969.790039000  8.200000000 -0.000002198642
969.815002000  8.200000000 -0.000002239168
969.840027000  8.200000000 -0.000002272105
969.864990000  8.200000000 -0.000002297370
969.890015000  8.200000000 -0.000002322592
969.915039000  8.200000000 -0.000002343710
969.940002000  8.200000000 -0.000002361490
969.965027000  8.200000000 -0.000002372491
969.989990000  8.200000000 -0.000002371349
970.015015000  8.200000000 -0.000002362767
970.040039000  8.200000000 -0.000002348796
970.065002000  8.200000000 -0.000002338413
970.090027000  8.200000000 -0.000002323233
970.114990000  8.200000000 -0.000002302389
970.140015000  8.200000000 -0.000002288980
970.165039000  8.200000000 -0.000002279662
970.190002000  8.200000000 -0.000002276661
970.215027000  8.200000000 -0.000002268201
970.239990000  8.200000000 -0.000002249705
970.265015000  8.200000000 -0.000002242783
970.290039000  8.200000000 -0.000002249396
970.315002000  8.200000000 -0.000002261704
970.340027000  8.200000000 -0.000002278050
970.364990000  8.200000000 -0.000002288723
970.390015000  8.200000000 -0.000002285309
970.415039000  8.200000000 -0.000002280252
970.440002000  8.200000000 -0.000002269887
970.465027000  8.200000000 -0.000002246568
970.489990000  8.200000000 -0.000002221620
970.515015000  8.200000000 -0.000002187400
970.540039000  8.200000000 -0.000002153243
970.565002000  8.200000000 -0.000002120420
970.590027000  8.200000000 -0.000002072720
970.614990000  8.200000000 -0.000002026557
970.640015000  8.200000000 -0.000001990268
970.665039000  8.200000000 -0.000001956244
970.690002000  8.200000000 -0.000001923348
970.715027000  8.200000000 -0.000001883341
970.739990000  8.200000000 -0.000001830943
970.765015000  8.200000000 -0.000001784536
970.790039000  8.200000000 -0.000001745519
970.815002000  8.200000000 -0.000001708960
970.840027000  8.200000000 -0.000001676266
970.864990000  8.200000000 -0.000001639995
970.890015000  8.200000000 -0.000001601999
970.915039000  8.200000000 -0.000001568777
970.940002000  8.200000000 -0.000001543643
970.965027000  8.200000000 -0.000001516769
970.989990000  8.200000000 -0.000001484771
971.015015000  8.200000000 -0.000001446439
971.040039000  8.200000000 -0.000001394040
971.065002000  8.200000000 -0.000001335119
971.090027000  8.200000000 -0.000001280340
971.114990000  8.200000000 -0.000001217629
971.140015000  8.200000000 -0.000001147920
971.165039000  8.200000000 -0.000001096367
971.190002000  8.200000000 -0.000001051632
971.215027000  8.200000000 -0.000001009913
971.239990000  8.200000000 -0.000000978646
971.265015000  8.200000000 -0.000000944402
971.290039000  8.200000000 -0.000000905734
971.315002000  8.200000000 -0.000000866432
971.340027000  8.200000000 -0.000000830491
971.364990000  8.200000000 -0.000000786920
971.390015000  8.200000000 -0.000000741844
971.415039000  8.200000000 -0.000000699811
971.440002000  8.200000000 -0.000000655121
971.465027000  8.200000000 -0.000000609682
971.489990000  8.200000000 -0.000000573229
971.515015000  8.200000000 -0.000000548007
971.540039000  8.200000000 -0.000000524752
971.565002000  8.200000000 -0.000000507376
971.590027000  8.200000000 -0.000000499264
971.614990000  8.200000000 -0.000000497350
971.640015000  8.200000000 -0.000000497925
971.665039000  8.200000000 -0.000000493987
971.690002000  8.200000000 -0.000000484299
971.715027000  8.200000000 -0.000000466939
971.739990000  8.200000000 -0.000000441411
971.765015000  8.200000000 -0.000000415854
971.790039000  8.200000000 -0.000000391461
971.815002000  8.200000000 -0.000000378224
971.840027000  8.200000000 -0.000000370652
971.864990000  8.200000000 -0.000000357054
971.890015000  8.200000000 -0.000000339468
971.915039000  8.200000000 -0.000000317888
971.940002000  8.200000000 -0.000000293183
971.965027000  8.200000000 -0.000000262552
971.989990000  8.200000000 -0.000000219031
972.015015000  8.200000000 -0.000000173941
972.040039000  8.200000000 -0.000000146387
972.065002000  8.200000000 -0.000000132526
972.090027000  8.200000000 -0.000000129581
972.114990000  8.200000000 -0.000000138038
972.140015000  8.200000000 -0.000000164812
972.165039000  8.200000000 -0.000000199871
972.190002000  8.200000000 -0.000000227346
972.215027000  8.200000000 -0.000000248710
972.239990000  8.200000000 -0.000000268376
972.265015000  8.200000000 -0.000000309402
972.290039000  8.200000000 -0.000000344964
972.315002000  8.200000000 -0.000000371854
972.340027000  8.200000000 -0.000000411920
972.364990000  8.200000000 -0.000000449597
972.390015000  8.200000000 -0.000000486109
972.415039000  8.200000000 -0.000000516997
972.440002000  8.200000000 -0.000000552743
972.465027000  8.200000000 -0.000000606217
972.489990000  8.200000000 -0.000000683625
972.515015000  8.200000000 -0.000000776337
972.540039000  8.200000000 -0.000000865504
972.565002000  8.200000000 -0.000000944190
972.590027000  8.200000000 -0.000001012556
972.614990000  8.200000000 -0.000001063065
972.640015000  8.200000000 -0.000001086588
972.665039000  8.200000000 -0.000001089119
972.690002000  8.200000000 -0.000001076049
972.715027000  8.200000000 -0.000001062779
972.739990000  8.200000000 -0.000001059530
972.765015000  8.200000000 -0.000001063726
972.790039000  8.200000000 -0.000001070276
972.815002000  8.200000000 -0.000001072319
972.840027000  8.200000000 -0.000001057717
972.864990000  8.200000000 -0.000001026639
972.890015000  8.200000000 -0.000000990565
972.915039000  8.200000000 -0.000000957574
972.940002000  8.200000000 -0.000000943121
972.965027000  8.200000000 -0.000000948491
972.989990000  8.200000000 -0.000000965577
973.015015000  8.200000000 -0.000000993550
973.040039000  8.200000000 -0.000001027336
973.065002000  8.200000000 -0.000001035950
973.090027000  8.200000000 -0.000001023884
973.114990000  8.200000000 -0.000001000707
973.140015000  8.200000000 -0.000000944091
973.165039000  8.200000000 -0.000000873412
973.190002000  8.200000000 -0.000000801159
973.215027000  8.200000000 -0.000000737536
973.239990000  8.200000000 -0.000000687264
973.265015000  8.200000000 -0.000000647246
973.290039000  8.200000000 -0.000000625296
973.315002000  8.200000000 -0.000000608001
973.340027000  8.200000000 -0.000000592587
973.364990000  8.200000000 -0.000000583932
973.390015000  8.200000000 -0.000000580367
973.415039000  8.200000000 -0.000000568966
973.440002000  8.200000000 -0.000000543545
973.465027000  8.200000000 -0.000000509984
973.489990000  8.200000000 -0.000000467700
973.515015000  8.200000000 -0.000000429226
973.540039000  8.200000000 -0.000000394180
973.565002000  8.200000000 -0.000000357966
973.590027000  8.200000000 -0.000000327705
973.614990000  8.200000000 -0.000000297723
973.640015000  8.200000000 -0.000000269799
973.665039000  8.200000000 -0.000000246239
973.690002000  8.200000000 -0.000000225823
973.715027000  8.200000000 -0.000000216271
973.739990000  8.200000000 -0.000000212198
973.765015000  8.200000000 -0.000000212530
973.790039000  8.200000000 -0.000000222220
973.815002000  8.200000000 -0.000000236625
973.840027000  8.200000000 -0.000000254893
973.864990000  8.200000000 -0.000000257881
973.890015000  8.200000000 -0.000000241612
973.915039000  8.200000000 -0.000000226086
973.940002000  8.200000000 -0.000000202810
973.965027000  8.200000000 -0.000000180523
973.989990000  8.200000000 -0.000000158490
974.015015000  8.200000000 -0.000000134336
974.040039000  8.200000000 -0.000000113693
974.065002000  8.200000000 -0.000000090313
974.090027000  8.200000000 -0.000000061378
974.114990000  8.200000000 -0.000000009912
974.140015000  8.200000000 0.000000056043
974.165039000  8.200000000 0.000000121004
974.190002000  8.200000000 0.000000185347
974.215027000  8.200000000 0.000000230533
974.239990000  8.200000000 0.000000251211
974.265015000  8.200000000 0.000000262733
974.290039000  8.200000000 0.000000255738
974.315002000  8.200000000 0.000000230263
974.340027000  8.200000000 0.000000196868
974.364990000  8.200000000 0.000000154155
974.390015000  8.200000000 0.000000111549
974.415039000  8.200000000 0.000000080018
974.440002000  8.200000000 0.000000061776
974.465027000  8.200000000 0.000000048583
974.489990000  8.200000000 0.000000032982
974.515015000  8.200000000 0.000000023427
974.540039000  8.200000000 0.000000026415
974.565002000  8.200000000 0.000000038274
974.590027000  8.200000000 0.000000058258
974.614990000  8.200000000 0.000000083735
974.640015000  8.200000000 0.000000105350
974.665039000  8.200000000 0.000000116790
974.690002000  8.200000000 0.000000134757
974.715027000  8.200000000 0.000000155840
974.739990000  8.200000000 0.000000163342
974.765015000  8.200000000 0.000000176274
974.790039000  8.200000000 0.000000194617
974.815002000  8.200000000 0.000000208312
974.840027000  8.200000000 0.000000217176
974.864990000  8.200000000 0.000000217209
974.890015000  8.200000000 0.000000205675
974.915039000  8.200000000 0.000000196390
974.940002000  8.200000000 0.000000193479
974.965027000  8.200000000 0.000000194573
974.989990000  8.200000000 0.000000210758
975.015015000  8.200000000 0.000000229631
975.040039000  8.200000000 0.000000235391
975.065002000  8.200000000 0.000000231262
975.090027000  8.200000000 0.000000221041
975.114990000  8.200000000 0.000000204840
975.140015000  8.200000000 0.000000194640
975.165039000  8.200000000 0.000000186766
975.190002000  8.200000000 0.000000175003
975.215027000  8.200000000 0.000000165183
975.239990000  8.200000000 0.000000150851
975.265015000  8.200000000 0.000000130104
975.290039000  8.200000000 0.000000102156
975.315002000  8.200000000 0.000000082893
975.340027000  8.200000000 0.000000076162
975.364990000  8.200000000 0.000000083331
975.390015000  8.200000000 0.000000108271
975.415039000  8.200000000 0.000000135389
975.440002000  8.200000000 0.000000165237
975.465027000  8.200000000 0.000000185060
975.489990000  8.200000000 0.000000193045
975.515015000  8.200000000 0.000000195034
975.540039000  8.200000000 0.000000194267
975.565002000  8.200000000 0.000000198092
975.590027000  8.200000000 0.000000211055
975.614990000  8.200000000 0.000000221872
975.640015000  8.200000000 0.000000227376
975.665039000  8.200000000 0.000000232508
975.690002000  8.200000000 0.000000219790
975.715027000  8.200000000 0.000000195824
975.739990000  8.200000000 0.000000166148
975.765015000  8.200000000 0.000000129207
975.790039000  8.200000000 0.000000094030
975.815002000  8.200000000 0.000000085007
975.840027000  8.200000000 0.000000102757
975.864990000  8.200000000 0.000000126101
975.890015000  8.200000000 0.000000171236
975.915039000  8.200000000 0.000000233098
975.940002000  8.200000000 0.000000292719
975.965027000  8.200000000 0.000000347124
975.989990000  8.200000000 0.000000392749
976.015015000  8.200000000 0.000000434497
976.040039000  8.200000000 0.000000465735
976.065002000  8.200000000 0.000000484304
976.090027000  8.200000000 0.000000495808
976.114990000  8.200000000 0.000000505574
976.140015000  8.200000000 0.000000511360
976.165039000  8.200000000 0.000000518511
976.190002000  8.200000000 0.000000542579
976.215027000  8.200000000 0.000000573953
976.239990000  8.200000000 0.000000609189
976.265015000  8.200000000 0.000000646294
976.290039000  8.200000000 0.000000670714
976.315002000  8.200000000 0.000000687168
976.340027000  8.200000000 0.000000693071
976.364990000  8.200000000 0.000000692916
976.390015000  8.200000000 0.000000699534
976.415039000  8.200000000 0.000000714980
976.440002000  8.200000000 0.000000741509
976.465027000  8.200000000 0.000000766987
976.489990000  8.200000000 0.000000793675
976.515015000  8.200000000 0.000000822822
976.540039000  8.200000000 0.000000841061
976.565002000  8.200000000 0.000000858590
976.590027000  8.200000000 0.000000878762
976.614990000  8.200000000 0.000000908442
976.640015000  8.200000000 0.000000951004
976.665039000  8.200000000 0.000000998135
976.690002000  8.200000000 0.000001041477
976.715027000  8.200000000 0.000001072866
976.739990000  8.200000000 0.000001099096
976.765015000  8.200000000 0.000001124708
976.790039000  8.200000000 0.000001148066
976.815002000  8.200000000 0.000001165382
976.840027000  8.200000000 0.000001179701
976.864990000  8.200000000 0.000001191709
976.890015000  8.200000000 0.000001198861
976.915039000  8.200000000 0.000001198332
976.940002000  8.200000000 0.000001193366
976.965027000  8.200000000 0.000001198756
976.989990000  8.200000000 0.000001209747
977.015015000  8.200000000 0.000001216817
977.040039000  8.200000000 0.000001230562
977.065002000  8.200000000 0.000001245993
977.090027000  8.200000000 0.000001253100
977.114990000  8.200000000 0.000001259033
977.140015000  8.200000000 0.000001265922
977.165039000  8.200000000 0.000001269049
977.190002000  8.200000000 0.000001263516
977.215027000  8.200000000 0.000001252597
977.239990000  8.200000000 0.000001239547
977.265015000  8.200000000 0.000001220536
977.290039000  8.200000000 0.000001200452
977.315002000  8.200000000 0.000001183842
977.340027000  8.200000000 0.000001174939
977.364990000  8.200000000 0.000001173771
977.390015000  8.200000000 0.000001179479
977.415039000  8.200000000 0.000001170104
977.440002000  8.200000000 0.000001142028
977.465027000  8.200000000 0.000001105994
977.489990000  8.200000000 0.000001052674
977.515015000  8.200000000 0.000000990045
977.540039000  8.200000000 0.000000927462
977.565002000  8.200000000 0.000000876015
977.590027000  8.200000000 0.000000836254
977.614990000  8.200000000 0.000000810233
977.640015000  8.200000000 0.000000795185
977.665039000  8.200000000 0.000000780180
977.690002000  8.200000000 0.000000768379
977.715027000  8.200000000 0.000000749519
977.739990000  8.200000000 0.000000718426
977.765015000  8.200000000 0.000000680370
977.790039000  8.200000000 0.000000642733
977.815002000  8.200000000 0.000000621605
977.840027000  8.200000000 0.000000617507
977.864990000  8.200000000 0.000000617916
977.890015000  8.200000000 0.000000621831
977.915039000  8.200000000 0.000000626769
977.940002000  8.200000000 0.000000621119
977.965027000  8.200000000 0.000000604971
977.989990000  8.200000000 0.000000584822
978.015015000  8.200000000 0.000000563247
978.040039000  8.200000000 0.000000546504
978.065002000  8.200000000 0.000000544230
978.090027000  8.200000000 0.000000556016
978.114990000  8.200000000 0.000000573884
978.140015000  8.200000000 0.000000603405
978.165039000  8.200000000 0.000000634802
978.190002000  8.200000000 0.000000659897
978.215027000  8.200000000 0.000000672111
978.239990000  8.200000000 0.000000669690
978.265015000  8.200000000 0.000000656624
978.290039000  8.200000000 0.000000628205
978.315002000  8.200000000 0.000000608176
978.340027000  8.200000000 0.000000600961
978.364990000  8.200000000 0.000000599777
978.390015000  8.200000000 0.000000595283
978.415039000  8.200000000 0.000000581644
978.440002000  8.200000000 0.000000554099
978.465027000  8.200000000 0.000000511368
978.489990000  8.200000000 0.000000459054
978.515015000  8.200000000 0.000000402932
978.540039000  8.200000000 0.000000353615
978.565002000  8.200000000 0.000000318229
978.590027000  8.200000000 0.000000298839
978.614990000  8.200000000 0.000000289651
978.640015000  8.200000000 0.000000282891
978.665039000  8.200000000 0.000000274201
978.690002000  8.200000000 0.000000267358
978.715027000  8.200000000 0.000000264540
978.739990000  8.200000000 0.000000270210
978.765015000  8.200000000 0.000000287914
978.790039000  8.200000000 0.000000318151
978.815002000  8.200000000 0.000000353746
978.840027000  8.200000000 0.000000393386
978.864990000  8.200000000 0.000000428015
978.890015000  8.200000000 0.000000456008
978.915039000  8.200000000 0.000000480598
978.940002000  8.200000000 0.000000494852
978.965027000  8.200000000 0.000000504658
978.989990000  8.200000000 0.000000509028
979.015015000  8.200000000 0.000000504828
979.040039000  8.200000000 0.000000485420
979.065002000  8.200000000 0.000000461360
979.090027000  8.200000000 0.000000441689
979.114990000  8.200000000 0.000000425082
979.140015000  8.200000000 0.000000411863
979.165039000  8.200000000 0.000000401073
979.190002000  8.200000000 0.000000397234
979.215027000  8.200000000 0.000000390928
979.239990000  8.200000000 0.000000388536
979.265015000  8.200000000 0.000000390670
979.290039000  8.200000000 0.000000390350
979.315002000  8.200000000 0.000000386364
979.340027000  8.200000000 0.000000377120
979.364990000  8.200000000 0.000000366681
979.390015000  8.200000000 0.000000350468
979.415039000  8.200000000 0.000000327925
979.440002000  8.200000000 0.000000302421
979.465027000  8.200000000 0.000000281637
979.489990000  8.200000000 0.000000267102
979.515015000  8.200000000 0.000000258374
979.540039000  8.200000000 0.000000263379
979.565002000  8.200000000 0.000000269800
979.590027000  8.200000000 0.000000269244
979.614990000  8.200000000 0.000000264216
979.640015000  8.200000000 0.000000259167
979.665039000  8.200000000 0.000000259382
979.690002000  8.200000000 0.000000274898
979.715027000  8.200000000 0.000000304754
979.739990000  8.200000000 0.000000343882
979.765015000  8.200000000 0.000000389101
979.790039000  8.200000000 0.000000436567
979.815002000  8.200000000 0.000000475945
979.840027000  8.200000000 0.000000501175
979.864990000  8.200000000 0.000000516452
979.890015000  8.200000000 0.000000519879
979.915039000  8.200000000 0.000000515805
979.940002000  8.200000000 0.000000499745
979.965027000  8.200000000 0.000000487991
979.989990000  8.200000000 0.000000489353
980.015015000  8.200000000 0.000000486188
980.040039000  8.200000000 0.000000486650
980.065002000  8.200000000 0.000000488339
980.090027000  8.200000000 0.000000480101
980.114990000  8.200000000 0.000000466925
980.140015000  8.200000000 0.000000446493
980.165039000  8.200000000 0.000000423652
980.190002000  8.200000000 0.000000404069
980.215027000  8.200000000 0.000000386509
980.239990000  8.200000000 0.000000372638
980.265015000  8.200000000 0.000000356225
980.290039000  8.200000000 0.000000329808
980.315002000  8.200000000 0.000000307387
980.340027000  8.200000000 0.000000295778
980.364990000  8.200000000 0.000000290162
980.390015000  8.200000000 0.000000285699
980.415039000  8.200000000 0.000000280042
980.440002000  8.200000000 0.000000274871
980.465027000  8.200000000 0.000000274727
980.489990000  8.200000000 0.000000277403
980.515015000  8.200000000 0.000000280823
980.540039000  8.200000000 0.000000288564
980.565002000  8.200000000 0.000000294150
980.590027000  8.200000000 0.000000295908
980.614990000  8.200000000 0.000000297035
980.640015000  8.200000000 0.000000299874
980.665039000  8.200000000 0.000000304674
980.690002000  8.200000000 0.000000307772
980.715027000  8.200000000 0.000000305789
980.739990000  8.200000000 0.000000293731
980.765015000  8.200000000 0.000000276975
980.790039000  8.200000000 0.000000260588
980.815002000  8.200000000 0.000000239257
980.840027000  8.200000000 0.000000214254
980.864990000  8.200000000 0.000000189944
980.890015000  8.200000000 0.000000166634
980.915039000  8.200000000 0.000000152494
980.940002000  8.200000000 0.000000149512
980.965027000  8.200000000 0.000000152262
980.989990000  8.200000000 0.000000166914
981.015015000  8.200000000 0.000000187086
981.040039000  8.200000000 0.000000212949
981.065002000  8.200000000 0.000000239854
981.090027000  8.200000000 0.000000256206
981.114990000  8.200000000 0.000000262021
981.140015000  8.200000000 0.000000257748
981.165039000  8.200000000 0.000000250083
981.190002000  8.200000000 0.000000244771
981.215027000  8.200000000 0.000000243997
981.239990000  8.200000000 0.000000242358
981.265015000  8.200000000 0.000000243860
981.290039000  8.200000000 0.000000249898
981.315002000  8.200000000 0.000000247277
981.340027000  8.200000000 0.000000231803
981.364990000  8.200000000 0.000000205596
981.390015000  8.200000000 0.000000177644
981.415039000  8.200000000 0.000000158254
981.440002000  8.200000000 0.000000152498
981.465027000  8.200000000 0.000000148736
981.489990000  8.200000000 0.000000137370
981.515015000  8.200000000 0.000000117298
981.540039000  8.200000000 0.000000085702
981.565002000  8.200000000 0.000000049484
981.590027000  8.200000000 0.000000017049
981.614990000  8.200000000 -0.000000008597
981.640015000  8.200000000 -0.000000028562
981.665039000  8.200000000 -0.000000052746
981.690002000  8.200000000 -0.000000083290
981.715027000  8.200000000 -0.000000107954
981.739990000  8.200000000 -0.000000133460
981.765015000  8.200000000 -0.000000157652
981.790039000  8.200000000 -0.000000181639
981.815002000  8.200000000 -0.000000215378
981.840027000  8.200000000 -0.000000252091
981.864990000  8.200000000 -0.000000286079
981.890015000  8.200000000 -0.000000315832
981.915039000  8.200000000 -0.000000344342
981.940002000  8.200000000 -0.000000365347
981.965027000  8.200000000 -0.000000381609
981.989990000  8.200000000 -0.000000395828
982.015015000  8.200000000 -0.000000413772
982.040039000  8.200000000 -0.000000440436
982.065002000  8.200000000 -0.000000461908
982.090027000  8.200000000 -0.000000480103
982.114990000  8.200000000 -0.000000496258
982.140015000  8.200000000 -0.000000506496
982.165039000  8.200000000 -0.000000517878
982.190002000  8.200000000 -0.000000529489
982.215027000  8.200000000 -0.000000539447
982.239990000  8.200000000 -0.000000548633
982.265015000  8.200000000 -0.000000561443
982.290039000  8.200000000 -0.000000577428
982.315002000  8.200000000 -0.000000588715
982.340027000  8.200000000 -0.000000606543
982.364990000  8.200000000 -0.000000625858
982.390015000  8.200000000 -0.000000643080
982.415039000  8.200000000 -0.000000656372
982.440002000  8.200000000 -0.000000663408
982.465027000  8.200000000 -0.000000674969
982.489990000  8.200000000 -0.000000684372
982.515015000  8.200000000 -0.000000692398
982.540039000  8.200000000 -0.000000700686
982.565002000  8.200000000 -0.000000704574
982.590027000  8.200000000 -0.000000702924
982.614990000  8.200000000 -0.000000701745
982.640015000  8.200000000 -0.000000700743
982.665039000  8.200000000 -0.000000695385
982.690002000  8.200000000 -0.000000691105
982.715027000  8.200000000 -0.000000688581
982.739990000  8.200000000 -0.000000684490
982.765015000  8.200000000 -0.000000683785
982.790039000  8.200000000 -0.000000686791
982.815002000  8.200000000 -0.000000687365
982.840027000  8.200000000 -0.000000687883
982.864990000  8.200000000 -0.000000680103
982.890015000  8.200000000 -0.000000667805
982.915039000  8.200000000 -0.000000655341
982.940002000  8.200000000 -0.000000639095
982.965027000  8.200000000 -0.000000623528
982.989990000  8.200000000 -0.000000611561
983.015015000  8.200000000 -0.000000605677
983.040039000  8.200000000 -0.000000601241
983.065002000  8.200000000 -0.000000600087
983.090027000  8.200000000 -0.000000599879
983.114990000  8.200000000 -0.000000595359
983.140015000  8.200000000 -0.000000591146
983.165039000  8.200000000 -0.000000591356
983.190002000  8.200000000 -0.000000591608
983.215027000  8.200000000 -0.000000595523
983.239990000  8.200000000 -0.000000603781
983.265015000  8.200000000 -0.000000612893
983.290039000  8.200000000 -0.000000631824
983.315002000  8.200000000 -0.000000652441
983.340027000  8.200000000 -0.000000672426
983.364990000  8.200000000 -0.000000681659
983.390015000  8.200000000 -0.000000664204
983.415039000  8.200000000 -0.000000641434
983.440002000  8.200000000 -0.000000624682
983.465027000  8.200000000 -0.000000616517
983.489990000  8.200000000 -0.000000615079
983.515015000  8.200000000 -0.000000616346
983.540039000  8.200000000 -0.000000624329
983.565002000  8.200000000 -0.000000642248
983.590027000  8.200000000 -0.000000674949
983.614990000  8.200000000 -0.000000711476
983.640015000  8.200000000 -0.000000741484
983.665039000  8.200000000 -0.000000770799
983.690002000  8.200000000 -0.000000805224
983.715027000  8.200000000 -0.000000836849
983.739990000  8.200000000 -0.000000870116
983.765015000  8.200000000 -0.000000899508
983.790039000  8.200000000 -0.000000915432
983.815002000  8.200000000 -0.000000930816
983.840027000  8.200000000 -0.000000939677
983.864990000  8.200000000 -0.000000939644
983.890015000  8.200000000 -0.000000933111
983.915039000  8.200000000 -0.000000922259
983.940002000  8.200000000 -0.000000904964
983.965027000  8.200000000 -0.000000893463
983.989990000  8.200000000 -0.000000899073
984.015015000  8.200000000 -0.000000909180
984.040039000  8.200000000 -0.000000923719
984.065002000  8.200000000 -0.000000932848
984.090027000  8.200000000 -0.000000937624
984.114990000  8.200000000 -0.000000946003
984.140015000  8.200000000 -0.000000953922
984.165039000  8.200000000 -0.000000957429
984.190002000  8.200000000 -0.000000953956
984.215027000  8.200000000 -0.000000948543
984.239990000  8.200000000 -0.000000941062
984.265015000  8.200000000 -0.000000934420
984.290039000  8.200000000 -0.000000931788
984.315002000  8.200000000 -0.000000930223
984.340027000  8.200000000 -0.000000932489
984.364990000  8.200000000 -0.000000935274
984.390015000  8.200000000 -0.000000930479
984.415039000  8.200000000 -0.000000925347
984.440002000  8.200000000 -0.000000915881
984.465027000  8.200000000 -0.000000903307
984.489990000  8.200000000 -0.000000894633
984.515015000  8.200000000 -0.000000879106
984.540039000  8.200000000 -0.000000862487
984.565002000  8.200000000 -0.000000844982
984.590027000  8.200000000 -0.000000827647
984.614990000  8.200000000 -0.000000809970
984.640015000  8.200000000 -0.000000788583
984.665039000  8.200000000 -0.000000773596
984.690002000  8.200000000 -0.000000760815
984.715027000  8.200000000 -0.000000750005
984.739990000  8.200000000 -0.000000745629
984.765015000  8.200000000 -0.000000737548
984.790039000  8.200000000 -0.000000729426
984.815002000  8.200000000 -0.000000726959
984.840027000  8.200000000 -0.000000725049
984.864990000  8.200000000 -0.000000722573
984.890015000  8.200000000 -0.000000714662
984.915039000  8.200000000 -0.000000711175
984.940002000  8.200000000 -0.000000708219
984.965027000  8.200000000 -0.000000707052
984.989990000  8.200000000 -0.000000715845
985.015015000  8.200000000 -0.000000713830
985.040039000  8.200000000 -0.000000711792
985.065002000  8.200000000 -0.000000712839
985.090027000  8.200000000 -0.000000710043
985.114990000  8.200000000 -0.000000709076
985.140015000  8.200000000 -0.000000704723
985.165039000  8.200000000 -0.000000699522
985.190002000  8.200000000 -0.000000691672
985.215027000  8.200000000 -0.000000679797
985.239990000  8.200000000 -0.000000662696
985.265015000  8.200000000 -0.000000641100
985.290039000  8.200000000 -0.000000616143
985.315002000  8.200000000 -0.000000591034
985.340027000  8.200000000 -0.000000573318
985.364990000  8.200000000 -0.000000562003
985.390015000  8.200000000 -0.000000562786
985.415039000  8.200000000 -0.000000577536
985.440002000  8.200000000 -0.000000601533
985.465027000  8.200000000 -0.000000629216
985.489990000  8.200000000 -0.000000657986
985.515015000  8.200000000 -0.000000686998
985.540039000  8.200000000 -0.000000714287
985.565002000  8.200000000 -0.000000736255
985.590027000  8.200000000 -0.000000749496
985.614990000  8.200000000 -0.000000758626
985.640015000  8.200000000 -0.000000757335
985.665039000  8.200000000 -0.000000747697
985.690002000  8.200000000 -0.000000735841
985.715027000  8.200000000 -0.000000721037
985.739990000  8.200000000 -0.000000699082
985.765015000  8.200000000 -0.000000674110
985.790039000  8.200000000 -0.000000651827
985.815002000  8.200000000 -0.000000626079
985.840027000  8.200000000 -0.000000606185
985.864990000  8.200000000 -0.000000593601
985.890015000  8.200000000 -0.000000579118
985.915039000  8.200000000 -0.000000570681
985.940002000  8.200000000 -0.000000571403
985.965027000  8.200000000 -0.000000578655
985.989990000  8.200000000 -0.000000595770
986.015015000  8.200000000 -0.000000610603
986.040039000  8.200000000 -0.000000626699
986.065002000  8.200000000 -0.000000646713
986.090027000  8.200000000 -0.000000663636
986.114990000  8.200000000 -0.000000677299
986.140015000  8.200000000 -0.000000685318
986.165039000  8.200000000 -0.000000698842
986.190002000  8.200000000 -0.000000721651
986.215027000  8.200000000 -0.000000742750
986.239990000  8.200000000 -0.000000763934
986.265015000  8.200000000 -0.000000782207
986.290039000  8.200000000 -0.000000790049
986.315002000  8.200000000 -0.000000802261
986.340027000  8.200000000 -0.000000818689
986.364990000  8.200000000 -0.000000830059
986.390015000  8.200000000 -0.000000837760
986.415039000  8.200000000 -0.000000846426
986.440002000  8.200000000 -0.000000855889
986.465027000  8.200000000 -0.000000861973
986.489990000  8.200000000 -0.000000868373
986.515015000  8.200000000 -0.000000874164
986.540039000  8.200000000 -0.000000873861
986.565002000  8.200000000 -0.000000863597
986.590027000  8.200000000 -0.000000842071
986.614990000  8.200000000 -0.000000813813
986.640015000  8.200000000 -0.000000783635
986.665039000  8.200000000 -0.000000761005
986.690002000  8.200000000 -0.000000748329
986.715027000  8.200000000 -0.000000739071
986.739990000  8.200000000 -0.000000734198
986.765015000  8.200000000 -0.000000731271
986.790039000  8.200000000 -0.000000728243
986.815002000  8.200000000 -0.000000724534
986.840027000  8.200000000 -0.000000716480
986.864990000  8.200000000 -0.000000701657
986.890015000  8.200000000 -0.000000682608
986.915039000  8.200000000 -0.000000665840
986.940002000  8.200000000 -0.000000648247
986.965027000  8.200000000 -0.000000626190
986.989990000  8.200000000 -0.000000597042
987.015015000  8.200000000 -0.000000568767
987.040039000  8.200000000 -0.000000538832
987.065002000  8.200000000 -0.000000501233
987.090027000  8.200000000 -0.000000456448
987.114990000  8.200000000 -0.000000405666
987.140015000  8.200000000 -0.000000353363
987.165039000  8.200000000 -0.000000307586
987.190002000  8.200000000 -0.000000272715
987.215027000  8.200000000 -0.000000238415
987.239990000  8.200000000 -0.000000210464
987.265015000  8.200000000 -0.000000190938
987.290039000  8.200000000 -0.000000177255
987.315002000  8.200000000 -0.000000162816
987.340027000  8.200000000 -0.000000143106
987.364990000  8.200000000 -0.000000121418
987.390015000  8.200000000 -0.000000097356
987.415039000  8.200000000 -0.000000072431
987.440002000  8.200000000 -0.000000046751
987.465027000  8.200000000 -0.000000025146
987.489990000  8.200000000 -0.000000006352
987.515015000  8.200000000 0.000000008795
987.540039000  8.200000000 0.000000019508
987.565002000  8.200000000 0.000000027797
987.590027000  8.200000000 0.000000035765
987.614990000  8.200000000 0.000000051079
987.640015000  8.200000000 0.000000069339
987.665039000  8.200000000 0.000000088088
987.690002000  8.200000000 0.000000107096
987.715027000  8.200000000 0.000000125583
987.739990000  8.200000000 0.000000145299
987.765015000  8.200000000 0.000000169717
987.790039000  8.200000000 0.000000202743
987.815002000  8.200000000 0.000000236784
987.840027000  8.200000000 0.000000271709
987.864990000  8.200000000 0.000000308107
987.890015000  8.200000000 0.000000347209
987.915039000  8.200000000 0.000000388559
987.940002000  8.200000000 0.000000428845
987.965027000  8.200000000 0.000000464664
987.989990000  8.200000000 0.000000490387
988.015015000  8.200000000 0.000000506350
988.040039000  8.200000000 0.000000511272
988.065002000  8.200000000 0.000000509407
988.090027000  8.200000000 0.000000499402
988.114990000  8.200000000 0.000000492586
988.140015000  8.200000000 0.000000491507
988.165039000  8.200000000 0.000000493432
988.190002000  8.200000000 0.000000507192
988.215027000  8.200000000 0.000000526031
988.239990000  8.200000000 0.000000548189
988.265015000  8.200000000 0.000000568162
988.290039000  8.200000000 0.000000583695
988.315002000  8.200000000 0.000000597474
988.340027000  8.200000000 0.000000607386
988.364990000  8.200000000 0.000000622002
988.390015000  8.200000000 0.000000644619
988.415039000  8.200000000 0.000000663632
988.440002000  8.200000000 0.000000677798
988.465027000  8.200000000 0.000000691901
988.489990000  8.200000000 0.000000704966
988.515015000  8.200000000 0.000000716340
988.540039000  8.200000000 0.000000726516
988.565002000  8.200000000 0.000000729871
988.590027000  8.200000000 0.000000726815
988.614990000  8.200000000 0.000000727342
988.640015000  8.200000000 0.000000732585
988.665039000  8.200000000 0.000000735384
988.690002000  8.200000000 0.000000731819
988.715027000  8.200000000 0.000000725852
988.739990000  8.200000000 0.000000715702
988.765015000  8.200000000 0.000000704859
988.790039000  8.200000000 0.000000696992
988.815002000  8.200000000 0.000000691097
988.840027000  8.200000000 0.000000688077
988.864990000  8.200000000 0.000000693009
988.890015000  8.200000000 0.000000709386
988.915039000  8.200000000 0.000000726657
988.940002000  8.200000000 0.000000742881
988.965027000  8.200000000 0.000000753582
988.989990000  8.200000000 0.000000759696
989.015015000  8.200000000 0.000000770747
989.040039000  8.200000000 0.000000784785
989.065002000  8.200000000 0.000000798991
989.090027000  8.200000000 0.000000811565
989.114990000  8.200000000 0.000000821440
989.140015000  8.200000000 0.000000822073
989.165039000  8.200000000 0.000000807969
989.190002000  8.200000000 0.000000782190
989.215027000  8.200000000 0.000000751377
989.239990000  8.200000000 0.000000717799
989.265015000  8.200000000 0.000000691682
989.290039000  8.200000000 0.000000675011
989.315002000  8.200000000 0.000000662188
989.340027000  8.200000000 0.000000651927
989.364990000  8.200000000 0.000000641405
989.390015000  8.200000000 0.000000632408
989.415039000  8.200000000 0.000000619282
989.440002000  8.200000000 0.000000603017
989.465027000  8.200000000 0.000000585414
989.489990000  8.200000000 0.000000564532
989.515015000  8.200000000 0.000000546090
989.540039000  8.200000000 0.000000530209
989.565002000  8.200000000 0.000000518808
989.590027000  8.200000000 0.000000507196
989.614990000  8.200000000 0.000000495051
989.640015000  8.200000000 0.000000485031
989.665039000  8.200000000 0.000000468316
989.690002000  8.200000000 0.000000447243
989.715027000  8.200000000 0.000000431821
989.739990000  8.200000000 0.000000420817
989.765015000  8.200000000 0.000000414176
989.790039000  8.200000000 0.000000416360
989.815002000  8.200000000 0.000000422009
989.840027000  8.200000000 0.000000432573
989.864990000  8.200000000 0.000000437199
989.890015000  8.200000000 0.000000428865
989.915039000  8.200000000 0.000000413865
989.940002000  8.200000000 0.000000388187
989.965027000  8.200000000 0.000000360454
989.989990000  8.200000000 0.000000336910
990.015015000  8.200000000 0.000000312752
990.040039000  8.200000000 0.000000289144
990.065002000  8.200000000 0.000000269372
990.090027000  8.200000000 0.000000253116
990.114990000  8.200000000 0.000000237856
990.140015000  8.200000000 0.000000224090
990.165039000  8.200000000 0.000000213181
990.190002000  8.200000000 0.000000204720
990.215027000  8.200000000 0.000000195171
990.239990000  8.200000000 0.000000184924
990.265015000  8.200000000 0.000000177866
990.290039000  8.200000000 0.000000174268
990.315002000  8.200000000 0.000000174659
990.340027000  8.200000000 0.000000181571
990.364990000  8.200000000 0.000000190578
990.390015000  8.200000000 0.000000198000
990.415039000  8.200000000 0.000000205577
990.440002000  8.200000000 0.000000207437
990.465027000  8.200000000 0.000000199038
990.489990000  8.200000000 0.000000182535
990.515015000  8.200000000 0.000000164201
990.540039000  8.200000000 0.000000148839
990.565002000  8.200000000 0.000000141136
990.590027000  8.200000000 0.000000143350
990.614990000  8.200000000 0.000000152546
990.640015000  8.200000000 0.000000171126
990.665039000  8.200000000 0.000000191462
990.690002000  8.200000000 0.000000207806
990.715027000  8.200000000 0.000000215420
990.739990000  8.200000000 0.000000212189
990.765015000  8.200000000 0.000000207695
990.790039000  8.200000000 0.000000203568
990.815002000  8.200000000 0.000000200764
990.840027000  8.200000000 0.000000202215
990.864990000  8.200000000 0.000000208419
990.890015000  8.200000000 0.000000221205
990.915039000  8.200000000 0.000000238033
990.940002000  8.200000000 0.000000257878
990.965027000  8.200000000 0.000000279175
990.989990000  8.200000000 0.000000299365
991.015015000  8.200000000 0.000000315791
991.040039000  8.200000000 0.000000326185
991.065002000  8.200000000 0.000000335267
991.090027000  8.200000000 0.000000344162
991.114990000  8.200000000 0.000000354983
991.140015000  8.200000000 0.000000366586
991.165039000  8.200000000 0.000000375333
991.190002000  8.200000000 0.000000383649
991.215027000  8.200000000 0.000000393224
991.239990000  8.200000000 0.000000401587
991.265015000  8.200000000 0.000000404906
991.290039000  8.200000000 0.000000407960
991.315002000  8.200000000 0.000000411412
991.340027000  8.200000000 0.000000411459
991.364990000  8.200000000 0.000000414306
991.390015000  8.200000000 0.000000415940
991.415039000  8.200000000 0.000000419782
991.440002000  8.200000000 0.000000429235
991.465027000  8.200000000 0.000000431297
991.489990000  8.200000000 0.000000430421
991.515015000  8.200000000 0.000000430436
991.540039000  8.200000000 0.000000431543
991.565002000  8.200000000 0.000000436062
991.590027000  8.200000000 0.000000439915
991.614990000  8.200000000 0.000000441670
991.640015000  8.200000000 0.000000439715
991.665039000  8.200000000 0.000000436821
991.690002000  8.200000000 0.000000433118
991.715027000  8.200000000 0.000000428851
991.739990000  8.200000000 0.000000428532
991.765015000  8.200000000 0.000000431488
991.790039000  8.200000000 0.000000434995
991.815002000  8.200000000 0.000000435320
991.840027000  8.200000000 0.000000434742
991.864990000  8.200000000 0.000000435194
991.890015000  8.200000000 0.000000436603
991.915039000  8.200000000 0.000000440212
991.940002000  8.200000000 0.000000444460
991.965027000  8.200000000 0.000000446559
991.989990000  8.200000000 0.000000445265
992.015015000  8.200000000 0.000000443500
992.040039000  8.200000000 0.000000438478
992.065002000  8.200000000 0.000000428803
992.090027000  8.200000000 0.000000416529
992.114990000  8.200000000 0.000000404090
992.140015000  8.200000000 0.000000393334
992.165039000  8.200000000 0.000000385211
992.190002000  8.200000000 0.000000382571
992.215027000  8.200000000 0.000000382240
992.239990000  8.200000000 0.000000381767
992.265015000  8.200000000 0.000000380297
992.290039000  8.200000000 0.000000377931
992.315002000  8.200000000 0.000000372735
992.340027000  8.200000000 0.000000365182
992.364990000  8.200000000 0.000000363869
992.390015000  8.200000000 0.000000364141
992.415039000  8.200000000 0.000000361442
992.440002000  8.200000000 0.000000356672
992.465027000  8.200000000 0.000000349873
992.489990000  8.200000000 0.000000339549
992.515015000  8.200000000 0.000000327772
992.540039000  8.200000000 0.000000315356
992.565002000  8.200000000 0.000000305993
992.590027000  8.200000000 0.000000305342
992.614990000  8.200000000 0.000000306473
992.640015000  8.200000000 0.000000309451
992.665039000  8.200000000 0.000000311864
992.690002000  8.200000000 0.000000310473
992.715027000  8.200000000 0.000000307056
992.739990000  8.200000000 0.000000301393
992.765015000  8.200000000 0.000000291239
992.790039000  8.200000000 0.000000274940
992.815002000  8.200000000 0.000000258506
992.840027000  8.200000000 0.000000243387
992.864990000  8.200000000 0.000000227663
992.890015000  8.200000000 0.000000214132
992.915039000  8.200000000 0.000000204925
992.940002000  8.200000000 0.000000198849
992.965027000  8.200000000 0.000000196322
992.989990000  8.200000000 0.000000198035
993.015015000  8.200000000 0.000000198617
993.040039000  8.200000000 0.000000194948
993.065002000  8.200000000 0.000000187595
993.090027000  8.200000000 0.000000174447
993.114990000  8.200000000 0.000000154561
993.140015000  8.200000000 0.000000131321
993.165039000  8.200000000 0.000000109444
993.190002000  8.200000000 0.000000090803
993.215027000  8.200000000 0.000000075339
993.239990000  8.200000000 0.000000063067
993.265015000  8.200000000 0.000000052358
993.290039000  8.200000000 0.000000045799
993.315002000  8.200000000 0.000000041371
993.340027000  8.200000000 0.000000036321
993.364990000  8.200000000 0.000000029190
993.390015000  8.200000000 0.000000019009
993.415039000  8.200000000 0.000000010524
993.440002000  8.200000000 0.000000002643
993.465027000  8.200000000 -0.000000007745
993.489990000  8.200000000 -0.000000020914
993.515015000  8.200000000 -0.000000035259
993.540039000  8.200000000 -0.000000050934
993.565002000  8.200000000 -0.000000066652
993.590027000  8.200000000 -0.000000080983
993.614990000  8.200000000 -0.000000096421
993.640015000  8.200000000 -0.000000111367
993.665039000  8.200000000 -0.000000122383
993.690002000  8.200000000 -0.000000131996
993.715027000  8.200000000 -0.000000140874
993.739990000  8.200000000 -0.000000146317
993.765015000  8.200000000 -0.000000150831
993.790039000  8.200000000 -0.000000155056
993.815002000  8.200000000 -0.000000162357
993.840027000  8.200000000 -0.000000175008
993.864990000  8.200000000 -0.000000190000
993.890015000  8.200000000 -0.000000208848
993.915039000  8.200000000 -0.000000227749
993.940002000  8.200000000 -0.000000244322
993.965027000  8.200000000 -0.000000260642
993.989990000  8.200000000 -0.000000273399
994.015015000  8.200000000 -0.000000283160
994.040039000  8.200000000 -0.000000289823
994.065002000  8.200000000 -0.000000293964
994.090027000  8.200000000 -0.000000298097
994.114990000  8.200000000 -0.000000301191
994.140015000  8.200000000 -0.000000303392
994.165039000  8.200000000 -0.000000307094
994.190002000  8.200000000 -0.000000313206
994.215027000  8.200000000 -0.000000316244
994.239990000  8.200000000 -0.000000317032
994.265015000  8.200000000 -0.000000316949
994.290039000  8.200000000 -0.000000312802
994.315002000  8.200000000 -0.000000307079
994.340027000  8.200000000 -0.000000303335
994.364990000  8.200000000 -0.000000299987
994.390015000  8.200000000 -0.000000297327
994.415039000  8.200000000 -0.000000296121
994.440002000  8.200000000 -0.000000293633
994.465027000  8.200000000 -0.000000288726
994.489990000  8.200000000 -0.000000280001
994.515015000  8.200000000 -0.000000270373
994.540039000  8.200000000 -0.000000259501
994.565002000  8.200000000 -0.000000245131
994.590027000  8.200000000 -0.000000229835
994.614990000  8.200000000 -0.000000216444
994.640015000  8.200000000 -0.000000204683
994.665039000  8.200000000 -0.000000194190
994.690002000  8.200000000 -0.000000186055
994.715027000  8.200000000 -0.000000178271
994.739990000  8.200000000 -0.000000173162
994.765015000  8.200000000 -0.000000171583
994.790039000  8.200000000 -0.000000169778
994.815002000  8.200000000 -0.000000167144
994.840027000  8.200000000 -0.000000163530
994.864990000  8.200000000 -0.000000160422
994.890015000  8.200000000 -0.000000159312
994.915039000  8.200000000 -0.000000157939
994.940002000  8.200000000 -0.000000156058
994.965027000  8.200000000 -0.000000154470
994.989990000  8.200000000 -0.000000153443
995.015015000  8.200000000 -0.000000151854
995.040039000  8.200000000 -0.000000148520
995.065002000  8.200000000 -0.000000145403
995.090027000  8.200000000 -0.000000141669
995.114990000  8.200000000 -0.000000137583
995.140015000  8.200000000 -0.000000134513
995.165039000  8.200000000 -0.000000129515
995.190002000  8.200000000 -0.000000122846
995.215027000  8.200000000 -0.000000118295
995.239990000  8.200000000 -0.000000116404
995.265015000  8.200000000 -0.000000114587
995.290039000  8.200000000 -0.000000113493
995.315002000  8.200000000 -0.000000114564
995.340027000  8.200000000 -0.000000116937
995.364990000  8.200000000 -0.000000118479
995.390015000  8.200000000 -0.000000117837
995.415039000  8.200000000 -0.000000114336
995.440002000  8.200000000 -0.000000108734
995.465027000  8.200000000 -0.000000102837
995.489990000  8.200000000 -0.000000097520
995.515015000  8.200000000 -0.000000095977
995.540039000  8.200000000 -0.000000095784
995.565002000  8.200000000 -0.000000095809
995.590027000  8.200000000 -0.000000097092
995.614990000  8.200000000 -0.000000097591
995.640015000  8.200000000 -0.000000096740
995.665039000  8.200000000 -0.000000099026
995.690002000  8.200000000 -0.000000105712
995.715027000  8.200000000 -0.000000110250
995.739990000  8.200000000 -0.000000113130
995.765015000  8.200000000 -0.000000116458
995.790039000  8.200000000 -0.000000119344
995.815002000  8.200000000 -0.000000121003
995.840027000  8.200000000 -0.000000122028
995.864990000  8.200000000 -0.000000120834
995.890015000  8.200000000 -0.000000115342
995.915039000  8.200000000 -0.000000108924
995.940002000  8.200000000 -0.000000101809
995.965027000  8.200000000 -0.000000094284
995.989990000  8.200000000 -0.000000088342
996.015015000  8.200000000 -0.000000084499
996.040039000  8.200000000 -0.000000083105
996.065002000  8.200000000 -0.000000081070
996.090027000  8.200000000 -0.000000080147
996.114990000  8.200000000 -0.000000080569
996.140015000  8.200000000 -0.000000080424
996.165039000  8.200000000 -0.000000082498
996.190002000  8.200000000 -0.000000085558
996.215027000  8.200000000 -0.000000087917
996.239990000  8.200000000 -0.000000090419
996.265015000  8.200000000 -0.000000090487
996.290039000  8.200000000 -0.000000088844
996.315002000  8.200000000 -0.000000088337
996.340027000  8.200000000 -0.000000087289
996.364990000  8.200000000 -0.000000086180
996.390015000  8.200000000 -0.000000085849
996.415039000  8.200000000 -0.000000085368
996.440002000  8.200000000 -0.000000085294
996.465027000  8.200000000 -0.000000087867
996.489990000  8.200000000 -0.000000093768
996.515015000  8.200000000 -0.000000099533
996.540039000  8.200000000 -0.000000104659
996.565002000  8.200000000 -0.000000107926
996.590027000  8.200000000 -0.000000107816
996.614990000  8.200000000 -0.000000108917
996.640015000  8.200000000 -0.000000111467
996.665039000  8.200000000 -0.000000112707
996.690002000  8.200000000 -0.000000112724
996.715027000  8.200000000 -0.000000112935
996.739990000  8.200000000 -0.000000114478
996.765015000  8.200000000 -0.000000116612
996.790039000  8.200000000 -0.000000118901
996.815002000  8.200000000 -0.000000121266
996.840027000  8.200000000 -0.000000123201
996.864990000  8.200000000 -0.000000124568
996.890015000  8.200000000 -0.000000125168
996.915039000  8.200000000 -0.000000125012
996.940002000  8.200000000 -0.000000124330
996.965027000  8.200000000 -0.000000123237
996.989990000  8.200000000 -0.000000121919
997.015015000  8.200000000 -0.000000120110
997.040039000  8.200000000 -0.000000117083
997.065002000  8.200000000 -0.000000113636
997.090027000  8.200000000 -0.000000109784
997.114990000  8.200000000 -0.000000105529
997.140015000  8.200000000 -0.000000100944
997.165039000  8.200000000 -0.000000095769
997.190002000  8.200000000 -0.000000090454
997.215027000  8.200000000 -0.000000084905
997.239990000  8.200000000 -0.000000078467
997.265015000  8.200000000 -0.000000072326
997.290039000  8.200000000 -0.000000066977
997.315002000  8.200000000 -0.000000062777
997.340027000  8.200000000 -0.000000060373
997.364990000  8.200000000 -0.000000058602
997.390015000  8.200000000 -0.000000057852
997.415039000  8.200000000 -0.000000057434
997.440002000  8.200000000 -0.000000056692
997.465027000  8.200000000 -0.000000055494
997.489990000  8.200000000 -0.000000054078
997.515015000  8.200000000 -0.000000053172
997.540039000  8.200000000 -0.000000052322
997.565002000  8.200000000 -0.000000050830
997.590027000  8.200000000 -0.000000049170
997.614990000  8.200000000 -0.000000047693
997.640015000  8.200000000 -0.000000046781
997.665039000  8.200000000 -0.000000046928
997.690002000  8.200000000 -0.000000047150
997.715027000  8.200000000 -0.000000046249
997.739990000  8.200000000 -0.000000043733
997.765015000  8.200000000 -0.000000040620
997.790039000  8.200000000 -0.000000037179
997.815002000  8.200000000 -0.000000033166
997.840027000  8.200000000 -0.000000028585
997.864990000  8.200000000 -0.000000023530
997.890015000  8.200000000 -0.000000018316
997.915039000  8.200000000 -0.000000013976
997.940002000  8.200000000 -0.000000010348
997.965027000  8.200000000 -0.000000005841
997.989990000  8.200000000 -0.000000000833
998.015015000  8.200000000 0.000000004663
998.040039000  8.200000000 0.000000010487
998.065002000  8.200000000 0.000000016608
998.090027000  8.200000000 0.000000023567
998.114990000  8.200000000 0.000000030447
998.140015000  8.200000000 0.000000036891
998.165039000  8.200000000 0.000000042160
998.190002000  8.200000000 0.000000046019
998.215027000  8.200000000 0.000000049494
998.239990000  8.200000000 0.000000052653
998.265015000  8.200000000 0.000000055179
998.290039000  8.200000000 0.000000057547
998.315002000  8.200000000 0.000000059827
998.340027000  8.200000000 0.000000062233
998.364990000  8.200000000 0.000000065257
998.390015000  8.200000000 0.000000069513
998.415039000  8.200000000 0.000000073521
998.440002000  8.200000000 0.000000076537
998.465027000  8.200000000 0.000000078487
998.489990000  8.200000000 0.000000078080
998.515015000  8.200000000 0.000000077139
998.540039000  8.200000000 0.000000076539
998.565002000  8.200000000 0.000000076423
998.590027000  8.200000000 0.000000077641
998.614990000  8.200000000 0.000000078943
998.640015000  8.200000000 0.000000079949
998.665039000  8.200000000 0.000000080182
998.690002000  8.200000000 0.000000078785
998.715027000  8.200000000 0.000000076268
998.739990000  8.200000000 0.000000072503
998.765015000  8.200000000 0.000000067150
998.790039000  8.200000000 0.000000060620
998.815002000  8.200000000 0.000000054734
998.840027000  8.200000000 0.000000050321
998.864990000  8.200000000 0.000000047875
998.890015000  8.200000000 0.000000047165
998.915039000  8.200000000 0.000000046855
998.940002000  8.200000000 0.000000046771
998.965027000  8.200000000 0.000000046975
998.989990000  8.200000000 0.000000047149
999.015015000  8.200000000 0.000000047065
999.040039000  8.200000000 0.000000046421
999.065002000  8.200000000 0.000000046310
999.090027000  8.200000000 0.000000046981
999.114990000  8.200000000 0.000000048430
999.140015000  8.200000000 0.000000051158
999.165039000  8.200000000 0.000000053237
999.190002000  8.200000000 0.000000054363
999.215027000  8.200000000 0.000000055443
999.239990000  8.200000000 0.000000056443
999.265015000  8.200000000 0.000000057355
999.290039000  8.200000000 0.000000058266
999.315002000  8.200000000 0.000000059113
999.340027000  8.200000000 0.000000059779
999.364990000  8.200000000 0.000000060925
999.390015000  8.200000000 0.000000062407
999.415039000  8.200000000 0.000000063360
999.440002000  8.200000000 0.000000064349
999.465027000  8.200000000 0.000000065607
999.489990000  8.200000000 0.000000067040
999.515015000  8.200000000 0.000000068643
999.540039000  8.200000000 0.000000070044
999.565002000  8.200000000 0.000000071159
999.590027000  8.200000000 0.000000071869
999.614990000  8.200000000 0.000000071733
999.640015000  8.200000000 0.000000070762
999.665039000  8.200000000 0.000000069034
999.690002000  8.200000000 0.000000066808
999.715027000  8.200000000 0.000000064933
999.739990000  8.200000000 0.000000063280
999.765015000  8.200000000 0.000000061443
999.790039000  8.200000000 0.000000059500
999.815002000  8.200000000 0.000000057781
999.840027000  8.200000000 0.000000056078
999.864990000  8.200000000 0.000000053911
999.890015000  8.200000000 0.000000051783
999.915039000  8.200000000 0.000000049649
999.940002000  8.200000000 0.000000047336
999.965027000  8.200000000 0.000000044883
999.989990000  8.200000000 0.000000042018
1000.015010000  8.200000000 0.000000038672
1000.040040000  8.200000000 0.000000034827
1000.065000000  8.200000000 0.000000031138
1000.090030000  8.200000000 0.000000027507
1000.114990000  8.200000000 0.000000024079
1000.140010000  8.200000000 0.000000020918
1000.165040000  8.200000000 0.000000018202
1000.190000000  8.200000000 0.000000016497
1000.215030000  8.200000000 0.000000015563
1000.239990000  8.200000000 0.000000015229
1000.265010000  8.200000000 0.000000014475
1000.290040000  8.200000000 0.000000013146
1000.315000000  8.200000000 0.000000011364
1000.340030000  8.200000000 0.000000009509
1000.364990000  8.200000000 0.000000008072
1000.390010000  8.200000000 0.000000006933
1000.415040000  8.200000000 0.000000006120
1000.440000000  8.200000000 0.000000005523
1000.465030000  8.200000000 0.000000004848
1000.489990000  8.200000000 0.000000003967
1000.515010000  8.200000000 0.000000003109
1000.540040000  8.200000000 0.000000002147
1000.565000000  8.200000000 0.000000000821
1000.590030000  8.200000000 -0.000000000841
1000.614990000  8.200000000 -0.000000002287
1000.640010000  8.200000000 -0.000000003474
1000.665040000  8.200000000 -0.000000004147
1000.690000000  8.200000000 -0.000000003968
1000.715030000  8.200000000 -0.000000003699
1000.739990000  8.200000000 -0.000000003475
1000.765010000  8.200000000 -0.000000003320
1000.790040000  8.200000000 -0.000000003319
1000.815000000  8.200000000 -0.000000003417
1000.840030000  8.200000000 -0.000000004031
1000.864990000  8.200000000 -0.000000004653
1000.890010000  8.200000000 -0.000000005183
1000.915040000  8.200000000 -0.000000005730
1000.940000000  8.200000000 -0.000000006082
1000.965030000  8.200000000 -0.000000006256
1000.989990000  8.200000000 -0.000000006239
1001.015010000  8.200000000 -0.000000005929
1001.040040000  8.200000000 -0.000000005302
1001.065000000  8.200000000 -0.000000005005
1001.090030000  8.200000000 -0.000000004781
1001.114990000  8.200000000 -0.000000004017
1001.140010000  8.200000000 -0.000000002840
1001.165040000  8.200000000 -0.000000001574
1001.190000000  8.200000000 -0.000000000512
1001.215030000  8.200000000 0.000000000110
1001.239990000  8.200000000 0.000000000252
1001.265010000  8.200000000 0.000000000015
1001.290040000  8.200000000 -0.000000000566
1001.315000000  8.200000000 -0.000000001210
1001.340030000  8.200000000 -0.000000001691
1001.364990000  8.200000000 -0.000000002085
1001.390010000  8.200000000 -0.000000002197
1001.415040000  8.200000000 -0.000000002113
1001.440000000  8.200000000 -0.000000001863
1001.465030000  8.200000000 -0.000000001307
1001.489990000  8.200000000 -0.000000000456
1001.515010000  8.200000000 0.000000000212
1001.540040000  8.200000000 0.000000000581
1001.565000000  8.200000000 0.000000000810
1001.590030000  8.200000000 0.000000000859
1001.614990000  8.200000000 0.000000000847
1001.640010000  8.200000000 0.000000000681
1001.665040000  8.200000000 0.000000000472
1001.690000000  8.200000000 0.000000000417
1001.715030000  8.200000000 0.000000000391
1001.739990000  8.200000000 0.000000000216
1001.765010000  8.200000000 0.000000000035
1001.790040000  8.200000000 -0.000000000220
1001.815000000  8.200000000 -0.000000000517
1001.840030000  8.200000000 -0.000000000801
1001.864990000  8.200000000 -0.000000001212
1001.890010000  8.200000000 -0.000000001755
1001.915040000  8.200000000 -0.000000002113
1001.940000000  8.200000000 -0.000000002268
1001.965030000  8.200000000 -0.000000002433
1001.989990000  8.200000000 -0.000000002633
1002.015010000  8.200000000 -0.000000002905
1002.040040000  8.200000000 -0.000000003175
1002.065000000  8.200000000 -0.000000003440
1002.090030000  8.200000000 -0.000000003766
1002.114990000  8.200000000 -0.000000004144
1002.140010000  8.200000000 -0.000000004561
1002.165040000  8.200000000 -0.000000005093
1002.190000000  8.200000000 -0.000000005740
1002.215030000  8.200000000 -0.000000006503
1002.239990000  8.200000000 -0.000000007231
1002.265010000  8.200000000 -0.000000007694
1002.290040000  8.200000000 -0.000000007865
1002.315000000  8.200000000 -0.000000008009
1002.340030000  8.200000000 -0.000000008152
1002.364990000  8.200000000 -0.000000008196
