736.682495000  8.100000000 0.000000000000
736.707520000  8.100000000 -0.080436825800
736.732483000  8.100000000 0.000898903236
736.757507000  8.100000000 0.001218318940
736.782471000  8.100000000 0.001504980030
736.807495000  8.100000000 0.001760730520
736.832520000  8.100000000 0.001987386490
736.857483000  8.100000000 0.002186717470
736.882507000  8.100000000 0.002360395160
736.907471000  8.100000000 0.002510054040
736.932495000  8.100000000 0.002637216820
736.957520000  8.100000000 0.002743238580
736.982483000  8.100000000 0.002829371950
737.007507000  8.100000000 0.002896767110
737.032471000  8.100000000 0.002946523020
737.057495000  8.100000000 0.002979715350
737.082520000  8.100000000 0.002997396510
737.107483000  8.100000000 0.003000632860
737.132507000  8.100000000 0.002990425560
737.157471000  8.100000000 0.002967820040
737.182495000  8.100000000 0.002933975770
737.207520000  8.100000000 0.002890028990
737.232483000  8.100000000 0.002836997160
737.257507000  8.100000000 0.002775737080
737.282471000  8.100000000 0.002707068340
737.307495000  8.100000000 0.002631891980
737.332520000  8.100000000 0.002551240610
737.357483000  8.100000000 0.002466244620
737.382507000  8.100000000 0.002377901690
737.407471000  8.100000000 0.002287017410
737.432495000  8.100000000 0.002194122640
737.457520000  8.100000000 0.002099524720
737.482483000  8.100000000 0.002003384060
737.507507000  8.100000000 0.001905851420
737.532471000  8.100000000 0.001807154390
737.557495000  8.100000000 0.001707560730
737.582520000  8.100000000 0.001607305600
737.607483000  8.100000000 0.001506656410
737.632507000  8.100000000 0.001405965890
737.657471000  8.100000000 0.001305696210
737.682495000  8.100000000 0.001206300800
737.707520000  8.100000000 0.001108024740
737.732483000  8.100000000 0.001010812700
737.757507000  8.100000000 0.000914369011
737.782471000  8.100000000 0.000818363624
737.807495000  8.100000000 0.000722535187
737.832520000  8.100000000 0.000626670662
737.857483000  8.100000000 0.000530625694
737.882507000  8.100000000 0.000434340909
737.907471000  8.100000000 0.000337937381
737.932495000  8.100000000 0.000241779489
737.957520000  8.100000000 0.000146367820
737.982483000  8.100000000 0.000052230898
738.007507000  8.100000000 -0.000040116720
738.032471000  8.100000000 -0.000130119734
738.057495000  8.100000000 -0.000217193738
738.082520000  8.100000000 -0.000300703105
738.107483000  8.100000000 -0.000379894627
738.132507000  8.100000000 -0.000453824177
738.157471000  8.100000000 -0.000521556940
738.182495000  8.100000000 -0.000582382781
738.207520000  8.100000000 -0.000635960605
738.232483000  8.100000000 -0.000682407990
738.257507000  8.100000000 -0.000722195255
738.282471000  8.100000000 -0.000756070367
738.307495000  8.100000000 -0.000784908189
738.332520000  8.100000000 -0.000809532939
738.357483000  8.100000000 -0.000830566860
738.382507000  8.100000000 -0.000848365016
738.407471000  8.100000000 -0.000863106106
738.432495000  8.100000000 -0.000874951074
738.457520000  8.100000000 -0.000884103356
738.482483000  8.100000000 -0.000890680822
738.507507000  8.100000000 -0.000894922880
738.532471000  8.100000000 -0.000897156540
738.557495000  8.100000000 -0.000897660037
738.582520000  8.100000000 -0.000896596583
738.607483000  8.100000000 -0.000894017867
738.632507000  8.100000000 -0.000890149095
738.657471000  8.100000000 -0.000885373156
738.682495000  8.100000000 -0.000880134467
738.707520000  8.100000000 -0.000874765974
738.732483000  8.100000000 -0.000869377400
738.757507000  8.100000000 -0.000863888417
738.782471000  8.100000000 -0.000858051935
738.807495000  8.100000000 -0.000851654913
738.832520000  8.100000000 -0.000844706665
738.857483000  8.100000000 -0.000837580883
738.882507000  8.100000000 -0.000831056386
738.907471000  8.100000000 -0.000826054020
738.932495000  8.100000000 -0.000823393930
738.957520000  8.100000000 -0.000823480077
738.982483000  8.100000000 -0.000826087780
739.007507000  8.100000000 -0.000830290373
739.032471000  8.100000000 -0.000834731618
739.057495000  8.100000000 -0.000837971456
739.082520000  8.100000000 -0.000838945853
739.107483000  8.100000000 -0.000837062253
739.132507000  8.100000000 -0.000832148362
739.157471000  8.100000000 -0.000824423041
739.182495000  8.100000000 -0.000814322848
739.207520000  8.100000000 -0.000802176073
739.232483000  8.100000000 -0.000788001344
739.257507000  8.100000000 -0.000771584455
739.282471000  8.100000000 -0.000752753112
739.307495000  8.100000000 -0.000731511973
739.332520000  8.100000000 -0.000708159059
739.357483000  8.100000000 -0.000682931859
739.382507000  8.100000000 -0.000656035263
739.407471000  8.100000000 -0.000627583358
739.432495000  8.100000000 -0.000597704202
739.457520000  8.100000000 -0.000566453673
739.482483000  8.100000000 -0.000533517450
739.507507000  8.100000000 -0.000498290174
739.532471000  8.100000000 -0.000460078008
739.557495000  8.100000000 -0.000418543350
739.582520000  8.100000000 -0.000373958610
739.607483000  8.100000000 -0.000326957088
739.632507000  8.100000000 -0.000278153457
739.657471000  8.100000000 -0.000228045974
739.682495000  8.100000000 -0.000177021138
739.707520000  8.100000000 -0.000125581864
739.732483000  8.100000000 -0.000074468553
739.757507000  8.100000000 -0.000024491455
739.782471000  8.100000000 0.000023723114
739.807495000  8.100000000 0.000069923699
739.832520000  8.100000000 0.000114359427
739.857483000  8.100000000 0.000157640316
739.882507000  8.100000000 0.000200457871
739.907471000  8.100000000 0.000243149698
739.932495000  8.100000000 0.000285513233
739.957520000  8.100000000 0.000327066518
739.982483000  8.100000000 0.000367346220
740.007507000  8.100000000 0.000406280160
740.032471000  8.100000000 0.000444054604
740.057495000  8.100000000 0.000481079333
740.082520000  8.100000000 0.000517670996
740.107483000  8.100000000 0.000554032158
740.132507000  8.100000000 0.000590169802
740.157471000  8.100000000 0.000625953544
740.182495000  8.100000000 0.000660978258
740.207520000  8.100000000 0.000694673508
740.232483000  8.100000000 0.000726396684
740.257507000  8.100000000 0.000755696092
740.282471000  8.100000000 0.000782522839
740.307495000  8.100000000 0.000807256438
740.332520000  8.100000000 0.000830739737
740.357483000  8.100000000 0.000854108948
740.382507000  8.100000000 0.000878642313
740.407471000  8.100000000 0.000905529596
740.432495000  8.100000000 0.000935755670
740.457520000  8.100000000 0.000970009714
740.482483000  8.100000000 0.001008813270
740.507507000  8.100000000 0.001052451550
740.532471000  8.100000000 0.001100790690
740.557495000  8.100000000 0.001153476770
740.582520000  8.100000000 0.001209760080
740.607483000  8.100000000 0.001268814090
740.632507000  8.100000000 0.001329706280
740.657471000  8.100000000 0.001391576370
740.682495000  8.100000000 0.001453607110
740.707520000  8.100000000 0.001515017940
740.732483000  8.100000000 0.001575026200
740.757507000  8.100000000 0.001633009870
740.782471000  8.100000000 0.001688556280
740.807495000  8.100000000 0.001741486830
740.832520000  8.100000000 0.001791707710
740.857483000  8.100000000 0.001838915280
740.882507000  8.100000000 0.001882317590
740.907471000  8.100000000 0.001920916840
740.932495000  8.100000000 0.001953728500
740.957520000  8.100000000 0.001980027880
740.982483000  8.100000000 0.001999187520
741.007507000  8.100000000 0.002010618340
741.032471000  8.100000000 0.002013740600
741.057495000  8.100000000 0.002008141020
741.082520000  8.100000000 0.001993686890
741.107483000  8.100000000 0.001970501620
741.132507000  8.100000000 0.001938883220
741.157471000  8.100000000 0.001899173950
741.182495000  8.100000000 0.001851979180
741.207520000  8.100000000 0.001798127780
741.232483000  8.100000000 0.001738776920
741.257507000  8.100000000 0.001675020900
741.282471000  8.100000000 0.001607807350
741.307495000  8.100000000 0.001537681090
741.332520000  8.100000000 0.001464844680
741.357483000  8.100000000 0.001389263200
741.382507000  8.100000000 0.001310901720
741.407471000  8.100000000 0.001229657790
741.432495000  8.100000000 0.001145470890
741.457520000  8.100000000 0.001058150080
741.482483000  8.100000000 0.000967290252
741.507507000  8.100000000 0.000872281380
741.532471000  8.100000000 0.000772522762
741.557495000  8.100000000 0.000667534769
741.582520000  8.100000000 0.000557242893
741.607483000  8.100000000 0.000441754237
741.632507000  8.100000000 0.000321399420
741.657471000  8.100000000 0.000196537003
741.682495000  8.100000000 0.000067530200
741.707520000  8.100000000 -0.000065308995
741.732483000  8.100000000 -0.000201724470
741.757507000  8.100000000 -0.000341455452
741.782471000  8.100000000 -0.000484348275
741.807495000  8.100000000 -0.000630118884
741.832520000  8.100000000 -0.000778506510
741.857483000  8.100000000 -0.000929012895
741.882507000  8.100000000 -0.001080911610
741.907471000  8.100000000 -0.001233192160
741.932495000  8.100000000 -0.001384713690
741.957520000  8.100000000 -0.001534316690
741.982483000  8.100000000 -0.001680874270
742.007507000  8.100000000 -0.001823361960
742.032471000  8.100000000 -0.001960578370
742.057495000  8.100000000 -0.002091291830
742.082520000  8.100000000 -0.002214326520
742.107483000  8.100000000 -0.002328653350
742.132507000  8.100000000 -0.002433471380
742.157471000  8.100000000 -0.002528191540
742.182495000  8.100000000 -0.002612264360
742.207520000  8.100000000 -0.002685387150
742.232483000  8.100000000 -0.002747530820
742.257507000  8.100000000 -0.002799145880
742.282471000  8.100000000 -0.002840919190
742.307495000  8.100000000 -0.002873583000
742.332520000  8.100000000 -0.002897559200
742.357483000  8.100000000 -0.002913141160
742.382507000  8.100000000 -0.002920545870
742.407471000  8.100000000 -0.002920064140
742.432495000  8.100000000 -0.002911927180
742.457520000  8.100000000 -0.002896278630
742.482483000  8.100000000 -0.002873208840
742.507507000  8.100000000 -0.002842866820
742.532471000  8.100000000 -0.002805484690
742.557495000  8.100000000 -0.002761112990
742.582520000  8.100000000 -0.002709429250
742.607483000  8.100000000 -0.002649966630
742.632507000  8.100000000 -0.002582487650
742.657471000  8.100000000 -0.002507255410
742.682495000  8.100000000 -0.002424912530
742.707520000  8.100000000 -0.002336218020
742.732483000  8.100000000 -0.002241893670
742.757507000  8.100000000 -0.002142610030
742.782471000  8.100000000 -0.002039133110
742.807495000  8.100000000 -0.001932336020
742.832520000  8.100000000 -0.001822975460
742.857483000  8.100000000 -0.001711398360
742.882507000  8.100000000 -0.001597553490
742.907471000  8.100000000 -0.001481142830
742.932495000  8.100000000 -0.001362045300
742.957520000  8.100000000 -0.001240512360
742.982483000  8.100000000 -0.001117112120
743.007507000  8.100000000 -0.000992333516
743.032471000  8.100000000 -0.000866451301
743.057495000  8.100000000 -0.000739507377
743.082520000  8.100000000 -0.000611697324
743.107483000  8.100000000 -0.000483510084
743.132507000  8.100000000 -0.000355793163
743.157471000  8.100000000 -0.000229650177
743.182495000  8.100000000 -0.000106305815
743.207520000  8.100000000 0.000013061799
743.232483000  8.100000000 0.000127339736
743.257507000  8.100000000 0.000235554762
743.282471000  8.100000000 0.000336915255
743.307495000  8.100000000 0.000430797227
743.332520000  8.100000000 0.000516842119
743.357483000  8.100000000 0.000595017336
743.382507000  8.100000000 0.000665560365
743.407471000  8.100000000 0.000728946179
743.432495000  8.100000000 0.000785933807
743.457520000  8.100000000 0.000837449916
743.482483000  8.100000000 0.000884574838
743.507507000  8.100000000 0.000928384252
743.532471000  8.100000000 0.000969665125
743.557495000  8.100000000 0.001008929680
743.582520000  8.100000000 0.001046345570
743.607483000  8.100000000 0.001081842930
743.632507000  8.100000000 0.001115119080
743.657471000  8.100000000 0.001145554710
743.682495000  8.100000000 0.001172325570
743.707520000  8.100000000 0.001194644720
743.732483000  8.100000000 0.001211962660
743.757507000  8.100000000 0.001224046570
743.782471000  8.100000000 0.001230794010
743.807495000  8.100000000 0.001232116480
743.832520000  8.100000000 0.001227825410
743.857483000  8.100000000 0.001217746180
743.882507000  8.100000000 0.001201538830
743.907471000  8.100000000 0.001178791280
743.932495000  8.100000000 0.001149065790
743.957520000  8.100000000 0.001112059690
743.982483000  8.100000000 0.001067745030
744.007507000  8.100000000 0.001016447790
744.032471000  8.100000000 0.000958731398
744.057495000  8.100000000 0.000895347912
744.082520000  8.100000000 0.000827158801
744.107483000  8.100000000 0.000755132642
744.132507000  8.100000000 0.000680319499
744.157471000  8.100000000 0.000603850931
744.182495000  8.100000000 0.000526907388
744.207520000  8.100000000 0.000450524967
744.232483000  8.100000000 0.000375451054
744.257507000  8.100000000 0.000302114058
744.282471000  8.100000000 0.000230653677
744.307495000  8.100000000 0.000160944182
744.332520000  8.100000000 0.000092617702
744.357483000  8.100000000 0.000025171321
744.382507000  8.100000000 -0.000041809399
744.407471000  8.100000000 -0.000108648092
744.432495000  8.100000000 -0.000175510067
744.457520000  8.100000000 -0.000242593233
744.482483000  8.100000000 -0.000310195610
744.507507000  8.100000000 -0.000378736295
744.532471000  8.100000000 -0.000448389910
744.557495000  8.100000000 -0.000518877059
744.582520000  8.100000000 -0.000589557458
744.607483000  8.100000000 -0.000659432262
744.632507000  8.100000000 -0.000727437437
744.657471000  8.100000000 -0.000792571809
744.682495000  8.100000000 -0.000853936654
744.707520000  8.100000000 -0.000910754316
744.732483000  8.100000000 -0.000962202903
744.757507000  8.100000000 -0.001007483810
744.782471000  8.100000000 -0.001045726240
744.807495000  8.100000000 -0.001075956970
744.832520000  8.100000000 -0.001097209750
744.857483000  8.100000000 -0.001108413560
744.882507000  8.100000000 -0.001108434520
744.907471000  8.100000000 -0.001096245830
744.932495000  8.100000000 -0.001071169970
744.957520000  8.100000000 -0.001032911240
744.982483000  8.100000000 -0.000981425401
745.007507000  8.100000000 -0.000916840509
745.032471000  8.100000000 -0.000839252025
745.057495000  8.100000000 -0.000749002211
745.082520000  8.100000000 -0.000646514818
745.107483000  8.100000000 -0.000532288104
745.132507000  8.100000000 -0.000406769104
745.157471000  8.100000000 -0.000270386226
745.182495000  8.100000000 -0.000123428181
745.207520000  8.100000000 0.000033648685
745.232483000  8.100000000 0.000200299546
745.257507000  8.100000000 0.000375919044
745.282471000  8.100000000 0.000559869222
745.307495000  8.100000000 0.000751405023
745.332520000  8.100000000 0.000949809328
745.357483000  8.100000000 0.001154155470
745.382507000  8.100000000 0.001363542400
745.407471000  8.100000000 0.001577015500
745.432495000  8.100000000 0.001793585250
745.457520000  8.100000000 0.002012290060
745.482483000  8.100000000 0.002232065890
745.507507000  8.100000000 0.002451888290
745.532471000  8.100000000 0.002670793330
745.557495000  8.100000000 0.002887994050
745.582520000  8.100000000 0.003102840860
745.607483000  8.100000000 0.003314792410
745.632507000  8.100000000 0.003523345800
745.657471000  8.100000000 0.003728076820
745.682495000  8.100000000 0.003928738650
745.707520000  8.100000000 0.004125187170
745.732483000  8.100000000 0.004317263610
745.757507000  8.100000000 0.004504663400
745.782471000  8.100000000 0.004686960020
745.807495000  8.100000000 0.004863790240
745.832520000  8.100000000 0.005034677680
745.857483000  8.100000000 0.005199052390
745.882507000  8.100000000 0.005356001200
745.907471000  8.100000000 0.005504391160
745.932495000  8.100000000 0.005642860200
745.957520000  8.100000000 0.005770083520
745.982483000  8.100000000 0.005884887650
746.007507000  8.100000000 0.005986192260
746.032471000  8.100000000 0.006073303520
746.057495000  8.100000000 0.006145741790
746.082520000  8.100000000 0.006203404630
746.107483000  8.100000000 0.006246380510
746.132507000  8.100000000 0.006274841730
746.157471000  8.100000000 0.006288886070
746.182495000  8.100000000 0.006288737060
746.207520000  8.100000000 0.006274264310
746.232483000  8.100000000 0.006245598200
746.257507000  8.100000000 0.006202952940
746.282471000  8.100000000 0.006146403030
746.307495000  8.100000000 0.006076199930
746.332520000  8.100000000 0.005992213260
746.357483000  8.100000000 0.005894256760
746.382507000  8.100000000 0.005781892690
746.407471000  8.100000000 0.005654981360
746.432495000  8.100000000 0.005513206120
746.457520000  8.100000000 0.005356203760
746.482483000  8.100000000 0.005183666940
746.507507000  8.100000000 0.004995446650
746.532471000  8.100000000 0.004792008550
746.557495000  8.100000000 0.004574079070
746.582520000  8.100000000 0.004342645410
746.607483000  8.100000000 0.004098583010
746.632507000  8.100000000 0.003842506560
746.657471000  8.100000000 0.003574825820
746.682495000  8.100000000 0.003296025100
746.707520000  8.100000000 0.003006495540
746.732483000  8.100000000 0.002706926320
746.757507000  8.100000000 0.002397652720
746.782471000  8.100000000 0.002079792320
746.807495000  8.100000000 0.001754369590
746.832520000  8.100000000 0.001422576610
746.857483000  8.100000000 0.001085773110
746.882507000  8.100000000 0.000745002180
746.907471000  8.100000000 0.000401530415
746.932495000  8.100000000 0.000056661665
746.957520000  8.100000000 -0.000288411975
746.982483000  8.100000000 -0.000632591546
747.007507000  8.100000000 -0.000974964350
747.032471000  8.100000000 -0.001314505930
747.057495000  8.100000000 -0.001649875190
747.082520000  8.100000000 -0.001979377120
747.107483000  8.100000000 -0.002301111820
747.132507000  8.100000000 -0.002613086250
747.157471000  8.100000000 -0.002913456410
747.182495000  8.100000000 -0.003200452770
747.207520000  8.100000000 -0.003472659740
747.232483000  8.100000000 -0.003728605810
747.257507000  8.100000000 -0.003967303780
747.282471000  8.100000000 -0.004187896850
747.307495000  8.100000000 -0.004389900710
747.332520000  8.100000000 -0.004572793840
747.357483000  8.100000000 -0.004736427220
747.382507000  8.100000000 -0.004880372430
747.407471000  8.100000000 -0.005004778500
747.432495000  8.100000000 -0.005110017960
747.457520000  8.100000000 -0.005196351560
747.482483000  8.100000000 -0.005264393990
747.507507000  8.100000000 -0.005314582960
747.532471000  8.100000000 -0.005347086120
747.557495000  8.100000000 -0.005361940710
747.582520000  8.100000000 -0.005358858030
747.607483000  8.100000000 -0.005337297920
747.632507000  8.100000000 -0.005296440800
747.657471000  8.100000000 -0.005235364660
747.682495000  8.100000000 -0.005153175440
747.707520000  8.100000000 -0.005049398170
747.732483000  8.100000000 -0.004923893140
747.757507000  8.100000000 -0.004776874560
747.782471000  8.100000000 -0.004608845340
747.807495000  8.100000000 -0.004420382900
747.832520000  8.100000000 -0.004212325440
747.857483000  8.100000000 -0.003985455260
747.882507000  8.100000000 -0.003740745600
747.907471000  8.100000000 -0.003479178990
747.932495000  8.100000000 -0.003201863730
747.957520000  8.100000000 -0.002910243350
747.982483000  8.100000000 -0.002605728810
748.007507000  8.100000000 -0.002289651890
748.032471000  8.100000000 -0.001963214020
748.057495000  8.100000000 -0.001627369780
748.082520000  8.100000000 -0.001282980670
748.107483000  8.100000000 -0.000930977985
748.132507000  8.100000000 -0.000572437420
748.157471000  8.100000000 -0.000208457932
748.182495000  8.100000000 0.000159684569
748.207520000  8.100000000 0.000530737452
748.232483000  8.100000000 0.000903648324
748.257507000  8.100000000 0.001277429980
748.282471000  8.100000000 0.001651337370
748.307495000  8.100000000 0.002024569550
748.332520000  8.100000000 0.002396260390
748.357483000  8.100000000 0.002765287650
748.382507000  8.100000000 0.003130654800
748.407471000  8.100000000 0.003491421230
748.432495000  8.100000000 0.003846874460
748.457520000  8.100000000 0.004196921360
748.482483000  8.100000000 0.004541669040
748.507507000  8.100000000 0.004881666970
748.532471000  8.100000000 0.005217511210
748.557495000  8.100000000 0.005549462510
748.582520000  8.100000000 0.005877874790
748.607483000  8.100000000 0.006202440710
748.632507000  8.100000000 0.006522610780
748.657471000  8.100000000 0.006837332620
748.682495000  8.100000000 0.007145227860
748.707520000  8.100000000 0.007444722580
748.732483000  8.100000000 0.007734382530
748.757507000  8.100000000 0.008013118060
748.782471000  8.100000000 0.008279886100
748.807495000  8.100000000 0.008534062650
748.832520000  8.100000000 0.008775051680
748.857483000  8.100000000 0.009002573790
748.882507000  8.100000000 0.009216517210
748.907471000  8.100000000 0.009417254480
748.932495000  8.100000000 0.009605363010
748.957520000  8.100000000 0.009781047700
748.982483000  8.100000000 0.009944736960
749.007507000  8.100000000 0.010095648500
749.032471000  8.100000000 0.010233279300
749.057495000  8.100000000 0.010356381500
749.082520000  8.100000000 0.010463818900
749.107483000  8.100000000 0.010553933700
749.132507000  8.100000000 0.010625794500
749.157471000  8.100000000 0.010677892700
749.182495000  8.100000000 0.010709427300
749.207520000  8.100000000 0.010720081600
749.232483000  8.100000000 0.010709352800
749.257507000  8.100000000 0.010677129000
749.282471000  8.100000000 0.010622739800
749.307495000  8.100000000 0.010545179200
749.332520000  8.100000000 0.010443069000
749.357483000  8.100000000 0.010314472000
749.382507000  8.100000000 0.010157600000
749.407471000  8.100000000 0.009970813990
749.432495000  8.100000000 0.009752847250
749.457520000  8.100000000 0.009502954780
749.482483000  8.100000000 0.009220167990
749.507507000  8.100000000 0.008903890850
749.532471000  8.100000000 0.008553601800
749.557495000  8.100000000 0.008168555800
749.582520000  8.100000000 0.007748864590
749.607483000  8.100000000 0.007294565440
749.632507000  8.100000000 0.006806328890
749.657471000  8.100000000 0.006284900010
749.682495000  8.100000000 0.005731433630
749.707520000  8.100000000 0.005147233610
749.732483000  8.100000000 0.004534050820
749.757507000  8.100000000 0.003892779350
749.782471000  8.100000000 0.003225430850
749.807495000  8.100000000 0.002533830700
749.832520000  8.100000000 0.001819655300
749.857483000  8.100000000 0.001085363330
749.882507000  8.100000000 0.000333935022
749.907471000  8.100000000 -0.000431984663
749.932495000  8.100000000 -0.001208372410
749.957520000  8.100000000 -0.001991838220
749.982483000  8.100000000 -0.002777427430
750.007507000  8.100000000 -0.003560520710
750.032471000  8.100000000 -0.004335120320
750.057495000  8.100000000 -0.005096122620
750.082520000  8.100000000 -0.005837902430
750.107483000  8.100000000 -0.006555095310
750.132507000  8.100000000 -0.007242634890
750.157471000  8.100000000 -0.007895976310
750.182495000  8.100000000 -0.008510611950
750.207520000  8.100000000 -0.009083151820
750.232483000  8.100000000 -0.009609721600
750.257507000  8.100000000 -0.010087005800
750.282471000  8.100000000 -0.010512583000
750.307495000  8.100000000 -0.010884515900
750.332520000  8.100000000 -0.011201240100
750.357483000  8.100000000 -0.011462010400
750.382507000  8.100000000 -0.011666491600
750.407471000  8.100000000 -0.011814981700
750.432495000  8.100000000 -0.011908263000
750.457520000  8.100000000 -0.011947602000
750.482483000  8.100000000 -0.011934898800
750.507507000  8.100000000 -0.011872015900
750.532471000  8.100000000 -0.011761300300
750.557495000  8.100000000 -0.011605080200
750.582520000  8.100000000 -0.011405851700
750.607483000  8.100000000 -0.011166557700
750.632507000  8.100000000 -0.010889675500
750.657471000  8.100000000 -0.010577943200
750.682495000  8.100000000 -0.010233186200
750.707520000  8.100000000 -0.009857360270
750.732483000  8.100000000 -0.009452532980
750.757507000  8.100000000 -0.009021107110
750.782471000  8.100000000 -0.008565969770
750.807495000  8.100000000 -0.008090324700
750.832520000  8.100000000 -0.007597897200
750.857483000  8.100000000 -0.007092151790
750.882507000  8.100000000 -0.006576664750
750.907471000  8.100000000 -0.006054099650
750.932495000  8.100000000 -0.005526505410
750.957520000  8.100000000 -0.004995521160
750.982483000  8.100000000 -0.004461985080
751.007507000  8.100000000 -0.003926865760
751.032471000  8.100000000 -0.003391131760
751.057495000  8.100000000 -0.002856059000
751.082520000  8.100000000 -0.002323230730
751.107483000  8.100000000 -0.001794248820
751.132507000  8.100000000 -0.001270836220
751.157471000  8.100000000 -0.000754930079
751.182495000  8.100000000 -0.000249026343
751.207520000  8.100000000 0.000244174153
751.232483000  8.100000000 0.000721551478
751.257507000  8.100000000 0.001180488620
751.282471000  8.100000000 0.001618238170
751.307495000  8.100000000 0.002032257620
751.332520000  8.100000000 0.002419855450
751.357483000  8.100000000 0.002778442580
751.382507000  8.100000000 0.003106202930
751.407471000  8.100000000 0.003402326260
751.432495000  8.100000000 0.003666542470
751.457520000  8.100000000 0.003899745640
751.482483000  8.100000000 0.004103444520
751.507507000  8.100000000 0.004279091950
751.532471000  8.100000000 0.004428606480
751.557495000  8.100000000 0.004553366450
751.582520000  8.100000000 0.004654824730
751.607483000  8.100000000 0.004734396930
751.632507000  8.100000000 0.004793647680
751.657471000  8.100000000 0.004834625870
751.682495000  8.100000000 0.004859399050
751.707520000  8.100000000 0.004870053380
751.732483000  8.100000000 0.004868414250
751.757507000  8.100000000 0.004857368770
751.782471000  8.100000000 0.004840120670
751.807495000  8.100000000 0.004821270700
751.832520000  8.100000000 0.004805549980
751.857483000  8.100000000 0.004798714070
751.882507000  8.100000000 0.004805717620
751.907471000  8.100000000 0.004832297560
751.932495000  8.100000000 0.004883222280
751.957520000  8.100000000 0.004963204260
751.982483000  8.100000000 0.005075670780
752.007507000  8.100000000 0.005223639310
752.032471000  8.100000000 0.005408581350
752.057495000  8.100000000 0.005631297830
752.082520000  8.100000000 0.005890633910
752.107483000  8.100000000 0.006184689700
752.132507000  8.100000000 0.006510242820
752.157471000  8.100000000 0.006862394510
752.182495000  8.100000000 0.007234606890
752.207520000  8.100000000 0.007619000970
752.232483000  8.100000000 0.008008256550
752.257507000  8.100000000 0.008395724000
752.282471000  8.100000000 0.008775107560
752.307495000  8.100000000 0.009141266350
752.332520000  8.100000000 0.009488426150
752.357483000  8.100000000 0.009811408820
752.382507000  8.100000000 0.010104626400
752.407471000  8.100000000 0.010363236100
752.432495000  8.100000000 0.010582618400
752.457520000  8.100000000 0.010757893300
752.482483000  8.100000000 0.010885894300
752.507507000  8.100000000 0.010962933300
752.532471000  8.100000000 0.010987781000
752.557495000  8.100000000 0.010958761000
752.582520000  8.100000000 0.010875351700
752.607483000  8.100000000 0.010737218000
752.632507000  8.100000000 0.010544247900
752.657471000  8.100000000 0.010295845600
752.682495000  8.100000000 0.009990893300
752.707520000  8.100000000 0.009628012780
752.732483000  8.100000000 0.009205937390
752.757507000  8.100000000 0.008724182840
752.782471000  8.100000000 0.008182339370
752.807495000  8.100000000 0.007581450050
752.832520000  8.100000000 0.006922110920
752.857483000  8.100000000 0.006204061210
752.882507000  8.100000000 0.005426742140
752.907471000  8.100000000 0.004590414460
752.932495000  8.100000000 0.003696121280
752.957520000  8.100000000 0.002746768300
752.982483000  8.100000000 0.001745522020
753.007507000  8.100000000 0.000696144998
753.032471000  8.100000000 -0.000398047268
753.057495000  8.100000000 -0.001534074540
753.082520000  8.100000000 -0.002708025280
753.107483000  8.100000000 -0.003915168340
753.132507000  8.100000000 -0.005149766800
753.157471000  8.100000000 -0.006403960290
753.182495000  8.100000000 -0.007669404150
753.207520000  8.100000000 -0.008936449890
753.232483000  8.100000000 -0.010196976400
753.257507000  8.100000000 -0.011441484100
753.282471000  8.100000000 -0.012662895000
753.307495000  8.100000000 -0.013853646800
753.332520000  8.100000000 -0.015006139900
753.357483000  8.100000000 -0.016112290300
753.382507000  8.100000000 -0.017163828000
753.407471000  8.100000000 -0.018151514200
753.432495000  8.100000000 -0.019066706300
753.457520000  8.100000000 -0.019901096800
753.482483000  8.100000000 -0.020648501800
753.507507000  8.100000000 -0.021303519600
753.532471000  8.100000000 -0.021863393500
753.557495000  8.100000000 -0.022326745100
753.582520000  8.100000000 -0.022693835200
753.607483000  8.100000000 -0.022965464700
753.632507000  8.100000000 -0.023143813000
753.657471000  8.100000000 -0.023231245600
753.682495000  8.100000000 -0.023230370100
753.707520000  8.100000000 -0.023144129700
753.732483000  8.100000000 -0.022976566100
753.757507000  8.100000000 -0.022732205700
753.782471000  8.100000000 -0.022415416300
753.807495000  8.100000000 -0.022030249200
753.832520000  8.100000000 -0.021579926800
753.857483000  8.100000000 -0.021067686400
753.882507000  8.100000000 -0.020496327400
753.907471000  8.100000000 -0.019868113100
753.932495000  8.100000000 -0.019185340000
753.957520000  8.100000000 -0.018449634300
753.982483000  8.100000000 -0.017662257000
754.007507000  8.100000000 -0.016825059400
754.032471000  8.100000000 -0.015940036600
754.057495000  8.100000000 -0.015009949000
754.082520000  8.100000000 -0.014036623800
754.107483000  8.100000000 -0.013021659100
754.132507000  8.100000000 -0.011966722100
754.157471000  8.100000000 -0.010875528700
754.182495000  8.100000000 -0.009753936900
754.207520000  8.100000000 -0.008608289060
754.232483000  8.100000000 -0.007442887870
754.257507000  8.100000000 -0.006259642540
754.282471000  8.100000000 -0.005059726540
754.307495000  8.100000000 -0.003845784810
754.332520000  8.100000000 -0.002622976900
754.357483000  8.100000000 -0.001398939640
754.382507000  8.100000000 -0.000181663781
754.407471000  8.100000000 0.001021232460
754.432495000  8.100000000 0.002204515040
754.457520000  8.100000000 0.003364421430
754.482483000  8.100000000 0.004498995840
754.507507000  8.100000000 0.005606412890
754.532471000  8.100000000 0.006684791300
754.557495000  8.100000000 0.007731448860
754.582520000  8.100000000 0.008742446080
754.607483000  8.100000000 0.009712660690
754.632507000  8.100000000 0.010636067000
754.657471000  8.100000000 0.011506304100
754.682495000  8.100000000 0.012317365000
754.707520000  8.100000000 0.013063829400
754.732483000  8.100000000 0.013740798500
754.757507000  8.100000000 0.014343494500
754.782471000  8.100000000 0.014867158600
754.807495000  8.100000000 0.015307042700
754.832520000  8.100000000 0.015657991200
754.857483000  8.100000000 0.015915766400
754.882507000  8.100000000 0.016076941000
754.907471000  8.100000000 0.016139755000
754.932495000  8.100000000 0.016103617800
754.957520000  8.100000000 0.015969131100
754.982483000  8.100000000 0.015737623000
755.007507000  8.100000000 0.015411246600
755.032471000  8.100000000 0.014992868500
755.057495000  8.100000000 0.014486601600
755.082520000  8.100000000 0.013897018500
755.107483000  8.100000000 0.013228738700
755.132507000  8.100000000 0.012484807500
755.157471000  8.100000000 0.011667721000
755.182495000  8.100000000 0.010779425500
755.207520000  8.100000000 0.009821075950
755.232483000  8.100000000 0.008794628080
755.257507000  8.100000000 0.007701702420
755.282471000  8.100000000 0.006544254720
755.307495000  8.100000000 0.005325153470
755.332520000  8.100000000 0.004048086700
755.357483000  8.100000000 0.002717934550
755.382507000  8.100000000 0.001339819280
755.407471000  8.100000000 -0.000080913305
755.432495000  8.100000000 -0.001538693900
755.457520000  8.100000000 -0.003027617930
755.482483000  8.100000000 -0.004540998490
755.507507000  8.100000000 -0.006072577090
755.532471000  8.100000000 -0.007615983490
755.557495000  8.100000000 -0.009166020900
755.582520000  8.100000000 -0.010716375000
755.607483000  8.100000000 -0.012260768600
755.632507000  8.100000000 -0.013791862900
755.657471000  8.100000000 -0.015302123500
755.682495000  8.100000000 -0.016782144100
755.707520000  8.100000000 -0.018221922200
755.732483000  8.100000000 -0.019609741900
755.757507000  8.100000000 -0.020933296500
755.782471000  8.100000000 -0.022181244600
755.807495000  8.100000000 -0.023341609200
755.832520000  8.100000000 -0.024403255400
755.857483000  8.100000000 -0.025354422600
755.882507000  8.100000000 -0.026183005400
755.907471000  8.100000000 -0.026878438900
755.932495000  8.100000000 -0.027431305500
755.957520000  8.100000000 -0.027833813800
755.982483000  8.100000000 -0.028078807500
756.007507000  8.100000000 -0.028159637000
756.032471000  8.100000000 -0.028070975100
756.057495000  8.100000000 -0.027809608700
756.082520000  8.100000000 -0.027375072200
756.107483000  8.100000000 -0.026768762600
756.132507000  8.100000000 -0.025994852200
756.157471000  8.100000000 -0.025059767100
756.182495000  8.100000000 -0.023972764600
756.207520000  8.100000000 -0.022744461900
756.232483000  8.100000000 -0.021387375900
756.257507000  8.100000000 -0.019914470600
756.282471000  8.100000000 -0.018340051200
756.307495000  8.100000000 -0.016678236400
756.332520000  8.100000000 -0.014944821600
756.357483000  8.100000000 -0.013154633300
756.382507000  8.100000000 -0.011323131600
756.407471000  8.100000000 -0.009465813640
756.432495000  8.100000000 -0.007598400120
756.457520000  8.100000000 -0.005736425520
756.482483000  8.100000000 -0.003895647820
756.507507000  8.100000000 -0.002091042700
756.532471000  8.100000000 -0.000338256359
756.557495000  8.100000000 0.001347810030
756.582520000  8.100000000 0.002952404320
756.607483000  8.100000000 0.004460960630
756.632507000  8.100000000 0.005860701200
756.657471000  8.100000000 0.007139071820
756.682495000  8.100000000 0.008284077050
756.707520000  8.100000000 0.009283311670
756.732483000  8.100000000 0.010125152800
756.757507000  8.100000000 0.010799802800
756.782471000  8.100000000 0.011299699500
756.807495000  8.100000000 0.011620335300
756.832520000  8.100000000 0.011759847400
756.857483000  8.100000000 0.011718720200
756.882507000  8.100000000 0.011499337900
756.907471000  8.100000000 0.011105574700
756.932495000  8.100000000 0.010543689100
756.957520000  8.100000000 0.009822025900
756.982483000  8.100000000 0.008951351050
757.007507000  8.100000000 0.007945038380
757.032471000  8.100000000 0.006817393000
757.057495000  8.100000000 0.005584023890
757.082520000  8.100000000 0.004260763530
757.107483000  8.100000000 0.002863891420
757.132507000  8.100000000 0.001410506670
757.157471000  8.100000000 -0.000080801547
757.182495000  8.100000000 -0.001590400930
757.207520000  8.100000000 -0.003098249440
757.232483000  8.100000000 -0.004584789280
757.257507000  8.100000000 -0.006031356750
757.282471000  8.100000000 -0.007419437170
757.307495000  8.100000000 -0.008731745180
757.332520000  8.100000000 -0.009951703250
757.357483000  8.100000000 -0.011064671000
757.382507000  8.100000000 -0.012058801900
757.407471000  8.100000000 -0.012925118200
757.432495000  8.100000000 -0.013657100500
757.457520000  8.100000000 -0.014250800000
757.482483000  8.100000000 -0.014705844200
757.507507000  8.100000000 -0.015024058500
757.532471000  8.100000000 -0.015210472000
757.557495000  8.100000000 -0.015271045300
757.582520000  8.100000000 -0.015212781700
757.607483000  8.100000000 -0.015043802600
757.632507000  8.100000000 -0.014772303400
757.657471000  8.100000000 -0.014407821000
757.682495000  8.100000000 -0.013960413600
757.707520000  8.100000000 -0.013441331700
757.732483000  8.100000000 -0.012863203900
757.757507000  8.100000000 -0.012239441300
757.782471000  8.100000000 -0.011584758800
757.807495000  8.100000000 -0.010913163400
757.832520000  8.100000000 -0.010238811400
757.857483000  8.100000000 -0.009574964640
757.882507000  8.100000000 -0.008933097120
757.907471000  8.100000000 -0.008323565130
757.932495000  8.100000000 -0.007756873970
757.957520000  8.100000000 -0.007242336870
757.982483000  8.100000000 -0.006788372990
758.007507000  8.100000000 -0.006402656440
758.032471000  8.100000000 -0.006091296670
758.057495000  8.100000000 -0.005859062080
758.082520000  8.100000000 -0.005709230900
758.107483000  8.100000000 -0.005643442270
758.132507000  8.100000000 -0.005662143230
758.157471000  8.100000000 -0.005763098600
758.182495000  8.100000000 -0.005944073200
758.207520000  8.100000000 -0.006200000640
758.232483000  8.100000000 -0.006524324420
758.257507000  8.100000000 -0.006909891960
758.282471000  8.100000000 -0.007350072260
758.307495000  8.100000000 -0.007838234310
758.332520000  8.100000000 -0.008367374540
758.357483000  8.100000000 -0.008930563930
758.382507000  8.100000000 -0.009518414740
758.407471000  8.100000000 -0.010121613700
758.432495000  8.100000000 -0.010729879100
758.457520000  8.100000000 -0.011334419300
758.482483000  8.100000000 -0.011927112900
758.507507000  8.100000000 -0.012501776200
758.532471000  8.100000000 -0.013052374100
758.557495000  8.100000000 -0.013573542200
758.582520000  8.100000000 -0.014060884700
758.607483000  8.100000000 -0.014510974300
758.632507000  8.100000000 -0.014920979700
758.657471000  8.100000000 -0.015290677500
758.682495000  8.100000000 -0.015620291200
758.707520000  8.100000000 -0.015913248100
758.732483000  8.100000000 -0.016174092900
758.757507000  8.100000000 -0.016407966600
758.782471000  8.100000000 -0.016619786600
758.807495000  8.100000000 -0.016814544800
758.832520000  8.100000000 -0.016998201600
758.857483000  8.100000000 -0.017178133100
758.882507000  8.100000000 -0.017363950600
758.907471000  8.100000000 -0.017565786800
758.932495000  8.100000000 -0.017790645400
758.957520000  8.100000000 -0.018043518100
758.982483000  8.100000000 -0.018325522500
759.007507000  8.100000000 -0.018638148900
759.032471000  8.100000000 -0.018984600900
759.057495000  8.100000000 -0.019366592200
759.082520000  8.100000000 -0.019786432400
759.107483000  8.100000000 -0.020244866600
759.132507000  8.100000000 -0.020741075300
759.157471000  8.100000000 -0.021273344800
759.182495000  8.100000000 -0.021841526000
759.207520000  8.100000000 -0.022442340900
759.232483000  8.100000000 -0.023073107000
759.257507000  8.100000000 -0.023727715000
759.282471000  8.100000000 -0.024401396500
759.307495000  8.100000000 -0.025086551900
759.332520000  8.100000000 -0.025776475700
759.357483000  8.100000000 -0.026463270200
759.382507000  8.100000000 -0.027138590800
759.407471000  8.100000000 -0.027794987000
759.432495000  8.100000000 -0.028423816000
759.457520000  8.100000000 -0.029016286100
759.482483000  8.100000000 -0.029565095900
759.507507000  8.100000000 -0.030061602600
759.532471000  8.100000000 -0.030500590800
759.557495000  8.100000000 -0.030875355000
759.582520000  8.100000000 -0.031181871900
759.607483000  8.100000000 -0.031415224100
759.632507000  8.100000000 -0.031571984300
759.657471000  8.100000000 -0.031648129200
759.682495000  8.100000000 -0.031642168800
759.707520000  8.100000000 -0.031552761800
759.732483000  8.100000000 -0.031382441500
759.757507000  8.100000000 -0.031134784200
759.782471000  8.100000000 -0.030816048400
759.807495000  8.100000000 -0.030435174700
759.832520000  8.100000000 -0.030000358800
759.857483000  8.100000000 -0.029519647400
759.882507000  8.100000000 -0.028999447800
759.907471000  8.100000000 -0.028444528600
759.932495000  8.100000000 -0.027858763900
759.957520000  8.100000000 -0.027243048000
759.982483000  8.100000000 -0.026599466800
760.007507000  8.100000000 -0.025931000700
760.032471000  8.100000000 -0.025238841800
760.057495000  8.100000000 -0.024528652400
760.082520000  8.100000000 -0.023802369800
760.107483000  8.100000000 -0.023067444600
760.132507000  8.100000000 -0.022328048900
760.157471000  8.100000000 -0.021589696400
760.182495000  8.100000000 -0.020855665200
760.207520000  8.100000000 -0.020127296400
760.232483000  8.100000000 -0.019406974300
760.257507000  8.100000000 -0.018691569600
760.282471000  8.100000000 -0.017986595600
760.307495000  8.100000000 -0.017289519300
760.332520000  8.100000000 -0.016601085700
760.357483000  8.100000000 -0.015922486800
760.382507000  8.100000000 -0.015254616700
760.407471000  8.100000000 -0.014602243900
760.432495000  8.100000000 -0.013974905000
760.457520000  8.100000000 -0.013380646700
760.482483000  8.100000000 -0.012826025500
760.507507000  8.100000000 -0.012314021600
760.532471000  8.100000000 -0.011848211300
760.557495000  8.100000000 -0.011429786700
760.582520000  8.100000000 -0.011059939900
760.607483000  8.100000000 -0.010739564900
760.632507000  8.100000000 -0.010462403300
760.657471000  8.100000000 -0.010224878800
760.682495000  8.100000000 -0.010017156600
760.707520000  8.100000000 -0.009832978250
760.732483000  8.100000000 -0.009660422800
760.757507000  8.100000000 -0.009489953520
760.782471000  8.100000000 -0.009312331680
760.807495000  8.100000000 -0.009123384950
760.832520000  8.100000000 -0.008918941020
760.857483000  8.100000000 -0.008696615700
760.882507000  8.100000000 -0.008454620840
760.907471000  8.100000000 -0.008190274240
760.932495000  8.100000000 -0.007905662060
760.957520000  8.100000000 -0.007603168490
760.982483000  8.100000000 -0.007283687590
761.007507000  8.100000000 -0.006951093670
761.032471000  8.100000000 -0.006610155110
761.057495000  8.100000000 -0.006260871890
761.082520000  8.100000000 -0.005906224250
761.107483000  8.100000000 -0.005548894410
761.132507000  8.100000000 -0.005190968510
761.157471000  8.100000000 -0.004834830760
761.182495000  8.100000000 -0.004482865330
761.207520000  8.100000000 -0.004140138630
761.232483000  8.100000000 -0.003812313080
761.257507000  8.100000000 -0.003508925440
761.282471000  8.100000000 -0.003239810470
761.307495000  8.100000000 -0.003016293050
761.332520000  8.100000000 -0.002847611900
761.357483000  8.100000000 -0.002737939360
761.382507000  8.100000000 -0.002694427970
761.407471000  8.100000000 -0.002722144130
761.432495000  8.100000000 -0.002825260160
761.457520000  8.100000000 -0.003006458280
761.482483000  8.100000000 -0.003263652320
761.507507000  8.100000000 -0.003591477870
761.532471000  8.100000000 -0.003986060620
761.557495000  8.100000000 -0.004439353940
761.582520000  8.100000000 -0.004943013190
761.607483000  8.100000000 -0.005485415460
761.632507000  8.100000000 -0.006057024000
761.657471000  8.100000000 -0.006642937660
761.682495000  8.100000000 -0.007226467130
761.707520000  8.100000000 -0.007796287540
761.732483000  8.100000000 -0.008341073990
761.757507000  8.100000000 -0.008853971960
761.782471000  8.100000000 -0.009333789350
761.807495000  8.100000000 -0.009781718250
761.832520000  8.100000000 -0.010198652700
761.857483000  8.100000000 -0.010583698700
761.882507000  8.100000000 -0.010938644400
761.907471000  8.100000000 -0.011264085800
761.932495000  8.100000000 -0.011560022800
761.957520000  8.100000000 -0.011830329900
761.982483000  8.100000000 -0.012078583200
762.007507000  8.100000000 -0.012310743300
762.032471000  8.100000000 -0.012529194400
762.057495000  8.100000000 -0.012737512600
762.082520000  8.100000000 -0.012937784200
762.107483000  8.100000000 -0.013129115100
762.132507000  8.100000000 -0.013310909300
762.157471000  8.100000000 -0.013476908200
762.182495000  8.100000000 -0.013625621800
762.207520000  8.100000000 -0.013747215300
762.232483000  8.100000000 -0.013833344000
762.257507000  8.100000000 -0.013878941500
762.282471000  8.100000000 -0.013870894900
762.307495000  8.100000000 -0.013801753500
762.332520000  8.100000000 -0.013659596400
762.357483000  8.100000000 -0.013433694800
762.382507000  8.100000000 -0.013118088200
762.407471000  8.100000000 -0.012697279500
762.432495000  8.100000000 -0.012163519900
762.457520000  8.100000000 -0.011503398400
762.482483000  8.100000000 -0.010705888300
762.507507000  8.100000000 -0.009763240810
762.532471000  8.100000000 -0.008666217330
762.557495000  8.100000000 -0.007411837580
762.582520000  8.100000000 -0.005994737150
762.607483000  8.100000000 -0.004410743710
762.632507000  8.100000000 -0.002657771110
762.657471000  8.100000000 -0.000732839108
762.682495000  8.100000000 0.001361072060
762.707520000  8.100000000 0.003620088100
762.732483000  8.100000000 0.006034076210
762.757507000  8.100000000 0.008598268030
762.782471000  8.100000000 0.011291503900
762.807495000  8.100000000 0.014097690600
762.832520000  8.100000000 0.016994476300
762.857483000  8.100000000 0.019964873800
762.882507000  8.100000000 0.022985935200
762.907471000  8.100000000 0.026038587100
762.932495000  8.100000000 0.029096305400
762.957520000  8.100000000 0.032133162000
762.982483000  8.100000000 0.035117566600
763.007507000  8.100000000 0.038025081200
763.032471000  8.100000000 0.040823221200
763.057495000  8.100000000 0.043487250800
763.082520000  8.100000000 0.045988857700
763.107483000  8.100000000 0.048300027800
763.132507000  8.100000000 0.050399005400
763.157471000  8.100000000 0.052265822900
763.182495000  8.100000000 0.053879022600
763.207520000  8.100000000 0.055223405400
763.232483000  8.100000000 0.056281983900
763.257507000  8.100000000 0.057044923300
763.282471000  8.100000000 0.057510137600
763.307495000  8.100000000 0.057679116700
763.332520000  8.100000000 0.057562440600
763.357483000  8.100000000 0.057172924300
763.382507000  8.100000000 0.056534260500
763.407471000  8.100000000 0.055672377300
763.432495000  8.100000000 0.054627209900
763.457520000  8.100000000 0.053430944700
763.482483000  8.100000000 0.052129775300
763.507507000  8.100000000 0.050763040800
763.532471000  8.100000000 0.049373060500
763.557495000  8.100000000 0.048001408600
763.582520000  8.100000000 0.046696513900
763.607483000  8.100000000 0.045506358100
763.632507000  8.100000000 0.044477134900
763.657471000  8.100000000 0.043660104300
763.682495000  8.100000000 0.043098032500
763.707520000  8.100000000 0.042843967700
763.732483000  8.100000000 0.042940080200
763.757507000  8.100000000 0.043435841800
763.782471000  8.100000000 0.044369399500
763.807495000  8.100000000 0.045781731600
763.832520000  8.100000000 0.047702789300
763.857483000  8.100000000 0.050158947700
763.882507000  8.100000000 0.053166449100
763.907471000  8.100000000 0.056736320300
763.932495000  8.100000000 0.060862451800
763.957520000  8.100000000 0.065535754000
763.982483000  8.100000000 0.070732533900
764.007507000  8.100000000 0.076417923000
764.032471000  8.100000000 0.082552358500
764.057495000  8.100000000 0.089078098500
764.082520000  8.100000000 0.095937103000
764.107483000  8.100000000 0.103055611000
764.132507000  8.100000000 0.110354610000
764.157471000  8.100000000 0.117748231000
764.182495000  8.100000000 0.125149012000
764.207520000  8.100000000 0.132477656000
764.232483000  8.100000000 0.139646709000
764.257507000  8.100000000 0.146577045000
764.282471000  8.100000000 0.153193146000
764.307495000  8.100000000 0.159416646000
764.332520000  8.100000000 0.165181383000
764.357483000  8.100000000 0.170424208000
764.382507000  8.100000000 0.175088942000
764.407471000  8.100000000 0.179129839000
764.432495000  8.100000000 0.182506815000
764.457520000  8.100000000 0.185190439000
764.482483000  8.100000000 0.187157989000
764.507507000  8.100000000 0.188393593000
764.532471000  8.100000000 0.188892335000
764.557495000  8.100000000 0.188648254000
764.582520000  8.100000000 0.187665522000
764.607483000  8.100000000 0.185954869000
764.632507000  8.100000000 0.183534622000
764.657471000  8.100000000 0.180431306000
764.682495000  8.100000000 0.176677704000
764.707520000  8.100000000 0.172312558000
764.732483000  8.100000000 0.167372525000
764.757507000  8.100000000 0.161906183000
764.782471000  8.100000000 0.155951977000
764.807495000  8.100000000 0.149556696000
764.832520000  8.100000000 0.142764747000
764.857483000  8.100000000 0.135623217000
764.882507000  8.100000000 0.128179491000
764.907471000  8.100000000 0.120477080000
764.932495000  8.100000000 0.112558603000
764.957520000  8.100000000 0.104461014000
764.982483000  8.100000000 0.096218586000
765.007507000  8.100000000 0.087860822700
765.032471000  8.100000000 0.079420805000
765.057495000  8.100000000 0.070919096500
765.082520000  8.100000000 0.062379241000
765.107483000  8.100000000 0.053823590300
765.132507000  8.100000000 0.045270323800
765.157471000  8.100000000 0.036731958400
765.182495000  8.100000000 0.028222799300
765.207520000  8.100000000 0.019753575300
765.232483000  8.100000000 0.011331439000
765.257507000  8.100000000 0.002969503400
765.282471000  8.100000000 -0.005325078960
765.307495000  8.100000000 -0.013549327900
765.332520000  8.100000000 -0.021690726300
765.357483000  8.100000000 -0.029748082200
765.382507000  8.100000000 -0.037719011300
765.407471000  8.100000000 -0.045595169100
765.432495000  8.100000000 -0.053380131700
765.457520000  8.100000000 -0.061066150700
765.482483000  8.100000000 -0.068647265400
765.507507000  8.100000000 -0.076103210400
765.532471000  8.100000000 -0.083422362800
765.557495000  8.100000000 -0.090574026100
765.582520000  8.100000000 -0.097526311900
765.607483000  8.100000000 -0.104249716000
765.632507000  8.100000000 -0.110696554000
765.657471000  8.100000000 -0.116829872000
765.682495000  8.100000000 -0.122592747000
765.707520000  8.100000000 -0.127940178000
765.732483000  8.100000000 -0.132812262000
765.757507000  8.100000000 -0.137155950000
765.782471000  8.100000000 -0.140917897000
765.807495000  8.100000000 -0.144043267000
765.832520000  8.100000000 -0.146488249000
765.857483000  8.100000000 -0.148205459000
765.882507000  8.100000000 -0.149158835000
765.907471000  8.100000000 -0.149311423000
765.932495000  8.100000000 -0.148634315000
765.957520000  8.100000000 -0.147101581000
765.982483000  8.100000000 -0.144696534000
766.007507000  8.100000000 -0.141403973000
766.032471000  8.100000000 -0.137223601000
766.057495000  8.100000000 -0.132155865000
766.082520000  8.100000000 -0.126216710000
766.107483000  8.100000000 -0.119425356000
766.132507000  8.100000000 -0.111815929000
766.157471000  8.100000000 -0.103427023000
766.182495000  8.100000000 -0.094305723900
766.207520000  8.100000000 -0.084507614400
766.232483000  8.100000000 -0.074098855300
766.257507000  8.100000000 -0.063151940700
766.282471000  8.100000000 -0.051749870200
766.307495000  8.100000000 -0.039982199700
766.332520000  8.100000000 -0.027942210400
766.357483000  8.100000000 -0.015731379400
766.382507000  8.100000000 -0.003452375530
766.407471000  8.100000000 0.008787363770
766.432495000  8.100000000 0.020882114800
766.457520000  8.100000000 0.032723918600
766.482483000  8.100000000 0.044211447200
766.507507000  8.100000000 0.055244416000
766.532471000  8.100000000 0.065729618100
766.557495000  8.100000000 0.075573772200
766.582520000  8.100000000 0.084697455200
766.607483000  8.100000000 0.093024373100
766.632507000  8.100000000 0.100493580000
766.657471000  8.100000000 0.107050091000
766.682495000  8.100000000 0.112650692000
766.707520000  8.100000000 0.117263347000
766.732483000  8.100000000 0.120859146000
766.757507000  8.100000000 0.123421252000
766.782471000  8.100000000 0.124930888000
766.807495000  8.100000000 0.125386566000
766.832520000  8.100000000 0.124784708000
766.857483000  8.100000000 0.123137832000
766.882507000  8.100000000 0.120456219000
766.907471000  8.100000000 0.116763711000
766.932495000  8.100000000 0.112085640000
766.957520000  8.100000000 0.106453598000
766.982483000  8.100000000 0.099906623400
767.007507000  8.100000000 0.092489123300
767.032471000  8.100000000 0.084252059500
767.057495000  8.100000000 0.075253546200
767.082520000  8.100000000 0.065554380400
767.107483000  8.100000000 0.055221617200
767.132507000  8.100000000 0.044327378300
767.157471000  8.100000000 0.032950043700
767.182495000  8.100000000 0.021173059900
767.207520000  8.100000000 0.009082555770
767.232483000  8.100000000 -0.003225207330
767.257507000  8.100000000 -0.015661716500
767.282471000  8.100000000 -0.028127729900
767.307495000  8.100000000 -0.040535032700
767.332520000  8.100000000 -0.052786767500
767.357483000  8.100000000 -0.064799785600
767.382507000  8.100000000 -0.076487362400
767.407471000  8.100000000 -0.087777972200
767.432495000  8.100000000 -0.098598301400
767.457520000  8.100000000 -0.108881295000
767.482483000  8.100000000 -0.118569434000
767.507507000  8.100000000 -0.127603114000
767.532471000  8.100000000 -0.135933161000
767.557495000  8.100000000 -0.143506825000
767.582520000  8.100000000 -0.150276721000
767.607483000  8.100000000 -0.156197697000
767.632507000  8.100000000 -0.161225200000
767.657471000  8.100000000 -0.165314227000
767.682495000  8.100000000 -0.168428421000
767.707520000  8.100000000 -0.170526057000
767.732483000  8.100000000 -0.171571225000
767.757507000  8.100000000 -0.171536356000
767.782471000  8.100000000 -0.170398578000
767.807495000  8.100000000 -0.168141276000
767.832520000  8.100000000 -0.164756700000
767.857483000  8.100000000 -0.160245821000
767.882507000  8.100000000 -0.154619217000
767.907471000  8.100000000 -0.147897676000
767.932495000  8.100000000 -0.140112251000
767.957520000  8.100000000 -0.131302536000
767.982483000  8.100000000 -0.121509910000
768.007507000  8.100000000 -0.110784881000
768.032471000  8.100000000 -0.099184334300
768.057495000  8.100000000 -0.086760759400
768.082520000  8.100000000 -0.073583439000
768.107483000  8.100000000 -0.059708096100
768.132507000  8.100000000 -0.045199655000
768.157471000  8.100000000 -0.030127838300
768.182495000  8.100000000 -0.014567263400
768.207520000  8.100000000 0.001398138700
768.232483000  8.100000000 0.017677098500
768.257507000  8.100000000 0.034163780500
768.282471000  8.100000000 0.050753653000
768.307495000  8.100000000 0.067325942200
768.332520000  8.100000000 0.083761528100
768.357483000  8.100000000 0.099933147400
768.382507000  8.100000000 0.115713924000
768.407471000  8.100000000 0.130976170000
768.432495000  8.100000000 0.145593837000
768.457520000  8.100000000 0.159438372000
768.482483000  8.100000000 0.172398239000
768.507507000  8.100000000 0.184362605000
768.532471000  8.100000000 0.195227861000
768.557495000  8.100000000 0.204912499000
768.582520000  8.100000000 0.213331655000
768.607483000  8.100000000 0.220432580000
768.632507000  8.100000000 0.226165354000
768.657471000  8.100000000 0.230502188000
768.682495000  8.100000000 0.233437121000
768.707520000  8.100000000 0.234977454000
768.732483000  8.100000000 0.235148072000
768.757507000  8.100000000 0.234008431000
768.782471000  8.100000000 0.231616497000
768.807495000  8.100000000 0.228067636000
768.832520000  8.100000000 0.223441720000
768.857483000  8.100000000 0.217861235000
768.882507000  8.100000000 0.211439133000
768.907471000  8.100000000 0.204294026000
768.932495000  8.100000000 0.196566880000
768.957520000  8.100000000 0.188381076000
768.982483000  8.100000000 0.179866254000
769.007507000  8.100000000 0.171148777000
769.032471000  8.100000000 0.162354112000
769.057495000  8.100000000 0.153597593000
769.082520000  8.100000000 0.144985318000
769.107483000  8.100000000 0.136615038000
769.132507000  8.100000000 0.128567815000
769.157471000  8.100000000 0.120912790000
769.182495000  8.100000000 0.113697648000
769.207520000  8.100000000 0.106964707000
769.232483000  8.100000000 0.100740790000
769.257507000  8.100000000 0.095041394200
769.282471000  8.100000000 0.089863538700
769.307495000  8.100000000 0.085200667400
769.332520000  8.100000000 0.081030726400
769.357483000  8.100000000 0.077339410800
769.382507000  8.100000000 0.074084997200
769.407471000  8.100000000 0.071234703100
769.432495000  8.100000000 0.068763494500
769.457520000  8.100000000 0.066631436300
769.482483000  8.100000000 0.064816474900
769.507507000  8.100000000 0.063299536700
769.532471000  8.100000000 0.062063932400
769.557495000  8.100000000 0.061109662100
769.582520000  8.100000000 0.060418248200
769.607483000  8.100000000 0.059987902600
769.632507000  8.100000000 0.059829354300
769.657471000  8.100000000 0.059928894000
769.682495000  8.100000000 0.060310959800
769.707520000  8.100000000 0.060962438600
769.732483000  8.100000000 0.061904788000
769.757507000  8.100000000 0.063135623900
769.782471000  8.100000000 0.064671039600
769.807495000  8.100000000 0.066515803300
769.832520000  8.100000000 0.068664550800
769.857483000  8.100000000 0.071129798900
769.882507000  8.100000000 0.073897838600
769.907471000  8.100000000 0.076977014500
769.932495000  8.100000000 0.080336332300
769.957520000  8.100000000 0.083982944500
769.982483000  8.100000000 0.087866187100
770.007507000  8.100000000 0.091997385000
770.032471000  8.100000000 0.096309185000
770.057495000  8.100000000 0.100795627000
770.082520000  8.100000000 0.105403066000
770.107483000  8.100000000 0.110089779000
770.132507000  8.100000000 0.114803910000
770.157471000  8.100000000 0.119487047000
770.182495000  8.100000000 0.124083161000
770.207520000  8.100000000 0.128527880000
770.232483000  8.100000000 0.132766962000
770.257507000  8.100000000 0.136718154000
770.282471000  8.100000000 0.140335560000
770.307495000  8.100000000 0.143551230000
770.332520000  8.100000000 0.146308541000
770.357483000  8.100000000 0.148533583000
770.382507000  8.100000000 0.150192976000
770.407471000  8.100000000 0.151227713000
770.432495000  8.100000000 0.151602030000
770.457520000  8.100000000 0.151274204000
770.482483000  8.100000000 0.150201321000
770.507507000  8.100000000 0.148376226000
770.532471000  8.100000000 0.145759583000
770.557495000  8.100000000 0.142343044000
770.582520000  8.100000000 0.138108730000
770.607483000  8.100000000 0.133044720000
770.632507000  8.100000000 0.127153397000
770.657471000  8.100000000 0.120419264000
770.682495000  8.100000000 0.112844706000
770.707520000  8.100000000 0.104436874000
770.732483000  8.100000000 0.095181465100
770.757507000  8.100000000 0.085093975100
770.782471000  8.100000000 0.074182748800
770.807495000  8.100000000 0.062457323100
770.832520000  8.100000000 0.049933195100
770.857483000  8.100000000 0.036638975100
770.882507000  8.100000000 0.022609233900
770.907471000  8.100000000 0.007878541950
770.932495000  8.100000000 -0.007481575010
770.957520000  8.100000000 -0.023417472800
770.982483000  8.100000000 -0.039837360400
771.007507000  8.100000000 -0.056653022800
771.032471000  8.100000000 -0.073750019100
771.057495000  8.100000000 -0.091009140000
771.082520000  8.100000000 -0.108314753000
771.107483000  8.100000000 -0.125534534000
771.132507000  8.100000000 -0.142540932000
771.157471000  8.100000000 -0.159200430000
771.182495000  8.100000000 -0.175402164000
771.207520000  8.100000000 -0.191011429000
771.232483000  8.100000000 -0.205924511000
771.257507000  8.100000000 -0.220031738000
771.282471000  8.100000000 -0.233236551000
771.307495000  8.100000000 -0.245447159000
771.332520000  8.100000000 -0.256584883000
771.357483000  8.100000000 -0.266588330000
771.382507000  8.100000000 -0.275396109000
771.407471000  8.100000000 -0.282976031000
771.432495000  8.100000000 -0.289294720000
771.457520000  8.100000000 -0.294341445000
771.482483000  8.100000000 -0.298107862000
771.507507000  8.100000000 -0.300602913000
771.532471000  8.100000000 -0.301842093000
771.557495000  8.100000000 -0.301850438000
771.582520000  8.100000000 -0.300657153000
771.607483000  8.100000000 -0.298307538000
771.632507000  8.100000000 -0.294843316000
771.657471000  8.100000000 -0.290318727000
771.682495000  8.100000000 -0.284788013000
771.707520000  8.100000000 -0.278315544000
771.732483000  8.100000000 -0.270971656000
771.757507000  8.100000000 -0.262824893000
771.782471000  8.100000000 -0.253949761000
771.807495000  8.100000000 -0.244429708000
771.832520000  8.100000000 -0.234345496000
771.857483000  8.100000000 -0.223778188000
771.882507000  8.100000000 -0.212816894000
771.907471000  8.100000000 -0.201543272000
771.932495000  8.100000000 -0.190048516000
771.957520000  8.100000000 -0.178421736000
771.982483000  8.100000000 -0.166755319000
772.007507000  8.100000000 -0.155142248000
772.032471000  8.100000000 -0.143676102000
772.057495000  8.100000000 -0.132451952000
772.082520000  8.100000000 -0.121559799000
772.107483000  8.100000000 -0.111092329000
772.132507000  8.100000000 -0.101138651000
772.157471000  8.100000000 -0.091782510300
772.182495000  8.100000000 -0.083100050700
772.207520000  8.100000000 -0.075160712000
772.232483000  8.100000000 -0.068023651800
772.257507000  8.100000000 -0.061736255900
772.282471000  8.100000000 -0.056333690900
772.307495000  8.100000000 -0.051846057200
772.332520000  8.100000000 -0.048285871700
772.357483000  8.100000000 -0.045655369800
772.382507000  8.100000000 -0.043954998300
772.407471000  8.100000000 -0.043161660400
772.432495000  8.100000000 -0.043249279300
772.457520000  8.100000000 -0.044185519200
772.482483000  8.100000000 -0.045922547600
772.507507000  8.100000000 -0.048412829600
772.532471000  8.100000000 -0.051603317300
772.557495000  8.100000000 -0.055438876200
772.582520000  8.100000000 -0.059861540800
772.607483000  8.100000000 -0.064812749600
772.632507000  8.100000000 -0.070234984200
772.657471000  8.100000000 -0.076072812100
772.682495000  8.100000000 -0.082265585700
772.707520000  8.100000000 -0.088759362700
772.732483000  8.100000000 -0.095497816800
772.757507000  8.100000000 -0.102427825000
772.782471000  8.100000000 -0.109500512000
772.807495000  8.100000000 -0.116661862000
772.832520000  8.100000000 -0.123869479000
772.857483000  8.100000000 -0.131079584000
772.882507000  8.100000000 -0.138254941000
772.907471000  8.100000000 -0.145360991000
772.932495000  8.100000000 -0.152369455000
772.957520000  8.100000000 -0.159252048000
772.982483000  8.100000000 -0.165985852000
773.007507000  8.100000000 -0.172551930000
773.032471000  8.100000000 -0.178934559000
773.057495000  8.100000000 -0.185118496000
773.082520000  8.100000000 -0.191092119000
773.107483000  8.100000000 -0.196844637000
773.132507000  8.100000000 -0.202364102000
773.157471000  8.100000000 -0.207640529000
773.182495000  8.100000000 -0.212662816000
773.207520000  8.100000000 -0.217416584000
773.232483000  8.100000000 -0.221891105000
773.257507000  8.100000000 -0.226068646000
773.282471000  8.100000000 -0.229935497000
773.307495000  8.100000000 -0.233475268000
773.332520000  8.100000000 -0.236670971000
773.357483000  8.100000000 -0.239504576000
773.382507000  8.100000000 -0.241960883000
773.407471000  8.100000000 -0.244027376000
773.432495000  8.100000000 -0.245697498000
773.457520000  8.100000000 -0.246969759000
773.482483000  8.100000000 -0.247854292000
773.507507000  8.100000000 -0.248353779000
773.532471000  8.100000000 -0.248476863000
773.557495000  8.100000000 -0.248229504000
773.582520000  8.100000000 -0.247618556000
773.607483000  8.100000000 -0.246654749000
773.632507000  8.100000000 -0.245338678000
773.657471000  8.100000000 -0.243680477000
773.682495000  8.100000000 -0.241684318000
773.707520000  8.100000000 -0.239356756000
773.732483000  8.100000000 -0.236703157000
773.757507000  8.100000000 -0.233733058000
773.782471000  8.100000000 -0.230455995000
773.807495000  8.100000000 -0.226877928000
773.832520000  8.100000000 -0.223010182000
773.857483000  8.100000000 -0.218861699000
773.882507000  8.100000000 -0.214436054000
773.907471000  8.100000000 -0.209748149000
773.932495000  8.100000000 -0.204787850000
773.957520000  8.100000000 -0.199573040000
773.982483000  8.100000000 -0.194099545000
774.007507000  8.100000000 -0.188368559000
774.032471000  8.100000000 -0.182377100000
774.057495000  8.100000000 -0.176116228000
774.082520000  8.100000000 -0.169569850000
774.107483000  8.100000000 -0.162732005000
774.132507000  8.100000000 -0.155575275000
774.157471000  8.100000000 -0.148098469000
774.182495000  8.100000000 -0.140278339000
774.207520000  8.100000000 -0.132097006000
774.232483000  8.100000000 -0.123555660000
774.257507000  8.100000000 -0.114649534000
774.282471000  8.100000000 -0.105401278000
774.307495000  8.100000000 -0.095826387400
774.332520000  8.100000000 -0.085976123800
774.357483000  8.100000000 -0.075893402100
774.382507000  8.100000000 -0.065644979500
774.407471000  8.100000000 -0.055309534100
774.432495000  8.100000000 -0.044960975600
774.457520000  8.100000000 -0.034681558600
774.482483000  8.100000000 -0.024576187100
774.507507000  8.100000000 -0.014730691900
774.532471000  8.100000000 -0.005242824550
774.557495000  8.100000000 0.003807544710
774.582520000  8.100000000 0.012348890300
774.607483000  8.100000000 0.020306110400
774.632507000  8.100000000 0.027633905400
774.657471000  8.100000000 0.034273862800
774.682495000  8.100000000 0.040198564500
774.707520000  8.100000000 0.045393705400
774.732483000  8.100000000 0.049866437900
774.757507000  8.100000000 0.053638219800
774.782471000  8.100000000 0.056750774400
774.807495000  8.100000000 0.059223175000
774.832520000  8.100000000 0.061117410700
774.857483000  8.100000000 0.062478780700
774.882507000  8.100000000 0.063354969000
774.907471000  8.100000000 0.063794851300
774.932495000  8.100000000 0.063842535000
774.957520000  8.100000000 0.063562393200
774.982483000  8.100000000 0.062984228100
775.007507000  8.100000000 0.062159299900
775.032471000  8.100000000 0.061131715800
775.057495000  8.100000000 0.059931278200
775.082520000  8.100000000 0.058586597400
775.107483000  8.100000000 0.057120323200
775.132507000  8.100000000 0.055521726600
775.157471000  8.100000000 0.053799152400
775.182495000  8.100000000 0.051932334900
775.207520000  8.100000000 0.049920082100
775.232483000  8.100000000 0.047738552100
775.257507000  8.100000000 0.045380592300
775.282471000  8.100000000 0.042827129400
775.307495000  8.100000000 0.040068626400
775.332520000  8.100000000 0.037100911100
775.357483000  8.100000000 0.033915638900
775.382507000  8.100000000 0.030512213700
775.407471000  8.100000000 0.026900768300
775.432495000  8.100000000 0.023075938200
775.457520000  8.100000000 0.019057989100
775.482483000  8.100000000 0.014845728900
775.507507000  8.100000000 0.010452270500
775.532471000  8.100000000 0.005897879600
775.557495000  8.100000000 0.001196861270
775.582520000  8.100000000 -0.003623366360
775.607483000  8.100000000 -0.008537173270
775.632507000  8.100000000 -0.013502240200
775.657471000  8.100000000 -0.018479824100
775.682495000  8.100000000 -0.023415088700
775.707520000  8.100000000 -0.028263330500
775.732483000  8.100000000 -0.032961368600
775.757507000  8.100000000 -0.037447810200
775.782471000  8.100000000 -0.041669011100
775.807495000  8.100000000 -0.045557618100
775.832520000  8.100000000 -0.049051046400
775.857483000  8.100000000 -0.052098035800
775.882507000  8.100000000 -0.054639577900
775.907471000  8.100000000 -0.056635141400
775.932495000  8.100000000 -0.058052539800
775.957520000  8.100000000 -0.058857202500
775.982483000  8.100000000 -0.059045553200
776.007507000  8.100000000 -0.058600902600
776.032471000  8.100000000 -0.057520866400
776.057495000  8.100000000 -0.055817365600
776.082520000  8.100000000 -0.053492784500
776.107483000  8.100000000 -0.050570964800
776.132507000  8.100000000 -0.047063827500
776.157471000  8.100000000 -0.043002367000
776.182495000  8.100000000 -0.038396120100
776.207520000  8.100000000 -0.033283233600
776.232483000  8.100000000 -0.027672052400
776.257507000  8.100000000 -0.021591186500
776.282471000  8.100000000 -0.015047788600
776.307495000  8.100000000 -0.008074045180
776.332520000  8.100000000 -0.000679492950
776.357483000  8.100000000 0.007108449940
776.382507000  8.100000000 0.015257597000
776.407471000  8.100000000 0.023742914200
776.432495000  8.100000000 0.032523870500
776.457520000  8.100000000 0.041556358300
776.482483000  8.100000000 0.050798654600
776.507507000  8.100000000 0.060201883300
776.532471000  8.100000000 0.069707632100
776.557495000  8.100000000 0.079267025000
776.582520000  8.100000000 0.088818073300
776.607483000  8.100000000 0.098296403900
776.632507000  8.100000000 0.107636452000
776.657471000  8.100000000 0.116765499000
776.682495000  8.100000000 0.125619173000
776.707520000  8.100000000 0.134126544000
776.732483000  8.100000000 0.142223835000
776.757507000  8.100000000 0.149854422000
776.782471000  8.100000000 0.156968832000
776.807495000  8.100000000 0.163517594000
776.832520000  8.100000000 0.169464946000
776.857483000  8.100000000 0.174776912000
776.882507000  8.100000000 0.179434419000
776.907471000  8.100000000 0.183414817000
776.932495000  8.100000000 0.186715722000
776.957520000  8.100000000 0.189334750000
776.982483000  8.100000000 0.191279054000
777.007507000  8.100000000 0.192557573000
777.032471000  8.100000000 0.193193555000
777.057495000  8.100000000 0.193207264000
777.082520000  8.100000000 0.192618370000
777.107483000  8.100000000 0.191455483000
777.132507000  8.100000000 0.189739466000
777.157471000  8.100000000 0.187493563000
777.182495000  8.100000000 0.184751749000
777.207520000  8.100000000 0.181536078000
777.232483000  8.100000000 0.177868009000
777.257507000  8.100000000 0.173773766000
777.282471000  8.100000000 0.169281960000
777.307495000  8.100000000 0.164417624000
777.332520000  8.100000000 0.159212947000
777.357483000  8.100000000 0.153697729000
777.382507000  8.100000000 0.147904158000
777.407471000  8.100000000 0.141872168000
777.432495000  8.100000000 0.135638416000
777.457520000  8.100000000 0.129247010000
777.482483000  8.100000000 0.122737586000
777.507507000  8.100000000 0.116155744000
777.532471000  8.100000000 0.109543502000
777.557495000  8.100000000 0.102949440000
777.582520000  8.100000000 0.096418261500
777.607483000  8.100000000 0.089995861100
777.632507000  8.100000000 0.083731412900
777.657471000  8.100000000 0.077669322500
777.682495000  8.100000000 0.071853399300
777.707520000  8.100000000 0.066325068500
777.732483000  8.100000000 0.061116516600
777.757507000  8.100000000 0.056255757800
777.782471000  8.100000000 0.051780343100
777.807495000  8.100000000 0.047718882600
777.832520000  8.100000000 0.044102370700
777.857483000  8.100000000 0.040959715800
777.882507000  8.100000000 0.038306415100
777.907471000  8.100000000 0.036157071600
777.932495000  8.100000000 0.034507811100
777.957520000  8.100000000 0.033350586900
777.982483000  8.100000000 0.032668113700
778.007507000  8.100000000 0.032432377300
778.032471000  8.100000000 0.032628178600
778.057495000  8.100000000 0.033226907300
778.082520000  8.100000000 0.034208297700
778.107483000  8.100000000 0.035550296300
778.132507000  8.100000000 0.037211477800
778.157471000  8.100000000 0.039171874500
778.182495000  8.100000000 0.041375458200
778.207520000  8.100000000 0.043794214700
778.232483000  8.100000000 0.046373009700
778.257507000  8.100000000 0.049064755400
778.282471000  8.100000000 0.051819384100
778.307495000  8.100000000 0.054590404000
778.332520000  8.100000000 0.057332813700
778.357483000  8.100000000 0.060014724700
778.382507000  8.100000000 0.062603950500
778.407471000  8.100000000 0.065070986700
778.432495000  8.100000000 0.067399293200
778.457520000  8.100000000 0.069559961600
778.482483000  8.100000000 0.071541816000
778.507507000  8.100000000 0.073335468800
778.532471000  8.100000000 0.074936151500
778.557495000  8.100000000 0.076350122700
778.582520000  8.100000000 0.077584236900
778.607483000  8.100000000 0.078662782900
778.632507000  8.100000000 0.079600065900
778.657471000  8.100000000 0.080427378400
778.682495000  8.100000000 0.081166327000
778.707520000  8.100000000 0.081838667400
778.732483000  8.100000000 0.082466751300
778.757507000  8.100000000 0.083067715200
778.782471000  8.100000000 0.083656460000
778.807495000  8.100000000 0.084250867400
778.832520000  8.100000000 0.084855034900
778.857483000  8.100000000 0.085469558800
778.882507000  8.100000000 0.086093619500
778.907471000  8.100000000 0.086712613700
778.932495000  8.100000000 0.087306723000
778.957520000  8.100000000 0.087847709700
778.982483000  8.100000000 0.088304728300
779.007507000  8.100000000 0.088642053300
779.032471000  8.100000000 0.088830143200
779.057495000  8.100000000 0.088836178200
779.082520000  8.100000000 0.088633485100
779.107483000  8.100000000 0.088187530600
779.132507000  8.100000000 0.087472513300
779.157471000  8.100000000 0.086463630200
779.182495000  8.100000000 0.085141852500
779.207520000  8.100000000 0.083493895800
779.232483000  8.100000000 0.081507906300
779.257507000  8.100000000 0.079179912800
779.282471000  8.100000000 0.076509751400
779.307495000  8.100000000 0.073506347800
779.332520000  8.100000000 0.070185326000
779.357483000  8.100000000 0.066569000500
779.382507000  8.100000000 0.062682479600
779.407471000  8.100000000 0.058552697300
779.432495000  8.100000000 0.054209232300
779.457520000  8.100000000 0.049686729900
779.482483000  8.100000000 0.045026093700
779.507507000  8.100000000 0.040271431200
779.532471000  8.100000000 0.035467594900
779.557495000  8.100000000 0.030657574500
779.582520000  8.100000000 0.025881901400
779.607483000  8.100000000 0.021178647900
779.632507000  8.100000000 0.016583129800
779.657471000  8.100000000 0.012126565000
779.682495000  8.100000000 0.007835030560
779.707520000  8.100000000 0.003731772300
779.732483000  8.100000000 -0.000166445971
779.757507000  8.100000000 -0.003850162030
779.782471000  8.100000000 -0.007314309480
779.807495000  8.100000000 -0.010558664800
779.832520000  8.100000000 -0.013582631900
779.857483000  8.100000000 -0.016382709100
779.882507000  8.100000000 -0.018953308500
779.907471000  8.100000000 -0.021288394900
779.932495000  8.100000000 -0.023380741500
779.957520000  8.100000000 -0.025221407400
779.982483000  8.100000000 -0.026805698900
780.007507000  8.100000000 -0.028131753200
780.032471000  8.100000000 -0.029200017500
780.057495000  8.100000000 -0.030018538200
780.082520000  8.100000000 -0.030589103700
780.107483000  8.100000000 -0.030922293700
780.132507000  8.100000000 -0.031021237400
780.157471000  8.100000000 -0.030895322600
780.182495000  8.100000000 -0.030554980000
780.207520000  8.100000000 -0.030010715100
780.232483000  8.100000000 -0.029276125100
780.257507000  8.100000000 -0.028366893500
780.282471000  8.100000000 -0.027299933100
780.307495000  8.100000000 -0.026092305800
780.332520000  8.100000000 -0.024759620400
780.357483000  8.100000000 -0.023313239200
780.382507000  8.100000000 -0.021762140100
780.407471000  8.100000000 -0.020112544300
780.432495000  8.100000000 -0.018368624200
780.457520000  8.100000000 -0.016538016500
780.482483000  8.100000000 -0.014624334900
780.507507000  8.100000000 -0.012637469900
780.532471000  8.100000000 -0.010582227300
780.557495000  8.100000000 -0.008465629070
780.582520000  8.100000000 -0.006292518230
780.607483000  8.100000000 -0.004069339480
780.632507000  8.100000000 -0.001805983480
780.657471000  8.100000000 0.000490993261
780.682495000  8.100000000 0.002809781580
780.707520000  8.100000000 0.005140993740
780.732483000  8.100000000 0.007470212880
780.757507000  8.100000000 0.009781364350
780.782471000  8.100000000 0.012055151200
780.807495000  8.100000000 0.014271214600
780.832520000  8.100000000 0.016407258800
780.857483000  8.100000000 0.018442198600
780.882507000  8.100000000 0.020352378500
780.907471000  8.100000000 0.022115111400
780.932495000  8.100000000 0.023704841700
780.957520000  8.100000000 0.025099180600
780.982483000  8.100000000 0.026277601700
781.007507000  8.100000000 0.027226470400
781.032471000  8.100000000 0.027941726100
781.057495000  8.100000000 0.028430111700
781.082520000  8.100000000 0.028708130100
781.107483000  8.100000000 0.028800293800
781.132507000  8.100000000 0.028736442300
781.157471000  8.100000000 0.028549656300
781.182495000  8.100000000 0.028275698400
781.207520000  8.100000000 0.027950331600
781.232483000  8.100000000 0.027609765500
781.257507000  8.100000000 0.027288720000
781.282471000  8.100000000 0.027024298900
781.307495000  8.100000000 0.026849731800
781.332520000  8.100000000 0.026797279700
781.357483000  8.100000000 0.026896297900
781.382507000  8.100000000 0.027169287200
781.407471000  8.100000000 0.027634128900
781.432495000  8.100000000 0.028303712600
781.457520000  8.100000000 0.029189288600
781.482483000  8.100000000 0.030299872200
781.507507000  8.100000000 0.031643658900
781.532471000  8.100000000 0.033228620900
781.557495000  8.100000000 0.035060346100
781.582520000  8.100000000 0.037145018600
781.607483000  8.100000000 0.039487481100
781.632507000  8.100000000 0.042089745400
781.657471000  8.100000000 0.044952184000
781.682495000  8.100000000 0.048072636100
781.707520000  8.100000000 0.051445365000
781.732483000  8.100000000 0.055062770800
781.757507000  8.100000000 0.058912038800
781.782471000  8.100000000 0.062976777600
781.807495000  8.100000000 0.067237913600
781.832520000  8.100000000 0.071673691300
781.857483000  8.100000000 0.076259076600
781.882507000  8.100000000 0.080962628100
781.907471000  8.100000000 0.085748136000
781.932495000  8.100000000 0.090575218200
781.957520000  8.100000000 0.095397383000
781.982483000  8.100000000 0.100169480000
782.007507000  8.100000000 0.104845166000
782.032471000  8.100000000 0.109377354000
782.057495000  8.100000000 0.113716274000
782.082520000  8.100000000 0.117814839000
782.107483000  8.100000000 0.121624768000
782.132507000  8.100000000 0.125106275000
782.157471000  8.100000000 0.128225684000
782.182495000  8.100000000 0.130959749000
782.207520000  8.100000000 0.133291185000
782.232483000  8.100000000 0.135211647000
782.257507000  8.100000000 0.136717260000
782.282471000  8.100000000 0.137814581000
782.307495000  8.100000000 0.138512850000
782.332520000  8.100000000 0.138835609000
782.357483000  8.100000000 0.138808489000
782.382507000  8.100000000 0.138463676000
782.407471000  8.100000000 0.137833655000
782.432495000  8.100000000 0.136950314000
782.457520000  8.100000000 0.135837793000
782.482483000  8.100000000 0.134516060000
782.507507000  8.100000000 0.133011937000
782.532471000  8.100000000 0.131339729000
782.557495000  8.100000000 0.129525661000
782.582520000  8.100000000 0.127582550000
782.607483000  8.100000000 0.125526190000
782.632507000  8.100000000 0.123367906000
782.657471000  8.100000000 0.121110678000
782.682495000  8.100000000 0.118756890000
782.707520000  8.100000000 0.116298795000
782.732483000  8.100000000 0.113731623000
782.757507000  8.100000000 0.111037493000
782.782471000  8.100000000 0.108199716000
782.807495000  8.100000000 0.105190873000
782.832520000  8.100000000 0.101981759000
782.857483000  8.100000000 0.098545551300
782.882507000  8.100000000 0.094848871200
782.907471000  8.100000000 0.090868473100
782.932495000  8.100000000 0.086583495100
782.957520000  8.100000000 0.081967115400
782.982483000  8.100000000 0.077004432700
783.007507000  8.100000000 0.071688890500
783.032471000  8.100000000 0.066010952000
783.057495000  8.100000000 0.059973001500
783.082520000  8.100000000 0.053591132200
783.107483000  8.100000000 0.046870708500
783.132507000  8.100000000 0.039826035500
783.157471000  8.100000000 0.032482147200
783.182495000  8.100000000 0.024846196200
783.207520000  8.100000000 0.016937255900
783.232483000  8.100000000 0.008769035340
783.257507000  8.100000000 0.000360608101
783.282471000  8.100000000 -0.008267760280
783.307495000  8.100000000 -0.017096400300
783.332520000  8.100000000 -0.026089549100
783.357483000  8.100000000 -0.035229325300
783.382507000  8.100000000 -0.044491291000
783.407471000  8.100000000 -0.053826570500
783.432495000  8.100000000 -0.063213110000
783.457520000  8.100000000 -0.072614550600
783.482483000  8.100000000 -0.081985592800
783.507507000  8.100000000 -0.091285705600
783.532471000  8.100000000 -0.100473166000
783.557495000  8.100000000 -0.109492540000
783.582520000  8.100000000 -0.118296742000
783.607483000  8.100000000 -0.126831532000
783.632507000  8.100000000 -0.135040283000
783.657471000  8.100000000 -0.142859817000
783.682495000  8.100000000 -0.150230527000
783.707520000  8.100000000 -0.157098770000
783.732483000  8.100000000 -0.163404346000
783.757507000  8.100000000 -0.169105530000
783.782471000  8.100000000 -0.174151063000
783.807495000  8.100000000 -0.178518295000
783.832520000  8.100000000 -0.182163119000
783.857483000  8.100000000 -0.185067356000
783.882507000  8.100000000 -0.187216103000
783.907471000  8.100000000 -0.188602209000
783.932495000  8.100000000 -0.189230740000
783.957520000  8.100000000 -0.189110339000
783.982483000  8.100000000 -0.188256502000
784.007507000  8.100000000 -0.186691880000
784.032471000  8.100000000 -0.184428990000
784.057495000  8.100000000 -0.181491971000
784.082520000  8.100000000 -0.177903473000
784.107483000  8.100000000 -0.173689425000
784.132507000  8.100000000 -0.168872178000
784.157471000  8.100000000 -0.163484514000
784.182495000  8.100000000 -0.157552958000
784.207520000  8.100000000 -0.151112378000
784.232483000  8.100000000 -0.144195408000
784.257507000  8.100000000 -0.136839598000
784.282471000  8.100000000 -0.129084438000
784.307495000  8.100000000 -0.120976865000
784.332520000  8.100000000 -0.112569928000
784.357483000  8.100000000 -0.103919059000
784.382507000  8.100000000 -0.095079988200
784.407471000  8.100000000 -0.086111277300
784.432495000  8.100000000 -0.077070146800
784.457520000  8.100000000 -0.068011879900
784.482483000  8.100000000 -0.058990716900
784.507507000  8.100000000 -0.050056055200
784.532471000  8.100000000 -0.041251331600
784.557495000  8.100000000 -0.032617449800
784.582520000  8.100000000 -0.024190768600
784.607483000  8.100000000 -0.016004592200
784.632507000  8.100000000 -0.008089244370
784.657471000  8.100000000 -0.000470951200
784.682495000  8.100000000 0.006829574700
784.707520000  8.100000000 0.013796016600
784.732483000  8.100000000 0.020417049500
784.757507000  8.100000000 0.026682615300
784.782471000  8.100000000 0.032586008300
784.807495000  8.100000000 0.038121491700
784.832520000  8.100000000 0.043285340100
784.857483000  8.100000000 0.048079788700
784.882507000  8.100000000 0.052514970300
784.907471000  8.100000000 0.056606531100
784.932495000  8.100000000 0.060377419000
784.957520000  8.100000000 0.063857138200
784.982483000  8.100000000 0.067078620200
785.007507000  8.100000000 0.070076584800
785.032471000  8.100000000 0.072884857700
785.057495000  8.100000000 0.075529068700
785.082520000  8.100000000 0.078027993400
785.107483000  8.100000000 0.080391168600
785.132507000  8.100000000 0.082623958600
785.157471000  8.100000000 0.084720253900
785.182495000  8.100000000 0.086671114000
785.207520000  8.100000000 0.088458210200
785.232483000  8.100000000 0.090061575200
785.257507000  8.100000000 0.091457516000
785.282471000  8.100000000 0.092623829800
785.307495000  8.100000000 0.093537867100
785.332520000  8.100000000 0.094175636800
785.357483000  8.100000000 0.094515979300
785.382507000  8.100000000 0.094540417200
785.407471000  8.100000000 0.094231367100
785.432495000  8.100000000 0.093576014000
785.457520000  8.100000000 0.092565119300
785.482483000  8.100000000 0.091191530200
785.507507000  8.100000000 0.089453160800
785.532471000  8.100000000 0.087359249600
785.557495000  8.100000000 0.084917545300
785.582520000  8.100000000 0.082145631300
785.607483000  8.100000000 0.079061090900
785.632507000  8.100000000 0.075687766100
785.657471000  8.100000000 0.072043538100
785.682495000  8.100000000 0.068151354800
785.707520000  8.100000000 0.064033865900
785.732483000  8.100000000 0.059710443000
785.757507000  8.100000000 0.055201053600
785.782471000  8.100000000 0.050524473200
785.807495000  8.100000000 0.045691430600
785.832520000  8.100000000 0.040712654600
785.857483000  8.100000000 0.035594999800
785.882507000  8.100000000 0.030344128600
785.907471000  8.100000000 0.024959743000
785.932495000  8.100000000 0.019436478600
785.957520000  8.100000000 0.013768374900
785.982483000  8.100000000 0.007945597170
786.007507000  8.100000000 0.001960992810
786.032471000  8.100000000 -0.004196763040
786.057495000  8.100000000 -0.010529458500
786.082520000  8.100000000 -0.017045140300
786.107483000  8.100000000 -0.023745000400
786.132507000  8.100000000 -0.030623078300
786.157471000  8.100000000 -0.037668645400
786.182495000  8.100000000 -0.044861435900
786.207520000  8.100000000 -0.052177310000
786.232483000  8.100000000 -0.059582293000
786.257507000  8.100000000 -0.067037344000
786.282471000  8.100000000 -0.074497759300
786.307495000  8.100000000 -0.081907510800
786.332520000  8.100000000 -0.089213252100
786.357483000  8.100000000 -0.096352994400
786.382507000  8.100000000 -0.103265345000
786.407471000  8.100000000 -0.109889507000
786.432495000  8.100000000 -0.116170049000
786.457520000  8.100000000 -0.122050643000
786.482483000  8.100000000 -0.127488673000
786.507507000  8.100000000 -0.132430792000
786.532471000  8.100000000 -0.136838853000
786.557495000  8.100000000 -0.140671432000
786.582520000  8.100000000 -0.143896639000
786.607483000  8.100000000 -0.146485865000
786.632507000  8.100000000 -0.148417652000
786.657471000  8.100000000 -0.149673074000
786.682495000  8.100000000 -0.150245726000
786.707520000  8.100000000 -0.150129199000
786.732483000  8.100000000 -0.149333477000
786.757507000  8.100000000 -0.147866905000
786.782471000  8.100000000 -0.145747662000
786.807495000  8.100000000 -0.142997354000
786.832520000  8.100000000 -0.139640495000
786.857483000  8.100000000 -0.135708824000
786.882507000  8.100000000 -0.131236240000
786.907471000  8.100000000 -0.126265660000
786.932495000  8.100000000 -0.120844394000
786.957520000  8.100000000 -0.115026161000
786.982483000  8.100000000 -0.108868964000
787.007507000  8.100000000 -0.102429971000
787.032471000  8.100000000 -0.095766127100
787.057495000  8.100000000 -0.088928781400
787.082520000  8.100000000 -0.081960968700
787.107483000  8.100000000 -0.074897117900
787.132507000  8.100000000 -0.067761257300
787.157471000  8.100000000 -0.060569316100
787.182495000  8.100000000 -0.053334347900
787.207520000  8.100000000 -0.046065673200
787.232483000  8.100000000 -0.038774162500
787.257507000  8.100000000 -0.031467769300
787.282471000  8.100000000 -0.024158097800
787.307495000  8.100000000 -0.016857162100
787.332520000  8.100000000 -0.009579807520
787.357483000  8.100000000 -0.002347007390
787.382507000  8.100000000 0.004812590780
787.407471000  8.100000000 0.011864900600
787.432495000  8.100000000 0.018765069500
787.457520000  8.100000000 0.025464966900
787.482483000  8.100000000 0.031912159200
787.507507000  8.100000000 0.038053914900
787.532471000  8.100000000 0.043840035800
787.557495000  8.100000000 0.049229804400
787.582520000  8.100000000 0.054188586800
787.607483000  8.100000000 0.058692269000
787.632507000  8.100000000 0.062719427000
787.657471000  8.100000000 0.066258639100
787.682495000  8.100000000 0.069303549800
787.707520000  8.100000000 0.071854814900
787.732483000  8.100000000 0.073923729400
787.757507000  8.100000000 0.075517147800
787.782471000  8.100000000 0.076647140100
787.807495000  8.100000000 0.077324882100
787.832520000  8.100000000 0.077565871200
787.857483000  8.100000000 0.077392719700
787.882507000  8.100000000 0.076840072900
787.907471000  8.100000000 0.075948834400
787.932495000  8.100000000 0.074763447000
787.957520000  8.100000000 0.073327645700
787.982483000  8.100000000 0.071687772900
788.007507000  8.100000000 0.069894865200
788.032471000  8.100000000 0.067998170900
788.057495000  8.100000000 0.066039413200
788.082520000  8.100000000 0.064052641400
788.107483000  8.100000000 0.062061250200
788.132507000  8.100000000 0.060084909200
788.157471000  8.100000000 0.058141052700
788.182495000  8.100000000 0.056241750700
788.207520000  8.100000000 0.054389983400
788.232483000  8.100000000 0.052585303800
788.257507000  8.100000000 0.050822198400
788.282471000  8.100000000 0.049090683500
788.307495000  8.100000000 0.047379285100
788.332520000  8.100000000 0.045666843700
788.357483000  8.100000000 0.043938159900
788.382507000  8.100000000 0.042175054600
788.407471000  8.100000000 0.040368586800
788.432495000  8.100000000 0.038505643600
788.457520000  8.100000000 0.036578923500
788.482483000  8.100000000 0.034579634700
788.507507000  8.100000000 0.032505095000
788.532471000  8.100000000 0.030354410400
788.557495000  8.100000000 0.028134733400
788.582520000  8.100000000 0.025847554200
788.607483000  8.100000000 0.023501068400
788.632507000  8.100000000 0.021101087300
788.657471000  8.100000000 0.018654614700
788.682495000  8.100000000 0.016171336200
788.707520000  8.100000000 0.013653338000
788.732483000  8.100000000 0.011110901800
788.757507000  8.100000000 0.008550286290
788.782471000  8.100000000 0.005979239940
788.807495000  8.100000000 0.003406852480
788.832520000  8.100000000 0.000841021538
788.857483000  8.100000000 -0.001703053710
788.882507000  8.100000000 -0.004215538500
788.907471000  8.100000000 -0.006679296490
788.932495000  8.100000000 -0.009067505600
788.957520000  8.100000000 -0.011354088800
788.982483000  8.100000000 -0.013507902600
789.007507000  8.100000000 -0.015499144800
789.032471000  8.100000000 -0.017302036300
789.057495000  8.100000000 -0.018888860900
789.082520000  8.100000000 -0.020231753600
789.107483000  8.100000000 -0.021307766400
789.132507000  8.100000000 -0.022092461600
789.157471000  8.100000000 -0.022572726000
789.182495000  8.100000000 -0.022736489800
789.207520000  8.100000000 -0.022584646900
789.232483000  8.100000000 -0.022125989200
789.257507000  8.100000000 -0.021378696000
789.282471000  8.100000000 -0.020370781400
789.307495000  8.100000000 -0.019137859300
789.332520000  8.100000000 -0.017719566800
789.357483000  8.100000000 -0.016159415200
789.382507000  8.100000000 -0.014505237300
789.407471000  8.100000000 -0.012808293100
789.432495000  8.100000000 -0.011122226700
789.457520000  8.100000000 -0.009498894210
789.482483000  8.100000000 -0.007988065480
789.507507000  8.100000000 -0.006633996960
789.532471000  8.100000000 -0.005476921800
789.557495000  8.100000000 -0.004547089340
789.582520000  8.100000000 -0.003867000340
789.607483000  8.100000000 -0.003452450040
789.632507000  8.100000000 -0.003320276740
789.657471000  8.100000000 -0.003484040500
789.682495000  8.100000000 -0.003957301380
789.707520000  8.100000000 -0.004743784670
789.732483000  8.100000000 -0.005836337800
789.757507000  8.100000000 -0.007226616140
789.782471000  8.100000000 -0.008896291260
789.807495000  8.100000000 -0.010832846200
789.832520000  8.100000000 -0.013018995500
789.857483000  8.100000000 -0.015436708900
789.882507000  8.100000000 -0.018066912900
789.907471000  8.100000000 -0.020888000700
789.932495000  8.100000000 -0.023876279600
789.957520000  8.100000000 -0.027008205700
789.982483000  8.100000000 -0.030259937000
790.007507000  8.100000000 -0.033611059200
790.032471000  8.100000000 -0.037043690700
790.057495000  8.100000000 -0.040541738300
790.082520000  8.100000000 -0.044092685000
790.107483000  8.100000000 -0.047680288600
790.132507000  8.100000000 -0.051290243900
790.157471000  8.100000000 -0.054905116600
790.182495000  8.100000000 -0.058513432700
790.207520000  8.100000000 -0.062106400700
790.232483000  8.100000000 -0.065675303300
790.257507000  8.100000000 -0.069206282500
790.282471000  8.100000000 -0.072681978300
790.307495000  8.100000000 -0.076081529300
790.332520000  8.100000000 -0.079379528800
790.357483000  8.100000000 -0.082550942900
790.382507000  8.100000000 -0.085565596800
790.407471000  8.100000000 -0.088391006000
790.432495000  8.100000000 -0.090992339000
790.457520000  8.100000000 -0.093337483700
790.482483000  8.100000000 -0.095399282900
790.507507000  8.100000000 -0.097161144000
790.532471000  8.100000000 -0.098613783700
790.557495000  8.100000000 -0.099752984900
790.582520000  8.100000000 -0.100571282000
790.607483000  8.100000000 -0.101063088000
790.632507000  8.100000000 -0.101221129000
790.657471000  8.100000000 -0.101040713000
790.682495000  8.100000000 -0.100517645000
790.707520000  8.100000000 -0.099645815800
790.732483000  8.100000000 -0.098420083500
790.757507000  8.100000000 -0.096839033100
790.782471000  8.100000000 -0.094911307100
790.807495000  8.100000000 -0.092655345800
790.832520000  8.100000000 -0.090097338000
790.857483000  8.100000000 -0.087265297800
790.882507000  8.100000000 -0.084190145100
790.907471000  8.100000000 -0.080905258700
790.932495000  8.100000000 -0.077446624600
790.957520000  8.100000000 -0.073856413400
790.982483000  8.100000000 -0.070179253800
791.007507000  8.100000000 -0.066461265100
791.032471000  8.100000000 -0.062750577900
791.057495000  8.100000000 -0.059096217200
791.082520000  8.100000000 -0.055543780300
791.107483000  8.100000000 -0.052138418000
791.132507000  8.100000000 -0.048922449400
791.157471000  8.100000000 -0.045935511600
791.182495000  8.100000000 -0.043215304600
791.207520000  8.100000000 -0.040792375800
791.232483000  8.100000000 -0.038692951200
791.257507000  8.100000000 -0.036934316200
791.282471000  8.100000000 -0.035533011000
791.307495000  8.100000000 -0.034499615400
791.332520000  8.100000000 -0.033838003900
791.357483000  8.100000000 -0.033539086600
791.382507000  8.100000000 -0.033582150900
791.407471000  8.100000000 -0.033939778800
791.432495000  8.100000000 -0.034583658000
791.457520000  8.100000000 -0.035491287700
791.482483000  8.100000000 -0.036641508300
791.507507000  8.100000000 -0.038007050800
791.532471000  8.100000000 -0.039552003100
791.557495000  8.100000000 -0.041231662000
791.582520000  8.100000000 -0.043000727900
791.607483000  8.100000000 -0.044815838300
791.632507000  8.100000000 -0.046638846400
791.657471000  8.100000000 -0.048429966000
791.682495000  8.100000000 -0.050147771800
791.707520000  8.100000000 -0.051747560500
791.732483000  8.100000000 -0.053183436400
791.757507000  8.100000000 -0.054413378200
791.782471000  8.100000000 -0.055399239100
791.807495000  8.100000000 -0.056106746200
791.832520000  8.100000000 -0.056507289400
791.857483000  8.100000000 -0.056569278200
791.882507000  8.100000000 -0.056265592600
791.907471000  8.100000000 -0.055577457000
791.932495000  8.100000000 -0.054496526700
791.957520000  8.100000000 -0.053018927600
791.982483000  8.100000000 -0.051154196300
792.007507000  8.100000000 -0.048911869500
792.032471000  8.100000000 -0.046300888100
792.057495000  8.100000000 -0.043335855000
792.082520000  8.100000000 -0.040024220900
792.107483000  8.100000000 -0.036385655400
792.132507000  8.100000000 -0.032444298300
792.157471000  8.100000000 -0.028228461700
792.182495000  8.100000000 -0.023770332300
792.207520000  8.100000000 -0.019102990600
792.232483000  8.100000000 -0.014258027100
792.257507000  8.100000000 -0.009278357030
792.282471000  8.100000000 -0.004205703740
792.307495000  8.100000000 0.000917017460
792.332520000  8.100000000 0.006036162380
792.357483000  8.100000000 0.011104941400
792.382507000  8.100000000 0.016063451800
792.407471000  8.100000000 0.020857453300
792.432495000  8.100000000 0.025427937500
792.457520000  8.100000000 0.029725730400
792.482483000  8.100000000 0.033697187900
792.507507000  8.100000000 0.037301480800
792.532471000  8.100000000 0.040498673900
792.557495000  8.100000000 0.043264031400
792.582520000  8.100000000 0.045573413400
792.607483000  8.100000000 0.047420859300
792.632507000  8.100000000 0.048793256300
792.657471000  8.100000000 0.049699842900
792.682495000  8.100000000 0.050143599500
792.707520000  8.100000000 0.050148069900
792.732483000  8.100000000 0.049731433400
792.757507000  8.100000000 0.048922598400
792.782471000  8.100000000 0.047746002700
792.807495000  8.100000000 0.046223104000
792.832520000  8.100000000 0.044372975800
792.857483000  8.100000000 0.042212605500
792.882507000  8.100000000 0.039763450600
792.907471000  8.100000000 0.037057995800
792.932495000  8.100000000 0.034129619600
792.957520000  8.100000000 0.031020045300
792.982483000  8.100000000 0.027765333700
793.007507000  8.100000000 0.024406313900
793.032471000  8.100000000 0.020985603300
793.057495000  8.100000000 0.017550885700
793.082520000  8.100000000 0.014144480200
793.107483000  8.100000000 0.010800957700
793.132507000  8.100000000 0.007550120350
793.157471000  8.100000000 0.004419684410
793.182495000  8.100000000 0.001439154150
793.207520000  8.100000000 -0.001356005670
793.232483000  8.100000000 -0.003937482830
793.257507000  8.100000000 -0.006279945370
793.282471000  8.100000000 -0.008355975150
793.307495000  8.100000000 -0.010139942200
793.332520000  8.100000000 -0.011607110500
793.357483000  8.100000000 -0.012741386900
793.382507000  8.100000000 -0.013537704900
793.407471000  8.100000000 -0.013999640900
793.432495000  8.100000000 -0.014122426500
793.457520000  8.100000000 -0.013909936000
793.482483000  8.100000000 -0.013358891000
793.507507000  8.100000000 -0.012481808700
793.532471000  8.100000000 -0.011298358400
793.557495000  8.100000000 -0.009836852550
793.582520000  8.100000000 -0.008128881450
793.607483000  8.100000000 -0.006214678290
793.632507000  8.100000000 -0.004140138630
793.657471000  8.100000000 -0.001955926420
793.682495000  8.100000000 0.000284016132
793.707520000  8.100000000 0.002537965770
793.732483000  8.100000000 0.004767477510
793.757507000  8.100000000 0.006940066810
793.782471000  8.100000000 0.009019374850
793.807495000  8.100000000 0.010965466500
793.832520000  8.100000000 0.012747943400
793.857483000  8.100000000 0.014348626100
793.882507000  8.100000000 0.015762746300
793.907471000  8.100000000 0.016996264500
793.932495000  8.100000000 0.018049478500
793.957520000  8.100000000 0.018935501600
793.982483000  8.100000000 0.019659400000
794.007507000  8.100000000 0.020230412500
794.032471000  8.100000000 0.020647943000
794.057495000  8.100000000 0.020904541000
794.082520000  8.100000000 0.020987689500
794.107483000  8.100000000 0.020884424400
794.132507000  8.100000000 0.020584315100
794.157471000  8.100000000 0.020077079500
794.182495000  8.100000000 0.019356012300
794.207520000  8.100000000 0.018420666500
794.232483000  8.100000000 0.017275363200
794.257507000  8.100000000 0.015924871000
794.282471000  8.100000000 0.014380365600
794.307495000  8.100000000 0.012647509600
794.332520000  8.100000000 0.010735690600
794.357483000  8.100000000 0.008651912210
794.382507000  8.100000000 0.006400644780
794.407471000  8.100000000 0.003983080390
794.432495000  8.100000000 0.001402795310
794.457520000  8.100000000 -0.001333802940
794.482483000  8.100000000 -0.004211217160
794.507507000  8.100000000 -0.007203519340
794.532471000  8.100000000 -0.010275095700
794.557495000  8.100000000 -0.013388544300
794.582520000  8.100000000 -0.016508400400
794.607483000  8.100000000 -0.019600838400
794.632507000  8.100000000 -0.022638738200
794.657471000  8.100000000 -0.025589764100
794.682495000  8.100000000 -0.028422176800
794.707520000  8.100000000 -0.031101852700
794.732483000  8.100000000 -0.033597946200
794.757507000  8.100000000 -0.035885870500
794.782471000  8.100000000 -0.037954449700
794.807495000  8.100000000 -0.039798021300
794.832520000  8.100000000 -0.041407644700
794.857483000  8.100000000 -0.042770803000
794.882507000  8.100000000 -0.043875277000
794.907471000  8.100000000 -0.044712424300
794.932495000  8.100000000 -0.045284926900
794.957520000  8.100000000 -0.045605301900
794.982483000  8.100000000 -0.045686960200
795.007507000  8.100000000 -0.045544207100
795.032471000  8.100000000 -0.045188665400
795.057495000  8.100000000 -0.044634640200
795.082520000  8.100000000 -0.043900311000
795.107483000  8.100000000 -0.043015480000
795.132507000  8.100000000 -0.042011439800
795.157471000  8.100000000 -0.040933489800
795.182495000  8.100000000 -0.039817094800
795.207520000  8.100000000 -0.038698017600
795.232483000  8.100000000 -0.037615597200
795.257507000  8.100000000 -0.036610066900
795.282471000  8.100000000 -0.035725534000
795.307495000  8.100000000 -0.035008192100
795.332520000  8.100000000 -0.034492015800
795.357483000  8.100000000 -0.034193694600
795.382507000  8.100000000 -0.034118890800
795.407471000  8.100000000 -0.034255683400
795.432495000  8.100000000 -0.034583210900
795.457520000  8.100000000 -0.035073161100
795.482483000  8.100000000 -0.035688579100
795.507507000  8.100000000 -0.036399066400
795.532471000  8.100000000 -0.037170350600
795.557495000  8.100000000 -0.037973225100
795.582520000  8.100000000 -0.038777291800
795.607483000  8.100000000 -0.039550960100
795.632507000  8.100000000 -0.040256679100
795.657471000  8.100000000 -0.040863752400
795.682495000  8.100000000 -0.041341483600
795.707520000  8.100000000 -0.041660666500
795.732483000  8.100000000 -0.041794776900
795.757507000  8.100000000 -0.041723847400
795.782471000  8.100000000 -0.041435360900
795.807495000  8.100000000 -0.040913820300
795.832520000  8.100000000 -0.040150284800
795.857483000  8.100000000 -0.039128363100
795.882507000  8.100000000 -0.037843287000
795.907471000  8.100000000 -0.036284029500
795.932495000  8.100000000 -0.034451186700
795.957520000  8.100000000 -0.032343268400
795.982483000  8.100000000 -0.029970407500
796.007507000  8.100000000 -0.027342438700
796.032471000  8.100000000 -0.024477541400
796.057495000  8.100000000 -0.021393895100
796.082520000  8.100000000 -0.018112957500
796.107483000  8.100000000 -0.014649629600
796.132507000  8.100000000 -0.011014342300
796.157471000  8.100000000 -0.007224082950
796.182495000  8.100000000 -0.003286004070
796.207520000  8.100000000 0.000784397125
796.232483000  8.100000000 0.004970133300
796.257507000  8.100000000 0.009253025050
796.282471000  8.100000000 0.013607144400
796.307495000  8.100000000 0.018004477000
796.332520000  8.100000000 0.022424459500
796.357483000  8.100000000 0.026846826100
796.382507000  8.100000000 0.031250119200
796.407471000  8.100000000 0.035614669300
796.432495000  8.100000000 0.039916932600
796.457520000  8.100000000 0.044126808600
796.482483000  8.100000000 0.048215389300
796.507507000  8.100000000 0.052140653100
796.532471000  8.100000000 0.055858790900
796.557495000  8.100000000 0.059327483200
796.582520000  8.100000000 0.062503516700
796.607483000  8.100000000 0.065357089000
796.632507000  8.100000000 0.067868828800
796.657471000  8.100000000 0.070025026800
796.682495000  8.100000000 0.071809887900
796.707520000  8.100000000 0.073208510900
796.732483000  8.100000000 0.074208378800
796.757507000  8.100000000 0.074791610200
796.782471000  8.100000000 0.074958801300
796.807495000  8.100000000 0.074716210400
796.832520000  8.100000000 0.074083209000
796.857483000  8.100000000 0.073082149000
796.882507000  8.100000000 0.071740746500
796.907471000  8.100000000 0.070083737400
796.932495000  8.100000000 0.068145096300
796.957520000  8.100000000 0.065951645400
796.982483000  8.100000000 0.063548982100
797.007507000  8.100000000 0.060977935800
797.032471000  8.100000000 0.058277547400
797.057495000  8.100000000 0.055487752000
797.082520000  8.100000000 0.052649080800
797.107483000  8.100000000 0.049803853000
797.132507000  8.100000000 0.046997666400
797.157471000  8.100000000 0.044273436100
797.182495000  8.100000000 0.041664838800
797.207520000  8.100000000 0.039198696600
797.232483000  8.100000000 0.036885887400
797.257507000  8.100000000 0.034732818600
797.282471000  8.100000000 0.032740533400
797.307495000  8.100000000 0.030912905900
797.332520000  8.100000000 0.029259324100
797.357483000  8.100000000 0.027790516600
797.382507000  8.100000000 0.026519298600
797.407471000  8.100000000 0.025456547700
797.432495000  8.100000000 0.024613887100
797.457520000  8.100000000 0.024002790500
797.482483000  8.100000000 0.023631602500
797.507507000  8.100000000 0.023505389700
797.532471000  8.100000000 0.023621618700
797.557495000  8.100000000 0.023975372300
797.582520000  8.100000000 0.024553537400
797.607483000  8.100000000 0.025345236100
797.632507000  8.100000000 0.026344507900
797.657471000  8.100000000 0.027549415800
797.682495000  8.100000000 0.028956085400
797.707520000  8.100000000 0.030555874100
797.732483000  8.100000000 0.032336562900
797.757507000  8.100000000 0.034276694100
797.782471000  8.100000000 0.036347657400
797.807495000  8.100000000 0.038525313100
797.832520000  8.100000000 0.040784776200
797.857483000  8.100000000 0.043110996500
797.882507000  8.100000000 0.045483708400
797.907471000  8.100000000 0.047890692900
797.932495000  8.100000000 0.050311535600
797.957520000  8.100000000 0.052729547000
797.982483000  8.100000000 0.055123716600
798.007507000  8.100000000 0.057476908000
798.032471000  8.100000000 0.059767216400
798.057495000  8.100000000 0.061972290300
798.082520000  8.100000000 0.064067095500
798.107483000  8.100000000 0.066026896200
798.132507000  8.100000000 0.067825689900
798.157471000  8.100000000 0.069437921000
798.182495000  8.100000000 0.070846006300
798.207520000  8.100000000 0.072029456500
798.232483000  8.100000000 0.072974786200
798.257507000  8.100000000 0.073673427100
798.282471000  8.100000000 0.074122324600
798.307495000  8.100000000 0.074329935000
798.332520000  8.100000000 0.074311383100
798.357483000  8.100000000 0.074084587400
798.382507000  8.100000000 0.073666013800
798.407471000  8.100000000 0.073078587700
798.432495000  8.100000000 0.072337001600
798.457520000  8.100000000 0.071459338100
798.482483000  8.100000000 0.070459626600
798.507507000  8.100000000 0.069355659200
798.532471000  8.100000000 0.068164698800
798.557495000  8.100000000 0.066905945500
798.582520000  8.100000000 0.065601207300
798.607483000  8.100000000 0.064268246300
798.632507000  8.100000000 0.062923297300
798.657471000  8.100000000 0.061577446800
798.682495000  8.100000000 0.060237906900
798.707520000  8.100000000 0.058910325200
798.732483000  8.100000000 0.057596117300
798.757507000  8.100000000 0.056294091000
798.782471000  8.100000000 0.054997913500
798.807495000  8.100000000 0.053699761600
798.832520000  8.100000000 0.052400156900
798.857483000  8.100000000 0.051101446200
798.882507000  8.100000000 0.049811303600
798.907471000  8.100000000 0.048538446400
798.932495000  8.100000000 0.047299042300
798.957520000  8.100000000 0.046105310300
798.982483000  8.100000000 0.044973567100
799.007507000  8.100000000 0.043910518300
799.032471000  8.100000000 0.042915120700
799.057495000  8.100000000 0.041977167100
799.082520000  8.100000000 0.041089803000
799.107483000  8.100000000 0.040242224900
799.132507000  8.100000000 0.039420425900
799.157471000  8.100000000 0.038596391700
799.182495000  8.100000000 0.037734508500
799.207520000  8.100000000 0.036799311600
799.232483000  8.100000000 0.035764575000
799.257507000  8.100000000 0.034616887600
799.282471000  8.100000000 0.033346861600
799.307495000  8.100000000 0.031948983700
799.332520000  8.100000000 0.030415803200
799.357483000  8.100000000 0.028738975500
799.382507000  8.100000000 0.026908665900
799.407471000  8.100000000 0.024923086200
799.432495000  8.100000000 0.022779107100
799.457520000  8.100000000 0.020490437700
799.482483000  8.100000000 0.018067359900
799.507507000  8.100000000 0.015522688600
799.532471000  8.100000000 0.012871474000
799.557495000  8.100000000 0.010120272600
799.582520000  8.100000000 0.007275342940
799.607483000  8.100000000 0.004333257680
799.632507000  8.100000000 0.001287013290
799.657471000  8.100000000 -0.001871734860
799.682495000  8.100000000 -0.005151033400
799.707520000  8.100000000 -0.008559674020
799.732483000  8.100000000 -0.012100786000
799.757507000  8.100000000 -0.015771538000
799.782471000  8.100000000 -0.019558966200
799.807495000  8.100000000 -0.023439079500
799.832520000  8.100000000 -0.027375370300
799.857483000  8.100000000 -0.031331181500
799.882507000  8.100000000 -0.035264045000
799.907471000  8.100000000 -0.039132386400
799.932495000  8.100000000 -0.042897313800
799.957520000  8.100000000 -0.046518892000
799.982483000  8.100000000 -0.049957037000
800.007507000  8.100000000 -0.053173899700
800.032471000  8.100000000 -0.056132972200
800.057495000  8.100000000 -0.058808401200
800.082520000  8.100000000 -0.061169341200
800.107483000  8.100000000 -0.063197985300
800.132507000  8.100000000 -0.064873993400
800.157471000  8.100000000 -0.066185817100
800.182495000  8.100000000 -0.067121610000
800.207520000  8.100000000 -0.067668482700
800.232483000  8.100000000 -0.067806169400
800.257507000  8.100000000 -0.067508444200
800.282471000  8.100000000 -0.066745951800
800.307495000  8.100000000 -0.065494291500
800.332520000  8.100000000 -0.063731819400
800.357483000  8.100000000 -0.061447173400
800.382507000  8.100000000 -0.058628767700
800.407471000  8.100000000 -0.055273994800
800.432495000  8.100000000 -0.051384270200
800.457520000  8.100000000 -0.046969689400
800.482483000  8.100000000 -0.042044613500
800.507507000  8.100000000 -0.036636255700
800.532471000  8.100000000 -0.030774185400
800.557495000  8.100000000 -0.024494472900
800.582520000  8.100000000 -0.017843777300
800.607483000  8.100000000 -0.010873349400
800.632507000  8.100000000 -0.003643538800
800.657471000  8.100000000 0.003780322150
800.682495000  8.100000000 0.011330610100
800.707520000  8.100000000 0.018939627300
800.732483000  8.100000000 0.026537757400
800.757507000  8.100000000 0.034056548000
800.782471000  8.100000000 0.041429847500
800.807495000  8.100000000 0.048592165100
800.832520000  8.100000000 0.055482331700
800.857483000  8.100000000 0.062043517800
800.882507000  8.100000000 0.068225637100
800.907471000  8.100000000 0.073984339800
800.932495000  8.100000000 0.079280659600
800.957520000  8.100000000 0.084079019700
800.982483000  8.100000000 0.088345632000
801.007507000  8.100000000 0.092048123500
801.032471000  8.100000000 0.095158293800
801.057495000  8.100000000 0.097650438500
801.082520000  8.100000000 0.099504813600
801.107483000  8.100000000 0.100707635000
801.132507000  8.100000000 0.101251006000
801.157471000  8.100000000 0.101137012000
801.182495000  8.100000000 0.100368857000
801.207520000  8.100000000 0.098956972400
801.232483000  8.100000000 0.096911341000
801.257507000  8.100000000 0.094249248500
801.282471000  8.100000000 0.090991407600
801.307495000  8.100000000 0.087163299300
801.332520000  8.100000000 0.082794725900
801.357483000  8.100000000 0.077922046200
801.382507000  8.100000000 0.072586983400
801.407471000  8.100000000 0.066839009500
801.432495000  8.100000000 0.060733407700
801.457520000  8.100000000 0.054327845600
801.482483000  8.100000000 0.047683417800
801.507507000  8.100000000 0.040862411300
801.532471000  8.100000000 0.033932030200
801.557495000  8.100000000 0.026954114400
801.582520000  8.100000000 0.019993782000
801.607483000  8.100000000 0.013104975200
801.632507000  8.100000000 0.006339252000
801.657471000  8.100000000 -0.000259578228
801.682495000  8.100000000 -0.006648302080
801.707520000  8.100000000 -0.012787580500
801.732483000  8.100000000 -0.018642842800
801.757507000  8.100000000 -0.024185478700
801.782471000  8.100000000 -0.029394030600
801.807495000  8.100000000 -0.034254789400
801.832520000  8.100000000 -0.038763731700
801.857483000  8.100000000 -0.042919218500
801.882507000  8.100000000 -0.046728253400
801.907471000  8.100000000 -0.050199925900
801.932495000  8.100000000 -0.053348392200
801.957520000  8.100000000 -0.056189447600
801.982483000  8.100000000 -0.058737397200
802.007507000  8.100000000 -0.061006397000
802.032471000  8.100000000 -0.063009262100
802.057495000  8.100000000 -0.064764022800
802.082520000  8.100000000 -0.066288709600
802.107483000  8.100000000 -0.067603439100
802.132507000  8.100000000 -0.068719536100
802.157471000  8.100000000 -0.069642663000
802.182495000  8.100000000 -0.070378631400
802.207520000  8.100000000 -0.070925504000
802.232483000  8.100000000 -0.071288049200
802.257507000  8.100000000 -0.071476995900
802.282471000  8.100000000 -0.071503967000
802.307495000  8.100000000 -0.071384608700
802.332520000  8.100000000 -0.071134045700
802.357483000  8.100000000 -0.070761740200
802.382507000  8.100000000 -0.070276483900
802.407471000  8.100000000 -0.069689303600
802.432495000  8.100000000 -0.069005340300
802.457520000  8.100000000 -0.068236738400
802.482483000  8.100000000 -0.067386180200
802.507507000  8.100000000 -0.066459700500
802.532471000  8.100000000 -0.065455958200
802.557495000  8.100000000 -0.064373500600
802.582520000  8.100000000 -0.063209198400
802.607483000  8.100000000 -0.061946399500
802.632507000  8.100000000 -0.060572475200
802.657471000  8.100000000 -0.059057176100
802.682495000  8.100000000 -0.057379361200
802.707520000  8.100000000 -0.055509507700
802.732483000  8.100000000 -0.053419824700
802.757507000  8.100000000 -0.051084682300
802.782471000  8.100000000 -0.048477649700
802.807495000  8.100000000 -0.045576747500
802.832520000  8.100000000 -0.042367037400
802.857483000  8.100000000 -0.038832619800
802.882507000  8.100000000 -0.034962464100
802.907471000  8.100000000 -0.030741002400
802.932495000  8.100000000 -0.026148669400
802.957520000  8.100000000 -0.021168636200
802.982483000  8.100000000 -0.015782117800
803.007507000  8.100000000 -0.009972006080
803.032471000  8.100000000 -0.003717262300
803.057495000  8.100000000 0.002993308010
803.082520000  8.100000000 0.010174512900
803.107483000  8.100000000 0.017832722500
803.132507000  8.100000000 0.025968160500
803.157471000  8.100000000 0.034570328900
803.182495000  8.100000000 0.043622925900
803.207520000  8.100000000 0.053098551900
803.232483000  8.100000000 0.062972344500
803.257507000  8.100000000 0.073212735400
803.282471000  8.100000000 0.083791352800
803.307495000  8.100000000 0.094673723000
803.332520000  8.100000000 0.105826721000
803.357483000  8.100000000 0.117212608000
803.382507000  8.100000000 0.128795177000
803.407471000  8.100000000 0.140536726000
803.432495000  8.100000000 0.152395666000
803.457520000  8.100000000 0.164329633000
803.482483000  8.100000000 0.176295787000
803.507507000  8.100000000 0.188251585000
803.532471000  8.100000000 0.200149864000
803.557495000  8.100000000 0.211940110000
803.582520000  8.100000000 0.223567337000
803.607483000  8.100000000 0.234966725000
803.632507000  8.100000000 0.246074200000
803.657471000  8.100000000 0.256816447000
803.682495000  8.100000000 0.267109871000
803.707520000  8.100000000 0.276880264000
803.732483000  8.100000000 0.286046565000
803.757507000  8.100000000 0.294536948000
803.782471000  8.100000000 0.302284658000
803.807495000  8.100000000 0.309215784000
803.832520000  8.100000000 0.315275192000
803.857483000  8.100000000 0.320394337000
803.882507000  8.100000000 0.324524641000
803.907471000  8.100000000 0.327602029000
803.932495000  8.100000000 0.329585075000
803.957520000  8.100000000 0.330426097000
803.982483000  8.100000000 0.330079794000
804.007507000  8.100000000 0.328518748000
804.032471000  8.100000000 0.325714946000
804.057495000  8.100000000 0.321632624000
804.082520000  8.100000000 0.316264033000
804.107483000  8.100000000 0.309579968000
804.132507000  8.100000000 0.301582813000
804.157471000  8.100000000 0.292277336000
804.182495000  8.100000000 0.281687975000
804.207520000  8.100000000 0.269835591000
804.232483000  8.100000000 0.256771445000
804.257507000  8.100000000 0.242539048000
804.282471000  8.100000000 0.227205753000
804.307495000  8.100000000 0.210850239000
804.332520000  8.100000000 0.193554163000
804.357483000  8.100000000 0.175428391000
804.382507000  8.100000000 0.156558752000
804.407471000  8.100000000 0.137064457000
804.432495000  8.100000000 0.117056370000
804.457520000  8.100000000 0.096647739400
804.482483000  8.100000000 0.075966119800
804.507507000  8.100000000 0.055128336000
804.532471000  8.100000000 0.034261941900
804.557495000  8.100000000 0.013494491600
804.582520000  8.100000000 -0.007044076920
804.607483000  8.100000000 -0.027239322700
804.632507000  8.100000000 -0.046977996800
804.657471000  8.100000000 -0.066148042700
804.682495000  8.100000000 -0.084660053300
804.707520000  8.100000000 -0.102400780000
804.732483000  8.100000000 -0.119301081000
804.757507000  8.100000000 -0.135271549000
804.782471000  8.100000000 -0.150249004000
804.807495000  8.100000000 -0.164167881000
804.832520000  8.100000000 -0.176968575000
804.857483000  8.100000000 -0.188602209000
804.882507000  8.100000000 -0.199015141000
804.907471000  8.100000000 -0.208177567000
804.932495000  8.100000000 -0.216062665000
804.957520000  8.100000000 -0.222661495000
804.982483000  8.100000000 -0.227966309000
805.007507000  8.100000000 -0.231992006000
805.032471000  8.100000000 -0.234752297000
805.057495000  8.100000000 -0.236263275000
805.082520000  8.100000000 -0.236558318000
805.107483000  8.100000000 -0.235666633000
805.132507000  8.100000000 -0.233630538000
805.157471000  8.100000000 -0.230515003000
805.182495000  8.100000000 -0.226377845000
805.207520000  8.100000000 -0.221295357000
805.232483000  8.100000000 -0.215343237000
805.257507000  8.100000000 -0.208595991000
805.282471000  8.100000000 -0.201126337000
805.307495000  8.100000000 -0.193006992000
805.332520000  8.100000000 -0.184316635000
805.357483000  8.100000000 -0.175124407000
805.382507000  8.100000000 -0.165507197000
805.407471000  8.100000000 -0.155546665000
805.432495000  8.100000000 -0.145328641000
805.457520000  8.100000000 -0.134928823000
805.482483000  8.100000000 -0.124435425000
805.507507000  8.100000000 -0.113919973000
805.532471000  8.100000000 -0.103441477000
805.557495000  8.100000000 -0.093051493200
805.582520000  8.100000000 -0.082800984400
805.607483000  8.100000000 -0.072721839000
805.632507000  8.100000000 -0.062848031500
805.657471000  8.100000000 -0.053207278300
805.682495000  8.100000000 -0.043822825000
805.707520000  8.100000000 -0.034729838400
805.732483000  8.100000000 -0.025961995100
805.757507000  8.100000000 -0.017547011400
805.782471000  8.100000000 -0.009509921070
805.807495000  8.100000000 -0.001862049100
805.832520000  8.100000000 0.005385279660
805.857483000  8.100000000 0.012232661200
805.882507000  8.100000000 0.018666982700
805.907471000  8.100000000 0.024691224100
805.932495000  8.100000000 0.030295848800
805.957520000  8.100000000 0.035480558900
805.982483000  8.100000000 0.040238201600
806.007507000  8.100000000 0.044554472000
806.032471000  8.100000000 0.048397779500
806.057495000  8.100000000 0.051750540700
806.082520000  8.100000000 0.054573714700
806.107483000  8.100000000 0.056838393200
806.132507000  8.100000000 0.058529377000
806.157471000  8.100000000 0.059635639200
806.182495000  8.100000000 0.060152411500
806.207520000  8.100000000 0.060073733300
806.232483000  8.100000000 0.059399604800
806.257507000  8.100000000 0.058127045600
806.282471000  8.100000000 0.056256651900
806.307495000  8.100000000 0.053787827500
806.332520000  8.100000000 0.050721168500
806.357483000  8.100000000 0.047069191900
806.382507000  8.100000000 0.042839050300
806.407471000  8.100000000 0.038058757800
806.432495000  8.100000000 0.032749772100
806.457520000  8.100000000 0.026946067800
806.482483000  8.100000000 0.020676851300
806.507507000  8.100000000 0.013970136600
806.532471000  8.100000000 0.006853938100
806.557495000  8.100000000 -0.000637769699
806.582520000  8.100000000 -0.008476376530
806.607483000  8.100000000 -0.016620755200
806.632507000  8.100000000 -0.025020837800
806.657471000  8.100000000 -0.033634305000
806.682495000  8.100000000 -0.042405724500
806.707520000  8.100000000 -0.051282644300
806.732483000  8.100000000 -0.060212612200
806.757507000  8.100000000 -0.069141387900
806.782471000  8.100000000 -0.078024268200
806.807495000  8.100000000 -0.086814165100
806.832520000  8.100000000 -0.095470547700
806.857483000  8.100000000 -0.103955269000
806.882507000  8.100000000 -0.112228692000
806.907471000  8.100000000 -0.120252967000
806.932495000  8.100000000 -0.127992928000
806.957520000  8.100000000 -0.135411918000
806.982483000  8.100000000 -0.142478347000
807.007507000  8.100000000 -0.149169564000
807.032471000  8.100000000 -0.155451894000
807.057495000  8.100000000 -0.161297321000
807.082520000  8.100000000 -0.166665316000
807.107483000  8.100000000 -0.171522200000
807.132507000  8.100000000 -0.175837278000
807.157471000  8.100000000 -0.179577470000
807.182495000  8.100000000 -0.182724297000
807.207520000  8.100000000 -0.185259581000
807.232483000  8.100000000 -0.187177062000
807.257507000  8.100000000 -0.188478529000
807.282471000  8.100000000 -0.189177096000
807.307495000  8.100000000 -0.189289600000
807.332520000  8.100000000 -0.188836604000
807.357483000  8.100000000 -0.187845826000
807.382507000  8.100000000 -0.186346322000
807.407471000  8.100000000 -0.184378922000
807.432495000  8.100000000 -0.181986541000
807.457520000  8.100000000 -0.179211199000
807.482483000  8.100000000 -0.176094398000
807.507507000  8.100000000 -0.172677115000
807.532471000  8.100000000 -0.168998167000
807.557495000  8.100000000 -0.165099725000
807.582520000  8.100000000 -0.161026880000
807.607483000  8.100000000 -0.156829819000
807.632507000  8.100000000 -0.152564272000
807.657471000  8.100000000 -0.148285598000
807.682495000  8.100000000 -0.144050300000
807.707520000  8.100000000 -0.139910504000
807.732483000  8.100000000 -0.135917246000
807.757507000  8.100000000 -0.132116675000
807.782471000  8.100000000 -0.128546357000
807.807495000  8.100000000 -0.125234127000
807.832520000  8.100000000 -0.122196525000
807.857483000  8.100000000 -0.119443908000
807.882507000  8.100000000 -0.116985440000
807.907471000  8.100000000 -0.114833415000
807.932495000  8.100000000 -0.112998337000
807.957520000  8.100000000 -0.111486465000
807.982483000  8.100000000 -0.110294968000
808.007507000  8.100000000 -0.109416544000
808.032471000  8.100000000 -0.108834356000
808.057495000  8.100000000 -0.108530074000
808.082520000  8.100000000 -0.108479559000
808.107483000  8.100000000 -0.108664483000
808.132507000  8.100000000 -0.109058321000
808.157471000  8.100000000 -0.109639168000
808.182495000  8.100000000 -0.110383630000
808.207520000  8.100000000 -0.111263692000
808.232483000  8.100000000 -0.112250447000
808.257507000  8.100000000 -0.113303661000
808.282471000  8.100000000 -0.114397109000
808.307495000  8.100000000 -0.115493834000
808.332520000  8.100000000 -0.116559863000
808.357483000  8.100000000 -0.117568076000
808.382507000  8.100000000 -0.118478537000
808.407471000  8.100000000 -0.119257271000
808.432495000  8.100000000 -0.119868517000
808.457520000  8.100000000 -0.120274425000
808.482483000  8.100000000 -0.120445192000
808.507507000  8.100000000 -0.120365620000
808.532471000  8.100000000 -0.120013058000
808.557495000  8.100000000 -0.119377077000
808.582520000  8.100000000 -0.118439794000
808.607483000  8.100000000 -0.117197335000
808.632507000  8.100000000 -0.115630329000
808.657471000  8.100000000 -0.113737881000
808.682495000  8.100000000 -0.111503899000
808.707520000  8.100000000 -0.108927488000
808.732483000  8.100000000 -0.105997920000
808.757507000  8.100000000 -0.102710128000
808.782471000  8.100000000 -0.099068880100
808.807495000  8.100000000 -0.095059871700
808.832520000  8.100000000 -0.090684890700
808.857483000  8.100000000 -0.085937976800
808.882507000  8.100000000 -0.080817937900
808.907471000  8.100000000 -0.075320005400
808.932495000  8.100000000 -0.069444179500
808.957520000  8.100000000 -0.063184499700
808.982483000  8.100000000 -0.056548714600
809.007507000  8.100000000 -0.049527883500
809.032471000  8.100000000 -0.042119026200
809.057495000  8.100000000 -0.034309625600
809.082520000  8.100000000 -0.026092529300
809.107483000  8.100000000 -0.017461776700
809.132507000  8.100000000 -0.008412599560
809.157471000  8.100000000 0.001054406170
809.182495000  8.100000000 0.010924935300
809.207520000  8.100000000 0.021181702600
809.232483000  8.100000000 0.031786561000
809.257507000  8.100000000 0.042698979400
809.282471000  8.100000000 0.053860545200
809.307495000  8.100000000 0.065210461600
809.332520000  8.100000000 0.076687932000
809.357483000  8.100000000 0.088234543800
809.382507000  8.100000000 0.099793672600
809.407471000  8.100000000 0.111309886000
809.432495000  8.100000000 0.122720003000
809.457520000  8.100000000 0.133959055000
809.482483000  8.100000000 0.144949555000
809.507507000  8.100000000 0.155628920000
809.532471000  8.100000000 0.165918469000
809.557495000  8.100000000 0.175755620000
809.582520000  8.100000000 0.185071826000
809.607483000  8.100000000 0.193805397000
809.632507000  8.100000000 0.201891661000
809.657471000  8.100000000 0.209270716000
809.682495000  8.100000000 0.215883553000
809.707520000  8.100000000 0.221683681000
809.732483000  8.100000000 0.226630569000
809.757507000  8.100000000 0.230688751000
809.782471000  8.100000000 0.233825743000
809.807495000  8.100000000 0.236019492000
809.832520000  8.100000000 0.237247348000
809.857483000  8.100000000 0.237501264000
809.882507000  8.100000000 0.236779302000
809.907471000  8.100000000 0.235095024000
809.932495000  8.100000000 0.232470185000
809.957520000  8.100000000 0.228931531000
809.982483000  8.100000000 0.224507973000
810.007507000  8.100000000 0.219229236000
810.032471000  8.100000000 0.213126063000
810.057495000  8.100000000 0.206226259000
810.082520000  8.100000000 0.198559731000
810.107483000  8.100000000 0.190162078000
810.132507000  8.100000000 0.181074649000
810.157471000  8.100000000 0.171349198000
810.182495000  8.100000000 0.161040992000
810.207520000  8.100000000 0.150210291000
810.232483000  8.100000000 0.138918906000
810.257507000  8.100000000 0.127229020000
810.282471000  8.100000000 0.115205348000
810.307495000  8.100000000 0.102909133000
810.332520000  8.100000000 0.090402588200
810.357483000  8.100000000 0.077745914500
810.382507000  8.100000000 0.064997375000
810.407471000  8.100000000 0.052214562900
810.432495000  8.100000000 0.039448738100
810.457520000  8.100000000 0.026752054700
810.482483000  8.100000000 0.014169216200
810.507507000  8.100000000 0.001747906210
810.532471000  8.100000000 -0.010471046000
810.557495000  8.100000000 -0.022440999700
810.582520000  8.100000000 -0.034124851200
810.607483000  8.100000000 -0.045482665300
810.632507000  8.100000000 -0.056484341600
810.657471000  8.100000000 -0.067100822900
810.682495000  8.100000000 -0.077305063600
810.707520000  8.100000000 -0.087075457000
810.732483000  8.100000000 -0.096395090200
810.757507000  8.100000000 -0.105249360000
810.782471000  8.100000000 -0.113626793000
810.807495000  8.100000000 -0.121518224000
810.832520000  8.100000000 -0.128908902000
810.857483000  8.100000000 -0.135782331000
810.882507000  8.100000000 -0.142120063000
810.907471000  8.100000000 -0.147901773000
810.932495000  8.100000000 -0.153108656000
810.957520000  8.100000000 -0.157721221000
810.982483000  8.100000000 -0.161722988000
811.007507000  8.100000000 -0.165097743000
811.032471000  8.100000000 -0.167833537000
811.057495000  8.100000000 -0.169919655000
811.082520000  8.100000000 -0.171351060000
811.107483000  8.100000000 -0.172128454000
811.132507000  8.100000000 -0.172257423000
811.157471000  8.100000000 -0.171749294000
811.182495000  8.100000000 -0.170612782000
811.207520000  8.100000000 -0.168861300000
811.232483000  8.100000000 -0.166510791000
811.257507000  8.100000000 -0.163574666000
811.282471000  8.100000000 -0.160073638000
811.307495000  8.100000000 -0.156030804000
811.332520000  8.100000000 -0.151470006000
811.357483000  8.100000000 -0.146421790000
811.382507000  8.100000000 -0.140912831000
811.407471000  8.100000000 -0.134969950000
811.432495000  8.100000000 -0.128616393000
811.457520000  8.100000000 -0.121877789000
811.482483000  8.100000000 -0.114771128000
811.507507000  8.100000000 -0.107316673000
811.532471000  8.100000000 -0.099527835800
811.557495000  8.100000000 -0.091417133800
811.582520000  8.100000000 -0.082996487600
811.607483000  8.100000000 -0.074283480600
811.632507000  8.100000000 -0.065293312100
811.657471000  8.100000000 -0.056046247500
811.682495000  8.100000000 -0.046561956400
811.707520000  8.100000000 -0.036860406400
811.732483000  8.100000000 -0.026968717600
811.757507000  8.100000000 -0.016920566600
811.782471000  8.100000000 -0.006751120090
811.807495000  8.100000000 0.003499686720
811.832520000  8.100000000 0.013798177200
811.857483000  8.100000000 0.024109184700
811.882507000  8.100000000 0.034397244500
811.907471000  8.100000000 0.044625401500
811.932495000  8.100000000 0.054753124700
811.957520000  8.100000000 0.064731538300
811.982483000  8.100000000 0.074501633600
812.007507000  8.100000000 0.084000229800
812.032471000  8.100000000 0.093168318300
812.057495000  8.100000000 0.101952553000
812.082520000  8.100000000 0.110313296000
812.107483000  8.100000000 0.118212402000
812.132507000  8.100000000 0.125622451000
812.157471000  8.100000000 0.132513642000
812.182495000  8.100000000 0.138863623000
812.207520000  8.100000000 0.144656599000
812.232483000  8.100000000 0.149883628000
812.257507000  8.100000000 0.154539496000
812.282471000  8.100000000 0.158625990000
812.307495000  8.100000000 0.162144005000
812.332520000  8.100000000 0.165100992000
812.357483000  8.100000000 0.167508125000
812.382507000  8.100000000 0.169383138000
812.407471000  8.100000000 0.170746595000
812.432495000  8.100000000 0.171620846000
812.457520000  8.100000000 0.172027349000
812.482483000  8.100000000 0.171986595000
812.507507000  8.100000000 0.171516240000
812.532471000  8.100000000 0.170631260000
812.557495000  8.100000000 0.169347748000
812.582520000  8.100000000 0.167674690000
812.607483000  8.100000000 0.165625453000
812.632507000  8.100000000 0.163208261000
812.657471000  8.100000000 0.160430968000
812.682495000  8.100000000 0.157298923000
812.707520000  8.100000000 0.153816044000
812.732483000  8.100000000 0.149986923000
812.757507000  8.100000000 0.145815536000
812.782471000  8.100000000 0.141302049000
812.807495000  8.100000000 0.136447772000
812.832520000  8.100000000 0.131259412000
812.857483000  8.100000000 0.125737786000
812.882507000  8.100000000 0.119891763000
812.907471000  8.100000000 0.113722235000
812.932495000  8.100000000 0.107236952000
812.957520000  8.100000000 0.100449026000
812.982483000  8.100000000 0.093375146400
813.007507000  8.100000000 0.086038112600
813.032471000  8.100000000 0.078461766200
813.057495000  8.100000000 0.070680528900
813.082520000  8.100000000 0.062722712800
813.107483000  8.100000000 0.054630041100
813.132507000  8.100000000 0.046435892600
813.157471000  8.100000000 0.038182586400
813.182495000  8.100000000 0.029911994900
813.207520000  8.100000000 0.021662414100
813.232483000  8.100000000 0.013471692800
813.257507000  8.100000000 0.005373507740
813.282471000  8.100000000 -0.002598315480
813.307495000  8.100000000 -0.010416060700
813.332520000  8.100000000 -0.018052607800
813.357483000  8.100000000 -0.025480240600
813.382507000  8.100000000 -0.032676011300
813.407471000  8.100000000 -0.039622187600
813.432495000  8.100000000 -0.046291351300
813.457520000  8.100000000 -0.052671134500
813.482483000  8.100000000 -0.058743506700
813.507507000  8.100000000 -0.064496398000
813.532471000  8.100000000 -0.069929510400
813.557495000  8.100000000 -0.075041353700
813.582520000  8.100000000 -0.079835057300
813.607483000  8.100000000 -0.084316283500
813.632507000  8.100000000 -0.088495761200
813.657471000  8.100000000 -0.092380791900
813.682495000  8.100000000 -0.095987916000
813.707520000  8.100000000 -0.099328160300
813.732483000  8.100000000 -0.102418512000
813.757507000  8.100000000 -0.105278566000
813.782471000  8.100000000 -0.107925460000
813.807495000  8.100000000 -0.110380054000
813.832520000  8.100000000 -0.112669393000
813.857483000  8.100000000 -0.114815682000
813.882507000  8.100000000 -0.116845369000
813.907471000  8.100000000 -0.118778460000
813.932495000  8.100000000 -0.120635219000
813.957520000  8.100000000 -0.122428201000
813.982483000  8.100000000 -0.124170765000
814.007507000  8.100000000 -0.125867859000
814.032471000  8.100000000 -0.127523229000
814.057495000  8.100000000 -0.129135773000
814.082520000  8.100000000 -0.130701303000
814.107483000  8.100000000 -0.132210925000
814.132507000  8.100000000 -0.133657530000
814.157471000  8.100000000 -0.135027617000
814.182495000  8.100000000 -0.136310905000
814.207520000  8.100000000 -0.137494728000
814.232483000  8.100000000 -0.138569251000
814.257507000  8.100000000 -0.139522702000
814.282471000  8.100000000 -0.140349120000
814.307495000  8.100000000 -0.141042769000
814.332520000  8.100000000 -0.141603798000
814.357483000  8.100000000 -0.142038167000
814.382507000  8.100000000 -0.142348558000
814.407471000  8.100000000 -0.142539144000
814.432495000  8.100000000 -0.142612755000
814.457520000  8.100000000 -0.142570436000
814.482483000  8.100000000 -0.142414272000
814.507507000  8.100000000 -0.142144561000
814.532471000  8.100000000 -0.141762495000
814.557495000  8.100000000 -0.141262412000
814.582520000  8.100000000 -0.140641332000
814.607483000  8.100000000 -0.139894485000
814.632507000  8.100000000 -0.139012933000
814.657471000  8.100000000 -0.137986243000
814.682495000  8.100000000 -0.136803091000
814.707520000  8.100000000 -0.135447979000
814.732483000  8.100000000 -0.133910179000
814.757507000  8.100000000 -0.132175684000
814.782471000  8.100000000 -0.130228400000
814.807495000  8.100000000 -0.128058493000
814.832520000  8.100000000 -0.125648975000
814.857483000  8.100000000 -0.122987330000
814.882507000  8.100000000 -0.120063126000
814.907471000  8.100000000 -0.116865039000
814.932495000  8.100000000 -0.113384724000
814.957520000  8.100000000 -0.109616518000
814.982483000  8.100000000 -0.105559826000
815.007507000  8.100000000 -0.101217031000
815.032471000  8.100000000 -0.096591115000
815.057495000  8.100000000 -0.091692805300
815.082520000  8.100000000 -0.086529254900
815.107483000  8.100000000 -0.081108808500
815.132507000  8.100000000 -0.075446367300
815.157471000  8.100000000 -0.069559216500
815.182495000  8.100000000 -0.063464045500
815.207520000  8.100000000 -0.057178139700
815.232483000  8.100000000 -0.050715208100
815.257507000  8.100000000 -0.044094920200
815.282471000  8.100000000 -0.037329793000
815.307495000  8.100000000 -0.030437111900
815.332520000  8.100000000 -0.023431778000
815.357483000  8.100000000 -0.016329884500
815.382507000  8.100000000 -0.009142756460
815.407471000  8.100000000 -0.001878142360
815.432495000  8.100000000 0.005450248720
815.457520000  8.100000000 0.012837648400
815.482483000  8.100000000 0.020275712000
815.507507000  8.100000000 0.027757287000
815.532471000  8.100000000 0.035275816900
815.557495000  8.100000000 0.042825341200
815.582520000  8.100000000 0.050395727200
815.607483000  8.100000000 0.057983398400
815.632507000  8.100000000 0.065574646000
815.657471000  8.100000000 0.073161125200
815.682495000  8.100000000 0.080732703200
815.707520000  8.100000000 0.088276863100
815.732483000  8.100000000 0.095780491800
815.757507000  8.100000000 0.103233457000
815.782471000  8.100000000 0.110620260000
815.807495000  8.100000000 0.117930174000
815.832520000  8.100000000 0.125135183000
815.857483000  8.100000000 0.132211149000
815.882507000  8.100000000 0.139128268000
815.907471000  8.100000000 0.145862401000
815.932495000  8.100000000 0.152390301000
815.957520000  8.100000000 0.158686042000
815.982483000  8.100000000 0.164720416000
816.007507000  8.100000000 0.170457065000
816.032471000  8.100000000 0.175856352000
816.057495000  8.100000000 0.180874467000
816.082520000  8.100000000 0.185467899000
816.107483000  8.100000000 0.189592540000
816.132507000  8.100000000 0.193203092000
816.157471000  8.100000000 0.196253657000
816.182495000  8.100000000 0.198692679000
816.207520000  8.100000000 0.200470388000
816.232483000  8.100000000 0.201535076000
816.257507000  8.100000000 0.201834738000
816.282471000  8.100000000 0.201321542000
816.307495000  8.100000000 0.199951530000
816.332520000  8.100000000 0.197686404000
816.357483000  8.100000000 0.194495767000
816.382507000  8.100000000 0.190358087000
816.407471000  8.100000000 0.185262114000
816.432495000  8.100000000 0.179202408000
816.457520000  8.100000000 0.172182947000
816.482483000  8.100000000 0.164213926000
816.507507000  8.100000000 0.155315086000
816.532471000  8.100000000 0.145513847000
816.557495000  8.100000000 0.134848863000
816.582520000  8.100000000 0.123364694000
816.607483000  8.100000000 0.111113280000
816.632507000  8.100000000 0.098153241000
816.657471000  8.100000000 0.084551386500
816.682495000  8.100000000 0.070370845500
816.707520000  8.100000000 0.055690035200
816.732483000  8.100000000 0.040584690900
816.757507000  8.100000000 0.025132596500
816.782471000  8.100000000 0.009417980910
816.807495000  8.100000000 -0.006482601170
816.832520000  8.100000000 -0.022488422700
816.857483000  8.100000000 -0.038519464400
816.882507000  8.100000000 -0.054493956300
816.907471000  8.100000000 -0.070329606500
816.932495000  8.100000000 -0.085945613700
816.957520000  8.100000000 -0.101259664000
816.982483000  8.100000000 -0.116194367000
817.007507000  8.100000000 -0.130680382000
817.032471000  8.100000000 -0.144651785000
817.057495000  8.100000000 -0.158051133000
817.082520000  8.100000000 -0.170827195000
817.107483000  8.100000000 -0.182930052000
817.132507000  8.100000000 -0.194315240000
817.157471000  8.100000000 -0.204939097000
817.182495000  8.100000000 -0.214760900000
817.207520000  8.100000000 -0.223745555000
817.232483000  8.100000000 -0.231861025000
817.257507000  8.100000000 -0.239082128000
817.282471000  8.100000000 -0.245387703000
817.307495000  8.100000000 -0.250761658000
817.332520000  8.100000000 -0.255190581000
817.357483000  8.100000000 -0.258665979000
817.382507000  8.100000000 -0.261183083000
817.407471000  8.100000000 -0.262739062000
817.432495000  8.100000000 -0.263342559000
817.457520000  8.100000000 -0.263005495000
817.482483000  8.100000000 -0.261743963000
817.507507000  8.100000000 -0.259588361000
817.532471000  8.100000000 -0.256568193000
817.557495000  8.100000000 -0.252719223000
817.582520000  8.100000000 -0.248087049000
817.607483000  8.100000000 -0.242716074000
817.632507000  8.100000000 -0.236658454000
817.657471000  8.100000000 -0.229966044000
817.682495000  8.100000000 -0.222696662000
817.707520000  8.100000000 -0.214897990000
817.732483000  8.100000000 -0.206633210000
817.757507000  8.100000000 -0.197938085000
817.782471000  8.100000000 -0.188866854000
817.807495000  8.100000000 -0.179462433000
817.832520000  8.100000000 -0.169761777000
817.857483000  8.100000000 -0.159801245000
817.882507000  8.100000000 -0.149621964000
817.907471000  8.100000000 -0.139254332000
817.932495000  8.100000000 -0.128732920000
817.957520000  8.100000000 -0.118085146000
817.982483000  8.100000000 -0.107346177000
818.007507000  8.100000000 -0.096539259000
818.032471000  8.100000000 -0.085697174100
818.057495000  8.100000000 -0.074849724800
818.082520000  8.100000000 -0.064022541000
818.107483000  8.100000000 -0.053253173800
818.132507000  8.100000000 -0.042566657100
818.157471000  8.100000000 -0.031998753500
818.182495000  8.100000000 -0.021582841900
818.207520000  8.100000000 -0.011357665100
818.232483000  8.100000000 -0.001351833340
818.257507000  8.100000000 0.008399486540
818.282471000  8.100000000 0.017869472500
818.307495000  8.100000000 0.027027130100
818.332520000  8.100000000 0.035839080800
818.357483000  8.100000000 0.044283866900
818.382507000  8.100000000 0.052340626700
818.407471000  8.100000000 0.059981942200
818.432495000  8.100000000 0.067189335800
818.457520000  8.100000000 0.073943734200
818.482483000  8.100000000 0.080220699300
818.507507000  8.100000000 0.086017847100
818.532471000  8.100000000 0.091311931600
818.557495000  8.100000000 0.096093416200
818.582520000  8.100000000 0.100356936000
818.607483000  8.100000000 0.104102492000
818.632507000  8.100000000 0.107324719000
818.657471000  8.100000000 0.110016465000
818.682495000  8.100000000 0.112187266000
818.707520000  8.100000000 0.113827586000
818.732483000  8.100000000 0.114943981000
818.757507000  8.100000000 0.115532279000
818.782471000  8.100000000 0.115590096000
818.807495000  8.100000000 0.115130544000
818.832520000  8.100000000 0.114164352000
818.857483000  8.100000000 0.112694502000
818.882507000  8.100000000 0.110750794000
818.907471000  8.100000000 0.108355284000
818.932495000  8.100000000 0.105528831000
818.957520000  8.100000000 0.102306008000
818.982483000  8.100000000 0.098723769200
819.007507000  8.100000000 0.094810724300
819.032471000  8.100000000 0.090600848200
819.057495000  8.100000000 0.086129903800
819.082520000  8.100000000 0.081432461700
819.107483000  8.100000000 0.076551437400
819.132507000  8.100000000 0.071518421200
819.157471000  8.100000000 0.066368579900
819.182495000  8.100000000 0.061136484100
819.207520000  8.100000000 0.055853128400
819.232483000  8.100000000 0.050528049500
819.257507000  8.100000000 0.045205950700
819.282471000  8.100000000 0.039892196700
819.307495000  8.100000000 0.034610033000
819.332520000  8.100000000 0.029372572900
819.357483000  8.100000000 0.024185180700
819.382507000  8.100000000 0.019069314000
819.407471000  8.100000000 0.014021992700
819.432495000  8.100000000 0.009061694150
819.457520000  8.100000000 0.004178285600
819.482483000  8.100000000 -0.000611543655
819.507507000  8.100000000 -0.005311369900
819.532471000  8.100000000 -0.009920001030
819.557495000  8.100000000 -0.014435052900
819.582520000  8.100000000 -0.018863678000
819.607483000  8.100000000 -0.023201108000
819.632507000  8.100000000 -0.027450323100
819.657471000  8.100000000 -0.031617283800
819.682495000  8.100000000 -0.035696029700
819.707520000  8.100000000 -0.039700269700
819.732483000  8.100000000 -0.043624043500
819.757507000  8.100000000 -0.047465562800
819.782471000  8.100000000 -0.051233768500
819.807495000  8.100000000 -0.054916143400
819.832520000  8.100000000 -0.058519244200
819.857483000  8.100000000 -0.062036514300
819.882507000  8.100000000 -0.065460205100
819.907471000  8.100000000 -0.068776011500
819.932495000  8.100000000 -0.071972608600
819.957520000  8.100000000 -0.075020194100
819.982483000  8.100000000 -0.077883005100
820.007507000  8.100000000 -0.080540776300
820.032471000  8.100000000 -0.082943439500
820.057495000  8.100000000 -0.085049867600
820.082520000  8.100000000 -0.086829662300
820.107483000  8.100000000 -0.088222026800
820.132507000  8.100000000 -0.089195966700
820.157471000  8.100000000 -0.089707374600
820.182495000  8.100000000 -0.089716911300
820.207520000  8.100000000 -0.089188218100
820.232483000  8.100000000 -0.088093876800
820.257507000  8.100000000 -0.086411833800
820.282471000  8.100000000 -0.084124207500
820.307495000  8.100000000 -0.081220865200
820.332520000  8.100000000 -0.077713131900
820.357483000  8.100000000 -0.073595643000
820.382507000  8.100000000 -0.068896412800
820.407471000  8.100000000 -0.063623786000
820.432495000  8.100000000 -0.057818889600
820.457520000  8.100000000 -0.051510930100
820.482483000  8.100000000 -0.044733882000
820.507507000  8.100000000 -0.037540197400
820.532471000  8.100000000 -0.029969215400
820.557495000  8.100000000 -0.022080540700
820.582520000  8.100000000 -0.013929605500
820.607483000  8.100000000 -0.005567669870
820.632507000  8.100000000 0.002940893170
820.657471000  8.100000000 0.011533498800
820.682495000  8.100000000 0.020156502700
820.707520000  8.100000000 0.028747916200
820.732483000  8.100000000 0.037251710900
820.757507000  8.100000000 0.045620799100
820.782471000  8.100000000 0.053788423500
820.807495000  8.100000000 0.061721801800
820.832520000  8.100000000 0.069364309300
820.857483000  8.100000000 0.076682567600
820.882507000  8.100000000 0.083631873100
820.907471000  8.100000000 0.090200901000
820.932495000  8.100000000 0.096355080600
820.957520000  8.100000000 0.102084875000
820.982483000  8.100000000 0.107374191000
821.007507000  8.100000000 0.112222433000
821.032471000  8.100000000 0.116623640000
821.057495000  8.100000000 0.120581985000
821.082520000  8.100000000 0.124099255000
821.107483000  8.100000000 0.127193332000
821.132507000  8.100000000 0.129872561000
821.157471000  8.100000000 0.132163167000
821.182495000  8.100000000 0.134081841000
821.207520000  8.100000000 0.135662556000
821.232483000  8.100000000 0.136920214000
821.257507000  8.100000000 0.137878656000
821.282471000  8.100000000 0.138567090000
821.307495000  8.100000000 0.139006972000
821.332520000  8.100000000 0.139215887000
821.357483000  8.100000000 0.139223337000
821.382507000  8.100000000 0.139043629000
821.407471000  8.100000000 0.138702393000
821.432495000  8.100000000 0.138212740000
821.457520000  8.100000000 0.137596726000
821.482483000  8.100000000 0.136861503000
821.507507000  8.100000000 0.136032701000
821.532471000  8.100000000 0.135122538000
821.557495000  8.100000000 0.134136379000
821.582520000  8.100000000 0.133098662000
821.607483000  8.100000000 0.132012665000
821.632507000  8.100000000 0.130897760000
821.657471000  8.100000000 0.129757524000
821.682495000  8.100000000 0.128605366000
821.707520000  8.100000000 0.127448142000
821.732483000  8.100000000 0.126295984000
821.757507000  8.100000000 0.125155449000
821.782471000  8.100000000 0.124039352000
821.807495000  8.100000000 0.122953802000
821.832520000  8.100000000 0.121911019000
821.857483000  8.100000000 0.120923072000
821.882507000  8.100000000 0.119991302000
821.907471000  8.100000000 0.119131058000
821.932495000  8.100000000 0.118344128000
821.957520000  8.100000000 0.117630959000
821.982483000  8.100000000 0.117003173000
822.007507000  8.100000000 0.116460472000
822.032471000  8.100000000 0.115999281000
822.057495000  8.100000000 0.115617812000
822.082520000  8.100000000 0.115308836000
822.107483000  8.100000000 0.115064532000
822.132507000  8.100000000 0.114872307000
822.157471000  8.100000000 0.114721581000
822.182495000  8.100000000 0.114592910000
822.207520000  8.100000000 0.114472657000
822.232483000  8.100000000 0.114344805000
822.257507000  8.100000000 0.114196502000
822.282471000  8.100000000 0.114015281000
822.307495000  8.100000000 0.113797195000
822.332520000  8.100000000 0.113536611000
822.357483000  8.100000000 0.113233835000
822.382507000  8.100000000 0.112890899000
822.407471000  8.100000000 0.112516895000
822.432495000  8.100000000 0.112119950000
822.457520000  8.100000000 0.111714453000
822.482483000  8.100000000 0.111317337000
822.507507000  8.100000000 0.110948160000
822.532471000  8.100000000 0.110631585000
822.557495000  8.100000000 0.110395700000
822.582520000  8.100000000 0.110268220000
822.607483000  8.100000000 0.110283718000
822.632507000  8.100000000 0.110469162000
822.657471000  8.100000000 0.110853761000
822.682495000  8.100000000 0.111465305000
822.707520000  8.100000000 0.112327188000
822.732483000  8.100000000 0.113460869000
822.757507000  8.100000000 0.114881694000
822.782471000  8.100000000 0.116599947000
822.807495000  8.100000000 0.118621737000
822.832520000  8.100000000 0.120944679000
822.857483000  8.100000000 0.123564750000
822.882507000  8.100000000 0.126472563000
822.907471000  8.100000000 0.129649937000
822.932495000  8.100000000 0.133085549000
822.957520000  8.100000000 0.136759877000
822.982483000  8.100000000 0.140652359000
823.007507000  8.100000000 0.144744813000
823.032471000  8.100000000 0.149009824000
823.057495000  8.100000000 0.153424740000
823.082520000  8.100000000 0.157959461000
823.107483000  8.100000000 0.162589848000
823.132507000  8.100000000 0.167283714000
823.157471000  8.100000000 0.172009468000
823.182495000  8.100000000 0.176736712000
823.207520000  8.100000000 0.181436837000
823.232483000  8.100000000 0.186072290000
823.257507000  8.100000000 0.190609992000
823.282471000  8.100000000 0.195014179000
823.307495000  8.100000000 0.199254155000
823.332520000  8.100000000 0.203288198000
823.357483000  8.100000000 0.207083225000
823.382507000  8.100000000 0.210613608000
823.407471000  8.100000000 0.213839412000
823.432495000  8.100000000 0.216730237000
823.457520000  8.100000000 0.219257474000
823.482483000  8.100000000 0.221386552000
823.507507000  8.100000000 0.223090649000
823.532471000  8.100000000 0.224345922000
823.557495000  8.100000000 0.225126147000
823.582520000  8.100000000 0.225418806000
823.607483000  8.100000000 0.225210190000
823.632507000  8.100000000 0.224489570000
823.657471000  8.100000000 0.223262906000
823.682495000  8.100000000 0.221532583000
823.707520000  8.100000000 0.219310522000
823.732483000  8.100000000 0.216606855000
823.757507000  8.100000000 0.213446617000
823.782471000  8.100000000 0.209844708000
823.807495000  8.100000000 0.205833912000
823.832520000  8.100000000 0.201441050000
823.857483000  8.100000000 0.196698308000
823.882507000  8.100000000 0.191653967000
823.907471000  8.100000000 0.186342001000
823.932495000  8.100000000 0.180821419000
823.957520000  8.100000000 0.175132751000
823.982483000  8.100000000 0.169333220000
824.007507000  8.100000000 0.163466930000
824.032471000  8.100000000 0.157594681000
824.057495000  8.100000000 0.151749849000
824.082520000  8.100000000 0.145974159000
824.107483000  8.100000000 0.140322447000
824.132507000  8.100000000 0.134795904000
824.157471000  8.100000000 0.129448175000
824.182495000  8.100000000 0.124279261000
824.207520000  8.100000000 0.119304657000
824.232483000  8.100000000 0.114529133000
824.257507000  8.100000000 0.109950304000
824.282471000  8.100000000 0.105564594000
824.307495000  8.100000000 0.101350546000
824.332520000  8.100000000 0.097302198400
824.357483000  8.100000000 0.093382597000
824.382507000  8.100000000 0.089588165300
824.407471000  8.100000000 0.085879564300
824.432495000  8.100000000 0.082249641400
824.457520000  8.100000000 0.078659057600
824.482483000  8.100000000 0.075098276100
824.507507000  8.100000000 0.071549415600
824.532471000  8.100000000 0.067991018300
824.557495000  8.100000000 0.064429044700
824.582520000  8.100000000 0.060857534400
824.607483000  8.100000000 0.057264566400
824.632507000  8.100000000 0.053694248200
824.657471000  8.100000000 0.050120353700
824.682495000  8.100000000 0.046601295500
824.707520000  8.100000000 0.043147802400
824.732483000  8.100000000 0.039803981800
824.757507000  8.100000000 0.036578178400
824.782471000  8.100000000 0.033524036400
824.807495000  8.100000000 0.030660629300
824.832520000  8.100000000 0.028020143500
824.857483000  8.100000000 0.025626421000
824.882507000  8.100000000 0.023496151000
824.907471000  8.100000000 0.021636486100
824.932495000  8.100000000 0.020054578800
824.957520000  8.100000000 0.018754005400
824.982483000  8.100000000 0.017716884600
825.007507000  8.100000000 0.016942024200
825.032471000  8.100000000 0.016397237800
825.057495000  8.100000000 0.016084909400
825.082520000  8.100000000 0.015964508100
825.107483000  8.100000000 0.016019344300
825.132507000  8.100000000 0.016220808000
825.157471000  8.100000000 0.016543865200
825.182495000  8.100000000 0.016970634500
825.207520000  8.100000000 0.017485618600
825.232483000  8.100000000 0.018055439000
825.257507000  8.100000000 0.018678903600
825.282471000  8.100000000 0.019314289100
825.307495000  8.100000000 0.019973516500
825.332520000  8.100000000 0.020616054500
825.357483000  8.100000000 0.021234750700
825.382507000  8.100000000 0.021815300000
825.407471000  8.100000000 0.022336244600
825.432495000  8.100000000 0.022777319000
825.457520000  8.100000000 0.023114681200
825.482483000  8.100000000 0.023325681700
825.507507000  8.100000000 0.023388862600
825.532471000  8.100000000 0.023279190100
825.557495000  8.100000000 0.022971630100
825.582520000  8.100000000 0.022457838100
825.607483000  8.100000000 0.021708011600
825.632507000  8.100000000 0.020719766600
825.657471000  8.100000000 0.019470453300
825.682495000  8.100000000 0.017961263700
825.707520000  8.100000000 0.016187429400
825.732483000  8.100000000 0.014133453400
825.757507000  8.100000000 0.011818409000
825.782471000  8.100000000 0.009253025050
825.807495000  8.100000000 0.006438493730
825.832520000  8.100000000 0.003409385680
825.857483000  8.100000000 0.000196695328
825.882507000  8.100000000 -0.003200769420
825.907471000  8.100000000 -0.006721019740
825.932495000  8.100000000 -0.010358095200
825.957520000  8.100000000 -0.014064312000
825.982483000  8.100000000 -0.017815828300
826.007507000  8.100000000 -0.021584034000
826.032471000  8.100000000 -0.025341510800
826.057495000  8.100000000 -0.029052496000
826.082520000  8.100000000 -0.032715797400
826.107483000  8.100000000 -0.036292076100
826.132507000  8.100000000 -0.039778947800
826.157471000  8.100000000 -0.043157339100
826.182495000  8.100000000 -0.046423673600
826.207520000  8.100000000 -0.049567222600
826.232483000  8.100000000 -0.052596330600
826.257507000  8.100000000 -0.055502653100
826.282471000  8.100000000 -0.058292150500
826.307495000  8.100000000 -0.060973167400
826.332520000  8.100000000 -0.063552856400
826.357483000  8.100000000 -0.066026449200
826.382507000  8.100000000 -0.068409442900
826.407471000  8.100000000 -0.070706605900
826.432495000  8.100000000 -0.072917938200
826.457520000  8.100000000 -0.075051784500
826.482483000  8.100000000 -0.077117681500
826.507507000  8.100000000 -0.079119205500
826.532471000  8.100000000 -0.081059932700
826.557495000  8.100000000 -0.082964897200
826.582520000  8.100000000 -0.084831714600
826.607483000  8.100000000 -0.086688995400
826.632507000  8.100000000 -0.088552236600
826.657471000  8.100000000 -0.090423822400
826.682495000  8.100000000 -0.092344284100
826.707520000  8.100000000 -0.094311237300
826.732483000  8.100000000 -0.096347332000
826.757507000  8.100000000 -0.098457336400
826.782471000  8.100000000 -0.100660324000
826.807495000  8.100000000 -0.102961063000
826.832520000  8.100000000 -0.105360746000
826.857483000  8.100000000 -0.107877254000
826.882507000  8.100000000 -0.110499859000
826.907471000  8.100000000 -0.113244057000
826.932495000  8.100000000 -0.116100311000
826.957520000  8.100000000 -0.119065046000
826.982483000  8.100000000 -0.122133493000
827.007507000  8.100000000 -0.125298500000
827.032471000  8.100000000 -0.128548145000
827.057495000  8.100000000 -0.131869316000
827.082520000  8.100000000 -0.135250092000
827.107483000  8.100000000 -0.138682127000
827.132507000  8.100000000 -0.142141581000
827.157471000  8.100000000 -0.145621300000
827.182495000  8.100000000 -0.149116516000
827.207520000  8.100000000 -0.152598619000
827.232483000  8.100000000 -0.156064034000
827.257507000  8.100000000 -0.159504414000
827.282471000  8.100000000 -0.162904263000
827.307495000  8.100000000 -0.166257024000
827.332520000  8.100000000 -0.169543624000
827.357483000  8.100000000 -0.172761083000
827.382507000  8.100000000 -0.175902247000
827.407471000  8.100000000 -0.178953409000
827.432495000  8.100000000 -0.181912184000
827.457520000  8.100000000 -0.184775591000
827.482483000  8.100000000 -0.187539458000
827.507507000  8.100000000 -0.190203190000
827.532471000  8.100000000 -0.192769170000
827.557495000  8.100000000 -0.195238590000
827.582520000  8.100000000 -0.197609067000
827.607483000  8.100000000 -0.199892521000
827.632507000  8.100000000 -0.202073455000
827.657471000  8.100000000 -0.204160810000
827.682495000  8.100000000 -0.206142068000
827.707520000  8.100000000 -0.208017230000
827.732483000  8.100000000 -0.209777951000
827.757507000  8.100000000 -0.211417079000
827.782471000  8.100000000 -0.212925076000
827.807495000  8.100000000 -0.214284658000
827.832520000  8.100000000 -0.215494037000
827.857483000  8.100000000 -0.216534138000
827.882507000  8.100000000 -0.217399597000
827.907471000  8.100000000 -0.218072534000
827.932495000  8.100000000 -0.218547285000
827.957520000  8.100000000 -0.218816698000
827.982483000  8.100000000 -0.218871832000
828.007507000  8.100000000 -0.218701661000
828.032471000  8.100000000 -0.218302310000
828.057495000  8.100000000 -0.217663646000
828.082520000  8.100000000 -0.216779411000
828.107483000  8.100000000 -0.215640962000
828.132507000  8.100000000 -0.214239657000
828.157471000  8.100000000 -0.212566555000
828.182495000  8.100000000 -0.210610926000
828.207520000  8.100000000 -0.208369493000
828.232483000  8.100000000 -0.205836594000
828.257507000  8.100000000 -0.203010291000
828.282471000  8.100000000 -0.199893862000
828.307495000  8.100000000 -0.196493566000
828.332520000  8.100000000 -0.192817003000
828.357483000  8.100000000 -0.188882500000
828.382507000  8.100000000 -0.184705481000
828.407471000  8.100000000 -0.180313364000
828.432495000  8.100000000 -0.175732255000
828.457520000  8.100000000 -0.170998648000
828.482483000  8.100000000 -0.166149229000
828.507507000  8.100000000 -0.161226168000
828.532471000  8.100000000 -0.156271011000
828.557495000  8.100000000 -0.151330203000
828.582520000  8.100000000 -0.146449640000
828.607483000  8.100000000 -0.141675502000
828.632507000  8.100000000 -0.137061551000
828.657471000  8.100000000 -0.132649213000
828.682495000  8.100000000 -0.128482357000
828.707520000  8.100000000 -0.124603063000
828.732483000  8.100000000 -0.121041611000
828.757507000  8.100000000 -0.117830783000
828.782471000  8.100000000 -0.114994496000
828.807495000  8.100000000 -0.112556070000
828.832520000  8.100000000 -0.110535473000
828.857483000  8.100000000 -0.108949840000
828.882507000  8.100000000 -0.107809454000
828.907471000  8.100000000 -0.107122064000
828.932495000  8.100000000 -0.106887072000
828.957520000  8.100000000 -0.107102841000
828.982483000  8.100000000 -0.107758641000
829.007507000  8.100000000 -0.108842552000
829.032471000  8.100000000 -0.110335797000
829.057495000  8.100000000 -0.112213045000
829.082520000  8.100000000 -0.114441216000
829.107483000  8.100000000 -0.116981566000
829.132507000  8.100000000 -0.119784474000
829.157471000  8.100000000 -0.122797787000
829.182495000  8.100000000 -0.125960112000
829.207520000  8.100000000 -0.129212439000
829.232483000  8.100000000 -0.132489800000
829.257507000  8.100000000 -0.135729313000
829.282471000  8.100000000 -0.138868690000
829.307495000  8.100000000 -0.141846240000
829.332520000  8.100000000 -0.144599974000
829.357483000  8.100000000 -0.147075057000
829.382507000  8.100000000 -0.149219036000
829.407471000  8.100000000 -0.150982738000
829.432495000  8.100000000 -0.152327716000
829.457520000  8.100000000 -0.153216720000
829.482483000  8.100000000 -0.153621435000
829.507507000  8.100000000 -0.153521299000
829.532471000  8.100000000 -0.152897835000
829.557495000  8.100000000 -0.151743889000
829.582520000  8.100000000 -0.150052905000
829.607483000  8.100000000 -0.147828460000
829.632507000  8.100000000 -0.145069361000
829.657471000  8.100000000 -0.141783357000
829.682495000  8.100000000 -0.137978196000
829.707520000  8.100000000 -0.133658051000
829.732483000  8.100000000 -0.128837824000
829.757507000  8.100000000 -0.123521090000
829.782471000  8.100000000 -0.117722750000
829.807495000  8.100000000 -0.111452937000
829.832520000  8.100000000 -0.104731321000
829.857483000  8.100000000 -0.097572803500
829.882507000  8.100000000 -0.090008378000
829.907471000  8.100000000 -0.082062482800
829.932495000  8.100000000 -0.073776841200
829.957520000  8.100000000 -0.065196156500
829.982483000  8.100000000 -0.056373477000
830.007507000  8.100000000 -0.047367215200
830.032471000  8.100000000 -0.038239359900
830.057495000  8.100000000 -0.029060840600
830.082520000  8.100000000 -0.019900798800
830.107483000  8.100000000 -0.010828971900
830.132507000  8.100000000 -0.001921057700
830.157471000  8.100000000 0.006759762760
830.182495000  8.100000000 0.015138387700
830.207520000  8.100000000 0.023152828200
830.232483000  8.100000000 0.030739903500
830.257507000  8.100000000 0.037847161300
830.282471000  8.100000000 0.044414401100
830.307495000  8.100000000 0.050413012500
830.332520000  8.100000000 0.055795311900
830.357483000  8.100000000 0.060537457500
830.382507000  8.100000000 0.064620971700
830.407471000  8.100000000 0.068019032500
830.432495000  8.100000000 0.070727467500
830.457520000  8.100000000 0.072736144100
830.482483000  8.100000000 0.074036121400
830.507507000  8.100000000 0.074632763900
830.532471000  8.100000000 0.074519515000
830.557495000  8.100000000 0.073719024700
830.582520000  8.100000000 0.072235465000
830.607483000  8.100000000 0.070098638500
830.632507000  8.100000000 0.067325234400
830.657471000  8.100000000 0.063949227300
830.682495000  8.100000000 0.059992075000
830.707520000  8.100000000 0.055493116400
830.732483000  8.100000000 0.050481557800
830.757507000  8.100000000 0.045002102900
830.782471000  8.100000000 0.039090514200
830.807495000  8.100000000 0.032791495300
830.832520000  8.100000000 0.026153922100
830.857483000  8.100000000 0.019219517700
830.882507000  8.100000000 0.012037158000
830.907471000  8.100000000 0.004659295080
830.932495000  8.100000000 -0.002873539920
830.957520000  8.100000000 -0.010511279100
830.982483000  8.100000000 -0.018200874300
831.007507000  8.100000000 -0.025900602300
831.032471000  8.100000000 -0.033560395200
831.057495000  8.100000000 -0.041133761400
831.082520000  8.100000000 -0.048574805300
831.107483000  8.100000000 -0.055837631200
831.132507000  8.100000000 -0.062874555600
831.157471000  8.100000000 -0.069654583900
831.182495000  8.100000000 -0.076127648400
831.207520000  8.100000000 -0.082264542600
831.232483000  8.100000000 -0.088025331500
831.257507000  8.100000000 -0.093383789100
831.282471000  8.100000000 -0.098318457600
831.307495000  8.100000000 -0.102796555000
831.332520000  8.100000000 -0.106800795000
831.357483000  8.100000000 -0.110309720000
831.382507000  8.100000000 -0.113304853000
831.407471000  8.100000000 -0.115773082000
831.432495000  8.100000000 -0.117688179000
831.457520000  8.100000000 -0.119045973000
831.482483000  8.100000000 -0.119830370000
831.507507000  8.100000000 -0.120028853000
831.532471000  8.100000000 -0.119633675000
831.557495000  8.100000000 -0.118644834000
831.582520000  8.100000000 -0.117043853000
831.607483000  8.100000000 -0.114842057000
831.632507000  8.100000000 -0.112027526000
831.657471000  8.100000000 -0.108609796000
831.682495000  8.100000000 -0.104584098000
831.707520000  8.100000000 -0.099956393200
831.732483000  8.100000000 -0.094724297500
831.757507000  8.100000000 -0.088893771200
831.782471000  8.100000000 -0.082471966700
831.807495000  8.100000000 -0.075469017000
831.832520000  8.100000000 -0.067903995500
831.857483000  8.100000000 -0.059803724300
831.882507000  8.100000000 -0.051185488700
831.907471000  8.100000000 -0.042088627800
831.932495000  8.100000000 -0.032541751900
831.957520000  8.100000000 -0.022589564300
831.982483000  8.100000000 -0.012280345000
832.007507000  8.100000000 -0.001666545870
832.032471000  8.100000000 0.009192228320
832.057495000  8.100000000 0.020225644100
832.082520000  8.100000000 0.031357407600
832.107483000  8.100000000 0.042520761500
832.132507000  8.100000000 0.053633451500
832.157471000  8.100000000 0.064622759800
832.182495000  8.100000000 0.075408816300
832.207520000  8.100000000 0.085916519200
832.232483000  8.100000000 0.096066594100
832.257507000  8.100000000 0.105792880000
832.282471000  8.100000000 0.115016699000
832.307495000  8.100000000 0.123676062000
832.332520000  8.100000000 0.131701827000
832.357483000  8.100000000 0.139027238000
832.382507000  8.100000000 0.145601630000
832.407471000  8.100000000 0.151365399000
832.432495000  8.100000000 0.156272650000
832.457520000  8.100000000 0.160272121000
832.482483000  8.100000000 0.163334012000
832.507507000  8.100000000 0.165416598000
832.532471000  8.100000000 0.166509151000
832.557495000  8.100000000 0.166594982000
832.582520000  8.100000000 0.165665746000
832.607483000  8.100000000 0.163750052000
832.632507000  8.100000000 0.160847902000
832.657471000  8.100000000 0.157007575000
832.682495000  8.100000000 0.152259469000
832.707520000  8.100000000 0.146666169000
832.732483000  8.100000000 0.140277743000
832.757507000  8.100000000 0.133180618000
832.782471000  8.100000000 0.125443935000
832.807495000  8.100000000 0.117159486000
832.832520000  8.100000000 0.108413696000
832.857483000  8.100000000 0.099301934200
832.882507000  8.100000000 0.089910626400
832.907471000  8.100000000 0.080339908600
832.932495000  8.100000000 0.070665180700
832.957520000  8.100000000 0.060974061500
832.982483000  8.100000000 0.051342546900
833.007507000  8.100000000 0.041835308100
833.032471000  8.100000000 0.032516419900
833.057495000  8.100000000 0.023454725700
833.082520000  8.100000000 0.014697015300
833.107483000  8.100000000 0.006300508980
833.132507000  8.100000000 -0.001680552960
833.157471000  8.100000000 -0.009211301800
833.182495000  8.100000000 -0.016247034100
833.207520000  8.100000000 -0.022758245500
833.232483000  8.100000000 -0.028715729700
833.257507000  8.100000000 -0.034095048900
833.282471000  8.100000000 -0.038882195900
833.307495000  8.100000000 -0.043062567700
833.332520000  8.100000000 -0.046624839300
833.357483000  8.100000000 -0.049573183100
833.382507000  8.100000000 -0.051912069300
833.407471000  8.100000000 -0.053652524900
833.432495000  8.100000000 -0.054805874800
833.457520000  8.100000000 -0.055397748900
833.482483000  8.100000000 -0.055441260300
833.507507000  8.100000000 -0.054974556000
833.532471000  8.100000000 -0.054014325100
833.557495000  8.100000000 -0.052590966200
833.582520000  8.100000000 -0.050733685500
833.607483000  8.100000000 -0.048475265500
833.632507000  8.100000000 -0.045842528300
833.657471000  8.100000000 -0.042863488200
833.682495000  8.100000000 -0.039573311800
833.707520000  8.100000000 -0.036001205400
833.732483000  8.100000000 -0.032178163500
833.757507000  8.100000000 -0.028139948800
833.782471000  8.100000000 -0.023910999300
833.807495000  8.100000000 -0.019527673700
833.832520000  8.100000000 -0.015021562600
833.857483000  8.100000000 -0.010417103800
833.882507000  8.100000000 -0.005748271940
833.907471000  8.100000000 -0.001040101050
833.932495000  8.100000000 0.003682374950
833.957520000  8.100000000 0.008397102360
833.982483000  8.100000000 0.013082623500
834.007507000  8.100000000 0.017732977900
834.032471000  8.100000000 0.022328496000
834.057495000  8.100000000 0.026872158100
834.082520000  8.100000000 0.031352043200
834.107483000  8.100000000 0.035775899900
834.132507000  8.100000000 0.040141940100
834.157471000  8.100000000 0.044458508500
834.182495000  8.100000000 0.048735141800
834.207520000  8.100000000 0.052981376600
834.232483000  8.100000000 0.057201981500
834.257507000  8.100000000 0.061407685300
834.282471000  8.100000000 0.065611600900
834.307495000  8.100000000 0.069806575800
834.332520000  8.100000000 0.074011087400
834.357483000  8.100000000 0.078223347700
834.382507000  8.100000000 0.082446336700
834.407471000  8.100000000 0.086683929000
834.432495000  8.100000000 0.090936124300
834.457520000  8.100000000 0.095201730700
834.482483000  8.100000000 0.099482536300
834.507507000  8.100000000 0.103780925000
834.532471000  8.100000000 0.108092427000
834.557495000  8.100000000 0.112416148000
834.582520000  8.100000000 0.116753578000
834.607483000  8.100000000 0.121088922000
834.632507000  8.100000000 0.125417411000
834.657471000  8.100000000 0.129724443000
834.682495000  8.100000000 0.133994520000
834.707520000  8.100000000 0.138217509000
834.732483000  8.100000000 0.142378807000
834.757507000  8.100000000 0.146465003000
834.782471000  8.100000000 0.150464177000
834.807495000  8.100000000 0.154367983000
834.832520000  8.100000000 0.158162713000
834.857483000  8.100000000 0.161841512000
834.882507000  8.100000000 0.165397823000
834.907471000  8.100000000 0.168820471000
834.932495000  8.100000000 0.172109008000
834.957520000  8.100000000 0.175245851000
834.982483000  8.100000000 0.178221911000
835.007507000  8.100000000 0.181024671000
835.032471000  8.100000000 0.183639526000
835.057495000  8.100000000 0.186050162000
835.082520000  8.100000000 0.188237056000
835.107483000  8.100000000 0.190182477000
835.132507000  8.100000000 0.191865936000
835.157471000  8.100000000 0.193267986000
835.182495000  8.100000000 0.194370478000
835.207520000  8.100000000 0.195154577000
835.232483000  8.100000000 0.195606560000
835.257507000  8.100000000 0.195711091000
835.282471000  8.100000000 0.195457518000
835.307495000  8.100000000 0.194836780000
835.332520000  8.100000000 0.193842128000
835.357483000  8.100000000 0.192469656000
835.382507000  8.100000000 0.190719366000
835.407471000  8.100000000 0.188594759000
835.432495000  8.100000000 0.186103880000
835.457520000  8.100000000 0.183257759000
835.482483000  8.100000000 0.180069953000
835.507507000  8.100000000 0.176551640000
835.532471000  8.100000000 0.172716975000
835.557495000  8.100000000 0.168576539000
835.582520000  8.100000000 0.164145231000
835.607483000  8.100000000 0.159435868000
835.632507000  8.100000000 0.154464245000
835.657471000  8.100000000 0.149242282000
835.682495000  8.100000000 0.143786669000
835.707520000  8.100000000 0.138112307000
835.732483000  8.100000000 0.132234395000
835.757507000  8.100000000 0.126169622000
835.782471000  8.100000000 0.119931102000
835.807495000  8.100000000 0.113532543000
835.832520000  8.100000000 0.106990635000
835.857483000  8.100000000 0.100319088000
835.882507000  8.100000000 0.093528926400
835.907471000  8.100000000 0.086641013600
835.932495000  8.100000000 0.079672336600
835.957520000  8.100000000 0.072641968700
835.982483000  8.100000000 0.065571367700
836.007507000  8.100000000 0.058481693300
836.032471000  8.100000000 0.051393806900
836.057495000  8.100000000 0.044323504000
836.082520000  8.100000000 0.037283599400
836.107483000  8.100000000 0.030286610100
836.132507000  8.100000000 0.023339986800
836.157471000  8.100000000 0.016455352300
836.182495000  8.100000000 0.009635686870
836.207520000  8.100000000 0.002895593640
836.232483000  8.100000000 -0.003761649130
836.257507000  8.100000000 -0.010316371900
836.282471000  8.100000000 -0.016759336000
836.307495000  8.100000000 -0.023066103500
836.332520000  8.100000000 -0.029214620600
836.357483000  8.100000000 -0.035183131700
836.382507000  8.100000000 -0.040943622600
836.407471000  8.100000000 -0.046466291000
836.432495000  8.100000000 -0.051721334500
836.457520000  8.100000000 -0.056684017200
836.482483000  8.100000000 -0.061329901200
836.507507000  8.100000000 -0.065632164500
836.532471000  8.100000000 -0.069573223600
836.557495000  8.100000000 -0.073128938700
836.582520000  8.100000000 -0.076286494700
836.607483000  8.100000000 -0.079029798500
836.632507000  8.100000000 -0.081347525100
836.657471000  8.100000000 -0.083237290400
836.682495000  8.100000000 -0.084694027900
836.707520000  8.100000000 -0.085719525800
836.732483000  8.100000000 -0.086321234700
836.757507000  8.100000000 -0.086498260500
836.782471000  8.100000000 -0.086258053800
836.807495000  8.100000000 -0.085609257200
836.832520000  8.100000000 -0.084561109500
836.857483000  8.100000000 -0.083122551400
836.882507000  8.100000000 -0.081313848500
836.907471000  8.100000000 -0.079151094000
836.932495000  8.100000000 -0.076662004000
836.957520000  8.100000000 -0.073869526400
836.982483000  8.100000000 -0.070797503000
837.007507000  8.100000000 -0.067476332200
837.032471000  8.100000000 -0.063931047900
837.057495000  8.100000000 -0.060191750500
837.082520000  8.100000000 -0.056293606800
837.107483000  8.100000000 -0.052264928800
837.132507000  8.100000000 -0.048138499300
837.157471000  8.100000000 -0.043939501000
837.182495000  8.100000000 -0.039690434900
837.207520000  8.100000000 -0.035413652700
837.232483000  8.100000000 -0.031129270800
837.257507000  8.100000000 -0.026852339500
837.282471000  8.100000000 -0.022600740200
837.307495000  8.100000000 -0.018386989800
837.332520000  8.100000000 -0.014227330700
837.357483000  8.100000000 -0.010134130700
837.382507000  8.100000000 -0.006121993060
837.407471000  8.100000000 -0.002203583720
837.432495000  8.100000000 0.001600086690
837.457520000  8.100000000 0.005275756120
837.482483000  8.100000000 0.008805692200
837.507507000  8.100000000 0.012169778300
837.532471000  8.100000000 0.015351474300
837.557495000  8.100000000 0.018331110500
837.582520000  8.100000000 0.021090507500
837.607483000  8.100000000 0.023617595400
837.632507000  8.100000000 0.025896579000
837.657471000  8.100000000 0.027924180000
837.682495000  8.100000000 0.029693245900
837.707520000  8.100000000 0.031205266700
837.732483000  8.100000000 0.032462626700
837.757507000  8.100000000 0.033469498200
837.782471000  8.100000000 0.034236013900
837.807495000  8.100000000 0.034774839900
837.832520000  8.100000000 0.035102665400
837.857483000  8.100000000 0.035238564000
837.882507000  8.100000000 0.035205781500
837.907471000  8.100000000 0.035031139900
837.932495000  8.100000000 0.034736990900
837.957520000  8.100000000 0.034350156800
837.982483000  8.100000000 0.033894181300
838.007507000  8.100000000 0.033398866700
838.032471000  8.100000000 0.032882094400
838.057495000  8.100000000 0.032371878600
838.082520000  8.100000000 0.031889975100
838.107483000  8.100000000 0.031457543400
838.132507000  8.100000000 0.031093955000
838.157471000  8.100000000 0.030816197400
838.182495000  8.100000000 0.030637681500
838.207520000  8.100000000 0.030564963800
838.232483000  8.100000000 0.030607581100
838.257507000  8.100000000 0.030760765100
838.282471000  8.100000000 0.031026899800
838.307495000  8.100000000 0.031397342700
838.332520000  8.100000000 0.031861960900
838.357483000  8.100000000 0.032410323600
838.382507000  8.100000000 0.033025145500
838.407471000  8.100000000 0.033684670900
838.432495000  8.100000000 0.034369528300
838.457520000  8.100000000 0.035057067900
838.482483000  8.100000000 0.035722255700
838.507507000  8.100000000 0.036343932200
838.532471000  8.100000000 0.036897957300
838.557495000  8.100000000 0.037366747900
838.582520000  8.100000000 0.037729442100
838.607483000  8.100000000 0.037972331000
838.632507000  8.100000000 0.038075745100
838.657471000  8.100000000 0.038030445600
838.682495000  8.100000000 0.037825405600
838.707520000  8.100000000 0.037451982500
838.732483000  8.100000000 0.036906004000
838.757507000  8.100000000 0.036180615400
838.782471000  8.100000000 0.035267472300
838.807495000  8.100000000 0.034165084400
838.832520000  8.100000000 0.032858848600
838.857483000  8.100000000 0.031354427300
838.882507000  8.100000000 0.029640197800
838.907471000  8.100000000 0.027715861800
838.932495000  8.100000000 0.025582313500
838.957520000  8.100000000 0.023235678700
838.982483000  8.100000000 0.020663738300
839.007507000  8.100000000 0.017867684400
839.032471000  8.100000000 0.014835596100
839.057495000  8.100000000 0.011560916900
839.082520000  8.100000000 0.008036792280
839.107483000  8.100000000 0.004259943960
839.132507000  8.100000000 0.000226497650
839.157471000  8.100000000 -0.004056990150
839.182495000  8.100000000 -0.008593201640
839.207520000  8.100000000 -0.013367235700
839.232483000  8.100000000 -0.018370747600
839.257507000  8.100000000 -0.023591816400
839.282471000  8.100000000 -0.029010772700
839.307495000  8.100000000 -0.034619867800
839.332520000  8.100000000 -0.040387213200
839.357483000  8.100000000 -0.046292245400
839.382507000  8.100000000 -0.052317380900
839.407471000  8.100000000 -0.058426260900
839.432495000  8.100000000 -0.064595341700
839.457520000  8.100000000 -0.070793330700
839.482483000  8.100000000 -0.076990127600
839.507507000  8.100000000 -0.083150267600
839.532471000  8.100000000 -0.089245736600
839.557495000  8.100000000 -0.095242261900
839.582520000  8.100000000 -0.101104677000
839.607483000  8.100000000 -0.106800795000
839.632507000  8.100000000 -0.112299025000
839.657471000  8.100000000 -0.117573440000
839.682495000  8.100000000 -0.122593045000
839.707520000  8.100000000 -0.127335489000
839.732483000  8.100000000 -0.131776929000
839.757507000  8.100000000 -0.135905445000
839.782471000  8.100000000 -0.139702708000
839.807495000  8.100000000 -0.143157989000
839.832520000  8.100000000 -0.146260560000
839.857483000  8.100000000 -0.148996860000
839.882507000  8.100000000 -0.151357204000
839.907471000  8.100000000 -0.153334290000
839.932495000  8.100000000 -0.154909045000
839.957520000  8.100000000 -0.156081021000
839.982483000  8.100000000 -0.156832635000
840.007507000  8.100000000 -0.157160088000
840.032471000  8.100000000 -0.157057047000
840.057495000  8.100000000 -0.156523287000
840.082520000  8.100000000 -0.155560851000
840.107483000  8.100000000 -0.154176056000
840.132507000  8.100000000 -0.152371466000
840.157471000  8.100000000 -0.150157899000
840.182495000  8.100000000 -0.147543639000
840.207520000  8.100000000 -0.144542620000
840.232483000  8.100000000 -0.141167268000
840.257507000  8.100000000 -0.137426928000
840.282471000  8.100000000 -0.133332729000
840.307495000  8.100000000 -0.128887817000
840.332520000  8.100000000 -0.124095455000
840.357483000  8.100000000 -0.118965209000
840.382507000  8.100000000 -0.113507062000
840.407471000  8.100000000 -0.107740536000
840.432495000  8.100000000 -0.101689249000
840.457520000  8.100000000 -0.095380544700
840.482483000  8.100000000 -0.088844001300
840.507507000  8.100000000 -0.082115680000
840.532471000  8.100000000 -0.075232088600
840.557495000  8.100000000 -0.068237632500
840.582520000  8.100000000 -0.061175674200
840.607483000  8.100000000 -0.054092407200
840.632507000  8.100000000 -0.047038346500
840.657471000  8.100000000 -0.040060728800
840.682495000  8.100000000 -0.033209025900
840.707520000  8.100000000 -0.026528239300
840.732483000  8.100000000 -0.020058751100
840.757507000  8.100000000 -0.013840049500
840.782471000  8.100000000 -0.007908940320
840.807495000  8.100000000 -0.002299547200
840.832520000  8.100000000 0.002959668640
840.857483000  8.100000000 0.007839351890
840.882507000  8.100000000 0.012315958700
840.907471000  8.100000000 0.016369074600
840.932495000  8.100000000 0.019983500200
840.957520000  8.100000000 0.023149251900
840.982483000  8.100000000 0.025861859300
841.007507000  8.100000000 0.028120428300
841.032471000  8.100000000 0.029929131300
841.057495000  8.100000000 0.031296014800
841.082520000  8.100000000 0.032233893900
841.107483000  8.100000000 0.032756626600
841.132507000  8.100000000 0.032883882500
841.157471000  8.100000000 0.032636821300
841.182495000  8.100000000 0.032041519900
841.207520000  8.100000000 0.031125843500
841.232483000  8.100000000 0.029922127700
841.257507000  8.100000000 0.028462410000
841.282471000  8.100000000 0.026779472800
841.307495000  8.100000000 0.024907439900
841.332520000  8.100000000 0.022879988000
841.357483000  8.100000000 0.020729899400
841.382507000  8.100000000 0.018485337500
841.407471000  8.100000000 0.016176402600
841.432495000  8.100000000 0.013828873600
841.457520000  8.100000000 0.011471360900
841.482483000  8.100000000 0.009130388500
841.507507000  8.100000000 0.006829500200
841.532471000  8.100000000 0.004585534330
841.557495000  8.100000000 0.002410709860
841.582520000  8.100000000 0.000314712524
841.607483000  8.100000000 -0.001691579820
841.632507000  8.100000000 -0.003598034380
841.657471000  8.100000000 -0.005391687150
841.682495000  8.100000000 -0.007065087560
841.707520000  8.100000000 -0.008610636000
841.732483000  8.100000000 -0.010022521000
841.757507000  8.100000000 -0.011296123300
841.782471000  8.100000000 -0.012424737200
841.807495000  8.100000000 -0.013406127700
841.832520000  8.100000000 -0.014238804600
841.857483000  8.100000000 -0.014925897100
841.882507000  8.100000000 -0.015464276100
841.907471000  8.100000000 -0.015856772700
841.932495000  8.100000000 -0.016099661600
841.957520000  8.100000000 -0.016189366600
841.982483000  8.100000000 -0.016122311400
842.007507000  8.100000000 -0.015893578500
842.032471000  8.100000000 -0.015497654700
842.057495000  8.100000000 -0.014928877400
842.082520000  8.100000000 -0.014191120900
842.107483000  8.100000000 -0.013287514400
842.132507000  8.100000000 -0.012231022100
842.157471000  8.100000000 -0.011036396000
842.182495000  8.100000000 -0.009720474480
842.207520000  8.100000000 -0.008303076030
842.232483000  8.100000000 -0.006807148460
842.257507000  8.100000000 -0.005260109900
842.282471000  8.100000000 -0.003687441350
842.307495000  8.100000000 -0.002115815880
842.332520000  8.100000000 -0.000576972961
842.357483000  8.100000000 0.000900030136
842.382507000  8.100000000 0.002283751960
842.407471000  8.100000000 0.003549009560
842.432495000  8.100000000 0.004676729440
842.457520000  8.100000000 0.005657970910
842.482483000  8.100000000 0.006485134360
842.507507000  8.100000000 0.007148683070
842.532471000  8.100000000 0.007633715870
842.557495000  8.100000000 0.007932037120
842.582520000  8.100000000 0.008038729430
842.607483000  8.100000000 0.007952451710
842.632507000  8.100000000 0.007686614990
842.657471000  8.100000000 0.007253885270
842.682495000  8.100000000 0.006666481490
842.707520000  8.100000000 0.005943924190
842.732483000  8.100000000 0.005100369450
842.757507000  8.100000000 0.004156678920
842.782471000  8.100000000 0.003127604720
842.807495000  8.100000000 0.002030283210
842.832520000  8.100000000 0.000877827406
842.857483000  8.100000000 -0.000321716070
842.882507000  8.100000000 -0.001555532220
842.907471000  8.100000000 -0.002809017900
842.932495000  8.100000000 -0.004069209100
842.957520000  8.100000000 -0.005319714550
842.982483000  8.100000000 -0.006551444530
843.007507000  8.100000000 -0.007753223180
843.032471000  8.100000000 -0.008919090030
843.057495000  8.100000000 -0.010046660900
843.082520000  8.100000000 -0.011140108100
843.107483000  8.100000000 -0.012203604000
843.132507000  8.100000000 -0.013250559600
843.157471000  8.100000000 -0.014290809600
843.182495000  8.100000000 -0.015339404300
843.207520000  8.100000000 -0.016408264600
843.232483000  8.100000000 -0.017514228800
843.257507000  8.100000000 -0.018667876700
843.282471000  8.100000000 -0.019879490100
843.307495000  8.100000000 -0.021156966700
843.332520000  8.100000000 -0.022503733600
843.357483000  8.100000000 -0.023923814300
843.382507000  8.100000000 -0.025422275100
843.407471000  8.100000000 -0.027004629400
843.432495000  8.100000000 -0.028678178800
843.457520000  8.100000000 -0.030451417000
843.482483000  8.100000000 -0.032330155400
843.507507000  8.100000000 -0.034323185700
843.532471000  8.100000000 -0.036433488100
843.557495000  8.100000000 -0.038662254800
843.582520000  8.100000000 -0.041008889700
843.607483000  8.100000000 -0.043463259900
843.632507000  8.100000000 -0.046020597200
843.657471000  8.100000000 -0.048667937500
843.682495000  8.100000000 -0.051391273700
843.707520000  8.100000000 -0.054167658100
843.732483000  8.100000000 -0.056980550300
843.757507000  8.100000000 -0.059799552000
843.782471000  8.100000000 -0.062603056400
843.807495000  8.100000000 -0.065366625800
843.832520000  8.100000000 -0.068059265600
843.857483000  8.100000000 -0.070656240000
843.882507000  8.100000000 -0.073130726800
843.907471000  8.100000000 -0.075446963300
843.932495000  8.100000000 -0.077581107600
843.957520000  8.100000000 -0.079497993000
843.982483000  8.100000000 -0.081172883500
844.007507000  8.100000000 -0.082579851200
844.032471000  8.100000000 -0.083702206600
844.057495000  8.100000000 -0.084517300100
844.082520000  8.100000000 -0.085013210800
844.107483000  8.100000000 -0.085178017600
844.132507000  8.100000000 -0.084995329400
844.157471000  8.100000000 -0.084455609300
844.182495000  8.100000000 -0.083542764200
844.207520000  8.100000000 -0.082242488900
844.232483000  8.100000000 -0.080541968300
844.257507000  8.100000000 -0.078429579700
844.282471000  8.100000000 -0.075897574400
844.307495000  8.100000000 -0.072939992000
844.332520000  8.100000000 -0.069551169900
844.357483000  8.100000000 -0.065734088400
844.382507000  8.100000000 -0.061495304100
844.407471000  8.100000000 -0.056848228000
844.432495000  8.100000000 -0.051818788100
844.457520000  8.100000000 -0.046420097400
844.482483000  8.100000000 -0.040690004800
844.507507000  8.100000000 -0.034646987900
844.532471000  8.100000000 -0.028329193600
844.557495000  8.100000000 -0.021767318200
844.582520000  8.100000000 -0.014995038500
844.607483000  8.100000000 -0.008053779600
844.632507000  8.100000000 -0.000987648964
844.657471000  8.100000000 0.006160438060
844.682495000  8.100000000 0.013336837300
844.707520000  8.100000000 0.020495057100
844.732483000  8.100000000 0.027584731600
844.757507000  8.100000000 0.034564733500
844.782471000  8.100000000 0.041385889100
844.807495000  8.100000000 0.048009753200
844.832520000  8.100000000 0.054390430500
844.857483000  8.100000000 0.060497224300
844.882507000  8.100000000 0.066303014800
844.907471000  8.100000000 0.071778893500
844.932495000  8.100000000 0.076923370400
844.957520000  8.100000000 0.081711709500
844.982483000  8.100000000 0.086144805000
845.007507000  8.100000000 0.090215802200
845.032471000  8.100000000 0.093922317000
845.057495000  8.100000000 0.097267031700
845.082520000  8.100000000 0.100252330000
845.107483000  8.100000000 0.102882981000
845.132507000  8.100000000 0.105162859000
845.157471000  8.100000000 0.107101798000
845.182495000  8.100000000 0.108710825000
845.207520000  8.100000000 0.110009313000
845.232483000  8.100000000 0.111014843000
845.257507000  8.100000000 0.111747980000
845.282471000  8.100000000 0.112230778000
845.307495000  8.100000000 0.112472177000
845.332520000  8.100000000 0.112480521000
845.357483000  8.100000000 0.112265050000
845.382507000  8.100000000 0.111834556000
845.407471000  8.100000000 0.111200213000
845.432495000  8.100000000 0.110378861000
845.457520000  8.100000000 0.109382272000
845.482483000  8.100000000 0.108219832000
845.507507000  8.100000000 0.106895268000
845.532471000  8.100000000 0.105410814000
845.557495000  8.100000000 0.103759021000
845.582520000  8.100000000 0.101938397000
845.607483000  8.100000000 0.099944174300
845.632507000  8.100000000 0.097771287000
845.657471000  8.100000000 0.095413029200
845.682495000  8.100000000 0.092853754800
845.707520000  8.100000000 0.090076923400
845.732483000  8.100000000 0.087065994700
845.757507000  8.100000000 0.083806067700
845.782471000  8.100000000 0.080286860500
845.807495000  8.100000000 0.076504573200
845.832520000  8.100000000 0.072451308400
845.857483000  8.100000000 0.068120509400
845.882507000  8.100000000 0.063507445200
845.907471000  8.100000000 0.058612003900
845.932495000  8.100000000 0.053442567600
845.957520000  8.100000000 0.048012249200
845.982483000  8.100000000 0.042339079100
846.007507000  8.100000000 0.036447662900
846.032471000  8.100000000 0.030365511800
846.057495000  8.100000000 0.024129692500
846.082520000  8.100000000 0.017780233200
846.107483000  8.100000000 0.011357870000
846.132507000  8.100000000 0.004902910440
846.157471000  8.100000000 -0.001548100260
846.182495000  8.100000000 -0.007964111860
846.207520000  8.100000000 -0.014311708500
846.232483000  8.100000000 -0.020556692000
846.257507000  8.100000000 -0.026663765300
846.282471000  8.100000000 -0.032596271500
846.307495000  8.100000000 -0.038321018200
846.332520000  8.100000000 -0.043807737500
846.357483000  8.100000000 -0.049028806400
846.382507000  8.100000000 -0.053956881200
846.407471000  8.100000000 -0.058564133900
846.432495000  8.100000000 -0.062826685600
846.457520000  8.100000000 -0.066721700100
846.482483000  8.100000000 -0.070233643100
846.507507000  8.100000000 -0.073342025300
846.532471000  8.100000000 -0.076028183100
846.557495000  8.100000000 -0.078270286300
846.582520000  8.100000000 -0.080055221900
846.607483000  8.100000000 -0.081376060800
846.632507000  8.100000000 -0.082237273500
846.657471000  8.100000000 -0.082649737600
846.682495000  8.100000000 -0.082625448700
846.707520000  8.100000000 -0.082176476700
846.732483000  8.100000000 -0.081314593600
846.757507000  8.100000000 -0.080050826100
846.782471000  8.100000000 -0.078395158100
846.807495000  8.100000000 -0.076356530200
846.832520000  8.100000000 -0.073946863400
846.857483000  8.100000000 -0.071179568800
846.882507000  8.100000000 -0.068072080600
846.907471000  8.100000000 -0.064644813500
846.932495000  8.100000000 -0.060918480200
846.957520000  8.100000000 -0.056914091100
846.982483000  8.100000000 -0.052647590600
847.007507000  8.100000000 -0.048130005600
847.032471000  8.100000000 -0.043374598000
847.057495000  8.100000000 -0.038390010600
847.082520000  8.100000000 -0.033188164200
847.107483000  8.100000000 -0.027774423400
847.132507000  8.100000000 -0.022156834600
847.157471000  8.100000000 -0.016343295600
847.182495000  8.100000000 -0.010349601500
847.207520000  8.100000000 -0.004192888740
847.232483000  8.100000000 0.002105385070
847.257507000  8.100000000 0.008524954320
847.282471000  8.100000000 0.015044063300
847.307495000  8.100000000 0.021645277700
847.332520000  8.100000000 0.028306990900
847.357483000  8.100000000 0.035003721700
847.382507000  8.100000000 0.041707158100
847.407471000  8.100000000 0.048386305600
847.432495000  8.100000000 0.055005550400
847.457520000  8.100000000 0.061531812000
847.482483000  8.100000000 0.067929029500
847.507507000  8.100000000 0.074160844100
847.532471000  8.100000000 0.080192834100
847.557495000  8.100000000 0.085990876000
847.582520000  8.100000000 0.091526061300
847.607483000  8.100000000 0.096774995300
847.632507000  8.100000000 0.101714283000
847.657471000  8.100000000 0.106330365000
847.682495000  8.100000000 0.110608339000
847.707520000  8.100000000 0.114537850000
847.732483000  8.100000000 0.118110850000
847.757507000  8.100000000 0.121321529000
847.782471000  8.100000000 0.124167874000
847.807495000  8.100000000 0.126652271000
847.832520000  8.100000000 0.128781676000
847.857483000  8.100000000 0.130562261000
847.882507000  8.100000000 0.132001966000
847.907471000  8.100000000 0.133108616000
847.932495000  8.100000000 0.133890867000
847.957520000  8.100000000 0.134358644000
847.982483000  8.100000000 0.134521186000
848.007507000  8.100000000 0.134386256000
848.032471000  8.100000000 0.133962363000
848.057495000  8.100000000 0.133257091000
848.082520000  8.100000000 0.132276639000
848.107483000  8.100000000 0.131028667000
848.132507000  8.100000000 0.129516125000
848.157471000  8.100000000 0.127741024000
848.182495000  8.100000000 0.125705823000
848.207520000  8.100000000 0.123408139000
848.232483000  8.100000000 0.120846629000
848.257507000  8.100000000 0.118016750000
848.282471000  8.100000000 0.114915818000
848.307495000  8.100000000 0.111540109000
848.332520000  8.100000000 0.107891560000
848.357483000  8.100000000 0.103973746000
848.382507000  8.100000000 0.099799484000
848.407471000  8.100000000 0.095387697200
848.432495000  8.100000000 0.090761482700
848.457520000  8.100000000 0.085946023500
848.482483000  8.100000000 0.080961585000
848.507507000  8.100000000 0.075829625100
848.532471000  8.100000000 0.070566237000
848.557495000  8.100000000 0.065200924900
848.582520000  8.100000000 0.059761703000
848.607483000  8.100000000 0.054287910500
848.632507000  8.100000000 0.048819780300
848.657471000  8.100000000 0.043401122100
848.682495000  8.100000000 0.038073658900
848.707520000  8.100000000 0.032882690400
848.732483000  8.100000000 0.027871727900
848.757507000  8.100000000 0.023078620400
848.782471000  8.100000000 0.018537938600
848.807495000  8.100000000 0.014272928200
848.832520000  8.100000000 0.010307431200
848.857483000  8.100000000 0.006655752660
848.882507000  8.100000000 0.003331601620
848.907471000  8.100000000 0.000343024731
848.932495000  8.100000000 -0.002302527430
848.957520000  8.100000000 -0.004612505440
848.982483000  8.100000000 -0.006595849990
849.007507000  8.100000000 -0.008273124690
849.032471000  8.100000000 -0.009669661520
849.057495000  8.100000000 -0.010813474700
849.082520000  8.100000000 -0.011741817000
849.107483000  8.100000000 -0.012492537500
849.132507000  8.100000000 -0.013104379200
849.157471000  8.100000000 -0.013617277100
849.182495000  8.100000000 -0.014071166500
849.207520000  8.100000000 -0.014505386400
849.232483000  8.100000000 -0.014960467800
849.257507000  8.100000000 -0.015474557900
849.282471000  8.100000000 -0.016084015400
849.307495000  8.100000000 -0.016821622800
849.332520000  8.100000000 -0.017716884600
849.357483000  8.100000000 -0.018791854400
849.382507000  8.100000000 -0.020069778000
849.407471000  8.100000000 -0.021565854500
849.432495000  8.100000000 -0.023289918900
849.457520000  8.100000000 -0.025247037400
849.482483000  8.100000000 -0.027431845700
849.507507000  8.100000000 -0.029837787200
849.532471000  8.100000000 -0.032446086400
849.557495000  8.100000000 -0.035240352200
849.582520000  8.100000000 -0.038196742500
849.607483000  8.100000000 -0.041286349300
849.632507000  8.100000000 -0.044478476000
849.657471000  8.100000000 -0.047739446200
849.682495000  8.100000000 -0.051033198800
849.707520000  8.100000000 -0.054322183100
849.732483000  8.100000000 -0.057567209000
849.757507000  8.100000000 -0.060728341300
849.782471000  8.100000000 -0.063763707900
849.807495000  8.100000000 -0.066633075500
849.832520000  8.100000000 -0.069297552100
849.857483000  8.100000000 -0.071715414500
849.882507000  8.100000000 -0.073849111800
849.907471000  8.100000000 -0.075660646000
849.932495000  8.100000000 -0.077113658200
849.957520000  8.100000000 -0.078174471900
849.982483000  8.100000000 -0.078815072800
850.007507000  8.100000000 -0.079011321100
850.032471000  8.100000000 -0.078747272500
850.057495000  8.100000000 -0.078012198200
850.082520000  8.100000000 -0.076800584800
850.107483000  8.100000000 -0.075111687200
850.132507000  8.100000000 -0.072952285400
850.157471000  8.100000000 -0.070333257300
850.182495000  8.100000000 -0.067268535500
850.207520000  8.100000000 -0.063780918700
850.232483000  8.100000000 -0.059895217400
850.257507000  8.100000000 -0.055643022100
850.282471000  8.100000000 -0.051060617000
850.307495000  8.100000000 -0.046187862800
850.332520000  8.100000000 -0.041067525700
850.357483000  8.100000000 -0.035742968300
850.382507000  8.100000000 -0.030260793900
850.407471000  8.100000000 -0.024666786200
850.432495000  8.100000000 -0.019007884000
850.457520000  8.100000000 -0.013328008400
850.482483000  8.100000000 -0.007670558990
850.507507000  8.100000000 -0.002075880770
850.532471000  8.100000000 0.003418698910
850.557495000  8.100000000 0.008778944610
850.582520000  8.100000000 0.013973861900
850.607483000  8.100000000 0.018976517000
850.632507000  8.100000000 0.023764036600
850.657471000  8.100000000 0.028316900100
850.682495000  8.100000000 0.032620132000
850.707520000  8.100000000 0.036660432800
850.732483000  8.100000000 0.040430277600
850.757507000  8.100000000 0.043924450900
850.782471000  8.100000000 0.047141909600
850.807495000  8.100000000 0.050085410500
850.832520000  8.100000000 0.052759721900
850.857483000  8.100000000 0.055175051100
850.882507000  8.100000000 0.057344138600
850.907471000  8.100000000 0.059283226700
850.932495000  8.100000000 0.061008855700
850.957520000  8.100000000 0.062538236400
850.982483000  8.100000000 0.063886046400
851.007507000  8.100000000 0.065066665400
851.032471000  8.100000000 0.066092461300
851.057495000  8.100000000 0.066975057100
851.082520000  8.100000000 0.067720264200
851.107483000  8.100000000 0.068331807900
851.132507000  8.100000000 0.068810582200
851.157471000  8.100000000 0.069151073700
851.182495000  8.100000000 0.069347322000
851.207520000  8.100000000 0.069390833400
851.232483000  8.100000000 0.069271326100
851.257507000  8.100000000 0.068977177100
851.282471000  8.100000000 0.068496167700
851.307495000  8.100000000 0.067815482600
851.332520000  8.100000000 0.066920071800
851.357483000  8.100000000 0.065797418400
851.382507000  8.100000000 0.064432919000
851.407471000  8.100000000 0.062815696000
851.432495000  8.100000000 0.060935169500
851.457520000  8.100000000 0.058787167100
851.482483000  8.100000000 0.056363046200
851.507507000  8.100000000 0.053665638000
851.532471000  8.100000000 0.050692558300
851.557495000  8.100000000 0.047454536000
851.582520000  8.100000000 0.043959021600
851.607483000  8.100000000 0.040218234100
851.632507000  8.100000000 0.036249756800
851.657471000  8.100000000 0.032073259400
851.682495000  8.100000000 0.027709305300
851.707520000  8.100000000 0.023182332500
851.732483000  8.100000000 0.018519759200
851.757507000  8.100000000 0.013745725200
851.782471000  8.100000000 0.008893311020
851.807495000  8.100000000 0.003992319110
851.832520000  8.100000000 -0.000928044319
851.857483000  8.100000000 -0.005834102630
851.882507000  8.100000000 -0.010696947600
851.907471000  8.100000000 -0.015484094600
851.932495000  8.100000000 -0.020170211800
851.957520000  8.100000000 -0.024726688900
851.982483000  8.100000000 -0.029127001800
852.007507000  8.100000000 -0.033345818500
852.032471000  8.100000000 -0.037358105200
852.057495000  8.100000000 -0.041138231800
852.082520000  8.100000000 -0.044660568200
852.107483000  8.100000000 -0.047904551000
852.132507000  8.100000000 -0.050850808600
852.157471000  8.100000000 -0.053484439800
852.182495000  8.100000000 -0.055796802000
852.207520000  8.100000000 -0.057780891700
852.232483000  8.100000000 -0.059437453700
852.257507000  8.100000000 -0.060770958700
852.282471000  8.100000000 -0.061790198100
852.307495000  8.100000000 -0.062507689000
852.332520000  8.100000000 -0.062938481600
852.357483000  8.100000000 -0.063101947300
852.382507000  8.100000000 -0.063014924500
852.407471000  8.100000000 -0.062694251500
852.432495000  8.100000000 -0.062154233500
852.457520000  8.100000000 -0.061407983300
852.482483000  8.100000000 -0.060470551300
852.507507000  8.100000000 -0.059355795400
852.532471000  8.100000000 -0.058075934600
852.557495000  8.100000000 -0.056640207800
852.582520000  8.100000000 -0.055057853500
852.607483000  8.100000000 -0.053336471300
852.632507000  8.100000000 -0.051483213900
852.657471000  8.100000000 -0.049506425900
852.682495000  8.100000000 -0.047412365700
852.707520000  8.100000000 -0.045207142800
852.732483000  8.100000000 -0.042896866800
852.757507000  8.100000000 -0.040486529500
852.782471000  8.100000000 -0.037984997000
852.807495000  8.100000000 -0.035400837700
852.832520000  8.100000000 -0.032744929200
852.857483000  8.100000000 -0.030030310200
852.882507000  8.100000000 -0.027269274000
852.907471000  8.100000000 -0.024477019900
852.932495000  8.100000000 -0.021667555000
852.957520000  8.100000000 -0.018857866500
852.982483000  8.100000000 -0.016063898800
853.007507000  8.100000000 -0.013303235200
853.032471000  8.100000000 -0.010593757000
853.057495000  8.100000000 -0.007953569290
853.082520000  8.100000000 -0.005400180820
853.107483000  8.100000000 -0.002950578930
853.132507000  8.100000000 -0.000620931387
853.157471000  8.100000000 0.001574233170
853.182495000  8.100000000 0.003618299960
853.207520000  8.100000000 0.005496665840
853.232483000  8.100000000 0.007194429640
853.257507000  8.100000000 0.008696690200
853.282471000  8.100000000 0.009990185500
853.307495000  8.100000000 0.011060163400
853.332520000  8.100000000 0.011897012600
853.357483000  8.100000000 0.012492910000
853.382507000  8.100000000 0.012844204900
853.407471000  8.100000000 0.012949183600
853.432495000  8.100000000 0.012811124300
853.457520000  8.100000000 0.012433007400
853.482483000  8.100000000 0.011821091200
853.507507000  8.100000000 0.010981410700
853.532471000  8.100000000 0.009921714660
853.557495000  8.100000000 0.008650347590
853.582520000  8.100000000 0.007180050020
853.607483000  8.100000000 0.005522817370
853.632507000  8.100000000 0.003692880270
853.657471000  8.100000000 0.001705661420
853.682495000  8.100000000 -0.000419095159
853.707520000  8.100000000 -0.002659186720
853.732483000  8.100000000 -0.004988387230
853.757507000  8.100000000 -0.007380172610
853.782471000  8.100000000 -0.009806528690
853.807495000  8.100000000 -0.012239068700
853.832520000  8.100000000 -0.014648512000
853.857483000  8.100000000 -0.017006248200
853.882507000  8.100000000 -0.019285306300
853.907471000  8.100000000 -0.021460056300
853.932495000  8.100000000 -0.023508146400
853.957520000  8.100000000 -0.025412142300
853.982483000  8.100000000 -0.027160421000
854.007507000  8.100000000 -0.028748512300
854.032471000  8.100000000 -0.030176118000
854.057495000  8.100000000 -0.031448602700
854.082520000  8.100000000 -0.032571777700
854.107483000  8.100000000 -0.033554434800
854.132507000  8.100000000 -0.034405961600
854.157471000  8.100000000 -0.035137087100
854.182495000  8.100000000 -0.035758689000
854.207520000  8.100000000 -0.036281347300
854.232483000  8.100000000 -0.036713555500
854.257507000  8.100000000 -0.037062652400
854.282471000  8.100000000 -0.037336051500
854.307495000  8.100000000 -0.037540011100
854.332520000  8.100000000 -0.037681274100
854.357483000  8.100000000 -0.037764906900
854.382507000  8.100000000 -0.037792995600
854.407471000  8.100000000 -0.037765353900
854.432495000  8.100000000 -0.037679001700
854.457520000  8.100000000 -0.037528350900
854.482483000  8.100000000 -0.037308111800
854.507507000  8.100000000 -0.037008989600
854.532471000  8.100000000 -0.036621913300
854.557495000  8.100000000 -0.036136787400
854.582520000  8.100000000 -0.035542018700
854.607483000  8.100000000 -0.034827016300
854.632507000  8.100000000 -0.033980395600
854.657471000  8.100000000 -0.032991707300
854.682495000  8.100000000 -0.031851068100
854.707520000  8.100000000 -0.030549150000
854.732483000  8.100000000 -0.029078321500
854.757507000  8.100000000 -0.027433689700
854.782471000  8.100000000 -0.025612134500
854.807495000  8.100000000 -0.023614727000
854.832520000  8.100000000 -0.021444838500
854.857483000  8.100000000 -0.019108969700
854.882507000  8.100000000 -0.016612578200
854.907471000  8.100000000 -0.013964269300
854.932495000  8.100000000 -0.011172946500
854.957520000  8.100000000 -0.008250251410
854.982483000  8.100000000 -0.005212277170
855.007507000  8.100000000 -0.002077557150
855.032471000  8.100000000 0.001130960880
855.057495000  8.100000000 0.004387851800
855.082520000  8.100000000 0.007663983850
855.107483000  8.100000000 0.010927505800
855.132507000  8.100000000 0.014146398800
855.157471000  8.100000000 0.017283223600
855.182495000  8.100000000 0.020305421200
855.207520000  8.100000000 0.023173838900
855.232483000  8.100000000 0.025856057200
855.257507000  8.100000000 0.028318529900
855.282471000  8.100000000 0.030530616600
855.307495000  8.100000000 0.032464437200
855.332520000  8.100000000 0.034097608200
855.357483000  8.100000000 0.035410158300
855.382507000  8.100000000 0.036388866600
855.407471000  8.100000000 0.037025466600
855.432495000  8.100000000 0.037318468100
855.457520000  8.100000000 0.037269163900
855.482483000  8.100000000 0.036882236600
855.507507000  8.100000000 0.036165583900
855.532471000  8.100000000 0.035130120800
855.557495000  8.100000000 0.033787321300
855.582520000  8.100000000 0.032152831600
855.607483000  8.100000000 0.030243992800
855.632507000  8.100000000 0.028078109000
855.657471000  8.100000000 0.025677867200
855.682495000  8.100000000 0.023066364200
855.707520000  8.100000000 0.020266249800
855.732483000  8.100000000 0.017302036300
855.757507000  8.100000000 0.014196783300
855.782471000  8.100000000 0.010974369900
855.807495000  8.100000000 0.007654763760
855.832520000  8.100000000 0.004260614510
855.857483000  8.100000000 0.000811703503
855.882507000  8.100000000 -0.002673529090
855.907471000  8.100000000 -0.006179288030
855.932495000  8.100000000 -0.009689629080
855.957520000  8.100000000 -0.013188868800
855.982483000  8.100000000 -0.016662105900
856.007507000  8.100000000 -0.020094849200
856.032471000  8.100000000 -0.023475587400
856.057495000  8.100000000 -0.026788041000
856.082520000  8.100000000 -0.030016489300
856.107483000  8.100000000 -0.033145286100
856.132507000  8.100000000 -0.036153197300
856.157471000  8.100000000 -0.039021670800
856.182495000  8.100000000 -0.041726399200
856.207520000  8.100000000 -0.044249072700
856.232483000  8.100000000 -0.046568840700
856.257507000  8.100000000 -0.048664417100
856.282471000  8.100000000 -0.050515495200
856.307495000  8.100000000 -0.052102748300
856.332520000  8.100000000 -0.053406879300
856.357483000  8.100000000 -0.054414153100
856.382507000  8.100000000 -0.055112838700
856.407471000  8.100000000 -0.055497437700
856.432495000  8.100000000 -0.055564940000
856.457520000  8.100000000 -0.055312812300
856.482483000  8.100000000 -0.054743513500
856.507507000  8.100000000 -0.053857639400
856.532471000  8.100000000 -0.052662342800
856.557495000  8.100000000 -0.051164962400
856.582520000  8.100000000 -0.049377381800
856.607483000  8.100000000 -0.047316253200
856.632507000  8.100000000 -0.044998899100
856.657471000  8.100000000 -0.042444989100
856.682495000  8.100000000 -0.039675384800
856.707520000  8.100000000 -0.036710128200
856.732483000  8.100000000 -0.033568367400
856.757507000  8.100000000 -0.030268207200
856.782471000  8.100000000 -0.026825591900
856.807495000  8.100000000 -0.023260638100
856.832520000  8.100000000 -0.019586831300
856.857483000  8.100000000 -0.015821009900
856.882507000  8.100000000 -0.011975616200
856.907471000  8.100000000 -0.008066222070
856.932495000  8.100000000 -0.004104226830
856.957520000  8.100000000 -0.000103563070
856.982483000  8.100000000 0.003919154410
857.007507000  8.100000000 0.007952228190
857.032471000  8.100000000 0.011979639500
857.057495000  8.100000000 0.015988349900
857.082520000  8.100000000 0.019964650300
857.107483000  8.100000000 0.023895353100
857.132507000  8.100000000 0.027769357000
857.157471000  8.100000000 0.031574741000
857.182495000  8.100000000 0.035301521400
857.207520000  8.100000000 0.038941949600
857.232483000  8.100000000 0.042487308400
857.257507000  8.100000000 0.045932158800
857.282471000  8.100000000 0.049268975900
857.307495000  8.100000000 0.052491352000
857.332520000  8.100000000 0.055593662000
857.357483000  8.100000000 0.058573447200
857.382507000  8.100000000 0.061428025400
857.407471000  8.100000000 0.064157694600
857.432495000  8.100000000 0.066758975400
857.457520000  8.100000000 0.069233015200
857.482483000  8.100000000 0.071579203000
857.507507000  8.100000000 0.073798902300
857.532471000  8.100000000 0.075893476600
857.557495000  8.100000000 0.077863700700
857.582520000  8.100000000 0.079711787400
857.607483000  8.100000000 0.081438139100
857.632507000  8.100000000 0.083045959500
857.657471000  8.100000000 0.084540508700
857.682495000  8.100000000 0.085925720600
857.707520000  8.100000000 0.087207891000
857.732483000  8.100000000 0.088392682400
857.757507000  8.100000000 0.089481845500
857.782471000  8.100000000 0.090481042900
857.807495000  8.100000000 0.091390088200
857.832520000  8.100000000 0.092209428500
857.857483000  8.100000000 0.092937350300
857.882507000  8.100000000 0.093571990700
857.907471000  8.100000000 0.094106122900
857.932495000  8.100000000 0.094536542900
857.957520000  8.100000000 0.094854384700
857.982483000  8.100000000 0.095057040500
858.007507000  8.100000000 0.095134526500
858.032471000  8.100000000 0.095081478400
858.057495000  8.100000000 0.094888210300
858.082520000  8.100000000 0.094546377700
858.107483000  8.100000000 0.094047933800
858.132507000  8.100000000 0.093380957800
858.157471000  8.100000000 0.092536360000
858.182495000  8.100000000 0.091502517500
858.207520000  8.100000000 0.090270787500
858.232483000  8.100000000 0.088833719500
858.257507000  8.100000000 0.087181031700
858.282471000  8.100000000 0.085305869600
858.307495000  8.100000000 0.083201825600
858.332520000  8.100000000 0.080862939400
858.357483000  8.100000000 0.078283548400
858.382507000  8.100000000 0.075460970400
858.407471000  8.100000000 0.072391331200
858.432495000  8.100000000 0.069074928800
858.457520000  8.100000000 0.065514743300
858.482483000  8.100000000 0.061713457100
858.507507000  8.100000000 0.057676434500
858.532471000  8.100000000 0.053414106400
858.557495000  8.100000000 0.048934221300
858.582520000  8.100000000 0.044252276400
858.607483000  8.100000000 0.039382875000
858.632507000  8.100000000 0.034342706200
858.657471000  8.100000000 0.029152035700
858.682495000  8.100000000 0.023830533000
858.707520000  8.100000000 0.018403828100
858.732483000  8.100000000 0.012896060900
858.757507000  8.100000000 0.007334947590
858.782471000  8.100000000 0.001742541790
858.807495000  8.100000000 -0.003850758080
858.832520000  8.100000000 -0.009421110150
858.857483000  8.100000000 -0.014949142900
858.882507000  8.100000000 -0.020409822500
858.907471000  8.100000000 -0.025784075300
858.932495000  8.100000000 -0.031057894200
858.957520000  8.100000000 -0.036213994000
858.982483000  8.100000000 -0.041238963600
859.007507000  8.100000000 -0.046121180100
859.032471000  8.100000000 -0.050848126400
859.057495000  8.100000000 -0.055411756000
859.082520000  8.100000000 -0.059799253900
859.107483000  8.100000000 -0.063999295200
859.132507000  8.100000000 -0.068002641200
859.157471000  8.100000000 -0.071796476800
859.182495000  8.100000000 -0.075369775300
859.207520000  8.100000000 -0.078712701800
859.232483000  8.100000000 -0.081813335400
859.257507000  8.100000000 -0.084668695900
859.282471000  8.100000000 -0.087274014900
859.307495000  8.100000000 -0.089626908300
859.332520000  8.100000000 -0.091729462100
859.357483000  8.100000000 -0.093583464600
859.382507000  8.100000000 -0.095192045000
859.407471000  8.100000000 -0.096560269600
859.432495000  8.100000000 -0.097696036100
859.457520000  8.100000000 -0.098606944100
859.482483000  8.100000000 -0.099305957600
859.507507000  8.100000000 -0.099805742500
859.532471000  8.100000000 -0.100120604000
859.557495000  8.100000000 -0.100265741000
859.582520000  8.100000000 -0.100256056000
859.607483000  8.100000000 -0.100108683000
859.632507000  8.100000000 -0.099839419100
859.657471000  8.100000000 -0.099465549000
859.682495000  8.100000000 -0.099003911000
859.707520000  8.100000000 -0.098469629900
859.732483000  8.100000000 -0.097879320400
859.757507000  8.100000000 -0.097248330700
859.782471000  8.100000000 -0.096592083600
859.807495000  8.100000000 -0.095924809600
859.832520000  8.100000000 -0.095260441300
859.857483000  8.100000000 -0.094609633100
859.882507000  8.100000000 -0.093983560800
859.907471000  8.100000000 -0.093389712300
859.932495000  8.100000000 -0.092835240100
859.957520000  8.100000000 -0.092326462300
859.982483000  8.100000000 -0.091866396400
860.007507000  8.100000000 -0.091458402600
860.032471000  8.100000000 -0.091099925300
860.057495000  8.100000000 -0.090787544800
860.082520000  8.100000000 -0.090514585400
860.107483000  8.100000000 -0.090272277600
860.132507000  8.100000000 -0.090050771800
860.157471000  8.100000000 -0.089837312700
860.182495000  8.100000000 -0.089616030500
860.207520000  8.100000000 -0.089371949400
860.232483000  8.100000000 -0.089085698100
860.257507000  8.100000000 -0.088739842200
860.282471000  8.100000000 -0.088310912300
860.307495000  8.100000000 -0.087778940800
860.332520000  8.100000000 -0.087117552800
860.357483000  8.100000000 -0.086304843400
860.382507000  8.100000000 -0.085316449400
860.407471000  8.100000000 -0.084131211000
860.432495000  8.100000000 -0.082728862800
860.457520000  8.100000000 -0.081092268200
860.482483000  8.100000000 -0.079213380800
860.507507000  8.100000000 -0.077084153900
860.532471000  8.100000000 -0.074703246400
860.557495000  8.100000000 -0.072074234500
860.582520000  8.100000000 -0.069204568900
860.607483000  8.100000000 -0.066106021400
860.632507000  8.100000000 -0.062795579400
860.657471000  8.100000000 -0.059291869400
860.682495000  8.100000000 -0.055620372300
860.707520000  8.100000000 -0.051802843800
860.732483000  8.100000000 -0.047867000100
860.757507000  8.100000000 -0.043831914700
860.782471000  8.100000000 -0.039724856600
860.807495000  8.100000000 -0.035564303400
860.832520000  8.100000000 -0.031368434400
860.857483000  8.100000000 -0.027153194000
860.882507000  8.100000000 -0.022928416700
860.907471000  8.100000000 -0.018706917800
860.932495000  8.100000000 -0.014490187200
860.957520000  8.100000000 -0.010286569600
860.982483000  8.100000000 -0.006098449230
861.007507000  8.100000000 -0.001931190490
861.032471000  8.100000000 0.002209246160
861.057495000  8.100000000 0.006316304210
861.082520000  8.100000000 0.010377466700
861.107483000  8.100000000 0.014380514600
861.132507000  8.100000000 0.018311739000
861.157471000  8.100000000 0.022156536600
861.182495000  8.100000000 0.025897026100
861.207520000  8.100000000 0.029515028000
861.232483000  8.100000000 0.032990872900
861.257507000  8.100000000 0.036304891100
861.282471000  8.100000000 0.039437413200
861.307495000  8.100000000 0.042368620600
861.332520000  8.100000000 0.045077800800
861.357483000  8.100000000 0.047546923200
861.382507000  8.100000000 0.049756765400
861.407471000  8.100000000 0.051690340000
861.432495000  8.100000000 0.053328722700
861.457520000  8.100000000 0.054658651400
861.482483000  8.100000000 0.055662542600
861.507507000  8.100000000 0.056328028400
861.532471000  8.100000000 0.056639760700
861.557495000  8.100000000 0.056587606700
861.582520000  8.100000000 0.056162178500
861.607483000  8.100000000 0.055354982600
861.632507000  8.100000000 0.054160207500
861.657471000  8.100000000 0.052572339800
861.682495000  8.100000000 0.050591677400
861.707520000  8.100000000 0.048219412600
861.732483000  8.100000000 0.045462846800
861.757507000  8.100000000 0.042333751900
861.782471000  8.100000000 0.038846582200
861.807495000  8.100000000 0.035020560000
861.832520000  8.100000000 0.030878782300
861.857483000  8.100000000 0.026446282900
861.882507000  8.100000000 0.021757036400
861.907471000  8.100000000 0.016839206200
861.932495000  8.100000000 0.011730790100
861.957520000  8.100000000 0.006465315820
861.982483000  8.100000000 0.001079291110
862.007507000  8.100000000 -0.004390776160
862.032471000  8.100000000 -0.009910315280
862.057495000  8.100000000 -0.015443265400
862.082520000  8.100000000 -0.020957589100
862.107483000  8.100000000 -0.026421845000
862.132507000  8.100000000 -0.031803846400
862.157471000  8.100000000 -0.037076175200
862.182495000  8.100000000 -0.042209625200
862.207520000  8.100000000 -0.047181844700
862.232483000  8.100000000 -0.051968693700
862.257507000  8.100000000 -0.056552588900
862.282471000  8.100000000 -0.060911923600
862.307495000  8.100000000 -0.065029114500
862.332520000  8.100000000 -0.068884193900
862.357483000  8.100000000 -0.072462260700
862.382507000  8.100000000 -0.075745284600
862.407471000  8.100000000 -0.078720748400
862.432495000  8.100000000 -0.081374645200
862.457520000  8.100000000 -0.083697289200
862.482483000  8.100000000 -0.085680037700
862.507507000  8.100000000 -0.087315142200
862.532471000  8.100000000 -0.088600814300
862.557495000  8.100000000 -0.089536458300
862.582520000  8.100000000 -0.090122520900
862.607483000  8.100000000 -0.090366005900
862.632507000  8.100000000 -0.090272724600
862.657471000  8.100000000 -0.089856684200
862.682495000  8.100000000 -0.089129805600
862.707520000  8.100000000 -0.088106989900
862.732483000  8.100000000 -0.086804628400
862.757507000  8.100000000 -0.085239708400
862.782471000  8.100000000 -0.083429813400
862.807495000  8.100000000 -0.081392824600
862.832520000  8.100000000 -0.079144239400
862.857483000  8.100000000 -0.076702535200
862.882507000  8.100000000 -0.074080228800
862.907471000  8.100000000 -0.071295797800
862.932495000  8.100000000 -0.068361163100
862.957520000  8.100000000 -0.065288841700
862.982483000  8.100000000 -0.062091946600
863.007507000  8.100000000 -0.058778226400
863.032471000  8.100000000 -0.055354833600
863.057495000  8.100000000 -0.051829814900
863.082520000  8.100000000 -0.048211216900
863.107483000  8.100000000 -0.044495463400
863.132507000  8.100000000 -0.040689706800
863.157471000  8.100000000 -0.036790669000
863.182495000  8.100000000 -0.032796561700
863.207520000  8.100000000 -0.028708875200
863.232483000  8.100000000 -0.024522543000
863.257507000  8.100000000 -0.020237267000
863.282471000  8.100000000 -0.015856027600
863.307495000  8.100000000 -0.011377632600
863.332520000  8.100000000 -0.006807744500
863.357483000  8.100000000 -0.002147257330
863.382507000  8.100000000 0.002597272400
863.407471000  8.100000000 0.007421970370
863.432495000  8.100000000 0.012323260300
863.457520000  8.100000000 0.017296373800
863.482483000  8.100000000 0.022333264400
863.507507000  8.100000000 0.027430057500
863.532471000  8.100000000 0.032579302800
863.557495000  8.100000000 0.037776231800
863.582520000  8.100000000 0.043010711700
863.607483000  8.100000000 0.048272907700
863.632507000  8.100000000 0.053550005000
863.657471000  8.100000000 0.058826804200
863.682495000  8.100000000 0.064091384400
863.707520000  8.100000000 0.069323480100
863.732483000  8.100000000 0.074501037600
863.757507000  8.100000000 0.079606473400
863.782471000  8.100000000 0.084613859700
863.807495000  8.100000000 0.089499354400
863.832520000  8.100000000 0.094239413700
863.857483000  8.100000000 0.098811388000
863.882507000  8.100000000 0.103193521000
863.907471000  8.100000000 0.107363760000
863.932495000  8.100000000 0.111303031000
863.957520000  8.100000000 0.114994645000
863.982483000  8.100000000 0.118423104000
864.007507000  8.100000000 0.121576488000
864.032471000  8.100000000 0.124442875000
864.057495000  8.100000000 0.127015114000
864.082520000  8.100000000 0.129287094000
864.107483000  8.100000000 0.131258070000
864.132507000  8.100000000 0.132926404000
864.157471000  8.100000000 0.134294182000
864.182495000  8.100000000 0.135365874000
864.207520000  8.100000000 0.136148036000
864.232483000  8.100000000 0.136652440000
864.257507000  8.100000000 0.136894882000
864.282471000  8.100000000 0.136892647000
864.307495000  8.100000000 0.136664733000
864.332520000  8.100000000 0.136228129000
864.357483000  8.100000000 0.135604292000
864.382507000  8.100000000 0.134815127000
864.407471000  8.100000000 0.133884370000
864.432495000  8.100000000 0.132836223000
864.457520000  8.100000000 0.131693691000
864.482483000  8.100000000 0.130480736000
864.507507000  8.100000000 0.129221216000
864.532471000  8.100000000 0.127937809000
864.557495000  8.100000000 0.126655966000
864.582520000  8.100000000 0.125394166000
864.607483000  8.100000000 0.124170966000
864.632507000  8.100000000 0.123001188000
864.657471000  8.100000000 0.121894740000
864.682495000  8.100000000 0.120856017000
864.707520000  8.100000000 0.119885132000
864.732483000  8.100000000 0.118979365000
864.757507000  8.100000000 0.118127242000
864.782471000  8.100000000 0.117316097000
864.807495000  8.100000000 0.116531402000
864.832520000  8.100000000 0.115752220000
864.857483000  8.100000000 0.114957690000
864.882507000  8.100000000 0.114126056000
864.907471000  8.100000000 0.113233030000
864.932495000  8.100000000 0.112256557000
864.957520000  8.100000000 0.111175627000
864.982483000  8.100000000 0.109966397000
865.007507000  8.100000000 0.108605176000
865.032471000  8.100000000 0.107072443000
865.057495000  8.100000000 0.105343461000
865.082520000  8.100000000 0.103401542000
865.107483000  8.100000000 0.101229548000
865.132507000  8.100000000 0.098821222800
865.157471000  8.100000000 0.096162855600
865.182495000  8.100000000 0.093258321300
865.207520000  8.100000000 0.090102255300
865.232483000  8.100000000 0.086695253800
865.257507000  8.100000000 0.083043277300
865.282471000  8.100000000 0.079149305800
865.307495000  8.100000000 0.075017213800
865.332520000  8.100000000 0.070652067700
865.357483000  8.100000000 0.066061615900
865.382507000  8.100000000 0.061252117200
865.407471000  8.100000000 0.056231021900
865.432495000  8.100000000 0.051006078700
865.457520000  8.100000000 0.045587420500
865.482483000  8.100000000 0.039982795700
865.507507000  8.100000000 0.034205913500
865.532471000  8.100000000 0.028267502800
865.557495000  8.100000000 0.022183358700
865.582520000  8.100000000 0.015965998200
865.607483000  8.100000000 0.009628534320
865.632507000  8.100000000 0.003186464310
865.657471000  8.100000000 -0.003348290920
865.682495000  8.100000000 -0.009956657890
865.707520000  8.100000000 -0.016624927500
865.732483000  8.100000000 -0.023335516500
865.757507000  8.100000000 -0.030071437400
865.782471000  8.100000000 -0.036815702900
865.807495000  8.100000000 -0.043552815900
865.832520000  8.100000000 -0.050264298900
865.857483000  8.100000000 -0.056931078400
865.882507000  8.100000000 -0.063533783000
865.907471000  8.100000000 -0.070050060700
865.932495000  8.100000000 -0.076455771900
865.957520000  8.100000000 -0.082725286500
865.982483000  8.100000000 -0.088832974400
866.007507000  8.100000000 -0.094750523600
866.032471000  8.100000000 -0.100452304000
866.057495000  8.100000000 -0.105908513000
866.082520000  8.100000000 -0.111093819000
866.107483000  8.100000000 -0.115981400000
866.132507000  8.100000000 -0.120547712000
866.157471000  8.100000000 -0.124769211000
866.182495000  8.100000000 -0.128624737000
866.207520000  8.100000000 -0.132092685000
866.232483000  8.100000000 -0.135153979000
866.257507000  8.100000000 -0.137788057000
866.282471000  8.100000000 -0.139980912000
866.307495000  8.100000000 -0.141720921000
866.332520000  8.100000000 -0.142996162000
866.357483000  8.100000000 -0.143805295000
866.382507000  8.100000000 -0.144144744000
866.407471000  8.100000000 -0.144019276000
866.432495000  8.100000000 -0.143436342000
866.457520000  8.100000000 -0.142408162000
866.482483000  8.100000000 -0.140950009000
866.507507000  8.100000000 -0.139080286000
866.532471000  8.100000000 -0.136818290000
866.557495000  8.100000000 -0.134185523000
866.582520000  8.100000000 -0.131203160000
866.607483000  8.100000000 -0.127895117000
866.632507000  8.100000000 -0.124284312000
866.657471000  8.100000000 -0.120396897000
866.682495000  8.100000000 -0.116257831000
866.707520000  8.100000000 -0.111894831000
866.732483000  8.100000000 -0.107333362000
866.757507000  8.100000000 -0.102600642000
866.782471000  8.100000000 -0.097720995500
866.807495000  8.100000000 -0.092721059900
866.832520000  8.100000000 -0.087627768500
866.857483000  8.100000000 -0.082468763000
866.882507000  8.100000000 -0.077272057500
866.907471000  8.100000000 -0.072064772200
866.932495000  8.100000000 -0.066875368400
866.957520000  8.100000000 -0.061731040500
866.982483000  8.100000000 -0.056661665400
867.007507000  8.100000000 -0.051694959400
867.032471000  8.100000000 -0.046854466200
867.057495000  8.100000000 -0.042159110300
867.082520000  8.100000000 -0.037624090900
867.107483000  8.100000000 -0.033258497700
867.132507000  8.100000000 -0.029068589200
867.157471000  8.100000000 -0.025055557500
867.182495000  8.100000000 -0.021217316400
867.207520000  8.100000000 -0.017552524800
867.232483000  8.100000000 -0.014057755500
867.257507000  8.100000000 -0.010728389000
867.282471000  8.100000000 -0.007563829420
867.307495000  8.100000000 -0.004556924100
867.332520000  8.100000000 -0.001704841850
867.357483000  8.100000000 0.000999122858
867.382507000  8.100000000 0.003559738400
867.407471000  8.100000000 0.005982369180
867.432495000  8.100000000 0.008272230630
867.457520000  8.100000000 0.010432153900
867.482483000  8.100000000 0.012468099600
867.507507000  8.100000000 0.014379471500
867.532471000  8.100000000 0.016171485200
867.557495000  8.100000000 0.017847418800
867.582520000  8.100000000 0.019410699600
867.607483000  8.100000000 0.020866245000
867.632507000  8.100000000 0.022220611600
867.657471000  8.100000000 0.023478120600
867.682495000  8.100000000 0.024645030500
867.707520000  8.100000000 0.025724470600
867.732483000  8.100000000 0.026716738900
867.757507000  8.100000000 0.027622133500
867.782471000  8.100000000 0.028435587900
867.807495000  8.100000000 0.029150992600
867.832520000  8.100000000 0.029761493200
867.857483000  8.100000000 0.030254870700
867.882507000  8.100000000 0.030620843200
867.907471000  8.100000000 0.030849278000
867.932495000  8.100000000 0.030931830400
867.957520000  8.100000000 0.030858069700
867.982483000  8.100000000 0.030622407800
868.007507000  8.100000000 0.030215531600
868.032471000  8.100000000 0.029633566700
868.057495000  8.100000000 0.028874129100
868.082520000  8.100000000 0.027936473500
868.107483000  8.100000000 0.026820600000
868.132507000  8.100000000 0.025527998800
868.157471000  8.100000000 0.024060532500
868.182495000  8.100000000 0.022421777200
868.207520000  8.100000000 0.020615160500
868.232483000  8.100000000 0.018647536600
868.257507000  8.100000000 0.016523599600
868.282471000  8.100000000 0.014252439100
868.307495000  8.100000000 0.011844486000
868.332520000  8.100000000 0.009310916070
868.357483000  8.100000000 0.006665661930
868.382507000  8.100000000 0.003922358160
868.407471000  8.100000000 0.001096725460
868.432495000  8.100000000 -0.001795068380
868.457520000  8.100000000 -0.004733577370
868.482483000  8.100000000 -0.007696598770
868.507507000  8.100000000 -0.010662376900
868.532471000  8.100000000 -0.013605877800
868.557495000  8.100000000 -0.016500949900
868.582520000  8.100000000 -0.019321143600
868.607483000  8.100000000 -0.022037252800
868.632507000  8.100000000 -0.024621561200
868.657471000  8.100000000 -0.027044192000
868.682495000  8.100000000 -0.029281228800
868.707520000  8.100000000 -0.031306296600
868.732483000  8.100000000 -0.033095926000
868.757507000  8.100000000 -0.034629330000
868.782471000  8.100000000 -0.035887733100
868.807495000  8.100000000 -0.036859512300
868.832520000  8.100000000 -0.037535429000
868.857483000  8.100000000 -0.037910640200
868.882507000  8.100000000 -0.037985146000
868.907471000  8.100000000 -0.037760436500
868.932495000  8.100000000 -0.037242323200
868.957520000  8.100000000 -0.036443173900
868.982483000  8.100000000 -0.035376548800
869.007507000  8.100000000 -0.034059584100
869.032471000  8.100000000 -0.032508224200
869.057495000  8.100000000 -0.030739903500
869.082520000  8.100000000 -0.028770864000
869.107483000  8.100000000 -0.026620775500
869.132507000  8.100000000 -0.024305582000
869.157471000  8.100000000 -0.021841675000
869.182495000  8.100000000 -0.019242167500
869.207520000  8.100000000 -0.016518235200
869.232483000  8.100000000 -0.013681203100
869.257507000  8.100000000 -0.010743588200
869.282471000  8.100000000 -0.007716715340
869.307495000  8.100000000 -0.004612505440
869.332520000  8.100000000 -0.001443326470
869.357483000  8.100000000 0.001780390740
869.382507000  8.100000000 0.005042850970
869.407471000  8.100000000 0.008330047130
869.432495000  8.100000000 0.011627972100
869.457520000  8.100000000 0.014921426800
869.482483000  8.100000000 0.018196255000
869.507507000  8.100000000 0.021439045700
869.532471000  8.100000000 0.024634301700
869.557495000  8.100000000 0.027766972800
869.582520000  8.100000000 0.030822157900
869.607483000  8.100000000 0.033788234000
869.632507000  8.100000000 0.036652833200
869.657471000  8.100000000 0.039402246500
869.682495000  8.100000000 0.042022466700
869.707520000  8.100000000 0.044498890600
869.732483000  8.100000000 0.046816468200
869.757507000  8.100000000 0.048962235500
869.782471000  8.100000000 0.050923451800
869.807495000  8.100000000 0.052686780700
869.832520000  8.100000000 0.054240375800
869.857483000  8.100000000 0.055572837600
869.882507000  8.100000000 0.056675002000
869.907471000  8.100000000 0.057538822300
869.932495000  8.100000000 0.058159381200
869.957520000  8.100000000 0.058530867100
869.982483000  8.100000000 0.058649927400
870.007507000  8.100000000 0.058518350100
870.032471000  8.100000000 0.058140903700
870.057495000  8.100000000 0.057528168000
870.082520000  8.100000000 0.056694001000
870.107483000  8.100000000 0.055653378400
870.132507000  8.100000000 0.054427199100
870.157471000  8.100000000 0.053032934700
870.182495000  8.100000000 0.051492583000
870.207520000  8.100000000 0.049824696000
870.232483000  8.100000000 0.048048794300
870.257507000  8.100000000 0.046183634500
870.282471000  8.100000000 0.044247329200
870.307495000  8.100000000 0.042257286600
870.332520000  8.100000000 0.040229328000
870.357483000  8.100000000 0.038179427400
870.382507000  8.100000000 0.036121156100
870.407471000  8.100000000 0.034069888300
870.432495000  8.100000000 0.032040569900
870.457520000  8.100000000 0.030045956400
870.482483000  8.100000000 0.028098402500
870.507507000  8.100000000 0.026206709400
870.532471000  8.100000000 0.024378877100
870.557495000  8.100000000 0.022617913800
870.582520000  8.100000000 0.020926445700
870.607483000  8.100000000 0.019306801300
870.632507000  8.100000000 0.017762314500
870.657471000  8.100000000 0.016296468700
870.682495000  8.100000000 0.014913938900
870.707520000  8.100000000 0.013619139800
870.732483000  8.100000000 0.012417808200
870.757507000  8.100000000 0.011316537900
870.782471000  8.100000000 0.010323859800
870.807495000  8.100000000 0.009445846080
870.832520000  8.100000000 0.008690059190
870.857483000  8.100000000 0.008060038090
870.882507000  8.100000000 0.007558725770
870.907471000  8.100000000 0.007186718290
870.932495000  8.100000000 0.006943792100
870.957520000  8.100000000 0.006827823820
870.982483000  8.100000000 0.006833299990
871.007507000  8.100000000 0.006954483690
871.032471000  8.100000000 0.007181875410
871.057495000  8.100000000 0.007504858080
871.082520000  8.100000000 0.007913671430
871.107483000  8.100000000 0.008397549390
871.132507000  8.100000000 0.008945427830
871.157471000  8.100000000 0.009544827040
871.182495000  8.100000000 0.010180547800
871.207520000  8.100000000 0.010837130200
871.232483000  8.100000000 0.011497698700
871.257507000  8.100000000 0.012145824700
871.282471000  8.100000000 0.012766420800
871.307495000  8.100000000 0.013347156300
871.332520000  8.100000000 0.013877376900
871.357483000  8.100000000 0.014348067300
871.382507000  8.100000000 0.014750547700
871.407471000  8.100000000 0.015077553700
871.432495000  8.100000000 0.015323199300
871.457520000  8.100000000 0.015485137700
871.482483000  8.100000000 0.015561580700
871.507507000  8.100000000 0.015553236000
871.532471000  8.100000000 0.015462786000
871.557495000  8.100000000 0.015297085000
871.582520000  8.100000000 0.015065148500
871.607483000  8.100000000 0.014776662000
871.632507000  8.100000000 0.014444738600
871.657471000  8.100000000 0.014078989600
871.682495000  8.100000000 0.013689994800
871.707520000  8.100000000 0.013286992900
871.732483000  8.100000000 0.012879073600
871.757507000  8.100000000 0.012475997200
871.782471000  8.100000000 0.012085884800
871.807495000  8.100000000 0.011715218400
871.832520000  8.100000000 0.011369809500
871.857483000  8.100000000 0.011056065600
871.882507000  8.100000000 0.010777041300
871.907471000  8.100000000 0.010540038300
871.932495000  8.100000000 0.010348260400
871.957520000  8.100000000 0.010205805300
871.982483000  8.100000000 0.010114014100
872.007507000  8.100000000 0.010074824100
872.032471000  8.100000000 0.010090917300
872.057495000  8.100000000 0.010160505800
872.082520000  8.100000000 0.010287165600
872.107483000  8.100000000 0.010471195000
872.132507000  8.100000000 0.010714381900
872.157471000  8.100000000 0.011017173500
872.182495000  8.100000000 0.011378526700
872.207520000  8.100000000 0.011798664900
872.232483000  8.100000000 0.012269169100
872.257507000  8.100000000 0.012788921600
872.282471000  8.100000000 0.013348981700
872.307495000  8.100000000 0.013942867500
872.332520000  8.100000000 0.014559552100
872.357483000  8.100000000 0.015189126100
872.382507000  8.100000000 0.015818923700
872.407471000  8.100000000 0.016435682800
872.432495000  8.100000000 0.017025023700
872.457520000  8.100000000 0.017572268800
872.482483000  8.100000000 0.018063411100
872.507507000  8.100000000 0.018486753100
872.532471000  8.100000000 0.018831864000
872.557495000  8.100000000 0.019091889300
872.582520000  8.100000000 0.019261166500
872.607483000  8.100000000 0.019334703700
872.632507000  8.100000000 0.019309520700
872.657471000  8.100000000 0.019182711800
872.682495000  8.100000000 0.018954575100
872.707520000  8.100000000 0.018623918300
872.732483000  8.100000000 0.018192529700
872.757507000  8.100000000 0.017659664200
872.782471000  8.100000000 0.017026662800
872.807495000  8.100000000 0.016292631600
872.832520000  8.100000000 0.015456676500
872.857483000  8.100000000 0.014517307300
872.882507000  8.100000000 0.013473182900
872.907471000  8.100000000 0.012322515200
872.932495000  8.100000000 0.011064857200
872.957520000  8.100000000 0.009700208900
872.982483000  8.100000000 0.008228421210
873.007507000  8.100000000 0.006655454640
873.032471000  8.100000000 0.004982799290
873.057495000  8.100000000 0.003217607740
873.082520000  8.100000000 0.001369863750
873.107483000  8.100000000 -0.000550299883
873.132507000  8.100000000 -0.002523213620
873.157471000  8.100000000 -0.004532039170
873.182495000  8.100000000 -0.006556361910
873.207520000  8.100000000 -0.008570551870
873.232483000  8.100000000 -0.010548681000
873.257507000  8.100000000 -0.012464672300
873.282471000  8.100000000 -0.014289021500
873.307495000  8.100000000 -0.015994310400
873.332520000  8.100000000 -0.017551183700
873.357483000  8.100000000 -0.018934160500
873.382507000  8.100000000 -0.020122677100
873.407471000  8.100000000 -0.021101385400
873.432495000  8.100000000 -0.021863132700
873.457520000  8.100000000 -0.022402256700
873.482483000  8.100000000 -0.022717714300
873.507507000  8.100000000 -0.022809356500
873.532471000  8.100000000 -0.022679269300
873.557495000  8.100000000 -0.022333189800
873.582520000  8.100000000 -0.021781921400
873.607483000  8.100000000 -0.021037161400
873.632507000  8.100000000 -0.020114406900
873.657471000  8.100000000 -0.019033625700
873.682495000  8.100000000 -0.017816349900
873.707520000  8.100000000 -0.016488134900
873.732483000  8.100000000 -0.015076026300
873.757507000  8.100000000 -0.013605654200
873.782471000  8.100000000 -0.012101903600
873.807495000  8.100000000 -0.010589584700
873.832520000  8.100000000 -0.009091421960
873.857483000  8.100000000 -0.007631108160
873.882507000  8.100000000 -0.006229504940
873.907471000  8.100000000 -0.004907548430
873.932495000  8.100000000 -0.003683120010
873.957520000  8.100000000 -0.002573132510
873.982483000  8.100000000 -0.001591444020
874.007507000  8.100000000 -0.000746995211
874.032471000  8.100000000 -0.000046715140
874.057495000  8.100000000 0.000506639481
874.082520000  8.100000000 0.000915750861
874.107483000  8.100000000 0.001183226700
874.132507000  8.100000000 0.001318305730
874.157471000  8.100000000 0.001329109070
874.182495000  8.100000000 0.001229867340
874.207520000  8.100000000 0.001033619050
874.232483000  8.100000000 0.000755190849
874.257507000  8.100000000 0.000409707427
874.282471000  8.100000000 0.000009909272
874.307495000  8.100000000 -0.000431016088
874.332520000  8.100000000 -0.000903159380
874.357483000  8.100000000 -0.001398548480
874.382507000  8.100000000 -0.001913011070
874.407471000  8.100000000 -0.002441704270
874.432495000  8.100000000 -0.002982392910
874.457520000  8.100000000 -0.003533363340
874.482483000  8.100000000 -0.004094913600
874.507507000  8.100000000 -0.004666224120
874.532471000  8.100000000 -0.005247741940
874.557495000  8.100000000 -0.005838200450
874.582520000  8.100000000 -0.006436258550
874.607483000  8.100000000 -0.007041320200
874.632507000  8.100000000 -0.007649585600
874.657471000  8.100000000 -0.008255019780
874.682495000  8.100000000 -0.008849278090
874.707520000  8.100000000 -0.009421408180
874.732483000  8.100000000 -0.009957849980
874.757507000  8.100000000 -0.010448917700
874.782471000  8.100000000 -0.010883957100
874.807495000  8.100000000 -0.011255219600
874.832520000  8.100000000 -0.011555030900
874.857483000  8.100000000 -0.011774525000
874.882507000  8.100000000 -0.011905580800
874.907471000  8.100000000 -0.011939927900
874.932495000  8.100000000 -0.011871978600
874.957520000  8.100000000 -0.011699944700
874.982483000  8.100000000 -0.011423379200
875.007507000  8.100000000 -0.011042729000
875.032471000  8.100000000 -0.010558515800
875.057495000  8.100000000 -0.009972527620
875.082520000  8.100000000 -0.009288415310
875.107483000  8.100000000 -0.008511543270
875.132507000  8.100000000 -0.007651150230
875.157471000  8.100000000 -0.006717219950
875.182495000  8.100000000 -0.005721747880
875.207520000  8.100000000 -0.004673525690
875.232483000  8.100000000 -0.003580898050
875.257507000  8.100000000 -0.002446621660
875.282471000  8.100000000 -0.001274496320
875.307495000  8.100000000 -0.000064820051
875.332520000  8.100000000 0.001179501410
875.357483000  8.100000000 0.002454891800
875.382507000  8.100000000 0.003755986690
875.407471000  8.100000000 0.005078390240
875.432495000  8.100000000 0.006417930130
875.457520000  8.100000000 0.007771775130
875.482483000  8.100000000 0.009137690070
875.507507000  8.100000000 0.010513067200
875.532471000  8.100000000 0.011894032400
875.557495000  8.100000000 0.013276338600
875.582520000  8.100000000 0.014656484100
875.607483000  8.100000000 0.016029328100
875.632507000  8.100000000 0.017395094000
875.657471000  8.100000000 0.018752068300
875.682495000  8.100000000 0.020101591900
875.707520000  8.100000000 0.021440610300
875.732483000  8.100000000 0.022765696000
875.757507000  8.100000000 0.024073720000
875.782471000  8.100000000 0.025358945100
875.807495000  8.100000000 0.026617348200
875.832520000  8.100000000 0.027844086300
875.857483000  8.100000000 0.029033124400
875.882507000  8.100000000 0.030177086600
875.907471000  8.100000000 0.031267553600
875.932495000  8.100000000 0.032296329700
875.957520000  8.100000000 0.033251866700
875.982483000  8.100000000 0.034122839600
876.007507000  8.100000000 0.034894347200
876.032471000  8.100000000 0.035551935400
876.057495000  8.100000000 0.036077946400
876.082520000  8.100000000 0.036457181000
876.107483000  8.100000000 0.036670118600
876.132507000  8.100000000 0.036702007100
876.157471000  8.100000000 0.036530047700
876.182495000  8.100000000 0.036134570800
876.207520000  8.100000000 0.035492628800
876.232483000  8.100000000 0.034584552000
876.257507000  8.100000000 0.033392459200
876.282471000  8.100000000 0.031903386100
876.307495000  8.100000000 0.030104219900
876.332520000  8.100000000 0.027989894200
876.357483000  8.100000000 0.025558918700
876.382507000  8.100000000 0.022809654500
876.407471000  8.100000000 0.019747912900
876.432495000  8.100000000 0.016383081700
876.457520000  8.100000000 0.012726932800
876.482483000  8.100000000 0.008798390630
876.507507000  8.100000000 0.004618614910
876.532471000  8.100000000 0.000210255384
876.557495000  8.100000000 -0.004399716850
876.582520000  8.100000000 -0.009188503030
876.607483000  8.100000000 -0.014125257700
876.632507000  8.100000000 -0.019183307900
876.657471000  8.100000000 -0.024326741700
876.682495000  8.100000000 -0.029526650900
876.707520000  8.100000000 -0.034747719800
876.732483000  8.100000000 -0.039958059800
876.757507000  8.100000000 -0.045122355200
876.782471000  8.100000000 -0.050207376500
876.807495000  8.100000000 -0.055180043000
876.832520000  8.100000000 -0.060005039000
876.857483000  8.100000000 -0.064650774000
876.882507000  8.100000000 -0.069084465500
876.907471000  8.100000000 -0.073273032900
876.932495000  8.100000000 -0.077182129000
876.957520000  8.100000000 -0.080783441700
876.982483000  8.100000000 -0.084049403700
877.007507000  8.100000000 -0.086956843700
877.032471000  8.100000000 -0.089485198300
877.057495000  8.100000000 -0.091616436800
877.082520000  8.100000000 -0.093333199600
877.107483000  8.100000000 -0.094621442300
877.132507000  8.100000000 -0.095468163500
877.157471000  8.100000000 -0.095866061700
877.182495000  8.100000000 -0.095809958900
877.207520000  8.100000000 -0.095299370600
877.232483000  8.100000000 -0.094337374000
877.257507000  8.100000000 -0.092930808700
877.282471000  8.100000000 -0.091090090600
877.307495000  8.100000000 -0.088831178800
877.332520000  8.100000000 -0.086173847300
877.357483000  8.100000000 -0.083142072000
877.382507000  8.100000000 -0.079765319800
877.407471000  8.100000000 -0.076075978600
877.432495000  8.100000000 -0.072108246400
877.457520000  8.100000000 -0.067900568200
877.482483000  8.100000000 -0.063494518400
877.507507000  8.100000000 -0.058935210100
877.532471000  8.100000000 -0.054268762500
877.557495000  8.100000000 -0.049540028000
877.582520000  8.100000000 -0.044791996500
877.607483000  8.100000000 -0.040066242200
877.632507000  8.100000000 -0.035401806200
877.657471000  8.100000000 -0.030835643400
877.682495000  8.100000000 -0.026400983300
877.707520000  8.100000000 -0.022127926300
877.732483000  8.100000000 -0.018039196700
877.757507000  8.100000000 -0.014155209100
877.782471000  8.100000000 -0.010488554800
877.807495000  8.100000000 -0.007049366830
877.832520000  8.100000000 -0.003842636940
877.857483000  8.100000000 -0.000869557261
877.882507000  8.100000000 0.001870468260
877.907471000  8.100000000 0.004380419850
877.932495000  8.100000000 0.006662458180
877.957520000  8.100000000 0.008720681070
877.982483000  8.100000000 0.010559782400
878.007507000  8.100000000 0.012186467600
878.032471000  8.100000000 0.013610646100
878.057495000  8.100000000 0.014841035000
878.082520000  8.100000000 0.015888288600
878.107483000  8.100000000 0.016763731800
878.132507000  8.100000000 0.017474964300
878.157471000  8.100000000 0.018031448100
878.182495000  8.100000000 0.018437504800
878.207520000  8.100000000 0.018698126100
878.232483000  8.100000000 0.018815621700
878.257507000  8.100000000 0.018793344500
878.282471000  8.100000000 0.018631592400
878.307495000  8.100000000 0.018332898600
878.332520000  8.100000000 0.017898082700
878.357483000  8.100000000 0.017329156400
878.382507000  8.100000000 0.016628205800
878.407471000  8.100000000 0.015799403200
878.432495000  8.100000000 0.014846250400
878.457520000  8.100000000 0.013776049000
878.482483000  8.100000000 0.012593567400
878.507507000  8.100000000 0.011306926600
878.532471000  8.100000000 0.009923502800
878.557495000  8.100000000 0.008452013130
878.582520000  8.100000000 0.006900802250
878.607483000  8.100000000 0.005281716590
878.632507000  8.100000000 0.003604292870
878.657471000  8.100000000 0.001879185440
878.682495000  8.100000000 0.000114738941
878.707520000  8.100000000 -0.001678541300
878.732483000  8.100000000 -0.003491342070
878.757507000  8.100000000 -0.005312263970
878.782471000  8.100000000 -0.007130652670
878.807495000  8.100000000 -0.008934214710
878.832520000  8.100000000 -0.010712668300
878.857483000  8.100000000 -0.012454837600
878.882507000  8.100000000 -0.014151707300
878.907471000  8.100000000 -0.015793144700
878.932495000  8.100000000 -0.017369762100
878.957520000  8.100000000 -0.018873289200
878.982483000  8.100000000 -0.020294487500
879.007507000  8.100000000 -0.021628513900
879.032471000  8.100000000 -0.022867694500
879.057495000  8.100000000 -0.024007707800
879.082520000  8.100000000 -0.025043040500
879.107483000  8.100000000 -0.025968551600
879.132507000  8.100000000 -0.026779249300
879.157471000  8.100000000 -0.027472376800
879.182495000  8.100000000 -0.028040930600
879.207520000  8.100000000 -0.028479471800
879.232483000  8.100000000 -0.028781145800
879.257507000  8.100000000 -0.028938427600
879.282471000  8.100000000 -0.028943643000
879.307495000  8.100000000 -0.028789266900
879.332520000  8.100000000 -0.028469413500
879.357483000  8.100000000 -0.027977377200
879.382507000  8.100000000 -0.027310997200
879.407471000  8.100000000 -0.026468634600
879.432495000  8.100000000 -0.025449991200
879.457520000  8.100000000 -0.024259686500
879.482483000  8.100000000 -0.022902041700
879.507507000  8.100000000 -0.021384060400
879.532471000  8.100000000 -0.019719898700
879.557495000  8.100000000 -0.017919391400
879.582520000  8.100000000 -0.015998184700
879.607483000  8.100000000 -0.013971924800
879.632507000  8.100000000 -0.011855065800
879.657471000  8.100000000 -0.009663999080
879.682495000  8.100000000 -0.007415264840
879.707520000  8.100000000 -0.005122721200
879.732483000  8.100000000 -0.002801865340
879.757507000  8.100000000 -0.000464320183
879.782471000  8.100000000 0.001880228520
879.807495000  8.100000000 0.004221647980
879.832520000  8.100000000 0.006552934650
879.857483000  8.100000000 0.008866190910
879.882507000  8.100000000 0.011155903300
879.907471000  8.100000000 0.013415813400
879.932495000  8.100000000 0.015639960800
879.957520000  8.100000000 0.017821937800
879.982483000  8.100000000 0.019953697900
880.007507000  8.100000000 0.022028386600
880.032471000  8.100000000 0.024037808200
880.057495000  8.100000000 0.025976747300
880.082520000  8.100000000 0.027836561200
880.107483000  8.100000000 0.029611885500
880.132507000  8.100000000 0.031295269700
880.157471000  8.100000000 0.032880306200
880.182495000  8.100000000 0.034361407200
880.207520000  8.100000000 0.035733282600
880.232483000  8.100000000 0.036992207200
880.257507000  8.100000000 0.038133636100
880.282471000  8.100000000 0.039154142100
880.307495000  8.100000000 0.040049850900
880.332520000  8.100000000 0.040818527300
880.357483000  8.100000000 0.041457861700
880.382507000  8.100000000 0.041966214800
880.407471000  8.100000000 0.042340606500
880.432495000  8.100000000 0.042578727000
880.457520000  8.100000000 0.042675137500
880.482483000  8.100000000 0.042626708700
880.507507000  8.100000000 0.042428374300
880.532471000  8.100000000 0.042077601000
880.557495000  8.100000000 0.041573271200
880.582520000  8.100000000 0.040916204500
880.607483000  8.100000000 0.040109604600
880.632507000  8.100000000 0.039160102600
880.657471000  8.100000000 0.038076080400
880.682495000  8.100000000 0.036868192300
880.707520000  8.100000000 0.035547427800
880.732483000  8.100000000 0.034124814000
880.757507000  8.100000000 0.032610576600
880.782471000  8.100000000 0.031014345600
880.807495000  8.100000000 0.029346887000
880.832520000  8.100000000 0.027615800500
880.857483000  8.100000000 0.025830175700
880.882507000  8.100000000 0.023996457500
880.907471000  8.100000000 0.022121341900
880.932495000  8.100000000 0.020209997900
880.957520000  8.100000000 0.018268553500
880.982483000  8.100000000 0.016302829600
881.007507000  8.100000000 0.014318879700
881.032471000  8.100000000 0.012322589800
881.057495000  8.100000000 0.010320197800
881.082520000  8.100000000 0.008317155760
881.107483000  8.100000000 0.006320937540
881.132507000  8.100000000 0.004339526410
881.157471000  8.100000000 0.002380916850
881.182495000  8.100000000 0.000454995316
881.207520000  8.100000000 -0.001429280960
881.232483000  8.100000000 -0.003263027170
881.257507000  8.100000000 -0.005036400630
881.282471000  8.100000000 -0.006741362160
881.307495000  8.100000000 -0.008369223210
881.332520000  8.100000000 -0.009912098760
881.357483000  8.100000000 -0.011363145900
881.382507000  8.100000000 -0.012716399500
881.407471000  8.100000000 -0.013966830400
881.432495000  8.100000000 -0.015110010300
881.457520000  8.100000000 -0.016142856300
881.482483000  8.100000000 -0.017063003000
881.507507000  8.100000000 -0.017869584300
881.532471000  8.100000000 -0.018564704800
881.557495000  8.100000000 -0.019152425200
881.582520000  8.100000000 -0.019639469700
881.607483000  8.100000000 -0.020033568100
881.632507000  8.100000000 -0.020342879000
881.657471000  8.100000000 -0.020574796900
881.682495000  8.100000000 -0.020737145100
881.707520000  8.100000000 -0.020836480000
881.732483000  8.100000000 -0.020879432600
881.757507000  8.100000000 -0.020870044800
881.782471000  8.100000000 -0.020813606700
881.807495000  8.100000000 -0.020712837600
881.832520000  8.100000000 -0.020569637400
881.857483000  8.100000000 -0.020382627800
881.882507000  8.100000000 -0.020148865900
881.907471000  8.100000000 -0.019860900900
881.932495000  8.100000000 -0.019511207900
881.957520000  8.100000000 -0.019089952100
881.982483000  8.100000000 -0.018587335900
882.007507000  8.100000000 -0.017992891400
882.032471000  8.100000000 -0.017295740500
882.057495000  8.100000000 -0.016486197700
882.082520000  8.100000000 -0.015553422300
882.107483000  8.100000000 -0.014490895000
882.132507000  8.100000000 -0.013292953400
882.157471000  8.100000000 -0.011956468200
882.182495000  8.100000000 -0.010481253300
882.207520000  8.100000000 -0.008869171140
882.232483000  8.100000000 -0.007123574610
882.257507000  8.100000000 -0.005250722170
882.282471000  8.100000000 -0.003257915380
882.307495000  8.100000000 -0.001154094930
882.332520000  8.100000000 0.001049563290
882.357483000  8.100000000 0.003339722750
882.382507000  8.100000000 0.005701482300
882.407471000  8.100000000 0.008114576340
882.432495000  8.100000000 0.010560229400
882.457520000  8.100000000 0.013014003600
882.482483000  8.100000000 0.015453212000
882.507507000  8.100000000 0.017852149900
882.532471000  8.100000000 0.020185187500
882.557495000  8.100000000 0.022426806400
882.582520000  8.100000000 0.024552941300
882.607483000  8.100000000 0.026540979700
882.632507000  8.100000000 0.028370283500
882.657471000  8.100000000 0.030024088900
882.682495000  8.100000000 0.031487792700
882.707520000  8.100000000 0.032751746500
882.732483000  8.100000000 0.033808648600
882.757507000  8.100000000 0.034655891400
882.782471000  8.100000000 0.035292208200
882.807495000  8.100000000 0.035720448900
882.832520000  8.100000000 0.035947002500
882.857483000  8.100000000 0.035979617400
882.882507000  8.100000000 0.035828817600
882.907471000  8.100000000 0.035505920600
882.932495000  8.100000000 0.035022646200
882.957520000  8.100000000 0.034390226000
882.982483000  8.100000000 0.033620078100
883.007507000  8.100000000 0.032722614700
883.032471000  8.100000000 0.031707815800
883.057495000  8.100000000 0.030584879200
883.082520000  8.100000000 0.029362328400
883.107483000  8.100000000 0.028049582600
883.132507000  8.100000000 0.026657152900
883.157471000  8.100000000 0.025194454900
883.182495000  8.100000000 0.023672599300
883.207520000  8.100000000 0.022100396500
883.232483000  8.100000000 0.020487401600
883.257507000  8.100000000 0.018841512500
883.282471000  8.100000000 0.017170924700
883.307495000  8.100000000 0.015484672000
883.332520000  8.100000000 0.013789981600
883.357483000  8.100000000 0.012093260900
883.382507000  8.100000000 0.010402910400
883.407471000  8.100000000 0.008724480870
883.432495000  8.100000000 0.007065124810
883.457520000  8.100000000 0.005429908630
883.482483000  8.100000000 0.003823935990
883.507507000  8.100000000 0.002249479290
883.532471000  8.100000000 0.000708773732
883.557495000  8.100000000 -0.000799037516
883.582520000  8.100000000 -0.002274177970
883.607483000  8.100000000 -0.003717280920
883.632507000  8.100000000 -0.005128160120
883.657471000  8.100000000 -0.006505697970
883.682495000  8.100000000 -0.007847696540
883.707520000  8.100000000 -0.009150840340
883.732483000  8.100000000 -0.010412596200
883.757507000  8.100000000 -0.011630579800
883.782471000  8.100000000 -0.012803785500
883.807495000  8.100000000 -0.013930965200
883.832520000  8.100000000 -0.015011206300
883.857483000  8.100000000 -0.016044769400
883.882507000  8.100000000 -0.017031040000
883.907471000  8.100000000 -0.017970204400
883.932495000  8.100000000 -0.018863622100
883.957520000  8.100000000 -0.019712336400
883.982483000  8.100000000 -0.020518805800
884.007507000  8.100000000 -0.021285451900
884.032471000  8.100000000 -0.022015580900
884.057495000  8.100000000 -0.022710841100
884.082520000  8.100000000 -0.023373607500
884.107483000  8.100000000 -0.024006892000
884.132507000  8.100000000 -0.024612005800
884.157471000  8.100000000 -0.025192499200
884.182495000  8.100000000 -0.025750190000
884.207520000  8.100000000 -0.026287246500
884.232483000  8.100000000 -0.026804784300
884.257507000  8.100000000 -0.027301041400
884.282471000  8.100000000 -0.027775289500
884.307495000  8.100000000 -0.028223181100
884.332520000  8.100000000 -0.028643114500
884.357483000  8.100000000 -0.029031932400
884.382507000  8.100000000 -0.029387027000
884.407471000  8.100000000 -0.029706824600
884.432495000  8.100000000 -0.029989741700
884.457520000  8.100000000 -0.030235927600
884.482483000  8.100000000 -0.030449666100
884.507507000  8.100000000 -0.030636079600
884.532471000  8.100000000 -0.030801631500
884.557495000  8.100000000 -0.030954815400
884.582520000  8.100000000 -0.031100809600
884.607483000  8.100000000 -0.031245723400
884.632507000  8.100000000 -0.031392648800
884.657471000  8.100000000 -0.031543709300
884.682495000  8.100000000 -0.031696371700
884.707520000  8.100000000 -0.031846053900
884.732483000  8.100000000 -0.031984672000
884.757507000  8.100000000 -0.032098665800
884.782471000  8.100000000 -0.032171830500
884.807495000  8.100000000 -0.032184422000
884.832520000  8.100000000 -0.032113939500
884.857483000  8.100000000 -0.031934604000
884.882507000  8.100000000 -0.031622275700
884.907471000  8.100000000 -0.031152963600
884.932495000  8.100000000 -0.030503794600
884.957520000  8.100000000 -0.029655024400
884.982483000  8.100000000 -0.028589740400
885.007507000  8.100000000 -0.027292668800
885.032471000  8.100000000 -0.025751963300
885.057495000  8.100000000 -0.023960694700
885.082520000  8.100000000 -0.021917074900
885.107483000  8.100000000 -0.019621104000
885.132507000  8.100000000 -0.017078593400
885.157471000  8.100000000 -0.014299005300
885.182495000  8.100000000 -0.011293515600
885.207520000  8.100000000 -0.008081123230
885.232483000  8.100000000 -0.004682689910
885.257507000  8.100000000 -0.001123175020
885.282471000  8.100000000 0.002569407220
885.307495000  8.100000000 0.006364881990
885.332520000  8.100000000 0.010230690200
885.357483000  8.100000000 0.014132857300
885.382507000  8.100000000 0.018036216500
885.407471000  8.100000000 0.021907314700
885.432495000  8.100000000 0.025713369300
885.457520000  8.100000000 0.029424205400
885.482483000  8.100000000 0.033011436500
885.507507000  8.100000000 0.036449059800
885.532471000  8.100000000 0.039715245400
885.557495000  8.100000000 0.042792633200
885.582520000  8.100000000 0.045666396600
885.607483000  8.100000000 0.048325732400
885.632507000  8.100000000 0.050762519200
885.657471000  8.100000000 0.052973702500
885.682495000  8.100000000 0.054959729300
885.707520000  8.100000000 0.056726299200
885.732483000  8.100000000 0.058281347200
885.757507000  8.100000000 0.059635490200
885.782471000  8.100000000 0.060801580500
885.807495000  8.100000000 0.061792619500
885.832520000  8.100000000 0.062624029800
885.857483000  8.100000000 0.063309781300
885.882507000  8.100000000 0.063866451400
885.907471000  8.100000000 0.064309082900
885.932495000  8.100000000 0.064653933000
885.957520000  8.100000000 0.064917340900
885.982483000  8.100000000 0.065115980800
886.007507000  8.100000000 0.065267145600
886.032471000  8.100000000 0.065387770500
886.057495000  8.100000000 0.065493881700
886.082520000  8.100000000 0.065601654400
886.107483000  8.100000000 0.065726637800
886.132507000  8.100000000 0.065881796200
886.157471000  8.100000000 0.066077224900
886.182495000  8.100000000 0.066319629500
886.207520000  8.100000000 0.066611841300
886.232483000  8.100000000 0.066952109300
886.257507000  8.100000000 0.067335963200
886.282471000  8.100000000 0.067755505400
886.307495000  8.100000000 0.068200379600
886.332520000  8.100000000 0.068657621700
886.357483000  8.100000000 0.069112777700
886.382507000  8.100000000 0.069547742600
886.407471000  8.100000000 0.069942772400
886.432495000  8.100000000 0.070277154400
886.457520000  8.100000000 0.070530027200
886.482483000  8.100000000 0.070676803600
886.507507000  8.100000000 0.070693790900
886.532471000  8.100000000 0.070556551200
886.557495000  8.100000000 0.070240050600
886.582520000  8.100000000 0.069722533200
886.607483000  8.100000000 0.068979263300
886.632507000  8.100000000 0.067992955400
886.657471000  8.100000000 0.066742599000
886.682495000  8.100000000 0.065212398800
886.707520000  8.100000000 0.063386261500
886.732483000  8.100000000 0.061249584000
886.757507000  8.100000000 0.058785975000
886.782471000  8.100000000 0.055985301700
886.807495000  8.100000000 0.052837729500
886.832520000  8.100000000 0.049336254600
886.857483000  8.100000000 0.045480430100
886.882507000  8.100000000 0.041266083700
886.907471000  8.100000000 0.036697536700
886.932495000  8.100000000 0.031778216400
886.957520000  8.100000000 0.026517510400
886.982483000  8.100000000 0.020928382900
887.007507000  8.100000000 0.015028417100
887.032471000  8.100000000 0.008837580680
887.057495000  8.100000000 0.002381205560
887.082520000  8.100000000 -0.004313588140
887.107483000  8.100000000 -0.011211931700
887.132507000  8.100000000 -0.018279254400
887.157471000  8.100000000 -0.025476813300
887.182495000  8.100000000 -0.032764971300
887.207520000  8.100000000 -0.040100514900
887.232483000  8.100000000 -0.047438591700
887.257507000  8.100000000 -0.054735690400
887.282471000  8.100000000 -0.061945468200
887.307495000  8.100000000 -0.069024115800
887.332520000  8.100000000 -0.075928419800
887.357483000  8.100000000 -0.082617104100
887.382507000  8.100000000 -0.089046508100
887.407471000  8.100000000 -0.095174461600
887.432495000  8.100000000 -0.100961030000
887.457520000  8.100000000 -0.106366724000
887.482483000  8.100000000 -0.111356974000
887.507507000  8.100000000 -0.115900040000
887.532471000  8.100000000 -0.119969994000
887.557495000  8.100000000 -0.123544186000
887.582520000  8.100000000 -0.126604959000
887.607483000  8.100000000 -0.129137859000
887.632507000  8.100000000 -0.131136030000
887.657471000  8.100000000 -0.132592395000
887.682495000  8.100000000 -0.133505985000
887.707520000  8.100000000 -0.133879155000
887.732483000  8.100000000 -0.133718923000
887.757507000  8.100000000 -0.133035839000
887.782471000  8.100000000 -0.131844416000
887.807495000  8.100000000 -0.130162671000
887.832520000  8.100000000 -0.128011152000
887.857483000  8.100000000 -0.125414729000
887.882507000  8.100000000 -0.122401714000
887.907471000  8.100000000 -0.119001344000
887.932495000  8.100000000 -0.115244351000
887.957520000  8.100000000 -0.111161619000
887.982483000  8.100000000 -0.106783137000
888.007507000  8.100000000 -0.102138519000
888.032471000  8.100000000 -0.097256600900
888.057495000  8.100000000 -0.092164725100
888.082520000  8.100000000 -0.086891278600
888.107483000  8.100000000 -0.081461668000
888.132507000  8.100000000 -0.075902342800
888.157471000  8.100000000 -0.070236474300
888.182495000  8.100000000 -0.064490586500
888.207520000  8.100000000 -0.058685690200
888.232483000  8.100000000 -0.052846670200
888.257507000  8.100000000 -0.046996474300
888.282471000  8.100000000 -0.041160285500
888.307495000  8.100000000 -0.035361349600
888.332520000  8.100000000 -0.029624402500
888.357483000  8.100000000 -0.023969858900
888.382507000  8.100000000 -0.018416494100
888.407471000  8.100000000 -0.012980699500
888.432495000  8.100000000 -0.007675737140
888.457520000  8.100000000 -0.002516508100
888.482483000  8.100000000 0.002489537000
888.507507000  8.100000000 0.007334500550
888.532471000  8.100000000 0.012012273100
888.557495000  8.100000000 0.016519725300
888.582520000  8.100000000 0.020854473100
888.607483000  8.100000000 0.025011897100
888.632507000  8.100000000 0.028990358100
888.657471000  8.100000000 0.032790601300
888.682495000  8.100000000 0.036410242300
888.707520000  8.100000000 0.039849132300
888.732483000  8.100000000 0.043106973200
888.757507000  8.100000000 0.046183764900
888.782471000  8.100000000 0.049080848700
888.807495000  8.100000000 0.051802098800
888.832520000  8.100000000 0.054350793400
888.857483000  8.100000000 0.056728720700
888.882507000  8.100000000 0.058937072800
888.907471000  8.100000000 0.060976296700
888.932495000  8.100000000 0.062845349300
888.957520000  8.100000000 0.064543560100
888.982483000  8.100000000 0.066069290000
889.007507000  8.100000000 0.067420229300
889.032471000  8.100000000 0.068594813300
889.057495000  8.100000000 0.069592222600
889.082520000  8.100000000 0.070413202000
889.107483000  8.100000000 0.071060955500
889.132507000  8.100000000 0.071539580800
889.157471000  8.100000000 0.071855112900
889.182495000  8.100000000 0.072015225900
889.207520000  8.100000000 0.072026774300
889.232483000  8.100000000 0.071899220300
889.257507000  8.100000000 0.071642696900
889.282471000  8.100000000 0.071268379700
889.307495000  8.100000000 0.070788115300
889.332520000  8.100000000 0.070213094400
889.357483000  8.100000000 0.069552525900
889.382507000  8.100000000 0.068814247800
889.407471000  8.100000000 0.068001270300
889.432495000  8.100000000 0.067114241400
889.457520000  8.100000000 0.066153347500
889.482483000  8.100000000 0.065114386400
889.507507000  8.100000000 0.063993424200
889.532471000  8.100000000 0.062784813300
889.557495000  8.100000000 0.061481930300
889.582520000  8.100000000 0.060076899800
889.607483000  8.100000000 0.058562643800
889.632507000  8.100000000 0.056934766500
889.657471000  8.100000000 0.055188164100
889.682495000  8.100000000 0.053320154500
889.707520000  8.100000000 0.051328390800
889.732483000  8.100000000 0.049210265300
889.757507000  8.100000000 0.046963170200
889.782471000  8.100000000 0.044587999600
889.807495000  8.100000000 0.042083188900
889.832520000  8.100000000 0.039450600700
889.857483000  8.100000000 0.036692768300
889.882507000  8.100000000 0.033814534500
889.907471000  8.100000000 0.030818358100
889.932495000  8.100000000 0.027711242400
889.957520000  8.100000000 0.024495944400
889.982483000  8.100000000 0.021176487200
890.007507000  8.100000000 0.017759874500
890.032471000  8.100000000 0.014248713900
890.057495000  8.100000000 0.010651424500
890.082520000  8.100000000 0.006974041460
890.107483000  8.100000000 0.003226101400
890.132507000  8.100000000 -0.000584274530
890.157471000  8.100000000 -0.004445165400
890.182495000  8.100000000 -0.008345097300
890.207520000  8.100000000 -0.012273192400
890.232483000  8.100000000 -0.016217082700
890.257507000  8.100000000 -0.020164549400
890.282471000  8.100000000 -0.024103894800
890.307495000  8.100000000 -0.028024390300
890.332520000  8.100000000 -0.031916052100
890.357483000  8.100000000 -0.035770237400
890.382507000  8.100000000 -0.039575770500
890.407471000  8.100000000 -0.043321847900
890.432495000  8.100000000 -0.046996995800
890.457520000  8.100000000 -0.050586611000
890.482483000  8.100000000 -0.054074749400
890.507507000  8.100000000 -0.057444870500
890.532471000  8.100000000 -0.060678720500
890.557495000  8.100000000 -0.063758119900
890.582520000  8.100000000 -0.066665634500
890.607483000  8.100000000 -0.069383010300
890.632507000  8.100000000 -0.071893930400
890.657471000  8.100000000 -0.074183009600
890.682495000  8.100000000 -0.076236501300
890.707520000  8.100000000 -0.078042388000
890.732483000  8.100000000 -0.079591080500
890.757507000  8.100000000 -0.080873966200
890.782471000  8.100000000 -0.081886053100
890.807495000  8.100000000 -0.082623325300
890.832520000  8.100000000 -0.083086371400
890.857483000  8.100000000 -0.083277784300
890.882507000  8.100000000 -0.083203353000
890.907471000  8.100000000 -0.082868970900
890.932495000  8.100000000 -0.082285627700
890.957520000  8.100000000 -0.081464499200
890.982483000  8.100000000 -0.080418773000
891.007507000  8.100000000 -0.079163312900
891.032471000  8.100000000 -0.077713206400
891.057495000  8.100000000 -0.076083391900
891.082520000  8.100000000 -0.074289590100
891.107483000  8.100000000 -0.072348266800
891.132507000  8.100000000 -0.070273429200
891.157471000  8.100000000 -0.068079084200
891.182495000  8.100000000 -0.065778940900
891.207520000  8.100000000 -0.063385963400
891.232483000  8.100000000 -0.060914754900
891.257507000  8.100000000 -0.058378130200
891.282471000  8.100000000 -0.055790394500
891.307495000  8.100000000 -0.053163468800
891.332520000  8.100000000 -0.050507187800
891.357483000  8.100000000 -0.047828853100
891.382507000  8.100000000 -0.045135170200
891.407471000  8.100000000 -0.042430609500
891.432495000  8.100000000 -0.039717108000
891.457520000  8.100000000 -0.036995261900
891.482483000  8.100000000 -0.034264326100
891.507507000  8.100000000 -0.031522363400
891.532471000  8.100000000 -0.028762966400
891.557495000  8.100000000 -0.025980025500
891.582520000  8.100000000 -0.023166984300
891.607483000  8.100000000 -0.020313561000
891.632507000  8.100000000 -0.017414689100
891.657471000  8.100000000 -0.014459341800
891.682495000  8.100000000 -0.011439323400
891.707520000  8.100000000 -0.008355081080
891.732483000  8.100000000 -0.005196183920
891.757507000  8.100000000 -0.001963078980
891.782471000  8.100000000 0.001346617940
891.807495000  8.100000000 0.004735141990
891.832520000  8.100000000 0.008202195170
891.857483000  8.100000000 0.011747032400
891.882507000  8.100000000 0.015368759600
891.907471000  8.100000000 0.019062012400
891.932495000  8.100000000 0.022822022400
891.957520000  8.100000000 0.026638209800
891.982483000  8.100000000 0.030501931900
892.007507000  8.100000000 0.034396648400
892.032471000  8.100000000 0.038305670000
892.057495000  8.100000000 0.042210370300
892.082520000  8.100000000 0.046087801500
892.107483000  8.100000000 0.049915760800
892.132507000  8.100000000 0.053668320200
892.157471000  8.100000000 0.057323426000
892.182495000  8.100000000 0.060856491300
892.207520000  8.100000000 0.064243227200
892.232483000  8.100000000 0.067463517200
892.257507000  8.100000000 0.070496201500
892.282471000  8.100000000 0.073319003000
892.307495000  8.100000000 0.075916275400
892.332520000  8.100000000 0.078267604100
892.357483000  8.100000000 0.080357566500
892.382507000  8.100000000 0.082171484800
892.407471000  8.100000000 0.083695054100
892.432495000  8.100000000 0.084917321800
892.457520000  8.100000000 0.085828602300
892.482483000  8.100000000 0.086422078300
892.507507000  8.100000000 0.086694546000
892.532471000  8.100000000 0.086648166200
892.557495000  8.100000000 0.086287170600
892.582520000  8.100000000 0.085620135100
892.607483000  8.100000000 0.084659472100
892.632507000  8.100000000 0.083419665700
892.657471000  8.100000000 0.081918373700
892.682495000  8.100000000 0.080172643100
892.707520000  8.100000000 0.078201957000
892.732483000  8.100000000 0.076026260900
892.757507000  8.100000000 0.073668420300
892.782471000  8.100000000 0.071154981900
892.807495000  8.100000000 0.068512894200
892.832520000  8.100000000 0.065771825600
892.857483000  8.100000000 0.062962062700
892.882507000  8.100000000 0.060114264500
892.907471000  8.100000000 0.057258531500
892.932495000  8.100000000 0.054424107100
892.957520000  8.100000000 0.051637515400
892.982483000  8.100000000 0.048923566900
893.007507000  8.100000000 0.046303346800
893.032471000  8.100000000 0.043795034300
893.057495000  8.100000000 0.041414871800
893.082520000  8.100000000 0.039175152800
893.107483000  8.100000000 0.037086159000
893.132507000  8.100000000 0.035154297900
893.157471000  8.100000000 0.033381879300
893.182495000  8.100000000 0.031769201200
893.207520000  8.100000000 0.030310228500
893.232483000  8.100000000 0.028995946000
893.257507000  8.100000000 0.027813240900
893.282471000  8.100000000 0.026743114000
893.307495000  8.100000000 0.025765746800
893.332520000  8.100000000 0.024858117100
893.357483000  8.100000000 0.023995935900
893.382507000  8.100000000 0.023151785100
893.407471000  8.100000000 0.022297650600
893.432495000  8.100000000 0.021405667100
893.457520000  8.100000000 0.020448863500
893.482483000  8.100000000 0.019400417800
893.507507000  8.100000000 0.018236339100
893.532471000  8.100000000 0.016934275600
893.557495000  8.100000000 0.015474706900
893.582520000  8.100000000 0.013841539600
893.607483000  8.100000000 0.012022405900
893.632507000  8.100000000 0.010007321800
893.657471000  8.100000000 0.007790774110
893.682495000  8.100000000 0.005371570590
893.707520000  8.100000000 0.002752989530
893.732483000  8.100000000 -0.000059753656
893.757507000  8.100000000 -0.003054440020
893.782471000  8.100000000 -0.006220191720
893.807495000  8.100000000 -0.009539276360
893.832520000  8.100000000 -0.012994408600
893.857483000  8.100000000 -0.016564726800
893.882507000  8.100000000 -0.020225495100
893.907471000  8.100000000 -0.023952871600
893.932495000  8.100000000 -0.027719289100
893.957520000  8.100000000 -0.031498521600
893.982483000  8.100000000 -0.035262256900
894.007507000  8.100000000 -0.038982331800
894.032471000  8.100000000 -0.042631477100
894.057495000  8.100000000 -0.046184212000
894.082520000  8.100000000 -0.049617290500
894.107483000  8.100000000 -0.052908435500
894.132507000  8.100000000 -0.056035444100
894.157471000  8.100000000 -0.058978274500
894.182495000  8.100000000 -0.061715990300
894.207520000  8.100000000 -0.064230188700
894.232483000  8.100000000 -0.066504478500
894.257507000  8.100000000 -0.068525746500
894.282471000  8.100000000 -0.070280060200
894.307495000  8.100000000 -0.071756318200
894.332520000  8.100000000 -0.072940252700
894.357483000  8.100000000 -0.073819495700
894.382507000  8.100000000 -0.074381344000
894.407471000  8.100000000 -0.074616633400
894.432495000  8.100000000 -0.074516296400
894.457520000  8.100000000 -0.074072964500
894.482483000  8.100000000 -0.073280341900
894.507507000  8.100000000 -0.072133123900
894.532471000  8.100000000 -0.070624686800
894.557495000  8.100000000 -0.068750388900
894.582520000  8.100000000 -0.066505216100
894.607483000  8.100000000 -0.063884913900
894.632507000  8.100000000 -0.060890354200
894.657471000  8.100000000 -0.057524256400
894.682495000  8.100000000 -0.053797140700
894.707520000  8.100000000 -0.049721002600
894.732483000  8.100000000 -0.045314990000
894.757507000  8.100000000 -0.040600411600
894.782471000  8.100000000 -0.035603344400
894.807495000  8.100000000 -0.030352100700
894.832520000  8.100000000 -0.024877823900
894.857483000  8.100000000 -0.019213371000
894.882507000  8.100000000 -0.013393461700
894.907471000  8.100000000 -0.007455274460
894.932495000  8.100000000 -0.001436248420
894.957520000  8.100000000 0.004621818660
894.982483000  8.100000000 0.010680258300
895.007507000  8.100000000 0.016699992100
895.032471000  8.100000000 0.022641718400
895.057495000  8.100000000 0.028467327400
895.082520000  8.100000000 0.034142434600
895.107483000  8.100000000 0.039630271500
895.132507000  8.100000000 0.044902637600
895.157471000  8.100000000 0.049928352200
895.182495000  8.100000000 0.054682865700
895.207520000  8.100000000 0.059141852000
895.232483000  8.100000000 0.063283950100
895.257507000  8.100000000 0.067089907800
895.282471000  8.100000000 0.070546224700
895.307495000  8.100000000 0.073637932500
895.332520000  8.100000000 0.076360270400
895.357483000  8.100000000 0.078704118700
895.382507000  8.100000000 0.080668769800
895.407471000  8.100000000 0.082250610000
895.432495000  8.100000000 0.083443820500
895.457520000  8.100000000 0.084251090900
895.482483000  8.100000000 0.084671080100
895.507507000  8.100000000 0.084708966300
895.532471000  8.100000000 0.084368661000
895.557495000  8.100000000 0.083660706900
895.582520000  8.100000000 0.082591846600
895.607483000  8.100000000 0.081174001100
895.632507000  8.100000000 0.079417452200
895.657471000  8.100000000 0.077333077800
895.682495000  8.100000000 0.074930861600
895.707520000  8.100000000 0.072222054000
895.732483000  8.100000000 0.069221407200
895.757507000  8.100000000 0.065943449700
895.782471000  8.100000000 0.062404424000
895.807495000  8.100000000 0.058622062200
895.832520000  8.100000000 0.054618567200
895.857483000  8.100000000 0.050413161500
895.882507000  8.100000000 0.046033114200
895.907471000  8.100000000 0.041501969100
895.932495000  8.100000000 0.036845803300
895.957520000  8.100000000 0.032096952200
895.982483000  8.100000000 0.027278363700
896.007507000  8.100000000 0.022420734200
896.032471000  8.100000000 0.017551481700
896.057495000  8.100000000 0.012699961700
896.082520000  8.100000000 0.007896572350
896.107483000  8.100000000 0.003171563150
896.132507000  8.100000000 -0.001445561650
896.157471000  8.100000000 -0.005921274420
896.182495000  8.100000000 -0.010227412000
896.207520000  8.100000000 -0.014336854200
896.232483000  8.100000000 -0.018221437900
896.257507000  8.100000000 -0.021859109400
896.282471000  8.100000000 -0.025233775400
896.307495000  8.100000000 -0.028327107400
896.332520000  8.100000000 -0.031136274300
896.357483000  8.100000000 -0.033653825500
896.382507000  8.100000000 -0.035883635300
896.407471000  8.100000000 -0.037829875900
896.432495000  8.100000000 -0.039503723400
896.457520000  8.100000000 -0.040919929700
896.482483000  8.100000000 -0.042094439300
896.507507000  8.100000000 -0.043050199700
896.532471000  8.100000000 -0.043811798100
896.557495000  8.100000000 -0.044403374200
896.582520000  8.100000000 -0.044852495200
896.607483000  8.100000000 -0.045183301000
896.632507000  8.100000000 -0.045423656700
896.657471000  8.100000000 -0.045599713900
896.682495000  8.100000000 -0.045736506600
896.707520000  8.100000000 -0.045858472600
896.732483000  8.100000000 -0.045988857700
896.757507000  8.100000000 -0.046148225700
896.782471000  8.100000000 -0.046355798800
896.807495000  8.100000000 -0.046627521500
896.832520000  8.100000000 -0.046975240100
896.857483000  8.100000000 -0.047407895300
896.882507000  8.100000000 -0.047926679300
896.907471000  8.100000000 -0.048531368400
896.932495000  8.100000000 -0.049215480700
896.957520000  8.100000000 -0.049970075500
896.982483000  8.100000000 -0.050784535700
897.007507000  8.100000000 -0.051646083600
897.032471000  8.100000000 -0.052539669000
897.057495000  8.100000000 -0.053445138000
897.082520000  8.100000000 -0.054343305500
897.107483000  8.100000000 -0.055209882600
897.132507000  8.100000000 -0.056019481300
897.157471000  8.100000000 -0.056744366900
897.182495000  8.100000000 -0.057358026500
897.207520000  8.100000000 -0.057829715300
897.232483000  8.100000000 -0.058130241900
897.257507000  8.100000000 -0.058229818900
897.282471000  8.100000000 -0.058100950000
897.307495000  8.100000000 -0.057717219000
897.332520000  8.100000000 -0.057054981600
897.357483000  8.100000000 -0.056093540000
897.382507000  8.100000000 -0.054816268400
897.407471000  8.100000000 -0.053209364400
897.432495000  8.100000000 -0.051265917700
897.457520000  8.100000000 -0.048980824600
897.482483000  8.100000000 -0.046352297100
897.507507000  8.100000000 -0.043380931000
897.532471000  8.100000000 -0.040068440100
897.557495000  8.100000000 -0.036420449600
897.582520000  8.100000000 -0.032444968800
897.607483000  8.100000000 -0.028153285400
897.632507000  8.100000000 -0.023559927900
897.657471000  8.100000000 -0.018683895500
897.682495000  8.100000000 -0.013549253300
897.707520000  8.100000000 -0.008184760810
897.732483000  8.100000000 -0.002621188760
897.757507000  8.100000000 0.003102943300
897.782471000  8.100000000 0.008950382470
897.807495000  8.100000000 0.014878585900
897.832520000  8.100000000 0.020844712900
897.857483000  8.100000000 0.026805475400
897.882507000  8.100000000 0.032715126900
897.907471000  8.100000000 0.038529261900
897.932495000  8.100000000 0.044203996700
897.957520000  8.100000000 0.049696490200
897.982483000  8.100000000 0.054967701400
898.007507000  8.100000000 0.059981346100
898.032471000  8.100000000 0.064702220300
898.057495000  8.100000000 0.069099530600
898.082520000  8.100000000 0.073145315100
898.107483000  8.100000000 0.076813206100
898.132507000  8.100000000 0.080082602800
898.157471000  8.100000000 0.082934640300
898.182495000  8.100000000 0.085355423400
898.207520000  8.100000000 0.087335333200
898.232483000  8.100000000 0.088869780300
898.257507000  8.100000000 0.089956745500
898.282471000  8.100000000 0.090599060100
898.307495000  8.100000000 0.090802498200
898.332520000  8.100000000 0.090578049400
898.357483000  8.100000000 0.089940130700
898.382507000  8.100000000 0.088906288100
898.407471000  8.100000000 0.087496563800
898.432495000  8.100000000 0.085731521200
898.457520000  8.100000000 0.083630904600
898.482483000  8.100000000 0.081217587000
898.507507000  8.100000000 0.078510716600
898.532471000  8.100000000 0.075532868500
898.557495000  8.100000000 0.072307139600
898.582520000  8.100000000 0.068858116900
898.607483000  8.100000000 0.065212845800
898.632507000  8.100000000 0.061398297500
898.657471000  8.100000000 0.057440996200
898.682495000  8.100000000 0.053370446000
898.707520000  8.100000000 0.049213767100
898.732483000  8.100000000 0.044997930500
898.757507000  8.100000000 0.040749609500
898.782471000  8.100000000 0.036493837800
898.807495000  8.100000000 0.032253116400
898.832520000  8.100000000 0.028050541900
898.857483000  8.100000000 0.023905038800
898.882507000  8.100000000 0.019834339600
898.907471000  8.100000000 0.015852749300
898.932495000  8.100000000 0.011973083000
898.957520000  8.100000000 0.008203834300
898.982483000  8.100000000 0.004551708700
899.007507000  8.100000000 0.001020580530
899.032471000  8.100000000 -0.002388209100
899.057495000  8.100000000 -0.005675703290
899.082520000  8.100000000 -0.008846819400
899.107483000  8.100000000 -0.011909455100
899.132507000  8.100000000 -0.014877617400
899.157471000  8.100000000 -0.017768144600
899.182495000  8.100000000 -0.020602196500
899.207520000  8.100000000 -0.023403763800
899.232483000  8.100000000 -0.026198923600
899.257507000  8.100000000 -0.029013007900
899.282471000  8.100000000 -0.031872540700
899.307495000  8.100000000 -0.034800022800
899.332520000  8.100000000 -0.037817508000
899.357483000  8.100000000 -0.040944516700
899.382507000  8.100000000 -0.044198930300
899.407471000  8.100000000 -0.047593861800
899.432495000  8.100000000 -0.051140040200
899.457520000  8.100000000 -0.054842084600
899.482483000  8.100000000 -0.058701336400
899.507507000  8.100000000 -0.062714964200
899.532471000  8.100000000 -0.066877305500
899.557495000  8.100000000 -0.071178525700
899.582520000  8.100000000 -0.075606480200
899.607483000  8.100000000 -0.080143213300
899.632507000  8.100000000 -0.084769874800
899.657471000  8.100000000 -0.089463293600
899.682495000  8.100000000 -0.094199180600
899.707520000  8.100000000 -0.098952129500
899.732483000  8.100000000 -0.103694052000
899.757507000  8.100000000 -0.108398795000
899.782471000  8.100000000 -0.113039166000
899.807495000  8.100000000 -0.117586032000
899.832520000  8.100000000 -0.122011065000
899.857483000  8.100000000 -0.126285255000
899.882507000  8.100000000 -0.130377680000
899.907471000  8.100000000 -0.134257272000
899.932495000  8.100000000 -0.137894571000
899.957520000  8.100000000 -0.141261369000
899.982483000  8.100000000 -0.144331932000
900.007507000  8.100000000 -0.147082508000
900.032471000  8.100000000 -0.149492323000
900.057495000  8.100000000 -0.151541084000
900.082520000  8.100000000 -0.153211355000
900.107483000  8.100000000 -0.154487193000
900.132507000  8.100000000 -0.155351907000
900.157471000  8.100000000 -0.155792683000
900.182495000  8.100000000 -0.155791342000
900.207520000  8.100000000 -0.155341625000
900.232483000  8.100000000 -0.154430121000
900.257507000  8.100000000 -0.153051019000
900.282471000  8.100000000 -0.151198804000
900.307495000  8.100000000 -0.148869157000
900.332520000  8.100000000 -0.146060884000
900.357483000  8.100000000 -0.142776072000
900.382507000  8.100000000 -0.139014721000
900.407471000  8.100000000 -0.134780407000
900.432495000  8.100000000 -0.130080283000
900.457520000  8.100000000 -0.124922097000
900.482483000  8.100000000 -0.119315684000
900.507507000  8.100000000 -0.113270283000
900.532471000  8.100000000 -0.106803179000
900.557495000  8.100000000 -0.099926888900
900.582520000  8.100000000 -0.092662572900
900.607483000  8.100000000 -0.085034370400
900.632507000  8.100000000 -0.077064335300
900.657471000  8.100000000 -0.068787932400
900.682495000  8.100000000 -0.060235559900
900.707520000  8.100000000 -0.051446259000
900.732483000  8.100000000 -0.042461454900
900.757507000  8.100000000 -0.033319890500
900.782471000  8.100000000 -0.024061501000
900.807495000  8.100000000 -0.014733076100
900.832520000  8.100000000 -0.005375444890
900.857483000  8.100000000 0.003969669340
900.882507000  8.100000000 0.013252496700
900.907471000  8.100000000 0.022428333800
900.932495000  8.100000000 0.031449794800
900.957520000  8.100000000 0.040269792100
900.982483000  8.100000000 0.048839151900
901.007507000  8.100000000 0.057113170600
901.032471000  8.100000000 0.065046250800
901.057495000  8.100000000 0.072599649400
901.082520000  8.100000000 0.079732835300
901.107483000  8.100000000 0.086412429800
901.132507000  8.100000000 0.092606246500
901.157471000  8.100000000 0.098289847400
901.182495000  8.100000000 0.103442967000
901.207520000  8.100000000 0.108050704000
901.232483000  8.100000000 0.112099349000
901.257507000  8.100000000 0.115582943000
901.282471000  8.100000000 0.118502378000
901.307495000  8.100000000 0.120856166000
901.332520000  8.100000000 0.122653246000
901.357483000  8.100000000 0.123903155000
901.382507000  8.100000000 0.124621689000
901.407471000  8.100000000 0.124821663000
901.432495000  8.100000000 0.124523044000
901.457520000  8.100000000 0.123745352000
901.482483000  8.100000000 0.122508109000
901.507507000  8.100000000 0.120831132000
901.532471000  8.100000000 0.118737221000
901.557495000  8.100000000 0.116248727000
901.582520000  8.100000000 0.113389492000
901.607483000  8.100000000 0.110183954000
901.632507000  8.100000000 0.106661022000
901.657471000  8.100000000 0.102847517000
901.682495000  8.100000000 0.098772347000
901.707520000  8.100000000 0.094467476000
901.732483000  8.100000000 0.089961886400
901.757507000  8.100000000 0.085287541200
901.782471000  8.100000000 0.080474913100
901.807495000  8.100000000 0.075553357600
901.832520000  8.100000000 0.070551261300
901.857483000  8.100000000 0.065495744300
901.882507000  8.100000000 0.060410574100
901.907471000  8.100000000 0.055318102200
901.932495000  8.100000000 0.050237886600
901.957520000  8.100000000 0.045188814400
901.982483000  8.100000000 0.040188208200
902.007507000  8.100000000 0.035252943600
902.032471000  8.100000000 0.030399486400
902.057495000  8.100000000 0.025644004300
902.082520000  8.100000000 0.021001808300
902.107483000  8.100000000 0.016488619100
902.132507000  8.100000000 0.012118481100
902.157471000  8.100000000 0.007903985680
902.182495000  8.100000000 0.003858506680
902.207520000  8.100000000 -0.000008009374
902.232483000  8.100000000 -0.003686174750
902.257507000  8.100000000 -0.007167756560
902.282471000  8.100000000 -0.010447874700
902.307495000  8.100000000 -0.013522580300
902.332520000  8.100000000 -0.016390048000
902.357483000  8.100000000 -0.019053407000
902.382507000  8.100000000 -0.021513588700
902.407471000  8.100000000 -0.023776702600
902.432495000  8.100000000 -0.025848075700
902.457520000  8.100000000 -0.027737841000
902.482483000  8.100000000 -0.029454231300
902.507507000  8.100000000 -0.031007230300
902.532471000  8.100000000 -0.032405331700
902.557495000  8.100000000 -0.033655986200
902.582520000  8.100000000 -0.034767165800
902.607483000  8.100000000 -0.035744831000
902.632507000  8.100000000 -0.036595687300
902.657471000  8.100000000 -0.037323609000
902.682495000  8.100000000 -0.037932172400
902.707520000  8.100000000 -0.038422867700
902.732483000  8.100000000 -0.038795918200
902.757507000  8.100000000 -0.039050951600
902.782471000  8.100000000 -0.039184689500
902.807495000  8.100000000 -0.039194598800
902.832520000  8.100000000 -0.039074942500
902.857483000  8.100000000 -0.038820505100
902.882507000  8.100000000 -0.038424804800
902.907471000  8.100000000 -0.037881434000
902.932495000  8.100000000 -0.037183016500
902.957520000  8.100000000 -0.036321803900
902.982483000  8.100000000 -0.035290494600
903.007507000  8.100000000 -0.034084171100
903.032471000  8.100000000 -0.032699108100
903.057495000  8.100000000 -0.031133294100
903.082520000  8.100000000 -0.029387325000
903.107483000  8.100000000 -0.027462691100
903.132507000  8.100000000 -0.025363713500
903.157471000  8.100000000 -0.023096799900
903.182495000  8.100000000 -0.020671486900
903.207520000  8.100000000 -0.018100291500
903.232483000  8.100000000 -0.015396773800
903.257507000  8.100000000 -0.012576878100
903.282471000  8.100000000 -0.009654462340
903.307495000  8.100000000 -0.006646513940
903.332520000  8.100000000 -0.003567337990
903.357483000  8.100000000 -0.000434070826
903.382507000  8.100000000 0.002738237380
903.407471000  8.100000000 0.005930960180
903.432495000  8.100000000 0.009126812220
903.457520000  8.100000000 0.012306869000
903.482483000  8.100000000 0.015453398200
903.507507000  8.100000000 0.018548518400
903.532471000  8.100000000 0.021574646200
903.557495000  8.100000000 0.024516731500
903.582520000  8.100000000 0.027363300300
903.607483000  8.100000000 0.030103474900
903.632507000  8.100000000 0.032729953500
903.657471000  8.100000000 0.035236775900
903.682495000  8.100000000 0.037619620600
903.707520000  8.100000000 0.039876252400
903.732483000  8.100000000 0.042004883300
903.757507000  8.100000000 0.044002682000
903.782471000  8.100000000 0.045868679900
903.807495000  8.100000000 0.047599226200
903.832520000  8.100000000 0.049192011400
903.857483000  8.100000000 0.050643384500
903.882507000  8.100000000 0.051948800700
903.907471000  8.100000000 0.053103864200
903.932495000  8.100000000 0.054103136100
903.957520000  8.100000000 0.054942295000
903.982483000  8.100000000 0.055615156900
904.007507000  8.100000000 0.056119933700
904.032471000  8.100000000 0.056455843200
904.057495000  8.100000000 0.056624561500
904.082520000  8.100000000 0.056632198400
904.107483000  8.100000000 0.056487917900
904.132507000  8.100000000 0.056201927400
904.157471000  8.100000000 0.055786892800
904.182495000  8.100000000 0.055256206500
904.207520000  8.100000000 0.054623838500
904.232483000  8.100000000 0.053904660000
904.257507000  8.100000000 0.053112469600
904.282471000  8.100000000 0.052262581900
904.307495000  8.100000000 0.051367994400
904.332520000  8.100000000 0.050441529600
904.357483000  8.100000000 0.049495004100
904.382507000  8.100000000 0.048539012700
904.407471000  8.100000000 0.047584772100
904.432495000  8.100000000 0.046641510000
904.457520000  8.100000000 0.045720096700
904.482483000  8.100000000 0.044828336700
904.507507000  8.100000000 0.043976195200
904.532471000  8.100000000 0.043168626700
904.557495000  8.100000000 0.042411275200
904.582520000  8.100000000 0.041707605100
904.607483000  8.100000000 0.041057616500
904.632507000  8.100000000 0.040462352300
904.657471000  8.100000000 0.039919726600
904.682495000  8.100000000 0.039424896200
904.707520000  8.100000000 0.038972944000
904.732483000  8.100000000 0.038554817400
904.757507000  8.100000000 0.038161128800
904.782471000  8.100000000 0.037786215500
904.807495000  8.100000000 0.037419050900
904.832520000  8.100000000 0.037057325200
904.857483000  8.100000000 0.036691650700
904.882507000  8.100000000 0.036315843500
904.907471000  8.100000000 0.035926476100
904.932495000  8.100000000 0.035516992200
904.957520000  8.100000000 0.035083591900
904.982483000  8.100000000 0.034623593100
905.007507000  8.100000000 0.034130737200
905.032471000  8.100000000 0.033603012600
905.057495000  8.100000000 0.033035725400
905.082520000  8.100000000 0.032424256200
905.107483000  8.100000000 0.031767040500
905.132507000  8.100000000 0.031058490300
905.157471000  8.100000000 0.030295550800
905.182495000  8.100000000 0.029477775100
905.207520000  8.100000000 0.028598159600
905.232483000  8.100000000 0.027655214100
905.257507000  8.100000000 0.026650726800
905.282471000  8.100000000 0.025582462500
905.307495000  8.100000000 0.024455189700
905.332520000  8.100000000 0.023269355300
905.357483000  8.100000000 0.022027492500
905.382507000  8.100000000 0.020728707300
905.407471000  8.100000000 0.019375532900
905.432495000  8.100000000 0.017966330100
905.457520000  8.100000000 0.016504526100
905.482483000  8.100000000 0.014992654300
905.507507000  8.100000000 0.013433396800
905.532471000  8.100000000 0.011833906200
905.557495000  8.100000000 0.010199695800
905.582520000  8.100000000 0.008541941640
905.607483000  8.100000000 0.006869882350
905.632507000  8.100000000 0.005194991830
905.657471000  8.100000000 0.003529936080
905.682495000  8.100000000 0.001887083050
905.707520000  8.100000000 0.000280290842
905.732483000  8.100000000 -0.001277625560
905.757507000  8.100000000 -0.002774447200
905.782471000  8.100000000 -0.004203021530
905.807495000  8.100000000 -0.005555152890
905.832520000  8.100000000 -0.006826817990
905.857483000  8.100000000 -0.008015036580
905.882507000  8.100000000 -0.009116977450
905.907471000  8.100000000 -0.010132640600
905.932495000  8.100000000 -0.011063069100
905.957520000  8.100000000 -0.011908859000
905.982483000  8.100000000 -0.012673437600
906.007507000  8.100000000 -0.013355910800
906.032471000  8.100000000 -0.013958662700
906.057495000  8.100000000 -0.014479309300
906.082520000  8.100000000 -0.014918744600
906.107483000  8.100000000 -0.015274435300
906.132507000  8.100000000 -0.015545934400
906.157471000  8.100000000 -0.015732199000
906.182495000  8.100000000 -0.015831738700
906.207520000  8.100000000 -0.015844702700
906.232483000  8.100000000 -0.015769898900
906.257507000  8.100000000 -0.015606880200
906.282471000  8.100000000 -0.015357732800
906.307495000  8.100000000 -0.015023797800
906.332520000  8.100000000 -0.014609098400
906.357483000  8.100000000 -0.014117807100
906.382507000  8.100000000 -0.013556182400
906.407471000  8.100000000 -0.012930631600
906.432495000  8.100000000 -0.012249946600
906.457520000  8.100000000 -0.011520385700
906.482483000  8.100000000 -0.010749995700
906.507507000  8.100000000 -0.009945034980
906.532471000  8.100000000 -0.009112656120
906.557495000  8.100000000 -0.008258223530
906.582520000  8.100000000 -0.007391124960
906.607483000  8.100000000 -0.006516277790
906.632507000  8.100000000 -0.005642473700
906.657471000  8.100000000 -0.004776120190
906.682495000  8.100000000 -0.003925114870
906.707520000  8.100000000 -0.003097355370
906.732483000  8.100000000 -0.002303123470
906.757507000  8.100000000 -0.001552850010
906.782471000  8.100000000 -0.000858604908
906.807495000  8.100000000 -0.000233501196
906.832520000  8.100000000 0.000310242176
906.857483000  8.100000000 0.000759661198
906.882507000  8.100000000 0.001102685930
906.907471000  8.100000000 0.001327097420
906.932495000  8.100000000 0.001424551010
906.957520000  8.100000000 0.001385807990
906.982483000  8.100000000 0.001205205920
907.007507000  8.100000000 0.000878870487
907.032471000  8.100000000 0.000404119492
907.057495000  8.100000000 -0.000219196081
907.082520000  8.100000000 -0.000988095999
907.107483000  8.100000000 -0.001900196080
907.132507000  8.100000000 -0.002949982880
907.157471000  8.100000000 -0.004129260780
907.182495000  8.100000000 -0.005432218310
907.207520000  8.100000000 -0.006849914790
907.232483000  8.100000000 -0.008371621370
907.257507000  8.100000000 -0.009988248350
907.282471000  8.100000000 -0.011685714100
907.307495000  8.100000000 -0.013454780000
907.332520000  8.100000000 -0.015280619300
907.357483000  8.100000000 -0.017149224900
907.382507000  8.100000000 -0.019043162500
907.407471000  8.100000000 -0.020946562300
907.432495000  8.100000000 -0.022838711700
907.457520000  8.100000000 -0.024704560600
907.482483000  8.100000000 -0.026526600100
907.507507000  8.100000000 -0.028290003500
907.532471000  8.100000000 -0.029982253900
907.557495000  8.100000000 -0.031588599100
907.582520000  8.100000000 -0.033098831800
907.607483000  8.100000000 -0.034501850600
907.632507000  8.100000000 -0.035788267900
907.657471000  8.100000000 -0.036948919300
907.682495000  8.100000000 -0.037976354400
907.707520000  8.100000000 -0.038863942000
907.732483000  8.100000000 -0.039607957000
907.757507000  8.100000000 -0.040206536700
907.782471000  8.100000000 -0.040656849700
907.807495000  8.100000000 -0.040957070900
907.832520000  8.100000000 -0.041106045200
907.857483000  8.100000000 -0.041101798400
907.882507000  8.100000000 -0.040945448000
907.907471000  8.100000000 -0.040638670300
907.932495000  8.100000000 -0.040185265200
907.957520000  8.100000000 -0.039588622700
907.982483000  8.100000000 -0.038851760300
908.007507000  8.100000000 -0.037977751300
908.032471000  8.100000000 -0.036968980000
908.057495000  8.100000000 -0.035828854900
908.082520000  8.100000000 -0.034559648500
908.107483000  8.100000000 -0.033166185000
908.132507000  8.100000000 -0.031653448900
908.157471000  8.100000000 -0.030030170500
908.182495000  8.100000000 -0.028307937100
908.207520000  8.100000000 -0.026501841800
908.232483000  8.100000000 -0.024629293000
908.257507000  8.100000000 -0.022711176400
908.282471000  8.100000000 -0.020768025900
908.307495000  8.100000000 -0.018823146800
908.332520000  8.100000000 -0.016901493100
908.357483000  8.100000000 -0.015025446200
908.382507000  8.100000000 -0.013219155400
908.407471000  8.100000000 -0.011505158600
908.432495000  8.100000000 -0.009904447940
908.457520000  8.100000000 -0.008438713850
908.482483000  8.100000000 -0.007127020510
908.507507000  8.100000000 -0.005987463520
908.532471000  8.100000000 -0.005035167560
908.557495000  8.100000000 -0.004281988370
908.582520000  8.100000000 -0.003738105300
908.607483000  8.100000000 -0.003411006180
908.632507000  8.100000000 -0.003306772560
908.657471000  8.100000000 -0.003429781650
908.682495000  8.100000000 -0.003782473500
908.707520000  8.100000000 -0.004367660730
908.732483000  8.100000000 -0.005184225740
908.757507000  8.100000000 -0.006232298910
908.782471000  8.100000000 -0.007506608960
908.807495000  8.100000000 -0.009005647150
908.832520000  8.100000000 -0.010722335400
908.857483000  8.100000000 -0.012650527100
908.882507000  8.100000000 -0.014779679500
908.907471000  8.100000000 -0.017096381600
908.932495000  8.100000000 -0.019587054800
908.957520000  8.100000000 -0.022234190300
908.982483000  8.100000000 -0.025021545600
909.007507000  8.100000000 -0.027930662000
909.032471000  8.100000000 -0.030942857300
909.057495000  8.100000000 -0.034035630500
909.082520000  8.100000000 -0.037189237800
909.107483000  8.100000000 -0.040378347000
909.132507000  8.100000000 -0.043578632200
909.157471000  8.100000000 -0.046762824100
909.182495000  8.100000000 -0.049902126200
909.207520000  8.100000000 -0.052968710700
909.232483000  8.100000000 -0.055933594700
909.257507000  8.100000000 -0.058771148300
909.282471000  8.100000000 -0.061458423700
909.307495000  8.100000000 -0.063972473100
909.332520000  8.100000000 -0.066291391800
909.357483000  8.100000000 -0.068392008500
909.382507000  8.100000000 -0.070251822500
909.407471000  8.100000000 -0.071847215300
909.432495000  8.100000000 -0.073159486100
909.457520000  8.100000000 -0.074169486800
909.482483000  8.100000000 -0.074862837800
909.507507000  8.100000000 -0.075224041900
909.532471000  8.100000000 -0.075239390100
909.557495000  8.100000000 -0.074897110500
909.582520000  8.100000000 -0.074185580000
909.607483000  8.100000000 -0.073095858100
909.632507000  8.100000000 -0.071619302000
909.657471000  8.100000000 -0.069752931600
909.682495000  8.100000000 -0.067493766500
909.707520000  8.100000000 -0.064844638100
909.732483000  8.100000000 -0.061808526500
909.757507000  8.100000000 -0.058391988300
909.782471000  8.100000000 -0.054602772000
909.807495000  8.100000000 -0.050450712400
909.832520000  8.100000000 -0.045948326600
909.857483000  8.100000000 -0.041108727500
909.882507000  8.100000000 -0.035949647400
909.907471000  8.100000000 -0.030488967900
909.932495000  8.100000000 -0.024744570300
909.957520000  8.100000000 -0.018740445400
909.982483000  8.100000000 -0.012499690100
910.007507000  8.100000000 -0.006047487260
910.032471000  8.100000000 0.000588595867
910.057495000  8.100000000 0.007381141190
910.082520000  8.100000000 0.014303922700
910.107483000  8.100000000 0.021326094900
910.132507000  8.100000000 0.028420537700
910.157471000  8.100000000 0.035553872600
910.182495000  8.100000000 0.042697489300
910.207520000  8.100000000 0.049818158100
910.232483000  8.100000000 0.056883543700
910.257507000  8.100000000 0.063860416400
910.282471000  8.100000000 0.070717483800
910.307495000  8.100000000 0.077421665200
910.332520000  8.100000000 0.083940923200
910.357483000  8.100000000 0.090245157500
910.382507000  8.100000000 0.096299201300
910.407471000  8.100000000 0.102076083000
910.432495000  8.100000000 0.107540488000
910.457520000  8.100000000 0.112666786000
910.482483000  8.100000000 0.117427409000
910.507507000  8.100000000 0.121802837000
910.532471000  8.100000000 0.125771910000
910.557495000  8.100000000 0.129318088000
910.582520000  8.100000000 0.132427663000
910.607483000  8.100000000 0.135087669000
910.632507000  8.100000000 0.137291878000
910.657471000  8.100000000 0.139035508000
910.682495000  8.100000000 0.140319034000
910.707520000  8.100000000 0.141145423000
910.732483000  8.100000000 0.141522884000
910.757507000  8.100000000 0.141460896000
910.782471000  8.100000000 0.140974477000
910.807495000  8.100000000 0.140079439000
910.832520000  8.100000000 0.138796046000
910.857483000  8.100000000 0.137145996000
910.882507000  8.100000000 0.135152191000
910.907471000  8.100000000 0.132838562000
910.932495000  8.100000000 0.130225867000
910.957520000  8.100000000 0.127335414000
910.982483000  8.100000000 0.124185309000
911.007507000  8.100000000 0.120794177000
911.032471000  8.100000000 0.117180794000
911.057495000  8.100000000 0.113360435000
911.082520000  8.100000000 0.109347850000
911.107483000  8.100000000 0.105155259000
911.132507000  8.100000000 0.100789964000
911.157471000  8.100000000 0.096263438500
911.182495000  8.100000000 0.091580301500
911.207520000  8.100000000 0.086749196100
911.232483000  8.100000000 0.081777721600
911.257507000  8.100000000 0.076675415000
911.282471000  8.100000000 0.071452856100
911.307495000  8.100000000 0.066121220600
911.332520000  8.100000000 0.060694515700
911.357483000  8.100000000 0.055185854400
911.382507000  8.100000000 0.049605965600
911.407471000  8.100000000 0.043966472100
911.432495000  8.100000000 0.038281083100
911.457520000  8.100000000 0.032562911500
911.482483000  8.100000000 0.026822090100
911.507507000  8.100000000 0.021078884600
911.532471000  8.100000000 0.015343427700
911.557495000  8.100000000 0.009632408620
911.582520000  8.100000000 0.003957152370
911.607483000  8.100000000 -0.001666843890
911.632507000  8.100000000 -0.007226467130
911.657471000  8.100000000 -0.012708306300
911.682495000  8.100000000 -0.018092691900
911.707520000  8.100000000 -0.023365616800
911.732483000  8.100000000 -0.028504729300
911.757507000  8.100000000 -0.033491551900
911.782471000  8.100000000 -0.038303434800
911.807495000  8.100000000 -0.042917132400
911.832520000  8.100000000 -0.047309100600
911.857483000  8.100000000 -0.051451623400
911.882507000  8.100000000 -0.055322051000
911.907471000  8.100000000 -0.058894753500
911.932495000  8.100000000 -0.062140822400
911.957520000  8.100000000 -0.065039396300
911.982483000  8.100000000 -0.067572146700
912.007507000  8.100000000 -0.069720745100
912.032471000  8.100000000 -0.071470588400
912.057495000  8.100000000 -0.072817504400
912.082520000  8.100000000 -0.073752999300
912.107483000  8.100000000 -0.074280202400
912.132507000  8.100000000 -0.074402242900
912.157471000  8.100000000 -0.074125975400
912.182495000  8.100000000 -0.073463767800
912.207520000  8.100000000 -0.072428137100
912.232483000  8.100000000 -0.071038007700
912.257507000  8.100000000 -0.069310069100
912.282471000  8.100000000 -0.067266821900
912.307495000  8.100000000 -0.064930021800
912.332520000  8.100000000 -0.062329173100
912.357483000  8.100000000 -0.059492141000
912.382507000  8.100000000 -0.056450814000
912.407471000  8.100000000 -0.053241103900
912.432495000  8.100000000 -0.049898028400
912.457520000  8.100000000 -0.046461895100
912.482483000  8.100000000 -0.042968466900
912.507507000  8.100000000 -0.039458274800
912.532471000  8.100000000 -0.035965815200
912.557495000  8.100000000 -0.032529979900
912.582520000  8.100000000 -0.029183551700
912.607483000  8.100000000 -0.025960058000
912.632507000  8.100000000 -0.022886320900
912.657471000  8.100000000 -0.019988417600
912.682495000  8.100000000 -0.017285719500
912.707520000  8.100000000 -0.014793574800
912.732483000  8.100000000 -0.012522414300
912.757507000  8.100000000 -0.010479316100
912.782471000  8.100000000 -0.008667930960
912.807495000  8.100000000 -0.007087960840
912.832520000  8.100000000 -0.005735829470
912.857483000  8.100000000 -0.004605650900
912.882507000  8.100000000 -0.003686696290
912.907471000  8.100000000 -0.002966448660
912.932495000  8.100000000 -0.002428740260
912.957520000  8.100000000 -0.002053752540
912.982483000  8.100000000 -0.001818984750
913.007507000  8.100000000 -0.001701712610
913.032471000  8.100000000 -0.001677945260
913.057495000  8.100000000 -0.001721307640
913.082520000  8.100000000 -0.001805275680
913.107483000  8.100000000 -0.001901313660
913.132507000  8.100000000 -0.001981183890
913.157471000  8.100000000 -0.002017393710
913.182495000  8.100000000 -0.001983791590
913.207520000  8.100000000 -0.001854896550
913.232483000  8.100000000 -0.001608952880
913.257507000  8.100000000 -0.001223236320
913.282471000  8.100000000 -0.000681579113
913.307495000  8.100000000 0.000031515956
913.332520000  8.100000000 0.000924915075
913.357483000  8.100000000 0.002004876730
913.382507000  8.100000000 0.003274828200
913.407471000  8.100000000 0.004733949900
913.432495000  8.100000000 0.006378814580
913.457520000  8.100000000 0.008202120660
913.482483000  8.100000000 0.010194256900
913.507507000  8.100000000 0.012340620200
913.532471000  8.100000000 0.014625415200
913.557495000  8.100000000 0.017028674500
913.582520000  8.100000000 0.019526258100
913.607483000  8.100000000 0.022091716500
913.632507000  8.100000000 0.024693682800
913.657471000  8.100000000 0.027300715400
913.682495000  8.100000000 0.029879584900
913.707520000  8.100000000 0.032398104700
913.732483000  8.100000000 0.034824609800
913.757507000  8.100000000 0.037126690100
913.782471000  8.100000000 0.039270073200
913.807495000  8.100000000 0.041218772500
913.832520000  8.100000000 0.042935237300
913.857483000  8.100000000 0.044381991000
913.882507000  8.100000000 0.045523792500
913.907471000  8.100000000 0.046328082700
913.932495000  8.100000000 0.046769082500
913.957520000  8.100000000 0.046823322800
913.982483000  8.100000000 0.046473592500
914.007507000  8.100000000 0.045707225800
914.032471000  8.100000000 0.044514685900
914.057495000  8.100000000 0.042896419800
914.082520000  8.100000000 0.040854513600
914.107483000  8.100000000 0.038398504300
914.132507000  8.100000000 0.035544633900
914.157471000  8.100000000 0.032314807200
914.182495000  8.100000000 0.028735846300
914.207520000  8.100000000 0.024840384700
914.232483000  8.100000000 0.020661801100
914.257507000  8.100000000 0.016237050300
914.282471000  8.100000000 0.011604279300
914.307495000  8.100000000 0.006801635030
914.332520000  8.100000000 0.001868307590
914.357483000  8.100000000 -0.003158748150
914.382507000  8.100000000 -0.008243173360
914.407471000  8.100000000 -0.013351440400
914.432495000  8.100000000 -0.018451213800
914.457520000  8.100000000 -0.023511797200
914.482483000  8.100000000 -0.028503984200
914.507507000  8.100000000 -0.033403486000
914.532471000  8.100000000 -0.038185864700
914.557495000  8.100000000 -0.042833536900
914.582520000  8.100000000 -0.047329217200
914.607483000  8.100000000 -0.051658898600
914.632507000  8.100000000 -0.055810362100
914.657471000  8.100000000 -0.059774965000
914.682495000  8.100000000 -0.063544660800
914.707520000  8.100000000 -0.067113637900
914.732483000  8.100000000 -0.070477277000
914.757507000  8.100000000 -0.073631778400
914.782471000  8.100000000 -0.076574534200
914.807495000  8.100000000 -0.079302936800
914.832520000  8.100000000 -0.081814304000
914.857483000  8.100000000 -0.084107071200
914.882507000  8.100000000 -0.086178854100
914.907471000  8.100000000 -0.088026821600
914.932495000  8.100000000 -0.089648664000
914.957520000  8.100000000 -0.091042518600
914.982483000  8.100000000 -0.092207789400
915.007507000  8.100000000 -0.093144759500
915.032471000  8.100000000 -0.093855410800
915.057495000  8.100000000 -0.094343356800
915.082520000  8.100000000 -0.094612352600
915.107483000  8.100000000 -0.094669826300
915.132507000  8.100000000 -0.094523370300
915.157471000  8.100000000 -0.094181373700
915.182495000  8.100000000 -0.093652233500
915.207520000  8.100000000 -0.092944465600
915.232483000  8.100000000 -0.092066526400
915.257507000  8.100000000 -0.091026574400
915.282471000  8.100000000 -0.089833363900
915.307495000  8.100000000 -0.088495090600
915.332520000  8.100000000 -0.087020024700
915.357483000  8.100000000 -0.085414797100
915.382507000  8.100000000 -0.083684027200
915.407471000  8.100000000 -0.081831365800
915.432495000  8.100000000 -0.079856813000
915.457520000  8.100000000 -0.077761560700
915.482483000  8.100000000 -0.075543075800
915.507507000  8.100000000 -0.073201209300
915.532471000  8.100000000 -0.070733726000
915.557495000  8.100000000 -0.068142265100
915.582520000  8.100000000 -0.065423697200
915.607483000  8.100000000 -0.062583535900
915.632507000  8.100000000 -0.059623718300
915.657471000  8.100000000 -0.056549459700
915.682495000  8.100000000 -0.053366720700
915.707520000  8.100000000 -0.050081461700
915.732483000  8.100000000 -0.046702325300
915.757507000  8.100000000 -0.043236315300
915.782471000  8.100000000 -0.039691776000
915.807495000  8.100000000 -0.036078691500
915.832520000  8.100000000 -0.032405555200
915.857483000  8.100000000 -0.028685331300
915.882507000  8.100000000 -0.024925023300
915.907471000  8.100000000 -0.021138191200
915.932495000  8.100000000 -0.017336458000
915.957520000  8.100000000 -0.013528615200
915.982483000  8.100000000 -0.009730458260
916.007507000  8.100000000 -0.005950480700
916.032471000  8.100000000 -0.002203583720
916.057495000  8.100000000 0.001503378150
916.082520000  8.100000000 0.005157887940
916.107483000  8.100000000 0.008754581210
916.132507000  8.100000000 0.012286454400
916.157471000  8.100000000 0.015752762600
916.182495000  8.100000000 0.019151866400
916.207520000  8.100000000 0.022487640400
916.232483000  8.100000000 0.025765001800
916.257507000  8.100000000 0.028987228900
916.282471000  8.100000000 0.032163262400
916.307495000  8.100000000 0.035296082500
916.332520000  8.100000000 0.038392394800
916.357483000  8.100000000 0.041455328500
916.382507000  8.100000000 0.044486075600
916.407471000  8.100000000 0.047483593200
916.432495000  8.100000000 0.050444155900
916.457520000  8.100000000 0.053360164200
916.482483000  8.100000000 0.056221485100
916.507507000  8.100000000 0.059018731100
916.532471000  8.100000000 0.061740130200
916.557495000  8.100000000 0.064373910400
916.582520000  8.100000000 0.066908001900
916.607483000  8.100000000 0.069330483700
916.632507000  8.100000000 0.071631074000
916.657471000  8.100000000 0.073799639900
916.682495000  8.100000000 0.075825601800
916.707520000  8.100000000 0.077701434500
916.732483000  8.100000000 0.079417899300
916.757507000  8.100000000 0.080965831900
916.782471000  8.100000000 0.082338228800
916.807495000  8.100000000 0.083526521900
916.832520000  8.100000000 0.084524452700
916.857483000  8.100000000 0.085326135200
916.882507000  8.100000000 0.085925236300
916.907471000  8.100000000 0.086319148500
916.932495000  8.100000000 0.086505375800
916.957520000  8.100000000 0.086485669000
916.982483000  8.100000000 0.086262583700
917.007507000  8.100000000 0.085839554700
917.032471000  8.100000000 0.085220843600
917.057495000  8.100000000 0.084409877700
917.082520000  8.100000000 0.083410710100
917.107483000  8.100000000 0.082226723400
917.132507000  8.100000000 0.080861657900
917.157471000  8.100000000 0.079318359500
917.182495000  8.100000000 0.077599920300
917.207520000  8.100000000 0.075708404200
917.232483000  8.100000000 0.073645748200
917.257507000  8.100000000 0.071413144500
917.282471000  8.100000000 0.069011896800
917.307495000  8.100000000 0.066443532700
917.332520000  8.100000000 0.063710659700
917.357483000  8.100000000 0.060816407200
917.382507000  8.100000000 0.057763904300
917.407471000  8.100000000 0.054555833300
917.432495000  8.100000000 0.051195845000
917.457520000  8.100000000 0.047686845100
917.482483000  8.100000000 0.044032931300
917.507507000  8.100000000 0.040238425100
917.532471000  8.100000000 0.036309212400
917.557495000  8.100000000 0.032253190900
917.582520000  8.100000000 0.028082728400
917.607483000  8.100000000 0.023810714500
917.632507000  8.100000000 0.019451975800
917.657471000  8.100000000 0.015022754700
917.682495000  8.100000000 0.010534822900
917.707520000  8.100000000 0.006005615000
917.732483000  8.100000000 0.001446902750
917.757507000  8.100000000 -0.003125369550
917.782471000  8.100000000 -0.007700175050
917.807495000  8.100000000 -0.012262910600
917.832520000  8.100000000 -0.016802549400
917.857483000  8.100000000 -0.021311044700
917.882507000  8.100000000 -0.025778263800
917.907471000  8.100000000 -0.030195713000
917.932495000  8.100000000 -0.034554153700
917.957520000  8.100000000 -0.038842409800
917.982483000  8.100000000 -0.043048188100
918.007507000  8.100000000 -0.047160685100
918.032471000  8.100000000 -0.051165819200
918.057495000  8.100000000 -0.055046901100
918.082520000  8.100000000 -0.058788135600
918.107483000  8.100000000 -0.062372759000
918.132507000  8.100000000 -0.065785497400
918.157471000  8.100000000 -0.069009810700
918.182495000  8.100000000 -0.072031989700
918.207520000  8.100000000 -0.074837580300
918.232483000  8.100000000 -0.077412277500
918.257507000  8.100000000 -0.079743973900
918.282471000  8.100000000 -0.081818401800
918.307495000  8.100000000 -0.083622098000
918.332520000  8.100000000 -0.085142046200
918.357483000  8.100000000 -0.086365163300
918.382507000  8.100000000 -0.087279215500
918.407471000  8.100000000 -0.087875433300
918.432495000  8.100000000 -0.088145971300
918.457520000  8.100000000 -0.088087692900
918.482483000  8.100000000 -0.087699279200
918.507507000  8.100000000 -0.086984559900
918.532471000  8.100000000 -0.085952244700
918.557495000  8.100000000 -0.084615014500
918.582520000  8.100000000 -0.082986876400
918.607483000  8.100000000 -0.081084072600
918.632507000  8.100000000 -0.078922510100
918.657471000  8.100000000 -0.076517239200
918.682495000  8.100000000 -0.073885098100
918.707520000  8.100000000 -0.071042403600
918.732483000  8.100000000 -0.068007558600
918.757507000  8.100000000 -0.064800307200
918.782471000  8.100000000 -0.061439126700
918.807495000  8.100000000 -0.057942718300
918.832520000  8.100000000 -0.054328441600
918.857483000  8.100000000 -0.050613731100
918.882507000  8.100000000 -0.046814531100
918.907471000  8.100000000 -0.042950660000
918.932495000  8.100000000 -0.039039254200
918.957520000  8.100000000 -0.035096108900
918.982483000  8.100000000 -0.031137168400
919.007507000  8.100000000 -0.027175247700
919.032471000  8.100000000 -0.023224949800
919.057495000  8.100000000 -0.019301027100
919.082520000  8.100000000 -0.015413612100
919.107483000  8.100000000 -0.011577606200
919.132507000  8.100000000 -0.007801055910
919.157471000  8.100000000 -0.004096627240
919.182495000  8.100000000 -0.000473707914
919.207520000  8.100000000 0.003056824210
919.232483000  8.100000000 0.006484687330
919.257507000  8.100000000 0.009799301620
919.282471000  8.100000000 0.012988597200
919.307495000  8.100000000 0.016042888200
919.332520000  8.100000000 0.018949359700
919.357483000  8.100000000 0.021698623900
919.382507000  8.100000000 0.024282336200
919.407471000  8.100000000 0.026692301000
919.432495000  8.100000000 0.028923302900
919.457520000  8.100000000 0.030971914500
919.482483000  8.100000000 0.032837837900
919.507507000  8.100000000 0.034523606300
919.532471000  8.100000000 0.036035776100
919.557495000  8.100000000 0.037383884200
919.582520000  8.100000000 0.038580447400
919.607483000  8.100000000 0.039639920000
919.632507000  8.100000000 0.040578246100
919.657471000  8.100000000 0.041413083700
919.682495000  8.100000000 0.042161643500
919.707520000  8.100000000 0.042839348300
919.732483000  8.100000000 0.043462365900
919.757507000  8.100000000 0.044042542600
919.782471000  8.100000000 0.044591054300
919.807495000  8.100000000 0.045115798700
919.832520000  8.100000000 0.045622736200
919.857483000  8.100000000 0.046116262700
919.882507000  8.100000000 0.046598315200
919.907471000  8.100000000 0.047068595900
919.932495000  8.100000000 0.047525167500
919.957520000  8.100000000 0.047962665600
919.982483000  8.100000000 0.048376098300
920.007507000  8.100000000 0.048759914900
920.032471000  8.100000000 0.049106925700
920.057495000  8.100000000 0.049410946700
920.082520000  8.100000000 0.049663446800
920.107483000  8.100000000 0.049854703200
920.132507000  8.100000000 0.049973093000
920.157471000  8.100000000 0.050006117700
920.182495000  8.100000000 0.049941055500
920.207520000  8.100000000 0.049766264900
920.232483000  8.100000000 0.049469925500
920.257507000  8.100000000 0.049042262100
920.282471000  8.100000000 0.048475876500
920.307495000  8.100000000 0.047766421000
920.332520000  8.100000000 0.046911086900
920.357483000  8.100000000 0.045908723000
920.382507000  8.100000000 0.044761270300
920.407471000  8.100000000 0.043469294900
920.432495000  8.100000000 0.042035207200
920.457520000  8.100000000 0.040461104400
920.482483000  8.100000000 0.038750562800
920.507507000  8.100000000 0.036905873600
920.532471000  8.100000000 0.034931302100
920.557495000  8.100000000 0.032831504900
920.582520000  8.100000000 0.030610412400
920.607483000  8.100000000 0.028272979000
920.632507000  8.100000000 0.025821887000
920.657471000  8.100000000 0.023261494900
920.682495000  8.100000000 0.020593777300
920.707520000  8.100000000 0.017821453500
920.732483000  8.100000000 0.014946423500
920.757507000  8.100000000 0.011970289100
920.782471000  8.100000000 0.008893162010
920.807495000  8.100000000 0.005715712900
920.832520000  8.100000000 0.002435483040
920.857483000  8.100000000 -0.000947192311
920.882507000  8.100000000 -0.004432275890
920.907471000  8.100000000 -0.008014999330
920.932495000  8.100000000 -0.011690072700
920.957520000  8.100000000 -0.015447214200
920.982483000  8.100000000 -0.019275434300
921.007507000  8.100000000 -0.023159235700
921.032471000  8.100000000 -0.027081258600
921.057495000  8.100000000 -0.031019561000
921.082520000  8.100000000 -0.034952536200
921.107483000  8.100000000 -0.038854554300
921.132507000  8.100000000 -0.042699910700
921.157471000  8.100000000 -0.046461839200
921.182495000  8.100000000 -0.050113759900
921.207520000  8.100000000 -0.053628627200
921.232483000  8.100000000 -0.056982711000
921.257507000  8.100000000 -0.060150805900
921.282471000  8.100000000 -0.063109442600
921.307495000  8.100000000 -0.065836489200
921.332520000  8.100000000 -0.068309590200
921.357483000  8.100000000 -0.070511959500
921.382507000  8.100000000 -0.072425589000
921.407471000  8.100000000 -0.074035525300
921.432495000  8.100000000 -0.075329393100
921.457520000  8.100000000 -0.076294094300
921.482483000  8.100000000 -0.076923370400
921.507507000  8.100000000 -0.077209919700
921.532471000  8.100000000 -0.077152326700
921.557495000  8.100000000 -0.076748877800
921.582520000  8.100000000 -0.076005309800
921.607483000  8.100000000 -0.074927657800
921.632507000  8.100000000 -0.073525756600
921.657471000  8.100000000 -0.071812495600
921.682495000  8.100000000 -0.069802925000
921.707520000  8.100000000 -0.067513510600
921.732483000  8.100000000 -0.064963772900
921.757507000  8.100000000 -0.062172263900
921.782471000  8.100000000 -0.059162527300
921.807495000  8.100000000 -0.055956095500
921.832520000  8.100000000 -0.052577257200
921.857483000  8.100000000 -0.049048513200
921.882507000  8.100000000 -0.045396834600
921.907471000  8.100000000 -0.041642487000
921.932495000  8.100000000 -0.037808567300
921.957520000  8.100000000 -0.033914148800
921.982483000  8.100000000 -0.029978156100
922.007507000  8.100000000 -0.026015788300
922.032471000  8.100000000 -0.022043734800
922.057495000  8.100000000 -0.018080174900
922.082520000  8.100000000 -0.014141798000
922.107483000  8.100000000 -0.010246485500
922.132507000  8.100000000 -0.006408095360
922.157471000  8.100000000 -0.002640336750
922.182495000  8.100000000 0.001044869420
922.207520000  8.100000000 0.004637092350
922.232483000  8.100000000 0.008124709130
922.257507000  8.100000000 0.011503398400
922.282471000  8.100000000 0.014769285900
922.307495000  8.100000000 0.017920583500
922.332520000  8.100000000 0.020961761500
922.357483000  8.100000000 0.023893564900
922.382507000  8.100000000 0.026719868200
922.407471000  8.100000000 0.029440373200
922.432495000  8.100000000 0.032055974000
922.457520000  8.100000000 0.034559965100
922.482483000  8.100000000 0.036949366300
922.507507000  8.100000000 0.039217174100
922.532471000  8.100000000 0.041359812000
922.557495000  8.100000000 0.043372213800
922.582520000  8.100000000 0.045254230500
922.607483000  8.100000000 0.047003179800
922.632507000  8.100000000 0.048619657800
922.657471000  8.100000000 0.050104260400
922.682495000  8.100000000 0.051457658400
922.707520000  8.100000000 0.052680671200
922.732483000  8.100000000 0.053774640000
922.757507000  8.100000000 0.054738596100
922.782471000  8.100000000 0.055572018000
922.807495000  8.100000000 0.056272298100
922.832520000  8.100000000 0.056838467700
922.857483000  8.100000000 0.057266503600
922.882507000  8.100000000 0.057555958600
922.907471000  8.100000000 0.057704970200
922.932495000  8.100000000 0.057715624600
922.957520000  8.100000000 0.057590603800
922.982483000  8.100000000 0.057335235200
923.007507000  8.100000000 0.056958049500
923.032471000  8.100000000 0.056468434600
923.057495000  8.100000000 0.055880546600
923.082520000  8.100000000 0.055208280700
923.107483000  8.100000000 0.054469239000
923.132507000  8.100000000 0.053680706800
923.157471000  8.100000000 0.052861068400
923.182495000  8.100000000 0.052027396900
923.207520000  8.100000000 0.051196254800
923.232483000  8.100000000 0.050382424100
923.257507000  8.100000000 0.049599055200
923.282471000  8.100000000 0.048857647900
923.307495000  8.100000000 0.048167888100
923.332520000  8.100000000 0.047538392200
923.357483000  8.100000000 0.046975333200
923.382507000  8.100000000 0.046482197900
923.407471000  8.100000000 0.046059060800
923.432495000  8.100000000 0.045702680900
923.457520000  8.100000000 0.045406930100
923.482483000  8.100000000 0.045164413800
923.507507000  8.100000000 0.044964365700
923.532471000  8.100000000 0.044796764900
923.557495000  8.100000000 0.044649168800
923.582520000  8.100000000 0.044510737100
923.607483000  8.100000000 0.044370666100
923.632507000  8.100000000 0.044218152800
923.657471000  8.100000000 0.044043064100
923.682495000  8.100000000 0.043834149800
923.707520000  8.100000000 0.043579936000
923.732483000  8.100000000 0.043270587900
923.757507000  8.100000000 0.042894780600
923.782471000  8.100000000 0.042441487300
923.807495000  8.100000000 0.041898936000
923.832520000  8.100000000 0.041253492200
923.857483000  8.100000000 0.040491148800
923.882507000  8.100000000 0.039599090800
923.907471000  8.100000000 0.038563758100
923.932495000  8.100000000 0.037373825900
923.957520000  8.100000000 0.036018937800
923.982483000  8.100000000 0.034490078700
924.007507000  8.100000000 0.032777339200
924.032471000  8.100000000 0.030872523800
924.057495000  8.100000000 0.028769224900
924.082520000  8.100000000 0.026461929100
924.107483000  8.100000000 0.023950040300
924.132507000  8.100000000 0.021234899800
924.157471000  8.100000000 0.018320828700
924.182495000  8.100000000 0.015214085600
924.207520000  8.100000000 0.011923611200
924.232483000  8.100000000 0.008457154040
924.257507000  8.100000000 0.004826486110
924.282471000  8.100000000 0.001044422390
924.307495000  8.100000000 -0.002873241900
924.332520000  8.100000000 -0.006908327340
924.357483000  8.100000000 -0.011044144600
924.382507000  8.100000000 -0.015261620300
924.407471000  8.100000000 -0.019541680800
924.432495000  8.100000000 -0.023861527400
924.457520000  8.100000000 -0.028198212400
924.482483000  8.100000000 -0.032529085900
924.507507000  8.100000000 -0.036829114000
924.532471000  8.100000000 -0.041074752800
924.557495000  8.100000000 -0.045241043000
924.582520000  8.100000000 -0.049304813100
924.607483000  8.100000000 -0.053242147000
924.632507000  8.100000000 -0.057031065200
924.657471000  8.100000000 -0.060648843600
924.682495000  8.100000000 -0.064074024600
924.707520000  8.100000000 -0.067284181700
924.732483000  8.100000000 -0.070257484900
924.757507000  8.100000000 -0.072971954900
924.782471000  8.100000000 -0.075405836100
924.807495000  8.100000000 -0.077539868700
924.832520000  8.100000000 -0.079356543700
924.857483000  8.100000000 -0.080840997400
924.882507000  8.100000000 -0.081980712700
924.907471000  8.100000000 -0.082765907000
924.932495000  8.100000000 -0.083190873300
924.957520000  8.100000000 -0.083250701400
924.982483000  8.100000000 -0.082944765700
925.007507000  8.100000000 -0.082274600900
925.032471000  8.100000000 -0.081244364400
925.057495000  8.100000000 -0.079860471200
925.082520000  8.100000000 -0.078130647500
925.107483000  8.100000000 -0.076063633000
925.132507000  8.100000000 -0.073668174400
925.157471000  8.100000000 -0.070953331900
925.182495000  8.100000000 -0.067928694200
925.207520000  8.100000000 -0.064605809700
925.232483000  8.100000000 -0.060999393500
925.257507000  8.100000000 -0.057128667800
925.282471000  8.100000000 -0.053016021800
925.307495000  8.100000000 -0.048685297400
925.332520000  8.100000000 -0.044160336300
925.357483000  8.100000000 -0.039465799900
925.382507000  8.100000000 -0.034625381200
925.407471000  8.100000000 -0.029665678700
925.432495000  8.100000000 -0.024613961600
925.457520000  8.100000000 -0.019499808500
925.482483000  8.100000000 -0.014351904400
925.507507000  8.100000000 -0.009200647470
925.532471000  8.100000000 -0.004075616600
925.557495000  8.100000000 0.000994205475
925.582520000  8.100000000 0.005980134010
925.607483000  8.100000000 0.010857954600
925.632507000  8.100000000 0.015603154900
925.657471000  8.100000000 0.020194202700
925.682495000  8.100000000 0.024610608800
925.707520000  8.100000000 0.028831586200
925.732483000  8.100000000 0.032840967200
925.757507000  8.100000000 0.036621317300
925.782471000  8.100000000 0.040158629400
925.807495000  8.100000000 0.043439194600
925.832520000  8.100000000 0.046452879900
925.857483000  8.100000000 0.049191340800
925.882507000  8.100000000 0.051648989300
925.907471000  8.100000000 0.053822174700
925.932495000  8.100000000 0.055709593000
925.957520000  8.100000000 0.057310983500
925.982483000  8.100000000 0.058628283400
926.007507000  8.100000000 0.059665814000
926.032471000  8.100000000 0.060429573100
926.057495000  8.100000000 0.060926694400
926.082520000  8.100000000 0.061165858100
926.107483000  8.100000000 0.061155855700
926.132507000  8.100000000 0.060905814200
926.157471000  8.100000000 0.060427352800
926.182495000  8.100000000 0.059731237600
926.207520000  8.100000000 0.058831311800
926.232483000  8.100000000 0.057740703200
926.257507000  8.100000000 0.056476026800
926.282471000  8.100000000 0.055052433200
926.307495000  8.100000000 0.053489431700
926.332520000  8.100000000 0.051806122100
926.357483000  8.100000000 0.050024278500
926.382507000  8.100000000 0.048163905700
926.407471000  8.100000000 0.046247765400
926.432495000  8.100000000 0.044293738900
926.457520000  8.100000000 0.042321384000
926.482483000  8.100000000 0.040347836900
926.507507000  8.100000000 0.038387998900
926.532471000  8.100000000 0.036456212400
926.557495000  8.100000000 0.034563466900
926.582520000  8.100000000 0.032717436600
926.607483000  8.100000000 0.030923411300
926.632507000  8.100000000 0.029183775200
926.657471000  8.100000000 0.027498602900
926.682495000  8.100000000 0.025865733600
926.707520000  8.100000000 0.024282336200
926.732483000  8.100000000 0.022743344300
926.757507000  8.100000000 0.021243393400
926.782471000  8.100000000 0.019773691900
926.807495000  8.100000000 0.018323957900
926.832520000  8.100000000 0.016885697800
926.857483000  8.100000000 0.015445947600
926.882507000  8.100000000 0.013994947100
926.907471000  8.100000000 0.012521371200
926.932495000  8.100000000 0.011013671800
926.957520000  8.100000000 0.009459406140
926.982483000  8.100000000 0.007847100500
927.007507000  8.100000000 0.006165206430
927.032471000  8.100000000 0.004405900840
927.057495000  8.100000000 0.002561062570
927.082520000  8.100000000 0.000627040863
927.107483000  8.100000000 -0.001399144530
927.132507000  8.100000000 -0.003519058230
927.157471000  8.100000000 -0.005731359120
927.182495000  8.100000000 -0.008031204340
927.207520000  8.100000000 -0.010412484400
927.232483000  8.100000000 -0.012866407600
927.257507000  8.100000000 -0.015382543200
927.282471000  8.100000000 -0.017948821200
927.307495000  8.100000000 -0.020551383500
927.332520000  8.100000000 -0.023175627000
927.357483000  8.100000000 -0.025805160400
927.382507000  8.100000000 -0.028424039500
927.407471000  8.100000000 -0.031014904400
927.432495000  8.100000000 -0.033559352200
927.457520000  8.100000000 -0.036038905400
927.482483000  8.100000000 -0.038433224000
927.507507000  8.100000000 -0.040722191300
927.532471000  8.100000000 -0.042885914400
927.557495000  8.100000000 -0.044904872800
927.582520000  8.100000000 -0.046761371200
927.607483000  8.100000000 -0.048438236100
927.632507000  8.100000000 -0.049919299800
927.657471000  8.100000000 -0.051189549300
927.682495000  8.100000000 -0.052235983300
927.707520000  8.100000000 -0.053045377100
927.732483000  8.100000000 -0.053606890100
927.757507000  8.100000000 -0.053909476800
927.782471000  8.100000000 -0.053944233800
927.807495000  8.100000000 -0.053704287900
927.832520000  8.100000000 -0.053186733300
927.857483000  8.100000000 -0.052393078800
927.882507000  8.100000000 -0.051328204600
927.907471000  8.100000000 -0.050000887400
927.932495000  8.100000000 -0.048423036900
927.957520000  8.100000000 -0.046609174500
927.982483000  8.100000000 -0.044576022800
928.007507000  8.100000000 -0.042342040700
928.032471000  8.100000000 -0.039925612500
928.057495000  8.100000000 -0.037347171500
928.082520000  8.100000000 -0.034626163500
928.107483000  8.100000000 -0.031783357300
928.132507000  8.100000000 -0.028838887800
928.157471000  8.100000000 -0.025813579600
928.182495000  8.100000000 -0.022727884400
928.207520000  8.100000000 -0.019601844300
928.232483000  8.100000000 -0.016454905300
928.257507000  8.100000000 -0.013308376100
928.282471000  8.100000000 -0.010183602600
928.307495000  8.100000000 -0.007102675740
928.332520000  8.100000000 -0.004089213910
928.357483000  8.100000000 -0.001167356970
928.382507000  8.100000000 0.001640282570
928.407471000  8.100000000 0.004310868680
928.432495000  8.100000000 0.006824396550
928.457520000  8.100000000 0.009161643680
928.482483000  8.100000000 0.011305138500
928.507507000  8.100000000 0.013237334800
928.532471000  8.100000000 0.014944970600
928.557495000  8.100000000 0.016415044700
928.582520000  8.100000000 0.017638877000
928.607483000  8.100000000 0.018611513100
928.632507000  8.100000000 0.019330494100
928.657471000  8.100000000 0.019798502300
928.682495000  8.100000000 0.020022168800
928.707520000  8.100000000 0.020009391000
928.732483000  8.100000000 0.019769445100
928.757507000  8.100000000 0.019313395000
928.782471000  8.100000000 0.018652901100
928.807495000  8.100000000 0.017802286900
928.832520000  8.100000000 0.016777198800
928.857483000  8.100000000 0.015590619300
928.882507000  8.100000000 0.014254599800
928.907471000  8.100000000 0.012777596700
928.932495000  8.100000000 0.011168550700
928.957520000  8.100000000 0.009434688840
928.982483000  8.100000000 0.007586069410
929.007507000  8.100000000 0.005632769320
929.032471000  8.100000000 0.003584381190
929.057495000  8.100000000 0.001451782880
929.082520000  8.100000000 -0.000755656511
929.107483000  8.100000000 -0.003028232600
929.132507000  8.100000000 -0.005358420310
929.157471000  8.100000000 -0.007738471030
929.182495000  8.100000000 -0.010161064600
929.207520000  8.100000000 -0.012619867900
929.232483000  8.100000000 -0.015109665700
929.257507000  8.100000000 -0.017626546300
929.282471000  8.100000000 -0.020165797300
929.307495000  8.100000000 -0.022724438500
929.332520000  8.100000000 -0.025298129800
929.357483000  8.100000000 -0.027883090100
929.382507000  8.100000000 -0.030473657000
929.407471000  8.100000000 -0.033063367000
929.432495000  8.100000000 -0.035643242300
929.457520000  8.100000000 -0.038202107000
929.482483000  8.100000000 -0.040726847900
929.507507000  8.100000000 -0.043201558300
929.532471000  8.100000000 -0.045608505600
929.557495000  8.100000000 -0.047928281100
929.582520000  8.100000000 -0.050139278200
929.607483000  8.100000000 -0.052219703800
929.632507000  8.100000000 -0.054148137600
929.657471000  8.100000000 -0.055903717900
929.682495000  8.100000000 -0.057466551700
929.707520000  8.100000000 -0.058819055600
929.732483000  8.100000000 -0.059943869700
929.757507000  8.100000000 -0.060826465500
929.782471000  8.100000000 -0.061454772900
929.807495000  8.100000000 -0.061820447400
929.832520000  8.100000000 -0.061918422600
929.857483000  8.100000000 -0.061748325800
929.882507000  8.100000000 -0.061315149100
929.907471000  8.100000000 -0.060630142700
929.932495000  8.100000000 -0.059705078600
929.957520000  8.100000000 -0.058556348100
929.982483000  8.100000000 -0.057202577600
930.007507000  8.100000000 -0.055663138600
930.032471000  8.100000000 -0.053961277000
930.057495000  8.100000000 -0.052114576100
930.082520000  8.100000000 -0.050141811400
930.107483000  8.100000000 -0.048061311200
930.132507000  8.100000000 -0.045886784800
930.157471000  8.100000000 -0.043634474300
930.182495000  8.100000000 -0.041312128300
930.207520000  8.100000000 -0.038931220800
930.232483000  8.100000000 -0.036494284900
930.257507000  8.100000000 -0.034004747900
930.282471000  8.100000000 -0.031462609800
930.307495000  8.100000000 -0.028869062700
930.332520000  8.100000000 -0.026221722400
930.357483000  8.100000000 -0.023519098800
930.382507000  8.100000000 -0.020759552700
930.407471000  8.100000000 -0.017942935200
930.432495000  8.100000000 -0.015070438400
930.457520000  8.100000000 -0.012142807200
930.482483000  8.100000000 -0.009164810180
930.507507000  8.100000000 -0.006142258640
930.532471000  8.100000000 -0.003084391360
930.557495000  8.100000000 0.000000149012
930.582520000  8.100000000 0.003095865250
930.607483000  8.100000000 0.006191879510
930.632507000  8.100000000 0.009272396560
930.657471000  8.100000000 0.012321621200
930.682495000  8.100000000 0.015323013100
930.707520000  8.100000000 0.018260330000
930.732483000  8.100000000 0.021112859200
930.757507000  8.100000000 0.023866593800
930.782471000  8.100000000 0.026500225100
930.807495000  8.100000000 0.028998851800
930.832520000  8.100000000 0.031346529700
930.857483000  8.100000000 0.033526867600
930.882507000  8.100000000 0.035528838600
930.907471000  8.100000000 0.037342757000
930.932495000  8.100000000 0.038962960200
930.957520000  8.100000000 0.040383637000
930.982483000  8.100000000 0.041604489100
931.007507000  8.100000000 0.042623728500
931.032471000  8.100000000 0.043441951300
931.057495000  8.100000000 0.044062137600
931.082520000  8.100000000 0.044487565800
931.107483000  8.100000000 0.044728964600
931.132507000  8.100000000 0.044796317800
931.157471000  8.100000000 0.044705718800
931.182495000  8.100000000 0.044473260600
931.207520000  8.100000000 0.044115781800
931.232483000  8.100000000 0.043648481400
931.257507000  8.100000000 0.043091327000
931.282471000  8.100000000 0.042458772700
931.307495000  8.100000000 0.041769444900
931.332520000  8.100000000 0.041040629100
931.357483000  8.100000000 0.040288418500
931.382507000  8.100000000 0.039529502400
931.407471000  8.100000000 0.038776025200
931.432495000  8.100000000 0.038039088200
931.457520000  8.100000000 0.037325322600
931.482483000  8.100000000 0.036637857600
931.507507000  8.100000000 0.035977363600
931.532471000  8.100000000 0.035347864000
931.557495000  8.100000000 0.034753531200
931.582520000  8.100000000 0.034200102100
931.607483000  8.100000000 0.033693388100
931.632507000  8.100000000 0.033241659400
931.657471000  8.100000000 0.032850056900
931.682495000  8.100000000 0.032525509600
931.707520000  8.100000000 0.032271295800
931.732483000  8.100000000 0.032090023200
931.757507000  8.100000000 0.031982660300
931.782471000  8.100000000 0.031946301500
931.807495000  8.100000000 0.031980350600
931.832520000  8.100000000 0.032080896200
931.857483000  8.100000000 0.032243728600
931.882507000  8.100000000 0.032464638400
931.907471000  8.100000000 0.032738186400
931.932495000  8.100000000 0.033057443800
931.957520000  8.100000000 0.033419653800
931.982483000  8.100000000 0.033820159700
932.007507000  8.100000000 0.034258589100
932.032471000  8.100000000 0.034735463600
932.057495000  8.100000000 0.035252831900
932.082520000  8.100000000 0.035814121400
932.107483000  8.100000000 0.036424640600
932.132507000  8.100000000 0.037089008800
932.157471000  8.100000000 0.037814043500
932.182495000  8.100000000 0.038607090700
932.207520000  8.100000000 0.039474040300
932.232483000  8.100000000 0.040421467300
932.257507000  8.100000000 0.041451163600
932.282471000  8.100000000 0.042566619800
932.307495000  8.100000000 0.043767459700
932.332520000  8.100000000 0.045053094600
932.357483000  8.100000000 0.046422004700
932.382507000  8.100000000 0.047871321400
932.407471000  8.100000000 0.049398057200
932.432495000  8.100000000 0.050997659600
932.457520000  8.100000000 0.052663981900
932.482483000  8.100000000 0.054387487500
932.507507000  8.100000000 0.056155137700
932.532471000  8.100000000 0.057952292300
932.557495000  8.100000000 0.059761554000
932.582520000  8.100000000 0.061562620100
932.607483000  8.100000000 0.063330978200
932.632507000  8.100000000 0.065040290400
932.657471000  8.100000000 0.066659152500
932.682495000  8.100000000 0.068155378100
932.707520000  8.100000000 0.069495588500
932.732483000  8.100000000 0.070645958200
932.757507000  8.100000000 0.071572363400
932.782471000  8.100000000 0.072241276500
932.807495000  8.100000000 0.072616115200
932.832520000  8.100000000 0.072662085300
932.857483000  8.100000000 0.072346627700
932.882507000  8.100000000 0.071641951800
932.907471000  8.100000000 0.070523917700
932.932495000  8.100000000 0.068974196900
932.957520000  8.100000000 0.066979676500
932.982483000  8.100000000 0.064534097900
933.007507000  8.100000000 0.061638802300
933.032471000  8.100000000 0.058299899100
933.057495000  8.100000000 0.054529905300
933.082520000  8.100000000 0.050347447400
933.107483000  8.100000000 0.045777559300
933.132507000  8.100000000 0.040850043300
933.157471000  8.100000000 0.035600811200
933.182495000  8.100000000 0.030070990300
933.207520000  8.100000000 0.024304986000
933.232483000  8.100000000 0.018352121100
933.257507000  8.100000000 0.012263059600
933.282471000  8.100000000 0.006090253590
933.307495000  8.100000000 -0.000114589930
933.332520000  8.100000000 -0.006300061940
933.357483000  8.100000000 -0.012418031700
933.382507000  8.100000000 -0.018422752600
933.407471000  8.100000000 -0.024270713300
933.432495000  8.100000000 -0.029918849500
933.457520000  8.100000000 -0.035326927900
933.482483000  8.100000000 -0.040456205600
933.507507000  8.100000000 -0.045271813900
933.532471000  8.100000000 -0.049740374100
933.557495000  8.100000000 -0.053833574100
933.582520000  8.100000000 -0.057523250600
933.607483000  8.100000000 -0.060788691000
933.632507000  8.100000000 -0.063611716000
933.657471000  8.100000000 -0.065981298700
933.682495000  8.100000000 -0.067886114100
933.707520000  8.100000000 -0.069319009800
933.732483000  8.100000000 -0.070273876200
933.757507000  8.100000000 -0.070748329200
933.782471000  8.100000000 -0.070747584100
933.807495000  8.100000000 -0.070280358200
933.832520000  8.100000000 -0.069361180100
933.857483000  8.100000000 -0.068007558600
933.882507000  8.100000000 -0.066240206400
933.907471000  8.100000000 -0.064079687000
933.932495000  8.100000000 -0.061549991400
933.957520000  8.100000000 -0.058674588800
933.982483000  8.100000000 -0.055482462000
934.007507000  8.100000000 -0.052006021100
934.032471000  8.100000000 -0.048281177900
934.057495000  8.100000000 -0.044346004700
934.082520000  8.100000000 -0.040239952500
934.107483000  8.100000000 -0.036003068100
934.132507000  8.100000000 -0.031676814000
934.157471000  8.100000000 -0.027303323100
934.182495000  8.100000000 -0.022923834600
934.207520000  8.100000000 -0.018578171700
934.232483000  8.100000000 -0.014304481400
934.257507000  8.100000000 -0.010139197100
934.282471000  8.100000000 -0.006114877760
934.307495000  8.100000000 -0.002260617910
934.332520000  8.100000000 0.001400485630
934.357483000  8.100000000 0.004851259290
934.382507000  8.100000000 0.008078813550
934.407471000  8.100000000 0.011074468500
934.432495000  8.100000000 0.013834089000
934.457520000  8.100000000 0.016357973200
934.482483000  8.100000000 0.018648169900
934.507507000  8.100000000 0.020710751400
934.532471000  8.100000000 0.022550597800
934.557495000  8.100000000 0.024174526300
934.582520000  8.100000000 0.025588721000
934.607483000  8.100000000 0.026802234400
934.632507000  8.100000000 0.027826651900
934.657471000  8.100000000 0.028677731800
934.682495000  8.100000000 0.029374137500
934.707520000  8.100000000 0.029934495700
934.732483000  8.100000000 0.030381232500
934.757507000  8.100000000 0.030735209600
934.782471000  8.100000000 0.031020790300
934.807495000  8.100000000 0.031262487200
934.832520000  8.100000000 0.031488314300
934.857483000  8.100000000 0.031726434800
934.882507000  8.100000000 0.032004341500
934.907471000  8.100000000 0.032346174100
934.932495000  8.100000000 0.032772123800
934.957520000  8.100000000 0.033297762300
934.982483000  8.100000000 0.033933967400
935.007507000  8.100000000 0.034688860200
935.032471000  8.100000000 0.035566315100
935.057495000  8.100000000 0.036567226100
935.082520000  8.100000000 0.037686303300
935.107483000  8.100000000 0.038918629300
935.132507000  8.100000000 0.040254890900
935.157471000  8.100000000 0.041682422200
935.182495000  8.100000000 0.043188035500
935.207520000  8.100000000 0.044753700500
935.232483000  8.100000000 0.046362280800
935.257507000  8.100000000 0.047995895100
935.282471000  8.100000000 0.049638599200
935.307495000  8.100000000 0.051272809500
935.332520000  8.100000000 0.052882432900
935.357483000  8.100000000 0.054450482100
935.382507000  8.100000000 0.055962503000
935.407471000  8.100000000 0.057403445200
935.432495000  8.100000000 0.058759003900
935.457520000  8.100000000 0.060018152000
935.482483000  8.100000000 0.061170160800
935.507507000  8.100000000 0.062204897400
935.532471000  8.100000000 0.063111782100
935.557495000  8.100000000 0.063882023100
935.582520000  8.100000000 0.064507126800
935.607483000  8.100000000 0.064980536700
935.632507000  8.100000000 0.065299719600
935.657471000  8.100000000 0.065461248200
935.682495000  8.100000000 0.065463781400
935.707520000  8.100000000 0.065308809300
935.732483000  8.100000000 0.064999461200
935.757507000  8.100000000 0.064535141000
935.782471000  8.100000000 0.063924193400
935.807495000  8.100000000 0.063172876800
935.832520000  8.100000000 0.062288343900
935.857483000  8.100000000 0.061279833300
935.882507000  8.100000000 0.060156285800
935.907471000  8.100000000 0.058924853800
935.932495000  8.100000000 0.057588517700
935.957520000  8.100000000 0.056155324000
935.982483000  8.100000000 0.054623186600
936.007507000  8.100000000 0.052993297600
936.032471000  8.100000000 0.051263570800
936.057495000  8.100000000 0.049428939800
936.082520000  8.100000000 0.047488212600
936.107483000  8.100000000 0.045432150400
936.132507000  8.100000000 0.043259859100
936.157471000  8.100000000 0.040968060500
936.182495000  8.100000000 0.038549304000
936.207520000  8.100000000 0.036003291600
936.232483000  8.100000000 0.033324658900
936.257507000  8.100000000 0.030507445300
936.282471000  8.100000000 0.027552545100
936.307495000  8.100000000 0.024454593700
936.332520000  8.100000000 0.021214783200
936.357483000  8.100000000 0.017829835400
936.382507000  8.100000000 0.014302432500
936.407471000  8.100000000 0.010631084400
936.432495000  8.100000000 0.006814301010
936.457520000  8.100000000 0.002853572370
936.482483000  8.100000000 -0.001250505450
936.507507000  8.100000000 -0.005491077900
936.532471000  8.100000000 -0.009866356850
936.557495000  8.100000000 -0.014364421400
936.582520000  8.100000000 -0.018975138700
936.607483000  8.100000000 -0.023681521400
936.632507000  8.100000000 -0.028468668500
936.657471000  8.100000000 -0.033318698400
936.682495000  8.100000000 -0.038209855600
936.707520000  8.100000000 -0.043119788200
936.732483000  8.100000000 -0.048023164300
936.757507000  8.100000000 -0.052894949900
936.782471000  8.100000000 -0.057705044700
936.807495000  8.100000000 -0.062424540500
936.832520000  8.100000000 -0.067026615100
936.857483000  8.100000000 -0.071481168300
936.882507000  8.100000000 -0.075762867900
936.907471000  8.100000000 -0.079848766300
936.932495000  8.100000000 -0.083717107800
936.957520000  8.100000000 -0.087347030600
936.982483000  8.100000000 -0.090719759500
937.007507000  8.100000000 -0.093822479200
937.032471000  8.100000000 -0.096636116500
937.057495000  8.100000000 -0.099151730500
937.082520000  8.100000000 -0.101355761000
937.107483000  8.100000000 -0.103237033000
937.132507000  8.100000000 -0.104790926000
937.157471000  8.100000000 -0.106008798000
937.182495000  8.100000000 -0.106889904000
937.207520000  8.100000000 -0.107431710000
937.232483000  8.100000000 -0.107633621000
937.257507000  8.100000000 -0.107498318000
937.282471000  8.100000000 -0.107024163000
937.307495000  8.100000000 -0.106215924000
937.332520000  8.100000000 -0.105078667000
937.357483000  8.100000000 -0.103617758000
937.382507000  8.100000000 -0.101841316000
937.407471000  8.100000000 -0.099760517500
937.432495000  8.100000000 -0.097383186200
937.457520000  8.100000000 -0.094721466300
937.482483000  8.100000000 -0.091786459100
937.507507000  8.100000000 -0.088594853900
937.532471000  8.100000000 -0.085159912700
937.557495000  8.100000000 -0.081501081600
937.582520000  8.100000000 -0.077631846100
937.607483000  8.100000000 -0.073570311100
937.632507000  8.100000000 -0.069333836400
937.657471000  8.100000000 -0.064943000700
937.682495000  8.100000000 -0.060421023500
937.707520000  8.100000000 -0.055790562200
937.732483000  8.100000000 -0.051075182900
937.757507000  8.100000000 -0.046296585400
937.782471000  8.100000000 -0.041476678100
937.807495000  8.100000000 -0.036635167900
937.832520000  8.100000000 -0.031791158000
937.857483000  8.100000000 -0.026963314000
937.882507000  8.100000000 -0.022170100400
937.907471000  8.100000000 -0.017430413500
937.932495000  8.100000000 -0.012762732800
937.957520000  8.100000000 -0.008184937760
937.982483000  8.100000000 -0.003713872280
938.007507000  8.100000000 0.000633895397
938.032471000  8.100000000 0.004843520000
938.057495000  8.100000000 0.008903183040
938.082520000  8.100000000 0.012798802900
938.107483000  8.100000000 0.016520641700
938.132507000  8.100000000 0.020059142300
938.157471000  8.100000000 0.023404706300
938.182495000  8.100000000 0.026551503700
938.207520000  8.100000000 0.029492810400
938.232483000  8.100000000 0.032224215600
938.257507000  8.100000000 0.034736655700
938.282471000  8.100000000 0.037022188300
938.307495000  8.100000000 0.039068006000
938.332520000  8.100000000 0.040859133000
938.357483000  8.100000000 0.042386539300
938.382507000  8.100000000 0.043640267100
938.407471000  8.100000000 0.044614728500
938.432495000  8.100000000 0.045311600000
938.457520000  8.100000000 0.045727863900
938.482483000  8.100000000 0.045863576200
938.507507000  8.100000000 0.045720450600
938.532471000  8.100000000 0.045304149400
938.557495000  8.100000000 0.044622607500
938.582520000  8.100000000 0.043691955500
938.607483000  8.100000000 0.042527020000
938.632507000  8.100000000 0.041144788300
938.657471000  8.100000000 0.039562881000
938.682495000  8.100000000 0.037803202900
938.707520000  8.100000000 0.035885721400
938.732483000  8.100000000 0.033831298400
938.757507000  8.100000000 0.031655207300
938.782471000  8.100000000 0.029376596200
938.807495000  8.100000000 0.027009919300
938.832520000  8.100000000 0.024574622500
938.857483000  8.100000000 0.022084116900
938.882507000  8.100000000 0.019554495800
938.907471000  8.100000000 0.016998872200
938.932495000  8.100000000 0.014428570900
938.957520000  8.100000000 0.011855885400
938.982483000  8.100000000 0.009291768070
939.007507000  8.100000000 0.006747096780
939.032471000  8.100000000 0.004228353500
939.057495000  8.100000000 0.001740530130
939.082520000  8.100000000 -0.000714436173
939.107483000  8.100000000 -0.003136992450
939.132507000  8.100000000 -0.005527287720
939.157471000  8.100000000 -0.007881745700
939.182495000  8.100000000 -0.010200887900
939.207520000  8.100000000 -0.012483820300
939.232483000  8.100000000 -0.014733523100
939.257507000  8.100000000 -0.016953647100
939.282471000  8.100000000 -0.019150972400
939.307495000  8.100000000 -0.021329373100
939.332520000  8.100000000 -0.023495033400
939.357483000  8.100000000 -0.025653690100
939.382507000  8.100000000 -0.027805939300
939.407471000  8.100000000 -0.029954910300
939.432495000  8.100000000 -0.032103434200
939.457520000  8.100000000 -0.034253373700
939.482483000  8.100000000 -0.036407932600
939.507507000  8.100000000 -0.038570463700
939.532471000  8.100000000 -0.040742084400
939.557495000  8.100000000 -0.042925626000
939.582520000  8.100000000 -0.045118629900
939.607483000  8.100000000 -0.047323368500
939.632507000  8.100000000 -0.049537643800
939.657471000  8.100000000 -0.051755234600
939.682495000  8.100000000 -0.053971335300
939.707520000  8.100000000 -0.056176036600
939.732483000  8.100000000 -0.058363042800
939.757507000  8.100000000 -0.060522425900
939.782471000  8.100000000 -0.062643751500
939.807495000  8.100000000 -0.064718753100
939.832520000  8.100000000 -0.066736228800
939.857483000  8.100000000 -0.068688310700
939.882507000  8.100000000 -0.070565909100
939.907471000  8.100000000 -0.072361782200
939.932495000  8.100000000 -0.074068158900
939.957520000  8.100000000 -0.075675711000
939.982483000  8.100000000 -0.077175200000
940.007507000  8.100000000 -0.078557618000
940.032471000  8.100000000 -0.079812593800
940.057495000  8.100000000 -0.080933310100
940.082520000  8.100000000 -0.081908553800
940.107483000  8.100000000 -0.082731097900
940.132507000  8.100000000 -0.083390548800
940.157471000  8.100000000 -0.083876326700
940.182495000  8.100000000 -0.084176734100
940.207520000  8.100000000 -0.084277167900
940.232483000  8.100000000 -0.084163695600
940.257507000  8.100000000 -0.083823725600
940.282471000  8.100000000 -0.083242803800
940.307495000  8.100000000 -0.082410872000
940.332520000  8.100000000 -0.081314891600
940.357483000  8.100000000 -0.079945176800
940.382507000  8.100000000 -0.078293830200
940.407471000  8.100000000 -0.076353997000
940.432495000  8.100000000 -0.074124783300
940.457520000  8.100000000 -0.071609318300
940.482483000  8.100000000 -0.068814307500
940.507507000  8.100000000 -0.065753608900
940.532471000  8.100000000 -0.062443614000
940.557495000  8.100000000 -0.058903992200
940.582520000  8.100000000 -0.055155307100
940.607483000  8.100000000 -0.051221996500
940.632507000  8.100000000 -0.047128349500
940.657471000  8.100000000 -0.042899102000
940.682495000  8.100000000 -0.038561672000
940.707520000  8.100000000 -0.034141689500
940.732483000  8.100000000 -0.029664784700
940.757507000  8.100000000 -0.025153309100
940.782471000  8.100000000 -0.020634532000
940.807495000  8.100000000 -0.016131103000
940.832520000  8.100000000 -0.011665523100
940.857483000  8.100000000 -0.007259547710
940.882507000  8.100000000 -0.002931654450
940.907471000  8.100000000 0.001295208930
940.932495000  8.100000000 0.005401670930
940.957520000  8.100000000 0.009367465970
940.982483000  8.100000000 0.013172030400
941.007507000  8.100000000 0.016798079000
941.032471000  8.100000000 0.020226985200
941.057495000  8.100000000 0.023443102800
941.082520000  8.100000000 0.026430636600
941.107483000  8.100000000 0.029179006800
941.132507000  8.100000000 0.031679570700
941.157471000  8.100000000 0.033924728600
941.182495000  8.100000000 0.035910010300
941.207520000  8.100000000 0.037632137500
941.232483000  8.100000000 0.039088726000
941.257507000  8.100000000 0.040279179800
941.282471000  8.100000000 0.041204839900
941.307495000  8.100000000 0.041867345600
941.332520000  8.100000000 0.042272061100
941.357483000  8.100000000 0.042421370700
941.382507000  8.100000000 0.042323470100
941.407471000  8.100000000 0.041984021700
941.432495000  8.100000000 0.041412711100
941.457520000  8.100000000 0.040617585200
941.482483000  8.100000000 0.039607584500
941.507507000  8.100000000 0.038388371500
941.532471000  8.100000000 0.036967098700
941.557495000  8.100000000 0.035347044500
941.582520000  8.100000000 0.033529251800
941.607483000  8.100000000 0.031514912800
941.632507000  8.100000000 0.029303133500
941.657471000  8.100000000 0.026892125600
941.682495000  8.100000000 0.024281591200
941.707520000  8.100000000 0.021468251900
941.732483000  8.100000000 0.018453598000
941.757507000  8.100000000 0.015232265000
941.782471000  8.100000000 0.011809617300
941.807495000  8.100000000 0.008186548950
941.832520000  8.100000000 0.004368424420
941.857483000  8.100000000 0.000362694263
941.882507000  8.100000000 -0.003822594880
941.907471000  8.100000000 -0.008179098370
941.932495000  8.100000000 -0.012695044300
941.957520000  8.100000000 -0.017356276500
941.982483000  8.100000000 -0.022144168600
942.007507000  8.100000000 -0.027039051100
942.032471000  8.100000000 -0.032019168100
942.057495000  8.100000000 -0.037060082000
942.082520000  8.100000000 -0.042135566500
942.107483000  8.100000000 -0.047218948600
942.132507000  8.100000000 -0.052283108200
942.157471000  8.100000000 -0.057301372300
942.182495000  8.100000000 -0.062244683500
942.207520000  8.100000000 -0.067087560900
942.232483000  8.100000000 -0.071801841300
942.257507000  8.100000000 -0.076366961000
942.282471000  8.100000000 -0.080759972300
942.307495000  8.100000000 -0.084963291900
942.332520000  8.100000000 -0.088959038300
942.357483000  8.100000000 -0.092729479100
942.382507000  8.100000000 -0.096259266100
942.407471000  8.100000000 -0.099536776500
942.432495000  8.100000000 -0.102549493000
942.457520000  8.100000000 -0.105288625000
942.482483000  8.100000000 -0.107749701000
942.507507000  8.100000000 -0.109924376000
942.532471000  8.100000000 -0.111809671000
942.557495000  8.100000000 -0.113406777000
942.582520000  8.100000000 -0.114715993000
942.607483000  8.100000000 -0.115750134000
942.632507000  8.100000000 -0.116512477000
942.657471000  8.100000000 -0.117017925000
942.682495000  8.100000000 -0.117274225000
942.707520000  8.100000000 -0.117293596000
942.732483000  8.100000000 -0.117084980000
942.757507000  8.100000000 -0.116659403000
942.782471000  8.100000000 -0.116021037000
942.807495000  8.100000000 -0.115176141000
942.832520000  8.100000000 -0.114125311000
942.857483000  8.100000000 -0.112871826000
942.882507000  8.100000000 -0.111409426000
942.907471000  8.100000000 -0.109736025000
942.932495000  8.100000000 -0.107848346000
942.957520000  8.100000000 -0.105736852000
942.982483000  8.100000000 -0.103400350000
943.007507000  8.100000000 -0.100827813000
943.032471000  8.100000000 -0.098018050200
943.057495000  8.100000000 -0.094967484500
943.082520000  8.100000000 -0.091679692300
943.107483000  8.100000000 -0.088158249900
943.132507000  8.100000000 -0.084412694000
943.157471000  8.100000000 -0.080449581100
943.182495000  8.100000000 -0.076286196700
943.207520000  8.100000000 -0.071927309000
943.232483000  8.100000000 -0.067402124400
943.257507000  8.100000000 -0.062721371700
943.282471000  8.100000000 -0.057911872900
943.307495000  8.100000000 -0.052993893600
943.332520000  8.100000000 -0.048001408600
943.357483000  8.100000000 -0.042945742600
943.382507000  8.100000000 -0.037866234800
943.407471000  8.100000000 -0.032781362500
943.432495000  8.100000000 -0.027720332100
943.457520000  8.100000000 -0.022703409200
943.482483000  8.100000000 -0.017758011800
943.507507000  8.100000000 -0.012903213500
943.532471000  8.100000000 -0.008166432380
943.557495000  8.100000000 -0.003555417060
943.582520000  8.100000000 0.000908374786
943.607483000  8.100000000 0.005216002460
943.632507000  8.100000000 0.009358525280
943.657471000  8.100000000 0.013323426200
943.682495000  8.100000000 0.017114877700
943.707520000  8.100000000 0.020723342900
943.732483000  8.100000000 0.024150610000
943.757507000  8.100000000 0.027400851200
943.782471000  8.100000000 0.030483007400
943.807495000  8.100000000 0.033410191500
943.832520000  8.100000000 0.036191344300
943.857483000  8.100000000 0.038842558900
943.882507000  8.100000000 0.041384100900
943.907471000  8.100000000 0.043838620200
943.932495000  8.100000000 0.046221017800
943.957520000  8.100000000 0.048557519900
943.982483000  8.100000000 0.050861835500
944.007507000  8.100000000 0.053161382700
944.032471000  8.100000000 0.055468082400
944.057495000  8.100000000 0.057810545000
944.082520000  8.100000000 0.060196518900
944.107483000  8.100000000 0.062647461900
944.132507000  8.100000000 0.065169930500
944.157471000  8.100000000 0.067777037600
944.182495000  8.100000000 0.070466995200
944.207520000  8.100000000 0.073255896600
944.232483000  8.100000000 0.076133012800
944.257507000  8.100000000 0.079098343800
944.282471000  8.100000000 0.082142353100
944.307495000  8.100000000 0.085259079900
944.332520000  8.100000000 0.088434219400
944.357483000  8.100000000 0.091663897000
944.382507000  8.100000000 0.094933211800
944.407471000  8.100000000 0.098221898100
944.432495000  8.100000000 0.101523101000
944.457520000  8.100000000 0.104809999000
944.482483000  8.100000000 0.108066499000
944.507507000  8.100000000 0.111270845000
944.532471000  8.100000000 0.114396811000
944.557495000  8.100000000 0.117421746000
944.582520000  8.100000000 0.120320320000
944.607483000  8.100000000 0.123063922000
944.632507000  8.100000000 0.125631094000
944.657471000  8.100000000 0.127994716000
944.682495000  8.100000000 0.130129755000
944.707520000  8.100000000 0.132016540000
944.732483000  8.100000000 0.133635700000
944.757507000  8.100000000 0.134977400000
944.782471000  8.100000000 0.136034489000
944.807495000  8.100000000 0.136803687000
944.832520000  8.100000000 0.137286484000
944.857483000  8.100000000 0.137490630000
944.882507000  8.100000000 0.137427598000
944.907471000  8.100000000 0.137111545000
944.932495000  8.100000000 0.136565268000
944.957520000  8.100000000 0.135806650000
944.982483000  8.100000000 0.134856999000
945.007507000  8.100000000 0.133743435000
945.032471000  8.100000000 0.132484287000
945.057495000  8.100000000 0.131098181000
945.082520000  8.100000000 0.129605830000
945.107483000  8.100000000 0.128020272000
945.132507000  8.100000000 0.126349330000
945.157471000  8.100000000 0.124602392000
945.182495000  8.100000000 0.122779086000
945.207520000  8.100000000 0.120879188000
945.232483000  8.100000000 0.118891820000
945.257507000  8.100000000 0.116812810000
945.282471000  8.100000000 0.114630982000
945.307495000  8.100000000 0.112330392000
945.332520000  8.100000000 0.109899357000
945.357483000  8.100000000 0.107322782000
945.382507000  8.100000000 0.104589276000
945.407471000  8.100000000 0.101689994000
945.432495000  8.100000000 0.098620727700
945.457520000  8.100000000 0.095377996600
945.482483000  8.100000000 0.091961436000
945.507507000  8.100000000 0.088372454000
945.532471000  8.100000000 0.084610953900
945.557495000  8.100000000 0.080683752900
945.582520000  8.100000000 0.076596960400
945.607483000  8.100000000 0.072364807100
945.632507000  8.100000000 0.068003758800
945.657471000  8.100000000 0.063535347600
945.682495000  8.100000000 0.058986395600
945.707520000  8.100000000 0.054381266200
945.732483000  8.100000000 0.049750283400
945.757507000  8.100000000 0.045122504200
945.782471000  8.100000000 0.040531754500
945.807495000  8.100000000 0.036012381300
945.832520000  8.100000000 0.031602233600
945.857483000  8.100000000 0.027336627200
945.882507000  8.100000000 0.023252815000
945.907471000  8.100000000 0.019385069600
945.932495000  8.100000000 0.015759617100
945.957520000  8.100000000 0.012400895400
945.982483000  8.100000000 0.009331405160
946.007507000  8.100000000 0.006564557550
946.032471000  8.100000000 0.004118531940
946.057495000  8.100000000 0.002004802230
946.082520000  8.100000000 0.000234395266
946.107483000  8.100000000 -0.001184493300
946.132507000  8.100000000 -0.002247840170
946.157471000  8.100000000 -0.002950578930
946.182495000  8.100000000 -0.003293156620
946.207520000  8.100000000 -0.003274083140
946.232483000  8.100000000 -0.002896040680
946.257507000  8.100000000 -0.002165287730
946.282471000  8.100000000 -0.001091212030
946.307495000  8.100000000 0.000316500664
946.332520000  8.100000000 0.002044439320
946.357483000  8.100000000 0.004079490900
946.382507000  8.100000000 0.006407052280
946.407471000  8.100000000 0.009010881190
946.432495000  8.100000000 0.011870712000
946.457520000  8.100000000 0.014964193100
946.482483000  8.100000000 0.018264800300
946.507507000  8.100000000 0.021745860600
946.532471000  8.100000000 0.025378614700
946.557495000  8.100000000 0.029135197400
946.582520000  8.100000000 0.032987147600
946.607483000  8.100000000 0.036907643100
946.632507000  8.100000000 0.040869712800
946.657471000  8.100000000 0.044847875800
946.682495000  8.100000000 0.048818290200
946.707520000  8.100000000 0.052756071100
946.732483000  8.100000000 0.056640803800
946.757507000  8.100000000 0.060448795600
946.782471000  8.100000000 0.064157247500
946.807495000  8.100000000 0.067743212000
946.832520000  8.100000000 0.071185976300
946.857483000  8.100000000 0.074464529800
946.882507000  8.100000000 0.077561885100
946.907471000  8.100000000 0.080459713900
946.932495000  8.100000000 0.083143115000
946.957520000  8.100000000 0.085599571500
946.982483000  8.100000000 0.087817907300
947.007507000  8.100000000 0.089786052700
947.032471000  8.100000000 0.091497898100
947.057495000  8.100000000 0.092943310700
947.082520000  8.100000000 0.094118118300
947.107483000  8.100000000 0.095015764200
947.132507000  8.100000000 0.095637440700
947.157471000  8.100000000 0.095983743700
947.182495000  8.100000000 0.096059143500
947.207520000  8.100000000 0.095868408700
947.232483000  8.100000000 0.095423162000
947.257507000  8.100000000 0.094731450100
947.282471000  8.100000000 0.093809366200
947.307495000  8.100000000 0.092673301700
947.332520000  8.100000000 0.091345608200
947.357483000  8.100000000 0.089846849400
947.382507000  8.100000000 0.088204741500
947.407471000  8.100000000 0.086442232100
947.432495000  8.100000000 0.084585547400
947.457520000  8.100000000 0.082658529300
947.482483000  8.100000000 0.080687105700
947.507507000  8.100000000 0.078693926300
947.532471000  8.100000000 0.076698362800
947.557495000  8.100000000 0.074723660900
947.582520000  8.100000000 0.072779953500
947.607483000  8.100000000 0.070892274400
947.632507000  8.100000000 0.069064796000
947.657471000  8.100000000 0.067311227300
947.682495000  8.100000000 0.065638423000
947.707520000  8.100000000 0.064053535500
947.732483000  8.100000000 0.062559247000
947.757507000  8.100000000 0.061161518100
947.782471000  8.100000000 0.059857368500
947.807495000  8.100000000 0.058647990200
947.832520000  8.100000000 0.057530999200
947.857483000  8.100000000 0.056500434900
947.882507000  8.100000000 0.055551528900
947.907471000  8.100000000 0.054673552500
947.932495000  8.100000000 0.053864717500
947.957520000  8.100000000 0.053111910800
947.982483000  8.100000000 0.052409768100
948.007507000  8.100000000 0.051747560500
948.032471000  8.100000000 0.051118731500
948.057495000  8.100000000 0.050516128500
948.082520000  8.100000000 0.049936175300
948.107483000  8.100000000 0.049369335200
948.132507000  8.100000000 0.048809051500
948.157471000  8.100000000 0.048257112500
948.182495000  8.100000000 0.047695040700
948.207520000  8.100000000 0.047128200500
948.232483000  8.100000000 0.046539306600
948.257507000  8.100000000 0.045924186700
948.282471000  8.100000000 0.045276284200
948.307495000  8.100000000 0.044582486200
948.332520000  8.100000000 0.043832063700
948.357483000  8.100000000 0.043022036600
948.382507000  8.100000000 0.042133331300
948.407471000  8.100000000 0.041159987400
948.432495000  8.100000000 0.040084719700
948.457520000  8.100000000 0.038908124000
948.482483000  8.100000000 0.037608742700
948.507507000  8.100000000 0.036191940300
948.532471000  8.100000000 0.034644603700
948.557495000  8.100000000 0.032970309300
948.582520000  8.100000000 0.031166076700
948.607483000  8.100000000 0.029226541500
948.632507000  8.100000000 0.027148127600
948.657471000  8.100000000 0.024935007100
948.682495000  8.100000000 0.022573471100
948.707520000  8.100000000 0.020063519500
948.732483000  8.100000000 0.017395615600
948.757507000  8.100000000 0.014572143600
948.782471000  8.100000000 0.011580586400
948.807495000  8.100000000 0.008422136310
948.832520000  8.100000000 0.005086064340
948.857483000  8.100000000 0.001574158670
948.882507000  8.100000000 -0.002113580700
948.907471000  8.100000000 -0.005977749820
948.932495000  8.100000000 -0.010004639600
948.957520000  8.100000000 -0.014191865900
948.982483000  8.100000000 -0.018525719600
949.007507000  8.100000000 -0.022987127300
949.032471000  8.100000000 -0.027569532400
949.057495000  8.100000000 -0.032234191900
949.082520000  8.100000000 -0.036973357200
949.107483000  8.100000000 -0.041754841800
949.132507000  8.100000000 -0.046558380100
949.157471000  8.100000000 -0.051358342200
949.182495000  8.100000000 -0.056126117700
949.207520000  8.100000000 -0.060846805600
949.232483000  8.100000000 -0.065490603400
949.257507000  8.100000000 -0.070040822000
949.282471000  8.100000000 -0.074466466900
949.307495000  8.100000000 -0.078759789500
949.332520000  8.100000000 -0.082885026900
949.357483000  8.100000000 -0.086839795100
949.382507000  8.100000000 -0.090594291700
949.407471000  8.100000000 -0.094143748300
949.432495000  8.100000000 -0.097469091400
949.457520000  8.100000000 -0.100561976000
949.482483000  8.100000000 -0.103402138000
949.507507000  8.100000000 -0.105988979000
949.532471000  8.100000000 -0.108302236000
949.557495000  8.100000000 -0.110341907000
949.582520000  8.100000000 -0.112085938000
949.607483000  8.100000000 -0.113535523000
949.632507000  8.100000000 -0.114679039000
949.657471000  8.100000000 -0.115512908000
949.682495000  8.100000000 -0.116037726000
949.707520000  8.100000000 -0.116252303000
949.732483000  8.100000000 -0.116164982000
949.757507000  8.100000000 -0.115779340000
949.782471000  8.100000000 -0.115107298000
949.807495000  8.100000000 -0.114157796000
949.832520000  8.100000000 -0.112942159000
949.857483000  8.100000000 -0.111474693000
949.882507000  8.100000000 -0.109770298000
949.907471000  8.100000000 -0.107831955000
949.932495000  8.100000000 -0.105680525000
949.957520000  8.100000000 -0.103322268000
949.982483000  8.100000000 -0.100769997000
950.007507000  8.100000000 -0.098034739500
950.032471000  8.100000000 -0.095129907100
950.057495000  8.100000000 -0.092067718500
950.082520000  8.100000000 -0.088869333300
950.107483000  8.100000000 -0.085547864400
950.132507000  8.100000000 -0.082121491400
950.157471000  8.100000000 -0.078612864000
950.182495000  8.100000000 -0.075035095200
950.207520000  8.100000000 -0.071410536800
950.232483000  8.100000000 -0.067760050300
950.257507000  8.100000000 -0.064103454400
950.282471000  8.100000000 -0.060467571000
950.307495000  8.100000000 -0.056872665900
950.332520000  8.100000000 -0.053346753100
950.357483000  8.100000000 -0.049910098300
950.382507000  8.100000000 -0.046587139400
950.407471000  8.100000000 -0.043394118500
950.432495000  8.100000000 -0.040352940600
950.457520000  8.100000000 -0.037474334200
950.482483000  8.100000000 -0.034776032000
950.507507000  8.100000000 -0.032270401700
950.532471000  8.100000000 -0.029971301600
950.557495000  8.100000000 -0.027887225200
950.582520000  8.100000000 -0.026028901300
950.607483000  8.100000000 -0.024401992600
950.632507000  8.100000000 -0.023011118200
950.657471000  8.100000000 -0.021855235100
950.682495000  8.100000000 -0.020935833500
950.707520000  8.100000000 -0.020248144900
950.732483000  8.100000000 -0.019786208900
950.757507000  8.100000000 -0.019549131400
950.782471000  8.100000000 -0.019530057900
950.807495000  8.100000000 -0.019724667100
950.832520000  8.100000000 -0.020129233600
950.857483000  8.100000000 -0.020739287100
950.882507000  8.100000000 -0.021549910300
950.907471000  8.100000000 -0.022555887700
950.932495000  8.100000000 -0.023752301900
950.957520000  8.100000000 -0.025130957400
950.982483000  8.100000000 -0.026683658400
951.007507000  8.100000000 -0.028400421100
951.032471000  8.100000000 -0.030265748500
951.057495000  8.100000000 -0.032270401700
951.082520000  8.100000000 -0.034394711300
951.107483000  8.100000000 -0.036623179900
951.132507000  8.100000000 -0.038939863400
951.157471000  8.100000000 -0.041322410100
951.182495000  8.100000000 -0.043755918700
951.207520000  8.100000000 -0.046217367100
951.232483000  8.100000000 -0.048690140200
951.257507000  8.100000000 -0.051155313800
951.282471000  8.100000000 -0.053597390700
951.307495000  8.100000000 -0.056003704700
951.332520000  8.100000000 -0.058362260500
951.357483000  8.100000000 -0.060667470100
951.382507000  8.100000000 -0.062912851600
951.407471000  8.100000000 -0.065094009000
951.432495000  8.100000000 -0.067206695700
951.457520000  8.100000000 -0.069248005700
951.482483000  8.100000000 -0.071213878700
951.507507000  8.100000000 -0.073098726600
951.532471000  8.100000000 -0.074897781000
951.557495000  8.100000000 -0.076603218900
951.582520000  8.100000000 -0.078211039300
951.607483000  8.100000000 -0.079716980500
951.632507000  8.100000000 -0.081120342000
951.657471000  8.100000000 -0.082423195200
951.682495000  8.100000000 -0.083630673600
951.707520000  8.100000000 -0.084750637400
951.732483000  8.100000000 -0.085793733600
951.757507000  8.100000000 -0.086770668600
951.782471000  8.100000000 -0.087693855200
951.807495000  8.100000000 -0.088575705900
951.832520000  8.100000000 -0.089427270000
951.857483000  8.100000000 -0.090260617400
951.882507000  8.100000000 -0.091087222100
951.907471000  8.100000000 -0.091920942100
951.932495000  8.100000000 -0.092771723900
951.957520000  8.100000000 -0.093653202100
951.982483000  8.100000000 -0.094576105500
952.007507000  8.100000000 -0.095553323600
952.032471000  8.100000000 -0.096595436300
952.057495000  8.100000000 -0.097714811600
952.082520000  8.100000000 -0.098922699700
952.107483000  8.100000000 -0.100223869000
952.132507000  8.100000000 -0.101627856000
952.157471000  8.100000000 -0.103136450000
952.182495000  8.100000000 -0.104752332000
952.207520000  8.100000000 -0.106474608000
952.232483000  8.100000000 -0.108302832000
952.257507000  8.100000000 -0.110229850000
952.282471000  8.100000000 -0.112253875000
952.307495000  8.100000000 -0.114368945000
952.332520000  8.100000000 -0.116568208000
952.357483000  8.100000000 -0.118841231000
952.382507000  8.100000000 -0.121179223000
952.407471000  8.100000000 -0.123561025000
952.432495000  8.100000000 -0.125967562000
952.457520000  8.100000000 -0.128376186000
952.482483000  8.100000000 -0.130758584000
952.507507000  8.100000000 -0.133087635000
952.532471000  8.100000000 -0.135338604000
952.557495000  8.100000000 -0.137478411000
952.582520000  8.100000000 -0.139488280000
952.607483000  8.100000000 -0.141334534000
952.632507000  8.100000000 -0.142997205000
952.657471000  8.100000000 -0.144451261000
952.682495000  8.100000000 -0.145671666000
952.707520000  8.100000000 -0.146641135000
952.732483000  8.100000000 -0.147341192000
952.757507000  8.100000000 -0.147757530000
952.782471000  8.100000000 -0.147876441000
952.807495000  8.100000000 -0.147693753000
952.832520000  8.100000000 -0.147199035000
952.857483000  8.100000000 -0.146389008000
952.882507000  8.100000000 -0.145258307000
952.907471000  8.100000000 -0.143817663000
952.932495000  8.100000000 -0.142056942000
952.957520000  8.100000000 -0.139986277000
952.982483000  8.100000000 -0.137606859000
953.007507000  8.100000000 -0.134921074000
953.032471000  8.100000000 -0.131940842000
953.057495000  8.100000000 -0.128663182000
953.082520000  8.100000000 -0.125102401000
953.107483000  8.100000000 -0.121271610000
953.132507000  8.100000000 -0.117170811000
953.157471000  8.100000000 -0.112817287000
953.182495000  8.100000000 -0.108221173000
953.207520000  8.100000000 -0.103394985000
953.232483000  8.100000000 -0.098347663900
953.257507000  8.100000000 -0.093091130300
953.282471000  8.100000000 -0.087638497400
953.307495000  8.100000000 -0.082005262400
953.332520000  8.100000000 -0.076196193700
953.357483000  8.100000000 -0.070231556900
953.382507000  8.100000000 -0.064120292700
953.407471000  8.100000000 -0.057883858700
953.432495000  8.100000000 -0.051532983800
953.457520000  8.100000000 -0.045086741400
953.482483000  8.100000000 -0.038558244700
953.507507000  8.100000000 -0.031967759100
953.532471000  8.100000000 -0.025317668900
953.557495000  8.100000000 -0.018634796100
953.582520000  8.100000000 -0.011925697300
953.607483000  8.100000000 -0.005203485490
953.632507000  8.100000000 0.001516938210
953.657471000  8.100000000 0.008223056790
953.682495000  8.100000000 0.014908313800
953.707520000  8.100000000 0.021549463300
953.732483000  8.100000000 0.028140544900
953.757507000  8.100000000 0.034662485100
953.782471000  8.100000000 0.041100382800
953.807495000  8.100000000 0.047436952600
953.832520000  8.100000000 0.053654909100
953.857483000  8.100000000 0.059742331500
953.882507000  8.100000000 0.065685510600
953.907471000  8.100000000 0.071469545400
953.932495000  8.100000000 0.077081918700
953.957520000  8.100000000 0.082506537400
953.982483000  8.100000000 0.087734460800
954.007507000  8.100000000 0.092749595600
954.032471000  8.100000000 0.097545385400
954.057495000  8.100000000 0.102109313000
954.082520000  8.100000000 0.106431246000
954.107483000  8.100000000 0.110502839000
954.132507000  8.100000000 0.114322901000
954.157471000  8.100000000 0.117878914000
954.182495000  8.100000000 0.121171474000
954.207520000  8.100000000 0.124202967000
954.232483000  8.100000000 0.126960874000
954.257507000  8.100000000 0.129446387000
954.282471000  8.100000000 0.131661296000
954.307495000  8.100000000 0.133591890000
954.332520000  8.100000000 0.135247111000
954.357483000  8.100000000 0.136619210000
954.382507000  8.100000000 0.137705207000
954.407471000  8.100000000 0.138510466000
954.432495000  8.100000000 0.139030814000
954.457520000  8.100000000 0.139273405000
954.482483000  8.100000000 0.139244199000
954.507507000  8.100000000 0.138948858000
954.532471000  8.100000000 0.138399005000
954.557495000  8.100000000 0.137611926000
954.582520000  8.100000000 0.136596859000
954.607483000  8.100000000 0.135374367000
954.632507000  8.100000000 0.133960545000
954.657471000  8.100000000 0.132377148000
954.682495000  8.100000000 0.130645037000
954.707520000  8.100000000 0.128788650000
954.732483000  8.100000000 0.126830935000
954.757507000  8.100000000 0.124792457000
954.782471000  8.100000000 0.122700632000
954.807495000  8.100000000 0.120565891000
954.832520000  8.100000000 0.118410289000
954.857483000  8.100000000 0.116244555000
954.882507000  8.100000000 0.114080310000
954.907471000  8.100000000 0.111924708000
954.932495000  8.100000000 0.109783709000
954.957520000  8.100000000 0.107656121000
954.982483000  8.100000000 0.105541050000
955.007507000  8.100000000 0.103436857000
955.032471000  8.100000000 0.101341456000
955.057495000  8.100000000 0.099254846600
955.082520000  8.100000000 0.097172111300
955.107483000  8.100000000 0.095089227000
955.132507000  8.100000000 0.092996507900
955.157471000  8.100000000 0.090886801500
955.182495000  8.100000000 0.088750869000
955.207520000  8.100000000 0.086576640600
955.232483000  8.100000000 0.084354877500
955.257507000  8.100000000 0.082071721600
955.282471000  8.100000000 0.079716295000
955.307495000  8.100000000 0.077276825900
955.332520000  8.100000000 0.074743479500
955.357483000  8.100000000 0.072107240600
955.382507000  8.100000000 0.069359839000
955.407471000  8.100000000 0.066497176900
955.432495000  8.100000000 0.063516572100
955.457520000  8.100000000 0.060416311000
955.482483000  8.100000000 0.057199150300
955.507507000  8.100000000 0.053870156400
955.532471000  8.100000000 0.050439685600
955.557495000  8.100000000 0.046926215300
955.582520000  8.100000000 0.043353289400
955.607483000  8.100000000 0.039747506400
955.632507000  8.100000000 0.036142841000
955.657471000  8.100000000 0.032572634500
955.682495000  8.100000000 0.029069855800
955.707520000  8.100000000 0.025665387500
955.732483000  8.100000000 0.022385157600
955.757507000  8.100000000 0.019252859100
955.782471000  8.100000000 0.016290918000
955.807495000  8.100000000 0.013517551100
955.832520000  8.100000000 0.010950043800
955.857483000  8.100000000 0.008600205180
955.882507000  8.100000000 0.006479397420
955.907471000  8.100000000 0.004594326020
955.932495000  8.100000000 0.002952069040
955.957520000  8.100000000 0.001557394860
955.982483000  8.100000000 0.000411495566
956.007507000  8.100000000 -0.000487975776
956.032471000  8.100000000 -0.001147426660
956.057495000  8.100000000 -0.001575611530
956.082520000  8.100000000 -0.001784376800
956.107483000  8.100000000 -0.001787804070
956.132507000  8.100000000 -0.001600459220
956.157471000  8.100000000 -0.001239553090
956.182495000  8.100000000 -0.000721663237
956.207520000  8.100000000 -0.000063590705
956.232483000  8.100000000 0.000718049705
956.257507000  8.100000000 0.001608766620
956.282471000  8.100000000 0.002595931290
956.307495000  8.100000000 0.003670528530
956.332520000  8.100000000 0.004821233450
956.357483000  8.100000000 0.006040297450
956.382507000  8.100000000 0.007318966090
956.407471000  8.100000000 0.008647106590
956.432495000  8.100000000 0.010016337000
956.457520000  8.100000000 0.011418089300
956.482483000  8.100000000 0.012840926600
956.507507000  8.100000000 0.014272108700
956.532471000  8.100000000 0.015696976300
956.557495000  8.100000000 0.017099343200
956.582520000  8.100000000 0.018460899600
956.607483000  8.100000000 0.019763894400
956.632507000  8.100000000 0.020989924700
956.657471000  8.100000000 0.022124126600
956.682495000  8.100000000 0.023151673400
956.707520000  8.100000000 0.024062637200
956.732483000  8.100000000 0.024848757300
956.757507000  8.100000000 0.025505395600
956.782471000  8.100000000 0.026028882700
956.807495000  8.100000000 0.026420649100
956.832520000  8.100000000 0.026681009700
956.857483000  8.100000000 0.026816215400
956.882507000  8.100000000 0.026829762400
956.907471000  8.100000000 0.026730388400
956.932495000  8.100000000 0.026526361700
956.957520000  8.100000000 0.026225950600
956.982483000  8.100000000 0.025841044300
957.007507000  8.100000000 0.025381399300
957.032471000  8.100000000 0.024860948300
957.057495000  8.100000000 0.024293065100
957.082520000  8.100000000 0.023694057000
957.107483000  8.100000000 0.023079291000
957.132507000  8.100000000 0.022465884700
957.157471000  8.100000000 0.021868888300
957.182495000  8.100000000 0.021306797900
957.207520000  8.100000000 0.020793266600
957.232483000  8.100000000 0.020344182800
957.257507000  8.100000000 0.019974149800
957.282471000  8.100000000 0.019692778600
957.307495000  8.100000000 0.019507966900
957.332520000  8.100000000 0.019425153700
957.357483000  8.100000000 0.019447766200
957.382507000  8.100000000 0.019578412200
957.407471000  8.100000000 0.019816346500
957.432495000  8.100000000 0.020160079000
957.457520000  8.100000000 0.020607113800
957.482483000  8.100000000 0.021153911900
957.507507000  8.100000000 0.021796487300
957.532471000  8.100000000 0.022527203000
957.557495000  8.100000000 0.023337565400
957.582520000  8.100000000 0.024214983000
957.607483000  8.100000000 0.025149062300
957.632507000  8.100000000 0.026123747200
957.657471000  8.100000000 0.027128011000
957.682495000  8.100000000 0.028151795300
957.707520000  8.100000000 0.029183849700
957.732483000  8.100000000 0.030216127600
957.757507000  8.100000000 0.031240135400
957.782471000  8.100000000 0.032245218800
957.807495000  8.100000000 0.033223033000
957.832520000  8.100000000 0.034165680400
957.857483000  8.100000000 0.035065561500
957.882507000  8.100000000 0.035915225700
957.907471000  8.100000000 0.036711320300
957.932495000  8.100000000 0.037446245600
957.957520000  8.100000000 0.038119703500
957.982483000  8.100000000 0.038729384500
958.007507000  8.100000000 0.039276778700
958.032471000  8.100000000 0.039767697500
958.057495000  8.100000000 0.040204972000
958.082520000  8.100000000 0.040596425500
958.107483000  8.100000000 0.040948092900
958.132507000  8.100000000 0.041266232700
958.157471000  8.100000000 0.041556805400
958.182495000  8.100000000 0.041826665400
958.207520000  8.100000000 0.042079836100
958.232483000  8.100000000 0.042321234900
958.257507000  8.100000000 0.042553693100
958.282471000  8.100000000 0.042779594700
958.307495000  8.100000000 0.042997002600
958.332520000  8.100000000 0.043203979700
958.357483000  8.100000000 0.043394714600
958.382507000  8.100000000 0.043563842800
958.407471000  8.100000000 0.043701529500
958.432495000  8.100000000 0.043798536100
958.457520000  8.100000000 0.043843537600
958.482483000  8.100000000 0.043822974000
958.507507000  8.100000000 0.043726563500
958.532471000  8.100000000 0.043544918300
958.557495000  8.100000000 0.043270885900
958.582520000  8.100000000 0.042900443100
958.607483000  8.100000000 0.042434036700
958.632507000  8.100000000 0.041874647100
958.657471000  8.100000000 0.041229724900
958.682495000  8.100000000 0.040508508700
958.707520000  8.100000000 0.039720386300
958.732483000  8.100000000 0.038875788500
958.757507000  8.100000000 0.037986040100
958.782471000  8.100000000 0.037063211200
958.807495000  8.100000000 0.036120116700
958.832520000  8.100000000 0.035168528600
958.857483000  8.100000000 0.034222006800
958.882507000  8.100000000 0.033290386200
958.907471000  8.100000000 0.032386481800
958.932495000  8.100000000 0.031519532200
958.957520000  8.100000000 0.030698180200
958.982483000  8.100000000 0.029931366400
959.007507000  8.100000000 0.029223859300
959.032471000  8.100000000 0.028584301500
959.057495000  8.100000000 0.028019249400
959.082520000  8.100000000 0.027537345900
959.107483000  8.100000000 0.027146041400
959.132507000  8.100000000 0.026850104300
959.157471000  8.100000000 0.026658177400
959.182495000  8.100000000 0.026575624900
959.207520000  8.100000000 0.026609301600
959.232483000  8.100000000 0.026766061800
959.257507000  8.100000000 0.027049779900
959.282471000  8.100000000 0.027467608500
959.307495000  8.100000000 0.028026104000
959.332520000  8.100000000 0.028726160500
959.357483000  8.100000000 0.029572546500
959.382507000  8.100000000 0.030567050000
959.407471000  8.100000000 0.031704306600
959.432495000  8.100000000 0.032986700500
959.457520000  8.100000000 0.034410059500
959.482483000  8.100000000 0.035974085300
959.507507000  8.100000000 0.037668049300
959.532471000  8.100000000 0.039491951500
959.557495000  8.100000000 0.041437447100
959.582520000  8.100000000 0.043491423100
959.607483000  8.100000000 0.045650005300
959.632507000  8.100000000 0.047897994500
959.657471000  8.100000000 0.050227940100
959.682495000  8.100000000 0.052623748800
959.707520000  8.100000000 0.055071711500
959.732483000  8.100000000 0.057555735100
959.757507000  8.100000000 0.060061812400
959.782471000  8.100000000 0.062567889700
959.807495000  8.100000000 0.065053403400
959.832520000  8.100000000 0.067498683900
959.857483000  8.100000000 0.069874525100
959.882507000  8.100000000 0.072154700800
959.907471000  8.100000000 0.074315071100
959.932495000  8.100000000 0.076322257500
959.957520000  8.100000000 0.078151226000
959.982483000  8.100000000 0.079774558500
960.007507000  8.100000000 0.081165731000
960.032471000  8.100000000 0.082304775700
960.057495000  8.100000000 0.083173215400
960.082520000  8.100000000 0.083753466600
960.107483000  8.100000000 0.084033012400
960.132507000  8.100000000 0.084001123900
960.157471000  8.100000000 0.083652734800
960.182495000  8.100000000 0.082986950900
960.207520000  8.100000000 0.081998109800
960.232483000  8.100000000 0.080693364100
960.257507000  8.100000000 0.079077482200
960.282471000  8.100000000 0.077154636400
960.307495000  8.100000000 0.074937939600
960.332520000  8.100000000 0.072438716900
960.357483000  8.100000000 0.069666504900
960.382507000  8.100000000 0.066645145400
960.407471000  8.100000000 0.063387155500
960.432495000  8.100000000 0.059911608700
960.457520000  8.100000000 0.056247711200
960.482483000  8.100000000 0.052421093000
960.507507000  8.100000000 0.048460364300
960.532471000  8.100000000 0.044391751300
960.557495000  8.100000000 0.040249824500
960.582520000  8.100000000 0.036062598200
960.607483000  8.100000000 0.031857490500
960.632507000  8.100000000 0.027657151200
960.657471000  8.100000000 0.023493766800
960.682495000  8.100000000 0.019384026500
960.707520000  8.100000000 0.015345811800
960.732483000  8.100000000 0.011398792300
960.757507000  8.100000000 0.007550716400
960.782471000  8.100000000 0.003812909130
960.807495000  8.100000000 0.000189542770
960.832520000  8.100000000 -0.003312826160
960.857483000  8.100000000 -0.006698369980
960.882507000  8.100000000 -0.009966492650
960.907471000  8.100000000 -0.013118982300
960.932495000  8.100000000 -0.016172528300
960.957520000  8.100000000 -0.019131302800
960.982483000  8.100000000 -0.022014975500
961.007507000  8.100000000 -0.024837851500
961.032471000  8.100000000 -0.027624964700
961.057495000  8.100000000 -0.030390620200
961.082520000  8.100000000 -0.033153295500
961.107483000  8.100000000 -0.035919547100
961.132507000  8.100000000 -0.038717985200
961.157471000  8.100000000 -0.041543841400
961.182495000  8.100000000 -0.044404268300
961.207520000  8.100000000 -0.047305226300
961.232483000  8.100000000 -0.050238370900
961.257507000  8.100000000 -0.053202509900
961.282471000  8.100000000 -0.056190490700
961.307495000  8.100000000 -0.059195756900
961.332520000  8.100000000 -0.062205791500
961.357483000  8.100000000 -0.065209269500
961.382507000  8.100000000 -0.068196654300
961.407471000  8.100000000 -0.071146488200
961.432495000  8.100000000 -0.074056983000
961.457520000  8.100000000 -0.076906681100
961.482483000  8.100000000 -0.079683065400
961.507507000  8.100000000 -0.082381367700
961.532471000  8.100000000 -0.084992051100
961.557495000  8.100000000 -0.087505281000
961.582520000  8.100000000 -0.089928507800
961.607483000  8.100000000 -0.092256069200
961.632507000  8.100000000 -0.094493031500
961.657471000  8.100000000 -0.096640586900
961.682495000  8.100000000 -0.098710954200
961.707520000  8.100000000 -0.100701451000
961.732483000  8.100000000 -0.102618933000
961.757507000  8.100000000 -0.104463100000
961.782471000  8.100000000 -0.106235743000
961.807495000  8.100000000 -0.107935667000
961.832520000  8.100000000 -0.109554231000
961.857483000  8.100000000 -0.111092329000
961.882507000  8.100000000 -0.112537742000
961.907471000  8.100000000 -0.113879740000
961.932495000  8.100000000 -0.115109086000
961.957520000  8.100000000 -0.116208196000
961.982483000  8.100000000 -0.117166340000
962.007507000  8.100000000 -0.117966533000
962.032471000  8.100000000 -0.118592083000
962.057495000  8.100000000 -0.119029582000
962.082520000  8.100000000 -0.119263232000
962.107483000  8.100000000 -0.119280219000
962.132507000  8.100000000 -0.119074136000
962.157471000  8.100000000 -0.118631274000
962.182495000  8.100000000 -0.117956102000
962.207520000  8.100000000 -0.117047727000
962.232483000  8.100000000 -0.115914196000
962.257507000  8.100000000 -0.114571303000
962.282471000  8.100000000 -0.113033056000
962.307495000  8.100000000 -0.111322254000
962.332520000  8.100000000 -0.109461099000
962.357483000  8.100000000 -0.107474476000
962.382507000  8.100000000 -0.105384141000
962.407471000  8.100000000 -0.103218034000
962.432495000  8.100000000 -0.100996643000
962.457520000  8.100000000 -0.098745077800
962.482483000  8.100000000 -0.096485838300
962.507507000  8.100000000 -0.094236731500
962.532471000  8.100000000 -0.092016160500
962.557495000  8.100000000 -0.089837014700
962.582520000  8.100000000 -0.087708644600
962.607483000  8.100000000 -0.085637942000
962.632507000  8.100000000 -0.083627775300
962.657471000  8.100000000 -0.081679821000
962.682495000  8.100000000 -0.079794287700
962.707520000  8.100000000 -0.077969126400
962.732483000  8.100000000 -0.076200656600
962.757507000  8.100000000 -0.074484750600
962.782471000  8.100000000 -0.072815224500
962.807495000  8.100000000 -0.071186214700
962.832520000  8.100000000 -0.069589510600
962.857483000  8.100000000 -0.068018697200
962.882507000  8.100000000 -0.066466391100
962.907471000  8.100000000 -0.064925849400
962.932495000  8.100000000 -0.063391327900
962.957520000  8.100000000 -0.061855241700
962.982483000  8.100000000 -0.060312002900
963.007507000  8.100000000 -0.058754384500
963.032471000  8.100000000 -0.057177618100
963.057495000  8.100000000 -0.055575817800
963.082520000  8.100000000 -0.053945407300
963.107483000  8.100000000 -0.052282661200
963.132507000  8.100000000 -0.050584822900
963.157471000  8.100000000 -0.048852115900
963.182495000  8.100000000 -0.047081932400
963.207520000  8.100000000 -0.045274049000
963.232483000  8.100000000 -0.043427646200
963.257507000  8.100000000 -0.041540265100
963.282471000  8.100000000 -0.039610117700
963.307495000  8.100000000 -0.037633478600
963.332520000  8.100000000 -0.035609230400
963.357483000  8.100000000 -0.033534616200
963.382507000  8.100000000 -0.031407177400
963.407471000  8.100000000 -0.029224306300
963.432495000  8.100000000 -0.026985257900
963.457520000  8.100000000 -0.024686008700
963.482483000  8.100000000 -0.022326856900
963.507507000  8.100000000 -0.019904673100
963.532471000  8.100000000 -0.017421692600
963.557495000  8.100000000 -0.014878809500
963.582520000  8.100000000 -0.012281537100
963.607483000  8.100000000 -0.009635388850
963.632507000  8.100000000 -0.006952434780
963.657471000  8.100000000 -0.004243254660
963.682495000  8.100000000 -0.001524686810
963.707520000  8.100000000 0.001184046270
963.732483000  8.100000000 0.003867149350
963.757507000  8.100000000 0.006500929590
963.782471000  8.100000000 0.009062886240
963.807495000  8.100000000 0.011528581400
963.832520000  8.100000000 0.013870298900
963.857483000  8.100000000 0.016059428500
963.882507000  8.100000000 0.018067956000
963.907471000  8.100000000 0.019866377100
963.932495000  8.100000000 0.021426677700
963.957520000  8.100000000 0.022725611900
963.982483000  8.100000000 0.023743361200
964.007507000  8.100000000 0.024465173500
964.032471000  8.100000000 0.024876594500
964.057495000  8.100000000 0.024970322800
964.082520000  8.100000000 0.024739205800
964.107483000  8.100000000 0.024180635800
964.132507000  8.100000000 0.023293048100
964.157471000  8.100000000 0.022077485900
964.182495000  8.100000000 0.020534321700
964.207520000  8.100000000 0.018665120000
964.232483000  8.100000000 0.016473457200
964.257507000  8.100000000 0.013960599900
964.282471000  8.100000000 0.011133849600
964.307495000  8.100000000 0.007997825740
964.332520000  8.100000000 0.004561468960
964.357483000  8.100000000 0.000832676888
964.382507000  8.100000000 -0.003178864720
964.407471000  8.100000000 -0.007463023070
964.432495000  8.100000000 -0.012009516400
964.457520000  8.100000000 -0.016806572700
964.482483000  8.100000000 -0.021841079000
964.507507000  8.100000000 -0.027097091100
964.532471000  8.100000000 -0.032557174600
964.557495000  8.100000000 -0.038201585400
964.582520000  8.100000000 -0.044008642400
964.607483000  8.100000000 -0.049953460700
964.632507000  8.100000000 -0.056010931700
964.657471000  8.100000000 -0.062154829500
964.682495000  8.100000000 -0.068356543800
964.707520000  8.100000000 -0.074589550500
964.732483000  8.100000000 -0.080825835500
964.757507000  8.100000000 -0.087036490400
964.782471000  8.100000000 -0.093193203200
964.807495000  8.100000000 -0.099267512600
964.832520000  8.100000000 -0.105229020000
964.857483000  8.100000000 -0.111048669000
964.882507000  8.100000000 -0.116693228000
964.907471000  8.100000000 -0.122133642000
964.932495000  8.100000000 -0.127338916000
964.957520000  8.100000000 -0.132278800000
964.982483000  8.100000000 -0.136924982000
965.007507000  8.100000000 -0.141250491000
965.032471000  8.100000000 -0.145229399000
965.057495000  8.100000000 -0.148840547000
965.082520000  8.100000000 -0.152061284000
965.107483000  8.100000000 -0.154877305000
965.132507000  8.100000000 -0.157271326000
965.157471000  8.100000000 -0.159228444000
965.182495000  8.100000000 -0.160737038000
965.207520000  8.100000000 -0.161790252000
965.232483000  8.100000000 -0.162380934000
965.257507000  8.100000000 -0.162504315000
965.282471000  8.100000000 -0.162158310000
965.307495000  8.100000000 -0.161349773000
965.332520000  8.100000000 -0.160074830000
965.357483000  8.100000000 -0.158349872000
965.382507000  8.100000000 -0.156174302000
965.407471000  8.100000000 -0.153568983000
965.432495000  8.100000000 -0.150540471000
965.457520000  8.100000000 -0.147110224000
965.482483000  8.100000000 -0.143297315000
965.507507000  8.100000000 -0.139123201000
965.532471000  8.100000000 -0.134616494000
965.557495000  8.100000000 -0.129802823000
965.582520000  8.100000000 -0.124707222000
965.607483000  8.100000000 -0.119361281000
965.632507000  8.100000000 -0.113784075000
965.657471000  8.100000000 -0.107997656000
965.682495000  8.100000000 -0.102016926000
965.707520000  8.100000000 -0.095856189700
965.732483000  8.100000000 -0.089530944800
965.757507000  8.100000000 -0.083052516000
965.782471000  8.100000000 -0.076433420200
965.807495000  8.100000000 -0.069690346700
965.832520000  8.100000000 -0.062835812600
965.857483000  8.100000000 -0.055894851700
965.882507000  8.100000000 -0.048879981000
965.907471000  8.100000000 -0.041812658300
965.932495000  8.100000000 -0.034723281900
965.957520000  8.100000000 -0.027623772600
965.982483000  8.100000000 -0.020549297300
966.007507000  8.100000000 -0.013519525500
966.032471000  8.100000000 -0.006560683250
966.057495000  8.100000000 0.000296831131
966.082520000  8.100000000 0.007036328320
966.107483000  8.100000000 0.013623833700
966.132507000  8.100000000 0.020046830200
966.157471000  8.100000000 0.026272535300
966.182495000  8.100000000 0.032282471700
966.207520000  8.100000000 0.038061142000
966.232483000  8.100000000 0.043591857000
966.257507000  8.100000000 0.048866272000
966.282471000  8.100000000 0.053874254200
966.307495000  8.100000000 0.058611631400
966.332520000  8.100000000 0.063077211400
966.357483000  8.100000000 0.067266225800
966.382507000  8.100000000 0.071179866800
966.407471000  8.100000000 0.074819922400
966.432495000  8.100000000 0.078188777000
966.457520000  8.100000000 0.081291198700
966.482483000  8.100000000 0.084127783800
966.507507000  8.100000000 0.086706876800
966.532471000  8.100000000 0.089020729100
966.557495000  8.100000000 0.091080069500
966.582520000  8.100000000 0.092874765400
966.607483000  8.100000000 0.094410777100
966.632507000  8.100000000 0.095686316500
966.657471000  8.100000000 0.096700191500
966.682495000  8.100000000 0.097448825800
966.707520000  8.100000000 0.097942948300
966.732483000  8.100000000 0.098184943200
966.757507000  8.100000000 0.098181963000
966.782471000  8.100000000 0.097946524600
966.807495000  8.100000000 0.097486376800
966.832520000  8.100000000 0.096811652200
966.857483000  8.100000000 0.095938444100
966.882507000  8.100000000 0.094878673600
966.907471000  8.100000000 0.093652606000
966.932495000  8.100000000 0.092272162400
966.957520000  8.100000000 0.090762376800
966.982483000  8.100000000 0.089142024500
967.007507000  8.100000000 0.087429881100
967.032471000  8.100000000 0.085645616100
967.057495000  8.100000000 0.083812177200
967.082520000  8.100000000 0.081943273500
967.107483000  8.100000000 0.080063045000
967.132507000  8.100000000 0.078183412600
967.157471000  8.100000000 0.076323449600
967.182495000  8.100000000 0.074491202800
967.207520000  8.100000000 0.072698593100
967.232483000  8.100000000 0.070951581000
967.257507000  8.100000000 0.069257319000
967.282471000  8.100000000 0.067618787300
967.307495000  8.100000000 0.066036284000
967.332520000  8.100000000 0.064523518100
967.357483000  8.100000000 0.063076913400
967.382507000  8.100000000 0.061705410500
967.407471000  8.100000000 0.060412287700
967.432495000  8.100000000 0.059202909500
967.457520000  8.100000000 0.058079659900
967.482483000  8.100000000 0.057047009500
967.507507000  8.100000000 0.056106448200
967.532471000  8.100000000 0.055260658300
967.557495000  8.100000000 0.054509639700
967.582520000  8.100000000 0.053852498500
967.607483000  8.100000000 0.053286552400
967.632507000  8.100000000 0.052811205400
967.657471000  8.100000000 0.052419900900
967.682495000  8.100000000 0.052111148800
967.707520000  8.100000000 0.051876008500
967.732483000  8.100000000 0.051709115500
967.757507000  8.100000000 0.051604211300
967.782471000  8.100000000 0.051554739500
967.807495000  8.100000000 0.051548183000
967.832520000  8.100000000 0.051581263500
967.857483000  8.100000000 0.051638782000
967.882507000  8.100000000 0.051717460200
967.907471000  8.100000000 0.051805079000
967.932495000  8.100000000 0.051898360300
967.957520000  8.100000000 0.051990300400
967.982483000  8.100000000 0.052078217300
968.007507000  8.100000000 0.052163153900
968.032471000  8.100000000 0.052244067200
968.057495000  8.100000000 0.052327662700
968.082520000  8.100000000 0.052418112800
968.107483000  8.100000000 0.052522867900
968.132507000  8.100000000 0.052650272800
968.157471000  8.100000000 0.052812099500
968.182495000  8.100000000 0.053016990400
968.207520000  8.100000000 0.053278207800
968.232483000  8.100000000 0.053602904100
968.257507000  8.100000000 0.054000467100
968.282471000  8.100000000 0.054475814100
968.307495000  8.100000000 0.055033415600
968.332520000  8.100000000 0.055682063100
968.357483000  8.100000000 0.056423246900
968.382507000  8.100000000 0.057260096100
968.407471000  8.100000000 0.058198720200
968.432495000  8.100000000 0.059240758400
968.457520000  8.100000000 0.060384422500
968.482483000  8.100000000 0.061631500700
968.507507000  8.100000000 0.062975585500
968.532471000  8.100000000 0.064409077200
968.557495000  8.100000000 0.065926685900
968.582520000  8.100000000 0.067517384900
968.607483000  8.100000000 0.069166794400
968.632507000  8.100000000 0.070861503500
968.657471000  8.100000000 0.072581991600
968.682495000  8.100000000 0.074310824300
968.707520000  8.100000000 0.076029077200
968.732483000  8.100000000 0.077718608100
968.757507000  8.100000000 0.079365521700
968.782471000  8.100000000 0.080953240400
968.807495000  8.100000000 0.082468465000
968.832520000  8.100000000 0.083896949900
968.857483000  8.100000000 0.085227675700
968.882507000  8.100000000 0.086447104800
968.907471000  8.100000000 0.087543614200
968.932495000  8.100000000 0.088508665600
968.957520000  8.100000000 0.089328885100
968.982483000  8.100000000 0.089998558200
969.007507000  8.100000000 0.090511776500
969.032471000  8.100000000 0.090859606900
969.057495000  8.100000000 0.091042630400
969.082520000  8.100000000 0.091053359200
969.107483000  8.100000000 0.090891011100
969.132507000  8.100000000 0.090553537000
969.157471000  8.100000000 0.090039670500
969.182495000  8.100000000 0.089348107600
969.207520000  8.100000000 0.088481307000
969.232483000  8.100000000 0.087438225700
969.257507000  8.100000000 0.086221098900
969.282471000  8.100000000 0.084831193100
969.307495000  8.100000000 0.083272159100
969.332520000  8.100000000 0.081547498700
969.357483000  8.100000000 0.079658776500
969.382507000  8.100000000 0.077613741200
969.407471000  8.100000000 0.075413286700
969.432495000  8.100000000 0.073068440000
969.457520000  8.100000000 0.070586055500
969.482483000  8.100000000 0.067975670100
969.507507000  8.100000000 0.065247863500
969.532471000  8.100000000 0.062414407700
969.557495000  8.100000000 0.059486776600
969.582520000  8.100000000 0.056477189100
969.607483000  8.100000000 0.053400099300
969.632507000  8.100000000 0.050269216300
969.657471000  8.100000000 0.047099590300
969.682495000  8.100000000 0.043909251700
969.707520000  8.100000000 0.040716826900
969.732483000  8.100000000 0.037542581600
969.757507000  8.100000000 0.034402608900
969.782471000  8.100000000 0.031315982300
969.807495000  8.100000000 0.028296709100
969.832520000  8.100000000 0.025357902100
969.857483000  8.100000000 0.022512376300
969.882507000  8.100000000 0.019769072500
969.907471000  8.100000000 0.017138123500
969.932495000  8.100000000 0.014627277900
969.957520000  8.100000000 0.012241900000
969.982483000  8.100000000 0.009988546370
970.007507000  8.100000000 0.007869005200
970.032471000  8.100000000 0.005886554720
970.057495000  8.100000000 0.004043877120
970.082520000  8.100000000 0.002337992190
970.107483000  8.100000000 0.000768303871
970.132507000  8.100000000 -0.000668466091
970.157471000  8.100000000 -0.001975893970
970.182495000  8.100000000 -0.003156960010
970.207520000  8.100000000 -0.004216730590
970.232483000  8.100000000 -0.005156993870
970.257507000  8.100000000 -0.005984306340
970.282471000  8.100000000 -0.006701946260
970.307495000  8.100000000 -0.007316172120
970.332520000  8.100000000 -0.007834732530
970.357483000  8.100000000 -0.008263587950
970.382507000  8.100000000 -0.008611083030
970.407471000  8.100000000 -0.008882284160
970.432495000  8.100000000 -0.009086132050
970.457520000  8.100000000 -0.009228289130
970.482483000  8.100000000 -0.009315907960
970.507507000  8.100000000 -0.009357631210
970.532471000  8.100000000 -0.009356439110
970.557495000  8.100000000 -0.009320080280
970.582520000  8.100000000 -0.009256005290
970.607483000  8.100000000 -0.009168386460
970.632507000  8.100000000 -0.009066462520
970.657471000  8.100000000 -0.008955001830
970.682495000  8.100000000 -0.008843541150
970.707520000  8.100000000 -0.008739531040
970.732483000  8.100000000 -0.008650124070
970.757507000  8.100000000 -0.008582919840
970.782471000  8.100000000 -0.008546710010
970.807495000  8.100000000 -0.008546113970
970.832520000  8.100000000 -0.008587986230
970.857483000  8.100000000 -0.008676648140
970.882507000  8.100000000 -0.008815824990
970.907471000  8.100000000 -0.009007304910
970.932495000  8.100000000 -0.009251087900
970.957520000  8.100000000 -0.009549409150
970.982483000  8.100000000 -0.009900927540
971.007507000  8.100000000 -0.010305047000
971.032471000  8.100000000 -0.010758936400
971.057495000  8.100000000 -0.011257678300
971.082520000  8.100000000 -0.011795908200
971.107483000  8.100000000 -0.012365877600
971.132507000  8.100000000 -0.012960881000
971.157471000  8.100000000 -0.013568699400
971.182495000  8.100000000 -0.014182478200
971.207520000  8.100000000 -0.014791488600
971.232483000  8.100000000 -0.015385896000
971.257507000  8.100000000 -0.015958696600
971.282471000  8.100000000 -0.016500353800
971.307495000  8.100000000 -0.017007291300
971.332520000  8.100000000 -0.017470121400
971.357483000  8.100000000 -0.017886906900
971.382507000  8.100000000 -0.018253773500
971.407471000  8.100000000 -0.018566399800
971.432495000  8.100000000 -0.018821060700
971.457520000  8.100000000 -0.019015222800
971.482483000  8.100000000 -0.019142329700
971.507507000  8.100000000 -0.019199103100
971.532471000  8.100000000 -0.019181966800
971.557495000  8.100000000 -0.019085854300
971.582520000  8.100000000 -0.018910020600
971.607483000  8.100000000 -0.018653869600
971.632507000  8.100000000 -0.018314570200
971.657471000  8.100000000 -0.017892867300
971.682495000  8.100000000 -0.017391443300
971.707520000  8.100000000 -0.016812831200
971.732483000  8.100000000 -0.016162991500
971.757507000  8.100000000 -0.015442967400
971.782471000  8.100000000 -0.014658421300
971.807495000  8.100000000 -0.013811588300
971.832520000  8.100000000 -0.012906193700
971.857483000  8.100000000 -0.011944025800
971.882507000  8.100000000 -0.010928064600
971.907471000  8.100000000 -0.009858310220
971.932495000  8.100000000 -0.008737593890
971.957520000  8.100000000 -0.007567703720
971.982483000  8.100000000 -0.006352066990
972.007507000  8.100000000 -0.005090832710
972.032471000  8.100000000 -0.003786534070
972.057495000  8.100000000 -0.002435892820
972.082520000  8.100000000 -0.001039206980
972.107483000  8.100000000 0.000406354666
972.132507000  8.100000000 0.001903474330
972.157471000  8.100000000 0.003454238180
972.182495000  8.100000000 0.005060583350
972.207520000  8.100000000 0.006725490090
972.232483000  8.100000000 0.008450299500
972.257507000  8.100000000 0.010237544800
972.282471000  8.100000000 0.012091100200
972.307495000  8.100000000 0.014013946100
972.332520000  8.100000000 0.016005486200
972.357483000  8.100000000 0.018073618400
972.382507000  8.100000000 0.020211637000
972.407471000  8.100000000 0.022425353500
972.432495000  8.100000000 0.024707317400
972.457520000  8.100000000 0.027060955800
972.482483000  8.100000000 0.029478222100
972.507507000  8.100000000 0.031958222400
972.532471000  8.100000000 0.034490674700
972.557495000  8.100000000 0.037072449900
972.582520000  8.100000000 0.039687454700
972.607483000  8.100000000 0.042331665800
972.632507000  8.100000000 0.044993907200
972.657471000  8.100000000 0.047660321000
972.682495000  8.100000000 0.050322860500
972.707520000  8.100000000 0.052969306700
972.732483000  8.100000000 0.055588185800
972.757507000  8.100000000 0.058170259000
972.782471000  8.100000000 0.060699284100
972.807495000  8.100000000 0.063161552000
972.832520000  8.100000000 0.065541267400
972.857483000  8.100000000 0.067822635200
972.882507000  8.100000000 0.069990456100
972.907471000  8.100000000 0.072026252700
972.932495000  8.100000000 0.073910355600
972.957520000  8.100000000 0.075622201000
972.982483000  8.100000000 0.077141523400
973.007507000  8.100000000 0.078440606600
973.032471000  8.100000000 0.079502761400
973.057495000  8.100000000 0.080301761600
973.082520000  8.100000000 0.080811977400
973.107483000  8.100000000 0.081018209500
973.132507000  8.100000000 0.080898404100
973.157471000  8.100000000 0.080435574100
973.182495000  8.100000000 0.079618990400
973.207520000  8.100000000 0.078434944200
973.232483000  8.100000000 0.076875388600
973.257507000  8.100000000 0.074930787100
973.282471000  8.100000000 0.072599351400
973.307495000  8.100000000 0.069879889500
973.332520000  8.100000000 0.066775381600
973.357483000  8.100000000 0.063294172300
973.382507000  8.100000000 0.059447586500
973.407471000  8.100000000 0.055252313600
973.432495000  8.100000000 0.050729513200
973.457520000  8.100000000 0.045905113200
973.482483000  8.100000000 0.040804445700
973.507507000  8.100000000 0.035465359700
973.532471000  8.100000000 0.029920935600
973.557495000  8.100000000 0.024211108700
973.582520000  8.100000000 0.018384754700
973.607483000  8.100000000 0.012487173100
973.632507000  8.100000000 0.006569325920
973.657471000  8.100000000 0.000680685043
973.682495000  8.100000000 -0.005123913290
973.707520000  8.100000000 -0.010798573500
973.732483000  8.100000000 -0.016287267200
973.757507000  8.100000000 -0.021544396900
973.782471000  8.100000000 -0.026524364900
973.807495000  8.100000000 -0.031180977800
973.832520000  8.100000000 -0.035478174700
973.857483000  8.100000000 -0.039377212500
973.882507000  8.100000000 -0.042849481100
973.907471000  8.100000000 -0.045872330700
973.932495000  8.100000000 -0.048425793600
973.957520000  8.100000000 -0.050497353100
973.982483000  8.100000000 -0.052084624800
974.007507000  8.100000000 -0.053184032400
974.032471000  8.100000000 -0.053804814800
974.057495000  8.100000000 -0.053958892800
974.082520000  8.100000000 -0.053661465600
974.107483000  8.100000000 -0.052936971200
974.132507000  8.100000000 -0.051806271100
974.157471000  8.100000000 -0.050298869600
974.182495000  8.100000000 -0.048446953300
974.207520000  8.100000000 -0.046279430400
974.232483000  8.100000000 -0.043831765700
974.257507000  8.100000000 -0.041140615900
974.282471000  8.100000000 -0.038239955900
974.307495000  8.100000000 -0.035170614700
974.332520000  8.100000000 -0.031966269000
974.357483000  8.100000000 -0.028662979600
974.382507000  8.100000000 -0.025299191500
974.407471000  8.100000000 -0.021905303000
974.432495000  8.100000000 -0.018517077000
974.457520000  8.100000000 -0.015162825600
974.482483000  8.100000000 -0.011873245200
974.507507000  8.100000000 -0.008678138260
974.532471000  8.100000000 -0.005601942540
974.557495000  8.100000000 -0.002672374250
974.582520000  8.100000000 0.000088512898
974.607483000  8.100000000 0.002661347390
974.632507000  8.100000000 0.005031228070
974.657471000  8.100000000 0.007183253770
974.682495000  8.100000000 0.009106993680
974.707520000  8.100000000 0.010798871500
974.732483000  8.100000000 0.012249648600
974.757507000  8.100000000 0.013461411000
974.782471000  8.100000000 0.014430582500
974.807495000  8.100000000 0.015160441400
974.832520000  8.100000000 0.015659332300
974.857483000  8.100000000 0.015933811700
974.882507000  8.100000000 0.015999376800
974.907471000  8.100000000 0.015870928800
974.932495000  8.100000000 0.015569627300
974.957520000  8.100000000 0.015111863600
974.982483000  8.100000000 0.014522671700
975.007507000  8.100000000 0.013821423100
975.032471000  8.100000000 0.013031661500
975.057495000  8.100000000 0.012173652600
975.082520000  8.100000000 0.011265873900
975.107483000  8.100000000 0.010328292800
975.132507000  8.100000000 0.009376406670
975.157471000  8.100000000 0.008426010610
975.182495000  8.100000000 0.007489919660
975.207520000  8.100000000 0.006578564640
975.232483000  8.100000000 0.005703568460
975.257507000  8.100000000 0.004871785640
975.282471000  8.100000000 0.004087388520
975.307495000  8.100000000 0.003358423710
975.332520000  8.100000000 0.002683699130
975.357483000  8.100000000 0.002064704900
975.382507000  8.100000000 0.001503229140
975.407471000  8.100000000 0.000994801521
975.432495000  8.100000000 0.000536739826
975.457520000  8.100000000 0.000122487545
975.482483000  8.100000000 -0.000255107880
975.507507000  8.100000000 -0.000605285168
975.532471000  8.100000000 -0.000937283039
975.557495000  8.100000000 -0.001262128350
975.582520000  8.100000000 -0.001591742040
975.607483000  8.100000000 -0.001935660840
975.632507000  8.100000000 -0.002307593820
975.657471000  8.100000000 -0.002714991570
975.682495000  8.100000000 -0.003165900710
975.707520000  8.100000000 -0.003671646120
975.732483000  8.100000000 -0.004237294200
975.757507000  8.100000000 -0.004872381690
975.782471000  8.100000000 -0.005581676960
975.807495000  8.100000000 -0.006371736530
975.832520000  8.100000000 -0.007242262360
975.857483000  8.100000000 -0.008199512960
975.882507000  8.100000000 -0.009243190290
975.907471000  8.100000000 -0.010376274600
975.932495000  8.100000000 -0.011595189600
975.957520000  8.100000000 -0.012901425400
975.982483000  8.100000000 -0.014288723500
976.007507000  8.100000000 -0.015755891800
976.032471000  8.100000000 -0.017298162000
976.057495000  8.100000000 -0.018912851800
976.082520000  8.100000000 -0.020595192900
976.107483000  8.100000000 -0.022340714900
976.132507000  8.100000000 -0.024145841600
976.157471000  8.100000000 -0.026006400600
976.182495000  8.100000000 -0.027920305700
976.207520000  8.100000000 -0.029885470900
976.232483000  8.100000000 -0.031900405900
976.257507000  8.100000000 -0.033962428600
976.282471000  8.100000000 -0.036077201400
976.307495000  8.100000000 -0.038241148000
976.332520000  8.100000000 -0.040465891400
976.357483000  8.100000000 -0.042751729500
976.382507000  8.100000000 -0.045104324800
976.407471000  8.100000000 -0.047529637800
976.432495000  8.100000000 -0.050030946700
976.457520000  8.100000000 -0.052608251600
976.482483000  8.100000000 -0.055268704900
976.507507000  8.100000000 -0.058007836300
976.532471000  8.100000000 -0.060828626200
976.557495000  8.100000000 -0.063725113900
976.582520000  8.100000000 -0.066695809400
976.607483000  8.100000000 -0.069733560100
976.632507000  8.100000000 -0.072828233200
976.657471000  8.100000000 -0.075971633200
976.682495000  8.100000000 -0.079150497900
976.707520000  8.100000000 -0.082354247600
976.732483000  8.100000000 -0.085569769100
976.757507000  8.100000000 -0.088785439700
976.782471000  8.100000000 -0.091986805200
976.807495000  8.100000000 -0.095158964400
976.832520000  8.100000000 -0.098286122100
976.857483000  8.100000000 -0.101352930000
976.882507000  8.100000000 -0.104340762000
976.907471000  8.100000000 -0.107236505000
976.932495000  8.100000000 -0.110020936000
976.957520000  8.100000000 -0.112679303000
976.982483000  8.100000000 -0.115193799000
977.007507000  8.100000000 -0.117546171000
977.032471000  8.100000000 -0.119720697000
977.057495000  8.100000000 -0.121701211000
977.082520000  8.100000000 -0.123472288000
977.107483000  8.100000000 -0.125020444000
977.132507000  8.100000000 -0.126335591000
977.157471000  8.100000000 -0.127409518000
977.182495000  8.100000000 -0.128236726000
977.207520000  8.100000000 -0.128813401000
977.232483000  8.100000000 -0.129139259000
977.257507000  8.100000000 -0.129212886000
977.282471000  8.100000000 -0.129037544000
977.307495000  8.100000000 -0.128616929000
977.332520000  8.100000000 -0.127957016000
977.357483000  8.100000000 -0.127064735000
977.382507000  8.100000000 -0.125950053000
977.407471000  8.100000000 -0.124623850000
977.432495000  8.100000000 -0.123098940000
977.457520000  8.100000000 -0.121387765000
977.482483000  8.100000000 -0.119505376000
977.507507000  8.100000000 -0.117465407000
977.532471000  8.100000000 -0.115280747000
977.557495000  8.100000000 -0.112964213000
977.582520000  8.100000000 -0.110529661000
977.607483000  8.100000000 -0.107990950000
977.632507000  8.100000000 -0.105362236000
977.657471000  8.100000000 -0.102658719000
977.682495000  8.100000000 -0.099896341600
977.707520000  8.100000000 -0.097087770700
977.732483000  8.100000000 -0.094251334700
977.757507000  8.100000000 -0.091399997500
977.782471000  8.100000000 -0.088549107300
977.807495000  8.100000000 -0.085711479200
977.832520000  8.100000000 -0.082899928100
977.857483000  8.100000000 -0.080122649700
977.882507000  8.100000000 -0.077390372800
977.907471000  8.100000000 -0.074714422200
977.932495000  8.100000000 -0.072097480300
977.957520000  8.100000000 -0.069545507400
977.982483000  8.100000000 -0.067065954200
978.007507000  8.100000000 -0.064660310700
978.032471000  8.100000000 -0.062332153300
978.057495000  8.100000000 -0.060076713600
978.082520000  8.100000000 -0.057897269700
978.107483000  8.100000000 -0.055789053400
978.132507000  8.100000000 -0.053751468700
978.157471000  8.100000000 -0.051780641100
978.182495000  8.100000000 -0.049872696400
978.207520000  8.100000000 -0.048026442500
978.232483000  8.100000000 -0.046228170400
978.257507000  8.100000000 -0.044472515600
978.282471000  8.100000000 -0.042750537400
978.307495000  8.100000000 -0.041050016900
978.332520000  8.100000000 -0.039364695500
978.357483000  8.100000000 -0.037682354500
978.382507000  8.100000000 -0.035995543000
978.407471000  8.100000000 -0.034296512600
978.432495000  8.100000000 -0.032577514600
978.457520000  8.100000000 -0.030831098600
978.482483000  8.100000000 -0.029050409800
978.507507000  8.100000000 -0.027230978000
978.532471000  8.100000000 -0.025369823000
978.557495000  8.100000000 -0.023465454600
978.582520000  8.100000000 -0.021519064900
978.607483000  8.100000000 -0.019538700600
978.632507000  8.100000000 -0.017530620100
978.657471000  8.100000000 -0.015504062200
978.682495000  8.100000000 -0.013469755600
978.707520000  8.100000000 -0.011439919500
978.732483000  8.100000000 -0.009427070620
978.757507000  8.100000000 -0.007451772690
978.782471000  8.100000000 -0.005524754520
978.807495000  8.100000000 -0.003667473790
978.832520000  8.100000000 -0.001894533630
978.857483000  8.100000000 -0.000223517418
978.882507000  8.100000000 0.001333653930
978.907471000  8.100000000 0.002761781220
978.932495000  8.100000000 0.004052519800
978.957520000  8.100000000 0.005196332930
978.982483000  8.100000000 0.006188452240
979.007507000  8.100000000 0.007022619250
979.032471000  8.100000000 0.007692277430
979.057495000  8.100000000 0.008195936680
979.082520000  8.100000000 0.008535385130
979.107483000  8.100000000 0.008710622790
979.132507000  8.100000000 0.008728206160
979.157471000  8.100000000 0.008593201640
979.182495000  8.100000000 0.008313953880
979.207520000  8.100000000 0.007902681830
979.232483000  8.100000000 0.007370710370
979.257507000  8.100000000 0.006731450560
979.282471000  8.100000000 0.005995333190
979.307495000  8.100000000 0.005178451540
979.332520000  8.100000000 0.004289746280
979.357483000  8.100000000 0.003343820570
979.382507000  8.100000000 0.002350509170
979.407471000  8.100000000 0.001319944860
979.432495000  8.100000000 0.000258982182
979.457520000  8.100000000 -0.000823140144
979.482483000  8.100000000 -0.001922547820
979.507507000  8.100000000 -0.003034472470
979.532471000  8.100000000 -0.004153251650
979.557495000  8.100000000 -0.005275011060
979.582520000  8.100000000 -0.006396770480
979.607483000  8.100000000 -0.007511675360
979.632507000  8.100000000 -0.008618831630
979.657471000  8.100000000 -0.009711980820
979.682495000  8.100000000 -0.010789036800
979.707520000  8.100000000 -0.011846423100
979.732483000  8.100000000 -0.012882351900
979.757507000  8.100000000 -0.013891160500
979.782471000  8.100000000 -0.014872849000
979.807495000  8.100000000 -0.015822351000
979.832520000  8.100000000 -0.016737878300
979.857483000  8.100000000 -0.017619133000
979.882507000  8.100000000 -0.018465519000
979.907471000  8.100000000 -0.019278526300
979.932495000  8.100000000 -0.020059049100
979.957520000  8.100000000 -0.020810961700
979.982483000  8.100000000 -0.021532177900
980.007507000  8.100000000 -0.022229254200
980.032471000  8.100000000 -0.022898316400
980.057495000  8.100000000 -0.023542642600
980.082520000  8.100000000 -0.024163723000
980.107483000  8.100000000 -0.024761557600
980.132507000  8.100000000 -0.025339424600
980.157471000  8.100000000 -0.025895535900
980.182495000  8.100000000 -0.026432871800
980.207520000  8.100000000 -0.026949942100
980.232483000  8.100000000 -0.027443468600
980.257507000  8.100000000 -0.027913749200
980.282471000  8.100000000 -0.028360486000
980.307495000  8.100000000 -0.028784573100
980.332520000  8.100000000 -0.029185414300
980.357483000  8.100000000 -0.029565393900
980.382507000  8.100000000 -0.029929280300
980.407471000  8.100000000 -0.030282437800
980.432495000  8.100000000 -0.030632913100
980.457520000  8.100000000 -0.030995309400
980.482483000  8.100000000 -0.031378269200
980.507507000  8.100000000 -0.031806528600
980.532471000  8.100000000 -0.032294988600
980.557495000  8.100000000 -0.032867491200
980.582520000  8.100000000 -0.033542513800
980.607483000  8.100000000 -0.034345388400
980.632507000  8.100000000 -0.035288333900
980.657471000  8.100000000 -0.036399364500
980.682495000  8.100000000 -0.037686228800
980.707520000  8.100000000 -0.039170980500
980.732483000  8.100000000 -0.040862560300
980.757507000  8.100000000 -0.042772889100
980.782471000  8.100000000 -0.044908523600
980.807495000  8.100000000 -0.047277808200
980.832520000  8.100000000 -0.049880147000
980.857483000  8.100000000 -0.052722692500
980.882507000  8.100000000 -0.055800080300
980.907471000  8.100000000 -0.059111714400
980.932495000  8.100000000 -0.062651038200
980.957520000  8.100000000 -0.066405534700
980.982483000  8.100000000 -0.070372223900
981.007507000  8.100000000 -0.074533820200
981.032471000  8.100000000 -0.078880190800
981.057495000  8.100000000 -0.083388686200
981.082520000  8.100000000 -0.088046789200
981.107483000  8.100000000 -0.092842578900
981.132507000  8.100000000 -0.097751617400
981.157471000  8.100000000 -0.102763772000
981.182495000  8.100000000 -0.107864738000
981.207520000  8.100000000 -0.113040805000
981.232483000  8.100000000 -0.118283033000
981.257507000  8.100000000 -0.123579502000
981.282471000  8.100000000 -0.128926039000
981.307495000  8.100000000 -0.134313107000
981.332520000  8.100000000 -0.139732957000
981.357483000  8.100000000 -0.145179033000
981.382507000  8.100000000 -0.150646567000
981.407471000  8.100000000 -0.156136751000
981.432495000  8.100000000 -0.161640048000
981.457520000  8.100000000 -0.167155862000
981.482483000  8.100000000 -0.172687769000
981.507507000  8.100000000 -0.178228617000
981.532471000  8.100000000 -0.183778405000
981.557495000  8.100000000 -0.189340115000
981.582520000  8.100000000 -0.194909573000
981.607483000  8.100000000 -0.200483799000
981.632507000  8.100000000 -0.206062198000
981.657471000  8.100000000 -0.211634636000
981.682495000  8.100000000 -0.217193365000
981.707520000  8.100000000 -0.222738385000
981.732483000  8.100000000 -0.228246450000
981.757507000  8.100000000 -0.233711004000
981.782471000  8.100000000 -0.239109993000
981.807495000  8.100000000 -0.244425535000
981.832520000  8.100000000 -0.249633789000
981.857483000  8.100000000 -0.254713297000
981.882507000  8.100000000 -0.259643793000
981.907471000  8.100000000 -0.264395475000
981.932495000  8.100000000 -0.268952847000
981.957520000  8.100000000 -0.273275375000
981.982483000  8.100000000 -0.277349949000
982.007507000  8.100000000 -0.281143188000
982.032471000  8.100000000 -0.284638405000
982.057495000  8.100000000 -0.287798643000
982.082520000  8.100000000 -0.290606022000
982.107483000  8.100000000 -0.293040276000
982.132507000  8.100000000 -0.295077562000
982.157471000  8.100000000 -0.296701193000
982.182495000  8.100000000 -0.297883749000
982.207520000  8.100000000 -0.298624039000
982.232483000  8.100000000 -0.298895836000
982.257507000  8.100000000 -0.298701525000
982.282471000  8.100000000 -0.298023224000
982.307495000  8.100000000 -0.296857357000
982.332520000  8.100000000 -0.295206308000
982.357483000  8.100000000 -0.293073654000
982.382507000  8.100000000 -0.290439129000
982.407471000  8.100000000 -0.287332535000
982.432495000  8.100000000 -0.283734798000
982.457520000  8.100000000 -0.279678106000
982.482483000  8.100000000 -0.275138617000
982.507507000  8.100000000 -0.270141363000
982.532471000  8.100000000 -0.264681578000
982.557495000  8.100000000 -0.258760452000
982.582520000  8.100000000 -0.252387524000
982.607483000  8.100000000 -0.245554447000
982.632507000  8.100000000 -0.238264799000
982.657471000  8.100000000 -0.230522156000
982.682495000  8.100000000 -0.222318172000
982.707520000  8.100000000 -0.213658810000
982.732483000  8.100000000 -0.204541683000
982.757507000  8.100000000 -0.194976330000
982.782471000  8.100000000 -0.184953213000
982.807495000  8.100000000 -0.174493790000
982.832520000  8.100000000 -0.163609982000
982.857483000  8.100000000 -0.152297020000
982.882507000  8.100000000 -0.140566826000
982.907471000  8.100000000 -0.128450394000
982.932495000  8.100000000 -0.115954876000
982.957520000  8.100000000 -0.103077888000
982.982483000  8.100000000 -0.089871883400
983.007507000  8.100000000 -0.076322555500
983.032471000  8.100000000 -0.062465667700
983.057495000  8.100000000 -0.048315525100
983.082520000  8.100000000 -0.033886432600
983.107483000  8.100000000 -0.019216537500
983.132507000  8.100000000 -0.004308223720
983.157471000  8.100000000 0.010795593300
983.182495000  8.100000000 0.026092529300
983.207520000  8.100000000 0.041537284900
983.232483000  8.100000000 0.057129859900
983.257507000  8.100000000 0.072832107500
983.282471000  8.100000000 0.088620185900
983.307495000  8.100000000 0.104482174000
983.332520000  8.100000000 0.120396614000
983.357483000  8.100000000 0.136346817000
983.382507000  8.100000000 0.152297020000
983.407471000  8.100000000 0.168247223000
983.432495000  8.100000000 0.184156895000
983.457520000  8.100000000 0.200030804000
983.482483000  8.100000000 0.215837955000
983.507507000  8.100000000 0.231568813000
983.532471000  8.100000000 0.247206688000
983.557495000  8.100000000 0.262722969000
983.582520000  8.100000000 0.278117657000
983.607483000  8.100000000 0.293370485000
983.632507000  8.100000000 0.308464766000
983.657471000  8.100000000 0.323387384000
983.682495000  8.100000000 0.338120461000
983.707520000  8.100000000 0.352658033000
983.732483000  8.100000000 0.366984606000
983.757507000  8.100000000 0.381094217000
983.782471000  8.100000000 0.394974947000
983.807495000  8.100000000 0.408625603000
983.832520000  8.100000000 0.422048569000
983.857483000  8.100000000 0.435235500000
983.882507000  8.100000000 0.448180437000
983.907471000  8.100000000 0.460890532000
983.932495000  8.100000000 0.473365784000
983.957520000  8.100000000 0.485608578000
983.982483000  8.100000000 0.497610569000
984.007507000  8.100000000 0.509387255000
984.032471000  8.100000000 0.520931482000
984.057495000  8.100000000 0.532249212000
984.082520000  8.100000000 0.543349981000
984.107483000  8.100000000 0.554230213000
984.132507000  8.100000000 0.564899445000
984.157471000  8.100000000 0.575367808000
984.182495000  8.100000000 0.585636497000
984.207520000  8.100000000 0.595715642000
984.232483000  8.100000000 0.605611205000
984.257507000  8.100000000 0.615336299000
984.282471000  8.100000000 0.624894500000
984.307495000  8.100000000 0.634299517000
984.332520000  8.100000000 0.643557310000
984.357483000  8.100000000 0.652675629000
984.382507000  8.100000000 0.661664009000
984.407471000  8.100000000 0.670532286000
984.432495000  8.100000000 0.679285824000
984.457520000  8.100000000 0.687936544000
984.482483000  8.100000000 0.696485937000
984.507507000  8.100000000 0.704941690000
984.532471000  8.100000000 0.713306069000
984.557495000  8.100000000 0.721577883000
984.582520000  8.100000000 0.729754686000
984.607483000  8.100000000 0.737829745000
984.632507000  8.100000000 0.745792270000
984.657471000  8.100000000 0.753628910000
984.682495000  8.100000000 0.761322081000
984.707520000  8.100000000 0.768852532000
984.732483000  8.100000000 0.776195228000
984.757507000  8.100000000 0.783322453000
984.782471000  8.100000000 0.790203214000
984.807495000  8.100000000 0.796809196000
984.832520000  8.100000000 0.803099275000
984.857483000  8.100000000 0.809030533000
984.882507000  8.100000000 0.814571977000
984.907471000  8.100000000 0.819661617000
984.932495000  8.100000000 0.824261904000
984.957520000  8.100000000 0.828317404000
984.982483000  8.100000000 0.831776857000
985.007507000  8.100000000 0.834589005000
985.032471000  8.100000000 0.836707354000
985.057495000  8.100000000 0.838075876000
985.082520000  8.100000000 0.838639736000
985.107483000  8.100000000 0.838361979000
985.132507000  8.100000000 0.837169886000
985.157471000  8.100000000 0.835045576000
985.182495000  8.100000000 0.831935406000
985.207520000  8.100000000 0.827801228000
985.232483000  8.100000000 0.822610855000
985.257507000  8.100000000 0.816340446000
985.282471000  8.100000000 0.808973312000
985.307495000  8.100000000 0.800487995000
985.332520000  8.100000000 0.790860653000
985.357483000  8.100000000 0.780107975000
985.382507000  8.100000000 0.768225193000
985.407471000  8.100000000 0.755209923000
985.432495000  8.100000000 0.741097927000
985.457520000  8.100000000 0.725896358000
985.482483000  8.100000000 0.709633827000
985.507507000  8.100000000 0.692329407000
985.532471000  8.100000000 0.674049854000
985.557495000  8.100000000 0.654807091000
985.582520000  8.100000000 0.634641647000
985.607483000  8.100000000 0.613625050000
985.632507000  8.100000000 0.591766834000
985.657471000  8.100000000 0.569157600000
985.682495000  8.100000000 0.545821190000
985.707520000  8.100000000 0.521838665000
985.732483000  8.100000000 0.497255325000
985.757507000  8.100000000 0.472135544000
985.782471000  8.100000000 0.446538925000
985.807495000  8.100000000 0.420534611000
985.832520000  8.100000000 0.394170284000
985.857483000  8.100000000 0.367527008000
985.882507000  8.100000000 0.340664387000
985.907471000  8.100000000 0.313630104000
985.932495000  8.100000000 0.286498070000
985.957520000  8.100000000 0.259337425000
985.982483000  8.100000000 0.232195854000
986.007507000  8.100000000 0.205144882000
986.032471000  8.100000000 0.178225040000
986.057495000  8.100000000 0.151503086000
986.082520000  8.100000000 0.124998093000
986.107483000  8.100000000 0.098819732700
986.132507000  8.100000000 0.072970390300
986.157471000  8.100000000 0.047507286100
986.182495000  8.100000000 0.022478103600
986.207520000  8.100000000 -0.002088546750
986.232483000  8.100000000 -0.026125907900
986.257507000  8.100000000 -0.049653053300
986.282471000  8.100000000 -0.072584152200
986.307495000  8.100000000 -0.094943046600
986.332520000  8.100000000 -0.116670132000
986.357483000  8.100000000 -0.137786865000
986.382507000  8.100000000 -0.158262253000
986.407471000  8.100000000 -0.178079605000
986.432495000  8.100000000 -0.197274685000
986.457520000  8.100000000 -0.215833187000
986.482483000  8.100000000 -0.233755112000
986.507507000  8.100000000 -0.251092911000
986.532471000  8.100000000 -0.267817974000
986.557495000  8.100000000 -0.283987522000
986.582520000  8.100000000 -0.299606323000
986.607483000  8.100000000 -0.314688683000
986.632507000  8.100000000 -0.329284668000
986.657471000  8.100000000 -0.343379974000
986.682495000  8.100000000 -0.357050896000
986.707520000  8.100000000 -0.370271206000
986.732483000  8.100000000 -0.383100510000
986.757507000  8.100000000 -0.395557880000
986.782471000  8.100000000 -0.407662392000
986.807495000  8.100000000 -0.419456959000
986.832520000  8.100000000 -0.430965424000
986.857483000  8.100000000 -0.442223549000
986.882507000  8.100000000 -0.453255177000
986.907471000  8.100000000 -0.464091301000
986.932495000  8.100000000 -0.474777222000
986.957520000  8.100000000 -0.485324860000
986.982483000  8.100000000 -0.495748520000
987.007507000  8.100000000 -0.506100655000
987.032471000  8.100000000 -0.516343117000
987.057495000  8.100000000 -0.526545048000
987.082520000  8.100000000 -0.536665916000
987.107483000  8.100000000 -0.546729565000
987.132507000  8.100000000 -0.556724072000
987.157471000  8.100000000 -0.566663742000
987.182495000  8.100000000 -0.576498508000
987.207520000  8.100000000 -0.586242676000
987.232483000  8.100000000 -0.595862865000
987.257507000  8.100000000 -0.605325699000
987.282471000  8.100000000 -0.614609718000
987.307495000  8.100000000 -0.623667240000
987.332520000  8.100000000 -0.632452965000
987.357483000  8.100000000 -0.640954971000
987.382507000  8.100000000 -0.649096966000
987.407471000  8.100000000 -0.656867027000
987.432495000  8.100000000 -0.664196014000
987.457520000  8.100000000 -0.671050549000
987.482483000  8.100000000 -0.677392483000
987.507507000  8.100000000 -0.683181286000
987.532471000  8.100000000 -0.688375235000
987.557495000  8.100000000 -0.692934990000
987.582520000  8.100000000 -0.696853399000
987.607483000  8.100000000 -0.700068474000
987.632507000  8.100000000 -0.702568293000
987.657471000  8.100000000 -0.704327822000
987.682495000  8.100000000 -0.705319643000
987.707520000  8.100000000 -0.705525875000
987.732483000  8.100000000 -0.704923868000
987.757507000  8.100000000 -0.703516006000
987.782471000  8.100000000 -0.701280832000
987.807495000  8.100000000 -0.698217154000
987.832520000  8.100000000 -0.694335699000
987.857483000  8.100000000 -0.689629316000
987.882507000  8.100000000 -0.684120059000
987.907471000  8.100000000 -0.677821636000
987.932495000  8.100000000 -0.670757294000
987.957520000  8.100000000 -0.662947893000
987.982483000  8.100000000 -0.654426813000
988.007507000  8.100000000 -0.645228922000
988.032471000  8.100000000 -0.635383725000
988.057495000  8.100000000 -0.624929965000
988.082520000  8.100000000 -0.613903105000
988.107483000  8.100000000 -0.602335215000
988.132507000  8.100000000 -0.590266466000
988.157471000  8.100000000 -0.577726841000
988.182495000  8.100000000 -0.564752638000
988.207520000  8.100000000 -0.551376164000
988.232483000  8.100000000 -0.537628412000
988.257507000  8.100000000 -0.523539722000
988.282471000  8.100000000 -0.509139836000
988.307495000  8.100000000 -0.494461656000
988.332520000  8.100000000 -0.479532331000
988.357483000  8.100000000 -0.464383066000
988.382507000  8.100000000 -0.449045599000
988.407471000  8.100000000 -0.433548689000
988.432495000  8.100000000 -0.417922735000
988.457520000  8.100000000 -0.402198434000
988.482483000  8.100000000 -0.386408269000
988.507507000  8.100000000 -0.370578766000
988.532471000  8.100000000 -0.354746580000
988.557495000  8.100000000 -0.338941216000
988.582520000  8.100000000 -0.323191881000
988.607483000  8.100000000 -0.307533145000
988.632507000  8.100000000 -0.291996598000
988.657471000  8.100000000 -0.276607275000
988.682495000  8.100000000 -0.261397362000
988.707520000  8.100000000 -0.246391892000
988.732483000  8.100000000 -0.231617093000
988.757507000  8.100000000 -0.217095613000
988.782471000  8.100000000 -0.202851295000
988.807495000  8.100000000 -0.188903809000
988.832520000  8.100000000 -0.175276399000
988.857483000  8.100000000 -0.161989331000
988.882507000  8.100000000 -0.149055123000
988.907471000  8.100000000 -0.136504173000
988.932495000  8.100000000 -0.124343038000
988.957520000  8.100000000 -0.112584829000
988.982483000  8.100000000 -0.101247430000
989.007507000  8.100000000 -0.090339779900
989.032471000  8.100000000 -0.079875588400
989.057495000  8.100000000 -0.069864988300
989.082520000  8.100000000 -0.060313344000
989.107483000  8.100000000 -0.051236152600
989.132507000  8.100000000 -0.042645931200
989.157471000  8.100000000 -0.034546852100
989.182495000  8.100000000 -0.026955604600
989.207520000  8.100000000 -0.019878149000
989.232483000  8.100000000 -0.013333559000
989.257507000  8.100000000 -0.007326602940
989.282471000  8.100000000 -0.001871585850
989.307495000  8.100000000 0.003026723860
989.332520000  8.100000000 0.007363557820
989.357483000  8.100000000 0.011128187200
989.382507000  8.100000000 0.014322996100
989.407471000  8.100000000 0.016956329300
989.432495000  8.100000000 0.019012689600
989.457520000  8.100000000 0.020523071300
989.482483000  8.100000000 0.021477937700
989.507507000  8.100000000 0.021893978100
989.532471000  8.100000000 0.021784305600
989.557495000  8.100000000 0.021167397500
989.582520000  8.100000000 0.020059347200
989.607483000  8.100000000 0.018489956900
989.632507000  8.100000000 0.016475319900
989.657471000  8.100000000 0.014042854300
989.682495000  8.100000000 0.011225938800
989.707520000  8.100000000 0.008044838910
989.732483000  8.100000000 0.004546046260
989.757507000  8.100000000 0.000751614571
989.782471000  8.100000000 -0.003294944760
989.807495000  8.100000000 -0.007551908490
989.832520000  8.100000000 -0.011984705900
989.857483000  8.100000000 -0.016545057300
989.882507000  8.100000000 -0.021198391900
989.907471000  8.100000000 -0.025895237900
989.932495000  8.100000000 -0.030596852300
989.957520000  8.100000000 -0.035259723700
989.982483000  8.100000000 -0.039840936700
990.007507000  8.100000000 -0.044299364100
990.032471000  8.100000000 -0.048594474800
990.057495000  8.100000000 -0.052697658500
990.082520000  8.100000000 -0.056557655300
990.107483000  8.100000000 -0.060163736300
990.132507000  8.100000000 -0.063470602000
990.157471000  8.100000000 -0.066468715700
990.182495000  8.100000000 -0.069121122400
990.207520000  8.100000000 -0.071415901200
990.232483000  8.100000000 -0.073337554900
990.257507000  8.100000000 -0.074869394300
990.282471000  8.100000000 -0.075995922100
990.307495000  8.100000000 -0.076720714600
990.332520000  8.100000000 -0.077028274500
990.357483000  8.100000000 -0.076919794100
990.382507000  8.100000000 -0.076396465300
990.407471000  8.100000000 -0.075455904000
990.432495000  8.100000000 -0.074104070700
990.457520000  8.100000000 -0.072340965300
990.482483000  8.100000000 -0.070165395700
990.507507000  8.100000000 -0.067584514600
990.532471000  8.100000000 -0.064600706100
990.557495000  8.100000000 -0.061209201800
990.582520000  8.100000000 -0.057418346400
990.607483000  8.100000000 -0.053230524100
990.632507000  8.100000000 -0.048642158500
990.657471000  8.100000000 -0.043665170700
990.682495000  8.100000000 -0.038301944700
990.707520000  8.100000000 -0.032550096500
990.732483000  8.100000000 -0.026427507400
990.757507000  8.100000000 -0.019930601100
990.782471000  8.100000000 -0.013086795800
990.807495000  8.100000000 -0.005892515180
990.832520000  8.100000000 0.001639127730
990.857483000  8.100000000 0.009490251540
990.882507000  8.100000000 0.017650127400
990.907471000  8.100000000 0.026113987000
990.932495000  8.100000000 0.034848451600
990.957520000  8.100000000 0.043853521300
990.982483000  8.100000000 0.053091049200
991.007507000  8.100000000 0.062545537900
991.032471000  8.100000000 0.072190761600
991.057495000  8.100000000 0.081998109800
991.082520000  8.100000000 0.091942548800
991.107483000  8.100000000 0.101995468000
991.132507000  8.100000000 0.112129450000
991.157471000  8.100000000 0.122301579000
991.182495000  8.100000000 0.132495165000
991.207520000  8.100000000 0.142661333000
991.232483000  8.100000000 0.152776241000
991.257507000  8.100000000 0.162794590000
991.282471000  8.100000000 0.172692537000
991.307495000  8.100000000 0.182425976000
991.332520000  8.100000000 0.191971064000
991.357483000  8.100000000 0.201286674000
991.382507000  8.100000000 0.210350752000
991.407471000  8.100000000 0.219131708000
991.432495000  8.100000000 0.227603912000
991.457520000  8.100000000 0.235731006000
991.482483000  8.100000000 0.243493319000
991.507507000  8.100000000 0.250858665000
991.532471000  8.100000000 0.257802606000
991.557495000  8.100000000 0.264300704000
991.582520000  8.100000000 0.270330310000
991.607483000  8.100000000 0.275872350000
991.632507000  8.100000000 0.280905962000
991.657471000  8.100000000 0.285416842000
991.682495000  8.100000000 0.289394259000
991.707520000  8.100000000 0.292819738000
991.732483000  8.100000000 0.295698643000
991.757507000  8.100000000 0.298022628000
991.782471000  8.100000000 0.299800038000
991.807495000  8.100000000 0.301039815000
991.832520000  8.100000000 0.301747024000
991.857483000  8.100000000 0.301940441000
991.882507000  8.100000000 0.301633179000
991.907471000  8.100000000 0.300842226000
991.932495000  8.100000000 0.299583972000
991.957520000  8.100000000 0.297876894000
991.982483000  8.100000000 0.295733809000
992.007507000  8.100000000 0.293168426000
992.032471000  8.100000000 0.290192962000
992.057495000  8.100000000 0.286814272000
992.082520000  8.100000000 0.283043087000
992.107483000  8.100000000 0.278886110000
992.132507000  8.100000000 0.274352282000
992.157471000  8.100000000 0.269449502000
992.182495000  8.100000000 0.264187515000
992.207520000  8.100000000 0.258575529000
992.232483000  8.100000000 0.252622902000
992.257507000  8.100000000 0.246341258000
992.282471000  8.100000000 0.239741877000
992.307495000  8.100000000 0.232837826000
992.332520000  8.100000000 0.225643516000
992.357483000  8.100000000 0.218173191000
992.382507000  8.100000000 0.210443884000
992.407471000  8.100000000 0.202471539000
992.432495000  8.100000000 0.194274038000
992.457520000  8.100000000 0.185870230000
992.482483000  8.100000000 0.177275836000
992.507507000  8.100000000 0.168510973000
992.532471000  8.100000000 0.159590393000
992.557495000  8.100000000 0.150531828000
992.582520000  8.100000000 0.141351074000
992.607483000  8.100000000 0.132063627000
992.632507000  8.100000000 0.122685432000
992.657471000  8.100000000 0.113233030000
992.682495000  8.100000000 0.103725493000
992.707520000  8.100000000 0.094181299200
992.732483000  8.100000000 0.084618330000
992.757507000  8.100000000 0.075056552900
992.782471000  8.100000000 0.065514743300
992.807495000  8.100000000 0.056013464900
992.832520000  8.100000000 0.046572387200
992.857483000  8.100000000 0.037213563900
992.882507000  8.100000000 0.027955770500
992.907471000  8.100000000 0.018820166600
992.932495000  8.100000000 0.009820759300
992.957520000  8.100000000 0.000975131989
992.982483000  8.100000000 -0.007705092430
993.007507000  8.100000000 -0.016206800900
993.032471000  8.100000000 -0.024516582500
993.057495000  8.100000000 -0.032624304300
993.082520000  8.100000000 -0.040517449400
993.107483000  8.100000000 -0.048185885000
993.132507000  8.100000000 -0.055619478200
993.157471000  8.100000000 -0.062811374700
993.182495000  8.100000000 -0.069755911800
993.207520000  8.100000000 -0.076449513400
993.232483000  8.100000000 -0.082888603200
993.257507000  8.100000000 -0.089069902900
993.282471000  8.100000000 -0.094986259900
993.307495000  8.100000000 -0.100632906000
993.332520000  8.100000000 -0.105999708000
993.357483000  8.100000000 -0.111077428000
993.382507000  8.100000000 -0.115857273000
993.407471000  8.100000000 -0.120333135000
993.432495000  8.100000000 -0.124496967000
993.457520000  8.100000000 -0.128342509000
993.482483000  8.100000000 -0.131864995000
993.507507000  8.100000000 -0.135057718000
993.532471000  8.100000000 -0.137917846000
993.557495000  8.100000000 -0.140443146000
993.582520000  8.100000000 -0.142634660000
993.607483000  8.100000000 -0.144493878000
993.632507000  8.100000000 -0.146025345000
993.657471000  8.100000000 -0.147232339000
993.682495000  8.100000000 -0.148119703000
993.707520000  8.100000000 -0.148691759000
993.732483000  8.100000000 -0.148954809000
993.757507000  8.100000000 -0.148913264000
993.782471000  8.100000000 -0.148571730000
993.807495000  8.100000000 -0.147935584000
993.832520000  8.100000000 -0.147008270000
993.857483000  8.100000000 -0.145792380000
993.882507000  8.100000000 -0.144291192000
993.907471000  8.100000000 -0.142507732000
993.932495000  8.100000000 -0.140444413000
993.957520000  8.100000000 -0.138107240000
993.982483000  8.100000000 -0.135500431000
994.007507000  8.100000000 -0.132630467000
994.032471000  8.100000000 -0.129502788000
994.057495000  8.100000000 -0.126121417000
994.082520000  8.100000000 -0.122491121000
994.107483000  8.100000000 -0.118613839000
994.132507000  8.100000000 -0.114493221000
994.157471000  8.100000000 -0.110130608000
994.182495000  8.100000000 -0.105529726000
994.207520000  8.100000000 -0.100688487000
994.232483000  8.100000000 -0.095608532400
994.257507000  8.100000000 -0.090285688600
994.282471000  8.100000000 -0.084721148000
994.307495000  8.100000000 -0.078910589200
994.332520000  8.100000000 -0.072853714200
994.357483000  8.100000000 -0.066551417100
994.382507000  8.100000000 -0.060003101800
994.407471000  8.100000000 -0.053214430800
994.432495000  8.100000000 -0.046190023400
994.457520000  8.100000000 -0.038937330200
994.482483000  8.100000000 -0.031463503800
994.507507000  8.100000000 -0.023779869100
994.532471000  8.100000000 -0.015895366700
994.557495000  8.100000000 -0.007823705670
994.582520000  8.100000000 0.000418722630
994.607483000  8.100000000 0.008815526960
994.632507000  8.100000000 0.017349720000
994.657471000  8.100000000 0.026004314400
994.682495000  8.100000000 0.034759044600
994.707520000  8.100000000 0.043597519400
994.732483000  8.100000000 0.052502453300
994.757507000  8.100000000 0.061453580900
994.782471000  8.100000000 0.070432722600
994.807495000  8.100000000 0.079417675700
994.832520000  8.100000000 0.088387727700
994.857483000  8.100000000 0.097314417400
994.882507000  8.100000000 0.106175840000
994.907471000  8.100000000 0.114946216000
994.932495000  8.100000000 0.123597533000
994.957520000  8.100000000 0.132102817000
994.982483000  8.100000000 0.140431821000
995.007507000  8.100000000 0.148551017000
995.032471000  8.100000000 0.156427324000
995.057495000  8.100000000 0.164026991000
995.082520000  8.100000000 0.171314627000
995.107483000  8.100000000 0.178260580000
995.132507000  8.100000000 0.184831202000
995.157471000  8.100000000 0.190996110000
995.182495000  8.100000000 0.196721837000
995.207520000  8.100000000 0.201979294000
995.232483000  8.100000000 0.206737161000
995.257507000  8.100000000 0.210968316000
995.282471000  8.100000000 0.214644819000
995.307495000  8.100000000 0.217742249000
995.332520000  8.100000000 0.220234767000
995.357483000  8.100000000 0.222102478000
995.382507000  8.100000000 0.223324895000
995.407471000  8.100000000 0.223888308000
995.432495000  8.100000000 0.223783106000
995.457520000  8.100000000 0.223008692000
995.482483000  8.100000000 0.221567750000
995.507507000  8.100000000 0.219465941000
995.532471000  8.100000000 0.216717422000
995.557495000  8.100000000 0.213330090000
995.582520000  8.100000000 0.209325552000
995.607483000  8.100000000 0.204721391000
995.632507000  8.100000000 0.199544430000
995.657471000  8.100000000 0.193818212000
995.682495000  8.100000000 0.187573433000
995.707520000  8.100000000 0.180835426000
995.732483000  8.100000000 0.173633099000
995.757507000  8.100000000 0.165994167000
995.782471000  8.100000000 0.157944858000
995.807495000  8.100000000 0.149516761000
995.832520000  8.100000000 0.140735209000
995.857483000  8.100000000 0.131629705000
995.882507000  8.100000000 0.122233033000
995.907471000  8.100000000 0.112569928000
995.932495000  8.100000000 0.102673769000
995.957520000  8.100000000 0.092569589600
995.982483000  8.100000000 0.082286000300
996.007507000  8.100000000 0.071843266500
996.032471000  8.100000000 0.061262846000
996.057495000  8.100000000 0.050560832000
996.082520000  8.100000000 0.039749741600
996.107483000  8.100000000 0.028842091600
996.132507000  8.100000000 0.017843842500
996.157471000  8.100000000 0.006763339040
996.182495000  8.100000000 -0.004392266270
996.207520000  8.100000000 -0.015614032700
996.232483000  8.100000000 -0.026899576200
996.257507000  8.100000000 -0.038236975700
996.282471000  8.100000000 -0.049619674700
996.307495000  8.100000000 -0.061035752300
996.332520000  8.100000000 -0.072470903400
996.357483000  8.100000000 -0.083913803100
996.382507000  8.100000000 -0.095344185800
996.407471000  8.100000000 -0.106754303000
996.432495000  8.100000000 -0.118114352000
996.457520000  8.100000000 -0.129407048000
996.482483000  8.100000000 -0.140606165000
996.507507000  8.100000000 -0.151681006000
996.532471000  8.100000000 -0.162601471000
996.557495000  8.100000000 -0.173335969000
996.582520000  8.100000000 -0.183846951000
996.607483000  8.100000000 -0.194096863000
996.632507000  8.100000000 -0.204046071000
996.657471000  8.100000000 -0.213652253000
996.682495000  8.100000000 -0.222872794000
996.707520000  8.100000000 -0.231666565000
996.732483000  8.100000000 -0.239994228000
996.757507000  8.100000000 -0.247815549000
996.782471000  8.100000000 -0.255095065000
996.807495000  8.100000000 -0.261799097000
996.832520000  8.100000000 -0.267898291000
996.857483000  8.100000000 -0.273367614000
996.882507000  8.100000000 -0.278183669000
996.907471000  8.100000000 -0.282326788000
996.932495000  8.100000000 -0.285782576000
996.957520000  8.100000000 -0.288540095000
996.982483000  8.100000000 -0.290590942000
997.007507000  8.100000000 -0.291930199000
997.032471000  8.100000000 -0.292556375000
997.057495000  8.100000000 -0.292469859000
997.082520000  8.100000000 -0.291678250000
997.107483000  8.100000000 -0.290189981000
997.132507000  8.100000000 -0.288020313000
997.157471000  8.100000000 -0.285190046000
997.182495000  8.100000000 -0.281724185000
997.207520000  8.100000000 -0.277653635000
997.232483000  8.100000000 -0.273013711000
997.257507000  8.100000000 -0.267848969000
997.282471000  8.100000000 -0.262205601000
997.307495000  8.100000000 -0.256139636000
997.332520000  8.100000000 -0.249704719000
997.357483000  8.100000000 -0.242962837000
997.382507000  8.100000000 -0.235974491000
997.407471000  8.100000000 -0.228801966000
997.432495000  8.100000000 -0.221510828000
997.457520000  8.100000000 -0.214163661000
997.482483000  8.100000000 -0.206826031000
997.507507000  8.100000000 -0.199558139000
997.532471000  8.100000000 -0.192426443000
997.557495000  8.100000000 -0.185483694000
997.582520000  8.100000000 -0.178790689000
997.607483000  8.100000000 -0.172399879000
997.632507000  8.100000000 -0.166363716000
997.657471000  8.100000000 -0.160728097000
997.682495000  8.100000000 -0.155533552000
997.707520000  8.100000000 -0.150821209000
997.732483000  8.100000000 -0.146625638000
997.757507000  8.100000000 -0.142970085000
997.782471000  8.100000000 -0.139883161000
997.807495000  8.100000000 -0.137382746000
997.832520000  8.100000000 -0.135485530000
997.857483000  8.100000000 -0.134199858000
997.882507000  8.100000000 -0.133530498000
997.907471000  8.100000000 -0.133479238000
997.932495000  8.100000000 -0.134040117000
997.957520000  8.100000000 -0.135203004000
997.982483000  8.100000000 -0.136955976000
998.007507000  8.100000000 -0.139274001000
998.032471000  8.100000000 -0.142124891000
998.057495000  8.100000000 -0.145476460000
998.082520000  8.100000000 -0.149286985000
998.107483000  8.100000000 -0.153506994000
998.132507000  8.100000000 -0.158081055000
998.157471000  8.100000000 -0.162962079000
998.182495000  8.100000000 -0.168074965000
998.207520000  8.100000000 -0.173367858000
998.232483000  8.100000000 -0.178765655000
998.257507000  8.100000000 -0.184208155000
998.282471000  8.100000000 -0.189617276000
998.307495000  8.100000000 -0.194931626000
998.332520000  8.100000000 -0.200072527000
998.357483000  8.100000000 -0.204977989000
998.382507000  8.100000000 -0.209575891000
998.407471000  8.100000000 -0.213804245000
998.432495000  8.100000000 -0.217595100000
998.457520000  8.100000000 -0.220886469000
998.482483000  8.100000000 -0.223618746000
998.507507000  8.100000000 -0.225738287000
998.532471000  8.100000000 -0.227192640000
998.557495000  8.100000000 -0.227932930000
998.582520000  8.100000000 -0.227921009000
998.607483000  8.100000000 -0.227111578000
998.632507000  8.100000000 -0.225479603000
998.657471000  8.100000000 -0.222996473000
998.682495000  8.100000000 -0.219649076000
998.707520000  8.100000000 -0.215432644000
998.732483000  8.100000000 -0.210330486000
998.757507000  8.100000000 -0.204360485000
998.782471000  8.100000000 -0.197519064000
998.807495000  8.100000000 -0.189837217000
998.832520000  8.100000000 -0.181319714000
998.857483000  8.100000000 -0.171995163000
998.882507000  8.100000000 -0.161898136000
998.907471000  8.100000000 -0.151064396000
998.932495000  8.100000000 -0.139524937000
998.957520000  8.100000000 -0.127323866000
998.982483000  8.100000000 -0.114511251000
999.007507000  8.100000000 -0.101130009000
999.032471000  8.100000000 -0.087230205500
999.057495000  8.100000000 -0.072877407100
999.082520000  8.100000000 -0.058110952400
999.107483000  8.100000000 -0.043002367000
999.132507000  8.100000000 -0.027612447700
999.157471000  8.100000000 -0.011997222900
999.182495000  8.100000000 0.003774166110
999.207520000  8.100000000 0.019649267200
999.232483000  8.100000000 0.035545826000
999.257507000  8.100000000 0.051409006100
999.282471000  8.100000000 0.067172050500
999.307495000  8.100000000 0.082763433500
999.332520000  8.100000000 0.098134279300
999.357483000  8.100000000 0.113223791000
999.382507000  8.100000000 0.127971172000
999.407471000  8.100000000 0.142343044000
999.432495000  8.100000000 0.156297684000
999.457520000  8.100000000 0.169788599000
999.482483000  8.100000000 0.182795525000
999.507507000  8.100000000 0.195289850000
999.532471000  8.100000000 0.207258463000
999.557495000  8.100000000 0.218671560000
999.582520000  8.100000000 0.229538679000
999.607483000  8.100000000 0.239840746000
999.632507000  8.100000000 0.249576569000
999.657471000  8.100000000 0.258750916000
999.682495000  8.100000000 0.267370939000
999.707520000  8.100000000 0.275435448000
999.732483000  8.100000000 0.282949209000
999.757507000  8.100000000 0.289930105000
999.782471000  8.100000000 0.296381712000
999.807495000  8.100000000 0.302307606000
999.832520000  8.100000000 0.307732821000
999.857483000  8.100000000 0.312656164000
999.882507000  8.100000000 0.317109823000
999.907471000  8.100000000 0.321091413000
999.932495000  8.100000000 0.324629545000
999.957520000  8.100000000 0.327728987000
999.982483000  8.100000000 0.330418944000
1000.007510000  8.100000000 0.332700610000
1000.032470000  8.100000000 0.334599018000
1000.057500000  8.100000000 0.336123109000
1000.082520000  8.100000000 0.337281823000
1000.107480000  8.100000000 0.338094831000
1000.132510000  8.100000000 0.338562131000
1000.157470000  8.100000000 0.338688493000
1000.182500000  8.100000000 0.338482261000
1000.207520000  8.100000000 0.337935090000
1000.232480000  8.100000000 0.337047577000
1000.257510000  8.100000000 0.335817337000
1000.282470000  8.100000000 0.334231853000
1000.307500000  8.100000000 0.332283676000
1000.332520000  8.100000000 0.329961777000
1000.357480000  8.100000000 0.327248871000
1000.382510000  8.100000000 0.324132740000
1000.407470000  8.100000000 0.320591927000
1000.432500000  8.100000000 0.316613317000
1000.457520000  8.100000000 0.312175751000
1000.482480000  8.100000000 0.307266861000
1000.507510000  8.100000000 0.301871449000
1000.532470000  8.100000000 0.295979232000
1000.557500000  8.100000000 0.289581865000
1000.582520000  8.100000000 0.282674134000
1000.607480000  8.100000000 0.275253505000
1000.632510000  8.100000000 0.267321616000
1000.657470000  8.100000000 0.258884162000
1000.682500000  8.100000000 0.249949902000
1000.707520000  8.100000000 0.240532622000
1000.732480000  8.100000000 0.230649486000
1000.757510000  8.100000000 0.220321745000
1000.782470000  8.100000000 0.209573805000
1000.807500000  8.100000000 0.198434293000
1000.832520000  8.100000000 0.186934397000
1000.857480000  8.100000000 0.175106302000
1000.882510000  8.100000000 0.162986293000
1000.907470000  8.100000000 0.150610954000
1000.932500000  8.100000000 0.138015449000
1000.957520000  8.100000000 0.125242770000
1000.982480000  8.100000000 0.112332404000
1001.007510000  8.100000000 0.099322944900
1001.032470000  8.100000000 0.086259245900
1001.057500000  8.100000000 0.073179453600
1001.082520000  8.100000000 0.060124695300
1001.107480000  8.100000000 0.047132372900
1001.132510000  8.100000000 0.034240484200
1001.157470000  8.100000000 0.021484196200
1001.182500000  8.100000000 0.008898079400
1001.207520000  8.100000000 -0.003480464220
1001.232480000  8.100000000 -0.015619993200
1001.257510000  8.100000000 -0.027484595800
1001.282470000  8.100000000 -0.039040893300
1001.307500000  8.100000000 -0.050259828600
1001.332520000  8.100000000 -0.061108321000
1001.357480000  8.100000000 -0.071556866200
1001.382510000  8.100000000 -0.081574916800
1001.407470000  8.100000000 -0.091133713700
1001.432500000  8.100000000 -0.100202411000
1001.457520000  8.100000000 -0.108752698000
1001.482480000  8.100000000 -0.116755515000
1001.507510000  8.100000000 -0.124182105000
1001.532470000  8.100000000 -0.131003857000
1001.557500000  8.100000000 -0.137191489000
1001.582520000  8.100000000 -0.142717734000
1001.607480000  8.100000000 -0.147555545000
1001.632510000  8.100000000 -0.151677951000
1001.657470000  8.100000000 -0.155060291000
1001.682500000  8.100000000 -0.157680333000
1001.707520000  8.100000000 -0.159515604000
1001.732480000  8.100000000 -0.160550326000
1001.757510000  8.100000000 -0.160768449000
1001.782470000  8.100000000 -0.160159469000
1001.807500000  8.100000000 -0.158717766000
1001.832520000  8.100000000 -0.156441063000
1001.857480000  8.100000000 -0.153332084000
1001.882510000  8.100000000 -0.149400011000
1001.907470000  8.100000000 -0.144657940000
1001.932500000  8.100000000 -0.139126256000
1001.957520000  8.100000000 -0.132828057000
1001.982480000  8.100000000 -0.125792176000
1002.007510000  8.100000000 -0.118052214000
1002.032470000  8.100000000 -0.109649003000
1002.057500000  8.100000000 -0.100617856000
1002.082520000  8.100000000 -0.091013163300
1002.107480000  8.100000000 -0.080887377300
1002.132510000  8.100000000 -0.070299655200
1002.157470000  8.100000000 -0.059317350400
1002.182500000  8.100000000 -0.048006773000
1002.207520000  8.100000000 -0.036438554500
1002.232480000  8.100000000 -0.024687051800
1002.257510000  8.100000000 -0.012822002200
1002.282470000  8.100000000 -0.000919103622
1002.307500000  8.100000000 0.010948330200
1002.332520000  8.100000000 0.022706836500
1002.357480000  8.100000000 0.034288913000
1002.382510000  8.100000000 0.045622140200
1002.407470000  8.100000000 0.056644976100
1002.432500000  8.100000000 0.067297220200
1002.457520000  8.100000000 0.077523738100
1002.482480000  8.100000000 0.087275952100
1002.507510000  8.100000000 0.096512436900
1002.532470000  8.100000000 0.105199814000
1002.557500000  8.100000000 0.113306046000
1002.582520000  8.100000000 0.120809376000
1002.607480000  8.100000000 0.127691999000
1002.632510000  8.100000000 0.133945718000
1002.657470000  8.100000000 0.139564350000
1002.682500000  8.100000000 0.144549757000
1002.707520000  8.100000000 0.148910105000
1002.732480000  8.100000000 0.152655810000
1002.757510000  8.100000000 0.155801848000
1002.782470000  8.100000000 0.158366889000
1002.807500000  8.100000000 0.160372630000
1002.832520000  8.100000000 0.161839709000
1002.857480000  8.100000000 0.162796512000
1002.882510000  8.100000000 0.163271129000
1002.907470000  8.100000000 0.163295045000
1002.932500000  8.100000000 0.162901133000
1002.957520000  8.100000000 0.162126422000
1002.982480000  8.100000000 0.161005035000
1003.007510000  8.100000000 0.159570426000
1003.032470000  8.100000000 0.157857388000
1003.057500000  8.100000000 0.155899972000
1003.082520000  8.100000000 0.153729916000
1003.107480000  8.100000000 0.151383132000
1003.132510000  8.100000000 0.148894638000
1003.157470000  8.100000000 0.146296024000
1003.182500000  8.100000000 0.143621117000
1003.207520000  8.100000000 0.140895694000
1003.232480000  8.100000000 0.138147175000
1003.257510000  8.100000000 0.135401189000
1003.282470000  8.100000000 0.132682621000
1003.307500000  8.100000000 0.130014420000
1003.332520000  8.100000000 0.127421319000
1003.357480000  8.100000000 0.124923885000
1003.382510000  8.100000000 0.122539699000
1003.407470000  8.100000000 0.120285749000
1003.432500000  8.100000000 0.118174255000
1003.457520000  8.100000000 0.116217732000
1003.482480000  8.100000000 0.114426613000
1003.507510000  8.100000000 0.112810433000
1003.532470000  8.100000000 0.111380517000
1003.557500000  8.100000000 0.110145211000
1003.582520000  8.100000000 0.109116435000
1003.607480000  8.100000000 0.108302236000
1003.632510000  8.100000000 0.107715428000
1003.657470000  8.100000000 0.107360184000
1003.682500000  8.100000000 0.107249022000
1003.707520000  8.100000000 0.107389390000
1003.732480000  8.100000000 0.107792914000
1003.757510000  8.100000000 0.108468533000
1003.782470000  8.100000000 0.109426975000
1003.807500000  8.100000000 0.110678077000
1003.832520000  8.100000000 0.112228394000
1003.857480000  8.100000000 0.114082694000
1003.882510000  8.100000000 0.116249323000
1003.907470000  8.100000000 0.118723512000
1003.932500000  8.100000000 0.121503472000
1003.957520000  8.100000000 0.124585032000
1003.982480000  8.100000000 0.127953291000
1004.007510000  8.100000000 0.131599307000
1004.032470000  8.100000000 0.135502815000
1004.057500000  8.100000000 0.139647126000
1004.082520000  8.100000000 0.144007206000
1004.107480000  8.100000000 0.148560405000
1004.132510000  8.100000000 0.153274536000
1004.157470000  8.100000000 0.158119202000
1004.182500000  8.100000000 0.163066387000
1004.207520000  8.100000000 0.168075562000
1004.232480000  8.100000000 0.173112750000
1004.257510000  8.100000000 0.178142190000
1004.282470000  8.100000000 0.183123350000
1004.307500000  8.100000000 0.188022852000
1004.332520000  8.100000000 0.192794800000
1004.357480000  8.100000000 0.197410583000
1004.382510000  8.100000000 0.201829672000
1004.407470000  8.100000000 0.206024051000
1004.432500000  8.100000000 0.209963322000
1004.457520000  8.100000000 0.213618279000
1004.482480000  8.100000000 0.216968060000
1004.507510000  8.100000000 0.219998360000
1004.532470000  8.100000000 0.222676992000
1004.557500000  8.100000000 0.225002766000
1004.582520000  8.100000000 0.226961374000
1004.607480000  8.100000000 0.228545666000
1004.632510000  8.100000000 0.229744911000
1004.657470000  8.100000000 0.230567455000
1004.682500000  8.100000000 0.231003761000
1004.707520000  8.100000000 0.231064558000
1004.732480000  8.100000000 0.230756998000
1004.757510000  8.100000000 0.230088234000
1004.782470000  8.100000000 0.229072571000
1004.807500000  8.100000000 0.227718353000
1004.832520000  8.100000000 0.226052999000
1004.857480000  8.100000000 0.224086046000
1004.882510000  8.100000000 0.221831799000
1004.907470000  8.100000000 0.219308138000
1004.932500000  8.100000000 0.216534138000
1004.957520000  8.100000000 0.213513374000
1004.982480000  8.100000000 0.210263729000
1005.007510000  8.100000000 0.206801891000
1005.032470000  8.100000000 0.203124285000
1005.057500000  8.100000000 0.199242830000
1005.082520000  8.100000000 0.195162296000
1005.107480000  8.100000000 0.190888643000
1005.132510000  8.100000000 0.186431408000
1005.157470000  8.100000000 0.181778669000
1005.182500000  8.100000000 0.176949501000
1005.207520000  8.100000000 0.171949863000
1005.232480000  8.100000000 0.166767836000
1005.257510000  8.100000000 0.161436796000
1005.282470000  8.100000000 0.155943632000
1005.307500000  8.100000000 0.150322914000
1005.332520000  8.100000000 0.144567490000
1005.357480000  8.100000000 0.138696432000
1005.382510000  8.100000000 0.132722855000
1005.407470000  8.100000000 0.126659870000
1005.432500000  8.100000000 0.120503902000
1005.457520000  8.100000000 0.114283562000
1005.482480000  8.100000000 0.107985735000
1005.507510000  8.100000000 0.101636648000
1005.532470000  8.100000000 0.095227956800
1005.557500000  8.100000000 0.088784694700
1005.582520000  8.100000000 0.082293748900
1005.607480000  8.100000000 0.075778961200
1005.632510000  8.100000000 0.069246292100
1005.657470000  8.100000000 0.062694549600
1005.682500000  8.100000000 0.056141614900
1005.707520000  8.100000000 0.049591064500
1005.732480000  8.100000000 0.043045282400
1005.757510000  8.100000000 0.036504268600
1005.782470000  8.100000000 0.029972791700
1005.807500000  8.100000000 0.023456811900
1005.832520000  8.100000000 0.016942024200
1005.857480000  8.100000000 0.010439157500
1005.882510000  8.100000000 0.003942251210
1005.907470000  8.100000000 -0.002549886700
1005.932500000  8.100000000 -0.009040832520
1005.957520000  8.100000000 -0.015519857400
1005.982480000  8.100000000 -0.022002458600
1006.007510000  8.100000000 -0.028487443900
1006.032470000  8.100000000 -0.034974813500
1006.057500000  8.100000000 -0.041470527600
1006.082520000  8.100000000 -0.047971010200
1006.107480000  8.100000000 -0.054492950400
1006.132510000  8.100000000 -0.061031580000
1006.157470000  8.100000000 -0.067600011800
1006.182500000  8.100000000 -0.074188709300
1006.207520000  8.100000000 -0.080808401100
1006.232480000  8.100000000 -0.087460279500
1006.257510000  8.100000000 -0.094140768100
1006.282470000  8.100000000 -0.100855827000
1006.307500000  8.100000000 -0.107588768000
1006.332520000  8.100000000 -0.114351511000
1006.357480000  8.100000000 -0.121135712000
1006.382510000  8.100000000 -0.127925873000
1006.407470000  8.100000000 -0.134723186000
1006.432500000  8.100000000 -0.141503811000
1006.457520000  8.100000000 -0.148270130000
1006.482480000  8.100000000 -0.154987574000
1006.507510000  8.100000000 -0.161657333000
1006.532470000  8.100000000 -0.168251991000
1006.557500000  8.100000000 -0.174757242000
1006.582520000  8.100000000 -0.181148052000
1006.607480000  8.100000000 -0.187413692000
1006.632510000  8.100000000 -0.193523169000
1006.657470000  8.100000000 -0.199463367000
1006.682500000  8.100000000 -0.205204487000
1006.707520000  8.100000000 -0.210744143000
1006.732480000  8.100000000 -0.216042995000
1006.757510000  8.100000000 -0.221102238000
1006.782470000  8.100000000 -0.225902796000
1006.807500000  8.100000000 -0.230427980000
1006.832520000  8.100000000 -0.234676600000
1006.857480000  8.100000000 -0.238631964000
1006.882510000  8.100000000 -0.242303610000
1006.907470000  8.100000000 -0.245682001000
1006.932500000  8.100000000 -0.248769522000
1006.957520000  8.100000000 -0.251580477000
1006.982480000  8.100000000 -0.254113674000
1007.007510000  8.100000000 -0.256383419000
1007.032470000  8.100000000 -0.258396864000
1007.057500000  8.100000000 -0.260173082000
1007.082520000  8.100000000 -0.261729956000
1007.107480000  8.100000000 -0.263079405000
1007.132510000  8.100000000 -0.264251232000
1007.157470000  8.100000000 -0.265262127000
1007.182500000  8.100000000 -0.266144276000
1007.207520000  8.100000000 -0.266918540000
1007.232480000  8.100000000 -0.267614126000
1007.257510000  8.100000000 -0.268265009000
1007.282470000  8.100000000 -0.268890262000
1007.307500000  8.100000000 -0.269522071000
1007.332520000  8.100000000 -0.270183086000
1007.357480000  8.100000000 -0.270901918000
1007.382510000  8.100000000 -0.271694064000
1007.407470000  8.100000000 -0.272586942000
1007.432500000  8.100000000 -0.273593068000
1007.457520000  8.100000000 -0.274727345000
1007.482480000  8.100000000 -0.275996923000
1007.507510000  8.100000000 -0.277407765000
1007.532470000  8.100000000 -0.278956890000
1007.557500000  8.100000000 -0.280643106000
1007.582520000  8.100000000 -0.282456279000
1007.607480000  8.100000000 -0.284376144000
1007.632510000  8.100000000 -0.286387205000
1007.657470000  8.100000000 -0.288462937000
1007.682500000  8.100000000 -0.290575027000
1007.707520000  8.100000000 -0.292689502000
1007.732480000  8.100000000 -0.294772983000
1007.757510000  8.100000000 -0.296788812000
1007.782470000  8.100000000 -0.298700929000
1007.807500000  8.100000000 -0.300472677000
1007.832520000  8.100000000 -0.302066803000
1007.857480000  8.100000000 -0.303452164000
1007.882510000  8.100000000 -0.304594636000
1007.907470000  8.100000000 -0.305464864000
1007.932500000  8.100000000 -0.306034535000
1007.957520000  8.100000000 -0.306275189000
1007.982480000  8.100000000 -0.306162596000
1008.007510000  8.100000000 -0.305671692000
1008.032470000  8.100000000 -0.304781586000
1008.057500000  8.100000000 -0.303475291000
1008.082520000  8.100000000 -0.301740438000
1008.107480000  8.100000000 -0.299569100000
1008.132510000  8.100000000 -0.296958327000
1008.157470000  8.100000000 -0.293909162000
1008.182500000  8.100000000 -0.290427655000
1008.207520000  8.100000000 -0.286519527000
1008.232480000  8.100000000 -0.282200128000
1008.257510000  8.100000000 -0.277481228000
1008.282470000  8.100000000 -0.272382647000
1008.307500000  8.100000000 -0.266923010000
1008.332520000  8.100000000 -0.261125267000
1008.357480000  8.100000000 -0.255011320000
1008.382510000  8.100000000 -0.248608887000
1008.407470000  8.100000000 -0.241940022000
1008.432500000  8.100000000 -0.235029459000
1008.457520000  8.100000000 -0.227899849000
1008.482480000  8.100000000 -0.220575333000
1008.507510000  8.100000000 -0.213082433000
1008.532470000  8.100000000 -0.205441713000
1008.557500000  8.100000000 -0.197681189000
1008.582520000  8.100000000 -0.189821720000
1008.607480000  8.100000000 -0.181887150000
1008.632510000  8.100000000 -0.173901320000
1008.657470000  8.100000000 -0.165877938000
1008.682500000  8.100000000 -0.157842636000
1008.707520000  8.100000000 -0.149809718000
1008.732480000  8.100000000 -0.141788721000
1008.757510000  8.100000000 -0.133799911000
1008.782470000  8.100000000 -0.125857592000
1008.807500000  8.100000000 -0.117965341000
1008.832520000  8.100000000 -0.110136867000
1008.857480000  8.100000000 -0.102385879000
1008.882510000  8.100000000 -0.094721913300
1008.907470000  8.100000000 -0.087146759000
1008.932500000  8.100000000 -0.079674124700
1008.957520000  8.100000000 -0.072311162900
1008.982480000  8.100000000 -0.065065622300
1009.007510000  8.100000000 -0.057936310800
1009.032470000  8.100000000 -0.050937533400
1009.057500000  8.100000000 -0.044062733700
1009.082520000  8.100000000 -0.037319064100
1009.107480000  8.100000000 -0.030702352500
1009.132510000  8.100000000 -0.024210214600
1009.157470000  8.100000000 -0.017837882000
1009.182500000  8.100000000 -0.011572837800
1009.207520000  8.100000000 -0.005409717560
1009.232480000  8.100000000 0.000663995743
1009.257510000  8.100000000 0.006658434870
1009.282470000  8.100000000 0.012590885200
1009.307500000  8.100000000 0.018467903100
1009.332520000  8.100000000 0.024302005800
1009.357480000  8.100000000 0.030099153500
1009.382510000  8.100000000 0.035866498900
1009.407470000  8.100000000 0.041602253900
1009.432500000  8.100000000 0.047309398700
1009.457520000  8.100000000 0.052987933200
1009.482480000  8.100000000 0.058634281200
1009.507510000  8.100000000 0.064242482200
1009.532470000  8.100000000 0.069804787600
1009.557500000  8.100000000 0.075317621200
1009.582520000  8.100000000 0.080759525300
1009.607480000  8.100000000 0.086128115700
1009.632510000  8.100000000 0.091404914900
1009.657470000  8.100000000 0.096578598000
1009.682500000  8.100000000 0.101628900000
1009.707520000  8.100000000 0.106542110000
1009.732480000  8.100000000 0.111297965000
1009.757510000  8.100000000 0.115875006000
1009.782470000  8.100000000 0.120252371000
1009.807500000  8.100000000 0.124405026000
1009.832520000  8.100000000 0.128312111000
1009.857480000  8.100000000 0.131953955000
1009.882510000  8.100000000 0.135309696000
1009.907470000  8.100000000 0.138354301000
1009.932500000  8.100000000 0.141075253000
1009.957520000  8.100000000 0.143446922000
1009.982480000  8.100000000 0.145460367000
1010.007510000  8.100000000 0.147092938000
1010.032470000  8.100000000 0.148336589000
1010.057500000  8.100000000 0.149170160000
1010.082520000  8.100000000 0.149589479000
1010.107480000  8.100000000 0.149580240000
1010.132510000  8.100000000 0.149136782000
1010.157470000  8.100000000 0.148250163000
1010.182500000  8.100000000 0.146919787000
1010.207520000  8.100000000 0.145139992000
1010.232480000  8.100000000 0.142908692000
1010.257510000  8.100000000 0.140227675000
1010.282470000  8.100000000 0.137092769000
1010.307500000  8.100000000 0.133509040000
1010.332520000  8.100000000 0.129478276000
1010.357480000  8.100000000 0.125007331000
1010.382510000  8.100000000 0.120103955000
1010.407470000  8.100000000 0.114776790000
1010.432500000  8.100000000 0.109036565000
1010.457520000  8.100000000 0.102896690000
1010.482480000  8.100000000 0.096368640700
1010.507510000  8.100000000 0.089470595100
1010.532470000  8.100000000 0.082216113800
1010.557500000  8.100000000 0.074629187600
1010.582520000  8.100000000 0.066724568600
1010.607480000  8.100000000 0.058523118500
1010.632510000  8.100000000 0.050044655800
1010.657470000  8.100000000 0.041306763900
1010.682500000  8.100000000 0.032330751400
1010.707520000  8.100000000 0.023138523100
1010.732480000  8.100000000 0.013752281700
1010.757510000  8.100000000 0.004196316000
1010.782470000  8.100000000 -0.005504786970
1010.807500000  8.100000000 -0.015321821000
1010.832520000  8.100000000 -0.025229305000
1010.857480000  8.100000000 -0.035195052600
1010.882510000  8.100000000 -0.045191645600
1010.907470000  8.100000000 -0.055189877700
1010.932500000  8.100000000 -0.065157711500
1010.957520000  8.100000000 -0.075069218900
1010.982480000  8.100000000 -0.084895491600
1011.007510000  8.100000000 -0.094608217500
1011.032470000  8.100000000 -0.104185492000
1011.057500000  8.100000000 -0.113600791000
1011.082520000  8.100000000 -0.122832358000
1011.107480000  8.100000000 -0.131855607000
1011.132510000  8.100000000 -0.140648186000
1011.157470000  8.100000000 -0.149189532000
1011.182500000  8.100000000 -0.157454908000
1011.207520000  8.100000000 -0.165428519000
1011.232480000  8.100000000 -0.173088014000
1011.257510000  8.100000000 -0.180422366000
1011.282470000  8.100000000 -0.187416077000
1011.307500000  8.100000000 -0.194063187000
1011.332520000  8.100000000 -0.200353265000
1011.357480000  8.100000000 -0.206284821000
1011.382510000  8.100000000 -0.211852789000
1011.407470000  8.100000000 -0.217058957000
1011.432500000  8.100000000 -0.221902728000
1011.457520000  8.100000000 -0.226382613000
1011.482480000  8.100000000 -0.230502486000
1011.507510000  8.100000000 -0.234265924000
1011.532470000  8.100000000 -0.237671733000
1011.557500000  8.100000000 -0.240733027000
1011.582520000  8.100000000 -0.243450403000
1011.607480000  8.100000000 -0.245833397000
1011.632510000  8.100000000 -0.247890353000
1011.657470000  8.100000000 -0.249634385000
1011.682500000  8.100000000 -0.251067281000
1011.707520000  8.100000000 -0.252201557000
1011.732480000  8.100000000 -0.253044963000
1011.757510000  8.100000000 -0.253605247000
1011.782470000  8.100000000 -0.253889561000
1011.807500000  8.100000000 -0.253900886000
1011.832520000  8.100000000 -0.253648162000
1011.857480000  8.100000000 -0.253126025000
1011.882510000  8.100000000 -0.252338052000
1011.907470000  8.100000000 -0.251279473000
1011.932500000  8.100000000 -0.249946117000
1011.957520000  8.100000000 -0.248326063000
1011.982480000  8.100000000 -0.246412754000
1012.007510000  8.100000000 -0.244196653000
1012.032470000  8.100000000 -0.241664648000
1012.057500000  8.100000000 -0.238811970000
1012.082520000  8.100000000 -0.235631466000
1012.107480000  8.100000000 -0.232121944000
1012.132510000  8.100000000 -0.228277445000
1012.157470000  8.100000000 -0.224094391000
1012.182500000  8.100000000 -0.219584703000
1012.207520000  8.100000000 -0.214749575000
1012.232480000  8.100000000 -0.209589005000
1012.257510000  8.100000000 -0.204125643000
1012.282470000  8.100000000 -0.198358297000
1012.307500000  8.100000000 -0.192310810000
1012.332520000  8.100000000 -0.185989141000
1012.357480000  8.100000000 -0.179407597000
1012.382510000  8.100000000 -0.172587633000
1012.407470000  8.100000000 -0.165549517000
1012.432500000  8.100000000 -0.158308744000
1012.457520000  8.100000000 -0.150893927000
1012.482480000  8.100000000 -0.143338442000
1012.507510000  8.100000000 -0.135658979000
1012.532470000  8.100000000 -0.127894878000
1012.557500000  8.100000000 -0.120077133000
1012.582520000  8.100000000 -0.112245083000
1012.607480000  8.100000000 -0.104436874000
1012.632510000  8.100000000 -0.096678733800
1012.657470000  8.100000000 -0.089027881600
1012.682500000  8.100000000 -0.081509351700
1012.707520000  8.100000000 -0.074163675300
1012.732480000  8.100000000 -0.067027807200
1012.757510000  8.100000000 -0.060131549800
1012.782470000  8.100000000 -0.053509473800
1012.807500000  8.100000000 -0.047188997300
1012.832520000  8.100000000 -0.041193962100
1012.857480000  8.100000000 -0.035538673400
1012.882510000  8.100000000 -0.030260086100
1012.907470000  8.100000000 -0.025351047500
1012.932500000  8.100000000 -0.020846128500
1012.957520000  8.100000000 -0.016740560500
1012.982480000  8.100000000 -0.013041496300
1013.007510000  8.100000000 -0.009775161740
1013.032470000  8.100000000 -0.006920099260
1013.057500000  8.100000000 -0.004498958590
1013.082520000  8.100000000 -0.002493858340
1013.107480000  8.100000000 -0.000909566879
1013.132510000  8.100000000 0.000275373459
1013.157470000  8.100000000 0.001069307330
1013.182500000  8.100000000 0.001506805420
1013.207520000  8.100000000 0.001606941220
1013.232480000  8.100000000 0.001400709150
1013.257510000  8.100000000 0.000938177109
1013.282470000  8.100000000 0.000234842300
1013.307500000  8.100000000 -0.000647306442
1013.332520000  8.100000000 -0.001679658890
1013.357480000  8.100000000 -0.002803802490
1013.382510000  8.100000000 -0.003983974460
1013.407470000  8.100000000 -0.005166530610
1013.432500000  8.100000000 -0.006315708160
1013.457520000  8.100000000 -0.007381439210
1013.482480000  8.100000000 -0.008313655850
1013.507510000  8.100000000 -0.009074211120
1013.532470000  8.100000000 -0.009616613390
1013.557500000  8.100000000 -0.009900331500
1013.582520000  8.100000000 -0.009880065920
1013.607480000  8.100000000 -0.009531974790
1013.632510000  8.100000000 -0.008801221850
1013.657470000  8.100000000 -0.007672309880
1013.682500000  8.100000000 -0.006103515620
1013.707520000  8.100000000 -0.004072189330
1013.732480000  8.100000000 -0.001567602160
1013.757510000  8.100000000 0.001441240310
1013.782470000  8.100000000 0.004953145980
1013.807500000  8.100000000 0.008982419970
1013.832520000  8.100000000 0.013527870200
1013.857480000  8.100000000 0.018595457100
1013.882510000  8.100000000 0.024180412300
1013.907470000  8.100000000 0.030277967500
1013.932500000  8.100000000 0.036883354200
1013.957520000  8.100000000 0.043984651600
1013.982480000  8.100000000 0.051562786100
1014.007510000  8.100000000 0.059611797300
1014.032470000  8.100000000 0.068098306700
1014.057500000  8.100000000 0.077010393100
1014.082520000  8.100000000 0.086317062400
1014.107480000  8.100000000 0.095999240900
1014.132510000  8.100000000 0.106015205000
1014.157470000  8.100000000 0.116347075000
1014.182500000  8.100000000 0.126943588000
1014.207520000  8.100000000 0.137783289000
1014.232480000  8.100000000 0.148828030000
1014.257510000  8.100000000 0.160052776000
1014.282470000  8.100000000 0.171411037000
1014.307500000  8.100000000 0.182889700000
1014.332520000  8.100000000 0.194448233000
1014.357480000  8.100000000 0.206059217000
1014.382510000  8.100000000 0.217700005000
1014.407470000  8.100000000 0.229349136000
1014.432500000  8.100000000 0.240975618000
1014.457520000  8.100000000 0.252560377000
1014.482480000  8.100000000 0.264077187000
1014.507510000  8.100000000 0.275512934000
1014.532470000  8.100000000 0.286829472000
1014.557500000  8.100000000 0.298011303000
1014.582520000  8.100000000 0.309031010000
1014.607480000  8.100000000 0.319861174000
1014.632510000  8.100000000 0.330475569000
1014.657470000  8.100000000 0.340849161000
1014.682500000  8.100000000 0.350946188000
1014.707520000  8.100000000 0.360743999000
1014.732480000  8.100000000 0.370216966000
1014.757510000  8.100000000 0.379341245000
1014.782470000  8.100000000 0.388094783000
1014.807500000  8.100000000 0.396461487000
1014.832520000  8.100000000 0.404417515000
1014.857480000  8.100000000 0.411952734000
1014.882510000  8.100000000 0.419043899000
1014.907470000  8.100000000 0.425676107000
1014.932500000  8.100000000 0.431833863000
1014.957520000  8.100000000 0.437496305000
1014.982480000  8.100000000 0.442646742000
1015.007510000  8.100000000 0.447265506000
1015.032470000  8.100000000 0.451332927000
1015.057500000  8.100000000 0.454835594000
1015.082520000  8.100000000 0.457757115000
1015.107480000  8.100000000 0.460083187000
1015.132510000  8.100000000 0.461804867000
1015.157470000  8.100000000 0.462913960000
1015.182500000  8.100000000 0.463404059000
1015.207520000  8.100000000 0.463272929000
1015.232480000  8.100000000 0.462518930000
1015.257510000  8.100000000 0.461146265000
1015.282470000  8.100000000 0.459154367000
1015.307500000  8.100000000 0.456555337000
1015.332520000  8.100000000 0.453343749000
1015.357480000  8.100000000 0.449537396000
1015.382510000  8.100000000 0.445132703000
1015.407470000  8.100000000 0.440140367000
1015.432500000  8.100000000 0.434566885000
1015.457520000  8.100000000 0.428421199000
1015.482480000  8.100000000 0.421704650000
1015.507510000  8.100000000 0.414431393000
1015.532470000  8.100000000 0.406604111000
1015.557500000  8.100000000 0.398231447000
1015.582520000  8.100000000 0.389328003000
1015.607480000  8.100000000 0.379901528000
1015.632510000  8.100000000 0.369966030000
1015.657470000  8.100000000 0.359541774000
1015.682500000  8.100000000 0.348641276000
1015.707520000  8.100000000 0.337284207000
1015.732480000  8.100000000 0.325491428000
1015.757510000  8.100000000 0.313286185000
1015.782470000  8.100000000 0.300688148000
1015.807500000  8.100000000 0.287727118000
1015.832520000  8.100000000 0.274426937000
1015.857480000  8.100000000 0.260819793000
1015.882510000  8.100000000 0.246931911000
1015.907470000  8.100000000 0.232791901000
1015.932500000  8.100000000 0.218426585000
1015.957520000  8.100000000 0.203855634000
1015.982480000  8.100000000 0.189108253000
1016.007510000  8.100000000 0.174208283000
1016.032470000  8.100000000 0.159170628000
1016.057500000  8.100000000 0.144014359000
1016.082520000  8.100000000 0.128757954000
1016.107480000  8.100000000 0.113425255000
1016.132510000  8.100000000 0.098015070000
1016.157470000  8.100000000 0.082552433000
1016.182500000  8.100000000 0.067050457000
1016.207520000  8.100000000 0.051524639100
1016.232480000  8.100000000 0.035996437100
1016.257510000  8.100000000 0.020480155900
1016.282470000  8.100000000 0.004999637600
1016.307500000  8.100000000 -0.010414123500
1016.332520000  8.100000000 -0.025744438200
1016.357480000  8.100000000 -0.040956735600
1016.382510000  8.100000000 -0.056017637300
1016.407470000  8.100000000 -0.070900917100
1016.432500000  8.100000000 -0.085570812200
1016.457520000  8.100000000 -0.099987983700
1016.482480000  8.100000000 -0.114122629000
1016.507510000  8.100000000 -0.127940178000
1016.532470000  8.100000000 -0.141408443000
1016.557500000  8.100000000 -0.154498816000
1016.582520000  8.100000000 -0.167175531000
1016.607480000  8.100000000 -0.179416537000
1016.632510000  8.100000000 -0.191191435000
1016.657470000  8.100000000 -0.202485323000
1016.682500000  8.100000000 -0.213261843000
1016.707520000  8.100000000 -0.223519802000
1016.732480000  8.100000000 -0.233222842000
1016.757510000  8.100000000 -0.242373943000
1016.782470000  8.100000000 -0.250939727000
1016.807500000  8.100000000 -0.258909464000
1016.832520000  8.100000000 -0.266267657000
1016.857480000  8.100000000 -0.272992849000
1016.882510000  8.100000000 -0.279065967000
1016.907470000  8.100000000 -0.284472704000
1016.932500000  8.100000000 -0.289182067000
1016.957520000  8.100000000 -0.293185115000
1016.982480000  8.100000000 -0.296456814000
1017.007510000  8.100000000 -0.298975706000
1017.032470000  8.100000000 -0.300730467000
1017.057500000  8.100000000 -0.301695764000
1017.082520000  8.100000000 -0.301855803000
1017.107480000  8.100000000 -0.301195383000
1017.132510000  8.100000000 -0.299692154000
1017.157470000  8.100000000 -0.297336578000
1017.182500000  8.100000000 -0.294111967000
1017.207520000  8.100000000 -0.290005803000
1017.232480000  8.100000000 -0.285010040000
1017.257510000  8.100000000 -0.279115736000
1017.282470000  8.100000000 -0.272314996000
1017.307500000  8.100000000 -0.264610499000
1017.332520000  8.100000000 -0.255996436000
1017.357480000  8.100000000 -0.246481448000
1017.382510000  8.100000000 -0.236074030000
1017.407470000  8.100000000 -0.224785954000
1017.432500000  8.100000000 -0.212640762000
1017.457520000  8.100000000 -0.199660212000
1017.482480000  8.100000000 -0.185879350000
1017.507510000  8.100000000 -0.171335712000
1017.532470000  8.100000000 -0.156073198000
1017.557500000  8.100000000 -0.140144661000
1017.582520000  8.100000000 -0.123603329000
1017.607480000  8.100000000 -0.106517419000
1017.632510000  8.100000000 -0.088953018200
1017.657470000  8.100000000 -0.070989802500
1017.682500000  8.100000000 -0.052702799400
1017.707520000  8.100000000 -0.034180805100
1017.732480000  8.100000000 -0.015505962100
1017.757510000  8.100000000 0.003233812750
1017.782470000  8.100000000 0.021948590900
1017.807500000  8.100000000 0.040557794300
1017.832520000  8.100000000 0.058974549200
1017.857480000  8.100000000 0.077115409100
1017.882510000  8.100000000 0.094904393000
1017.907470000  8.100000000 0.112269737000
1017.932500000  8.100000000 0.129143715000
1017.957520000  8.100000000 0.145464510000
1017.982480000  8.100000000 0.161178544000
1018.007510000  8.100000000 0.176234841000
1018.032470000  8.100000000 0.190592036000
1018.057500000  8.100000000 0.204214901000
1018.082520000  8.100000000 0.217073783000
1018.107480000  8.100000000 0.229140148000
1018.132510000  8.100000000 0.240399539000
1018.157470000  8.100000000 0.250834972000
1018.182500000  8.100000000 0.260436982000
1018.207520000  8.100000000 0.269200057000
1018.232480000  8.100000000 0.277123451000
1018.257510000  8.100000000 0.284208059000
1018.282470000  8.100000000 0.290457904000
1018.307500000  8.100000000 0.295879841000
1018.332520000  8.100000000 0.300481915000
1018.357480000  8.100000000 0.304270685000
1018.382510000  8.100000000 0.307255685000
1018.407470000  8.100000000 0.309445560000
1018.432500000  8.100000000 0.310847461000
1018.457520000  8.100000000 0.311472416000
1018.482480000  8.100000000 0.311325788000
1018.507510000  8.100000000 0.310418010000
1018.532470000  8.100000000 0.308755040000
1018.557500000  8.100000000 0.306348205000
1018.582520000  8.100000000 0.303204060000
1018.607480000  8.100000000 0.299330950000
1018.632510000  8.100000000 0.294736624000
1018.657470000  8.100000000 0.289429426000
1018.682500000  8.100000000 0.283414721000
1018.707520000  8.100000000 0.276704431000
1018.732480000  8.100000000 0.269306302000
1018.757510000  8.100000000 0.261228681000
1018.782470000  8.100000000 0.252488852000
1018.807500000  8.100000000 0.243098736000
1018.832520000  8.100000000 0.233076215000
1018.857480000  8.100000000 0.222440362000
1018.882510000  8.100000000 0.211213827000
1018.907470000  8.100000000 0.199424028000
1018.932500000  8.100000000 0.187095404000
1018.957520000  8.100000000 0.174260139000
1018.982480000  8.100000000 0.160953999000
1019.007510000  8.100000000 0.147207975000
1019.032470000  8.100000000 0.133056641000
1019.057500000  8.100000000 0.118540525000
1019.082520000  8.100000000 0.103698969000
1019.107480000  8.100000000 0.088579654700
1019.132510000  8.100000000 0.073215961500
1019.157470000  8.100000000 0.057667493800
1019.182500000  8.100000000 0.041979551300
1019.207520000  8.100000000 0.026208162300
1019.232480000  8.100000000 0.010405778900
1019.257510000  8.100000000 -0.005362033840
1019.282470000  8.100000000 -0.021035671200
1019.307500000  8.100000000 -0.036553144500
1019.332520000  8.100000000 -0.051850080500
1019.357480000  8.100000000 -0.066851377500
1019.382510000  8.100000000 -0.081495046600
1019.407470000  8.100000000 -0.095721483200
1019.432500000  8.100000000 -0.109457970000
1019.457520000  8.100000000 -0.122647285000
1019.482480000  8.100000000 -0.135227442000
1019.507510000  8.100000000 -0.147150755000
1019.532470000  8.100000000 -0.158358812000
1019.557500000  8.100000000 -0.168812275000
1019.582520000  8.100000000 -0.178471804000
1019.607480000  8.100000000 -0.187299252000
1019.632510000  8.100000000 -0.195267797000
1019.657470000  8.100000000 -0.202352405000
1019.682500000  8.100000000 -0.208532810000
1019.707520000  8.100000000 -0.213797092000
1019.732480000  8.100000000 -0.218135715000
1019.757510000  8.100000000 -0.221537352000
1019.782470000  8.100000000 -0.224000812000
1019.807500000  8.100000000 -0.225529671000
1019.832520000  8.100000000 -0.226120949000
1019.857480000  8.100000000 -0.225787163000
1019.882510000  8.100000000 -0.224541426000
1019.907470000  8.100000000 -0.222395062000
1019.932500000  8.100000000 -0.219377875000
1019.957520000  8.100000000 -0.215507150000
1019.982480000  8.100000000 -0.210816860000
1020.007510000  8.100000000 -0.205337405000
1020.032470000  8.100000000 -0.199110508000
1020.057500000  8.100000000 -0.192175508000
1020.082520000  8.100000000 -0.184567571000
1020.107480000  8.100000000 -0.176342130000
1020.132510000  8.100000000 -0.167537332000
1020.157470000  8.100000000 -0.158204436000
1020.182500000  8.100000000 -0.148389935000
1020.207520000  8.100000000 -0.138140321000
1020.232480000  8.100000000 -0.127497911000
1020.257510000  8.100000000 -0.116513669000
1020.282470000  8.100000000 -0.105225742000
1020.307500000  8.100000000 -0.093676745900
1020.332520000  8.100000000 -0.081906914700
1020.357480000  8.100000000 -0.069957673500
1020.382510000  8.100000000 -0.057863295100
1020.407470000  8.100000000 -0.045663714400
1020.432500000  8.100000000 -0.033394992400
1020.457520000  8.100000000 -0.021094083800
1020.482480000  8.100000000 -0.008794665340
1020.507510000  8.100000000 0.003464221950
1020.532470000  8.100000000 0.015653073800
1020.557500000  8.100000000 0.027731359000
1020.582520000  8.100000000 0.039671957500
1020.607480000  8.100000000 0.051437318300
1020.632510000  8.100000000 0.062995553000
1020.657470000  8.100000000 0.074315965200
1020.682500000  8.100000000 0.085365772200
1020.707520000  8.100000000 0.096116662000
1020.732480000  8.100000000 0.106536150000
1020.757510000  8.100000000 0.116601884000
1020.782470000  8.100000000 0.126283765000
1020.807500000  8.100000000 0.135557055000
1020.832520000  8.100000000 0.144398212000
1020.857480000  8.100000000 0.152783394000
1020.882510000  8.100000000 0.160686374000
1020.907470000  8.100000000 0.168085694000
1020.932500000  8.100000000 0.174952149000
1020.957520000  8.100000000 0.181266069000
1020.982480000  8.100000000 0.187000036000
1021.007510000  8.100000000 0.192122459000
1021.032470000  8.100000000 0.196612477000
1021.057500000  8.100000000 0.200439692000
1021.082520000  8.100000000 0.203580856000
1021.107480000  8.100000000 0.206011534000
1021.132510000  8.100000000 0.207705498000
1021.157470000  8.100000000 0.208646655000
1021.182500000  8.100000000 0.208817124000
1021.207520000  8.100000000 0.208207369000
1021.232480000  8.100000000 0.206799507000
1021.257510000  8.100000000 0.204592347000
1021.282470000  8.100000000 0.201582313000
1021.307500000  8.100000000 0.197768211000
1021.332520000  8.100000000 0.193157792000
1021.357480000  8.100000000 0.187758207000
1021.382510000  8.100000000 0.181590319000
1021.407470000  8.100000000 0.174656510000
1021.432500000  8.100000000 0.166985989000
1021.457520000  8.100000000 0.158600807000
1021.482480000  8.100000000 0.149517059000
1021.507510000  8.100000000 0.139765739000
1021.532470000  8.100000000 0.129371881000
1021.557500000  8.100000000 0.118361712000
1021.582520000  8.100000000 0.106755495000
1021.607480000  8.100000000 0.094581842400
1021.632510000  8.100000000 0.081862211200
1021.657470000  8.100000000 0.068624019600
1021.682500000  8.100000000 0.054889917400
1021.707520000  8.100000000 0.040681362200
1021.732480000  8.100000000 0.026034116700
1021.757510000  8.100000000 0.010964870500
1021.782470000  8.100000000 -0.004478693010
1021.807500000  8.100000000 -0.020271539700
1021.832520000  8.100000000 -0.036367178000
1021.857480000  8.100000000 -0.052732229200
1021.882510000  8.100000000 -0.069309473000
1021.907470000  8.100000000 -0.086063146600
1021.932500000  8.100000000 -0.102937222000
1021.957520000  8.100000000 -0.119874477000
1021.982480000  8.100000000 -0.136829615000
1022.007510000  8.100000000 -0.153748989000
1022.032470000  8.100000000 -0.170564651000
1022.057500000  8.100000000 -0.187243223000
1022.082520000  8.100000000 -0.203711390000
1022.107480000  8.100000000 -0.219921470000
1022.132510000  8.100000000 -0.235821605000
1022.157470000  8.100000000 -0.251359940000
1022.182500000  8.100000000 -0.266485810000
1022.207520000  8.100000000 -0.281147957000
1022.232480000  8.100000000 -0.295306444000
1022.257510000  8.100000000 -0.308902264000
1022.282470000  8.100000000 -0.321900249000
1022.307500000  8.100000000 -0.334252119000
1022.332520000  8.100000000 -0.345914960000
1022.357480000  8.100000000 -0.356854796000
1022.382510000  8.100000000 -0.367028117000
1022.407470000  8.100000000 -0.376404524000
1022.432500000  8.100000000 -0.384958386000
1022.457520000  8.100000000 -0.392668247000
1022.482480000  8.100000000 -0.399515033000
1022.507510000  8.100000000 -0.405488610000
1022.532470000  8.100000000 -0.410583317000
1022.557500000  8.100000000 -0.414796472000
1022.582520000  8.100000000 -0.418131948000
1022.607480000  8.100000000 -0.420592427000
1022.632510000  8.100000000 -0.422190428000
1022.657470000  8.100000000 -0.422935486000
1022.682500000  8.100000000 -0.422845781000
1022.707520000  8.100000000 -0.421937644000
1022.732480000  8.100000000 -0.420233309000
1022.757510000  8.100000000 -0.417756200000
1022.782470000  8.100000000 -0.414533854000
1022.807500000  8.100000000 -0.410592318000
1022.832520000  8.100000000 -0.405964017000
1022.857480000  8.100000000 -0.400680959000
1022.882510000  8.100000000 -0.394775718000
1022.907470000  8.100000000 -0.388282686000
1022.932500000  8.100000000 -0.381235927000
1022.957520000  8.100000000 -0.373668671000
1022.982480000  8.100000000 -0.365613401000
1023.007510000  8.100000000 -0.357105136000
1023.032470000  8.100000000 -0.348173380000
1023.057500000  8.100000000 -0.338849425000
1023.082520000  8.100000000 -0.329162180000
1023.107480000  8.100000000 -0.319139659000
1023.132510000  8.100000000 -0.308808684000
1023.157470000  8.100000000 -0.298196673000
1023.182500000  8.100000000 -0.287323594000
1023.207520000  8.100000000 -0.276214480000
1023.232480000  8.100000000 -0.264887810000
1023.257510000  8.100000000 -0.253358483000
1023.282470000  8.100000000 -0.241645575000
1023.307500000  8.100000000 -0.229760408000
1023.332520000  8.100000000 -0.217716098000
1023.357480000  8.100000000 -0.205531716000
1023.382510000  8.100000000 -0.193215013000
1023.407470000  8.100000000 -0.180779696000
1023.432500000  8.100000000 -0.168239474000
1023.457520000  8.100000000 -0.155605674000
1023.482480000  8.100000000 -0.142890811000
1023.507510000  8.100000000 -0.130102634000
1023.532470000  8.100000000 -0.117258430000
1023.557500000  8.100000000 -0.104365349000
1023.582520000  8.100000000 -0.091428756700
1023.607480000  8.100000000 -0.078452229500
1023.632510000  8.100000000 -0.065451264400
1023.657470000  8.100000000 -0.052416920700
1023.682500000  8.100000000 -0.039354562800
1023.707520000  8.100000000 -0.026264190700
1023.732480000  8.100000000 -0.013142824200
1023.757510000  8.100000000 0.000008344650
1023.782470000  8.100000000 0.013185143500
1023.807500000  8.100000000 0.026385188100
1023.832520000  8.100000000 0.039598345800
1023.857480000  8.100000000 0.052813291500
1023.882510000  8.100000000 0.066018700600
1023.907470000  8.100000000 0.079200267800
1023.932500000  8.100000000 0.092333555200
1023.957520000  8.100000000 0.105405450000
1023.982480000  8.100000000 0.118387938000
1024.007450000  8.100000000 0.131260157000
1024.032470000  8.100000000 0.143995881000
1024.057500000  8.100000000 0.156567097000
1024.082520000  8.100000000 0.168952942000
1024.107540000  8.100000000 0.181122422000
1024.132450000  8.100000000 0.193054676000
1024.157470000  8.100000000 0.204724669000
1024.182500000  8.100000000 0.216116309000
1024.207520000  8.100000000 0.227201581000
1024.232540000  8.100000000 0.237968564000
1024.257450000  8.100000000 0.248393416000
1024.282470000  8.100000000 0.258464217000
1024.307500000  8.100000000 0.268158913000
1024.332520000  8.100000000 0.277469158000
1024.357540000  8.100000000 0.286373496000
1024.382450000  8.100000000 0.294864178000
1024.407470000  8.100000000 0.302926004000
1024.432500000  8.100000000 0.310550630000
1024.457520000  8.100000000 0.317727923000
1024.482540000  8.100000000 0.324451625000
1024.507450000  8.100000000 0.330710411000
1024.532470000  8.100000000 0.336497426000
1024.557500000  8.100000000 0.341799259000
1024.582520000  8.100000000 0.346600711000
1024.607540000  8.100000000 0.350887030000
1024.632450000  8.100000000 0.354637653000
1024.657470000  8.100000000 0.357831866000
1024.682500000  8.100000000 0.360448718000
1024.707520000  8.100000000 0.362461448000
1024.732540000  8.100000000 0.363845378000
1024.757450000  8.100000000 0.364570737000
1024.782470000  8.100000000 0.364609033000
1024.807500000  8.100000000 0.363929123000
1024.832520000  8.100000000 0.362503588000
1024.857540000  8.100000000 0.360304266000
1024.882450000  8.100000000 0.357307345000
1024.907470000  8.100000000 0.353491157000
1024.932500000  8.100000000 0.348835737000
1024.957520000  8.100000000 0.343327522000
1024.982540000  8.100000000 0.336958468000
1025.007450000  8.100000000 0.329720974000
1025.032470000  8.100000000 0.321616828000
1025.057500000  8.100000000 0.312655866000
1025.082520000  8.100000000 0.302844942000
1025.107540000  8.100000000 0.292201042000
1025.132450000  8.100000000 0.280749500000
1025.157470000  8.100000000 0.268507600000
1025.182500000  8.100000000 0.255509019000
1025.207520000  8.100000000 0.241783261000
1025.232540000  8.100000000 0.227367878000
1025.257450000  8.100000000 0.212300420000
1025.282470000  8.100000000 0.196629167000
1025.307500000  8.100000000 0.180394053000
1025.332520000  8.100000000 0.163648129000
1025.357540000  8.100000000 0.146452785000
1025.382450000  8.100000000 0.128851533000
1025.407470000  8.100000000 0.110915303000
1025.432500000  8.100000000 0.092701911900
1025.457520000  8.100000000 0.074277520200
1025.482540000  8.100000000 0.055707693100
1025.507450000  8.100000000 0.037057399700
1025.532470000  8.100000000 0.018391013100
1025.557500000  8.100000000 -0.000224709511
1025.582520000  8.100000000 -0.018731355700
1025.607540000  8.100000000 -0.037063360200
1025.632450000  8.100000000 -0.055164098700
1025.657470000  8.100000000 -0.072980523100
1025.682500000  8.100000000 -0.090461373300
1025.707520000  8.100000000 -0.107552409000
1025.732540000  8.100000000 -0.124209523000
1025.757450000  8.100000000 -0.140391588000
1025.782470000  8.100000000 -0.156048536000
1025.807500000  8.100000000 -0.171152949000
1025.832520000  8.100000000 -0.185655355000
1025.857540000  8.100000000 -0.199533701000
1025.882450000  8.100000000 -0.212743878000
1025.907470000  8.100000000 -0.225268006000
1025.932500000  8.100000000 -0.237076879000
1025.957520000  8.100000000 -0.248146057000
1025.982540000  8.100000000 -0.258459449000
1026.007450000  8.100000000 -0.267998874000
1026.032470000  8.100000000 -0.276749432000
1026.057500000  8.100000000 -0.284702480000
1026.082520000  8.100000000 -0.291855335000
1026.107540000  8.100000000 -0.298207700000
1026.132450000  8.100000000 -0.303762853000
1026.157470000  8.100000000 -0.308527648000
1026.182500000  8.100000000 -0.312511623000
1026.207520000  8.100000000 -0.315726399000
1026.232540000  8.100000000 -0.318182707000
1026.257450000  8.100000000 -0.319894254000
1026.282470000  8.100000000 -0.320879966000
1026.307500000  8.100000000 -0.321157277000
1026.332520000  8.100000000 -0.320745707000
1026.357540000  8.100000000 -0.319665611000
1026.382450000  8.100000000 -0.317937672000
1026.407470000  8.100000000 -0.315584570000
1026.432500000  8.100000000 -0.312626332000
1026.457520000  8.100000000 -0.309083104000
1026.482540000  8.100000000 -0.304974377000
1026.507450000  8.100000000 -0.300321728000
1026.532470000  8.100000000 -0.295141041000
1026.557500000  8.100000000 -0.289451033000
1026.582520000  8.100000000 -0.283269137000
1026.607540000  8.100000000 -0.276611000000
1026.632450000  8.100000000 -0.269491971000
1026.657470000  8.100000000 -0.261929929000
1026.682500000  8.100000000 -0.253939927000
1026.707520000  8.100000000 -0.245541930000
1026.732540000  8.100000000 -0.236750543000
1026.757450000  8.100000000 -0.227586627000
1026.782470000  8.100000000 -0.218065679000
1026.807500000  8.100000000 -0.208210051000
1026.832520000  8.100000000 -0.198036134000
1026.857540000  8.100000000 -0.187568963000
1026.882450000  8.100000000 -0.176826715000
1026.907470000  8.100000000 -0.165835619000
1026.932500000  8.100000000 -0.154618025000
1026.957520000  8.100000000 -0.143201947000
1026.982540000  8.100000000 -0.131618381000
1027.007450000  8.100000000 -0.119896531000
1027.032470000  8.100000000 -0.108072758000
1027.057500000  8.100000000 -0.096185803400
1027.082520000  8.100000000 -0.084276199300
1027.107540000  8.100000000 -0.072388052900
1027.132450000  8.100000000 -0.060563683500
1027.157470000  8.100000000 -0.048848986600
1027.182500000  8.100000000 -0.037292838100
1027.207520000  8.100000000 -0.025941729500
1027.232540000  8.100000000 -0.014842748600
1027.257450000  8.100000000 -0.004042387010
1027.282470000  8.100000000 0.006415247920
1027.307500000  8.100000000 0.016485452700
1027.332520000  8.100000000 0.026132464400
1027.357540000  8.100000000 0.035320520400
1027.382450000  8.100000000 0.044011473700
1027.407470000  8.100000000 0.052186250700
1027.432500000  8.100000000 0.059815049200
1027.457520000  8.100000000 0.066883564000
1027.482540000  8.100000000 0.073374509800
1027.507450000  8.100000000 0.079281330100
1027.532470000  8.100000000 0.084605813000
1027.557500000  8.100000000 0.089349150700
1027.582520000  8.100000000 0.093527436300
1027.607540000  8.100000000 0.097154974900
1027.632450000  8.100000000 0.100255609000
1027.657470000  8.100000000 0.102860332000
1027.682500000  8.100000000 0.104995370000
1027.707520000  8.100000000 0.106701255000
1027.732540000  8.100000000 0.108014941000
1027.757450000  8.100000000 0.108975470000
1027.782470000  8.100000000 0.109623969000
1027.807500000  8.100000000 0.110004246000
1027.832520000  8.100000000 0.110152662000
1027.857540000  8.100000000 0.110109448000
1027.882450000  8.100000000 0.109909773000
1027.907470000  8.100000000 0.109588206000
1027.932500000  8.100000000 0.109174550000
1027.957520000  8.100000000 0.108701587000
1027.982540000  8.100000000 0.108192265000
1028.007450000  8.100000000 0.107671618000
1028.032470000  8.100000000 0.107160807000
1028.057500000  8.100000000 0.106678307000
1028.082520000  8.100000000 0.106241107000
1028.107540000  8.100000000 0.105860531000
1028.132450000  8.100000000 0.105547607000
1028.157470000  8.100000000 0.105311573000
1028.182500000  8.100000000 0.105158687000
1028.207520000  8.100000000 0.105087757000
1028.232540000  8.100000000 0.105101168000
1028.257450000  8.100000000 0.105197132000
1028.282470000  8.100000000 0.105366707000
1028.307500000  8.100000000 0.105606019000
1028.332520000  8.100000000 0.105905533000
1028.357540000  8.100000000 0.106255412000
1028.382450000  8.100000000 0.106641352000
1028.407470000  8.100000000 0.107055455000
1028.432500000  8.100000000 0.107477456000
1028.457520000  8.100000000 0.107892901000
1028.482540000  8.100000000 0.108282268000
1028.507450000  8.100000000 0.108623505000
1028.532470000  8.100000000 0.108895004000
1028.557500000  8.100000000 0.109073073000
1028.582520000  8.100000000 0.109133124000
1028.607540000  8.100000000 0.109056085000
1028.632450000  8.100000000 0.108821467000
1028.657470000  8.100000000 0.108407736000
1028.682500000  8.100000000 0.107802451000
1028.707520000  8.100000000 0.106991678000
1028.732540000  8.100000000 0.105966777000
1028.757450000  8.100000000 0.104721561000
1028.782470000  8.100000000 0.103250407000
1028.807500000  8.100000000 0.101557449000
1028.832520000  8.100000000 0.099641047400
1028.857540000  8.100000000 0.097508616700
1028.882450000  8.100000000 0.095170125400
1028.907470000  8.100000000 0.092637121700
1028.932500000  8.100000000 0.089922294000
1028.957520000  8.100000000 0.087045088400
1028.982540000  8.100000000 0.084021732200
1029.007450000  8.100000000 0.080871522400
1029.032470000  8.100000000 0.077614486200
1029.057500000  8.100000000 0.074271485200
1029.082520000  8.100000000 0.070860832900
1029.107540000  8.100000000 0.067402087200
1029.132450000  8.100000000 0.063914433100
1029.157470000  8.100000000 0.060416385500
1029.182500000  8.100000000 0.056923851400
1029.207520000  8.100000000 0.053455680600
1029.232540000  8.100000000 0.050026103900
1029.257450000  8.100000000 0.046654716100
1029.282470000  8.100000000 0.043356940200
1029.307500000  8.100000000 0.040153861000
1029.332520000  8.100000000 0.037065446400
1029.357540000  8.100000000 0.034110993100
1029.382450000  8.100000000 0.031311661000
1029.407470000  8.100000000 0.028689652700
1029.432500000  8.100000000 0.026265978800
1029.457520000  8.100000000 0.024064481300
1029.482540000  8.100000000 0.022107213700
1029.507450000  8.100000000 0.020416155500
1029.532470000  8.100000000 0.019011050500
1029.557500000  8.100000000 0.017909631100
1029.582520000  8.100000000 0.017127022100
1029.607540000  8.100000000 0.016676485500
1029.632450000  8.100000000 0.016568899200
1029.657470000  8.100000000 0.016811788100
1029.682500000  8.100000000 0.017412155900
1029.707520000  8.100000000 0.018371641600
1029.732540000  8.100000000 0.019690245400
1029.757450000  8.100000000 0.021363496800
1029.782470000  8.100000000 0.023382157100
1029.807500000  8.100000000 0.025737285600
1029.832520000  8.100000000 0.028414726300
1029.857540000  8.100000000 0.031400769900
1029.882450000  8.100000000 0.034679472400
1029.907470000  8.100000000 0.038233250400
1029.932500000  8.100000000 0.042043477300
1029.957520000  8.100000000 0.046089738600
1029.982540000  8.100000000 0.050348937500
1030.007450000  8.100000000 0.054799020300
1030.032470000  8.100000000 0.059417337200
1030.057500000  8.100000000 0.064179003200
1030.082520000  8.100000000 0.069058835500
1030.107540000  8.100000000 0.074032098100
1030.132450000  8.100000000 0.079070627700
1030.157470000  8.100000000 0.084151178600
1030.182500000  8.100000000 0.089246928700
1030.207520000  8.100000000 0.094332546000
1030.232540000  8.100000000 0.099385976800
1030.257450000  8.100000000 0.104387105000
1030.282470000  8.100000000 0.109317601000
1030.307500000  8.100000000 0.114163756000
1030.332520000  8.100000000 0.118914545000
1030.357540000  8.100000000 0.123561323000
1030.382450000  8.100000000 0.128098428000
1030.407470000  8.100000000 0.132521391000
1030.432500000  8.100000000 0.136824250000
1030.457520000  8.100000000 0.141004324000
1030.482540000  8.100000000 0.145051479000
1030.507450000  8.100000000 0.148956478000
1030.532470000  8.100000000 0.152701735000
1030.557500000  8.100000000 0.156276226000
1030.582520000  8.100000000 0.159662664000
1030.607540000  8.100000000 0.162850320000
1030.632450000  8.100000000 0.165838003000
1030.657470000  8.100000000 0.168611705000
1030.682500000  8.100000000 0.171171129000
1030.707520000  8.100000000 0.173507929000
1030.732540000  8.100000000 0.175614357000
1030.757450000  8.100000000 0.177486539000
1030.782470000  8.100000000 0.179115534000
1030.807500000  8.100000000 0.180492997000
1030.832520000  8.100000000 0.181601644000
1030.857540000  8.100000000 0.182435513000
1030.882450000  8.100000000 0.182975531000
1030.907470000  8.100000000 0.183208585000
1030.932500000  8.100000000 0.183120370000
1030.957520000  8.100000000 0.182690620000
1030.982540000  8.100000000 0.181903839000
1031.007450000  8.100000000 0.180751085000
1031.032470000  8.100000000 0.179211497000
1031.057500000  8.100000000 0.177277327000
1031.082520000  8.100000000 0.174944401000
1031.107540000  8.100000000 0.172196031000
1031.132450000  8.100000000 0.169036984000
1031.157470000  8.100000000 0.165452957000
1031.182500000  8.100000000 0.161449909000
1031.207520000  8.100000000 0.157024860000
1031.232540000  8.100000000 0.152175426000
1031.257450000  8.100000000 0.146912932000
1031.282470000  8.100000000 0.141237378000
1031.307500000  8.100000000 0.135154724000
1031.332520000  8.100000000 0.128680468000
1031.357540000  8.100000000 0.121821761000
1031.382450000  8.100000000 0.114586353000
1031.407470000  8.100000000 0.107000470000
1031.432500000  8.100000000 0.099065303800
1031.457520000  8.100000000 0.090793967200
1031.482540000  8.100000000 0.082200765600
1031.507450000  8.100000000 0.073291063300
1031.532470000  8.100000000 0.064079761500
1031.557500000  8.100000000 0.054566860200
1031.582520000  8.100000000 0.044767856600
1031.607540000  8.100000000 0.034676790200
1031.632450000  8.100000000 0.024296045300
1031.657470000  8.100000000 0.013631582300
1031.682500000  8.100000000 0.002682209010
1031.707520000  8.100000000 -0.008542537690
1031.732540000  8.100000000 -0.020035505300
1031.757450000  8.100000000 -0.031784772900
1031.782470000  8.100000000 -0.043760538100
1031.807500000  8.100000000 -0.055955648400
1031.832520000  8.100000000 -0.068347454100
1031.857540000  8.100000000 -0.080916881600
1031.882450000  8.100000000 -0.093638896900
1031.907470000  8.100000000 -0.106500387000
1031.932500000  8.100000000 -0.119469762000
1031.957520000  8.100000000 -0.132532120000
1031.982540000  8.100000000 -0.145651698000
1032.007450000  8.100000000 -0.158803463000
1032.032470000  8.100000000 -0.171958804000
1032.057500000  8.100000000 -0.185083747000
1032.082520000  8.100000000 -0.198146701000
1032.107540000  8.100000000 -0.211116672000
1032.132450000  8.100000000 -0.223956108000
1032.157470000  8.100000000 -0.236633420000
1032.182500000  8.100000000 -0.249112248000
1032.207520000  8.100000000 -0.261367559000
1032.232540000  8.100000000 -0.273365974000
1032.257450000  8.100000000 -0.285088420000
1032.282470000  8.100000000 -0.296505094000
1032.307500000  8.100000000 -0.307595730000
1032.332520000  8.100000000 -0.318333507000
1032.357540000  8.100000000 -0.328691602000
1032.382450000  8.100000000 -0.338650346000
1032.407470000  8.100000000 -0.348188281000
1032.432500000  8.100000000 -0.357287228000
1032.457520000  8.100000000 -0.365939736000
1032.482540000  8.100000000 -0.374133587000
1032.507450000  8.100000000 -0.381862521000
1032.532470000  8.100000000 -0.389119089000
1032.557500000  8.100000000 -0.395897031000
1032.582520000  8.100000000 -0.402194262000
1032.607540000  8.100000000 -0.408007801000
1032.632450000  8.100000000 -0.413343012000
1032.657470000  8.100000000 -0.418202877000
1032.682500000  8.100000000 -0.422597289000
1032.707520000  8.100000000 -0.426533520000
1032.732540000  8.100000000 -0.430023730000
1032.757450000  8.100000000 -0.433080792000
1032.782470000  8.100000000 -0.435722232000
1032.807500000  8.100000000 -0.437963665000
1032.832520000  8.100000000 -0.439827889000
1032.857540000  8.100000000 -0.441335440000
1032.882450000  8.100000000 -0.442506224000
1032.907470000  8.100000000 -0.443362296000
1032.932500000  8.100000000 -0.443925560000
1032.957520000  8.100000000 -0.444219410000
1032.982540000  8.100000000 -0.444261432000
1033.007450000  8.100000000 -0.444079936000
1033.032470000  8.100000000 -0.443685055000
1033.057500000  8.100000000 -0.443109274000
1033.082520000  8.100000000 -0.442355275000
1033.107540000  8.100000000 -0.441433787000
1033.132450000  8.100000000 -0.440357924000
1033.157470000  8.100000000 -0.439120531000
1033.182500000  8.100000000 -0.437722206000
1033.207520000  8.100000000 -0.436165929000
1033.232540000  8.100000000 -0.434442163000
1033.257450000  8.100000000 -0.432541966000
1033.282470000  8.100000000 -0.430462956000
1033.307500000  8.100000000 -0.428197384000
1033.332520000  8.100000000 -0.425742865000
1033.357540000  8.100000000 -0.423082113000
1033.382450000  8.100000000 -0.420218706000
1033.407470000  8.100000000 -0.417126417000
1033.432500000  8.100000000 -0.413800478000
1033.457520000  8.100000000 -0.410217047000
1033.482540000  8.100000000 -0.406360626000
1033.507450000  8.100000000 -0.402218103000
1033.532470000  8.100000000 -0.397759676000
1033.557500000  8.100000000 -0.392984152000
1033.582520000  8.100000000 -0.387861729000
1033.607540000  8.100000000 -0.382393599000
1033.632450000  8.100000000 -0.376555920000
1033.657470000  8.100000000 -0.370349884000
1033.682500000  8.100000000 -0.363764763000
1033.707520000  8.100000000 -0.356816053000
1033.732540000  8.100000000 -0.349478722000
1033.757450000  8.100000000 -0.341755152000
1033.782470000  8.100000000 -0.333658457000
1033.807500000  8.100000000 -0.325179100000
1033.832520000  8.100000000 -0.316326618000
1033.857540000  8.100000000 -0.307112932000
1033.882450000  8.100000000 -0.297557116000
1033.907470000  8.100000000 -0.287667513000
1033.932500000  8.100000000 -0.277476311000
1033.957520000  8.100000000 -0.267001390000
1033.982540000  8.100000000 -0.256265402000
1034.007450000  8.100000000 -0.245294571000
1034.032470000  8.100000000 -0.234119892000
1034.057500000  8.100000000 -0.222756863000
1034.082520000  8.100000000 -0.211238861000
1034.107540000  8.100000000 -0.199575424000
1034.132450000  8.100000000 -0.187809467000
1034.157470000  8.100000000 -0.175948143000
1034.182500000  8.100000000 -0.164027214000
1034.207520000  8.100000000 -0.152053833000
1034.232540000  8.100000000 -0.140063763000
1034.257450000  8.100000000 -0.128076077000
1034.282470000  8.100000000 -0.116105080000
1034.307500000  8.100000000 -0.104181767000
1034.332520000  8.100000000 -0.092339515700
1034.357540000  8.100000000 -0.080575943000
1034.382450000  8.100000000 -0.068929195400
1034.407470000  8.100000000 -0.057427883100
1034.432500000  8.100000000 -0.046069622000
1034.457520000  8.100000000 -0.034892559100
1034.482540000  8.100000000 -0.023910999300
1034.507450000  8.100000000 -0.013151168800
1034.532470000  8.100000000 -0.002632141110
1034.557500000  8.100000000 0.007634162900
1034.582520000  8.100000000 0.017628669700
1034.607540000  8.100000000 0.027344226800
1034.632450000  8.100000000 0.036783218400
1034.657470000  8.100000000 0.045936107600
1034.682500000  8.100000000 0.054826736500
1034.707520000  8.100000000 0.063447952300
1034.732540000  8.100000000 0.071811676000
1034.757450000  8.100000000 0.079944133800
1034.782470000  8.100000000 0.087840557100
1034.807500000  8.100000000 0.095520019500
1034.832520000  8.100000000 0.103006363000
1034.857540000  8.100000000 0.110294819000
1034.882450000  8.100000000 0.117413998000
1034.907470000  8.100000000 0.124371052000
1034.932500000  8.100000000 0.131177902000
1034.957520000  8.100000000 0.137851238000
1034.982540000  8.100000000 0.144400597000
1035.007450000  8.100000000 0.150828362000
1035.032470000  8.100000000 0.157151222000
1035.057500000  8.100000000 0.163366795000
1035.082520000  8.100000000 0.169496536000
1035.107540000  8.100000000 0.175530910000
1035.132450000  8.100000000 0.181486607000
1035.157470000  8.100000000 0.187368393000
1035.182500000  8.100000000 0.193177462000
1035.207520000  8.100000000 0.198929310000
1035.232540000  8.100000000 0.204629898000
1035.257450000  8.100000000 0.210269690000
1035.282470000  8.100000000 0.215872526000
1035.307500000  8.100000000 0.221426487000
1035.332520000  8.100000000 0.226927996000
1035.357540000  8.100000000 0.232393742000
1035.382450000  8.100000000 0.237816572000
1035.407470000  8.100000000 0.243198872000
1035.432500000  8.100000000 0.248546600000
1035.457520000  8.100000000 0.253858566000
1035.482540000  8.100000000 0.259147882000
1035.507450000  8.100000000 0.264395475000
1035.532470000  8.100000000 0.269618034000
1035.557500000  8.100000000 0.274816751000
1035.582520000  8.100000000 0.279988050000
1035.607540000  8.100000000 0.285156965000
1035.632450000  8.100000000 0.290313959000
1035.657470000  8.100000000 0.295470953000
1035.682500000  8.100000000 0.300636292000
1035.707520000  8.100000000 0.305829048000
1035.732540000  8.100000000 0.311055183000
1035.757450000  8.100000000 0.316325426000
1035.782470000  8.100000000 0.321658850000
1035.807500000  8.100000000 0.327063799000
1035.832520000  8.100000000 0.332561731000
1035.857540000  8.100000000 0.338149071000
1035.882450000  8.100000000 0.343848467000
1035.907470000  8.100000000 0.349656343000
1035.932500000  8.100000000 0.355585814000
1035.957520000  8.100000000 0.361636877000
1035.982540000  8.100000000 0.367829800000
1036.007450000  8.100000000 0.374172926000
1036.032470000  8.100000000 0.380666256000
1036.057500000  8.100000000 0.387333035000
1036.082520000  8.100000000 0.394163728000
1036.107540000  8.100000000 0.401172042000
1036.132450000  8.100000000 0.408349037000
1036.157470000  8.100000000 0.415689349000
1036.182500000  8.100000000 0.423191786000
1036.207520000  8.100000000 0.430837870000
1036.232540000  8.100000000 0.438609123000
1036.257450000  8.100000000 0.446495414000
1036.282470000  8.100000000 0.454467535000
1036.307500000  8.100000000 0.462498069000
1036.332520000  8.100000000 0.470560491000
1036.357540000  8.100000000 0.478615463000
1036.382450000  8.100000000 0.486623049000
1036.407470000  8.100000000 0.494545698000
1036.432500000  8.100000000 0.502340496000
1036.457520000  8.100000000 0.509968400000
1036.482540000  8.100000000 0.517388105000
1036.507450000  8.100000000 0.524558723000
1036.532470000  8.100000000 0.531442225000
1036.557500000  8.100000000 0.538002312000
1036.582520000  8.100000000 0.544203043000
1036.607540000  8.100000000 0.550010979000
1036.632450000  8.100000000 0.555394173000
1036.657470000  8.100000000 0.560321212000
1036.682500000  8.100000000 0.564759374000
1036.707520000  8.100000000 0.568680882000
1036.732540000  8.100000000 0.572054684000
1036.757450000  8.100000000 0.574848652000
1036.782470000  8.100000000 0.577036440000
1036.807500000  8.100000000 0.578588843000
1036.832520000  8.100000000 0.579481721000
1036.857540000  8.100000000 0.579696298000
1036.882450000  8.100000000 0.579213500000
1036.907470000  8.100000000 0.578020811000
1036.932500000  8.100000000 0.576097965000
1036.957520000  8.100000000 0.573442578000
1036.982540000  8.100000000 0.570040345000
1037.007450000  8.100000000 0.565890670000
1037.032470000  8.100000000 0.560997725000
1037.057500000  8.100000000 0.555357933000
1037.082520000  8.100000000 0.548993349000
1037.107540000  8.100000000 0.541909933000
1037.132450000  8.100000000 0.534123182000
1037.157470000  8.100000000 0.525659323000
1037.182500000  8.100000000 0.516543388000
1037.207520000  8.100000000 0.506794453000
1037.232540000  8.100000000 0.496442318000
1037.257450000  8.100000000 0.485516787000
1037.282470000  8.100000000 0.474026203000
1037.307500000  8.100000000 0.462020636000
1037.332520000  8.100000000 0.449507236000
1037.357540000  8.100000000 0.436521769000
1037.382450000  8.100000000 0.423094034000
1037.407470000  8.100000000 0.409252644000
1037.432500000  8.100000000 0.395017862000
1037.457520000  8.100000000 0.380448103000
1037.482540000  8.100000000 0.365556479000
1037.507450000  8.100000000 0.350396633000
1037.532470000  8.100000000 0.334993601000
1037.557500000  8.100000000 0.319415331000
1037.582520000  8.100000000 0.303678513000
1037.607540000  8.100000000 0.287830830000
1037.632450000  8.100000000 0.271911621000
1037.657470000  8.100000000 0.255961418000
1037.682500000  8.100000000 0.239994526000
1037.707520000  8.100000000 0.224058628000
1037.732540000  8.100000000 0.208165646000
1037.757450000  8.100000000 0.192351341000
1037.782470000  8.100000000 0.176649094000
1037.807500000  8.100000000 0.161049366000
1037.832520000  8.100000000 0.145602226000
1037.857540000  8.100000000 0.130307674000
1037.882450000  8.100000000 0.115206242000
1037.907470000  8.100000000 0.100295544000
1037.932500000  8.100000000 0.085587501500
1037.957520000  8.100000000 0.071127414700
1037.982540000  8.100000000 0.056905746500
1038.007450000  8.100000000 0.042948722800
1038.032470000  8.100000000 0.029273033100
1038.057500000  8.100000000 0.015897750900
1038.082520000  8.100000000 0.002834796910
1038.107540000  8.100000000 -0.009894371030
1038.132450000  8.100000000 -0.022277832000
1038.157470000  8.100000000 -0.034279823300
1038.182500000  8.100000000 -0.045912265800
1038.207520000  8.100000000 -0.057139396700
1038.232540000  8.100000000 -0.067958831800
1038.257450000  8.100000000 -0.078361034400
1038.282470000  8.100000000 -0.088329315200
1038.307500000  8.100000000 -0.097877979300
1038.332520000  8.100000000 -0.106980801000
1038.357540000  8.100000000 -0.115661621000
1038.382450000  8.100000000 -0.123896599000
1038.407470000  8.100000000 -0.131707191000
1038.432500000  8.100000000 -0.139093399000
1038.457520000  8.100000000 -0.146057606000
1038.482540000  8.100000000 -0.152614117000
1038.507450000  8.100000000 -0.158772469000
1038.532470000  8.100000000 -0.164542198000
1038.557500000  8.100000000 -0.169939995000
1038.582520000  8.100000000 -0.174994469000
1038.607540000  8.100000000 -0.179703236000
1038.632450000  8.100000000 -0.184104443000
1038.657470000  8.100000000 -0.188205242000
1038.682500000  8.100000000 -0.192041397000
1038.707520000  8.100000000 -0.195622444000
1038.732540000  8.100000000 -0.198973417000
1038.757450000  8.100000000 -0.202140808000
1038.782470000  8.100000000 -0.205131769000
1038.807500000  8.100000000 -0.207982063000
1038.832520000  8.100000000 -0.210714340000
1038.857540000  8.100000000 -0.213379860000
1038.882450000  8.100000000 -0.215982199000
1038.907470000  8.100000000 -0.218573809000
1038.932500000  8.100000000 -0.221171379000
1038.957520000  8.100000000 -0.223815441000
1038.982540000  8.100000000 -0.226526260000
1039.007450000  8.100000000 -0.229344368000
1039.032470000  8.100000000 -0.232293606000
1039.057500000  8.100000000 -0.235403776000
1039.082520000  8.100000000 -0.238702297000
1039.107540000  8.100000000 -0.242210627000
1039.132450000  8.100000000 -0.245964527000
1039.157470000  8.100000000 -0.249967575000
1039.182500000  8.100000000 -0.254259109000
1039.207520000  8.100000000 -0.258842707000
1039.232540000  8.100000000 -0.263733864000
1039.257450000  8.100000000 -0.268949270000
1039.282470000  8.100000000 -0.274494886000
1039.307500000  8.100000000 -0.280373096000
1039.332520000  8.100000000 -0.286597013000
1039.357540000  8.100000000 -0.293153524000
1039.382450000  8.100000000 -0.300043821000
1039.407470000  8.100000000 -0.307260752000
1039.432500000  8.100000000 -0.314795971000
1039.457520000  8.100000000 -0.322635174000
1039.482540000  8.100000000 -0.330767632000
1039.507450000  8.100000000 -0.339177847000
1039.532470000  8.100000000 -0.347849131000
1039.557500000  8.100000000 -0.356752872000
1039.582520000  8.100000000 -0.365878344000
1039.607540000  8.100000000 -0.375195742000
1039.632450000  8.100000000 -0.384672880000
1039.657470000  8.100000000 -0.394287109000
1039.682500000  8.100000000 -0.404000282000
1039.707520000  8.100000000 -0.413782001000
1039.732540000  8.100000000 -0.423591137000
1039.757450000  8.100000000 -0.433397889000
1039.782470000  8.100000000 -0.443151593000
1039.807500000  8.100000000 -0.452827811000
1039.832520000  8.100000000 -0.462371707000
1039.857540000  8.100000000 -0.471754670000
1039.882450000  8.100000000 -0.480940342000
1039.907470000  8.100000000 -0.489889383000
1039.932500000  8.100000000 -0.498565137000
1039.957520000  8.100000000 -0.506935120000
1039.982540000  8.100000000 -0.514963865000
1040.007450000  8.100000000 -0.522615016000
1040.032470000  8.100000000 -0.529855490000
1040.057500000  8.100000000 -0.536650896000
1040.082520000  8.100000000 -0.542969406000
1040.107540000  8.100000000 -0.548778892000
1040.132450000  8.100000000 -0.554050744000
1040.157470000  8.100000000 -0.558756053000
1040.182500000  8.100000000 -0.562869251000
1040.207520000  8.100000000 -0.566367090000
1040.232540000  8.100000000 -0.569225788000
1040.257450000  8.100000000 -0.571427047000
1040.282470000  8.100000000 -0.572950244000
1040.307500000  8.100000000 -0.573781431000
1040.332520000  8.100000000 -0.573905706000
1040.357540000  8.100000000 -0.573312938000
1040.382450000  8.100000000 -0.571990311000
1040.407470000  8.100000000 -0.569932461000
1040.432500000  8.100000000 -0.567130446000
1040.457520000  8.100000000 -0.563580990000
1040.482540000  8.100000000 -0.559283495000
1040.507450000  8.100000000 -0.554236770000
1040.532470000  8.100000000 -0.548443794000
1040.557500000  8.100000000 -0.541917086000
1040.582520000  8.100000000 -0.534666181000
1040.607540000  8.100000000 -0.526705980000
1040.632450000  8.100000000 -0.518060923000
1040.657470000  8.100000000 -0.508745909000
1040.682500000  8.100000000 -0.498791933000
1040.707520000  8.100000000 -0.488225222000
1040.732540000  8.100000000 -0.477074385000
1040.757450000  8.100000000 -0.465382338000
1040.782470000  8.100000000 -0.453172922000
1040.807500000  8.100000000 -0.440493822000
1040.832520000  8.100000000 -0.427386761000
1040.857540000  8.100000000 -0.413902998000
1040.882450000  8.100000000 -0.400078297000
1040.907470000  8.100000000 -0.385973454000
1040.932500000  8.100000000 -0.371624231000
1040.957520000  8.100000000 -0.357090235000
1040.982540000  8.100000000 -0.342421532000
1041.007450000  8.100000000 -0.327663422000
1041.032470000  8.100000000 -0.312873125000
1041.057500000  8.100000000 -0.298100710000
1041.082520000  8.100000000 -0.283384323000
1041.107540000  8.100000000 -0.268783569000
1041.132450000  8.100000000 -0.254336596000
1041.157470000  8.100000000 -0.240088701000
1041.182500000  8.100000000 -0.226073265000
1041.207520000  8.100000000 -0.212335587000
1041.232540000  8.100000000 -0.198903084000
1041.257450000  8.100000000 -0.185807943000
1041.282470000  8.100000000 -0.173079967000
1041.307500000  8.100000000 -0.160728693000
1041.332520000  8.100000000 -0.148801804000
1041.357540000  8.100000000 -0.137292147000
1041.382450000  8.100000000 -0.126218796000
1041.407470000  8.100000000 -0.115616322000
1041.432500000  8.100000000 -0.105471611000
1041.457520000  8.100000000 -0.095810890200
1041.482540000  8.100000000 -0.086629390700
1041.507450000  8.100000000 -0.077941417700
1041.532470000  8.100000000 -0.069730281800
1041.557500000  8.100000000 -0.061991214800
1041.582520000  8.100000000 -0.054714679700
1041.607540000  8.100000000 -0.047879219100
1041.632450000  8.100000000 -0.041463375100
1041.657470000  8.100000000 -0.035445690200
1041.682500000  8.100000000 -0.029783248900
1041.707520000  8.100000000 -0.024480819700
1041.732540000  8.100000000 -0.019474029500
1041.757450000  8.100000000 -0.014743804900
1041.782470000  8.100000000 -0.010259151500
1041.807500000  8.100000000 -0.005977153780
1041.832520000  8.100000000 -0.001857280730
1041.857540000  8.100000000 0.002119541170
1041.882450000  8.100000000 0.006017684940
1041.907470000  8.100000000 0.009856224060
1041.932500000  8.100000000 0.013678073900
1041.957520000  8.100000000 0.017540454900
1041.982540000  8.100000000 0.021469593000
1042.007450000  8.100000000 0.025494098700
1042.032470000  8.100000000 0.029675960500
1042.057500000  8.100000000 0.034027099600
1042.082520000  8.100000000 0.038576126100
1042.107540000  8.100000000 0.043358802800
1042.132450000  8.100000000 0.048372745500
1042.157470000  8.100000000 0.053651332900
1042.182500000  8.100000000 0.059201717400
1042.207520000  8.100000000 0.065023899100
1042.232540000  8.100000000 0.071141719800
1042.257450000  8.100000000 0.077528953600
1042.282470000  8.100000000 0.084199905400
1042.307500000  8.100000000 0.091147422800
1042.332520000  8.100000000 0.098347663900
1042.357540000  8.100000000 0.105803013000
1042.382450000  8.100000000 0.113487244000
1042.407470000  8.100000000 0.121386051000
1042.432500000  8.100000000 0.129476786000
1042.457520000  8.100000000 0.137736797000
1042.482540000  8.100000000 0.146137476000
1042.507450000  8.100000000 0.154650211000
1042.532470000  8.100000000 0.163239241000
1042.557500000  8.100000000 0.171880722000
1042.582520000  8.100000000 0.180525780000
1042.607540000  8.100000000 0.189157724000
1042.632450000  8.100000000 0.197727680000
1042.657470000  8.100000000 0.206212997000
1042.682500000  8.100000000 0.214588642000
1042.707520000  8.100000000 0.222820044000
1042.732540000  8.100000000 0.230885744000
1042.757450000  8.100000000 0.238757133000
1042.782470000  8.100000000 0.246411562000
1042.807500000  8.100000000 0.253831148000
1042.832520000  8.100000000 0.260993242000
1042.857540000  8.100000000 0.267895460000
1042.882450000  8.100000000 0.274512768000
1042.907470000  8.100000000 0.280842781000
1042.932500000  8.100000000 0.286874771000
1042.957520000  8.100000000 0.292615891000
1042.982540000  8.100000000 0.298050642000
1043.007450000  8.100000000 0.303182602000
1043.032470000  8.100000000 0.308015347000
1043.057500000  8.100000000 0.312532187000
1043.082520000  8.100000000 0.316739082000
1043.107540000  8.100000000 0.320640802000
1043.132450000  8.100000000 0.324220657000
1043.157470000  8.100000000 0.327482224000
1043.182500000  8.100000000 0.330425501000
1043.207520000  8.100000000 0.333046913000
1043.232540000  8.100000000 0.335350037000
1043.257450000  8.100000000 0.337318182000
1043.282470000  8.100000000 0.338963270000
1043.307500000  8.100000000 0.340286493000
1043.332520000  8.100000000 0.341268778000
1043.357540000  8.100000000 0.341929793000
1043.382450000  8.100000000 0.342260003000
1043.407470000  8.100000000 0.342264175000
1043.432500000  8.100000000 0.341934562000
1043.457520000  8.100000000 0.341281295000
1043.482540000  8.100000000 0.340297222000
1043.507450000  8.100000000 0.338990092000
1043.532470000  8.100000000 0.337368846000
1043.557500000  8.100000000 0.335435271000
1043.582520000  8.100000000 0.333210230000
1043.607540000  8.100000000 0.330711007000
1043.632450000  8.100000000 0.327948332000
1043.657470000  8.100000000 0.324950218000
1043.682500000  8.100000000 0.321744084000
1043.707520000  8.100000000 0.318354368000
1043.732540000  8.100000000 0.314812660000
1043.757450000  8.100000000 0.311156511000
1043.782470000  8.100000000 0.307423174000
1043.807500000  8.100000000 0.303651094000
1043.832520000  8.100000000 0.299882889000
1043.857540000  8.100000000 0.296154618000
1043.882450000  8.100000000 0.292507410000
1043.907470000  8.100000000 0.288976133000
1043.932500000  8.100000000 0.285597146000
1043.957520000  8.100000000 0.282400995000
1043.982540000  8.100000000 0.279421955000
1044.007450000  8.100000000 0.276684016000
1044.032470000  8.100000000 0.274209231000
1044.057500000  8.100000000 0.272019506000
1044.082520000  8.100000000 0.270128906000
1044.107540000  8.100000000 0.268549472000
1044.132450000  8.100000000 0.267287076000
1044.157470000  8.100000000 0.266340852000
1044.182500000  8.100000000 0.265711129000
1044.207520000  8.100000000 0.265391052000
1044.232540000  8.100000000 0.265371054000
1044.257450000  8.100000000 0.265638590000
1044.282470000  8.100000000 0.266174614000
1044.307500000  8.100000000 0.266958117000
1044.332520000  8.100000000 0.267964900000
1044.357540000  8.100000000 0.269171447000
1044.382450000  8.100000000 0.270547122000
1044.407470000  8.100000000 0.272066146000
1044.432500000  8.100000000 0.273695886000
1044.457520000  8.100000000 0.275407732000
1044.482540000  8.100000000 0.277170539000
1044.507450000  8.100000000 0.278951526000
1044.532470000  8.100000000 0.280722380000
1044.557500000  8.100000000 0.282455087000
1044.582520000  8.100000000 0.284120142000
1044.607540000  8.100000000 0.285699666000
1044.632450000  8.100000000 0.287169516000
1044.657470000  8.100000000 0.288515091000
1044.682500000  8.100000000 0.289719701000
1044.707520000  8.100000000 0.290769935000
1044.732540000  8.100000000 0.291657448000
1044.757450000  8.100000000 0.292367935000
1044.782470000  8.100000000 0.292903781000
1044.807500000  8.100000000 0.293255448000
1044.832520000  8.100000000 0.293422937000
1044.857540000  8.100000000 0.293408036000
1044.882450000  8.100000000 0.293209553000
1044.907470000  8.100000000 0.292835236000
1044.932500000  8.100000000 0.292288661000
1044.957520000  8.100000000 0.291574597000
1044.982540000  8.100000000 0.290700197000
1045.007450000  8.100000000 0.289672017000
1045.032470000  8.100000000 0.288499594000
1045.057500000  8.100000000 0.287183523000
1045.082520000  8.100000000 0.285738707000
1045.107540000  8.100000000 0.284159184000
1045.132450000  8.100000000 0.282461643000
1045.157470000  8.100000000 0.280636549000
1045.182500000  8.100000000 0.278693438000
1045.207520000  8.100000000 0.276618004000
1045.232540000  8.100000000 0.274423361000
1045.257450000  8.100000000 0.272095203000
1045.282470000  8.100000000 0.269635916000
1045.307500000  8.100000000 0.267051458000
1045.332520000  8.100000000 0.264335871000
1045.357540000  8.100000000 0.261493921000
1045.382450000  8.100000000 0.258531570000
1045.407470000  8.100000000 0.255452394000
1045.432500000  8.100000000 0.252248049000
1045.457520000  8.100000000 0.248937607000
1045.482540000  8.100000000 0.245501995000
1045.507450000  8.100000000 0.241957903000
1045.532470000  8.100000000 0.238289833000
1045.557500000  8.100000000 0.234507322000
1045.582520000  8.100000000 0.230602026000
1045.607540000  8.100000000 0.226573944000
1045.632450000  8.100000000 0.222415924000
1045.657470000  8.100000000 0.218126774000
1045.682500000  8.100000000 0.213711262000
1045.707520000  8.100000000 0.209163427000
1045.732540000  8.100000000 0.204485655000
1045.757450000  8.100000000 0.199670792000
1045.782470000  8.100000000 0.194721222000
1045.807500000  8.100000000 0.189644098000
1045.832520000  8.100000000 0.184444189000
1045.857540000  8.100000000 0.179111958000
1045.882450000  8.100000000 0.173672438000
1045.907470000  8.100000000 0.168106556000
1045.932500000  8.100000000 0.162426233000
1045.957520000  8.100000000 0.156633854000
1045.982540000  8.100000000 0.150724649000
1046.007450000  8.100000000 0.144708157000
1046.032470000  8.100000000 0.138573647000
1046.057500000  8.100000000 0.132335424000
1046.082520000  8.100000000 0.125997066000
1046.107540000  8.100000000 0.119556189000
1046.132450000  8.100000000 0.113030672000
1046.157470000  8.100000000 0.106415749000
1046.182500000  8.100000000 0.099722147000
1046.207520000  8.100000000 0.092960596100
1046.232540000  8.100000000 0.086132288000
1046.257450000  8.100000000 0.079253912000
1046.282470000  8.100000000 0.072332620600
1046.307500000  8.100000000 0.065383911100
1046.332520000  8.100000000 0.058413744000
1046.357540000  8.100000000 0.051438808400
1046.382450000  8.100000000 0.044491291000
1046.407470000  8.100000000 0.037555694600
1046.432500000  8.100000000 0.030684471100
1046.457520000  8.100000000 0.023865699800
1046.482540000  8.100000000 0.017130374900
1046.507450000  8.100000000 0.010490417500
1046.532470000  8.100000000 0.003952980040
1046.557500000  8.100000000 -0.002467632290
1046.582520000  8.100000000 -0.008759498600
1046.607540000  8.100000000 -0.014920234700
1046.632450000  8.100000000 -0.020949840500
1046.657470000  8.100000000 -0.026838779400
1046.682500000  8.100000000 -0.032589435600
1046.707520000  8.100000000 -0.038197040600
1046.732540000  8.100000000 -0.043675899500
1046.757450000  8.100000000 -0.049023628200
1046.782470000  8.100000000 -0.054234266300
1046.807500000  8.100000000 -0.059326887100
1046.832520000  8.100000000 -0.064289569900
1046.857540000  8.100000000 -0.069127082800
1046.882450000  8.100000000 -0.073846578600
1046.907470000  8.100000000 -0.078452825500
1046.932500000  8.100000000 -0.082945823700
1046.957520000  8.100000000 -0.087331533400
1046.982540000  8.100000000 -0.091626644100
1047.007450000  8.100000000 -0.095810890200
1047.032470000  8.100000000 -0.099908113500
1047.057500000  8.100000000 -0.103904009000
1047.082520000  8.100000000 -0.107803345000
1047.107540000  8.100000000 -0.111598969000
1047.132450000  8.100000000 -0.115289688000
1047.157470000  8.100000000 -0.118863583000
1047.182500000  8.100000000 -0.122336149000
1047.207520000  8.100000000 -0.125678778000
1047.232540000  8.100000000 -0.128908157000
1047.257450000  8.100000000 -0.132008791000
1047.282470000  8.100000000 -0.134971142000
1047.307500000  8.100000000 -0.137788057000
1047.332520000  8.100000000 -0.140460730000
1047.357540000  8.100000000 -0.142962933000
1047.382450000  8.100000000 -0.145287514000
1047.407470000  8.100000000 -0.147423744000
1047.432500000  8.100000000 -0.149347782000
1047.457520000  8.100000000 -0.151046515000
1047.482540000  8.100000000 -0.152512789000
1047.507450000  8.100000000 -0.153726339000
1047.532470000  8.100000000 -0.154656172000
1047.557500000  8.100000000 -0.155313015000
1047.582520000  8.100000000 -0.155668259000
1047.607540000  8.100000000 -0.155715942000
1047.632450000  8.100000000 -0.155446529000
1047.657470000  8.100000000 -0.154854059000
1047.682500000  8.100000000 -0.153926611000
1047.707520000  8.100000000 -0.152676105000
1047.732540000  8.100000000 -0.151088238000
1047.757450000  8.100000000 -0.149170160000
1047.782470000  8.100000000 -0.146937370000
1047.807500000  8.100000000 -0.144380331000
1047.832520000  8.100000000 -0.141513348000
1047.857540000  8.100000000 -0.138344765000
1047.882450000  8.100000000 -0.134878159000
1047.907470000  8.100000000 -0.131142139000
1047.932500000  8.100000000 -0.127148628000
1047.957520000  8.100000000 -0.122920275000
1047.982540000  8.100000000 -0.118498802000
1048.007450000  8.100000000 -0.113904476000
1048.032470000  8.100000000 -0.109187365000
1048.057500000  8.100000000 -0.104367733000
1048.082520000  8.100000000 -0.099488496800
1048.107540000  8.100000000 -0.094592571300
1048.132450000  8.100000000 -0.089704990400
1048.157470000  8.100000000 -0.084869861600
1048.182500000  8.100000000 -0.080120563500
1048.207520000  8.100000000 -0.075497627300
1048.232540000  8.100000000 -0.071034431500
1048.257450000  8.100000000 -0.066760778400
1048.282470000  8.100000000 -0.062719583500
1048.307500000  8.100000000 -0.058932304400
1048.332520000  8.100000000 -0.055433511700
1048.357540000  8.100000000 -0.052251815800
1048.382450000  8.100000000 -0.049418211000
1048.407470000  8.100000000 -0.046944618200
1048.432500000  8.100000000 -0.044875145000
1048.457520000  8.100000000 -0.043209791200
1048.482540000  8.100000000 -0.041972398800
1048.507450000  8.100000000 -0.041188001600
1048.532470000  8.100000000 -0.040863752400
1048.557500000  8.100000000 -0.041016340300
1048.582520000  8.100000000 -0.041649341600
1048.607540000  8.100000000 -0.042767524700
1048.632450000  8.100000000 -0.044372081800
1048.657470000  8.100000000 -0.046452283900
1048.682500000  8.100000000 -0.049000978500
1048.707520000  8.100000000 -0.052011013000
1048.732540000  8.100000000 -0.055449008900
1048.757450000  8.100000000 -0.059312582000
1048.782470000  8.100000000 -0.063568353700
1048.807500000  8.100000000 -0.068182945300
1048.832520000  8.100000000 -0.073126554500
1048.857540000  8.100000000 -0.078359842300
1048.882450000  8.100000000 -0.083853006400
1048.907470000  8.100000000 -0.089557170900
1048.932500000  8.100000000 -0.095431804700
1048.957520000  8.100000000 -0.101432800000
1048.982540000  8.100000000 -0.107523203000
1049.007450000  8.100000000 -0.113654137000
1049.032470000  8.100000000 -0.119785070000
1049.057500000  8.100000000 -0.125883818000
1049.082520000  8.100000000 -0.131903887000
1049.107540000  8.100000000 -0.137815475000
1049.132450000  8.100000000 -0.143588781000
1049.157470000  8.100000000 -0.149199963000
1049.182500000  8.100000000 -0.154616833000
1049.207520000  8.100000000 -0.159837008000
1049.232540000  8.100000000 -0.164835453000
1049.257450000  8.100000000 -0.169606805000
1049.282470000  8.100000000 -0.174138546000
1049.307500000  8.100000000 -0.178426504000
1049.332520000  8.100000000 -0.182464123000
1049.357540000  8.100000000 -0.186253190000
1049.382450000  8.100000000 -0.189794898000
1049.407470000  8.100000000 -0.193092823000
1049.432500000  8.100000000 -0.196159482000
1049.457520000  8.100000000 -0.199004412000
1049.482540000  8.100000000 -0.201643705000
1049.507450000  8.100000000 -0.204092860000
1049.532470000  8.100000000 -0.206372142000
1049.557500000  8.100000000 -0.208504796000
1049.582520000  8.100000000 -0.210511684000
1049.607540000  8.100000000 -0.212427974000
1049.632450000  8.100000000 -0.214281082000
1049.657470000  8.100000000 -0.216105580000
1049.682500000  8.100000000 -0.217936635000
1049.707520000  8.100000000 -0.219804645000
1049.732540000  8.100000000 -0.221744776000
1049.757450000  8.100000000 -0.223780870000
1049.782470000  8.100000000 -0.225944519000
1049.807500000  8.100000000 -0.228258967000
1049.832520000  8.100000000 -0.230746567000
1049.857540000  8.100000000 -0.233424306000
1049.882450000  8.100000000 -0.236306489000
1049.907470000  8.100000000 -0.239398479000
1049.932500000  8.100000000 -0.242709219000
1049.957520000  8.100000000 -0.246236622000
1049.982540000  8.100000000 -0.249972939000
1050.007450000  8.100000000 -0.253910720000
1050.032470000  8.100000000 -0.258032382000
1050.057500000  8.100000000 -0.262313485000
1050.082520000  8.100000000 -0.266729593000
1050.107540000  8.100000000 -0.271251947000
1050.132450000  8.100000000 -0.275849700000
1050.157470000  8.100000000 -0.280490518000
1050.182500000  8.100000000 -0.285135210000
1050.207520000  8.100000000 -0.289749503000
1050.232540000  8.100000000 -0.294290930000
1050.257450000  8.100000000 -0.298720121000
1050.282470000  8.100000000 -0.302996695000
1050.307500000  8.100000000 -0.307080775000
1050.332520000  8.100000000 -0.310932815000
1050.357540000  8.100000000 -0.314516008000
1050.382450000  8.100000000 -0.317793936000
1050.407470000  8.100000000 -0.320730448000
1050.432500000  8.100000000 -0.323296040000
1050.457520000  8.100000000 -0.325458497000
1050.482540000  8.100000000 -0.327192247000
1050.507450000  8.100000000 -0.328474045000
1050.532470000  8.100000000 -0.329284966000
1050.557500000  8.100000000 -0.329610705000
1050.582520000  8.100000000 -0.329440832000
1050.607540000  8.100000000 -0.328772068000
1050.632450000  8.100000000 -0.327602625000
1050.657470000  8.100000000 -0.325938165000
1050.682500000  8.100000000 -0.323785245000
1050.707520000  8.100000000 -0.321158767000
1050.732540000  8.100000000 -0.318068266000
1050.757450000  8.100000000 -0.314534903000
1050.782470000  8.100000000 -0.310583115000
1050.807500000  8.100000000 -0.306231976000
1050.832520000  8.100000000 -0.301508307000
1050.857540000  8.100000000 -0.296446681000
1050.882450000  8.100000000 -0.291072726000
1050.907470000  8.100000000 -0.285421014000
1050.932500000  8.100000000 -0.279523730000
1050.957520000  8.100000000 -0.273418427000
1050.982540000  8.100000000 -0.267139077000
1051.007450000  8.100000000 -0.260725617000
1051.032470000  8.100000000 -0.254217386000
1051.057500000  8.100000000 -0.247648954000
1051.082520000  8.100000000 -0.241061449000
1051.107540000  8.100000000 -0.234492421000
1051.132450000  8.100000000 -0.227974653000
1051.157470000  8.100000000 -0.221550465000
1051.182500000  8.100000000 -0.215244293000
1051.207520000  8.100000000 -0.209089518000
1051.232540000  8.100000000 -0.203111172000
1051.257450000  8.100000000 -0.197331905000
1051.282470000  8.100000000 -0.191779137000
1051.307500000  8.100000000 -0.186464787000
1051.332520000  8.100000000 -0.181406736000
1051.357540000  8.100000000 -0.176615715000
1051.382450000  8.100000000 -0.172102451000
1051.407470000  8.100000000 -0.167859793000
1051.432500000  8.100000000 -0.163905621000
1051.457520000  8.100000000 -0.160219669000
1051.482540000  8.100000000 -0.156805515000
1051.507450000  8.100000000 -0.153647661000
1051.532470000  8.100000000 -0.150742531000
1051.557500000  8.100000000 -0.148078203000
1051.582520000  8.100000000 -0.145634413000
1051.607540000  8.100000000 -0.143390894000
1051.632450000  8.100000000 -0.141324997000
1051.657470000  8.100000000 -0.139408112000
1051.682500000  8.100000000 -0.137611628000
1051.707520000  8.100000000 -0.135906935000
1051.732540000  8.100000000 -0.134263039000
1051.757450000  8.100000000 -0.132640600000
1051.782470000  8.100000000 -0.131020546000
1051.807500000  8.100000000 -0.129377842000
1051.832520000  8.100000000 -0.127682686000
1051.857540000  8.100000000 -0.125910044000
1051.882450000  8.100000000 -0.124045610000
1051.907470000  8.100000000 -0.122079849000
1051.932500000  8.100000000 -0.119979382000
1051.957520000  8.100000000 -0.117769241000
1051.982540000  8.100000000 -0.115413666000
1052.007450000  8.100000000 -0.112926960000
1052.032470000  8.100000000 -0.110309124000
1052.057500000  8.100000000 -0.107557774000
1052.082520000  8.100000000 -0.104691982000
1052.107540000  8.100000000 -0.101711750000
1052.132450000  8.100000000 -0.098627805700
1052.157470000  8.100000000 -0.095474720000
1052.182500000  8.100000000 -0.092246532400
1052.207520000  8.100000000 -0.088969469100
1052.232540000  8.100000000 -0.085664987600
1052.257450000  8.100000000 -0.082340240500
1052.282470000  8.100000000 -0.079008340800
1052.307500000  8.100000000 -0.075690746300
1052.332520000  8.100000000 -0.072393417400
1052.357540000  8.100000000 -0.069124698600
1052.382450000  8.100000000 -0.065886974300
1052.407470000  8.100000000 -0.062701702100
1052.432500000  8.100000000 -0.059559345200
1052.457520000  8.100000000 -0.056463480000
1052.482540000  8.100000000 -0.053416490600
1052.507450000  8.100000000 -0.050413608600
1052.532470000  8.100000000 -0.047446489300
1052.557500000  8.100000000 -0.044519901300
1052.582520000  8.100000000 -0.041611194600
1052.607540000  8.100000000 -0.038721561400
1052.632450000  8.100000000 -0.035835504500
1052.657470000  8.100000000 -0.032948255500
1052.682500000  8.100000000 -0.030044317200
1052.707520000  8.100000000 -0.027108192400
1052.732540000  8.100000000 -0.024149417900
1052.757450000  8.100000000 -0.021150112200
1052.782470000  8.100000000 -0.018088817600
1052.807500000  8.100000000 -0.014981031400
1052.832520000  8.100000000 -0.011812448500
1052.857540000  8.100000000 -0.008575916290
1052.882450000  8.100000000 -0.005270242690
1052.907470000  8.100000000 -0.001879930500
1052.932500000  8.100000000 0.001587867740
1052.957520000  8.100000000 0.005145072940
1052.982540000  8.100000000 0.008797645570
1053.007450000  8.100000000 0.012534856800
1053.032470000  8.100000000 0.016375780100
1053.057500000  8.100000000 0.020315647100
1053.082520000  8.100000000 0.024348497400
1053.107540000  8.100000000 0.028485059700
1053.132450000  8.100000000 0.032725334200
1053.157470000  8.100000000 0.037060976000
1053.182500000  8.100000000 0.041495561600
1053.207520000  8.100000000 0.046026706700
1053.232540000  8.100000000 0.050638914100
1053.257450000  8.100000000 0.055334568000
1053.282470000  8.100000000 0.060098171200
1053.307500000  8.100000000 0.064921379100
1053.332520000  8.100000000 0.069776773500
1053.357540000  8.100000000 0.074669122700
1053.382450000  8.100000000 0.079562664000
1053.407470000  8.100000000 0.084452629100
1053.432500000  8.100000000 0.089321136500
1053.457520000  8.100000000 0.094150304800
1053.482540000  8.100000000 0.098930597300
1053.507450000  8.100000000 0.103646517000
1053.532470000  8.100000000 0.108283758000
1053.557500000  8.100000000 0.112841129000
1053.582520000  8.100000000 0.117305517000
1053.607540000  8.100000000 0.121675730000
1053.632450000  8.100000000 0.125939846000
1053.657470000  8.100000000 0.130099058000
1053.682500000  8.100000000 0.134164095000
1053.707520000  8.100000000 0.138127804000
1053.732540000  8.100000000 0.141994953000
1053.757450000  8.100000000 0.145775080000
1053.782470000  8.100000000 0.149474144000
1053.807500000  8.100000000 0.153095722000
1053.832520000  8.100000000 0.156637430000
1053.857540000  8.100000000 0.160123110000
1053.882450000  8.100000000 0.163537264000
1053.907470000  8.100000000 0.166889429000
1053.932500000  8.100000000 0.170191526000
1053.957520000  8.100000000 0.173429251000
1053.982540000  8.100000000 0.176609755000
1054.007450000  8.100000000 0.179718733000
1054.032470000  8.100000000 0.182754993000
1054.057500000  8.100000000 0.185706615000
1054.082520000  8.100000000 0.188555717000
1054.107540000  8.100000000 0.191299915000
1054.132450000  8.100000000 0.193926096000
1054.157470000  8.100000000 0.196411610000
1054.182500000  8.100000000 0.198761225000
1054.207520000  8.100000000 0.200947523000
1054.232540000  8.100000000 0.202975273000
1054.257450000  8.100000000 0.204830170000
1054.282470000  8.100000000 0.206515789000
1054.307500000  8.100000000 0.208015442000
1054.332520000  8.100000000 0.209331512000
1054.357540000  8.100000000 0.210461617000
1054.382450000  8.100000000 0.211393833000
1054.407470000  8.100000000 0.212135315000
1054.432500000  8.100000000 0.212672353000
1054.457520000  8.100000000 0.213005543000
1054.482540000  8.100000000 0.213138461000
1054.507450000  8.100000000 0.213052630000
1054.532470000  8.100000000 0.212760568000
1054.557500000  8.100000000 0.212249160000
1054.582520000  8.100000000 0.211516619000
1054.607540000  8.100000000 0.210565925000
1054.632450000  8.100000000 0.209383965000
1054.657470000  8.100000000 0.207981467000
1054.682500000  8.100000000 0.206348300000
1054.707520000  8.100000000 0.204488635000
1054.732540000  8.100000000 0.202407241000
1054.757450000  8.100000000 0.200105309000
1054.782470000  8.100000000 0.197596550000
1054.807500000  8.100000000 0.194886923000
1054.832520000  8.100000000 0.191984773000
1054.857540000  8.100000000 0.188905597000
1054.882450000  8.100000000 0.185663104000
1054.907470000  8.100000000 0.182267427000
1054.932500000  8.100000000 0.178735256000
1054.957520000  8.100000000 0.175080895000
1054.982540000  8.100000000 0.171318054000
1055.007450000  8.100000000 0.167463422000
1055.032470000  8.100000000 0.163527131000
1055.057500000  8.100000000 0.159519911000
1055.082520000  8.100000000 0.155457556000
1055.107540000  8.100000000 0.151346326000
1055.132450000  8.100000000 0.147198439000
1055.157470000  8.100000000 0.143022537000
1055.182500000  8.100000000 0.138827860000
1055.207520000  8.100000000 0.134624839000
1055.232540000  8.100000000 0.130421221000
1055.257450000  8.100000000 0.126224160000
1055.282470000  8.100000000 0.122046173000
1055.307500000  8.100000000 0.117891133000
1055.332520000  8.100000000 0.113767684000
1055.357540000  8.100000000 0.109681189000
1055.382450000  8.100000000 0.105642080000
1055.407470000  8.100000000 0.101654232000
1055.432500000  8.100000000 0.097727179500
1055.457520000  8.100000000 0.093860626200
1055.482540000  8.100000000 0.090060234100
1055.507450000  8.100000000 0.086326897100
1055.532470000  8.100000000 0.082659125300
1055.557500000  8.100000000 0.079056620600
1055.582520000  8.100000000 0.075517594800
1055.607540000  8.100000000 0.072039067700
1055.632450000  8.100000000 0.068613290800
1055.657470000  8.100000000 0.065239667900
1055.682500000  8.100000000 0.061914026700
1055.707520000  8.100000000 0.058630853900
1055.732540000  8.100000000 0.055387616200
1055.757450000  8.100000000 0.052182525400
1055.782470000  8.100000000 0.049014836500
1055.807500000  8.100000000 0.045886784800
1055.832520000  8.100000000 0.042802542400
1055.857540000  8.100000000 0.039763152600
1055.882450000  8.100000000 0.036781430200
1055.907470000  8.100000000 0.033861696700
1055.932500000  8.100000000 0.031012892700
1055.957520000  8.100000000 0.028244108000
1055.982540000  8.100000000 0.025565773200
1056.007450000  8.100000000 0.022982657000
1056.032470000  8.100000000 0.020505636900
1056.057500000  8.100000000 0.018138438500
1056.082520000  8.100000000 0.015884786800
1056.107540000  8.100000000 0.013749152400
1056.132450000  8.100000000 0.011733621400
1056.157470000  8.100000000 0.009838342670
1056.182500000  8.100000000 0.008068978790
1056.207520000  8.100000000 0.006427168850
1056.232540000  8.100000000 0.004919022320
1056.257450000  8.100000000 0.003544986250
1056.282470000  8.100000000 0.002307444810
1056.307500000  8.100000000 0.001206398010
1056.332520000  8.100000000 0.000243932009
1056.357540000  8.100000000 -0.000583678484
1056.382450000  8.100000000 -0.001273453240
1056.407470000  8.100000000 -0.001828223470
1056.432500000  8.100000000 -0.002249479290
1056.457520000  8.100000000 -0.002536028620
1056.482540000  8.100000000 -0.002689212560
1056.507450000  8.100000000 -0.002706199880
1056.532470000  8.100000000 -0.002589076760
1056.557500000  8.100000000 -0.002334564920
1056.582520000  8.100000000 -0.001938790080
1056.607540000  8.100000000 -0.001400411130
1056.632450000  8.100000000 -0.000708848238
1056.657470000  8.100000000 0.000137835741
1056.682500000  8.100000000 0.001151561740
1056.707520000  8.100000000 0.002337843180
1056.732540000  8.100000000 0.003706067800
1056.757450000  8.100000000 0.005265325310
1056.782470000  8.100000000 0.007025152440
1056.807500000  8.100000000 0.008995831010
1056.832520000  8.100000000 0.011183023500
1056.857540000  8.100000000 0.013594329400
1056.882450000  8.100000000 0.016234666100
1056.907470000  8.100000000 0.019105076800
1056.932500000  8.100000000 0.022207051500
1056.957520000  8.100000000 0.025538355100
1056.982540000  8.100000000 0.029097199400
1057.007450000  8.100000000 0.032878369100
1057.032470000  8.100000000 0.036877691700
1057.057500000  8.100000000 0.041086524700
1057.082520000  8.100000000 0.045499354600
1057.107540000  8.100000000 0.050106793600
1057.132450000  8.100000000 0.054901987300
1057.157470000  8.100000000 0.059873610700
1057.182500000  8.100000000 0.065014362300
1057.207520000  8.100000000 0.070313289800
1057.232540000  8.100000000 0.075761526800
1057.257450000  8.100000000 0.081348195700
1057.282470000  8.100000000 0.087068006400
1057.307500000  8.100000000 0.092908889100
1057.332520000  8.100000000 0.098863095000
1057.357540000  8.100000000 0.104920492000
1057.382450000  8.100000000 0.111070052000
1057.407470000  8.100000000 0.117299408000
1057.432500000  8.100000000 0.123594254000
1057.457520000  8.100000000 0.129940301000
1057.482540000  8.100000000 0.136322916000
1057.507450000  8.100000000 0.142727405000
1057.532470000  8.100000000 0.149139836000
1057.557500000  8.100000000 0.155543923000
1057.582520000  8.100000000 0.161925822000
1057.607540000  8.100000000 0.168269649000
1057.632450000  8.100000000 0.174561515000
1057.657470000  8.100000000 0.180787593000
1057.682500000  8.100000000 0.186935812000
1057.707520000  8.100000000 0.192996114000
1057.732540000  8.100000000 0.198956728000
1057.757450000  8.100000000 0.204809606000
1057.782470000  8.100000000 0.210545957000
1057.807500000  8.100000000 0.216154158000
1057.832520000  8.100000000 0.221626312000
1057.857540000  8.100000000 0.226951241000
1057.882450000  8.100000000 0.232116580000
1057.907470000  8.100000000 0.237112343000
1057.932500000  8.100000000 0.241927803000
1057.957520000  8.100000000 0.246551931000
1057.982540000  8.100000000 0.250968039000
1058.007450000  8.100000000 0.255165994000
1058.032470000  8.100000000 0.259127915000
1058.057500000  8.100000000 0.262833834000
1058.082520000  8.100000000 0.266266465000
1058.107540000  8.100000000 0.269404650000
1058.132450000  8.100000000 0.272225738000
1058.157470000  8.100000000 0.274708867000
1058.182500000  8.100000000 0.276824236000
1058.207520000  8.100000000 0.278556943000
1058.232540000  8.100000000 0.279875398000
1058.257450000  8.100000000 0.280760527000
1058.282470000  8.100000000 0.281187296000
1058.307500000  8.100000000 0.281141400000
1058.332520000  8.100000000 0.280591846000
1058.357540000  8.100000000 0.279541612000
1058.382450000  8.100000000 0.277960896000
1058.407470000  8.100000000 0.275844932000
1058.432500000  8.100000000 0.273185372000
1058.457520000  8.100000000 0.269984007000
1058.482540000  8.100000000 0.266229510000
1058.507450000  8.100000000 0.261928439000
1058.532470000  8.100000000 0.257078409000
1058.557500000  8.100000000 0.251678228000
1058.582520000  8.100000000 0.245739222000
1058.607540000  8.100000000 0.239264965000
1058.632450000  8.100000000 0.232267380000
1058.657470000  8.100000000 0.224756002000
1058.682500000  8.100000000 0.216760635000
1058.707520000  8.100000000 0.208284855000
1058.732540000  8.100000000 0.199365616000
1058.757450000  8.100000000 0.190031528000
1058.782470000  8.100000000 0.180296898000
1058.807500000  8.100000000 0.170214176000
1058.832520000  8.100000000 0.159800053000
1058.857540000  8.100000000 0.149095058000
1058.882450000  8.100000000 0.138133764000
1058.907470000  8.100000000 0.126954317000
1058.932500000  8.100000000 0.115596056000
1058.957520000  8.100000000 0.104112625000
1058.982540000  8.100000000 0.092544555700
1059.007450000  8.100000000 0.080934763000
1059.032470000  8.100000000 0.069333314900
1059.057500000  8.100000000 0.057780742600
1059.082520000  8.100000000 0.046328306200
1059.107540000  8.100000000 0.034999847400
1059.132450000  8.100000000 0.023864507700
1059.157470000  8.100000000 0.012931823700
1059.182500000  8.100000000 0.002266168590
1059.207520000  8.100000000 -0.008112192150
1059.232540000  8.100000000 -0.018157959000
1059.257450000  8.100000000 -0.027852058400
1059.282470000  8.100000000 -0.037150383000
1059.307500000  8.100000000 -0.046037435500
1059.332520000  8.100000000 -0.054491758300
1059.357540000  8.100000000 -0.062488317500
1059.382450000  8.100000000 -0.070023536700
1059.407470000  8.100000000 -0.077086687100
1059.432500000  8.100000000 -0.083676576600
1059.457520000  8.100000000 -0.089793205300
1059.482540000  8.100000000 -0.095441341400
1059.507450000  8.100000000 -0.100634098000
1059.532470000  8.100000000 -0.105389357000
1059.557500000  8.100000000 -0.109715462000
1059.582520000  8.100000000 -0.113627911000
1059.607540000  8.100000000 -0.117139816000
1059.632450000  8.100000000 -0.120267868000
1059.657470000  8.100000000 -0.123019218000
1059.682500000  8.100000000 -0.125411749000
1059.707520000  8.100000000 -0.127449036000
1059.732540000  8.100000000 -0.129145384000
1059.757450000  8.100000000 -0.130509138000
1059.782470000  8.100000000 -0.131555796000
1059.807500000  8.100000000 -0.132286549000
1059.832520000  8.100000000 -0.132735968000
1059.857540000  8.100000000 -0.132899284000
1059.882450000  8.100000000 -0.132799149000
1059.907470000  8.100000000 -0.132451057000
1059.932500000  8.100000000 -0.131868124000
1059.957520000  8.100000000 -0.131068230000
1059.982540000  8.100000000 -0.130064487000
1060.007450000  8.100000000 -0.128868818000
1060.032470000  8.100000000 -0.127499104000
1060.057500000  8.100000000 -0.125975609000
1060.082520000  8.100000000 -0.124299526000
1060.107540000  8.100000000 -0.122498870000
1060.132450000  8.100000000 -0.120578408000
1060.157470000  8.100000000 -0.118562579000
1060.182500000  8.100000000 -0.116452575000
1060.207520000  8.100000000 -0.114270449000
1060.232540000  8.100000000 -0.112020969000
1060.257450000  8.100000000 -0.109728575000
1060.282470000  8.100000000 -0.107393265000
1060.307500000  8.100000000 -0.105029345000
1060.332520000  8.100000000 -0.102656484000
1060.357540000  8.100000000 -0.100284219000
1060.382450000  8.100000000 -0.097922682800
1060.407470000  8.100000000 -0.095589757000
1060.432500000  8.100000000 -0.093301534700
1060.457520000  8.100000000 -0.091072917000
1060.482540000  8.100000000 -0.088916420900
1060.507450000  8.100000000 -0.086842179300
1060.532470000  8.100000000 -0.084864497200
1060.557500000  8.100000000 -0.082986354800
1060.582520000  8.100000000 -0.081215500800
1060.607540000  8.100000000 -0.079552531200
1060.632450000  8.100000000 -0.077987909300
1060.657470000  8.100000000 -0.076527595500
1060.682500000  8.100000000 -0.075156688700
1060.707520000  8.100000000 -0.073863863900
1060.732540000  8.100000000 -0.072638988500
1060.757450000  8.100000000 -0.071470141400
1060.782470000  8.100000000 -0.070341229400
1060.807500000  8.100000000 -0.069242715800
1060.832520000  8.100000000 -0.068168640100
1060.857540000  8.100000000 -0.067098736800
1060.882450000  8.100000000 -0.066029429400
1060.907470000  8.100000000 -0.064948201200
1060.932500000  8.100000000 -0.063846707300
1060.957520000  8.100000000 -0.062715411200
1060.982540000  8.100000000 -0.061547160100
1061.007450000  8.100000000 -0.060341358200
1061.032470000  8.100000000 -0.059085488300
1061.057500000  8.100000000 -0.057789087300
1061.082520000  8.100000000 -0.056445598600
1061.107540000  8.100000000 -0.055062174800
1061.132450000  8.100000000 -0.053642392200
1061.157470000  8.100000000 -0.052189230900
1061.182500000  8.100000000 -0.050712227800
1061.207520000  8.100000000 -0.049219131500
1061.232540000  8.100000000 -0.047718286500
1061.257450000  8.100000000 -0.046212077100
1061.282470000  8.100000000 -0.044716000600
1061.307500000  8.100000000 -0.043231844900
1061.332520000  8.100000000 -0.041775107400
1061.357540000  8.100000000 -0.040346980100
1061.382450000  8.100000000 -0.038958787900
1061.407470000  8.100000000 -0.037609338800
1061.432500000  8.100000000 -0.036309957500
1061.457520000  8.100000000 -0.035067796700
1061.482540000  8.100000000 -0.033882260300
1061.507450000  8.100000000 -0.032765865300
1061.532470000  8.100000000 -0.031721591900
1061.557500000  8.100000000 -0.030761361100
1061.582520000  8.100000000 -0.029891133300
1061.607540000  8.100000000 -0.029119849200
1061.632450000  8.100000000 -0.028454065300
1061.657470000  8.100000000 -0.027902722400
1061.682500000  8.100000000 -0.027469992600
1061.707520000  8.100000000 -0.027160644500
1061.732540000  8.100000000 -0.026982426600
1061.757450000  8.100000000 -0.026939511300
1061.782470000  8.100000000 -0.027039647100
1061.807500000  8.100000000 -0.027284026100
1061.832520000  8.100000000 -0.027686357500
1061.857540000  8.100000000 -0.028242468800
1061.882450000  8.100000000 -0.028963685000
1061.907470000  8.100000000 -0.029848218000
1061.932500000  8.100000000 -0.030902028100
1061.957520000  8.100000000 -0.032126307500
1061.982540000  8.100000000 -0.033521056200
1062.007450000  8.100000000 -0.035082101800
1062.032470000  8.100000000 -0.036809444400
1062.057500000  8.100000000 -0.038699507700
1062.082520000  8.100000000 -0.040746927300
1062.107540000  8.100000000 -0.042946934700
1062.132450000  8.100000000 -0.045294761700
1062.157470000  8.100000000 -0.047781169400
1062.182500000  8.100000000 -0.050397515300
1062.207520000  8.100000000 -0.053132176400
1062.232540000  8.100000000 -0.055970549600
1062.257450000  8.100000000 -0.058897137600
1062.282470000  8.100000000 -0.061893463100
1062.307500000  8.100000000 -0.064941644700
1062.332520000  8.100000000 -0.068019032500
1062.357540000  8.100000000 -0.071104168900
1062.382450000  8.100000000 -0.074176490300
1062.407470000  8.100000000 -0.077216625200
1062.432500000  8.100000000 -0.080199837700
1062.457520000  8.100000000 -0.083112120600
1062.482540000  8.100000000 -0.085931420300
1062.507450000  8.100000000 -0.088645815800
1062.532470000  8.100000000 -0.091240704100
1062.557500000  8.100000000 -0.093707144300
1062.582520000  8.100000000 -0.096032619500
1062.607540000  8.100000000 -0.098213255400
1062.632450000  8.100000000 -0.100245476000
1062.657470000  8.100000000 -0.102123618000
1062.682500000  8.100000000 -0.103851557000
1062.707520000  8.100000000 -0.105428398000
1062.732540000  8.100000000 -0.106856525000
1062.757450000  8.100000000 -0.108139217000
1062.782470000  8.100000000 -0.109278262000
1062.807500000  8.100000000 -0.110279918000
1062.832520000  8.100000000 -0.111146867000
1062.857540000  8.100000000 -0.111885816000
1062.882450000  8.100000000 -0.112499893000
1062.907470000  8.100000000 -0.112994611000
1062.932500000  8.100000000 -0.113376826000
1062.957520000  8.100000000 -0.113650858000
1062.982540000  8.100000000 -0.113824904000
1063.007450000  8.100000000 -0.113903582000
1063.032470000  8.100000000 -0.113891661000
1063.057500000  8.100000000 -0.113794357000
1063.082520000  8.100000000 -0.113613755000
1063.107540000  8.100000000 -0.113353729000
1063.132450000  8.100000000 -0.113012865000
1063.157470000  8.100000000 -0.112594068000
1063.182500000  8.100000000 -0.112094656000
1063.207520000  8.100000000 -0.111516789000
1063.232540000  8.100000000 -0.110858008000
1063.257450000  8.100000000 -0.110118836000
1063.282470000  8.100000000 -0.109300353000
1063.307500000  8.100000000 -0.108402967000
1063.332520000  8.100000000 -0.107429661000
1063.357540000  8.100000000 -0.106382668000
1063.382450000  8.100000000 -0.105265297000
1063.407470000  8.100000000 -0.104082011000
1063.432500000  8.100000000 -0.102837399000
1063.457520000  8.100000000 -0.101538375000
1063.482540000  8.100000000 -0.100191325000
1063.507450000  8.100000000 -0.098805315800
1063.532470000  8.100000000 -0.097386911500
1063.557500000  8.100000000 -0.095945894700
1063.582520000  8.100000000 -0.094491988400
1063.607540000  8.100000000 -0.093031674600
1063.632450000  8.100000000 -0.091577023300
1063.657470000  8.100000000 -0.090135783000
1063.682500000  8.100000000 -0.088718533500
1063.707520000  8.100000000 -0.087337568400
1063.732540000  8.100000000 -0.086003840000
1063.757450000  8.100000000 -0.084729492700
1063.782470000  8.100000000 -0.083524435800
1063.807500000  8.100000000 -0.082400590200
1063.832520000  8.100000000 -0.081365108500
1063.857540000  8.100000000 -0.080428123500
1063.882450000  8.100000000 -0.079597234700
1063.907470000  8.100000000 -0.078880041800
1063.932500000  8.100000000 -0.078284740400
1063.957520000  8.100000000 -0.077822804500
1063.982540000  8.100000000 -0.077497661100
1064.007450000  8.100000000 -0.077320784300
1064.032470000  8.100000000 -0.077295005300
1064.057500000  8.100000000 -0.077427327600
1064.082520000  8.100000000 -0.077717006200
1064.107540000  8.100000000 -0.078164488100
1064.132450000  8.100000000 -0.078767091000
1064.157470000  8.100000000 -0.079519748700
1064.182500000  8.100000000 -0.080414414400
1064.207520000  8.100000000 -0.081440508400
1064.232540000  8.100000000 -0.082589387900
1064.257450000  8.100000000 -0.083847641900
1064.282470000  8.100000000 -0.085204541700
1064.307500000  8.100000000 -0.086641609700
1064.332520000  8.100000000 -0.088147223000
1064.357540000  8.100000000 -0.089703202200
1064.382450000  8.100000000 -0.091292262100
1064.407470000  8.100000000 -0.092902183500
1064.432500000  8.100000000 -0.094507932700
1064.457520000  8.100000000 -0.096096694500
1064.482540000  8.100000000 -0.097648799400
1064.507450000  8.100000000 -0.099145472000
1064.532470000  8.100000000 -0.100571811000
1064.557500000  8.100000000 -0.101910233000
1064.582520000  8.100000000 -0.103139877000
1064.607540000  8.100000000 -0.104254186000
1064.632450000  8.100000000 -0.105231702000
1064.657470000  8.100000000 -0.106064081000
1064.682500000  8.100000000 -0.106738210000
1064.707520000  8.100000000 -0.107244253000
1064.732540000  8.100000000 -0.107575357000
1064.757450000  8.100000000 -0.107718110000
1064.782470000  8.100000000 -0.107675195000
1064.807500000  8.100000000 -0.107435584000
1064.832520000  8.100000000 -0.107002854000
1064.857540000  8.100000000 -0.106377602000
1064.882450000  8.100000000 -0.105562210000
1064.907470000  8.100000000 -0.104562044000
1064.932500000  8.100000000 -0.103384256000
1064.957520000  8.100000000 -0.102038980000
1064.982540000  8.100000000 -0.100536942000
1065.007450000  8.100000000 -0.098895430600
1065.032470000  8.100000000 -0.097117424000
1065.057500000  8.100000000 -0.095230341000
1065.082520000  8.100000000 -0.093236565600
1065.107540000  8.100000000 -0.091158747700
1065.132450000  8.100000000 -0.088999271400
1065.157470000  8.100000000 -0.086779594400
1065.182500000  8.100000000 -0.084503889100
1065.207520000  8.100000000 -0.082183480300
1065.232540000  8.100000000 -0.079827308700
1065.257450000  8.100000000 -0.077447891200
1065.282470000  8.100000000 -0.075048804300
1065.307500000  8.100000000 -0.072640180600
1065.332520000  8.100000000 -0.070229768800
1065.357540000  8.100000000 -0.067824721300
1065.382450000  8.100000000 -0.065430402800
1065.407470000  8.100000000 -0.063049793200
1065.432500000  8.100000000 -0.060685277000
1065.457520000  8.100000000 -0.058346986800
1065.482540000  8.100000000 -0.056030154200
1065.507450000  8.100000000 -0.053734779400
1065.532470000  8.100000000 -0.051463246300
1065.557500000  8.100000000 -0.049213767100
1065.582520000  8.100000000 -0.046986341500
1065.607540000  8.100000000 -0.044773817100
1065.632450000  8.100000000 -0.042579770100
1065.657470000  8.100000000 -0.040402412400
1065.682500000  8.100000000 -0.038237571700
1065.707520000  8.100000000 -0.036083459900
1065.732540000  8.100000000 -0.033940672900
1065.757450000  8.100000000 -0.031805634500
1065.782470000  8.100000000 -0.029683113100
1065.807500000  8.100000000 -0.027570128400
1065.832520000  8.100000000 -0.025457143800
1065.857540000  8.100000000 -0.023354291900
1065.882450000  8.100000000 -0.021260976800
1065.907470000  8.100000000 -0.019165277500
1065.932500000  8.100000000 -0.017077326800
1065.957520000  8.100000000 -0.014984011700
1065.982540000  8.100000000 -0.012885928200
1066.007450000  8.100000000 -0.010772943500
1066.032470000  8.100000000 -0.008637905120
1066.057500000  8.100000000 -0.006470084190
1066.082520000  8.100000000 -0.004261732100
1066.107540000  8.100000000 -0.002008080480
1066.132450000  8.100000000 0.000315904617
1066.157470000  8.100000000 0.002698898320
1066.182500000  8.100000000 0.005161166190
1066.207520000  8.100000000 0.007699728010
1066.232540000  8.100000000 0.010324120500
1066.257450000  8.100000000 0.013028383300
1066.282470000  8.100000000 0.015820264800
1066.307500000  8.100000000 0.018686652200
1066.332520000  8.100000000 0.021625757200
1066.357540000  8.100000000 0.024625659000
1066.382450000  8.100000000 0.027674436600
1066.407470000  8.100000000 0.030759573000
1066.432500000  8.100000000 0.033869147300
1066.457520000  8.100000000 0.036979317700
1066.482540000  8.100000000 0.040075779000
1066.507450000  8.100000000 0.043149590500
1066.532470000  8.100000000 0.046171546000
1066.557500000  8.100000000 0.049131512600
1066.582520000  8.100000000 0.052010417000
1066.607540000  8.100000000 0.054795146000
1066.632450000  8.100000000 0.057467818300
1066.657470000  8.100000000 0.060020089100
1066.682500000  8.100000000 0.062431693100
1066.707520000  8.100000000 0.064695477500
1066.732540000  8.100000000 0.066800713500
1066.757450000  8.100000000 0.068736672400
1066.782470000  8.100000000 0.070493817300
1066.807500000  8.100000000 0.072066187900
1066.832520000  8.100000000 0.073446035400
1066.857540000  8.100000000 0.074627995500
1066.882450000  8.100000000 0.075614452400
1066.907470000  8.100000000 0.076398253400
1066.932500000  8.100000000 0.076988339400
1066.957520000  8.100000000 0.077375173600
1066.982540000  8.100000000 0.077568292600
1067.007450000  8.100000000 0.077568888700
1067.032470000  8.100000000 0.077379941900
1067.057500000  8.100000000 0.077013969400
1067.082520000  8.100000000 0.076470375100
1067.107540000  8.100000000 0.075768232300
1067.132450000  8.100000000 0.074916482000
1067.157470000  8.100000000 0.073925256700
1067.182500000  8.100000000 0.072820186600
1067.207520000  8.100000000 0.071610212300
1067.232540000  8.100000000 0.070319771800
1067.257450000  8.100000000 0.068966746300
1067.282470000  8.100000000 0.067571997600
1067.307500000  8.100000000 0.066148638700
1067.332520000  8.100000000 0.064722895600
1067.357540000  8.100000000 0.063309669500
1067.382450000  8.100000000 0.061925649600
1067.407470000  8.100000000 0.060590505600
1067.432500000  8.100000000 0.059317350400
1067.457520000  8.100000000 0.058120489100
1067.482540000  8.100000000 0.057016611100
1067.507450000  8.100000000 0.056011080700
1067.532470000  8.100000000 0.055117011100
1067.557500000  8.100000000 0.054340362500
1067.582520000  8.100000000 0.053685307500
1067.607540000  8.100000000 0.053154528100
1067.632450000  8.100000000 0.052747130400
1067.657470000  8.100000000 0.052458941900
1067.682500000  8.100000000 0.052284300300
1067.707520000  8.100000000 0.052211284600
1067.732540000  8.100000000 0.052228868000
1067.757450000  8.100000000 0.052325725600
1067.782470000  8.100000000 0.052483379800
1067.807500000  8.100000000 0.052686929700
1067.832520000  8.100000000 0.052920877900
1067.857540000  8.100000000 0.053168237200
1067.882450000  8.100000000 0.053414404400
1067.907470000  8.100000000 0.053642988200
1067.932500000  8.100000000 0.053842961800
1067.957520000  8.100000000 0.054000318100
1067.982540000  8.100000000 0.054108202500
1068.007450000  8.100000000 0.054153800000
1068.032470000  8.100000000 0.054134428500
1068.057500000  8.100000000 0.054042041300
1068.082520000  8.100000000 0.053875148300
1068.107540000  8.100000000 0.053632557400
1068.132450000  8.100000000 0.053312480400
1068.157470000  8.100000000 0.052917301700
1068.182500000  8.100000000 0.052450299300
1068.207520000  8.100000000 0.051914453500
1068.232540000  8.100000000 0.051312446600
1068.257450000  8.100000000 0.050654709300
1068.282470000  8.100000000 0.049946904200
1068.307500000  8.100000000 0.049195587600
1068.332520000  8.100000000 0.048410594500
1068.357540000  8.100000000 0.047599971300
1068.382450000  8.100000000 0.046769678600
1068.407470000  8.100000000 0.045930147200
1068.432500000  8.100000000 0.045086443400
1068.457520000  8.100000000 0.044247508000
1068.482540000  8.100000000 0.043414831200
1068.507450000  8.100000000 0.042599439600
1068.532470000  8.100000000 0.041804611700
1068.557500000  8.100000000 0.041038394000
1068.582520000  8.100000000 0.040303170700
1068.607540000  8.100000000 0.039609074600
1068.632450000  8.100000000 0.038957893800
1068.657470000  8.100000000 0.038358867200
1068.682500000  8.100000000 0.037817359000
1068.707520000  8.100000000 0.037336051500
1068.732540000  8.100000000 0.036921203100
1068.757450000  8.100000000 0.036577284300
1068.782470000  8.100000000 0.036301910900
1068.807500000  8.100000000 0.036099553100
1068.832520000  8.100000000 0.035968422900
1068.857540000  8.100000000 0.035909265300
1068.882450000  8.100000000 0.035917758900
1068.907470000  8.100000000 0.035994499900
1068.932500000  8.100000000 0.036135017900
1068.957520000  8.100000000 0.036337226600
1068.982540000  8.100000000 0.036595761800
1069.007450000  8.100000000 0.036907643100
1069.032470000  8.100000000 0.037267357100
1069.057500000  8.100000000 0.037669688500
1069.082520000  8.100000000 0.038110762800
1069.107540000  8.100000000 0.038583576700
1069.132450000  8.100000000 0.039086490900
1069.157470000  8.100000000 0.039613992000
1069.182500000  8.100000000 0.040165185900
1069.207520000  8.100000000 0.040736645500
1069.232540000  8.100000000 0.041328370600
1069.257450000  8.100000000 0.041941404300
1069.282470000  8.100000000 0.042573809600
1069.307500000  8.100000000 0.043226480500
1069.332520000  8.100000000 0.043900758000
1069.357540000  8.100000000 0.044595599200
1069.382450000  8.100000000 0.045313984200
1069.407470000  8.100000000 0.046055465900
1069.432500000  8.100000000 0.046821981700
1069.457520000  8.100000000 0.047613829400
1069.482540000  8.100000000 0.048431605100
1069.507450000  8.100000000 0.049277693000
1069.532470000  8.100000000 0.050151199100
1069.557500000  8.100000000 0.051054209500
1069.582520000  8.100000000 0.051987692700
1069.607540000  8.100000000 0.052951648800
1069.632450000  8.100000000 0.053946450400
1069.657470000  8.100000000 0.054972767800
1069.682500000  8.100000000 0.056029632700
1069.707520000  8.100000000 0.057118311500
1069.732540000  8.100000000 0.058238282800
1069.757450000  8.100000000 0.059388876000
1069.782470000  8.100000000 0.060569346000
1069.807500000  8.100000000 0.061777532100
1069.832520000  8.100000000 0.063010975700
1069.857540000  8.100000000 0.064266324000
1069.882450000  8.100000000 0.065539330200
1069.907470000  8.100000000 0.066825561200
1069.932500000  8.100000000 0.068121030900
1069.957520000  8.100000000 0.069421343500
1069.982540000  8.100000000 0.070721343200
1070.007450000  8.100000000 0.072016865000
1070.032470000  8.100000000 0.073302723500
1070.057500000  8.100000000 0.074573434900
1070.082520000  8.100000000 0.075824253300
1070.107540000  8.100000000 0.077049285200
1070.132450000  8.100000000 0.078243993200
1070.157470000  8.100000000 0.079403802800
1070.182500000  8.100000000 0.080523252500
1070.207520000  8.100000000 0.081598796000
1070.232540000  8.100000000 0.082625001700
1070.257450000  8.100000000 0.083598159300
1070.282470000  8.100000000 0.084513910100
1070.307500000  8.100000000 0.085370391600
1070.332520000  8.100000000 0.086162164800
1070.357540000  8.100000000 0.086886882800
1070.382450000  8.100000000 0.087541714300
1070.407470000  8.100000000 0.088120997000
1070.432500000  8.100000000 0.088623911100
1070.457520000  8.100000000 0.089047178600
1070.482540000  8.100000000 0.089386999600
1070.507450000  8.100000000 0.089644342700
1070.532470000  8.100000000 0.089815259000
1070.557500000  8.100000000 0.089902430800
1070.582520000  8.100000000 0.089904218900
1070.607540000  8.100000000 0.089821815500
1070.632450000  8.100000000 0.089656263600
1070.657470000  8.100000000 0.089408308300
1070.682500000  8.100000000 0.089081972800
1070.707520000  8.100000000 0.088675916200
1070.732540000  8.100000000 0.088193863600
1070.757450000  8.100000000 0.087637454300
1070.782470000  8.100000000 0.087006390100
1070.807500000  8.100000000 0.086301267100
1070.832520000  8.100000000 0.085523426500
1070.857540000  8.100000000 0.084671676200
1070.882450000  8.100000000 0.083746314000
1070.907470000  8.100000000 0.082747042200
1070.932500000  8.100000000 0.081669092200
1070.957520000  8.100000000 0.080517232400
1070.982540000  8.100000000 0.079288780700
1071.007450000  8.100000000 0.077983439000
1071.032470000  8.100000000 0.076604783500
1071.057500000  8.100000000 0.075153410400
1071.082520000  8.100000000 0.073635280100
1071.107540000  8.100000000 0.072053074800
1071.132450000  8.100000000 0.070412755000
1071.157470000  8.100000000 0.068721175200
1071.182500000  8.100000000 0.066986084000
1071.207520000  8.100000000 0.065214633900
1071.232540000  8.100000000 0.063416063800
1071.257450000  8.100000000 0.061597824100
1071.282470000  8.100000000 0.059766471400
1071.307500000  8.100000000 0.057930350300
1071.332520000  8.100000000 0.056094229200
1071.357540000  8.100000000 0.054265856700
1071.382450000  8.100000000 0.052444934800
1071.407470000  8.100000000 0.050636529900
1071.432500000  8.100000000 0.048841238000
1071.457520000  8.100000000 0.047059059100
1071.482540000  8.100000000 0.045292079400
1071.507450000  8.100000000 0.043538212800
1071.532470000  8.100000000 0.041800737400
1071.557500000  8.100000000 0.040078163100
1071.582520000  8.100000000 0.038370490100
1071.607540000  8.100000000 0.036679506300
1071.632450000  8.100000000 0.035005211800
1071.657470000  8.100000000 0.033346712600
1071.682500000  8.100000000 0.031708777000
1071.707520000  8.100000000 0.030087828600
1071.732540000  8.100000000 0.028484761700
1071.757450000  8.100000000 0.026901364300
1071.782470000  8.100000000 0.025334358200
1071.807500000  8.100000000 0.023783147300
1071.832520000  8.100000000 0.022246241600
1071.857540000  8.100000000 0.020716786400
1071.882450000  8.100000000 0.019193291700
1071.907470000  8.100000000 0.017673671200
1071.932500000  8.100000000 0.016153156800
1071.957520000  8.100000000 0.014632046200
1071.982540000  8.100000000 0.013104081200
1072.007450000  8.100000000 0.011571049700
1072.032470000  8.100000000 0.010031461700
1072.057500000  8.100000000 0.008482038970
1072.082520000  8.100000000 0.006923973560
1072.107540000  8.100000000 0.005358457570
1072.132450000  8.100000000 0.003781318660
1072.157470000  8.100000000 0.002197325230
1072.182500000  8.100000000 0.000608861446
1072.207520000  8.100000000 -0.000984668732
1072.232540000  8.100000000 -0.002577006820
1072.257450000  8.100000000 -0.004163980480
1072.282470000  8.100000000 -0.005744993690
1072.307500000  8.100000000 -0.007308721540
1072.332520000  8.100000000 -0.008855760100
1072.357540000  8.100000000 -0.010375082500
1072.382450000  8.100000000 -0.011864006500
1072.407470000  8.100000000 -0.013312995400
1072.432500000  8.100000000 -0.014715790700
1072.457520000  8.100000000 -0.016068518200
1072.482540000  8.100000000 -0.017365813300
1072.507450000  8.100000000 -0.018599927400
1072.532470000  8.100000000 -0.019768774500
1072.557500000  8.100000000 -0.020872950600
1072.582520000  8.100000000 -0.021904110900
1072.607540000  8.100000000 -0.022865831900
1072.632450000  8.100000000 -0.023757219300
1072.657470000  8.100000000 -0.024577677200
1072.682500000  8.100000000 -0.025329589800
1072.707520000  8.100000000 -0.026014447200
1072.732540000  8.100000000 -0.026640296000
1072.757450000  8.100000000 -0.027208328200
1072.782470000  8.100000000 -0.027725994600
1072.807500000  8.100000000 -0.028198957400
1072.832520000  8.100000000 -0.028637051600
1072.857540000  8.100000000 -0.029047727600
1072.882450000  8.100000000 -0.029437243900
1072.907470000  8.100000000 -0.029816925500
1072.932500000  8.100000000 -0.030191838700
1072.957520000  8.100000000 -0.030569732200
1072.982540000  8.100000000 -0.030951798000
1073.007450000  8.100000000 -0.031342506400
1073.032470000  8.100000000 -0.031741857500
1073.057500000  8.100000000 -0.032153725600
1073.082520000  8.100000000 -0.032570958100
1073.107540000  8.100000000 -0.032994151100
1073.132450000  8.100000000 -0.033418536200
1073.157470000  8.100000000 -0.033836662800
1073.182500000  8.100000000 -0.034243166400
1073.207520000  8.100000000 -0.034633874900
1073.232540000  8.100000000 -0.035002529600
1073.257450000  8.100000000 -0.035342574100
1073.282470000  8.100000000 -0.035651326200
1073.307500000  8.100000000 -0.035921633200
1073.332520000  8.100000000 -0.036153197300
1073.357540000  8.100000000 -0.036339759800
1073.382450000  8.100000000 -0.036482811000
1073.407470000  8.100000000 -0.036575794200
1073.432500000  8.100000000 -0.036623477900
1073.457520000  8.100000000 -0.036619901700
1073.482540000  8.100000000 -0.036569535700
1073.507450000  8.100000000 -0.036472678200
1073.532470000  8.100000000 -0.036331117200
1073.557500000  8.100000000 -0.036149919000
1073.582520000  8.100000000 -0.035930872000
1073.607540000  8.100000000 -0.035682022600
1073.632450000  8.100000000 -0.035408437300
1073.657470000  8.100000000 -0.035119950800
1073.682500000  8.100000000 -0.034825205800
1073.707520000  8.100000000 -0.034534633200
1073.732540000  8.100000000 -0.034256577500
1073.757450000  8.100000000 -0.034005045900
1073.782470000  8.100000000 -0.033788979100
1073.807500000  8.100000000 -0.033615827600
1073.832520000  8.100000000 -0.033495128200
1073.857540000  8.100000000 -0.033433437300
1073.882450000  8.100000000 -0.033433437300
1073.907470000  8.100000000 -0.033499300500
1073.932500000  8.100000000 -0.033629834700
1073.957520000  8.100000000 -0.033826828000
1073.982540000  8.100000000 -0.034086704300
1074.007450000  8.100000000 -0.034409165400
1074.032470000  8.100000000 -0.034783184500
1074.057500000  8.100000000 -0.035209953800
1074.082520000  8.100000000 -0.035679936400
1074.107540000  8.100000000 -0.036187470000
1074.132450000  8.100000000 -0.036730170200
1074.157470000  8.100000000 -0.037296414400
1074.182500000  8.100000000 -0.037884712200
1074.207520000  8.100000000 -0.038487613200
1074.232540000  8.100000000 -0.039099454900
1074.257450000  8.100000000 -0.039715170900
1074.282470000  8.100000000 -0.040331184900
1074.307500000  8.100000000 -0.040942728500
1074.332520000  8.100000000 -0.041546970600
1074.357540000  8.100000000 -0.042141228900
1074.382450000  8.100000000 -0.042724460400
1074.407470000  8.100000000 -0.043292939700
1074.432500000  8.100000000 -0.043848753000
1074.457520000  8.100000000 -0.044387430000
1074.482540000  8.100000000 -0.044910460700
1074.507450000  8.100000000 -0.045415312100
1074.532470000  8.100000000 -0.045900791900
1074.557500000  8.100000000 -0.046364665000
1074.582520000  8.100000000 -0.046805292400
1074.607540000  8.100000000 -0.047220140700
1074.632450000  8.100000000 -0.047605633700
1074.657470000  8.100000000 -0.047959983300
1074.682500000  8.100000000 -0.048280209300
1074.707520000  8.100000000 -0.048562884300
1074.732540000  8.100000000 -0.048805028200
1074.757450000  8.100000000 -0.049004256700
1074.782470000  8.100000000 -0.049157887700
1074.807500000  8.100000000 -0.049265176100
1074.832520000  8.100000000 -0.049326419800
1074.857540000  8.100000000 -0.049340426900
1074.882450000  8.100000000 -0.049310922600
1074.907470000  8.100000000 -0.049237608900
1074.932500000  8.100000000 -0.049125105100
1074.957520000  8.100000000 -0.048974826900
1074.982540000  8.100000000 -0.048790499600
1075.007450000  8.100000000 -0.048575028800
1075.032470000  8.100000000 -0.048331096800
1075.057500000  8.100000000 -0.048061162200
1075.082520000  8.100000000 -0.047767907400
1075.107540000  8.100000000 -0.047453939900
1075.132450000  8.100000000 -0.047121867500
1075.157470000  8.100000000 -0.046774596000
1075.182500000  8.100000000 -0.046414807400
1075.207520000  8.100000000 -0.046045407700
1075.232540000  8.100000000 -0.045668259300
1075.257450000  8.100000000 -0.045286044500
1075.282470000  8.100000000 -0.044900178900
1075.307500000  8.100000000 -0.044511780100
1075.332520000  8.100000000 -0.044121854000
1075.357540000  8.100000000 -0.043730363200
1075.382450000  8.100000000 -0.043336711800
1075.407470000  8.100000000 -0.042939446900
1075.432500000  8.100000000 -0.042536817500
1075.457520000  8.100000000 -0.042125694500
1075.482540000  8.100000000 -0.041703507300
1075.507450000  8.100000000 -0.041266996400
1075.532470000  8.100000000 -0.040812790400
1075.557500000  8.100000000 -0.040337387500
1075.582520000  8.100000000 -0.039838068200
1075.607540000  8.100000000 -0.039311617600
1075.632450000  8.100000000 -0.038754977300
1075.657470000  8.100000000 -0.038165230300
1075.682500000  8.100000000 -0.037539564100
1075.707520000  8.100000000 -0.036875098900
1075.732540000  8.100000000 -0.036169793500
1075.757450000  8.100000000 -0.035422302800
1075.782470000  8.100000000 -0.034631248600
1075.807500000  8.100000000 -0.033796355100
1075.832520000  8.100000000 -0.032918285600
1075.857540000  8.100000000 -0.031998585900
1075.882450000  8.100000000 -0.031040217700
1075.907470000  8.100000000 -0.030046310300
1075.932500000  8.100000000 -0.029022730900
1075.957520000  8.100000000 -0.027975216500
1075.982540000  8.100000000 -0.026911124600
1076.007450000  8.100000000 -0.025837421400
1076.032470000  8.100000000 -0.024761706600
1076.057500000  8.100000000 -0.023691952200
1076.082520000  8.100000000 -0.022635869700
1076.107540000  8.100000000 -0.021600239000
1076.132450000  8.100000000 -0.020591989200
1076.157470000  8.100000000 -0.019616745400
1076.182500000  8.100000000 -0.018678940800
1076.207520000  8.100000000 -0.017782077200
1076.232540000  8.100000000 -0.016927830900
1076.257450000  8.100000000 -0.016117841000
1076.282470000  8.100000000 -0.015350729200
1076.307500000  8.100000000 -0.014625713200
1076.332520000  8.100000000 -0.013938918700
1076.357540000  8.100000000 -0.013286247800
1076.382450000  8.100000000 -0.012663155800
1076.407470000  8.100000000 -0.012064427100
1076.432500000  8.100000000 -0.011484697500
1076.457520000  8.100000000 -0.010919868900
1076.482540000  8.100000000 -0.010364875200
1076.507450000  8.100000000 -0.009816884990
1076.532470000  8.100000000 -0.009273365140
1076.557500000  8.100000000 -0.008733272550
1076.582520000  8.100000000 -0.008195713160
1076.607540000  8.100000000 -0.007661804560
1076.632450000  8.100000000 -0.007132664320
1076.657470000  8.100000000 -0.006612166760
1076.682500000  8.100000000 -0.006101727490
1076.707520000  8.100000000 -0.005606412890
1076.732540000  8.100000000 -0.005129128690
1076.757450000  8.100000000 -0.004673153160
1076.782470000  8.100000000 -0.004242435100
1076.807500000  8.100000000 -0.003839880230
1076.832520000  8.100000000 -0.003468319770
1076.857540000  8.100000000 -0.003130510450
1076.882450000  8.100000000 -0.002828091380
1076.907470000  8.100000000 -0.002563521270
1076.932500000  8.100000000 -0.002337545160
1076.957520000  8.100000000 -0.002151802180
1076.982540000  8.100000000 -0.002005919810
1077.007450000  8.100000000 -0.001899823550
1077.032470000  8.100000000 -0.001832991840
1077.057500000  8.100000000 -0.001804158090
1077.082520000  8.100000000 -0.001812577250
1077.107540000  8.100000000 -0.001856237650
1077.132450000  8.100000000 -0.001934170720
1077.157470000  8.100000000 -0.002043992280
1077.182500000  8.100000000 -0.002183243630
1077.207520000  8.100000000 -0.002349168060
1077.232540000  8.100000000 -0.002539455890
1077.257450000  8.100000000 -0.002749636770
1077.282470000  8.100000000 -0.002977252010
1077.307500000  8.100000000 -0.003217756750
1077.332520000  8.100000000 -0.003468543290
1077.357540000  8.100000000 -0.003725513820
1077.382450000  8.100000000 -0.003984272480
1077.407470000  8.100000000 -0.004241392020
1077.432500000  8.100000000 -0.004493296150
1077.457520000  8.100000000 -0.004734620450
1077.482540000  8.100000000 -0.004961639640
1077.507450000  8.100000000 -0.005170106890
1077.532470000  8.100000000 -0.005354881290
1077.557500000  8.100000000 -0.005512908100
1077.582520000  8.100000000 -0.005639642480
1077.607540000  8.100000000 -0.005732104180
1077.632450000  8.100000000 -0.005786120890
1077.657470000  8.100000000 -0.005799382930
1077.682500000  8.100000000 -0.005769506100
1077.707520000  8.100000000 -0.005694627760
1077.732540000  8.100000000 -0.005574673410
1077.757450000  8.100000000 -0.005409121510
1077.782470000  8.100000000 -0.005199536680
1077.807500000  8.100000000 -0.004948303100
1077.832520000  8.100000000 -0.004658624530
1077.857540000  8.100000000 -0.004334375260
1077.882450000  8.100000000 -0.003978684540
1077.907470000  8.100000000 -0.003598034380
1077.932500000  8.100000000 -0.003196597100
1077.957520000  8.100000000 -0.002778917550
1077.982540000  8.100000000 -0.002351775770
1078.007450000  8.100000000 -0.001919642090
1078.032470000  8.100000000 -0.001486763360
1078.057500000  8.100000000 -0.001058727500
1078.082520000  8.100000000 -0.000638067722
1078.107540000  8.100000000 -0.000229105353
1078.132450000  8.100000000 0.000167340040
1078.157470000  8.100000000 0.000548884273
1078.182500000  8.100000000 0.000915750861
1078.207520000  8.100000000 0.001268610360
1078.232540000  8.100000000 0.001607462760
1078.257450000  8.100000000 0.001935958860
1078.282470000  8.100000000 0.002255067230
1078.307500000  8.100000000 0.002568289640
1078.332520000  8.100000000 0.002877190710
1078.357540000  8.100000000 0.003184154630
1078.382450000  8.100000000 0.003491416570
1078.407470000  8.100000000 0.003799349070
1078.432500000  8.100000000 0.004107728600
1078.457520000  8.100000000 0.004417896270
1078.482540000  8.100000000 0.004727989440
1078.507450000  8.100000000 0.005036592480
1078.532470000  8.100000000 0.005342066290
1078.557500000  8.100000000 0.005642622710
1078.582520000  8.100000000 0.005936101080
1078.607540000  8.100000000 0.006220191720
1078.632450000  8.100000000 0.006493255500
1078.657470000  8.100000000 0.006752982740
1078.682500000  8.100000000 0.006998553870
1078.707520000  8.100000000 0.007228702310
1078.732540000  8.100000000 0.007443353530
1078.757450000  8.100000000 0.007642060520
1078.782470000  8.100000000 0.007824599740
1078.807500000  8.100000000 0.007992163300
1078.832520000  8.100000000 0.008143782620
1078.857540000  8.100000000 0.008279830220
1078.882450000  8.100000000 0.008399561050
1078.907470000  8.100000000 0.008502975110
1078.932500000  8.100000000 0.008587837220
1078.957520000  8.100000000 0.008653178810
1078.982540000  8.100000000 0.008697360750
1079.007450000  8.100000000 0.008719190960
1079.032470000  8.100000000 0.008716359730
1079.057500000  8.100000000 0.008689090610
1079.082520000  8.100000000 0.008635744450
1079.107540000  8.100000000 0.008556544780
1079.132450000  8.100000000 0.008452609180
1079.157470000  8.100000000 0.008325278760
1079.182500000  8.100000000 0.008175447580
1079.207520000  8.100000000 0.008006766440
1079.232540000  8.100000000 0.007820278410
1079.257450000  8.100000000 0.007620155810
1079.282470000  8.100000000 0.007408335800
1079.307500000  8.100000000 0.007186904550
1079.332520000  8.100000000 0.006959885360
1079.357540000  8.100000000 0.006728172300
1079.382450000  8.100000000 0.006493255500
1079.407470000  8.100000000 0.006257146600
1079.432500000  8.100000000 0.006019845600
1079.457520000  8.100000000 0.005781501530
1079.482540000  8.100000000 0.005541369320
1079.507450000  8.100000000 0.005299076440
1079.532470000  8.100000000 0.005053058270
1079.557500000  8.100000000 0.004802495240
1079.582520000  8.100000000 0.004546344280
1079.607540000  8.100000000 0.004283338790
1079.632450000  8.100000000 0.004011914130
1079.657470000  8.100000000 0.003731772300
1079.682500000  8.100000000 0.003441795710
1079.707520000  8.100000000 0.003141686320
1079.732540000  8.100000000 0.002831444140
1079.757450000  8.100000000 0.002511814240
1079.782470000  8.100000000 0.002183690670
1079.807500000  8.100000000 0.001848340030
1079.832520000  8.100000000 0.001507848500
1079.857540000  8.100000000 0.001163929700
1079.882450000  8.100000000 0.000819414854
1079.907470000  8.100000000 0.000476315618
1079.932500000  8.100000000 0.000137016177
1079.957520000  8.100000000 -0.000196248293
1079.982540000  8.100000000 -0.000521689653
1080.007450000  8.100000000 -0.000837445259
1080.032470000  8.100000000 -0.001142024990
1080.057500000  8.100000000 -0.001434683800
1080.082520000  8.100000000 -0.001713708040
1080.107540000  8.100000000 -0.001979097720
1080.132450000  8.100000000 -0.002229958770
1080.157470000  8.100000000 -0.002465471630
1080.182500000  8.100000000 -0.002685785290
1080.207520000  8.100000000 -0.002889633180
1080.232540000  8.100000000 -0.003077387810
1080.257450000  8.100000000 -0.003247708080
1080.282470000  8.100000000 -0.003400892020
1080.307500000  8.100000000 -0.003536269070
1080.332520000  8.100000000 -0.003653839230
1080.357540000  8.100000000 -0.003752633930
1080.382450000  8.100000000 -0.003833621740
1080.407470000  8.100000000 -0.003896951680
1080.432500000  8.100000000 -0.003942400220
1080.457520000  8.100000000 -0.003971830010
1080.482540000  8.100000000 -0.003985837100
1080.507450000  8.100000000 -0.003985613580
1080.532470000  8.100000000 -0.003971979020
1080.557500000  8.100000000 -0.003946125510
1080.582520000  8.100000000 -0.003909021620
1080.607540000  8.100000000 -0.003861188890
1080.632450000  8.100000000 -0.003802850840
1080.657470000  8.100000000 -0.003734081980
1080.682500000  8.100000000 -0.003654286270
1080.707520000  8.100000000 -0.003563761710
1080.732540000  8.100000000 -0.003461018200
1080.757450000  8.100000000 -0.003346428280
1080.782470000  8.100000000 -0.003218352790
1080.807500000  8.100000000 -0.003077238800
1080.832520000  8.100000000 -0.002920925620
1080.857540000  8.100000000 -0.002750307320
1080.882450000  8.100000000 -0.002563297750
1080.907470000  8.100000000 -0.002360641960
1080.932500000  8.100000000 -0.002141520380
1080.957520000  8.100000000 -0.001906231050
1080.982540000  8.100000000 -0.001654699440
1081.007450000  8.100000000 -0.001387000080
1081.032470000  8.100000000 -0.001104250550
1081.057500000  8.100000000 -0.000806376338
1081.082520000  8.100000000 -0.000494420528
1081.107540000  8.100000000 -0.000168606639
1081.132450000  8.100000000 0.000170245767
1081.157470000  8.100000000 0.000521913171
1081.182500000  8.100000000 0.000886768103
1081.207520000  8.100000000 0.001263692980
1081.232540000  8.100000000 0.001653879880
1081.257450000  8.100000000 0.002056807280
1081.282470000  8.100000000 0.002472475170
1081.307500000  8.100000000 0.002901181580
1081.332520000  8.100000000 0.003342404960
1081.357540000  8.100000000 0.003795176740
1081.382450000  8.100000000 0.004258677360
1081.407470000  8.100000000 0.004731416700
1081.432500000  8.100000000 0.005211010580
1081.457520000  8.100000000 0.005694627760
1081.482540000  8.100000000 0.006179511550
1081.507450000  8.100000000 0.006661936640
1081.532470000  8.100000000 0.007139071820
1081.557500000  8.100000000 0.007606297730
1081.582520000  8.100000000 0.008060187100
1081.607540000  8.100000000 0.008497536180
1081.632450000  8.100000000 0.008915215730
1081.657470000  8.100000000 0.009309798480
1081.682500000  8.100000000 0.009679272770
1081.707520000  8.100000000 0.010020807400
1081.732540000  8.100000000 0.010333955300
1081.757450000  8.100000000 0.010615959800
1081.782470000  8.100000000 0.010866858100
1081.807500000  8.100000000 0.011085979600
1081.832520000  8.100000000 0.011273659800
1081.857540000  8.100000000 0.011429749400
1081.882450000  8.100000000 0.011555217200
1081.907470000  8.100000000 0.011650994400
1081.932500000  8.100000000 0.011718049600
1081.957520000  8.100000000 0.011757724000
1081.982540000  8.100000000 0.011771321300
1082.007450000  8.100000000 0.011759698400
1082.032470000  8.100000000 0.011724568900
1082.057500000  8.100000000 0.011666975900
1082.082520000  8.100000000 0.011587925300
1082.107540000  8.100000000 0.011488497300
1082.132450000  8.100000000 0.011369921300
1082.157470000  8.100000000 0.011232458100
1082.182500000  8.100000000 0.011077262500
1082.207520000  8.100000000 0.010904707000
1082.232540000  8.100000000 0.010714903500
1082.257450000  8.100000000 0.010509118400
1082.282470000  8.100000000 0.010286942100
1082.307500000  8.100000000 0.010048821600
1082.332520000  8.100000000 0.009796060620
1082.357540000  8.100000000 0.009528584780
1082.382450000  8.100000000 0.009247921410
1082.407470000  8.100000000 0.008954852820
1082.432500000  8.100000000 0.008650980890
1082.457520000  8.100000000 0.008337870240
1082.482540000  8.100000000 0.008017160000
1082.507450000  8.100000000 0.007690582420
1082.532470000  8.100000000 0.007360130550
1082.557500000  8.100000000 0.007027797400
1082.582520000  8.100000000 0.006695333870
1082.607540000  8.100000000 0.006364826110
1082.632450000  8.100000000 0.006038043650
1082.657470000  8.100000000 0.005716905000
1082.682500000  8.100000000 0.005403105170
1082.707520000  8.100000000 0.005098469560
1082.732540000  8.100000000 0.004804451020
1082.757450000  8.100000000 0.004522800450
1082.782470000  8.100000000 0.004255119710
1082.807500000  8.100000000 0.004002936180
1082.832520000  8.100000000 0.003768596800
1082.857540000  8.100000000 0.003553591670
1082.882450000  8.100000000 0.003359932450
1082.907470000  8.100000000 0.003189574930
1082.932500000  8.100000000 0.003044214100
1082.957520000  8.100000000 0.002925433220
1082.982540000  8.100000000 0.002834815530
1083.007450000  8.100000000 0.002773273740
1083.032470000  8.100000000 0.002741925420
1083.057500000  8.100000000 0.002741049980
1083.082520000  8.100000000 0.002770796420
1083.107540000  8.100000000 0.002830456940
1083.132450000  8.100000000 0.002919472750
1083.157470000  8.100000000 0.003036055710
1083.182500000  8.100000000 0.003178566690
1083.207520000  8.100000000 0.003345143050
1083.232540000  8.100000000 0.003533475100
1083.257450000  8.100000000 0.003740973770
1083.282470000  8.100000000 0.003965441140
1083.307500000  8.100000000 0.004204064610
1083.332520000  8.100000000 0.004454571750
1083.357540000  8.100000000 0.004714149980
1083.382450000  8.100000000 0.004980359230
1083.407470000  8.100000000 0.005250647660
1083.432500000  8.100000000 0.005522547290
1083.457520000  8.100000000 0.005793469030
1083.482540000  8.100000000 0.006060888990
1083.507450000  8.100000000 0.006322264670
1083.532470000  8.100000000 0.006574988370
1083.557500000  8.100000000 0.006816731770
1083.582520000  8.100000000 0.007044924420
1083.607540000  8.100000000 0.007257396360
1083.632450000  8.100000000 0.007451921700
1083.657470000  8.100000000 0.007626395670
1083.682500000  8.100000000 0.007778713480
1083.707520000  8.100000000 0.007906984540
1083.732540000  8.100000000 0.008009304290
1083.757450000  8.100000000 0.008084019650
1083.782470000  8.100000000 0.008129514750
1083.807500000  8.100000000 0.008144276220
1083.832520000  8.100000000 0.008127037440
1083.857540000  8.100000000 0.008076468480
1083.882450000  8.100000000 0.007991464810
1083.907470000  8.100000000 0.007871007550
1083.932500000  8.100000000 0.007714167700
1083.957520000  8.100000000 0.007520191370
1083.982540000  8.100000000 0.007288340480
1084.007450000  8.100000000 0.007018077190
1084.032470000  8.100000000 0.006625414830
1084.057500000  8.100000000 0.006045424380
