736.690002000  8.300000000 0.000000000000
736.715027000  8.300000000 0.000000000000
736.739990000  8.300000000 -0.000480694813
736.765015000  8.300000000 -0.000488943188
736.789978000  8.300000000 -0.000493900268
736.815002000  8.300000000 -0.000495783053
736.840027000  8.300000000 -0.000494814420
736.864990000  8.300000000 -0.000491223414
736.890015000  8.300000000 -0.000485241821
736.914978000  8.300000000 -0.000477104331
736.940002000  8.300000000 -0.000467046048
736.965027000  8.300000000 -0.000455301051
736.989990000  8.300000000 -0.000442102057
737.015015000  8.300000000 -0.000427677907
737.039978000  8.300000000 -0.000412253459
737.065002000  8.300000000 -0.000396048970
737.090027000  8.300000000 -0.000379277946
737.114990000  8.300000000 -0.000362146879
737.140015000  8.300000000 -0.000344853353
737.164978000  8.300000000 -0.000327585352
737.190002000  8.300000000 -0.000310521224
737.215027000  8.300000000 -0.000293828372
737.239990000  8.300000000 -0.000277663261
737.265015000  8.300000000 -0.000262170477
737.289978000  8.300000000 -0.000247482385
737.315002000  8.300000000 -0.000233718500
737.340027000  8.300000000 -0.000220986767
737.364990000  8.300000000 -0.000209382852
737.390015000  8.300000000 -0.000198990834
737.414978000  8.300000000 -0.000189882863
737.440002000  8.300000000 -0.000182119504
737.465027000  8.300000000 -0.000175749359
737.489990000  8.300000000 -0.000170809464
737.515015000  8.300000000 -0.000167325488
737.539978000  8.300000000 -0.000165312595
737.565002000  8.300000000 -0.000164776226
737.590027000  8.300000000 -0.000165712772
737.614990000  8.300000000 -0.000168110593
737.640015000  8.300000000 -0.000171950509
737.664978000  8.300000000 -0.000177206923
737.690002000  8.300000000 -0.000183848519
737.715027000  8.300000000 -0.000191838903
737.739990000  8.300000000 -0.000201136994
737.765015000  8.300000000 -0.000211697232
737.789978000  8.300000000 -0.000223470444
737.815002000  8.300000000 -0.000236404288
737.840027000  8.300000000 -0.000250445504
737.864990000  8.300000000 -0.000265540380
737.890015000  8.300000000 -0.000281636050
737.914978000  8.300000000 -0.000298680476
737.940002000  8.300000000 -0.000316623045
737.965027000  8.300000000 -0.000335414195
737.989990000  8.300000000 -0.000355006632
738.015015000  8.300000000 -0.000375355303
738.039978000  8.300000000 -0.000396418211
738.065002000  8.300000000 -0.000418156793
738.090027000  8.300000000 -0.000440535950
738.114990000  8.300000000 -0.000463524193
738.140015000  8.300000000 -0.000487093435
738.164978000  8.300000000 -0.000511218794
738.190002000  8.300000000 -0.000535878935
738.215027000  8.300000000 -0.000561055262
738.239990000  8.300000000 -0.000586731534
738.265015000  8.300000000 -0.000612894015
738.289978000  8.300000000 -0.000639530073
738.315002000  8.300000000 -0.000666628766
738.340027000  8.300000000 -0.000694179093
738.364990000  8.300000000 -0.000722169934
738.390015000  8.300000000 -0.000750589708
738.414978000  8.300000000 -0.000779425318
738.440002000  8.300000000 -0.000808662036
738.465027000  8.300000000 -0.000838281354
738.489990000  8.300000000 -0.000868261966
738.515015000  8.300000000 -0.000898578670
738.539978000  8.300000000 -0.000929201371
738.565002000  8.300000000 -0.000960094447
738.590027000  8.300000000 -0.000991215231
738.614990000  8.300000000 -0.001022512090
738.640015000  8.300000000 -0.001053923970
738.664978000  8.300000000 -0.001085381490
738.690002000  8.300000000 -0.001116804080
738.715027000  8.300000000 -0.001148102460
738.739990000  8.300000000 -0.001179176030
738.765015000  8.300000000 -0.001209913870
738.789978000  8.300000000 -0.001240194660
738.815002000  8.300000000 -0.001269885570
738.840027000  8.300000000 -0.001298843180
738.864990000  8.300000000 -0.001326913130
738.890015000  8.300000000 -0.001353929980
738.914978000  8.300000000 -0.001379719940
738.940002000  8.300000000 -0.001404099860
738.965027000  8.300000000 -0.001426879430
738.989990000  8.300000000 -0.001447863760
739.015015000  8.300000000 -0.001466853310
739.039978000  8.300000000 -0.001483646110
739.065002000  8.300000000 -0.001498039930
739.090027000  8.300000000 -0.001509832570
739.114990000  8.300000000 -0.001518827280
739.140015000  8.300000000 -0.001524832220
739.164978000  8.300000000 -0.001527666230
739.190002000  8.300000000 -0.001527159710
739.215027000  8.300000000 -0.001523156530
739.239990000  8.300000000 -0.001515516080
739.265015000  8.300000000 -0.001504114830
739.289978000  8.300000000 -0.001488846490
739.315002000  8.300000000 -0.001469626090
739.340027000  8.300000000 -0.001446389360
739.364990000  8.300000000 -0.001419096840
739.390015000  8.300000000 -0.001387733970
739.414978000  8.300000000 -0.001352311340
739.440002000  8.300000000 -0.001312865290
739.465027000  8.300000000 -0.001269456810
739.489990000  8.300000000 -0.001222171360
739.515015000  8.300000000 -0.001171117760
739.539978000  8.300000000 -0.001116427830
739.565002000  8.300000000 -0.001058256370
739.590027000  8.300000000 -0.000996779185
739.614990000  8.300000000 -0.000932192197
739.640015000  8.300000000 -0.000864710193
739.664978000  8.300000000 -0.000794564723
739.690002000  8.300000000 -0.000722002587
739.715027000  8.300000000 -0.000647282810
739.739990000  8.300000000 -0.000570675009
739.765015000  8.300000000 -0.000492456835
739.789978000  8.300000000 -0.000412911497
739.815002000  8.300000000 -0.000332325057
739.840027000  8.300000000 -0.000250984216
739.864990000  8.300000000 -0.000169173465
739.890015000  8.300000000 -0.000087174667
739.914978000  8.300000000 -0.000005264422
739.940002000  8.300000000 0.000076286153
739.965027000  8.300000000 0.000157213683
739.989990000  8.300000000 0.000237263594
740.015015000  8.300000000 0.000316191377
740.039978000  8.300000000 0.000393762282
740.065002000  8.300000000 0.000469753839
740.090027000  8.300000000 0.000543956296
740.114990000  8.300000000 0.000616175064
740.140015000  8.300000000 0.000686230604
740.164978000  8.300000000 0.000753959466
740.190002000  8.300000000 0.000819214270
740.215027000  8.300000000 0.000881863991
740.239990000  8.300000000 0.000941794191
740.265015000  8.300000000 0.000998906791
740.289978000  8.300000000 0.001053119780
740.315002000  8.300000000 0.001104367660
740.340027000  8.300000000 0.001152601210
740.364990000  8.300000000 0.001197788400
740.390015000  8.300000000 0.001239913170
740.414978000  8.300000000 0.001278975050
740.440002000  8.300000000 0.001314988360
740.465027000  8.300000000 0.001347979760
740.489990000  8.300000000 0.001377985700
740.515015000  8.300000000 0.001405050750
740.539978000  8.300000000 0.001429224970
740.565002000  8.300000000 0.001450563430
740.590027000  8.300000000 0.001469124570
740.614990000  8.300000000 0.001484969510
740.640015000  8.300000000 0.001498161580
740.664978000  8.300000000 0.001508764570
740.690002000  8.300000000 0.001516843450
740.715027000  8.300000000 0.001522463630
740.739990000  8.300000000 0.001525689730
740.765015000  8.300000000 0.001526586830
740.789978000  8.300000000 0.001525218020
740.815002000  8.300000000 0.001521644880
740.840027000  8.300000000 0.001515927030
740.864990000  8.300000000 0.001508121960
740.890015000  8.300000000 0.001498283930
740.914978000  8.300000000 0.001486466030
740.940002000  8.300000000 0.001472718200
740.965027000  8.300000000 0.001457090260
740.989990000  8.300000000 0.001439630170
741.015015000  8.300000000 0.001420384510
741.039978000  8.300000000 0.001399399010
741.065002000  8.300000000 0.001376717930
741.090027000  8.300000000 0.001352385270
741.114990000  8.300000000 0.001326445610
741.140015000  8.300000000 0.001298943770
741.164978000  8.300000000 0.001269926080
741.190002000  8.300000000 0.001239440170
741.215027000  8.300000000 0.001207536900
741.239990000  8.300000000 0.001174268890
741.265015000  8.300000000 0.001139691220
741.289978000  8.300000000 0.001103861020
741.315002000  8.300000000 0.001066837230
741.340027000  8.300000000 0.001028678500
741.364990000  8.300000000 0.000989444321
741.390015000  8.300000000 0.000949193432
741.414978000  8.300000000 0.000907984271
741.440002000  8.300000000 0.000865874055
741.465027000  8.300000000 0.000822919246
741.489990000  8.300000000 0.000779173686
741.515015000  8.300000000 0.000734689587
741.539978000  8.300000000 0.000689515611
741.565002000  8.300000000 0.000643699314
741.590027000  8.300000000 0.000597285456
741.614990000  8.300000000 0.000550315890
741.640015000  8.300000000 0.000502830953
741.664978000  8.300000000 0.000454868801
741.690002000  8.300000000 0.000406466919
741.715027000  8.300000000 0.000357658893
741.739990000  8.300000000 0.000308477232
741.765015000  8.300000000 0.000258948858
741.789978000  8.300000000 0.000209098202
741.815002000  8.300000000 0.000158946932
741.840027000  8.300000000 0.000108512249
741.864990000  8.300000000 0.000057807851
741.890015000  8.300000000 0.000006845464
741.914978000  8.300000000 -0.000044366134
741.940002000  8.300000000 -0.000095819283
741.965027000  8.300000000 -0.000147508501
741.989990000  8.300000000 -0.000199428760
742.015015000  8.300000000 -0.000251575402
742.039978000  8.300000000 -0.000303942797
742.065002000  8.300000000 -0.000356522185
742.090027000  8.300000000 -0.000409300876
742.114990000  8.300000000 -0.000462260825
742.140015000  8.300000000 -0.000515377207
742.164978000  8.300000000 -0.000568618067
742.190002000  8.300000000 -0.000621943036
742.215027000  8.300000000 -0.000675303629
742.239990000  8.300000000 -0.000728642510
742.265015000  8.300000000 -0.000781893556
742.289978000  8.300000000 -0.000834981562
742.315002000  8.300000000 -0.000887820963
742.340027000  8.300000000 -0.000940318336
742.364990000  8.300000000 -0.000992371468
742.390015000  8.300000000 -0.001043869880
742.414978000  8.300000000 -0.001094695880
742.440002000  8.300000000 -0.001144724200
742.465027000  8.300000000 -0.001193824460
742.489990000  8.300000000 -0.001241860680
742.515015000  8.300000000 -0.001288692470
742.539978000  8.300000000 -0.001334174300
742.565002000  8.300000000 -0.001378158220
742.590027000  8.300000000 -0.001420494630
742.614990000  8.300000000 -0.001461034870
742.640015000  8.300000000 -0.001499630860
742.664978000  8.300000000 -0.001536137540
742.690002000  8.300000000 -0.001570411380
742.715027000  8.300000000 -0.001602312780
742.739990000  8.300000000 -0.001631706020
742.765015000  8.300000000 -0.001658458380
742.789978000  8.300000000 -0.001682445870
742.815002000  8.300000000 -0.001703549060
742.840027000  8.300000000 -0.001721657810
742.864990000  8.300000000 -0.001736671080
742.890015000  8.300000000 -0.001748495740
742.914978000  8.300000000 -0.001757047950
742.940002000  8.300000000 -0.001762252180
742.965027000  8.300000000 -0.001764042540
742.989990000  8.300000000 -0.001762362550
743.015015000  8.300000000 -0.001757165650
743.039978000  8.300000000 -0.001748415060
743.065002000  8.300000000 -0.001736085400
743.090027000  8.300000000 -0.001720162220
743.114990000  8.300000000 -0.001700642290
743.140015000  8.300000000 -0.001677533260
743.164978000  8.300000000 -0.001650852850
743.190002000  8.300000000 -0.001620627940
743.215027000  8.300000000 -0.001586894270
743.239990000  8.300000000 -0.001549696900
743.265015000  8.300000000 -0.001509091580
743.289978000  8.300000000 -0.001465140490
743.315002000  8.300000000 -0.001417913470
743.340027000  8.300000000 -0.001367485730
743.364990000  8.300000000 -0.001313936900
743.390015000  8.300000000 -0.001257349740
743.414978000  8.300000000 -0.001197809000
743.440002000  8.300000000 -0.001135402360
743.465027000  8.300000000 -0.001070216880
743.489990000  8.300000000 -0.001002339410
743.515015000  8.300000000 -0.000931853778
743.539978000  8.300000000 -0.000858840591
743.565002000  8.300000000 -0.000783374126
743.590027000  8.300000000 -0.000705521205
743.614990000  8.300000000 -0.000625338987
743.640015000  8.300000000 -0.000542877999
743.664978000  8.300000000 -0.000458179216
743.690002000  8.300000000 -0.000371277507
743.715027000  8.300000000 -0.000282198802
743.739990000  8.300000000 -0.000190960956
743.765015000  8.300000000 -0.000097574099
743.789978000  8.300000000 -0.000002041297
743.815002000  8.300000000 0.000095638570
743.840027000  8.300000000 0.000195470231
743.864990000  8.300000000 0.000297459541
743.890015000  8.300000000 0.000401611644
743.914978000  8.300000000 0.000507929304
743.940002000  8.300000000 0.000616410398
743.965027000  8.300000000 0.000727046223
743.989990000  8.300000000 0.000839821529
744.015015000  8.300000000 0.000954711402
744.039978000  8.300000000 0.001071683950
744.065002000  8.300000000 0.001190697080
744.090027000  8.300000000 0.001311699280
744.114990000  8.300000000 0.001434626410
744.140015000  8.300000000 0.001559401280
744.164978000  8.300000000 0.001685931110
744.190002000  8.300000000 0.001814108230
744.215027000  8.300000000 0.001943808750
744.239990000  8.300000000 0.002074891470
744.265015000  8.300000000 0.002207198880
744.289978000  8.300000000 0.002340555890
744.315002000  8.300000000 0.002474772510
744.340027000  8.300000000 0.002609644550
744.364990000  8.300000000 0.002744952920
744.390015000  8.300000000 0.002880463380
744.414978000  8.300000000 0.003015927740
744.440002000  8.300000000 0.003151086390
744.465027000  8.300000000 0.003285663200
744.489990000  8.300000000 0.003419378310
744.515015000  8.300000000 0.003551934610
744.539978000  8.300000000 0.003683029670
744.565002000  8.300000000 0.003812350100
744.590027000  8.300000000 0.003939575980
744.614990000  8.300000000 0.004064382050
744.640015000  8.300000000 0.004186439330
744.664978000  8.300000000 0.004305416720
744.690002000  8.300000000 0.004420983610
744.715027000  8.300000000 0.004532809370
744.739990000  8.300000000 0.004640562930
744.765015000  8.300000000 0.004743919240
744.789978000  8.300000000 0.004842555150
744.815002000  8.300000000 0.004936150740
744.840027000  8.300000000 0.005024397280
744.864990000  8.300000000 0.005106993490
744.890015000  8.300000000 0.005183648780
744.914978000  8.300000000 0.005254089830
744.940002000  8.300000000 0.005318054460
744.965027000  8.300000000 0.005375303330
744.989990000  8.300000000 0.005425615240
745.015015000  8.300000000 0.005468789020
745.039978000  8.300000000 0.005504643080
745.065002000  8.300000000 0.005533023270
745.090027000  8.300000000 0.005553799680
745.114990000  8.300000000 0.005566868000
745.140015000  8.300000000 0.005572156510
745.164978000  8.300000000 0.005569608420
745.190002000  8.300000000 0.005559202280
745.215027000  8.300000000 0.005540940440
745.239990000  8.300000000 0.005514850370
745.265015000  8.300000000 0.005480991210
745.289978000  8.300000000 0.005439452360
745.315002000  8.300000000 0.005390349780
745.340027000  8.300000000 0.005333828270
745.364990000  8.300000000 0.005270064810
745.390015000  8.300000000 0.005199263800
745.414978000  8.300000000 0.005121657160
745.440002000  8.300000000 0.005037502850
745.465027000  8.300000000 0.004947087260
745.489990000  8.300000000 0.004850717260
745.515015000  8.300000000 0.004748731390
745.539978000  8.300000000 0.004641486800
745.565002000  8.300000000 0.004529365800
745.590027000  8.300000000 0.004412773530
745.614990000  8.300000000 0.004292138390
745.640015000  8.300000000 0.004167904610
745.664978000  8.300000000 0.004040538800
745.690002000  8.300000000 0.003910518720
745.715027000  8.300000000 0.003778337040
745.739990000  8.300000000 0.003644499230
745.765015000  8.300000000 0.003509515900
745.789978000  8.300000000 0.003373907410
745.815002000  8.300000000 0.003238196720
745.840027000  8.300000000 0.003102912570
745.864990000  8.300000000 0.002968579530
745.890015000  8.300000000 0.002835726370
745.914978000  8.300000000 0.002704873680
745.940002000  8.300000000 0.002576543480
745.965027000  8.300000000 0.002451248700
745.989990000  8.300000000 0.002329498060
746.015015000  8.300000000 0.002211786570
746.039978000  8.300000000 0.002098598980
746.065002000  8.300000000 0.001990401650
746.090027000  8.300000000 0.001887644640
746.114990000  8.300000000 0.001790754500
746.140015000  8.300000000 0.001700134720
746.164978000  8.300000000 0.001616160620
746.190002000  8.300000000 0.001539181450
746.215027000  8.300000000 0.001469514910
746.239990000  8.300000000 0.001407451110
746.265015000  8.300000000 0.001353247210
746.289978000  8.300000000 0.001307128810
746.315002000  8.300000000 0.001269285330
746.340027000  8.300000000 0.001239871370
746.364990000  8.300000000 0.001219003460
746.390015000  8.300000000 0.001206762620
746.414978000  8.300000000 0.001203192510
746.440002000  8.300000000 0.001208300940
746.465027000  8.300000000 0.001222061110
746.489990000  8.300000000 0.001244410170
746.515015000  8.300000000 0.001275253130
746.539978000  8.300000000 0.001314462160
746.565002000  8.300000000 0.001361879990
746.590027000  8.300000000 0.001417320220
746.614990000  8.300000000 0.001480568670
746.640015000  8.300000000 0.001551382940
746.664978000  8.300000000 0.001629494830
746.690002000  8.300000000 0.001714610380
746.715027000  8.300000000 0.001806414920
746.739990000  8.300000000 0.001904571310
746.765015000  8.300000000 0.002008724030
746.789978000  8.300000000 0.002118501350
746.815002000  8.300000000 0.002233518750
746.840027000  8.300000000 0.002353379040
746.864990000  8.300000000 0.002477675910
746.890015000  8.300000000 0.002605994460
746.914978000  8.300000000 0.002737911190
746.940002000  8.300000000 0.002872999290
746.965027000  8.300000000 0.003010830380
746.989990000  8.300000000 0.003150976260
747.015015000  8.300000000 0.003293010640
747.039978000  8.300000000 0.003436510920
747.065002000  8.300000000 0.003581060330
747.090027000  8.300000000 0.003726243270
747.114990000  8.300000000 0.003871653930
747.140015000  8.300000000 0.004016892050
747.164978000  8.300000000 0.004161568360
747.190002000  8.300000000 0.004305301700
747.215027000  8.300000000 0.004447723740
747.239990000  8.300000000 0.004588475920
747.265015000  8.300000000 0.004727213180
747.289978000  8.300000000 0.004863604440
747.315002000  8.300000000 0.004997329320
747.340027000  8.300000000 0.005128082820
747.364990000  8.300000000 0.005255572500
747.390015000  8.300000000 0.005379514300
747.414978000  8.300000000 0.005499637220
747.440002000  8.300000000 0.005615677680
747.465027000  8.300000000 0.005727383310
747.489990000  8.300000000 0.005834512880
747.515015000  8.300000000 0.005936835890
747.539978000  8.300000000 0.006034134420
747.565002000  8.300000000 0.006126208230
747.590027000  8.300000000 0.006212870120
747.614990000  8.300000000 0.006293952470
747.640015000  8.300000000 0.006369307170
747.664978000  8.300000000 0.006438803390
747.690002000  8.300000000 0.006502328910
747.715027000  8.300000000 0.006559790580
747.739990000  8.300000000 0.006611114830
747.765015000  8.300000000 0.006656244400
747.789978000  8.300000000 0.006695144340
747.815002000  8.300000000 0.006727796050
747.840027000  8.300000000 0.006754198110
747.864990000  8.300000000 0.006774368700
747.890015000  8.300000000 0.006788338530
747.914978000  8.300000000 0.006796156060
747.940002000  8.300000000 0.006797885990
747.965027000  8.300000000 0.006793607030
747.989990000  8.300000000 0.006783417890
748.015015000  8.300000000 0.006767428480
748.039978000  8.300000000 0.006745765920
748.065002000  8.300000000 0.006718571300
748.090027000  8.300000000 0.006685993630
748.114990000  8.300000000 0.006648198240
748.140015000  8.300000000 0.006605355530
748.164978000  8.300000000 0.006557645280
748.190002000  8.300000000 0.006505252330
748.215027000  8.300000000 0.006448367140
748.239990000  8.300000000 0.006387187630
748.265015000  8.300000000 0.006321917290
748.289978000  8.300000000 0.006252765660
748.315002000  8.300000000 0.006179946940
748.340027000  8.300000000 0.006103677680
748.364990000  8.300000000 0.006024175790
748.390015000  8.300000000 0.005941664330
748.414978000  8.300000000 0.005856360310
748.440002000  8.300000000 0.005768483040
748.465027000  8.300000000 0.005678254180
748.489990000  8.300000000 0.005585892590
748.515015000  8.300000000 0.005491625520
748.539978000  8.300000000 0.005395678340
748.565002000  8.300000000 0.005298283420
748.590027000  8.300000000 0.005199678710
748.614990000  8.300000000 0.005100100770
748.640015000  8.300000000 0.004999796390
748.664978000  8.300000000 0.004899013790
748.690002000  8.300000000 0.004798011390
748.715027000  8.300000000 0.004697054620
748.739990000  8.300000000 0.004596414980
748.765015000  8.300000000 0.004496373700
748.789978000  8.300000000 0.004397222770
748.815002000  8.300000000 0.004299260210
748.840027000  8.300000000 0.004202793820
748.864990000  8.300000000 0.004108142110
748.890015000  8.300000000 0.004015634770
748.914978000  8.300000000 0.003925606140
748.940002000  8.300000000 0.003838400820
748.965027000  8.300000000 0.003754370610
748.989990000  8.300000000 0.003673871980
749.015015000  8.300000000 0.003597265580
749.039978000  8.300000000 0.003524913450
749.065002000  8.300000000 0.003457174640
749.090027000  8.300000000 0.003394409080
749.114990000  8.300000000 0.003336972560
749.140015000  8.300000000 0.003285215000
749.164978000  8.300000000 0.003239481940
749.190002000  8.300000000 0.003200109350
749.215027000  8.300000000 0.003167424120
749.239990000  8.300000000 0.003141740100
749.265015000  8.300000000 0.003123355560
749.289978000  8.300000000 0.003112545700
749.315002000  8.300000000 0.003109569200
749.340027000  8.300000000 0.003114657480
749.364990000  8.300000000 0.003128021260
749.390015000  8.300000000 0.003149846100
749.414978000  8.300000000 0.003180291270
749.440002000  8.300000000 0.003219490410
749.465027000  8.300000000 0.003267552470
749.489990000  8.300000000 0.003324545690
749.515015000  8.300000000 0.003390504050
749.539978000  8.300000000 0.003465424990
749.565002000  8.300000000 0.003549263110
749.590027000  8.300000000 0.003641931340
749.614990000  8.300000000 0.003743299050
749.640015000  8.300000000 0.003853192790
749.664978000  8.300000000 0.003971398340
749.690002000  8.300000000 0.004097652620
749.715027000  8.300000000 0.004231648050
749.739990000  8.300000000 0.004373037720
749.765015000  8.300000000 0.004521430940
749.789978000  8.300000000 0.004676404410
749.815002000  8.300000000 0.004837496670
749.840027000  8.300000000 0.005004209470
749.864990000  8.300000000 0.005176009140
749.890015000  8.300000000 0.005352332720
749.914978000  8.300000000 0.005532586480
749.940002000  8.300000000 0.005716159470
749.965027000  8.300000000 0.005902417470
749.989990000  8.300000000 0.006090715060
750.015015000  8.300000000 0.006280403580
750.039978000  8.300000000 0.006470823190
750.065002000  8.300000000 0.006661317780
750.090027000  8.300000000 0.006851238200
750.114990000  8.300000000 0.007039934860
750.140015000  8.300000000 0.007226779590
750.164978000  8.300000000 0.007411155850
750.190002000  8.300000000 0.007592469920
750.215027000  8.300000000 0.007770153690
750.239990000  8.300000000 0.007943659090
750.265015000  8.300000000 0.008112463170
750.289978000  8.300000000 0.008276074190
750.315002000  8.300000000 0.008434019980
750.340027000  8.300000000 0.008585871200
750.364990000  8.300000000 0.008731221780
750.390015000  8.300000000 0.008869713170
750.414978000  8.300000000 0.009001016620
750.440002000  8.300000000 0.009124844340
750.465027000  8.300000000 0.009240943010
750.489990000  8.300000000 0.009349095640
750.515015000  8.300000000 0.009449120610
750.539978000  8.300000000 0.009540867990
750.565002000  8.300000000 0.009624219500
750.590027000  8.300000000 0.009699091320
750.614990000  8.300000000 0.009765423830
750.640015000  8.300000000 0.009823192840
750.664978000  8.300000000 0.009872399270
750.690002000  8.300000000 0.009913071990
750.715027000  8.300000000 0.009945267810
750.739990000  8.300000000 0.009969068690
750.765015000  8.300000000 0.009984583590
750.789978000  8.300000000 0.009991939180
750.815002000  8.300000000 0.009991293770
750.840027000  8.300000000 0.009982821530
750.864990000  8.300000000 0.009966717100
750.890015000  8.300000000 0.009943196550
750.914978000  8.300000000 0.009912483390
750.940002000  8.300000000 0.009874823500
750.965027000  8.300000000 0.009830467400
750.989990000  8.300000000 0.009779682380
751.015015000  8.300000000 0.009722741320
751.039978000  8.300000000 0.009659926410
751.065002000  8.300000000 0.009591529150
751.090027000  8.300000000 0.009517839180
751.114990000  8.300000000 0.009439156390
751.140015000  8.300000000 0.009355769490
751.164978000  8.300000000 0.009267975580
751.190002000  8.300000000 0.009176068940
751.215027000  8.300000000 0.009080344810
751.239990000  8.300000000 0.008981094700
751.265015000  8.300000000 0.008878611030
751.289978000  8.300000000 0.008773174140
751.315002000  8.300000000 0.008665064350
751.340027000  8.300000000 0.008554550820
751.364990000  8.300000000 0.008441903630
751.390015000  8.300000000 0.008327380750
751.414978000  8.300000000 0.008211230860
751.440002000  8.300000000 0.008093689570
751.465027000  8.300000000 0.007974983190
751.489990000  8.300000000 0.007855324070
751.515015000  8.300000000 0.007734911520
751.539978000  8.300000000 0.007613933650
751.565002000  8.300000000 0.007492559960
751.590027000  8.300000000 0.007370952520
751.614990000  8.300000000 0.007249262650
751.640015000  8.300000000 0.007127630990
751.664978000  8.300000000 0.007006191650
751.690002000  8.300000000 0.006885067090
751.715027000  8.300000000 0.006764375140
751.739990000  8.300000000 0.006644221020
751.765015000  8.300000000 0.006524703930
751.789978000  8.300000000 0.006405919790
751.815002000  8.300000000 0.006287953350
751.840027000  8.300000000 0.006170888900
751.864990000  8.300000000 0.006054811650
751.890015000  8.300000000 0.005939799830
751.914978000  8.300000000 0.005825932140
751.940002000  8.300000000 0.005713282150
751.965027000  8.300000000 0.005601919260
751.989990000  8.300000000 0.005491909110
752.015015000  8.300000000 0.005383308510
752.039978000  8.300000000 0.005276180340
752.065002000  8.300000000 0.005170583260
752.090027000  8.300000000 0.005066579670
752.114990000  8.300000000 0.004964229650
752.140015000  8.300000000 0.004863588140
752.164978000  8.300000000 0.004764706360
752.190002000  8.300000000 0.004667630420
752.215027000  8.300000000 0.004572404080
752.239990000  8.300000000 0.004479065070
752.265015000  8.300000000 0.004387649240
752.289978000  8.300000000 0.004298186400
752.315002000  8.300000000 0.004210701680
752.340027000  8.300000000 0.004125211390
752.364990000  8.300000000 0.004041722980
752.390015000  8.300000000 0.003960232250
752.414978000  8.300000000 0.003880729430
752.440002000  8.300000000 0.003803198460
752.465027000  8.300000000 0.003727616280
752.489990000  8.300000000 0.003653950760
752.515015000  8.300000000 0.003582164410
752.539978000  8.300000000 0.003512203930
752.565002000  8.300000000 0.003444006670
752.590027000  8.300000000 0.003377495330
752.614990000  8.300000000 0.003312580050
752.640015000  8.300000000 0.003249161180
752.664978000  8.300000000 0.003187123450
752.690002000  8.300000000 0.003126344640
752.715027000  8.300000000 0.003066690640
752.739990000  8.300000000 0.003008018010
752.765015000  8.300000000 0.002950174040
752.789978000  8.300000000 0.002892998980
752.815002000  8.300000000 0.002836326600
752.840027000  8.300000000 0.002779976930
752.864990000  8.300000000 0.002723766490
752.890015000  8.300000000 0.002667497150
752.914978000  8.300000000 0.002610958410
752.940002000  8.300000000 0.002553932370
752.965027000  8.300000000 0.002496193160
752.989990000  8.300000000 0.002437510290
753.015015000  8.300000000 0.002377649070
753.039978000  8.300000000 0.002316372470
753.065002000  8.300000000 0.002253446030
753.090027000  8.300000000 0.002188632500
753.114990000  8.300000000 0.002121696710
753.140015000  8.300000000 0.002052403750
753.164978000  8.300000000 0.001980516360
753.190002000  8.300000000 0.001905796000
753.215027000  8.300000000 0.001827997850
753.239990000  8.300000000 0.001746878960
753.265015000  8.300000000 0.001662195540
753.289978000  8.300000000 0.001573706630
753.315002000  8.300000000 0.001481177630
753.340027000  8.300000000 0.001384378290
753.364990000  8.300000000 0.001283081830
753.390015000  8.300000000 0.001177065770
753.414978000  8.300000000 0.001066114640
753.440002000  8.300000000 0.000950023532
753.465027000  8.300000000 0.000828598335
753.489990000  8.300000000 0.000701659650
753.515015000  8.300000000 0.000569041760
753.539978000  8.300000000 0.000430597953
753.565002000  8.300000000 0.000286197581
753.590027000  8.300000000 0.000135730996
753.614990000  8.300000000 -0.000020894789
753.640015000  8.300000000 -0.000183749100
753.664978000  8.300000000 -0.000352883479
753.690002000  8.300000000 -0.000528330740
753.715027000  8.300000000 -0.000710097840
753.739990000  8.300000000 -0.000898165570
753.765015000  8.300000000 -0.001092486430
753.789978000  8.300000000 -0.001292978650
753.815002000  8.300000000 -0.001499530040
753.840027000  8.300000000 -0.001711999300
753.864990000  8.300000000 -0.001930216090
753.890015000  8.300000000 -0.002153989630
753.914978000  8.300000000 -0.002383106160
753.940002000  8.300000000 -0.002617330990
753.965027000  8.300000000 -0.002856411970
753.989990000  8.300000000 -0.003100076220
754.015015000  8.300000000 -0.003348034570
754.039978000  8.300000000 -0.003599985740
754.065002000  8.300000000 -0.003855613290
754.090027000  8.300000000 -0.004114588720
754.114990000  8.300000000 -0.004376572560
754.140015000  8.300000000 -0.004641216250
754.164978000  8.300000000 -0.004908159840
754.190002000  8.300000000 -0.005177041050
754.215027000  8.300000000 -0.005447498060
754.239990000  8.300000000 -0.005719163920
754.265015000  8.300000000 -0.005991677750
754.289978000  8.300000000 -0.006264678670
754.315002000  8.300000000 -0.006537813230
754.340027000  8.300000000 -0.006810729860
754.364990000  8.300000000 -0.007083089560
754.390015000  8.300000000 -0.007354564030
754.414978000  8.300000000 -0.007624831520
754.440002000  8.300000000 -0.007893582810
754.465027000  8.300000000 -0.008160525930
754.489990000  8.300000000 -0.008425381970
754.515015000  8.300000000 -0.008687889200
754.539978000  8.300000000 -0.008947804570
754.565002000  8.300000000 -0.009204905480
754.590027000  8.300000000 -0.009458983320
754.614990000  8.300000000 -0.009709857400
754.640015000  8.300000000 -0.009957365690
754.664978000  8.300000000 -0.010201374100
754.690002000  8.300000000 -0.010441771700
754.715027000  8.300000000 -0.010678474800
754.739990000  8.300000000 -0.010911418100
754.765015000  8.300000000 -0.011140552300
754.789978000  8.300000000 -0.011365855100
754.815002000  8.300000000 -0.011587315200
754.840027000  8.300000000 -0.011804954100
754.864990000  8.300000000 -0.012018806300
754.890015000  8.300000000 -0.012228952700
754.914978000  8.300000000 -0.012435490300
754.940002000  8.300000000 -0.012638542800
754.965027000  8.300000000 -0.012838264900
754.989990000  8.300000000 -0.013034823400
755.015015000  8.300000000 -0.013228409900
755.039978000  8.300000000 -0.013419246300
755.065002000  8.300000000 -0.013607558800
755.090027000  8.300000000 -0.013793613800
755.114990000  8.300000000 -0.013977685900
755.140015000  8.300000000 -0.014160076200
755.164978000  8.300000000 -0.014341089900
755.190002000  8.300000000 -0.014521053100
755.215027000  8.300000000 -0.014700300100
755.239990000  8.300000000 -0.014879172700
755.265015000  8.300000000 -0.015058022900
755.289978000  8.300000000 -0.015237206600
755.315002000  8.300000000 -0.015417082200
755.340027000  8.300000000 -0.015598014900
755.364990000  8.300000000 -0.015780357600
755.390015000  8.300000000 -0.015964476400
755.414978000  8.300000000 -0.016150705500
755.440002000  8.300000000 -0.016339395200
755.465027000  8.300000000 -0.016530873300
755.489990000  8.300000000 -0.016725447000
755.515015000  8.300000000 -0.016923425700
755.539978000  8.300000000 -0.017125098000
755.565002000  8.300000000 -0.017330732200
755.590027000  8.300000000 -0.017540598300
755.614990000  8.300000000 -0.017754942200
755.640015000  8.300000000 -0.017974006000
755.664978000  8.300000000 -0.018198000300
755.690002000  8.300000000 -0.018427116800
755.715027000  8.300000000 -0.018661512100
755.739990000  8.300000000 -0.018901309000
755.765015000  8.300000000 -0.019146602600
755.789978000  8.300000000 -0.019397448700
755.815002000  8.300000000 -0.019653871700
755.840027000  8.300000000 -0.019915865700
755.864990000  8.300000000 -0.020183390000
755.890015000  8.300000000 -0.020456375600
755.914978000  8.300000000 -0.020734733000
755.940002000  8.300000000 -0.021018331900
755.965027000  8.300000000 -0.021307012100
755.989990000  8.300000000 -0.021600591000
756.015015000  8.300000000 -0.021898854500
756.039978000  8.300000000 -0.022201569800
756.065002000  8.300000000 -0.022508468500
756.090027000  8.300000000 -0.022819291800
756.114990000  8.300000000 -0.023133721200
756.140015000  8.300000000 -0.023451466100
756.164978000  8.300000000 -0.023772198700
756.190002000  8.300000000 -0.024095576300
756.215027000  8.300000000 -0.024421267200
756.239990000  8.300000000 -0.024748902800
756.265015000  8.300000000 -0.025078116000
756.289978000  8.300000000 -0.025408539900
756.315002000  8.300000000 -0.025739781600
756.340027000  8.300000000 -0.026071447900
756.364990000  8.300000000 -0.026403131000
756.390015000  8.300000000 -0.026734432200
756.414978000  8.300000000 -0.027064938100
756.440002000  8.300000000 -0.027394227700
756.465027000  8.300000000 -0.027721893000
756.489990000  8.300000000 -0.028047515100
756.515015000  8.300000000 -0.028370689600
756.539978000  8.300000000 -0.028691006800
756.565002000  8.300000000 -0.029008084900
756.590027000  8.300000000 -0.029321538300
756.614990000  8.300000000 -0.029631000000
756.640015000  8.300000000 -0.029936114300
756.664978000  8.300000000 -0.030236549700
756.690002000  8.300000000 -0.030531963300
756.715027000  8.300000000 -0.030822057300
756.739990000  8.300000000 -0.031106533500
756.765015000  8.300000000 -0.031385134900
756.789978000  8.300000000 -0.031657591500
756.815002000  8.300000000 -0.031923688900
756.840027000  8.300000000 -0.032183218700
756.864990000  8.300000000 -0.032436009500
756.890015000  8.300000000 -0.032681915900
756.914978000  8.300000000 -0.032920815100
756.940002000  8.300000000 -0.033152610100
756.965027000  8.300000000 -0.033377252500
756.989990000  8.300000000 -0.033594731200
757.015015000  8.300000000 -0.033805035100
757.039978000  8.300000000 -0.034008238500
757.065002000  8.300000000 -0.034204416000
757.090027000  8.300000000 -0.034393705400
757.114990000  8.300000000 -0.034576259600
757.140015000  8.300000000 -0.034752264600
757.164978000  8.300000000 -0.034921933000
757.190002000  8.300000000 -0.035085525400
757.215027000  8.300000000 -0.035243310000
757.239990000  8.300000000 -0.035395611100
757.265015000  8.300000000 -0.035542745100
757.289978000  8.300000000 -0.035685084800
757.315002000  8.300000000 -0.035823009900
757.340027000  8.300000000 -0.035956934100
757.364990000  8.300000000 -0.036087289500
757.390015000  8.300000000 -0.036214515600
757.414978000  8.300000000 -0.036339081800
757.440002000  8.300000000 -0.036461453900
757.465027000  8.300000000 -0.036582123500
757.489990000  8.300000000 -0.036701582400
757.515015000  8.300000000 -0.036820322300
757.539978000  8.300000000 -0.036938849800
757.565002000  8.300000000 -0.037057668000
757.590027000  8.300000000 -0.037177257200
757.614990000  8.300000000 -0.037298113100
757.640015000  8.300000000 -0.037420716100
757.664978000  8.300000000 -0.037545524500
757.690002000  8.300000000 -0.037673007700
757.715027000  8.300000000 -0.037803623800
757.739990000  8.300000000 -0.037937790200
757.765015000  8.300000000 -0.038075931400
757.789978000  8.300000000 -0.038218468400
757.815002000  8.300000000 -0.038365766400
757.840027000  8.300000000 -0.038518205300
757.864990000  8.300000000 -0.038676153900
757.890015000  8.300000000 -0.038839966100
757.914978000  8.300000000 -0.039009969700
757.940002000  8.300000000 -0.039186488800
757.965027000  8.300000000 -0.039369851400
757.989990000  8.300000000 -0.039560325400
758.015015000  8.300000000 -0.039758224000
758.039978000  8.300000000 -0.039963796700
758.065002000  8.300000000 -0.040177308000
758.090027000  8.300000000 -0.040399011200
758.114990000  8.300000000 -0.040629148500
758.140015000  8.300000000 -0.040867932100
758.164978000  8.300000000 -0.041115570800
758.190002000  8.300000000 -0.041372265700
758.215027000  8.300000000 -0.041638203000
758.239990000  8.300000000 -0.041913531700
758.265015000  8.300000000 -0.042198427000
758.289978000  8.300000000 -0.042492993200
758.315002000  8.300000000 -0.042797356800
758.340027000  8.300000000 -0.043111585100
758.364990000  8.300000000 -0.043435763600
758.390015000  8.300000000 -0.043769914700
758.414978000  8.300000000 -0.044114083100
758.440002000  8.300000000 -0.044468261300
758.465027000  8.300000000 -0.044832468000
758.489990000  8.300000000 -0.045206654800
758.515015000  8.300000000 -0.045590810500
758.539978000  8.300000000 -0.045984879100
758.565002000  8.300000000 -0.046388797500
758.590027000  8.300000000 -0.046802472300
758.614990000  8.300000000 -0.047225810600
758.640015000  8.300000000 -0.047658693000
758.664978000  8.300000000 -0.048100985600
758.690002000  8.300000000 -0.048552528000
758.715027000  8.300000000 -0.049013167600
758.739990000  8.300000000 -0.049482729300
758.765015000  8.300000000 -0.049961019300
758.789978000  8.300000000 -0.050447825300
758.815002000  8.300000000 -0.050942927600
758.840027000  8.300000000 -0.051446106300
758.864990000  8.300000000 -0.051957093200
758.890015000  8.300000000 -0.052475638700
758.914978000  8.300000000 -0.053001444800
758.940002000  8.300000000 -0.053534213500
758.965027000  8.300000000 -0.054073624300
758.989990000  8.300000000 -0.054619308600
759.015015000  8.300000000 -0.055170945800
759.039978000  8.300000000 -0.055728141200
759.065002000  8.300000000 -0.056290440300
759.090027000  8.300000000 -0.056857481600
759.114990000  8.300000000 -0.057428766000
759.140015000  8.300000000 -0.058003850300
759.164978000  8.300000000 -0.058582235100
759.190002000  8.300000000 -0.059163387900
759.215027000  8.300000000 -0.059746783200
759.239990000  8.300000000 -0.060331869900
759.265015000  8.300000000 -0.060918029400
759.289978000  8.300000000 -0.061504669500
759.315002000  8.300000000 -0.062091153100
759.340027000  8.300000000 -0.062676794800
759.364990000  8.300000000 -0.063260927800
759.390015000  8.300000000 -0.063842810700
759.414978000  8.300000000 -0.064421668600
759.440002000  8.300000000 -0.064996719400
759.465027000  8.300000000 -0.065567128400
759.489990000  8.300000000 -0.066131994100
759.515015000  8.300000000 -0.066690407700
759.539978000  8.300000000 -0.067241393000
759.565002000  8.300000000 -0.067783951800
759.590027000  8.300000000 -0.068317003500
759.614990000  8.300000000 -0.068839475500
759.640015000  8.300000000 -0.069350220300
759.664978000  8.300000000 -0.069848053200
759.690002000  8.300000000 -0.070331759800
759.715027000  8.300000000 -0.070800125600
759.739990000  8.300000000 -0.071251921400
759.765015000  8.300000000 -0.071685820800
759.789978000  8.300000000 -0.072100579700
759.815002000  8.300000000 -0.072494886800
759.840027000  8.300000000 -0.072867468000
759.864990000  8.300000000 -0.073217056700
759.890015000  8.300000000 -0.073542363900
759.914978000  8.300000000 -0.073842205100
759.940002000  8.300000000 -0.074115373200
759.965027000  8.300000000 -0.074360698500
759.989990000  8.300000000 -0.074577100600
760.015015000  8.300000000 -0.074763521600
760.039978000  8.300000000 -0.074919030100
760.065002000  8.300000000 -0.075042717200
760.090027000  8.300000000 -0.075133808000
760.114990000  8.300000000 -0.075191602100
760.140015000  8.300000000 -0.075215488700
760.164978000  8.300000000 -0.075204975900
760.190002000  8.300000000 -0.075159676400
760.215027000  8.300000000 -0.075079329300
760.239990000  8.300000000 -0.074963793200
760.265015000  8.300000000 -0.074813023200
760.289978000  8.300000000 -0.074627138700
760.315002000  8.300000000 -0.074406363100
760.340027000  8.300000000 -0.074151031700
760.364990000  8.300000000 -0.073861554300
760.390015000  8.300000000 -0.073538549200
760.414978000  8.300000000 -0.073182627600
760.440002000  8.300000000 -0.072794549200
760.465027000  8.300000000 -0.072375148500
760.489990000  8.300000000 -0.071925304800
760.515015000  8.300000000 -0.071445994100
760.539978000  8.300000000 -0.070938199800
760.565002000  8.300000000 -0.070402964900
760.590027000  8.300000000 -0.069841332700
760.614990000  8.300000000 -0.069254428100
760.640015000  8.300000000 -0.068643324100
760.664978000  8.300000000 -0.068009115800
760.690002000  8.300000000 -0.067352913300
760.715027000  8.300000000 -0.066675789700
760.739990000  8.300000000 -0.065978795300
760.765015000  8.300000000 -0.065262958400
760.789978000  8.300000000 -0.064529255000
760.815002000  8.300000000 -0.063778631400
760.840027000  8.300000000 -0.063011959200
760.864990000  8.300000000 -0.062230043100
760.890015000  8.300000000 -0.061433635700
760.914978000  8.300000000 -0.060623366400
760.940002000  8.300000000 -0.059799794100
760.965027000  8.300000000 -0.058963369600
760.989990000  8.300000000 -0.058114394500
761.015015000  8.300000000 -0.057253055300
761.039978000  8.300000000 -0.056379381600
761.065002000  8.300000000 -0.055493198300
761.090027000  8.300000000 -0.054594207600
761.114990000  8.300000000 -0.053681835500
761.140015000  8.300000000 -0.052755326000
761.164978000  8.300000000 -0.051813650900
761.190002000  8.300000000 -0.050855580700
761.215027000  8.300000000 -0.049879573300
761.239990000  8.300000000 -0.048883866500
761.265015000  8.300000000 -0.047866415200
761.289978000  8.300000000 -0.046824902300
761.315002000  8.300000000 -0.045756753500
761.340027000  8.300000000 -0.044659137700
761.364990000  8.300000000 -0.043528992700
761.390015000  8.300000000 -0.042363055100
761.414978000  8.300000000 -0.041157864000
761.440002000  8.300000000 -0.039909798700
761.465027000  8.300000000 -0.038615144800
761.489990000  8.300000000 -0.037270106400
761.515015000  8.300000000 -0.035870857500
761.539978000  8.300000000 -0.034413639500
761.565002000  8.300000000 -0.032894756600
761.590027000  8.300000000 -0.031310685000
761.614990000  8.300000000 -0.029658110800
761.640015000  8.300000000 -0.027933981300
761.664978000  8.300000000 -0.026135565700
761.690002000  8.300000000 -0.024260541400
761.715027000  8.300000000 -0.022307002900
761.739990000  8.300000000 -0.020273519700
761.765015000  8.300000000 -0.018159205100
761.789978000  8.300000000 -0.015963746200
761.815002000  8.300000000 -0.013687389000
761.840027000  8.300000000 -0.011331024600
761.864990000  8.300000000 -0.008896145040
761.890015000  8.300000000 -0.006384870500
761.914978000  8.300000000 -0.003799966540
761.940002000  8.300000000 -0.001144795330
761.965027000  8.300000000 0.001576684070
761.989990000  8.300000000 0.004359946120
762.015015000  8.300000000 0.007199919320
762.039978000  8.300000000 0.010091053300
762.065002000  8.300000000 0.013027341100
762.090027000  8.300000000 0.016002388700
762.114990000  8.300000000 0.019009459800
762.140015000  8.300000000 0.022041553600
762.164978000  8.300000000 0.025091411500
762.190002000  8.300000000 0.028151644400
762.215027000  8.300000000 0.031214742000
762.239990000  8.300000000 0.034273143900
762.265015000  8.300000000 0.037319287700
762.289978000  8.300000000 0.040345653900
762.315002000  8.300000000 0.043344881400
762.340027000  8.300000000 0.046309720700
762.364990000  8.300000000 0.049233146000
762.390015000  8.300000000 0.052108351100
762.414978000  8.300000000 0.054928802000
762.440002000  8.300000000 0.057688273500
762.465027000  8.300000000 0.060380872300
762.489990000  8.300000000 0.063000999400
762.515015000  8.300000000 0.065543443000
762.539978000  8.300000000 0.068003378800
762.565002000  8.300000000 0.070376329100
762.590027000  8.300000000 0.072658225900
762.614990000  8.300000000 0.074845425800
762.640015000  8.300000000 0.076934687800
762.664978000  8.300000000 0.078923128500
762.690002000  8.300000000 0.080808393700
762.715027000  8.300000000 0.082588397000
762.739990000  8.300000000 0.084261596200
762.765015000  8.300000000 0.085826844000
762.789978000  8.300000000 0.087283425000
762.815002000  8.300000000 0.088631078600
762.840027000  8.300000000 0.089870035600
762.864990000  8.300000000 0.091001033800
762.890015000  8.300000000 0.092025302400
762.914978000  8.300000000 0.092944592200
762.940002000  8.300000000 0.093761302500
762.965027000  8.300000000 0.094478413500
762.989990000  8.300000000 0.095099493900
763.015015000  8.300000000 0.095628798000
763.039978000  8.300000000 0.096071295400
763.065002000  8.300000000 0.096432603900
763.090027000  8.300000000 0.096719101100
763.114990000  8.300000000 0.096937924600
763.140015000  8.300000000 0.097096897700
763.164978000  8.300000000 0.097204610700
763.190002000  8.300000000 0.097270347200
763.215027000  8.300000000 0.097304031300
763.239990000  8.300000000 0.097316287500
763.265015000  8.300000000 0.097318299100
763.289978000  8.300000000 0.097321756200
763.315002000  8.300000000 0.097338803100
763.340027000  8.300000000 0.097381889800
763.364990000  8.300000000 0.097463749300
763.390015000  8.300000000 0.097597152000
763.414978000  8.300000000 0.097794830800
763.440002000  8.300000000 0.098069317600
763.465027000  8.300000000 0.098432779300
763.489990000  8.300000000 0.098896898300
763.515015000  8.300000000 0.099472604700
763.539978000  8.300000000 0.100170031000
763.565002000  8.300000000 0.100998297000
763.590027000  8.300000000 0.101965323000
763.614990000  8.300000000 0.103077792000
763.640015000  8.300000000 0.104340978000
763.664978000  8.300000000 0.105758667000
763.690002000  8.300000000 0.107333079000
763.715027000  8.300000000 0.109064847000
763.739990000  8.300000000 0.110952988000
763.765015000  8.300000000 0.112994909000
763.789978000  8.300000000 0.115186408000
763.815002000  8.300000000 0.117521793000
763.840027000  8.300000000 0.119993895000
763.864990000  8.300000000 0.122594215000
763.890015000  8.300000000 0.125313029000
763.914978000  8.300000000 0.128139541000
763.940002000  8.300000000 0.131061971000
763.965027000  8.300000000 0.134067684000
763.989990000  8.300000000 0.137143403000
764.015015000  8.300000000 0.140275225000
764.039978000  8.300000000 0.143448710000
764.065002000  8.300000000 0.146649137000
764.090027000  8.300000000 0.149861395000
764.114990000  8.300000000 0.153070226000
764.140015000  8.300000000 0.156260222000
764.164978000  8.300000000 0.159415796000
764.190002000  8.300000000 0.162521407000
764.215027000  8.300000000 0.165561453000
764.239990000  8.300000000 0.168520480000
764.265015000  8.300000000 0.171382964000
764.289978000  8.300000000 0.174133673000
764.315002000  8.300000000 0.176757485000
764.340027000  8.300000000 0.179239422000
764.364990000  8.300000000 0.181564912000
764.390015000  8.300000000 0.183719739000
764.414978000  8.300000000 0.185689837000
764.440002000  8.300000000 0.187461808000
764.465027000  8.300000000 0.189022660000
764.489990000  8.300000000 0.190359846000
764.515015000  8.300000000 0.191461563000
764.539978000  8.300000000 0.192316547000
764.565002000  8.300000000 0.192914337000
764.590027000  8.300000000 0.193245396000
764.614990000  8.300000000 0.193300948000
764.640015000  8.300000000 0.193073332000
764.664978000  8.300000000 0.192556053000
764.690002000  8.300000000 0.191743836000
764.715027000  8.300000000 0.190632775000
764.739990000  8.300000000 0.189220473000
764.765015000  8.300000000 0.187506154000
764.789978000  8.300000000 0.185490608000
764.815002000  8.300000000 0.183176532000
764.840027000  8.300000000 0.180568501000
764.864990000  8.300000000 0.177672863000
764.890015000  8.300000000 0.174497992000
764.914978000  8.300000000 0.171054199000
764.940002000  8.300000000 0.167353675000
764.965027000  8.300000000 0.163410544000
764.989990000  8.300000000 0.159240693000
765.015015000  8.300000000 0.154861733000
765.039978000  8.300000000 0.150292814000
765.065002000  8.300000000 0.145554706000
765.090027000  8.300000000 0.140669316000
765.114990000  8.300000000 0.135659784000
765.140015000  8.300000000 0.130550131000
765.164978000  8.300000000 0.125365168000
765.190002000  8.300000000 0.120130174000
765.215027000  8.300000000 0.114870712000
765.239990000  8.300000000 0.109612487000
765.265015000  8.300000000 0.104381159000
765.289978000  8.300000000 0.099201977300
765.315002000  8.300000000 0.094099834600
765.340027000  8.300000000 0.089098848400
765.364990000  8.300000000 0.084222413600
765.390015000  8.300000000 0.079492837200
765.414978000  8.300000000 0.074931256500
765.440002000  8.300000000 0.070557519800
765.465027000  8.300000000 0.066390045000
765.489990000  8.300000000 0.062445577200
765.515015000  8.300000000 0.058739088500
765.539978000  8.300000000 0.055283695500
765.565002000  8.300000000 0.052090436200
765.590027000  8.300000000 0.049168244000
765.614990000  8.300000000 0.046523831800
765.640015000  8.300000000 0.044161606600
765.664978000  8.300000000 0.042083744000
765.690002000  8.300000000 0.040289986900
765.715027000  8.300000000 0.038777891500
765.739990000  8.300000000 0.037542678400
765.765015000  8.300000000 0.036577504100
765.789978000  8.300000000 0.035873379600
765.815002000  8.300000000 0.035419449200
765.840027000  8.300000000 0.035202980000
765.864990000  8.300000000 0.035209730300
765.890015000  8.300000000 0.035423874900
765.914978000  8.300000000 0.035828314700
765.940002000  8.300000000 0.036404818300
765.965027000  8.300000000 0.037134140700
765.989990000  8.300000000 0.037996221300
766.015015000  8.300000000 0.038970295300
766.039978000  8.300000000 0.040035080200
766.065002000  8.300000000 0.041168939300
766.090027000  8.300000000 0.042349923400
766.114990000  8.300000000 0.043556097900
766.140015000  8.300000000 0.044765435200
766.164978000  8.300000000 0.045956097500
766.190002000  8.300000000 0.047106515600
766.215027000  8.300000000 0.048195518600
766.239990000  8.300000000 0.049202453300
766.265015000  8.300000000 0.050107389700
766.289978000  8.300000000 0.050891216800
766.315002000  8.300000000 0.051535937900
766.340027000  8.300000000 0.052024748200
766.364990000  8.300000000 0.052342325400
766.390015000  8.300000000 0.052475024000
766.414978000  8.300000000 0.052411042200
766.440002000  8.300000000 0.052140690400
766.465027000  8.300000000 0.051656458500
766.489990000  8.300000000 0.050953280200
766.515015000  8.300000000 0.050028536500
766.539978000  8.300000000 0.048882287000
766.565002000  8.300000000 0.047517158100
766.590027000  8.300000000 0.045938521600
766.614990000  8.300000000 0.044154390700
766.640015000  8.300000000 0.042175348800
766.664978000  8.300000000 0.040014520300
766.690002000  8.300000000 0.037687365000
766.715027000  8.300000000 0.035211507200
766.739990000  8.300000000 0.032606504900
766.765015000  8.300000000 0.029893575200
766.789978000  8.300000000 0.027095304800
766.815002000  8.300000000 0.024235315600
766.840027000  8.300000000 0.021337969200
766.864990000  8.300000000 0.018428012700
766.890015000  8.300000000 0.015530255600
766.914978000  8.300000000 0.012669383500
766.940002000  8.300000000 0.009869545700
766.965027000  8.300000000 0.007154244460
766.989990000  8.300000000 0.004546059300
767.015015000  8.300000000 0.002066502110
767.039978000  8.300000000 -0.000264110771
767.065002000  8.300000000 -0.002426819880
767.090027000  8.300000000 -0.004404093140
767.114990000  8.300000000 -0.006179963240
767.140015000  8.300000000 -0.007740040310
767.164978000  8.300000000 -0.009071665820
767.190002000  8.300000000 -0.010163928400
767.215027000  8.300000000 -0.011007785800
767.239990000  8.300000000 -0.011596038000
767.265015000  8.300000000 -0.011923459400
767.289978000  8.300000000 -0.011986831200
767.315002000  8.300000000 -0.011784888800
767.340027000  8.300000000 -0.011318373500
767.364990000  8.300000000 -0.010590032700
767.390015000  8.300000000 -0.009604400020
767.414978000  8.300000000 -0.008367948230
767.440002000  8.300000000 -0.006888797970
767.465027000  8.300000000 -0.005176768170
767.489990000  8.300000000 -0.003243100360
767.515015000  8.300000000 -0.001100687190
767.539978000  8.300000000 0.001236438750
767.565002000  8.300000000 0.003752887950
767.590027000  8.300000000 0.006432071330
767.614990000  8.300000000 0.009256268850
767.640015000  8.300000000 0.012206548800
767.664978000  8.300000000 0.015262983700
767.690002000  8.300000000 0.018404567600
767.715027000  8.300000000 0.021609211300
767.739990000  8.300000000 0.024853911300
767.765015000  8.300000000 0.028114708100
767.789978000  8.300000000 0.031366881000
767.815002000  8.300000000 0.034584995400
767.840027000  8.300000000 0.037743039400
767.864990000  8.300000000 0.040814694000
767.890015000  8.300000000 0.043773412700
767.914978000  8.300000000 0.046592682600
767.940002000  8.300000000 0.049246337300
767.965027000  8.300000000 0.051708828700
767.989990000  8.300000000 0.053955398500
768.015015000  8.300000000 0.055962491800
768.039978000  8.300000000 0.057707984000
768.065002000  8.300000000 0.059171348800
768.090027000  8.300000000 0.060334060300
768.114990000  8.300000000 0.061179600700
768.140015000  8.300000000 0.061693739100
768.164978000  8.300000000 0.061864551200
768.190002000  8.300000000 0.061682540900
768.215027000  8.300000000 0.061140667600
768.239990000  8.300000000 0.060234297100
768.265015000  8.300000000 0.058961220100
768.289978000  8.300000000 0.057321656500
768.315002000  8.300000000 0.055318102200
768.340027000  8.300000000 0.052955351800
768.364990000  8.300000000 0.050240501800
768.390015000  8.300000000 0.047182846800
768.414978000  8.300000000 0.043793845900
768.440002000  8.300000000 0.040087197000
768.465027000  8.300000000 0.036078680300
768.489990000  8.300000000 0.031786188500
768.515015000  8.300000000 0.027229692800
768.539978000  8.300000000 0.022431027100
768.565002000  8.300000000 0.017413932800
768.590027000  8.300000000 0.012203803300
768.614990000  8.300000000 0.006827557930
768.640015000  8.300000000 0.001313429790
768.664978000  8.300000000 -0.004309225360
768.690002000  8.300000000 -0.010010236900
768.715027000  8.300000000 -0.015758788200
768.739990000  8.300000000 -0.021523799700
768.765015000  8.300000000 -0.027274146700
768.789978000  8.300000000 -0.032978892300
768.815002000  8.300000000 -0.038607653200
768.840027000  8.300000000 -0.044130738800
768.864990000  8.300000000 -0.049519397300
768.890015000  8.300000000 -0.054746080200
768.914978000  8.300000000 -0.059784557700
768.940002000  8.300000000 -0.064610078900
768.965027000  8.300000000 -0.069199502500
768.989990000  8.300000000 -0.073531433900
769.015015000  8.300000000 -0.077586263400
769.039978000  8.300000000 -0.081346213800
769.065002000  8.300000000 -0.084795400500
769.090027000  8.300000000 -0.087919876000
769.114990000  8.300000000 -0.090707592700
769.140015000  8.300000000 -0.093148425200
769.164978000  8.300000000 -0.095234207800
769.190002000  8.300000000 -0.096958741500
769.215027000  8.300000000 -0.098317854100
769.239990000  8.300000000 -0.099309302900
769.265015000  8.300000000 -0.099932961200
769.289978000  8.300000000 -0.100190826000
769.315002000  8.300000000 -0.100087032000
769.340027000  8.300000000 -0.099627919500
769.364990000  8.300000000 -0.098822161600
769.390015000  8.300000000 -0.097680673000
769.414978000  8.300000000 -0.096216738200
769.440002000  8.300000000 -0.094446003400
769.465027000  8.300000000 -0.092386320200
769.489990000  8.300000000 -0.090057894600
769.515015000  8.300000000 -0.087483122900
769.539978000  8.300000000 -0.084686465600
769.565002000  8.300000000 -0.081694364500
769.590027000  8.300000000 -0.078535057600
769.614990000  8.300000000 -0.075238406700
769.640015000  8.300000000 -0.071835622200
769.664978000  8.300000000 -0.068359002500
769.690002000  8.300000000 -0.064841635500
769.715027000  8.300000000 -0.061317082500
769.739990000  8.300000000 -0.057818971600
769.765015000  8.300000000 -0.054380759600
769.789978000  8.300000000 -0.051035236600
769.815002000  8.300000000 -0.047814253700
769.840027000  8.300000000 -0.044748302500
769.864990000  8.300000000 -0.041866239200
769.890015000  8.300000000 -0.039194952700
769.914978000  8.300000000 -0.036759100900
769.940002000  8.300000000 -0.034580789500
769.965027000  8.300000000 -0.032679606200
769.989990000  8.300000000 -0.031072266400
770.015015000  8.300000000 -0.029772603900
770.039978000  8.300000000 -0.028791526300
770.065002000  8.300000000 -0.028136916500
770.090027000  8.300000000 -0.027813730800
770.114990000  8.300000000 -0.027823906400
770.140015000  8.300000000 -0.028166558600
770.164978000  8.300000000 -0.028837991900
770.190002000  8.300000000 -0.029831884400
770.215027000  8.300000000 -0.031139385000
770.239990000  8.300000000 -0.032749284100
770.265015000  8.300000000 -0.034648347600
770.289978000  8.300000000 -0.036821357900
770.315002000  8.300000000 -0.039251525000
770.340027000  8.300000000 -0.041920531500
770.364990000  8.300000000 -0.044808931600
770.390015000  8.300000000 -0.047896292100
770.414978000  8.300000000 -0.051161300400
770.440002000  8.300000000 -0.054581962500
770.465027000  8.300000000 -0.058135759100
770.489990000  8.300000000 -0.061799649100
770.515015000  8.300000000 -0.065550118700
770.539978000  8.300000000 -0.069363273700
770.565002000  8.300000000 -0.073214799200
770.590027000  8.300000000 -0.077079996500
770.614990000  8.300000000 -0.080933883800
770.640015000  8.300000000 -0.084751069500
770.664978000  8.300000000 -0.088506117500
770.690002000  8.300000000 -0.092173367700
770.715027000  8.300000000 -0.095727227600
770.739990000  8.300000000 -0.099142283200
770.765015000  8.300000000 -0.102393523000
770.789978000  8.300000000 -0.105456464000
770.815002000  8.300000000 -0.108307488000
770.840027000  8.300000000 -0.110923976000
770.864990000  8.300000000 -0.113284610000
770.890015000  8.300000000 -0.115369558000
770.914978000  8.300000000 -0.117160752000
770.940002000  8.300000000 -0.118641928000
770.965027000  8.300000000 -0.119798921000
770.989990000  8.300000000 -0.120619692000
771.015015000  8.300000000 -0.121094421000
771.039978000  8.300000000 -0.121215686000
771.065002000  8.300000000 -0.120978363000
771.090027000  8.300000000 -0.120379828000
771.114990000  8.300000000 -0.119419970000
771.140015000  8.300000000 -0.118101202000
771.164978000  8.300000000 -0.116428584000
771.190002000  8.300000000 -0.114409737000
771.215027000  8.300000000 -0.112055019000
771.239990000  8.300000000 -0.109377190000
771.265015000  8.300000000 -0.106391586000
771.289978000  8.300000000 -0.103115931000
771.315002000  8.300000000 -0.099570028500
771.340027000  8.300000000 -0.095775708600
771.364990000  8.300000000 -0.091756470500
771.390015000  8.300000000 -0.087537176900
771.414978000  8.300000000 -0.083143800500
771.440002000  8.300000000 -0.078603036700
771.465027000  8.300000000 -0.073942042900
771.489990000  8.300000000 -0.069188036000
771.515015000  8.300000000 -0.064368031900
771.539978000  8.300000000 -0.059508562100
771.565002000  8.300000000 -0.054635379500
771.590027000  8.300000000 -0.049773272100
771.614990000  8.300000000 -0.044945851000
771.640015000  8.300000000 -0.040175411900
771.664978000  8.300000000 -0.035482775400
771.690002000  8.300000000 -0.030887199600
771.715027000  8.300000000 -0.026406247200
771.739990000  8.300000000 -0.022055706000
771.765015000  8.300000000 -0.017849510500
771.789978000  8.300000000 -0.013799732600
771.815002000  8.300000000 -0.009916561660
771.840027000  8.300000000 -0.006208212580
771.864990000  8.300000000 -0.002681132640
771.890015000  8.300000000 0.000660065212
771.914978000  8.300000000 0.003812588980
771.940002000  8.300000000 0.006775154270
771.965027000  8.300000000 0.009548169560
771.989990000  8.300000000 0.012133496800
772.015015000  8.300000000 0.014534416600
772.039978000  8.300000000 0.016755694500
772.065002000  8.300000000 0.018803319000
772.090027000  8.300000000 0.020684702300
772.114990000  8.300000000 0.022408286100
772.140015000  8.300000000 0.023983808200
772.164978000  8.300000000 0.025421876500
772.190002000  8.300000000 0.026734147200
772.215027000  8.300000000 0.027932867400
772.239990000  8.300000000 0.029031064400
772.265015000  8.300000000 0.030042232900
772.289978000  8.300000000 0.030980328100
772.315002000  8.300000000 0.031859546900
772.340027000  8.300000000 0.032694250300
772.364990000  8.300000000 0.033498834800
772.390015000  8.300000000 0.034287523500
772.414978000  8.300000000 0.035074289900
772.440002000  8.300000000 0.035872660600
772.465027000  8.300000000 0.036695767200
772.489990000  8.300000000 0.037555962800
772.515015000  8.300000000 0.038464944800
772.539978000  8.300000000 0.039433531500
772.565002000  8.300000000 0.040471583600
772.590027000  8.300000000 0.041588090400
772.614990000  8.300000000 0.042790733300
772.640015000  8.300000000 0.044086195500
772.664978000  8.300000000 0.045479975600
772.690002000  8.300000000 0.046976078300
772.715027000  8.300000000 0.048577390600
772.739990000  8.300000000 0.050285391500
772.765015000  8.300000000 0.052100077300
772.789978000  8.300000000 0.054020155200
772.815002000  8.300000000 0.056043051200
772.840027000  8.300000000 0.058164730700
772.864990000  8.300000000 0.060380179400
772.890015000  8.300000000 0.062683016100
772.914978000  8.300000000 0.065065920400
772.940002000  8.300000000 0.067520558800
772.965027000  8.300000000 0.070037849200
772.989990000  8.300000000 0.072608016400
773.015015000  8.300000000 0.075220771100
773.039978000  8.300000000 0.077865384500
773.065002000  8.300000000 0.080530859500
773.090027000  8.300000000 0.083206005400
773.114990000  8.300000000 0.085879616400
773.140015000  8.300000000 0.088540375200
773.164978000  8.300000000 0.091176874900
773.190002000  8.300000000 0.093777768300
773.215027000  8.300000000 0.096331566600
773.239990000  8.300000000 0.098826877800
773.265015000  8.300000000 0.101251975000
773.289978000  8.300000000 0.103595234000
773.315002000  8.300000000 0.105844930000
773.340027000  8.300000000 0.107989147000
773.364990000  8.300000000 0.110015951000
773.390015000  8.300000000 0.111913413000
773.414978000  8.300000000 0.113669664000
773.440002000  8.300000000 0.115272954000
773.465027000  8.300000000 0.116711698000
773.489990000  8.300000000 0.117974706000
773.515015000  8.300000000 0.119051158000
773.539978000  8.300000000 0.119930930000
773.565002000  8.300000000 0.120604411000
773.590027000  8.300000000 0.121062852000
773.614990000  8.300000000 0.121298522000
773.640015000  8.300000000 0.121304594000
773.664978000  8.300000000 0.121075474000
773.690002000  8.300000000 0.120606877000
773.715027000  8.300000000 0.119895890000
773.739990000  8.300000000 0.118941151000
773.765015000  8.300000000 0.117742956000
773.789978000  8.300000000 0.116303124000
773.815002000  8.300000000 0.114625432000
773.840027000  8.300000000 0.112715267000
773.864990000  8.300000000 0.110579886000
773.890015000  8.300000000 0.108228251000
773.914978000  8.300000000 0.105670929000
773.940002000  8.300000000 0.102920137000
773.965027000  8.300000000 0.099989309900
773.989990000  8.300000000 0.096893258400
774.015015000  8.300000000 0.093647554500
774.039978000  8.300000000 0.090268738600
774.065002000  8.300000000 0.086773790400
774.090027000  8.300000000 0.083179980500
774.114990000  8.300000000 0.079504787900
774.140015000  8.300000000 0.075765438400
774.164978000  8.300000000 0.071978978800
774.190002000  8.300000000 0.068161875000
774.215027000  8.300000000 0.064330078700
774.239990000  8.300000000 0.060498725600
774.265015000  8.300000000 0.056682229000
774.289978000  8.300000000 0.052894126600
774.315002000  8.300000000 0.049146998700
774.340027000  8.300000000 0.045452479300
774.364990000  8.300000000 0.041821245100
774.390015000  8.300000000 0.038262963300
774.414978000  8.300000000 0.034786306300
774.440002000  8.300000000 0.031398948300
774.465027000  8.300000000 0.028107671100
774.489990000  8.300000000 0.024918343900
774.515015000  8.300000000 0.021835951100
774.539978000  8.300000000 0.018864667000
774.565002000  8.300000000 0.016007900200
774.590027000  8.300000000 0.013268368300
774.614990000  8.300000000 0.010648070800
774.640015000  8.300000000 0.008148373100
774.664978000  8.300000000 0.005770100750
774.690002000  8.300000000 0.003513437460
774.715027000  8.300000000 0.001378035060
774.739990000  8.300000000 -0.000637037912
774.765015000  8.300000000 -0.002533415330
774.789978000  8.300000000 -0.004313308750
774.815002000  8.300000000 -0.005979678130
774.840027000  8.300000000 -0.007536316760
774.864990000  8.300000000 -0.008987847720
774.890015000  8.300000000 -0.010339812400
774.914978000  8.300000000 -0.011598790100
774.940002000  8.300000000 -0.012772277900
774.965027000  8.300000000 -0.013868703500
774.989990000  8.300000000 -0.014897419100
775.015015000  8.300000000 -0.015868572500
775.039978000  8.300000000 -0.016793001400
775.065002000  8.300000000 -0.017682008400
775.090027000  8.300000000 -0.018547354300
775.114990000  8.300000000 -0.019400944900
775.140015000  8.300000000 -0.020254673400
775.164978000  8.300000000 -0.021120281900
775.190002000  8.300000000 -0.022009121300
775.215027000  8.300000000 -0.022931980000
775.239990000  8.300000000 -0.023898894000
775.265015000  8.300000000 -0.024918973400
775.289978000  8.300000000 -0.026000347000
775.315002000  8.300000000 -0.027149995800
775.340027000  8.300000000 -0.028373684700
775.364990000  8.300000000 -0.029676033200
775.390015000  8.300000000 -0.031060377100
775.414978000  8.300000000 -0.032528873500
775.440002000  8.300000000 -0.034082531900
775.465027000  8.300000000 -0.035721249900
775.489990000  8.300000000 -0.037443794300
775.515015000  8.300000000 -0.039247918900
775.539978000  8.300000000 -0.041130386300
775.565002000  8.300000000 -0.043087173300
775.590027000  8.300000000 -0.045113340000
775.614990000  8.300000000 -0.047203369400
775.640015000  8.300000000 -0.049351174400
775.664978000  8.300000000 -0.051550120100
775.690002000  8.300000000 -0.053793512300
775.715027000  8.300000000 -0.056074474000
775.739990000  8.300000000 -0.058386202900
775.765015000  8.300000000 -0.060722034400
775.789978000  8.300000000 -0.063075818100
775.815002000  8.300000000 -0.065441682900
775.840027000  8.300000000 -0.067814454400
775.864990000  8.300000000 -0.070189282300
775.890015000  8.300000000 -0.072561956900
775.914978000  8.300000000 -0.074928700900
775.940002000  8.300000000 -0.077286124200
775.965027000  8.300000000 -0.079631052900
775.989990000  8.300000000 -0.081960484400
776.015015000  8.300000000 -0.084271505500
776.039978000  8.300000000 -0.086561180700
776.065002000  8.300000000 -0.088826477500
776.090027000  8.300000000 -0.091064237100
776.114990000  8.300000000 -0.093271300200
776.140015000  8.300000000 -0.095444150300
776.164978000  8.300000000 -0.097579404700
776.190002000  8.300000000 -0.099673464900
776.215027000  8.300000000 -0.101722747000
776.239990000  8.300000000 -0.103723578000
776.265015000  8.300000000 -0.105672337000
776.289978000  8.300000000 -0.107565448000
776.315002000  8.300000000 -0.109399363000
776.340027000  8.300000000 -0.111170717000
776.364990000  8.300000000 -0.112876423000
776.390015000  8.300000000 -0.114513658000
776.414978000  8.300000000 -0.116079986000
776.440002000  8.300000000 -0.117573261000
776.465027000  8.300000000 -0.118991956000
776.489990000  8.300000000 -0.120334886000
776.515015000  8.300000000 -0.121601529000
776.539978000  8.300000000 -0.122791536000
776.565002000  8.300000000 -0.123905085000
776.590027000  8.300000000 -0.124942683000
776.614990000  8.300000000 -0.125905171000
776.640015000  8.300000000 -0.126793593000
776.664978000  8.300000000 -0.127609238000
776.690002000  8.300000000 -0.128353626000
776.715027000  8.300000000 -0.129028603000
776.739990000  8.300000000 -0.129636213000
776.765015000  8.300000000 -0.130178884000
776.789978000  8.300000000 -0.130659431000
776.815002000  8.300000000 -0.131080940000
776.840027000  8.300000000 -0.131447122000
776.864990000  8.300000000 -0.131761998000
776.890015000  8.300000000 -0.132029966000
776.914978000  8.300000000 -0.132255957000
776.940002000  8.300000000 -0.132445008000
776.965027000  8.300000000 -0.132602587000
776.989990000  8.300000000 -0.132734254000
777.015015000  8.300000000 -0.132845655000
777.039978000  8.300000000 -0.132942483000
777.065002000  8.300000000 -0.133030623000
777.090027000  8.300000000 -0.133115679000
777.114990000  8.300000000 -0.133203357000
777.140015000  8.300000000 -0.133299172000
777.164978000  8.300000000 -0.133408487000
777.190002000  8.300000000 -0.133536398000
777.215027000  8.300000000 -0.133687764000
777.239990000  8.300000000 -0.133867100000
777.265015000  8.300000000 -0.134078428000
777.289978000  8.300000000 -0.134325221000
777.315002000  8.300000000 -0.134610400000
777.340027000  8.300000000 -0.134935975000
777.364990000  8.300000000 -0.135303244000
777.390015000  8.300000000 -0.135712534000
777.414978000  8.300000000 -0.136163086000
777.440002000  8.300000000 -0.136653081000
777.465027000  8.300000000 -0.137179703000
777.489990000  8.300000000 -0.137738958000
777.515015000  8.300000000 -0.138325974000
777.539978000  8.300000000 -0.138934731000
777.565002000  8.300000000 -0.139558434000
777.590027000  8.300000000 -0.140189335000
777.614990000  8.300000000 -0.140819013000
777.640015000  8.300000000 -0.141438365000
777.664978000  8.300000000 -0.142037675000
777.690002000  8.300000000 -0.142606854000
777.715027000  8.300000000 -0.143135443000
777.739990000  8.300000000 -0.143612802000
777.765015000  8.300000000 -0.144028306000
777.789978000  8.300000000 -0.144371554000
777.815002000  8.300000000 -0.144632578000
777.840027000  8.300000000 -0.144801885000
777.864990000  8.300000000 -0.144870833000
777.890015000  8.300000000 -0.144831613000
777.914978000  8.300000000 -0.144677565000
777.940002000  8.300000000 -0.144402996000
777.965027000  8.300000000 -0.144003496000
777.989990000  8.300000000 -0.143475816000
778.015015000  8.300000000 -0.142817855000
778.039978000  8.300000000 -0.142028660000
778.065002000  8.300000000 -0.141108274000
778.090027000  8.300000000 -0.140057713000
778.114990000  8.300000000 -0.138878733000
778.140015000  8.300000000 -0.137573719000
778.164978000  8.300000000 -0.136145681000
778.190002000  8.300000000 -0.134597942000
778.215027000  8.300000000 -0.132934108000
778.239990000  8.300000000 -0.131157979000
778.265015000  8.300000000 -0.129273564000
778.289978000  8.300000000 -0.127285093000
778.315002000  8.300000000 -0.125196859000
778.340027000  8.300000000 -0.123013631000
778.364990000  8.300000000 -0.120740332000
778.390015000  8.300000000 -0.118382402000
778.414978000  8.300000000 -0.115945704000
778.440002000  8.300000000 -0.113436520000
778.465027000  8.300000000 -0.110861808000
778.489990000  8.300000000 -0.108229056000
778.515015000  8.300000000 -0.105546288000
778.539978000  8.300000000 -0.102822162000
778.565002000  8.300000000 -0.100065731000
778.590027000  8.300000000 -0.097286522400
778.614990000  8.300000000 -0.094494365200
778.640015000  8.300000000 -0.091699183000
778.664978000  8.300000000 -0.088911026700
778.690002000  8.300000000 -0.086139768400
778.715027000  8.300000000 -0.083395063900
778.739990000  8.300000000 -0.080686271200
778.765015000  8.300000000 -0.078022271400
778.789978000  8.300000000 -0.075411535800
778.815002000  8.300000000 -0.072861991800
778.840027000  8.300000000 -0.070381075100
778.864990000  8.300000000 -0.067975714800
778.890015000  8.300000000 -0.065652295900
778.914978000  8.300000000 -0.063416644900
778.940002000  8.300000000 -0.061274014400
778.965027000  8.300000000 -0.059229064700
778.989990000  8.300000000 -0.057285826700
779.015015000  8.300000000 -0.055447675300
779.039978000  8.300000000 -0.053717378500
779.065002000  8.300000000 -0.052096992700
779.090027000  8.300000000 -0.050587855300
779.114990000  8.300000000 -0.049190547300
779.140015000  8.300000000 -0.047904875100
779.164978000  8.300000000 -0.046729732300
779.190002000  8.300000000 -0.045663144400
779.215027000  8.300000000 -0.044702198400
779.239990000  8.300000000 -0.043843030900
779.265015000  8.300000000 -0.043080858900
779.289978000  8.300000000 -0.042409945300
779.315002000  8.300000000 -0.041823763400
779.340027000  8.300000000 -0.041314933400
779.364990000  8.300000000 -0.040875408800
779.390015000  8.300000000 -0.040496457400
779.414978000  8.300000000 -0.040168780800
779.440002000  8.300000000 -0.039882563100
779.465027000  8.300000000 -0.039627522200
779.489990000  8.300000000 -0.039392996600
779.515015000  8.300000000 -0.039168015100
779.539978000  8.300000000 -0.038941394500
779.565002000  8.300000000 -0.038701776400
779.590027000  8.300000000 -0.038437727800
779.614990000  8.300000000 -0.038137823300
779.640015000  8.300000000 -0.037790756700
779.664978000  8.300000000 -0.037385366900
779.690002000  8.300000000 -0.036910764900
779.715027000  8.300000000 -0.036356471500
779.739990000  8.300000000 -0.035712413500
779.765015000  8.300000000 -0.034969102600
779.789978000  8.300000000 -0.034117657700
779.815002000  8.300000000 -0.033149883200
779.840027000  8.300000000 -0.032058339600
779.864990000  8.300000000 -0.030836319600
779.890015000  8.300000000 -0.029477939000
779.914978000  8.300000000 -0.027978098000
779.940002000  8.300000000 -0.026332479000
779.965027000  8.300000000 -0.024537563300
779.989990000  8.300000000 -0.022590676300
780.015015000  8.300000000 -0.020489987000
780.039978000  8.300000000 -0.018234575200
780.065002000  8.300000000 -0.015824494900
780.090027000  8.300000000 -0.013260861900
780.114990000  8.300000000 -0.010545923400
780.140015000  8.300000000 -0.007683124860
780.164978000  8.300000000 -0.004677182990
780.190002000  8.300000000 -0.001534178850
780.215027000  8.300000000 0.001738420110
780.239990000  8.300000000 0.005131678190
780.265015000  8.300000000 0.008635159580
780.289978000  8.300000000 0.012236920200
780.315002000  8.300000000 0.015923554100
780.340027000  8.300000000 0.019680280200
780.364990000  8.300000000 0.023491013800
780.390015000  8.300000000 0.027338605400
780.414978000  8.300000000 0.031204965000
780.440002000  8.300000000 0.035071298500
780.465027000  8.300000000 0.038918327500
780.489990000  8.300000000 0.042726513000
780.515015000  8.300000000 0.046476282200
780.539978000  8.300000000 0.050148244900
780.565002000  8.300000000 0.053723365100
780.590027000  8.300000000 0.057183183700
780.614990000  8.300000000 0.060509920100
780.640015000  8.300000000 0.063686743400
780.664978000  8.300000000 0.066697917900
780.690002000  8.300000000 0.069528825600
780.715027000  8.300000000 0.072166264100
780.739990000  8.300000000 0.074598439000
780.765015000  8.300000000 0.076815120900
780.789978000  8.300000000 0.078807659400
780.815002000  8.300000000 0.080569021400
780.840027000  8.300000000 0.082093857200
780.864990000  8.300000000 0.083378508700
780.890015000  8.300000000 0.084421031200
780.914978000  8.300000000 0.085221141600
780.940002000  8.300000000 0.085780240600
780.965027000  8.300000000 0.086101405300
780.989990000  8.300000000 0.086189329600
781.015015000  8.300000000 0.086050294300
781.039978000  8.300000000 0.085692152400
781.065002000  8.300000000 0.085124194600
781.090027000  8.300000000 0.084357179700
781.114990000  8.300000000 0.083403110500
781.140015000  8.300000000 0.082275226700
781.164978000  8.300000000 0.080987751500
781.190002000  8.300000000 0.079555816900
781.215027000  8.300000000 0.077995263000
781.239990000  8.300000000 0.076322414000
781.265015000  8.300000000 0.074553944200
781.289978000  8.300000000 0.072706632300
781.315002000  8.300000000 0.070797234800
781.340027000  8.300000000 0.068842284400
781.364990000  8.300000000 0.066857881800
781.390015000  8.300000000 0.064859643600
781.414978000  8.300000000 0.062862485600
781.440002000  8.300000000 0.060880530600
781.465027000  8.300000000 0.058927081500
781.489990000  8.300000000 0.057014461600
781.515015000  8.300000000 0.055154085200
781.539978000  8.300000000 0.053356360600
781.565002000  8.300000000 0.051630746600
781.590027000  8.300000000 0.049985796200
781.614990000  8.300000000 0.048429187400
781.640015000  8.300000000 0.046967759700
781.664978000  8.300000000 0.045607581700
781.690002000  8.300000000 0.044353999200
781.715027000  8.300000000 0.043211609100
781.739990000  8.300000000 0.042184330500
781.765015000  8.300000000 0.041275352200
781.789978000  8.300000000 0.040487133000
781.815002000  8.300000000 0.039821412400
781.840027000  8.300000000 0.039279181500
781.864990000  8.300000000 0.038860622800
781.890015000  8.300000000 0.038565192400
781.914978000  8.300000000 0.038391549100
781.940002000  8.300000000 0.038337547300
781.965027000  8.300000000 0.038400288700
781.989990000  8.300000000 0.038576096300
782.015015000  8.300000000 0.038860581800
782.039978000  8.300000000 0.039248596900
782.065002000  8.300000000 0.039734359800
782.090027000  8.300000000 0.040311399800
782.114990000  8.300000000 0.040972735700
782.140015000  8.300000000 0.041710801400
782.164978000  8.300000000 0.042517550300
782.190002000  8.300000000 0.043384488700
782.215027000  8.300000000 0.044302675900
782.239990000  8.300000000 0.045262772600
782.265015000  8.300000000 0.046255059500
782.289978000  8.300000000 0.047269437500
782.315002000  8.300000000 0.048295538900
782.340027000  8.300000000 0.049322720600
782.364990000  8.300000000 0.050340164500
782.390015000  8.300000000 0.051336910600
782.414978000  8.300000000 0.052301999200
782.440002000  8.300000000 0.053224429500
782.465027000  8.300000000 0.054093375800
782.489990000  8.300000000 0.054898168900
782.515015000  8.300000000 0.055628430100
782.539978000  8.300000000 0.056274138400
782.565002000  8.300000000 0.056825768200
782.590027000  8.300000000 0.057274341600
782.614990000  8.300000000 0.057611517600
782.640015000  8.300000000 0.057829707900
782.664978000  8.300000000 0.057922124900
782.690002000  8.300000000 0.057882875200
782.715027000  8.300000000 0.057707022900
782.739990000  8.300000000 0.057390648900
782.765015000  8.300000000 0.056930888400
782.789978000  8.300000000 0.056325968400
782.815002000  8.300000000 0.055575240400
782.840027000  8.300000000 0.054679155300
782.864990000  8.300000000 0.053639289000
782.890015000  8.300000000 0.052458327300
782.914978000  8.300000000 0.051140002900
782.940002000  8.300000000 0.049689043300
782.965027000  8.300000000 0.048111129600
782.989990000  8.300000000 0.046412773400
783.015015000  8.300000000 0.044601216900
783.039978000  8.300000000 0.042684387400
783.065002000  8.300000000 0.040670763700
783.090027000  8.300000000 0.038569301400
783.114990000  8.300000000 0.036389350900
783.140015000  8.300000000 0.034140575700
783.164978000  8.300000000 0.031832885000
783.190002000  8.300000000 0.029476404200
783.215027000  8.300000000 0.027081415100
783.239990000  8.300000000 0.024658357700
783.265015000  8.300000000 0.022217841800
783.289978000  8.300000000 0.019770590600
783.315002000  8.300000000 0.017327487500
783.340027000  8.300000000 0.014899504400
783.364990000  8.300000000 0.012497713800
783.390015000  8.300000000 0.010133223600
783.414978000  8.300000000 0.007817119360
783.440002000  8.300000000 0.005560406950
783.465027000  8.300000000 0.003373959100
783.489990000  8.300000000 0.001268439810
783.515015000  8.300000000 -0.000745737052
783.539978000  8.300000000 -0.002658501500
783.565002000  8.300000000 -0.004460155960
783.590027000  8.300000000 -0.006141447930
783.614990000  8.300000000 -0.007693595720
783.640015000  8.300000000 -0.009108372030
783.664978000  8.300000000 -0.010378114900
783.690002000  8.300000000 -0.011495818400
783.715027000  8.300000000 -0.012455179400
783.739990000  8.300000000 -0.013250699300
783.765015000  8.300000000 -0.013877723400
783.789978000  8.300000000 -0.014332545900
783.815002000  8.300000000 -0.014612436300
783.840027000  8.300000000 -0.014715732100
783.864990000  8.300000000 -0.014641834400
783.890015000  8.300000000 -0.014391250900
783.914978000  8.300000000 -0.013965606700
783.940002000  8.300000000 -0.013367626800
783.965027000  8.300000000 -0.012601131600
783.989990000  8.300000000 -0.011671009500
784.015015000  8.300000000 -0.010583169800
784.039978000  8.300000000 -0.009344495830
784.065002000  8.300000000 -0.007962802430
784.090027000  8.300000000 -0.006446771790
784.114990000  8.300000000 -0.004805893170
784.140015000  8.300000000 -0.003050403670
784.164978000  8.300000000 -0.001191207090
784.190002000  8.300000000 0.000760215800
784.215027000  8.300000000 0.002791911360
784.239990000  8.300000000 0.004891571120
784.265015000  8.300000000 0.007046654820
784.289978000  8.300000000 0.009244509970
784.315002000  8.300000000 0.011472522300
784.340027000  8.300000000 0.013718253000
784.364990000  8.300000000 0.015969568900
784.390015000  8.300000000 0.018214752900
784.414978000  8.300000000 0.020442692600
784.440002000  8.300000000 0.022642938400
784.465027000  8.300000000 0.024805819600
784.489990000  8.300000000 0.026922565000
784.515015000  8.300000000 0.028985295400
784.539978000  8.300000000 0.030987201300
784.565002000  8.300000000 0.032922469100
784.590027000  8.300000000 0.034786313800
784.614990000  8.300000000 0.036575064100
784.640015000  8.300000000 0.038285981900
784.664978000  8.300000000 0.039917301400
784.690002000  8.300000000 0.041468102500
784.715027000  8.300000000 0.042938198900
784.739990000  8.300000000 0.044328082400
784.765015000  8.300000000 0.045638810800
784.789978000  8.300000000 0.046871997400
784.815002000  8.300000000 0.048029709600
784.840027000  8.300000000 0.049114495500
784.864990000  8.300000000 0.050129316700
784.890015000  8.300000000 0.051077526100
784.914978000  8.300000000 0.051962815200
784.940002000  8.300000000 0.052789207500
784.965027000  8.300000000 0.053560841800
784.989990000  8.300000000 0.054282162300
785.015015000  8.300000000 0.054957598400
785.039978000  8.300000000 0.055591631700
785.065002000  8.300000000 0.056188713800
785.090027000  8.300000000 0.056753240500
785.114990000  8.300000000 0.057289458800
785.140015000  8.300000000 0.057801421700
785.164978000  8.300000000 0.058293115300
785.190002000  8.300000000 0.058768209100
785.215027000  8.300000000 0.059230260600
785.239990000  8.300000000 0.059682566700
785.265015000  8.300000000 0.060128238100
785.289978000  8.300000000 0.060570135700
785.315002000  8.300000000 0.061010886000
785.340027000  8.300000000 0.061452761300
785.364990000  8.300000000 0.061897847800
785.390015000  8.300000000 0.062347758600
785.414978000  8.300000000 0.062803879400
785.440002000  8.300000000 0.063267201200
785.465027000  8.300000000 0.063738398300
785.489990000  8.300000000 0.064217798400
785.515015000  8.300000000 0.064705461300
785.539978000  8.300000000 0.065201051500
785.565002000  8.300000000 0.065704010400
785.590027000  8.300000000 0.066213361900
785.614990000  8.300000000 0.066727787300
785.640015000  8.300000000 0.067245550500
785.664978000  8.300000000 0.067764520600
785.690002000  8.300000000 0.068282052900
785.715027000  8.300000000 0.068795040200
785.739990000  8.300000000 0.069299958600
785.765015000  8.300000000 0.069792792200
785.789978000  8.300000000 0.070269234500
785.815002000  8.300000000 0.070724658700
785.840027000  8.300000000 0.071154281500
785.864990000  8.300000000 0.071553245200
785.890015000  8.300000000 0.071916736700
785.914978000  8.300000000 0.072240129100
785.940002000  8.300000000 0.072519116100
785.965027000  8.300000000 0.072749853100
785.989990000  8.300000000 0.072928987400
786.015015000  8.300000000 0.073053821900
786.039978000  8.300000000 0.073122307700
786.065002000  8.300000000 0.073133096100
786.090027000  8.300000000 0.073085531600
786.114990000  8.300000000 0.072979636500
786.140015000  8.300000000 0.072816014300
786.164978000  8.300000000 0.072595857100
786.190002000  8.300000000 0.072320841300
786.215027000  8.300000000 0.071993120000
786.239990000  8.300000000 0.071615263800
786.265015000  8.300000000 0.071190193300
786.289978000  8.300000000 0.070721201600
786.315002000  8.300000000 0.070211827800
786.340027000  8.300000000 0.069665834300
786.364990000  8.300000000 0.069087103000
786.390015000  8.300000000 0.068479679500
786.414978000  8.300000000 0.067847542500
786.440002000  8.300000000 0.067194774700
786.465027000  8.300000000 0.066525280500
786.489990000  8.300000000 0.065842941400
786.515015000  8.300000000 0.065151467900
786.539978000  8.300000000 0.064454488500
786.565002000  8.300000000 0.063755422800
786.590027000  8.300000000 0.063057579100
786.614990000  8.300000000 0.062364075300
786.640015000  8.300000000 0.061677813500
786.664978000  8.300000000 0.061001487100
786.690002000  8.300000000 0.060337569600
786.715027000  8.300000000 0.059688214200
786.739990000  8.300000000 0.059055302300
786.765015000  8.300000000 0.058440472900
786.789978000  8.300000000 0.057844959200
786.815002000  8.300000000 0.057269826500
786.840027000  8.300000000 0.056715831200
786.864990000  8.300000000 0.056183539300
786.890015000  8.300000000 0.055673245300
786.914978000  8.300000000 0.055185247200
786.940002000  8.300000000 0.054719541200
786.965027000  8.300000000 0.054276146000
786.989990000  8.300000000 0.053854819400
787.015015000  8.300000000 0.053455218700
787.039978000  8.300000000 0.053076759000
787.065002000  8.300000000 0.052718680400
787.090027000  8.300000000 0.052379872600
787.114990000  8.300000000 0.052059058100
787.140015000  8.300000000 0.051754590100
787.164978000  8.300000000 0.051464621000
787.190002000  8.300000000 0.051187001200
787.215027000  8.300000000 0.050919365100
787.239990000  8.300000000 0.050659127500
787.265015000  8.300000000 0.050403479500
787.289978000  8.300000000 0.050149519000
787.315002000  8.300000000 0.049894161500
787.340027000  8.300000000 0.049634289000
787.364990000  8.300000000 0.049366712600
787.390015000  8.300000000 0.049088317900
787.414978000  8.300000000 0.048795990600
787.440002000  8.300000000 0.048486813900
787.465027000  8.300000000 0.048157982500
787.489990000  8.300000000 0.047806937200
787.515015000  8.300000000 0.047431372100
787.539978000  8.300000000 0.047029189800
787.565002000  8.300000000 0.046598624400
787.590027000  8.300000000 0.046138096600
787.614990000  8.300000000 0.045646373200
787.640015000  8.300000000 0.045122467000
787.664978000  8.300000000 0.044565718600
787.690002000  8.300000000 0.043975710900
787.715027000  8.300000000 0.043352384100
787.739990000  8.300000000 0.042695961900
787.765015000  8.300000000 0.042007006700
787.789978000  8.300000000 0.041286449900
787.815002000  8.300000000 0.040535580400
787.840027000  8.300000000 0.039756149100
787.864990000  8.300000000 0.038950361300
787.890015000  8.300000000 0.038120914300
787.914978000  8.300000000 0.037271019100
787.940002000  8.300000000 0.036404460700
787.965027000  8.300000000 0.035525530600
787.989990000  8.300000000 0.034639049300
788.015015000  8.300000000 0.033750332900
788.039978000  8.300000000 0.032865118200
788.065002000  8.300000000 0.031989511100
788.090027000  8.300000000 0.031129805400
788.114990000  8.300000000 0.030292499800
788.140015000  8.300000000 0.029484072700
788.164978000  8.300000000 0.028710912900
788.190002000  8.300000000 0.027979239800
788.215027000  8.300000000 0.027294952400
788.239990000  8.300000000 0.026663586500
788.265015000  8.300000000 0.026090228900
788.289978000  8.300000000 0.025579428300
788.315002000  8.300000000 0.025135180000
788.340027000  8.300000000 0.024760814400
788.364990000  8.300000000 0.024458997000
788.390015000  8.300000000 0.024231651800
788.414978000  8.300000000 0.024079965400
788.440002000  8.300000000 0.024004288000
788.465027000  8.300000000 0.024004129700
788.489990000  8.300000000 0.024078112100
788.515015000  8.300000000 0.024223944200
788.539978000  8.300000000 0.024438345800
788.565002000  8.300000000 0.024717111100
788.590027000  8.300000000 0.025055091800
788.614990000  8.300000000 0.025446249200
788.640015000  8.300000000 0.025883708100
788.664978000  8.300000000 0.026359854300
788.690002000  8.300000000 0.026866514200
788.715027000  8.300000000 0.027394989500
788.739990000  8.300000000 0.027936313300
788.765015000  8.300000000 0.028481286000
788.789978000  8.300000000 0.029020724800
788.815002000  8.300000000 0.029545519500
788.840027000  8.300000000 0.030046785300
788.864990000  8.300000000 0.030515903600
788.890015000  8.300000000 0.030944638000
788.914978000  8.300000000 0.031325161500
788.940002000  8.300000000 0.031650096200
788.965027000  8.300000000 0.031912516800
788.989990000  8.300000000 0.032105948800
789.015015000  8.300000000 0.032224394400
789.039978000  8.300000000 0.032262262000
789.065002000  8.300000000 0.032214373400
789.090027000  8.300000000 0.032075937800
789.114990000  8.300000000 0.031842552100
789.140015000  8.300000000 0.031510196600
789.164978000  8.300000000 0.031075244800
789.190002000  8.300000000 0.030534500300
789.215027000  8.300000000 0.029885226900
789.239990000  8.300000000 0.029125178200
789.265015000  8.300000000 0.028252614700
789.289978000  8.300000000 0.027266334700
789.315002000  8.300000000 0.026165690300
789.340027000  8.300000000 0.024950582500
789.364990000  8.300000000 0.023621473500
789.390015000  8.300000000 0.022179417300
789.414978000  8.300000000 0.020626079300
789.440002000  8.300000000 0.018963743000
789.465027000  8.300000000 0.017195418500
789.489990000  8.300000000 0.015324806800
789.515015000  8.300000000 0.013356399700
789.539978000  8.300000000 0.011295476900
789.565002000  8.300000000 0.009148106910
789.590027000  8.300000000 0.006921155840
789.614990000  8.300000000 0.004622238690
789.640015000  8.300000000 0.002259672390
789.664978000  8.300000000 -0.000157584960
789.690002000  8.300000000 -0.002620004820
789.715027000  8.300000000 -0.005117559340
789.739990000  8.300000000 -0.007639780640
789.765015000  8.300000000 -0.010175845600
789.789978000  8.300000000 -0.012714621600
789.815002000  8.300000000 -0.015244744700
789.840027000  8.300000000 -0.017754672100
789.864990000  8.300000000 -0.020232765000
789.890015000  8.300000000 -0.022667348400
789.914978000  8.300000000 -0.025046777000
789.940002000  8.300000000 -0.027359558300
789.965027000  8.300000000 -0.029594413900
789.989990000  8.300000000 -0.031740423300
790.015015000  8.300000000 -0.033787101500
790.039978000  8.300000000 -0.035724557900
790.065002000  8.300000000 -0.037543598600
790.090027000  8.300000000 -0.039235860100
790.114990000  8.300000000 -0.040793929200
790.140015000  8.300000000 -0.042211439500
790.164978000  8.300000000 -0.043483175300
790.190002000  8.300000000 -0.044605113600
790.215027000  8.300000000 -0.045574497400
790.239990000  8.300000000 -0.046389814500
790.265015000  8.300000000 -0.047050848600
790.289978000  8.300000000 -0.047558639200
790.315002000  8.300000000 -0.047915458700
790.340027000  8.300000000 -0.048124767800
790.364990000  8.300000000 -0.048191167400
790.390015000  8.300000000 -0.048120282600
790.414978000  8.300000000 -0.047918655000
790.440002000  8.300000000 -0.047593690500
790.465027000  8.300000000 -0.047153450500
790.489990000  8.300000000 -0.046606592800
790.515015000  8.300000000 -0.045962143700
790.539978000  8.300000000 -0.045229446100
790.565002000  8.300000000 -0.044417992200
790.590027000  8.300000000 -0.043537288900
790.614990000  8.300000000 -0.042596813300
790.640015000  8.300000000 -0.041605863700
790.664978000  8.300000000 -0.040573477700
790.690002000  8.300000000 -0.039508353900
790.715027000  8.300000000 -0.038418814500
790.739990000  8.300000000 -0.037312664100
790.765015000  8.300000000 -0.036197222800
790.789978000  8.300000000 -0.035079244500
790.815002000  8.300000000 -0.033964850000
790.840027000  8.300000000 -0.032859537800
790.864990000  8.300000000 -0.031768146900
790.890015000  8.300000000 -0.030694831200
790.914978000  8.300000000 -0.029643064400
790.940002000  8.300000000 -0.028615664700
790.965027000  8.300000000 -0.027614865500
790.989990000  8.300000000 -0.026642348600
791.015015000  8.300000000 -0.025699336100
791.039978000  8.300000000 -0.024786708900
791.065002000  8.300000000 -0.023905053700
791.090027000  8.300000000 -0.023054804700
791.114990000  8.300000000 -0.022236315500
791.140015000  8.300000000 -0.021449901200
791.164978000  8.300000000 -0.020695921000
791.190002000  8.300000000 -0.019974770000
791.215027000  8.300000000 -0.019286930600
791.239990000  8.300000000 -0.018632946500
791.265015000  8.300000000 -0.018013441900
791.289978000  8.300000000 -0.017429087300
791.315002000  8.300000000 -0.016880624000
791.340027000  8.300000000 -0.016368838000
791.364990000  8.300000000 -0.015894599300
791.390015000  8.300000000 -0.015458855800
791.414978000  8.300000000 -0.015062659000
791.440002000  8.300000000 -0.014707191800
791.465027000  8.300000000 -0.014393770100
791.489990000  8.300000000 -0.014123867300
791.515015000  8.300000000 -0.013899095400
791.539978000  8.300000000 -0.013721223900
791.565002000  8.300000000 -0.013592133300
791.590027000  8.300000000 -0.013513830500
791.614990000  8.300000000 -0.013488370000
791.640015000  8.300000000 -0.013517820300
791.664978000  8.300000000 -0.013604220900
791.690002000  8.300000000 -0.013749506300
791.715027000  8.300000000 -0.013955463700
791.739990000  8.300000000 -0.014223678000
791.765015000  8.300000000 -0.014555496200
791.789978000  8.300000000 -0.014951988100
791.815002000  8.300000000 -0.015413923200
791.840027000  8.300000000 -0.015941703700
791.864990000  8.300000000 -0.016535369700
791.890015000  8.300000000 -0.017194544900
791.914978000  8.300000000 -0.017918417200
791.940002000  8.300000000 -0.018705714500
791.965027000  8.300000000 -0.019554702600
791.989990000  8.300000000 -0.020463170500
792.015015000  8.300000000 -0.021428449100
792.039978000  8.300000000 -0.022447422100
792.065002000  8.300000000 -0.023516541300
792.090027000  8.300000000 -0.024631856000
792.114990000  8.300000000 -0.025789057800
792.140015000  8.300000000 -0.026983540500
792.164978000  8.300000000 -0.028210416400
792.190002000  8.300000000 -0.029464582000
792.215027000  8.300000000 -0.030740765900
792.239990000  8.300000000 -0.032033588700
792.265015000  8.300000000 -0.033337563300
792.289978000  8.300000000 -0.034647222600
792.315002000  8.300000000 -0.035957071900
792.340027000  8.300000000 -0.037261713300
792.364990000  8.300000000 -0.038555827000
792.390015000  8.300000000 -0.039834283300
792.414978000  8.300000000 -0.041092161100
792.440002000  8.300000000 -0.042324788900
792.465027000  8.300000000 -0.043527856500
792.489990000  8.300000000 -0.044697392700
792.515015000  8.300000000 -0.045829840000
792.539978000  8.300000000 -0.046922057900
792.565002000  8.300000000 -0.047971297100
792.590027000  8.300000000 -0.048975218100
792.614990000  8.300000000 -0.049931868900
792.640015000  8.300000000 -0.050839595500
792.664978000  8.300000000 -0.051697067900
792.690002000  8.300000000 -0.052503176000
792.715027000  8.300000000 -0.053257085400
792.739990000  8.300000000 -0.053958136600
792.765015000  8.300000000 -0.054605871400
792.789978000  8.300000000 -0.055200077600
792.815002000  8.300000000 -0.055740688000
792.840027000  8.300000000 -0.056227948500
792.864990000  8.300000000 -0.056662268900
792.890015000  8.300000000 -0.057044267700
792.914978000  8.300000000 -0.057374831300
792.940002000  8.300000000 -0.057654991700
792.965027000  8.300000000 -0.057885967200
792.989990000  8.300000000 -0.058069061500
793.015015000  8.300000000 -0.058205738700
793.039978000  8.300000000 -0.058297563300
793.065002000  8.300000000 -0.058346074100
793.090027000  8.300000000 -0.058352883900
793.114990000  8.300000000 -0.058319624500
793.140015000  8.300000000 -0.058247830700
793.164978000  8.300000000 -0.058139033600
793.190002000  8.300000000 -0.057994753100
793.215027000  8.300000000 -0.057816408600
793.239990000  8.300000000 -0.057605478900
793.265015000  8.300000000 -0.057363446800
793.289978000  8.300000000 -0.057091817300
793.315002000  8.300000000 -0.056792229400
793.340027000  8.300000000 -0.056466300000
793.364990000  8.300000000 -0.056115772600
793.390015000  8.300000000 -0.055742420300
793.414978000  8.300000000 -0.055348023800
793.440002000  8.300000000 -0.054934471800
793.465027000  8.300000000 -0.054503563800
793.489990000  8.300000000 -0.054057192100
793.515015000  8.300000000 -0.053597189500
793.539978000  8.300000000 -0.053125418700
793.565002000  8.300000000 -0.052643772200
793.590027000  8.300000000 -0.052154131200
793.614990000  8.300000000 -0.051658514900
793.640015000  8.300000000 -0.051158972100
793.664978000  8.300000000 -0.050657697000
793.690002000  8.300000000 -0.050156988200
793.715027000  8.300000000 -0.049659349000
793.739990000  8.300000000 -0.049167461700
793.765015000  8.300000000 -0.048684191000
793.789978000  8.300000000 -0.048212599000
793.815002000  8.300000000 -0.047755807600
793.840027000  8.300000000 -0.047317106300
793.864990000  8.300000000 -0.046899780600
793.890015000  8.300000000 -0.046507041900
793.914978000  8.300000000 -0.046142090100
793.940002000  8.300000000 -0.045807935300
793.965027000  8.300000000 -0.045507513000
793.989990000  8.300000000 -0.045243550100
794.015015000  8.300000000 -0.045018658000
794.039978000  8.300000000 -0.044835250800
794.065002000  8.300000000 -0.044695604600
794.090027000  8.300000000 -0.044601820400
794.114990000  8.300000000 -0.044555824200
794.140015000  8.300000000 -0.044559389400
794.164978000  8.300000000 -0.044614139900
794.190002000  8.300000000 -0.044721566100
794.215027000  8.300000000 -0.044883079800
794.239990000  8.300000000 -0.045099988600
794.265015000  8.300000000 -0.045373570200
794.289978000  8.300000000 -0.045705024200
794.315002000  8.300000000 -0.046095531400
794.340027000  8.300000000 -0.046546191000
794.364990000  8.300000000 -0.047058068200
794.390015000  8.300000000 -0.047632146600
794.414978000  8.300000000 -0.048269242000
794.440002000  8.300000000 -0.048970006400
794.465027000  8.300000000 -0.049734953800
794.489990000  8.300000000 -0.050564222000
794.515015000  8.300000000 -0.051457669600
794.539978000  8.300000000 -0.052414801000
794.565002000  8.300000000 -0.053434744500
794.590027000  8.300000000 -0.054516185100
794.614990000  8.300000000 -0.055657427800
794.640015000  8.300000000 -0.056856300700
794.664978000  8.300000000 -0.058110252000
794.690002000  8.300000000 -0.059416271700
794.715027000  8.300000000 -0.060770984700
794.739990000  8.300000000 -0.062170624700
794.765015000  8.300000000 -0.063611052900
794.789978000  8.300000000 -0.065087802700
794.815002000  8.300000000 -0.066596120600
794.840027000  8.300000000 -0.068130992400
794.864990000  8.300000000 -0.069687120600
794.890015000  8.300000000 -0.071259044100
794.914978000  8.300000000 -0.072841122700
794.940002000  8.300000000 -0.074427641900
794.965027000  8.300000000 -0.076012767900
794.989990000  8.300000000 -0.077590659300
795.015015000  8.300000000 -0.079155504700
795.039978000  8.300000000 -0.080701462900
795.065002000  8.300000000 -0.082222841700
795.090027000  8.300000000 -0.083713956200
795.114990000  8.300000000 -0.085169188700
795.140015000  8.300000000 -0.086583040700
795.164978000  8.300000000 -0.087950088100
795.190002000  8.300000000 -0.089264974000
795.215027000  8.300000000 -0.090522497900
795.239990000  8.300000000 -0.091717533800
795.265015000  8.300000000 -0.092845059900
795.289978000  8.300000000 -0.093900203700
795.315002000  8.300000000 -0.094878189300
795.340027000  8.300000000 -0.095774412200
795.364990000  8.300000000 -0.096584342400
795.390015000  8.300000000 -0.097303673600
795.414978000  8.300000000 -0.097928151500
795.440002000  8.300000000 -0.098453789900
795.465027000  8.300000000 -0.098876707300
795.489990000  8.300000000 -0.099193170700
795.515015000  8.300000000 -0.099399671000
795.539978000  8.300000000 -0.099492885200
795.565002000  8.300000000 -0.099469684100
795.590027000  8.300000000 -0.099327266200
795.614990000  8.300000000 -0.099062964300
795.640015000  8.300000000 -0.098674438900
795.664978000  8.300000000 -0.098159663400
795.690002000  8.300000000 -0.097516849600
795.715027000  8.300000000 -0.096744567200
795.739990000  8.300000000 -0.095841787800
795.765015000  8.300000000 -0.094807811100
795.789978000  8.300000000 -0.093642368900
795.815002000  8.300000000 -0.092345707100
795.840027000  8.300000000 -0.090918518600
795.864990000  8.300000000 -0.089362047600
795.890015000  8.300000000 -0.087678037600
795.914978000  8.300000000 -0.085868798200
795.940002000  8.300000000 -0.083937130900
795.965027000  8.300000000 -0.081886351100
795.989990000  8.300000000 -0.079720288500
796.015015000  8.300000000 -0.077443234600
796.039978000  8.300000000 -0.075059935500
796.065002000  8.300000000 -0.072575517000
796.090027000  8.300000000 -0.069995455400
796.114990000  8.300000000 -0.067325547300
796.140015000  8.300000000 -0.064571797800
796.164978000  8.300000000 -0.061740413300
796.190002000  8.300000000 -0.058837715500
796.215027000  8.300000000 -0.055870082200
796.239990000  8.300000000 -0.052843965600
796.265015000  8.300000000 -0.049765728400
796.289978000  8.300000000 -0.046641748400
796.315002000  8.300000000 -0.043478313800
796.340027000  8.300000000 -0.040281634800
796.364990000  8.300000000 -0.037057809500
796.390015000  8.300000000 -0.033812843300
796.414978000  8.300000000 -0.030552605200
796.440002000  8.300000000 -0.027282847100
796.465027000  8.300000000 -0.024009233300
796.489990000  8.300000000 -0.020737264300
796.515015000  8.300000000 -0.017472362100
796.539978000  8.300000000 -0.014219796300
796.565002000  8.300000000 -0.010984698300
796.590027000  8.300000000 -0.007772008890
796.614990000  8.300000000 -0.004586465190
796.640015000  8.300000000 -0.001432565860
796.664978000  8.300000000 0.001685435300
796.690002000  8.300000000 0.004763490520
796.715027000  8.300000000 0.007797796280
796.739990000  8.300000000 0.010784769400
796.765015000  8.300000000 0.013721031100
796.789978000  8.300000000 0.016603454900
796.815002000  8.300000000 0.019429106300
796.840027000  8.300000000 0.022195324300
796.864990000  8.300000000 0.024899654100
796.890015000  8.300000000 0.027539864200
796.914978000  8.300000000 0.030113920600
796.940002000  8.300000000 0.032619986700
796.965027000  8.300000000 0.035056382400
796.989990000  8.300000000 0.037421569200
797.015015000  8.300000000 0.039714127800
797.039978000  8.300000000 0.041932746800
797.065002000  8.300000000 0.044076215500
797.090027000  8.300000000 0.046143449800
797.114990000  8.300000000 0.048133470100
797.140015000  8.300000000 0.050045494000
797.164978000  8.300000000 0.051878877000
797.190002000  8.300000000 0.053633268900
797.215027000  8.300000000 0.055308491000
797.239990000  8.300000000 0.056904710800
797.265015000  8.300000000 0.058422341900
797.289978000  8.300000000 0.059862088400
797.315002000  8.300000000 0.061224922500
797.340027000  8.300000000 0.062512055000
797.364990000  8.300000000 0.063724920200
797.390015000  8.300000000 0.064865104900
797.414978000  8.300000000 0.065934374900
797.440002000  8.300000000 0.066934578100
797.465027000  8.300000000 0.067867718600
797.489990000  8.300000000 0.068735890100
797.515015000  8.300000000 0.069541253100
797.539978000  8.300000000 0.070286087700
797.565002000  8.300000000 0.070972673600
797.590027000  8.300000000 0.071603342900
797.614990000  8.300000000 0.072180368000
797.640015000  8.300000000 0.072705991600
797.664978000  8.300000000 0.073182322100
797.690002000  8.300000000 0.073611266900
797.715027000  8.300000000 0.073994539700
797.739990000  8.300000000 0.074333563400
797.765015000  8.300000000 0.074629560100
797.789978000  8.300000000 0.074883401400
797.815002000  8.300000000 0.075095824900
797.840027000  8.300000000 0.075267255300
797.864990000  8.300000000 0.075397975700
797.890015000  8.300000000 0.075488120300
797.914978000  8.300000000 0.075537681600
797.940002000  8.300000000 0.075546547800
797.965027000  8.300000000 0.075514487900
797.989990000  8.300000000 0.075441137000
798.015015000  8.300000000 0.075326092500
798.039978000  8.300000000 0.075168825700
798.065002000  8.300000000 0.074968740300
798.090027000  8.300000000 0.074725106400
798.114990000  8.300000000 0.074437201000
798.140015000  8.300000000 0.074104197300
798.164978000  8.300000000 0.073725327800
798.190002000  8.300000000 0.073299825200
798.215027000  8.300000000 0.072827048600
798.239990000  8.300000000 0.072306454200
798.265015000  8.300000000 0.071737654500
798.289978000  8.300000000 0.071120426100
798.315002000  8.300000000 0.070454835900
798.340027000  8.300000000 0.069741047900
798.364990000  8.300000000 0.068979494300
798.390015000  8.300000000 0.068170838100
798.414978000  8.300000000 0.067315943500
798.440002000  8.300000000 0.066415950700
798.465027000  8.300000000 0.065472260100
798.489990000  8.300000000 0.064486563200
798.515015000  8.300000000 0.063460886500
798.539978000  8.300000000 0.062397610400
798.565002000  8.300000000 0.061299458100
798.590027000  8.300000000 0.060169536600
798.614990000  8.300000000 0.059011291700
798.640015000  8.300000000 0.057828519500
798.664978000  8.300000000 0.056625351300
798.690002000  8.300000000 0.055406186700
798.715027000  8.300000000 0.054175719600
798.739990000  8.300000000 0.052938804000
798.765015000  8.300000000 0.051700484000
798.789978000  8.300000000 0.050465852000
798.815002000  8.300000000 0.049240034100
798.840027000  8.300000000 0.048028111500
798.864990000  8.300000000 0.046835050000
798.890015000  8.300000000 0.045665662700
798.914978000  8.300000000 0.044524535500
798.940002000  8.300000000 0.043415971100
798.965027000  8.300000000 0.042343989000
798.989990000  8.300000000 0.041312228900
799.015015000  8.300000000 0.040323957800
799.039978000  8.300000000 0.039382029300
799.065002000  8.300000000 0.038488879800
799.090027000  8.300000000 0.037646502300
799.114990000  8.300000000 0.036856479900
799.140015000  8.300000000 0.036119964000
799.164978000  8.300000000 0.035437751600
799.190002000  8.300000000 0.034810233900
799.215027000  8.300000000 0.034237474200
799.239990000  8.300000000 0.033719208100
799.265015000  8.300000000 0.033254843200
799.289978000  8.300000000 0.032843526500
799.315002000  8.300000000 0.032484032200
799.340027000  8.300000000 0.032174933700
799.364990000  8.300000000 0.031914472600
799.390015000  8.300000000 0.031700588800
799.414978000  8.300000000 0.031530972600
799.440002000  8.300000000 0.031402941800
799.465027000  8.300000000 0.031313531100
799.489990000  8.300000000 0.031259413800
799.515015000  8.300000000 0.031236898200
799.539978000  8.300000000 0.031241947800
799.565002000  8.300000000 0.031270157500
799.590027000  8.300000000 0.031316760900
799.614990000  8.300000000 0.031376626300
799.640015000  8.300000000 0.031444296200
799.664978000  8.300000000 0.031513970300
799.690002000  8.300000000 0.031579602500
799.715027000  8.300000000 0.031634852300
799.739990000  8.300000000 0.031673193000
799.765015000  8.300000000 0.031687922800
799.789978000  8.300000000 0.031672239300
799.815002000  8.300000000 0.031619321600
799.840027000  8.300000000 0.031522337300
799.864990000  8.300000000 0.031374577400
799.890015000  8.300000000 0.031169498300
799.914978000  8.300000000 0.030900828500
799.940002000  8.300000000 0.030562620600
799.965027000  8.300000000 0.030149340600
799.989990000  8.300000000 0.029655925900
800.015015000  8.300000000 0.029077841000
800.039978000  8.300000000 0.028411129500
800.065002000  8.300000000 0.027652416400
800.090027000  8.300000000 0.026798922600
800.114990000  8.300000000 0.025848509700
800.140015000  8.300000000 0.024799659800
800.164978000  8.300000000 0.023651445300
800.190002000  8.300000000 0.022403573600
800.215027000  8.300000000 0.021056339100
800.239990000  8.300000000 0.019610619200
800.265015000  8.300000000 0.018067875900
800.289978000  8.300000000 0.016430171200
800.315002000  8.300000000 0.014700144500
800.340027000  8.300000000 0.012881064800
800.364990000  8.300000000 0.010976805400
800.390015000  8.300000000 0.008991849610
800.414978000  8.300000000 0.006931258370
800.440002000  8.300000000 0.004800722470
800.465027000  8.300000000 0.002606538360
800.489990000  8.300000000 0.000355583819
800.515015000  8.300000000 -0.001944664980
800.539978000  8.300000000 -0.004286165350
800.565002000  8.300000000 -0.006660317540
800.590027000  8.300000000 -0.009058050810
800.614990000  8.300000000 -0.011469850300
800.640015000  8.300000000 -0.013885730900
800.664978000  8.300000000 -0.016295397700
800.690002000  8.300000000 -0.018688207500
800.715027000  8.300000000 -0.021053198700
800.739990000  8.300000000 -0.023379238300
800.765015000  8.300000000 -0.025655010700
800.789978000  8.300000000 -0.027869064400
800.815002000  8.300000000 -0.030009852700
800.840027000  8.300000000 -0.032065842300
800.864990000  8.300000000 -0.034025579700
800.890015000  8.300000000 -0.035877656200
800.914978000  8.300000000 -0.037610877300
800.940002000  8.300000000 -0.039214309300
800.965027000  8.300000000 -0.040677413300
800.989990000  8.300000000 -0.041989971000
801.015015000  8.300000000 -0.043142363400
801.039978000  8.300000000 -0.044125478700
801.065002000  8.300000000 -0.044930908800
801.090027000  8.300000000 -0.045551013200
801.114990000  8.300000000 -0.045978970800
801.140015000  8.300000000 -0.046208847300
801.164978000  8.300000000 -0.046235710400
801.190002000  8.300000000 -0.046055674600
801.215027000  8.300000000 -0.045665949600
801.239990000  8.300000000 -0.045064874000
801.265015000  8.300000000 -0.044252015700
801.289978000  8.300000000 -0.043228067500
801.315002000  8.300000000 -0.041995056000
801.340027000  8.300000000 -0.040556184900
801.364990000  8.300000000 -0.038915939600
801.390015000  8.300000000 -0.037080045800
801.414978000  8.300000000 -0.035055439900
801.440002000  8.300000000 -0.032850246900
801.465027000  8.300000000 -0.030473683000
801.489990000  8.300000000 -0.027936007800
801.515015000  8.300000000 -0.025248441800
801.539978000  8.300000000 -0.022423077400
801.565002000  8.300000000 -0.019472785300
801.590027000  8.300000000 -0.016411144300
801.614990000  8.300000000 -0.013252377500
801.640015000  8.300000000 -0.010011212900
801.664978000  8.300000000 -0.006702832410
801.690002000  8.300000000 -0.003342786340
801.715027000  8.300000000 0.000053098022
801.739990000  8.300000000 0.003468837360
801.765015000  8.300000000 0.006888323000
801.789978000  8.300000000 0.010295419000
801.815002000  8.300000000 0.013674054300
801.840027000  8.300000000 0.017008341800
801.864990000  8.300000000 0.020282566500
801.890015000  8.300000000 0.023481393200
801.914978000  8.300000000 0.026589844400
801.940002000  8.300000000 0.029593462100
801.965027000  8.300000000 0.032478362300
801.989990000  8.300000000 0.035231363000
802.015015000  8.300000000 0.037839993800
802.039978000  8.300000000 0.040292650500
802.065002000  8.300000000 0.042578652500
802.090027000  8.300000000 0.044688254600
802.114990000  8.300000000 0.046612791700
802.140015000  8.300000000 0.048344641900
802.164978000  8.300000000 0.049877353000
802.190002000  8.300000000 0.051205519600
802.215027000  8.300000000 0.052325010300
802.239990000  8.300000000 0.053232725700
802.265015000  8.300000000 0.053926769600
802.289978000  8.300000000 0.054406341200
802.315002000  8.300000000 0.054671682400
802.340027000  8.300000000 0.054724048800
802.364990000  8.300000000 0.054565802200
802.390015000  8.300000000 0.054200176100
802.414978000  8.300000000 0.053631346700
802.440002000  8.300000000 0.052864395100
802.465027000  8.300000000 0.051905289300
802.489990000  8.300000000 0.050760816800
802.515015000  8.300000000 0.049438554800
802.539978000  8.300000000 0.047946929900
802.565002000  8.300000000 0.046295009600
802.590027000  8.300000000 0.044492632200
802.614990000  8.300000000 0.042550280700
802.640015000  8.300000000 0.040478996900
802.664978000  8.300000000 0.038290459700
802.690002000  8.300000000 0.035996817100
802.715027000  8.300000000 0.033610712700
802.739990000  8.300000000 0.031145194500
802.765015000  8.300000000 0.028613634400
802.789978000  8.300000000 0.026029694800
802.815002000  8.300000000 0.023407235700
802.840027000  8.300000000 0.020760236300
802.864990000  8.300000000 0.018102716700
802.890015000  8.300000000 0.015448592600
802.914978000  8.300000000 0.012811627200
802.940002000  8.300000000 0.010205258600
802.965027000  8.300000000 0.007642528510
802.989990000  8.300000000 0.005135927350
803.015015000  8.300000000 0.002697383520
803.039978000  8.300000000 0.000338080135
803.065002000  8.300000000 -0.001931574660
803.090027000  8.300000000 -0.004101996780
803.114990000  8.300000000 -0.006164563820
803.140015000  8.300000000 -0.008111590520
803.164978000  8.300000000 -0.009936437940
803.190002000  8.300000000 -0.011633524700
803.215027000  8.300000000 -0.013198343100
803.239990000  8.300000000 -0.014627525600
803.265015000  8.300000000 -0.015918837900
803.289978000  8.300000000 -0.017071208000
803.315002000  8.300000000 -0.018084706700
803.340027000  8.300000000 -0.018960567200
803.364990000  8.300000000 -0.019701091600
803.390015000  8.300000000 -0.020309658700
803.414978000  8.300000000 -0.020790575100
803.440002000  8.300000000 -0.021149084000
803.465027000  8.300000000 -0.021391181300
803.489990000  8.300000000 -0.021523583700
803.515015000  8.300000000 -0.021553646800
803.539978000  8.300000000 -0.021489175000
803.565002000  8.300000000 -0.021338421900
803.590027000  8.300000000 -0.021109944200
803.614990000  8.300000000 -0.020812492800
803.640015000  8.300000000 -0.020454928300
803.664978000  8.300000000 -0.020046165200
803.690002000  8.300000000 -0.019595008300
803.715027000  8.300000000 -0.019110098500
803.739990000  8.300000000 -0.018599825000
803.765015000  8.300000000 -0.018072288500
803.789978000  8.300000000 -0.017535194800
803.815002000  8.300000000 -0.016995832300
803.840027000  8.300000000 -0.016461016600
803.864990000  8.300000000 -0.015937058300
803.890015000  8.300000000 -0.015429678400
803.914978000  8.300000000 -0.014943973200
803.940002000  8.300000000 -0.014484415800
803.965027000  8.300000000 -0.014054729600
803.989990000  8.300000000 -0.013657961000
804.015015000  8.300000000 -0.013296335000
804.039978000  8.300000000 -0.012971327600
804.065002000  8.300000000 -0.012683596500
804.090027000  8.300000000 -0.012433009200
804.114990000  8.300000000 -0.012218616900
804.140015000  8.300000000 -0.012038700300
804.164978000  8.300000000 -0.011890752200
804.190002000  8.300000000 -0.011771546700
804.215027000  8.300000000 -0.011677068700
804.239990000  8.300000000 -0.011602711900
804.265015000  8.300000000 -0.011543175200
804.289978000  8.300000000 -0.011492668700
804.315002000  8.300000000 -0.011444890900
804.340027000  8.300000000 -0.011393172700
804.364990000  8.300000000 -0.011330581300
804.390015000  8.300000000 -0.011250029300
804.414978000  8.300000000 -0.011144276700
804.440002000  8.300000000 -0.011006219300
804.465027000  8.300000000 -0.010828817300
804.489990000  8.300000000 -0.010605307300
804.515015000  8.300000000 -0.010329211100
804.539978000  8.300000000 -0.009994416500
804.565002000  8.300000000 -0.009595272130
804.590027000  8.300000000 -0.009126565420
804.614990000  8.300000000 -0.008583658370
804.640015000  8.300000000 -0.007962491360
804.664978000  8.300000000 -0.007259648760
804.690002000  8.300000000 -0.006472366860
804.715027000  8.300000000 -0.005598608400
804.739990000  8.300000000 -0.004637093750
804.765015000  8.300000000 -0.003587236160
804.789978000  8.300000000 -0.002449292220
804.815002000  8.300000000 -0.001224298150
804.840027000  8.300000000 0.000085956373
804.864990000  8.300000000 0.001478920810
804.890015000  8.300000000 0.002951260420
804.914978000  8.300000000 0.004498996310
804.940002000  8.300000000 0.006117431910
804.965027000  8.300000000 0.007801281290
804.989990000  8.300000000 0.009544652890
805.015015000  8.300000000 0.011341244000
805.039978000  8.300000000 0.013184266200
805.065002000  8.300000000 0.015066541700
805.090027000  8.300000000 0.016980608900
805.114990000  8.300000000 0.018918767600
805.140015000  8.300000000 0.020873051100
805.164978000  8.300000000 0.022835385100
805.190002000  8.300000000 0.024797633300
805.215027000  8.300000000 0.026751570400
805.239990000  8.300000000 0.028689114400
805.265015000  8.300000000 0.030602224200
805.289978000  8.300000000 0.032483082300
805.315002000  8.300000000 0.034324087200
805.340027000  8.300000000 0.036117985800
805.364990000  8.300000000 0.037857797000
805.390015000  8.300000000 0.039536975300
805.414978000  8.300000000 0.041149348000
805.440002000  8.300000000 0.042689167000
805.465027000  8.300000000 0.044151186900
805.489990000  8.300000000 0.045530598600
805.515015000  8.300000000 0.046823147700
805.539978000  8.300000000 0.048025067900
805.565002000  8.300000000 0.049133248600
805.590027000  8.300000000 0.050145171600
805.614990000  8.300000000 0.051058985300
805.640015000  8.300000000 0.051873613100
805.664978000  8.300000000 0.052588768300
805.690002000  8.300000000 0.053204871700
805.715027000  8.300000000 0.053723212300
805.739990000  8.300000000 0.054145824200
805.765015000  8.300000000 0.054475583100
805.789978000  8.300000000 0.054716046900
805.815002000  8.300000000 0.054871585200
805.840027000  8.300000000 0.054947141600
805.864990000  8.300000000 0.054948370900
805.890015000  8.300000000 0.054881397600
805.914978000  8.300000000 0.054752934700
805.940002000  8.300000000 0.054570157100
805.965027000  8.300000000 0.054340664300
805.989990000  8.300000000 0.054072536500
806.015015000  8.300000000 0.053774215300
806.039978000  8.300000000 0.053454466200
806.065002000  8.300000000 0.053122505500
806.090027000  8.300000000 0.052787803100
806.114990000  8.300000000 0.052460111700
806.140015000  8.300000000 0.052149519300
806.164978000  8.300000000 0.051866199800
806.190002000  8.300000000 0.051620554200
806.215027000  8.300000000 0.051423035600
806.239990000  8.300000000 0.051284194000
806.265015000  8.300000000 0.051214478900
806.289978000  8.300000000 0.051224321100
806.315002000  8.300000000 0.051323961500
806.340027000  8.300000000 0.051523447000
806.364990000  8.300000000 0.051832582800
806.390015000  8.300000000 0.052260797500
806.414978000  8.300000000 0.052817210600
806.440002000  8.300000000 0.053510475900
806.465027000  8.300000000 0.054348737000
806.489990000  8.300000000 0.055339597200
806.515015000  8.300000000 0.056490052500
806.539978000  8.300000000 0.057806350300
806.565002000  8.300000000 0.059293907100
806.590027000  8.300000000 0.060957275300
806.614990000  8.300000000 0.062800072100
806.640015000  8.300000000 0.064824797200
806.664978000  8.300000000 0.067033015200
806.690002000  8.300000000 0.069425098600
806.715027000  8.300000000 0.072000242800
806.739990000  8.300000000 0.074756532900
806.765015000  8.300000000 0.077690847200
806.789978000  8.300000000 0.080798953800
806.815002000  8.300000000 0.084075413600
806.840027000  8.300000000 0.087513729900
806.864990000  8.300000000 0.091106273200
806.890015000  8.300000000 0.094844348700
806.914978000  8.300000000 0.098718248300
806.940002000  8.300000000 0.102717221000
806.965027000  8.300000000 0.106829643000
806.989990000  8.300000000 0.111042842000
807.015015000  8.300000000 0.115343325000
807.039978000  8.300000000 0.119716741000
807.065002000  8.300000000 0.124148034000
807.090027000  8.300000000 0.128621355000
807.114990000  8.300000000 0.133120313000
807.140015000  8.300000000 0.137628004000
807.164978000  8.300000000 0.142127022000
807.190002000  8.300000000 0.146599621000
807.215027000  8.300000000 0.151027873000
807.239990000  8.300000000 0.155393630000
807.265015000  8.300000000 0.159678787000
807.289978000  8.300000000 0.163865238000
807.315002000  8.300000000 0.167935267000
807.340027000  8.300000000 0.171871409000
807.364990000  8.300000000 0.175656736000
807.390015000  8.300000000 0.179274812000
807.414978000  8.300000000 0.182710111000
807.440002000  8.300000000 0.185947701000
807.465027000  8.300000000 0.188973755000
807.489990000  8.300000000 0.191775307000
807.515015000  8.300000000 0.194340497000
807.539978000  8.300000000 0.196658552000
807.565002000  8.300000000 0.198719874000
807.590027000  8.300000000 0.200516060000
807.614990000  8.300000000 0.202039912000
807.640015000  8.300000000 0.203285441000
807.664978000  8.300000000 0.204247996000
807.690002000  8.300000000 0.204924121000
807.715027000  8.300000000 0.205311626000
807.739990000  8.300000000 0.205409586000
807.765015000  8.300000000 0.205218226000
807.789978000  8.300000000 0.204739109000
807.815002000  8.300000000 0.203974992000
807.840027000  8.300000000 0.202929750000
807.864990000  8.300000000 0.201608405000
807.890015000  8.300000000 0.200017229000
807.914978000  8.300000000 0.198163494000
807.940002000  8.300000000 0.196055621000
807.965027000  8.300000000 0.193703055000
807.989990000  8.300000000 0.191116229000
808.015015000  8.300000000 0.188306481000
808.039978000  8.300000000 0.185286030000
808.065002000  8.300000000 0.182067811000
808.090027000  8.300000000 0.178665444000
808.114990000  8.300000000 0.175093338000
808.140015000  8.300000000 0.171366230000
808.164978000  8.300000000 0.167499453000
808.190002000  8.300000000 0.163508654000
808.215027000  8.300000000 0.159409732000
808.239990000  8.300000000 0.155218810000
808.265015000  8.300000000 0.150951907000
808.289978000  8.300000000 0.146625265000
808.315002000  8.300000000 0.142254755000
808.340027000  8.300000000 0.137856230000
808.364990000  8.300000000 0.133445024000
808.390015000  8.300000000 0.129036158000
808.414978000  8.300000000 0.124644205000
808.440002000  8.300000000 0.120283045000
808.465027000  8.300000000 0.115965940000
808.489990000  8.300000000 0.111705415000
808.515015000  8.300000000 0.107513234000
808.539978000  8.300000000 0.103400238000
808.565002000  8.300000000 0.099376313400
808.590027000  8.300000000 0.095450401300
808.614990000  8.300000000 0.091630354500
808.640015000  8.300000000 0.087922975400
808.664978000  8.300000000 0.084333993500
808.690002000  8.300000000 0.080867894000
808.715027000  8.300000000 0.077528134000
808.739990000  8.300000000 0.074316956100
808.765015000  8.300000000 0.071235522600
808.789978000  8.300000000 0.068283900600
808.815002000  8.300000000 0.065461099100
808.840027000  8.300000000 0.062765218300
808.864990000  8.300000000 0.060193352400
808.890015000  8.300000000 0.057741776100
808.914978000  8.300000000 0.055406004200
808.940002000  8.300000000 0.053180862200
808.965027000  8.300000000 0.051060568500
808.989990000  8.300000000 0.049038976400
809.015015000  8.300000000 0.047109507000
809.039978000  8.300000000 0.045265398900
809.065002000  8.300000000 0.043499723100
809.090027000  8.300000000 0.041805576500
809.114990000  8.300000000 0.040176101000
809.140015000  8.300000000 0.038604605900
809.164978000  8.300000000 0.037084661400
809.190002000  8.300000000 0.035610143100
809.215027000  8.300000000 0.034175258100
809.239990000  8.300000000 0.032774642100
809.265015000  8.300000000 0.031403388800
809.289978000  8.300000000 0.030057013000
809.315002000  8.300000000 0.028731560300
809.340027000  8.300000000 0.027423534500
809.364990000  8.300000000 0.026129936800
809.390015000  8.300000000 0.024848254400
809.414978000  8.300000000 0.023576417900
809.440002000  8.300000000 0.022312881400
809.465027000  8.300000000 0.021056538400
809.489990000  8.300000000 0.019806785500
809.515015000  8.300000000 0.018563455000
809.539978000  8.300000000 0.017326796400
809.565002000  8.300000000 0.016097541900
809.590027000  8.300000000 0.014876689800
809.614990000  8.300000000 0.013665563400
809.640015000  8.300000000 0.012465759200
809.664978000  8.300000000 0.011278964600
809.690002000  8.300000000 0.010106975200
809.715027000  8.300000000 0.008951564320
809.739990000  8.300000000 0.007814397100
809.765015000  8.300000000 0.006696949250
809.789978000  8.300000000 0.005600545560
809.815002000  8.300000000 0.004526098720
809.840027000  8.300000000 0.003474253700
809.864990000  8.300000000 0.002445194640
809.890015000  8.300000000 0.001438746000
809.914978000  8.300000000 0.000454164401
809.940002000  8.300000000 -0.000509698119
809.965027000  8.300000000 -0.001454473820
809.989990000  8.300000000 -0.002382269360
810.015015000  8.300000000 -0.003295592030
810.039978000  8.300000000 -0.004197323230
810.065002000  8.300000000 -0.005090724680
810.090027000  8.300000000 -0.005979260900
810.114990000  8.300000000 -0.006866583130
810.140015000  8.300000000 -0.007756480020
810.164978000  8.300000000 -0.008652749470
810.190002000  8.300000000 -0.009559171270
810.215027000  8.300000000 -0.010479459500
810.239990000  8.300000000 -0.011417173800
810.265015000  8.300000000 -0.012375738500
810.289978000  8.300000000 -0.013358364800
810.315002000  8.300000000 -0.014368097300
810.340027000  8.300000000 -0.015407813700
810.364990000  8.300000000 -0.016480146000
810.390015000  8.300000000 -0.017587592800
810.414978000  8.300000000 -0.018732430400
810.440002000  8.300000000 -0.019916800800
810.465027000  8.300000000 -0.021142704400
810.489990000  8.300000000 -0.022412082200
810.515015000  8.300000000 -0.023726686800
810.539978000  8.300000000 -0.025088185400
810.565002000  8.300000000 -0.026498297200
810.590027000  8.300000000 -0.027958506700
810.614990000  8.300000000 -0.029470317100
810.640015000  8.300000000 -0.031035199800
810.664978000  8.300000000 -0.032654453100
810.690002000  8.300000000 -0.034329436700
810.715027000  8.300000000 -0.036061223600
810.739990000  8.300000000 -0.037850897800
810.765015000  8.300000000 -0.039699412900
810.789978000  8.300000000 -0.041607499100
810.815002000  8.300000000 -0.043575778600
810.840027000  8.300000000 -0.045604772900
810.864990000  8.300000000 -0.047694724100
810.890015000  8.300000000 -0.049845863100
810.914978000  8.300000000 -0.052058178900
810.940002000  8.300000000 -0.054331660300
810.965027000  8.300000000 -0.056666065000
810.989990000  8.300000000 -0.059061024300
811.015015000  8.300000000 -0.061516050200
811.039978000  8.300000000 -0.064030431200
811.065002000  8.300000000 -0.066603332800
811.090027000  8.300000000 -0.069233700600
811.114990000  8.300000000 -0.071920275700
811.140015000  8.300000000 -0.074661485900
811.164978000  8.300000000 -0.077455587700
811.190002000  8.300000000 -0.080300495000
811.215027000  8.300000000 -0.083193771500
811.239990000  8.300000000 -0.086132720100
811.265015000  8.300000000 -0.089114241300
811.289978000  8.300000000 -0.092134758800
811.315002000  8.300000000 -0.095190383500
811.340027000  8.300000000 -0.098276674700
811.364990000  8.300000000 -0.101388775000
811.390015000  8.300000000 -0.104521297000
811.414978000  8.300000000 -0.107668318000
811.440002000  8.300000000 -0.110823587000
811.465027000  8.300000000 -0.113980234000
811.489990000  8.300000000 -0.117130890000
811.515015000  8.300000000 -0.120267861000
811.539978000  8.300000000 -0.123382941000
811.565002000  8.300000000 -0.126467481000
811.590027000  8.300000000 -0.129512578000
811.614990000  8.300000000 -0.132508874000
811.640015000  8.300000000 -0.135446846000
811.664978000  8.300000000 -0.138316631000
811.690002000  8.300000000 -0.141108274000
811.715027000  8.300000000 -0.143811673000
811.739990000  8.300000000 -0.146416813000
811.765015000  8.300000000 -0.148913637000
811.789978000  8.300000000 -0.151292413000
811.815002000  8.300000000 -0.153543591000
811.840027000  8.300000000 -0.155658022000
811.864990000  8.300000000 -0.157627106000
811.890015000  8.300000000 -0.159442678000
811.914978000  8.300000000 -0.161097363000
811.940002000  8.300000000 -0.162584394000
811.965027000  8.300000000 -0.163897872000
811.989990000  8.300000000 -0.165032804000
812.015015000  8.300000000 -0.165985063000
812.039978000  8.300000000 -0.166751504000
812.065002000  8.300000000 -0.167330042000
812.090027000  8.300000000 -0.167719588000
812.114990000  8.300000000 -0.167920187000
812.140015000  8.300000000 -0.167932972000
812.164978000  8.300000000 -0.167760223000
812.190002000  8.300000000 -0.167405203000
812.215027000  8.300000000 -0.166872367000
812.239990000  8.300000000 -0.166167170000
812.265015000  8.300000000 -0.165296122000
812.289978000  8.300000000 -0.164266780000
812.315002000  8.300000000 -0.163087487000
812.340027000  8.300000000 -0.161767602000
812.364990000  8.300000000 -0.160317123000
812.390015000  8.300000000 -0.158746913000
812.414978000  8.300000000 -0.157068312000
812.440002000  8.300000000 -0.155293316000
812.465027000  8.300000000 -0.153434411000
812.489990000  8.300000000 -0.151504397000
812.515015000  8.300000000 -0.149516523000
812.539978000  8.300000000 -0.147484079000
812.565002000  8.300000000 -0.145420626000
812.590027000  8.300000000 -0.143339679000
812.614990000  8.300000000 -0.141254708000
812.640015000  8.300000000 -0.139178976000
812.664978000  8.300000000 -0.137125388000
812.690002000  8.300000000 -0.135106489000
812.715027000  8.300000000 -0.133134201000
812.739990000  8.300000000 -0.131219923000
812.765015000  8.300000000 -0.129374266000
812.789978000  8.300000000 -0.127607197000
812.815002000  8.300000000 -0.125927776000
812.840027000  8.300000000 -0.124344267000
812.864990000  8.300000000 -0.122864038000
812.890015000  8.300000000 -0.121493600000
812.914978000  8.300000000 -0.120238520000
812.940002000  8.300000000 -0.119103558000
812.965027000  8.300000000 -0.118092529000
812.989990000  8.300000000 -0.117208377000
813.015015000  8.300000000 -0.116453201000
813.039978000  8.300000000 -0.115828179000
813.065002000  8.300000000 -0.115333699000
813.090027000  8.300000000 -0.114969298000
813.114990000  8.300000000 -0.114733718000
813.140015000  8.300000000 -0.114624925000
813.164978000  8.300000000 -0.114640236000
813.190002000  8.300000000 -0.114776261000
813.215027000  8.300000000 -0.115028955000
813.239990000  8.300000000 -0.115393765000
813.265015000  8.300000000 -0.115865655000
813.289978000  8.300000000 -0.116439231000
813.315002000  8.300000000 -0.117108762000
813.340027000  8.300000000 -0.117868319000
813.364990000  8.300000000 -0.118711866000
813.390015000  8.300000000 -0.119633302000
813.414978000  8.300000000 -0.120626576000
813.440002000  8.300000000 -0.121685795000
813.465027000  8.300000000 -0.122805253000
813.489990000  8.300000000 -0.123979509000
813.515015000  8.300000000 -0.125203416000
813.539978000  8.300000000 -0.126472294000
813.565002000  8.300000000 -0.127781749000
813.590027000  8.300000000 -0.129127830000
813.614990000  8.300000000 -0.130507022000
813.640015000  8.300000000 -0.131916195000
813.664978000  8.300000000 -0.133352652000
813.690002000  8.300000000 -0.134814039000
813.715027000  8.300000000 -0.136298284000
813.739990000  8.300000000 -0.137803599000
813.765015000  8.300000000 -0.139328390000
813.789978000  8.300000000 -0.140871242000
813.815002000  8.300000000 -0.142430857000
813.840027000  8.300000000 -0.144005895000
813.864990000  8.300000000 -0.145595089000
813.890015000  8.300000000 -0.147197098000
813.914978000  8.300000000 -0.148810387000
813.940002000  8.300000000 -0.150433302000
813.965027000  8.300000000 -0.152063906000
813.989990000  8.300000000 -0.153700039000
814.015015000  8.300000000 -0.155339226000
814.039978000  8.300000000 -0.156978622000
814.065002000  8.300000000 -0.158615097000
814.090027000  8.300000000 -0.160245031000
814.114990000  8.300000000 -0.161864445000
814.140015000  8.300000000 -0.163469121000
814.164978000  8.300000000 -0.165054366000
814.190002000  8.300000000 -0.166615292000
814.215027000  8.300000000 -0.168146715000
814.239990000  8.300000000 -0.169643253000
814.265015000  8.300000000 -0.171099454000
814.289978000  8.300000000 -0.172509655000
814.315002000  8.300000000 -0.173868224000
814.340027000  8.300000000 -0.175169453000
814.364990000  8.300000000 -0.176407546000
814.390015000  8.300000000 -0.177576765000
814.414978000  8.300000000 -0.178671360000
814.440002000  8.300000000 -0.179685533000
814.465027000  8.300000000 -0.180613503000
814.489990000  8.300000000 -0.181449607000
814.515015000  8.300000000 -0.182188183000
814.539978000  8.300000000 -0.182823658000
814.565002000  8.300000000 -0.183350518000
814.590027000  8.300000000 -0.183763415000
814.614990000  8.300000000 -0.184057176000
814.640015000  8.300000000 -0.184226558000
814.664978000  8.300000000 -0.184266821000
814.690002000  8.300000000 -0.184173256000
814.715027000  8.300000000 -0.183941409000
814.739990000  8.300000000 -0.183567047000
814.765015000  8.300000000 -0.183046430000
814.789978000  8.300000000 -0.182375893000
814.815002000  8.300000000 -0.181552306000
814.840027000  8.300000000 -0.180572942000
814.864990000  8.300000000 -0.179435506000
814.890015000  8.300000000 -0.178138211000
814.914978000  8.300000000 -0.176679865000
814.940002000  8.300000000 -0.175059840000
814.965027000  8.300000000 -0.173278049000
814.989990000  8.300000000 -0.171335101000
815.015015000  8.300000000 -0.169232324000
815.039978000  8.300000000 -0.166971698000
815.065002000  8.300000000 -0.164555848000
815.090027000  8.300000000 -0.161988109000
815.114990000  8.300000000 -0.159272522000
815.140015000  8.300000000 -0.156413779000
815.164978000  8.300000000 -0.153417259000
815.190002000  8.300000000 -0.150289044000
815.215027000  8.300000000 -0.147035792000
815.239990000  8.300000000 -0.143664911000
815.265015000  8.300000000 -0.140184432000
815.289978000  8.300000000 -0.136602893000
815.315002000  8.300000000 -0.132929623000
815.340027000  8.300000000 -0.129174277000
815.364990000  8.300000000 -0.125347152000
815.390015000  8.300000000 -0.121458910000
815.414978000  8.300000000 -0.117520683000
815.440002000  8.300000000 -0.113543883000
815.465027000  8.300000000 -0.109540232000
815.489990000  8.300000000 -0.105521679000
815.515015000  8.300000000 -0.101500385000
815.539978000  8.300000000 -0.097488567200
815.565002000  8.300000000 -0.093498528000
815.590027000  8.300000000 -0.089542433600
815.614990000  8.300000000 -0.085632436000
815.640015000  8.300000000 -0.081780389000
815.664978000  8.300000000 -0.077997960200
815.690002000  8.300000000 -0.074296362700
815.715027000  8.300000000 -0.070686511700
815.739990000  8.300000000 -0.067178733600
815.765015000  8.300000000 -0.063782855900
815.789978000  8.300000000 -0.060508105900
815.815002000  8.300000000 -0.057363007200
815.840027000  8.300000000 -0.054355438800
815.864990000  8.300000000 -0.051492489900
815.890015000  8.300000000 -0.048780497200
815.914978000  8.300000000 -0.046224914500
815.940002000  8.300000000 -0.043830364900
815.965027000  8.300000000 -0.041600562600
815.989990000  8.300000000 -0.039538316400
816.015015000  8.300000000 -0.037645515100
816.039978000  8.300000000 -0.035923097300
816.065002000  8.300000000 -0.034371163700
816.090027000  8.300000000 -0.032988809000
816.114990000  8.300000000 -0.031774334600
816.140015000  8.300000000 -0.030725136400
816.164978000  8.300000000 -0.029837742400
816.190002000  8.300000000 -0.029107874300
816.215027000  8.300000000 -0.028530497100
816.239990000  8.300000000 -0.028099790200
816.265015000  8.300000000 -0.027809215700
816.289978000  8.300000000 -0.027651596800
816.315002000  8.300000000 -0.027619117900
816.340027000  8.300000000 -0.027703393300
816.364990000  8.300000000 -0.027895635000
816.390015000  8.300000000 -0.028186574600
816.414978000  8.300000000 -0.028566692000
816.440002000  8.300000000 -0.029026161900
816.465027000  8.300000000 -0.029554994800
816.489990000  8.300000000 -0.030143167800
816.515015000  8.300000000 -0.030780559400
816.539978000  8.300000000 -0.031457189500
816.565002000  8.300000000 -0.032163120800
816.590027000  8.300000000 -0.032888677000
816.614990000  8.300000000 -0.033624347300
816.640015000  8.300000000 -0.034360963900
816.664978000  8.300000000 -0.035089690200
816.690002000  8.300000000 -0.035802163200
816.715027000  8.300000000 -0.036490418000
816.739990000  8.300000000 -0.037147082400
816.765015000  8.300000000 -0.037765268200
816.789978000  8.300000000 -0.038338754300
816.815002000  8.300000000 -0.038861852100
816.840027000  8.300000000 -0.039329584700
816.864990000  8.300000000 -0.039737548700
816.890015000  8.300000000 -0.040082067300
816.914978000  8.300000000 -0.040360078200
816.940002000  8.300000000 -0.040569204800
816.965027000  8.300000000 -0.040707696200
816.989990000  8.300000000 -0.040774487000
817.015015000  8.300000000 -0.040769070400
817.039978000  8.300000000 -0.040691655100
817.065002000  8.300000000 -0.040543016000
817.090027000  8.300000000 -0.040324527800
817.114990000  8.300000000 -0.040038205700
817.140015000  8.300000000 -0.039686597900
817.164978000  8.300000000 -0.039272770300
817.190002000  8.300000000 -0.038800250700
817.215027000  8.300000000 -0.038272988100
817.239990000  8.300000000 -0.037695240200
817.265015000  8.300000000 -0.037071496200
817.289978000  8.300000000 -0.036406420200
817.315002000  8.300000000 -0.035704728200
817.340027000  8.300000000 -0.034971110500
817.364990000  8.300000000 -0.034210141700
817.390015000  8.300000000 -0.033426195400
817.414978000  8.300000000 -0.032623324500
817.440002000  8.300000000 -0.031805194900
817.465027000  8.300000000 -0.030974952500
817.489990000  8.300000000 -0.030135201300
817.515015000  8.300000000 -0.029287910100
817.539978000  8.300000000 -0.028434328700
817.565002000  8.300000000 -0.027574909900
817.590027000  8.300000000 -0.026709351700
817.614990000  8.300000000 -0.025836469600
817.640015000  8.300000000 -0.024954251900
817.664978000  8.300000000 -0.024059843300
817.690002000  8.300000000 -0.023149604000
817.715027000  8.300000000 -0.022219102800
817.739990000  8.300000000 -0.021263226900
817.765015000  8.300000000 -0.020276214900
817.789978000  8.300000000 -0.019251752600
817.815002000  8.300000000 -0.018183110300
817.840027000  8.300000000 -0.017063185600
817.864990000  8.300000000 -0.015884710500
817.890015000  8.300000000 -0.014640248400
817.914978000  8.300000000 -0.013322420400
817.940002000  8.300000000 -0.011923945500
817.965027000  8.300000000 -0.010437783800
817.989990000  8.300000000 -0.008857247420
818.015015000  8.300000000 -0.007176064890
818.039978000  8.300000000 -0.005388516470
818.065002000  8.300000000 -0.003489437280
818.090027000  8.300000000 -0.001474300170
818.114990000  8.300000000 0.000660774473
818.140015000  8.300000000 0.002918994990
818.164978000  8.300000000 0.005302820350
818.190002000  8.300000000 0.007813948210
818.215027000  8.300000000 0.010453273500
818.239990000  8.300000000 0.013220826200
818.265015000  8.300000000 0.016115812600
818.289978000  8.300000000 0.019136508900
818.315002000  8.300000000 0.022280301900
818.340027000  8.300000000 0.025543661800
818.364990000  8.300000000 0.028922142500
818.390015000  8.300000000 0.032410342200
818.414978000  8.300000000 0.036002006400
818.440002000  8.300000000 0.039689984200
818.465027000  8.300000000 0.043466262500
818.489990000  8.300000000 0.047322075800
818.515015000  8.300000000 0.051247846300
818.539978000  8.300000000 0.055233329500
818.565002000  8.300000000 0.059267625200
818.590027000  8.300000000 0.063339278100
818.614990000  8.300000000 0.067436300200
818.640015000  8.300000000 0.071546278900
818.664978000  8.300000000 0.075656391700
818.690002000  8.300000000 0.079753547900
818.715027000  8.300000000 0.083824470600
818.739990000  8.300000000 0.087855756300
818.765015000  8.300000000 0.091834023600
818.789978000  8.300000000 0.095746047800
818.815002000  8.300000000 0.099578745700
818.840027000  8.300000000 0.103319362000
818.864990000  8.300000000 0.106955528000
818.890015000  8.300000000 0.110475332000
818.914978000  8.300000000 0.113867462000
818.940002000  8.300000000 0.117121138000
818.965027000  8.300000000 0.120226309000
818.989990000  8.300000000 0.123173602000
819.015015000  8.300000000 0.125954390000
819.039978000  8.300000000 0.128560811000
819.065002000  8.300000000 0.130985826000
819.090027000  8.300000000 0.133223280000
819.114990000  8.300000000 0.135267690000
819.140015000  8.300000000 0.137114435000
819.164978000  8.300000000 0.138759866000
819.190002000  8.300000000 0.140200943000
819.215027000  8.300000000 0.141435519000
819.239990000  8.300000000 0.142462254000
819.265015000  8.300000000 0.143280536000
819.289978000  8.300000000 0.143890634000
819.315002000  8.300000000 0.144293472000
819.340027000  8.300000000 0.144490793000
819.364990000  8.300000000 0.144485101000
819.390015000  8.300000000 0.144279584000
819.414978000  8.300000000 0.143878251000
819.440002000  8.300000000 0.143285707000
819.465027000  8.300000000 0.142507434000
819.489990000  8.300000000 0.141549513000
819.515015000  8.300000000 0.140418738000
819.539978000  8.300000000 0.139122576000
819.565002000  8.300000000 0.137669057000
819.590027000  8.300000000 0.136066794000
819.614990000  8.300000000 0.134324983000
819.640015000  8.300000000 0.132453114000
819.664978000  8.300000000 0.130461276000
819.690002000  8.300000000 0.128359839000
819.715027000  8.300000000 0.126159474000
819.739990000  8.300000000 0.123871244000
819.765015000  8.300000000 0.121506348000
819.789978000  8.300000000 0.119076252000
819.815002000  8.300000000 0.116592571000
819.840027000  8.300000000 0.114066951000
819.864990000  8.300000000 0.111511149000
819.890015000  8.300000000 0.108936913000
819.914978000  8.300000000 0.106355801000
819.940002000  8.300000000 0.103779316000
819.965027000  8.300000000 0.101218723000
819.989990000  8.300000000 0.098684951700
820.015015000  8.300000000 0.096188642100
820.039978000  8.300000000 0.093739941700
820.065002000  8.300000000 0.091348625700
820.090027000  8.300000000 0.089023925400
820.114990000  8.300000000 0.086774505700
820.140015000  8.300000000 0.084608398400
820.164978000  8.300000000 0.082532979500
820.190002000  8.300000000 0.080554902600
820.215027000  8.300000000 0.078679993700
820.239990000  8.300000000 0.076913312100
820.265015000  8.300000000 0.075259015000
820.289978000  8.300000000 0.073720358300
820.315002000  8.300000000 0.072299771000
820.340027000  8.300000000 0.070998646300
820.364990000  8.300000000 0.069817565400
820.390015000  8.300000000 0.068756215300
820.414978000  8.300000000 0.067813426300
820.440002000  8.300000000 0.066987298400
820.465027000  8.300000000 0.066275164500
820.489990000  8.300000000 0.065673708900
820.515015000  8.300000000 0.065179020200
820.539978000  8.300000000 0.064786590600
820.565002000  8.300000000 0.064491398600
820.590027000  8.300000000 0.064287982900
820.614990000  8.300000000 0.064170457400
820.640015000  8.300000000 0.064132615900
820.664978000  8.300000000 0.064167872100
820.690002000  8.300000000 0.064269490500
820.715027000  8.300000000 0.064430482700
820.739990000  8.300000000 0.064643740700
820.765015000  8.300000000 0.064902000100
820.789978000  8.300000000 0.065197959500
820.815002000  8.300000000 0.065524265200
820.840027000  8.300000000 0.065873645200
820.864990000  8.300000000 0.066238872700
820.890015000  8.300000000 0.066612824800
820.914978000  8.300000000 0.066988579900
820.940002000  8.300000000 0.067359395300
820.965027000  8.300000000 0.067718826200
820.989990000  8.300000000 0.068060711000
821.015015000  8.300000000 0.068379208400
821.039978000  8.300000000 0.068668872100
821.065002000  8.300000000 0.068924620700
821.090027000  8.300000000 0.069141827500
821.114990000  8.300000000 0.069316238200
821.140015000  8.300000000 0.069444067800
821.164978000  8.300000000 0.069521985900
821.190002000  8.300000000 0.069547094400
821.215027000  8.300000000 0.069516912100
821.239990000  8.300000000 0.069429472100
821.265015000  8.300000000 0.069283209700
821.289978000  8.300000000 0.069076977700
821.315002000  8.300000000 0.068810127700
821.340027000  8.300000000 0.068482384100
821.364990000  8.300000000 0.068093821400
821.390015000  8.300000000 0.067644879200
821.414978000  8.300000000 0.067136287700
821.440002000  8.300000000 0.066569045200
821.465027000  8.300000000 0.065944336400
821.489990000  8.300000000 0.065263487400
821.515015000  8.300000000 0.064527981000
821.539978000  8.300000000 0.063739471100
821.565002000  8.300000000 0.062899522500
821.590027000  8.300000000 0.062009852400
821.614990000  8.300000000 0.061072059000
821.640015000  8.300000000 0.060087759000
821.664978000  8.300000000 0.059058364500
821.690002000  8.300000000 0.057985305800
821.715027000  8.300000000 0.056869756400
821.739990000  8.300000000 0.055712729700
821.765015000  8.300000000 0.054515015300
821.789978000  8.300000000 0.053277336100
821.815002000  8.300000000 0.052000019700
821.840027000  8.300000000 0.050683431300
821.864990000  8.300000000 0.049327708800
821.890015000  8.300000000 0.047932978700
821.914978000  8.300000000 0.046499226200
821.940002000  8.300000000 0.045026518400
821.965027000  8.300000000 0.043514929700
821.989990000  8.300000000 0.041964668800
822.015015000  8.300000000 0.040376011300
822.039978000  8.300000000 0.038749516000
822.065002000  8.300000000 0.037085928000
822.090027000  8.300000000 0.035386186100
822.114990000  8.300000000 0.033651512100
822.140015000  8.300000000 0.031883373900
822.164978000  8.300000000 0.030083557600
822.190002000  8.300000000 0.028254065700
822.215027000  8.300000000 0.026397299000
822.239990000  8.300000000 0.024515813200
822.265015000  8.300000000 0.022612543800
822.289978000  8.300000000 0.020690491400
822.315002000  8.300000000 0.018752967900
822.340027000  8.300000000 0.016803398700
822.364990000  8.300000000 0.014845329300
822.390015000  8.300000000 0.012882405000
822.414978000  8.300000000 0.010918235400
822.440002000  8.300000000 0.008956479840
822.465027000  8.300000000 0.007000603250
822.489990000  8.300000000 0.005053983070
822.515015000  8.300000000 0.003119842850
822.539978000  8.300000000 0.001201110660
822.565002000  8.300000000 -0.000699454977
822.590027000  8.300000000 -0.002579411490
822.614990000  8.300000000 -0.004436633080
822.640015000  8.300000000 -0.006269256580
822.664978000  8.300000000 -0.008075883610
822.690002000  8.300000000 -0.009855421260
822.715027000  8.300000000 -0.011607104000
822.739990000  8.300000000 -0.013330584400
822.765015000  8.300000000 -0.015025791700
822.789978000  8.300000000 -0.016693061200
822.815002000  8.300000000 -0.018332960100
822.840027000  8.300000000 -0.019946472700
822.864990000  8.300000000 -0.021534703700
822.890015000  8.300000000 -0.023099016400
822.914978000  8.300000000 -0.024640837700
822.940002000  8.300000000 -0.026161676300
822.965027000  8.300000000 -0.027663080000
822.989990000  8.300000000 -0.029146544600
823.015015000  8.300000000 -0.030613387000
823.039978000  8.300000000 -0.032064791800
823.065002000  8.300000000 -0.033501591500
823.090027000  8.300000000 -0.034924306000
823.114990000  8.300000000 -0.036333039400
823.140015000  8.300000000 -0.037727460300
823.164978000  8.300000000 -0.039106771300
823.190002000  8.300000000 -0.040469728400
823.215027000  8.300000000 -0.041814565700
823.239990000  8.300000000 -0.043139040500
823.265015000  8.300000000 -0.044440507900
823.289978000  8.300000000 -0.045715786500
823.315002000  8.300000000 -0.046961415600
823.340027000  8.300000000 -0.048173543100
823.364990000  8.300000000 -0.049348037700
823.390015000  8.300000000 -0.050480496100
823.414978000  8.300000000 -0.051566291600
823.440002000  8.300000000 -0.052600570000
823.465027000  8.300000000 -0.053578335800
823.489990000  8.300000000 -0.054494459200
823.515015000  8.300000000 -0.055343814200
823.539978000  8.300000000 -0.056121241300
823.565002000  8.300000000 -0.056821703900
823.590027000  8.300000000 -0.057440251100
823.614990000  8.300000000 -0.057972114500
823.640015000  8.300000000 -0.058412812700
823.664978000  8.300000000 -0.058758117300
823.690002000  8.300000000 -0.059004284400
823.715027000  8.300000000 -0.059148017300
823.739990000  8.300000000 -0.059186484700
823.765015000  8.300000000 -0.059117414100
823.789978000  8.300000000 -0.058939136600
823.815002000  8.300000000 -0.058650523400
823.840027000  8.300000000 -0.058251045600
823.864990000  8.300000000 -0.057740874600
823.890015000  8.300000000 -0.057120729200
823.914978000  8.300000000 -0.056391969300
823.940002000  8.300000000 -0.055556640000
823.965027000  8.300000000 -0.054617300600
823.989990000  8.300000000 -0.053577087800
824.015015000  8.300000000 -0.052439741800
824.039978000  8.300000000 -0.051209565300
824.065002000  8.300000000 -0.049891311700
824.090027000  8.300000000 -0.048490297000
824.114990000  8.300000000 -0.047012288100
824.140015000  8.300000000 -0.045463427900
824.164978000  8.300000000 -0.043850239400
824.190002000  8.300000000 -0.042179577100
824.215027000  8.300000000 -0.040458511600
824.239990000  8.300000000 -0.038694441300
824.265015000  8.300000000 -0.036894891400
824.289978000  8.300000000 -0.035067550800
824.315002000  8.300000000 -0.033220265100
824.340027000  8.300000000 -0.031360961500
824.364990000  8.300000000 -0.029497634600
824.390015000  8.300000000 -0.027638383200
824.414978000  8.300000000 -0.025791360100
824.440002000  8.300000000 -0.023964794400
824.465027000  8.300000000 -0.022166919000
824.489990000  8.300000000 -0.020405959300
824.515015000  8.300000000 -0.018690208000
824.539978000  8.300000000 -0.017027908900
824.565002000  8.300000000 -0.015427278400
824.590027000  8.300000000 -0.013896461600
824.614990000  8.300000000 -0.012443449300
824.640015000  8.300000000 -0.011076129000
824.664978000  8.300000000 -0.009802132840
824.690002000  8.300000000 -0.008628792130
824.715027000  8.300000000 -0.007563096010
824.739990000  8.300000000 -0.006611611690
824.765015000  8.300000000 -0.005780324810
824.789978000  8.300000000 -0.005074626770
824.815002000  8.300000000 -0.004499158360
824.840027000  8.300000000 -0.004057766400
824.864990000  8.300000000 -0.003753437890
824.890015000  8.300000000 -0.003588133490
824.914978000  8.300000000 -0.003562867640
824.940002000  8.300000000 -0.003677526260
824.965027000  8.300000000 -0.003930974290
824.989990000  8.300000000 -0.004320827310
825.015015000  8.300000000 -0.004843776580
825.039978000  8.300000000 -0.005495245100
825.065002000  8.300000000 -0.006269609090
825.090027000  8.300000000 -0.007160194680
825.114990000  8.300000000 -0.008159263990
825.140015000  8.300000000 -0.009258092380
825.164978000  8.300000000 -0.010446996400
825.190002000  8.300000000 -0.011715421500
825.215027000  8.300000000 -0.013051983900
825.239990000  8.300000000 -0.014444513200
825.265015000  8.300000000 -0.015880223400
825.289978000  8.300000000 -0.017345778600
825.315002000  8.300000000 -0.018827300500
825.340027000  8.300000000 -0.020310621700
825.364990000  8.300000000 -0.021781351400
825.390015000  8.300000000 -0.023225048600
825.414978000  8.300000000 -0.024627283200
825.440002000  8.300000000 -0.025973891800
825.465027000  8.300000000 -0.027251031200
825.489990000  8.300000000 -0.028445368600
825.515015000  8.300000000 -0.029544116900
825.539978000  8.300000000 -0.030535202500
825.565002000  8.300000000 -0.031407326500
825.590027000  8.300000000 -0.032150086000
825.614990000  8.300000000 -0.032753944400
825.640015000  8.300000000 -0.033210445200
825.664978000  8.300000000 -0.033512048400
825.690002000  8.300000000 -0.033652357800
825.715027000  8.300000000 -0.033625919400
825.739990000  8.300000000 -0.033428367200
825.765015000  8.300000000 -0.033056378400
825.789978000  8.300000000 -0.032507605900
825.815002000  8.300000000 -0.031780790500
825.840027000  8.300000000 -0.030875578500
825.864990000  8.300000000 -0.029792573300
825.890015000  8.300000000 -0.028533393500
825.914978000  8.300000000 -0.027100412200
825.940002000  8.300000000 -0.025496918700
825.965027000  8.300000000 -0.023726929000
825.989990000  8.300000000 -0.021795185300
826.015015000  8.300000000 -0.019707094900
826.039978000  8.300000000 -0.017468569800
826.065002000  8.300000000 -0.015086021300
826.090027000  8.300000000 -0.012566315000
826.114990000  8.300000000 -0.009916572830
826.140015000  8.300000000 -0.007144225760
826.164978000  8.300000000 -0.004256900400
826.190002000  8.300000000 -0.001262368050
826.215027000  8.300000000 0.001831506960
826.239990000  8.300000000 0.005016681740
826.265015000  8.300000000 0.008285128510
826.289978000  8.300000000 0.011628754400
826.315002000  8.300000000 0.015039406700
826.340027000  8.300000000 0.018508926000
826.364990000  8.300000000 0.022029202400
826.390015000  8.300000000 0.025592101700
826.414978000  8.300000000 0.029189525200
826.440002000  8.300000000 0.032813388900
826.465027000  8.300000000 0.036455668500
826.489990000  8.300000000 0.040108501900
826.515015000  8.300000000 0.043764021200
826.539978000  8.300000000 0.047414485400
826.565002000  8.300000000 0.051052309600
826.590027000  8.300000000 0.054670203500
826.614990000  8.300000000 0.058260895300
826.640015000  8.300000000 0.061817396400
826.664978000  8.300000000 0.065333053500
826.690002000  8.300000000 0.068801350900
826.715027000  8.300000000 0.072216264900
826.739990000  8.300000000 0.075571991500
826.765015000  8.300000000 0.078863270600
826.789978000  8.300000000 0.082085155000
826.815002000  8.300000000 0.085233271100
826.840027000  8.300000000 0.088303752200
826.864990000  8.300000000 0.091293193400
826.890015000  8.300000000 0.094198815500
826.914978000  8.300000000 0.097018249300
826.940002000  8.300000000 0.099749811000
826.965027000  8.300000000 0.102392361000
826.989990000  8.300000000 0.104945138000
827.015015000  8.300000000 0.107407935000
827.039978000  8.300000000 0.109781101000
827.065002000  8.300000000 0.112065308000
827.090027000  8.300000000 0.114261657000
827.114990000  8.300000000 0.116371624000
827.140015000  8.300000000 0.118397005000
827.164978000  8.300000000 0.120339744000
827.190002000  8.300000000 0.122202128000
827.215027000  8.300000000 0.123986535000
827.239990000  8.300000000 0.125695348000
827.265015000  8.300000000 0.127331153000
827.289978000  8.300000000 0.128896445000
827.315002000  8.300000000 0.130393595000
827.340027000  8.300000000 0.131825015000
827.364990000  8.300000000 0.133192897000
827.390015000  8.300000000 0.134499311000
827.414978000  8.300000000 0.135746121000
827.440002000  8.300000000 0.136934951000
827.465027000  8.300000000 0.138067260000
827.489990000  8.300000000 0.139144272000
827.515015000  8.300000000 0.140166849000
827.539978000  8.300000000 0.141135812000
827.565002000  8.300000000 0.142051518000
827.590027000  8.300000000 0.142914385000
827.614990000  8.300000000 0.143724352000
827.640015000  8.300000000 0.144481376000
827.664978000  8.300000000 0.145185158000
827.690002000  8.300000000 0.145835236000
827.715027000  8.300000000 0.146431088000
827.739990000  8.300000000 0.146971911000
827.765015000  8.300000000 0.147456929000
827.789978000  8.300000000 0.147885203000
827.815002000  8.300000000 0.148255631000
827.840027000  8.300000000 0.148567036000
827.864990000  8.300000000 0.148818165000
827.890015000  8.300000000 0.149007604000
827.914978000  8.300000000 0.149133995000
827.940002000  8.300000000 0.149195865000
827.965027000  8.300000000 0.149191633000
827.989990000  8.300000000 0.149119988000
828.015015000  8.300000000 0.148979232000
828.039978000  8.300000000 0.148767993000
828.065002000  8.300000000 0.148484930000
828.090027000  8.300000000 0.148128748000
828.114990000  8.300000000 0.147698447000
828.140015000  8.300000000 0.147193313000
828.164978000  8.300000000 0.146612942000
828.190002000  8.300000000 0.145957321000
828.215027000  8.300000000 0.145226970000
828.239990000  8.300000000 0.144422978000
828.265015000  8.300000000 0.143546909000
828.289978000  8.300000000 0.142600924000
828.315002000  8.300000000 0.141587868000
828.340027000  8.300000000 0.140511036000
828.364990000  8.300000000 0.139374435000
828.390015000  8.300000000 0.138182491000
828.414978000  8.300000000 0.136940271000
828.440002000  8.300000000 0.135653391000
828.465027000  8.300000000 0.134327888000
828.489990000  8.300000000 0.132970318000
828.515015000  8.300000000 0.131587833000
828.539978000  8.300000000 0.130187869000
828.565002000  8.300000000 0.128778383000
828.590027000  8.300000000 0.127367809000
828.614990000  8.300000000 0.125964805000
828.640015000  8.300000000 0.124578528000
828.664978000  8.300000000 0.123218238000
828.690002000  8.300000000 0.121893406000
828.715027000  8.300000000 0.120613620000
828.739990000  8.300000000 0.119388454000
828.765015000  8.300000000 0.118227340000
828.789978000  8.300000000 0.117139466000
828.815002000  8.300000000 0.116133668000
828.840027000  8.300000000 0.115218304000
828.864990000  8.300000000 0.114401154000
828.890015000  8.300000000 0.113689207000
828.914978000  8.300000000 0.113088802000
828.940002000  8.300000000 0.112605207000
828.965027000  8.300000000 0.112242907000
828.989990000  8.300000000 0.112005278000
829.015015000  8.300000000 0.111894608000
829.039978000  8.300000000 0.111912072000
829.065002000  8.300000000 0.112057716000
829.090027000  8.300000000 0.112330362000
829.114990000  8.300000000 0.112727650000
829.140015000  8.300000000 0.113246150000
829.164978000  8.300000000 0.113881104000
829.190002000  8.300000000 0.114626810000
829.215027000  8.300000000 0.115476452000
829.239990000  8.300000000 0.116422102000
829.265015000  8.300000000 0.117455080000
829.289978000  8.300000000 0.118565664000
829.315002000  8.300000000 0.119743556000
829.340027000  8.300000000 0.120977782000
829.364990000  8.300000000 0.122256778000
829.390015000  8.300000000 0.123568617000
829.414978000  8.300000000 0.124901012000
829.440002000  8.300000000 0.126241431000
829.465027000  8.300000000 0.127577350000
829.489990000  8.300000000 0.128896073000
829.515015000  8.300000000 0.130185008000
829.539978000  8.300000000 0.131431699000
829.565002000  8.300000000 0.132623866000
829.590027000  8.300000000 0.133749515000
829.614990000  8.300000000 0.134796798000
829.640015000  8.300000000 0.135754451000
829.664978000  8.300000000 0.136611298000
829.690002000  8.300000000 0.137356758000
829.715027000  8.300000000 0.137980580000
829.739990000  8.300000000 0.138472974000
829.765015000  8.300000000 0.138824537000
829.789978000  8.300000000 0.139026359000
829.815002000  8.300000000 0.139069989000
829.840027000  8.300000000 0.138947532000
829.864990000  8.300000000 0.138651803000
829.890015000  8.300000000 0.138176084000
829.914978000  8.300000000 0.137514442000
829.940002000  8.300000000 0.136661723000
829.965027000  8.300000000 0.135613501000
829.989990000  8.300000000 0.134366348000
830.015015000  8.300000000 0.132917643000
830.039978000  8.300000000 0.131265745000
830.065002000  8.300000000 0.129410043000
830.090027000  8.300000000 0.127350822000
830.114990000  8.300000000 0.125089392000
830.140015000  8.300000000 0.122627996000
830.164978000  8.300000000 0.119969867000
830.190002000  8.300000000 0.117119230000
830.215027000  8.300000000 0.114081189000
830.239990000  8.300000000 0.110861734000
830.265015000  8.300000000 0.107467748000
830.289978000  8.300000000 0.103906848000
830.315002000  8.300000000 0.100187518000
830.340027000  8.300000000 0.096318863300
830.364990000  8.300000000 0.092310741500
830.390015000  8.300000000 0.088173568200
830.414978000  8.300000000 0.083918280900
830.440002000  8.300000000 0.079556368300
830.465027000  8.300000000 0.075099624700
830.489990000  8.300000000 0.070560194600
830.515015000  8.300000000 0.065950438400
830.539978000  8.300000000 0.061282850800
830.565002000  8.300000000 0.056569937600
830.590027000  8.300000000 0.051824174800
830.614990000  8.300000000 0.047057811200
830.640015000  8.300000000 0.042282827200
830.664978000  8.300000000 0.037510868200
830.690002000  8.300000000 0.032753132300
830.715027000  8.300000000 0.028020309300
830.739990000  8.300000000 0.023322507700
830.765015000  8.300000000 0.018669232700
830.789978000  8.300000000 0.014069311300
830.815002000  8.300000000 0.009530881420
830.840027000  8.300000000 0.005061329810
830.864990000  8.300000000 0.000667379296
830.890015000  8.300000000 -0.003644976300
830.914978000  8.300000000 -0.007870413360
830.940002000  8.300000000 -0.012004208800
830.965027000  8.300000000 -0.016042297700
830.989990000  8.300000000 -0.019981134700
831.015015000  8.300000000 -0.023817643500
831.039978000  8.300000000 -0.027549255600
831.065002000  8.300000000 -0.031173745200
831.090027000  8.300000000 -0.034689277400
831.114990000  8.300000000 -0.038094271000
831.140015000  8.300000000 -0.041387446200
831.164978000  8.300000000 -0.044567838300
831.190002000  8.300000000 -0.047634668600
831.215027000  8.300000000 -0.050587452900
831.239990000  8.300000000 -0.053425937900
831.265015000  8.300000000 -0.056150078800
831.289978000  8.300000000 -0.058760102800
831.315002000  8.300000000 -0.061256490600
831.340027000  8.300000000 -0.063639931400
831.364990000  8.300000000 -0.065911375000
831.390015000  8.300000000 -0.068071991200
831.414978000  8.300000000 -0.070123203100
831.440002000  8.300000000 -0.072066575300
831.465027000  8.300000000 -0.073903895900
831.489990000  8.300000000 -0.075637087200
831.515015000  8.300000000 -0.077268406700
831.539978000  8.300000000 -0.078800089700
831.565002000  8.300000000 -0.080234594600
831.590027000  8.300000000 -0.081574447500
831.614990000  8.300000000 -0.082822248300
831.640015000  8.300000000 -0.083980634800
831.664978000  8.300000000 -0.085052169900
831.690002000  8.300000000 -0.086039304700
831.715027000  8.300000000 -0.086944386400
831.739990000  8.300000000 -0.087769530700
831.765015000  8.300000000 -0.088516585500
831.789978000  8.300000000 -0.089187137800
831.815002000  8.300000000 -0.089782424300
831.840027000  8.300000000 -0.090303391200
831.864990000  8.300000000 -0.090750634700
831.890015000  8.300000000 -0.091124355800
831.914978000  8.300000000 -0.091424629100
831.940002000  8.300000000 -0.091651089500
831.965027000  8.300000000 -0.091803118600
831.989990000  8.300000000 -0.091879852100
832.015015000  8.300000000 -0.091880269300
832.039978000  8.300000000 -0.091803066400
832.065002000  8.300000000 -0.091646954400
832.090027000  8.300000000 -0.091410353800
832.114990000  8.300000000 -0.091091826600
832.140015000  8.300000000 -0.090689659100
832.164978000  8.300000000 -0.090202234700
832.190002000  8.300000000 -0.089628040800
832.215027000  8.300000000 -0.088965520300
832.239990000  8.300000000 -0.088213279800
832.265015000  8.300000000 -0.087370157200
832.289978000  8.300000000 -0.086435131700
832.315002000  8.300000000 -0.085407584900
832.340027000  8.300000000 -0.084287121900
832.364990000  8.300000000 -0.083073683100
832.390015000  8.300000000 -0.081767723000
832.414978000  8.300000000 -0.080370008900
832.440002000  8.300000000 -0.078881934300
832.465027000  8.300000000 -0.077305294600
832.489990000  8.300000000 -0.075642496300
832.515015000  8.300000000 -0.073896437900
832.539978000  8.300000000 -0.072070613500
832.565002000  8.300000000 -0.070169135900
832.590027000  8.300000000 -0.068196579800
832.614990000  8.300000000 -0.066158317000
832.640015000  8.300000000 -0.064060203700
832.664978000  8.300000000 -0.061908736800
832.690002000  8.300000000 -0.059710949700
832.715027000  8.300000000 -0.057474400800
832.739990000  8.300000000 -0.055207159400
832.765015000  8.300000000 -0.052917759900
832.789978000  8.300000000 -0.050615087200
832.815002000  8.300000000 -0.048308376200
832.840027000  8.300000000 -0.046007193600
832.864990000  8.300000000 -0.043721221400
832.890015000  8.300000000 -0.041460305500
832.914978000  8.300000000 -0.039234351400
832.940002000  8.300000000 -0.037053216200
832.965027000  8.300000000 -0.034926723700
832.989990000  8.300000000 -0.032864477500
833.015015000  8.300000000 -0.030875872800
833.039978000  8.300000000 -0.028970021800
833.065002000  8.300000000 -0.027155648900
833.090027000  8.300000000 -0.025441037500
833.114990000  8.300000000 -0.023834016200
833.140015000  8.300000000 -0.022341862300
833.164978000  8.300000000 -0.020971287000
833.190002000  8.300000000 -0.019728388600
833.215027000  8.300000000 -0.018618667500
833.239990000  8.300000000 -0.017646975800
833.265015000  8.300000000 -0.016817458000
833.289978000  8.300000000 -0.016133612000
833.315002000  8.300000000 -0.015598249600
833.340027000  8.300000000 -0.015213535200
833.364990000  8.300000000 -0.014980913100
833.390015000  8.300000000 -0.014901213300
833.414978000  8.300000000 -0.014974590400
833.440002000  8.300000000 -0.015200436100
833.465027000  8.300000000 -0.015577547300
833.489990000  8.300000000 -0.016103956800
833.515015000  8.300000000 -0.016777105600
833.539978000  8.300000000 -0.017593709800
833.565002000  8.300000000 -0.018549853900
833.590027000  8.300000000 -0.019641000800
833.614990000  8.300000000 -0.020861985200
833.640015000  8.300000000 -0.022207053400
833.664978000  8.300000000 -0.023669946900
833.690002000  8.300000000 -0.025243863500
833.715027000  8.300000000 -0.026921525600
833.739990000  8.300000000 -0.028695350500
833.765015000  8.300000000 -0.030557269200
833.789978000  8.300000000 -0.032498981800
833.815002000  8.300000000 -0.034511894000
833.840027000  8.300000000 -0.036587145200
833.864990000  8.300000000 -0.038715772300
833.890015000  8.300000000 -0.040888637300
833.914978000  8.300000000 -0.043096516300
833.940002000  8.300000000 -0.045330129600
833.965027000  8.300000000 -0.047580178800
833.989990000  8.300000000 -0.049837417900
834.015015000  8.300000000 -0.052092589400
834.039978000  8.300000000 -0.054336577700
834.065002000  8.300000000 -0.056560359900
834.090027000  8.300000000 -0.058755110900
834.114990000  8.300000000 -0.060912240300
834.140015000  8.300000000 -0.063023224500
834.164978000  8.300000000 -0.065079920000
834.190002000  8.300000000 -0.067074388300
834.215027000  8.300000000 -0.068998985000
834.239990000  8.300000000 -0.070846423500
834.265015000  8.300000000 -0.072609782200
834.289978000  8.300000000 -0.074282519500
834.315002000  8.300000000 -0.075858615300
834.340027000  8.300000000 -0.077332489200
834.364990000  8.300000000 -0.078699111900
834.390015000  8.300000000 -0.079953946200
834.414978000  8.300000000 -0.081093065400
834.440002000  8.300000000 -0.082113109500
834.465027000  8.300000000 -0.083011329200
834.489990000  8.300000000 -0.083785519000
834.515015000  8.300000000 -0.084434092000
834.539978000  8.300000000 -0.084955997800
834.565002000  8.300000000 -0.085350729500
834.590027000  8.300000000 -0.085618451200
834.614990000  8.300000000 -0.085759773900
834.640015000  8.300000000 -0.085776105500
834.664978000  8.300000000 -0.085669331300
834.690002000  8.300000000 -0.085442043800
834.715027000  8.300000000 -0.085097454500
834.739990000  8.300000000 -0.084639459800
834.765015000  8.300000000 -0.084072537700
834.789978000  8.300000000 -0.083401843900
834.815002000  8.300000000 -0.082633093000
834.840027000  8.300000000 -0.081772506200
834.864990000  8.300000000 -0.080826737000
834.890015000  8.300000000 -0.079802855800
834.914978000  8.300000000 -0.078708268700
834.940002000  8.300000000 -0.077550612400
834.965027000  8.300000000 -0.076337717500
834.989990000  8.300000000 -0.075077489000
835.015015000  8.300000000 -0.073777914000
835.039978000  8.300000000 -0.072446920000
835.065002000  8.300000000 -0.071092329900
835.090027000  8.300000000 -0.069721765800
835.114990000  8.300000000 -0.068342663300
835.140015000  8.300000000 -0.066962115500
835.164978000  8.300000000 -0.065586887300
835.190002000  8.300000000 -0.064223326700
835.215027000  8.300000000 -0.062877349600
835.239990000  8.300000000 -0.061554390900
835.265015000  8.300000000 -0.060259424100
835.289978000  8.300000000 -0.058996941900
835.315002000  8.300000000 -0.057770967500
835.340027000  8.300000000 -0.056585162900
835.364990000  8.300000000 -0.055442746700
835.390015000  8.300000000 -0.054346758900
835.414978000  8.300000000 -0.053299941100
835.440002000  8.300000000 -0.052304916100
835.465027000  8.300000000 -0.051364291500
835.489990000  8.300000000 -0.050480578100
835.515015000  8.300000000 -0.049656432100
835.539978000  8.300000000 -0.048894554400
835.565002000  8.300000000 -0.048197757500
835.590027000  8.300000000 -0.047568995500
835.614990000  8.300000000 -0.047011256200
835.640015000  8.300000000 -0.046527627900
835.664978000  8.300000000 -0.046121224800
835.690002000  8.300000000 -0.045795042100
835.715027000  8.300000000 -0.045552078600
835.739990000  8.300000000 -0.045395080000
835.765015000  8.300000000 -0.045326631500
835.789978000  8.300000000 -0.045348987000
835.815002000  8.300000000 -0.045464027700
835.840027000  8.300000000 -0.045673180400
835.864990000  8.300000000 -0.045977458400
835.890015000  8.300000000 -0.046377304900
835.914978000  8.300000000 -0.046872563700
835.940002000  8.300000000 -0.047462515500
835.965027000  8.300000000 -0.048145826900
835.989990000  8.300000000 -0.048920508500
836.015015000  8.300000000 -0.049783986100
836.039978000  8.300000000 -0.050733052200
836.065002000  8.300000000 -0.051763989000
836.090027000  8.300000000 -0.052872534800
836.114990000  8.300000000 -0.054053973400
836.140015000  8.300000000 -0.055303245800
836.164978000  8.300000000 -0.056614853400
836.190002000  8.300000000 -0.057983122800
836.215027000  8.300000000 -0.059402078400
836.239990000  8.300000000 -0.060865651800
836.265015000  8.300000000 -0.062367569700
836.289978000  8.300000000 -0.063901558500
836.315002000  8.300000000 -0.065461300300
836.340027000  8.300000000 -0.067040473200
836.364990000  8.300000000 -0.068632781500
836.390015000  8.300000000 -0.070232093300
836.414978000  8.300000000 -0.071832388600
836.440002000  8.300000000 -0.073427774000
836.465027000  8.300000000 -0.075012639200
836.489990000  8.300000000 -0.076581567500
836.515015000  8.300000000 -0.078129366000
836.539978000  8.300000000 -0.079651169500
836.565002000  8.300000000 -0.081142365900
836.590027000  8.300000000 -0.082598663900
836.614990000  8.300000000 -0.084016002700
836.640015000  8.300000000 -0.085390664600
836.664978000  8.300000000 -0.086719155300
836.690002000  8.300000000 -0.087998233700
836.715027000  8.300000000 -0.089224807900
836.739990000  8.300000000 -0.090396031700
836.765015000  8.300000000 -0.091509185700
836.789978000  8.300000000 -0.092561699500
836.815002000  8.300000000 -0.093551084400
836.840027000  8.300000000 -0.094475030900
836.864990000  8.300000000 -0.095331236700
836.890015000  8.300000000 -0.096117503900
836.914978000  8.300000000 -0.096831753800
836.940002000  8.300000000 -0.097471907700
836.965027000  8.300000000 -0.098035946500
836.989990000  8.300000000 -0.098521955300
837.015015000  8.300000000 -0.098928056700
837.039978000  8.300000000 -0.099252387900
837.065002000  8.300000000 -0.099493205500
837.090027000  8.300000000 -0.099648736400
837.114990000  8.300000000 -0.099717326500
837.140015000  8.300000000 -0.099697254600
837.164978000  8.300000000 -0.099586956200
837.190002000  8.300000000 -0.099384784700
837.215027000  8.300000000 -0.099089227600
837.239990000  8.300000000 -0.098698854400
837.265015000  8.300000000 -0.098212294300
837.289978000  8.300000000 -0.097628332700
837.315002000  8.300000000 -0.096945941400
837.340027000  8.300000000 -0.096164271200
837.364990000  8.300000000 -0.095282688700
837.390015000  8.300000000 -0.094300903400
837.414978000  8.300000000 -0.093218877900
837.440002000  8.300000000 -0.092036992300
837.465027000  8.300000000 -0.090755969300
837.489990000  8.300000000 -0.089377000900
837.515015000  8.300000000 -0.087901644400
837.539978000  8.300000000 -0.086332015700
837.565002000  8.300000000 -0.084670692700
837.590027000  8.300000000 -0.082920685400
837.614990000  8.300000000 -0.081085540400
837.640015000  8.300000000 -0.079169265900
837.664978000  8.300000000 -0.077176258000
837.690002000  8.300000000 -0.075111381700
837.715027000  8.300000000 -0.072979830200
837.739990000  8.300000000 -0.070787109400
837.765015000  8.300000000 -0.068538948900
837.789978000  8.300000000 -0.066241256900
837.815002000  8.300000000 -0.063900090800
837.840027000  8.300000000 -0.061521504100
837.864990000  8.300000000 -0.059111591400
837.890015000  8.300000000 -0.056676402700
837.914978000  8.300000000 -0.054221909500
837.940002000  8.300000000 -0.051754001500
837.965027000  8.300000000 -0.049278434400
837.989990000  8.300000000 -0.046800866700
838.015015000  8.300000000 -0.044326804600
838.039978000  8.300000000 -0.041861649600
838.065002000  8.300000000 -0.039410699200
838.090027000  8.300000000 -0.036979127700
838.114990000  8.300000000 -0.034571979200
838.140015000  8.300000000 -0.032194219500
838.164978000  8.300000000 -0.029850736300
838.190002000  8.300000000 -0.027546238200
838.215027000  8.300000000 -0.025285365100
838.239990000  8.300000000 -0.023072620900
838.265015000  8.300000000 -0.020912354800
838.289978000  8.300000000 -0.018808767200
838.315002000  8.300000000 -0.016765864600
838.340027000  8.300000000 -0.014787507200
838.364990000  8.300000000 -0.012877279900
838.390015000  8.300000000 -0.011038519400
838.414978000  8.300000000 -0.009274342100
838.440002000  8.300000000 -0.007587482690
838.465027000  8.300000000 -0.005980369170
838.489990000  8.300000000 -0.004455020190
838.515015000  8.300000000 -0.003013007580
838.539978000  8.300000000 -0.001655519010
838.565002000  8.300000000 -0.000383209932
838.590027000  8.300000000 0.000803715491
838.614990000  8.300000000 0.001905543610
838.640015000  8.300000000 0.002923049270
838.664978000  8.300000000 0.003857428670
838.690002000  8.300000000 0.004710341340
838.715027000  8.300000000 0.005483860620
838.739990000  8.300000000 0.006180417260
838.765015000  8.300000000 0.006802770310
838.789978000  8.300000000 0.007354004310
838.815002000  8.300000000 0.007837414740
838.840027000  8.300000000 0.008256492200
838.864990000  8.300000000 0.008614891210
838.890015000  8.300000000 0.008916328660
838.914978000  8.300000000 0.009164548480
838.940002000  8.300000000 0.009363352320
838.965027000  8.300000000 0.009516471070
838.989990000  8.300000000 0.009627664460
839.015015000  8.300000000 0.009700514380
839.039978000  8.300000000 0.009738603610
839.065002000  8.300000000 0.009745328690
839.090027000  8.300000000 0.009724001400
839.114990000  8.300000000 0.009677771480
839.140015000  8.300000000 0.009609673170
839.164978000  8.300000000 0.009522577750
839.190002000  8.300000000 0.009419244710
839.215027000  8.300000000 0.009302264080
839.239990000  8.300000000 0.009174148550
839.265015000  8.300000000 0.009037263690
839.289978000  8.300000000 0.008893880990
839.315002000  8.300000000 0.008746159260
839.340027000  8.300000000 0.008596129720
839.364990000  8.300000000 0.008445773270
839.390015000  8.300000000 0.008296846410
839.414978000  8.300000000 0.008151045070
839.440002000  8.300000000 0.008009858430
839.465027000  8.300000000 0.007874650880
839.489990000  8.300000000 0.007746595420
839.515015000  8.300000000 0.007626647600
839.539978000  8.300000000 0.007515607870
839.565002000  8.300000000 0.007413974500
839.590027000  8.300000000 0.007322064140
839.614990000  8.300000000 0.007239926140
839.640015000  8.300000000 0.007167354690
839.664978000  8.300000000 0.007103830580
839.690002000  8.300000000 0.007048601750
839.715027000  8.300000000 0.007000601850
839.739990000  8.300000000 0.006958499090
839.765015000  8.300000000 0.006920690180
839.789978000  8.300000000 0.006885348350
839.815002000  8.300000000 0.006850446110
839.840027000  8.300000000 0.006813754330
839.864990000  8.300000000 0.006772968920
839.890015000  8.300000000 0.006725687070
839.914978000  8.300000000 0.006669513420
839.940002000  8.300000000 0.006602107080
839.965027000  8.300000000 0.006521284580
839.989990000  8.300000000 0.006425035190
840.015015000  8.300000000 0.006311653650
840.039978000  8.300000000 0.006179736930
840.065002000  8.300000000 0.006028280130
840.090027000  8.300000000 0.005856747740
840.114990000  8.300000000 0.005665038710
840.140015000  8.300000000 0.005453594490
840.164978000  8.300000000 0.005223347340
840.190002000  8.300000000 0.004975772000
840.215027000  8.300000000 0.004712853120
840.239990000  8.300000000 0.004437051250
840.265015000  8.300000000 0.004151324740
840.289978000  8.300000000 0.003859015880
840.315002000  8.300000000 0.003563871840
840.340027000  8.300000000 0.003269960640
840.364990000  8.300000000 0.002981650410
840.390015000  8.300000000 0.002703526760
840.414978000  8.300000000 0.002440362240
840.440002000  8.300000000 0.002197072840
840.465027000  8.300000000 0.001978650690
840.489990000  8.300000000 0.001790129350
840.515015000  8.300000000 0.001636545290
840.539978000  8.300000000 0.001522909150
840.565002000  8.300000000 0.001454153910
840.590027000  8.300000000 0.001435125830
840.614990000  8.300000000 0.001470548680
840.640015000  8.300000000 0.001564996670
840.664978000  8.300000000 0.001722848620
840.690002000  8.300000000 0.001948238700
840.715027000  8.300000000 0.002245042240
840.739990000  8.300000000 0.002616804330
840.765015000  8.300000000 0.003066684350
840.789978000  8.300000000 0.003597438570
840.815002000  8.300000000 0.004211336840
840.840027000  8.300000000 0.004910130990
840.864990000  8.300000000 0.005695015190
840.890015000  8.300000000 0.006566558030
840.914978000  8.300000000 0.007524718530
840.940002000  8.300000000 0.008568776770
840.965027000  8.300000000 0.009697342290
840.989990000  8.300000000 0.010908308400
841.015015000  8.300000000 0.012198875700
841.039978000  8.300000000 0.013565532900
841.065002000  8.300000000 0.015004098400
841.090027000  8.300000000 0.016509700600
841.114990000  8.300000000 0.018076861300
841.140015000  8.300000000 0.019699484100
841.164978000  8.300000000 0.021370954800
841.190002000  8.300000000 0.023084135700
841.215027000  8.300000000 0.024831462700
841.239990000  8.300000000 0.026604952300
841.265015000  8.300000000 0.028396280500
841.289978000  8.300000000 0.030196821300
841.315002000  8.300000000 0.031997684400
841.340027000  8.300000000 0.033789783700
841.364990000  8.300000000 0.035563837700
841.390015000  8.300000000 0.037310466200
841.414978000  8.300000000 0.039020210500
841.440002000  8.300000000 0.040683589900
841.465027000  8.300000000 0.042291130900
841.489990000  8.300000000 0.043833497900
841.515015000  8.300000000 0.045301485800
841.539978000  8.300000000 0.046686146400
841.565002000  8.300000000 0.047978866800
841.590027000  8.300000000 0.049171425400
841.614990000  8.300000000 0.050256162900
841.640015000  8.300000000 0.051226008700
841.664978000  8.300000000 0.052074618600
841.690002000  8.300000000 0.052796471900
841.715027000  8.300000000 0.053386889400
841.739990000  8.300000000 0.053842138500
841.765015000  8.300000000 0.054159522100
841.789978000  8.300000000 0.054337285500
841.815002000  8.300000000 0.054374694800
841.840027000  8.300000000 0.054272044500
841.864990000  8.300000000 0.054030586000
841.890015000  8.300000000 0.053652495100
841.914978000  8.300000000 0.053140826500
841.940002000  8.300000000 0.052499417200
841.965027000  8.300000000 0.051732830700
841.989990000  8.300000000 0.050846260000
842.015015000  8.300000000 0.049845486900
842.039978000  8.300000000 0.048736762300
842.065002000  8.300000000 0.047526720900
842.090027000  8.300000000 0.046222273300
842.114990000  8.300000000 0.044830653800
842.140015000  8.300000000 0.043359242400
842.164978000  8.300000000 0.041815463500
842.190002000  8.300000000 0.040206823500
842.215027000  8.300000000 0.038540832700
842.239990000  8.300000000 0.036824904400
842.265015000  8.300000000 0.035066362500
842.289978000  8.300000000 0.033272393000
842.315002000  8.300000000 0.031450055500
842.340027000  8.300000000 0.029606210100
842.364990000  8.300000000 0.027747578900
842.390015000  8.300000000 0.025880649700
842.414978000  8.300000000 0.024011742300
842.440002000  8.300000000 0.022146893700
842.465027000  8.300000000 0.020291956100
842.489990000  8.300000000 0.018452493500
842.515015000  8.300000000 0.016633810500
842.539978000  8.300000000 0.014840929800
842.565002000  8.300000000 0.013078554500
842.590027000  8.300000000 0.011351064800
842.614990000  8.300000000 0.009662544350
842.640015000  8.300000000 0.008016719480
842.664978000  8.300000000 0.006416986700
842.690002000  8.300000000 0.004866408180
842.715027000  8.300000000 0.003367682220
842.739990000  8.300000000 0.001923159230
842.765015000  8.300000000 0.000534854189
842.789978000  8.300000000 -0.000795563916
842.815002000  8.300000000 -0.002066782210
842.840027000  8.300000000 -0.003277794460
842.864990000  8.300000000 -0.004427979700
842.890015000  8.300000000 -0.005517049230
842.914978000  8.300000000 -0.006545050070
842.940002000  8.300000000 -0.007512399460
842.965027000  8.300000000 -0.008419850840
842.989990000  8.300000000 -0.009268523190
843.015015000  8.300000000 -0.010059883800
843.039978000  8.300000000 -0.010795739500
843.065002000  8.300000000 -0.011478206100
843.090027000  8.300000000 -0.012109694100
843.114990000  8.300000000 -0.012692869600
843.140015000  8.300000000 -0.013230598500
843.164978000  8.300000000 -0.013725943900
843.190002000  8.300000000 -0.014182071200
843.215027000  8.300000000 -0.014602243900
843.239990000  8.300000000 -0.014989723500
843.265015000  8.300000000 -0.015347765800
843.289978000  8.300000000 -0.015679530800
843.315002000  8.300000000 -0.015988040700
843.340027000  8.300000000 -0.016276171400
843.364990000  8.300000000 -0.016546575400
843.390015000  8.300000000 -0.016801653400
843.414978000  8.300000000 -0.017043542100
843.440002000  8.300000000 -0.017274107800
843.465027000  8.300000000 -0.017494905700
843.489990000  8.300000000 -0.017707241700
843.515015000  8.300000000 -0.017912128900
843.539978000  8.300000000 -0.018110368400
843.565002000  8.300000000 -0.018302513300
843.590027000  8.300000000 -0.018488949200
843.614990000  8.300000000 -0.018669929400
843.640015000  8.300000000 -0.018845576800
843.664978000  8.300000000 -0.019015943600
843.690002000  8.300000000 -0.019181041000
843.715027000  8.300000000 -0.019340908200
843.739990000  8.300000000 -0.019495597100
843.765015000  8.300000000 -0.019645249500
843.789978000  8.300000000 -0.019790085000
843.815002000  8.300000000 -0.019930496800
843.840027000  8.300000000 -0.020066980300
843.864990000  8.300000000 -0.020200192900
843.890015000  8.300000000 -0.020330930100
843.914978000  8.300000000 -0.020460089700
843.940002000  8.300000000 -0.020588694100
843.965027000  8.300000000 -0.020717801500
843.989990000  8.300000000 -0.020848467900
844.015015000  8.300000000 -0.020981688100
844.039978000  8.300000000 -0.021118450900
844.065002000  8.300000000 -0.021259533200
844.090027000  8.300000000 -0.021405518100
844.114990000  8.300000000 -0.021556777900
844.140015000  8.300000000 -0.021713355600
844.164978000  8.300000000 -0.021875008900
844.190002000  8.300000000 -0.022041056300
844.215027000  8.300000000 -0.022210454600
844.239990000  8.300000000 -0.022381721100
844.265015000  8.300000000 -0.022552862800
844.289978000  8.300000000 -0.022721529000
844.315002000  8.300000000 -0.022884810300
844.340027000  8.300000000 -0.023039415500
844.364990000  8.300000000 -0.023181622800
844.390015000  8.300000000 -0.023307334600
844.414978000  8.300000000 -0.023412076800
844.440002000  8.300000000 -0.023491151600
844.465027000  8.300000000 -0.023539610200
844.489990000  8.300000000 -0.023552376800
844.515015000  8.300000000 -0.023524351400
844.539978000  8.300000000 -0.023450439800
844.565002000  8.300000000 -0.023325722700
844.590027000  8.300000000 -0.023145509900
844.614990000  8.300000000 -0.022905470800
844.640015000  8.300000000 -0.022601671500
844.664978000  8.300000000 -0.022230718300
844.690002000  8.300000000 -0.021789789200
844.715027000  8.300000000 -0.021276766400
844.739990000  8.300000000 -0.020690163600
844.765015000  8.300000000 -0.020029291500
844.789978000  8.300000000 -0.019294187400
844.815002000  8.300000000 -0.018485691400
844.840027000  8.300000000 -0.017605399700
844.864990000  8.300000000 -0.016655674200
844.890015000  8.300000000 -0.015639524900
844.914978000  8.300000000 -0.014560692000
844.940002000  8.300000000 -0.013423462400
844.965027000  8.300000000 -0.012232674300
844.989990000  8.300000000 -0.010993589600
845.015015000  8.300000000 -0.009711849500
845.039978000  8.300000000 -0.008393391040
845.065002000  8.300000000 -0.007044357250
845.090027000  8.300000000 -0.005671018270
845.114990000  8.300000000 -0.004279690790
845.140015000  8.300000000 -0.002876682210
845.164978000  8.300000000 -0.001468232130
845.190002000  8.300000000 -0.000060442348
845.215027000  8.300000000 0.001340768300
845.239990000  8.300000000 0.002729666880
845.265015000  8.300000000 0.004100824710
845.289978000  8.300000000 0.005449090150
845.315002000  8.300000000 0.006769601260
845.340027000  8.300000000 0.008057820610
845.364990000  8.300000000 0.009309543300
845.390015000  8.300000000 0.010520879200
845.414978000  8.300000000 0.011688239900
845.440002000  8.300000000 0.012808352700
845.465027000  8.300000000 0.013878213200
845.489990000  8.300000000 0.014895111300
845.515015000  8.300000000 0.015856571500
845.539978000  8.300000000 0.016760371600
845.565002000  8.300000000 0.017604496300
845.590027000  8.300000000 0.018387125800
845.614990000  8.300000000 0.019106637700
845.640015000  8.300000000 0.019761554900
845.664978000  8.300000000 0.020350592200
845.690002000  8.300000000 0.020872604100
845.715027000  8.300000000 0.021326620100
845.739990000  8.300000000 0.021711826300
845.765015000  8.300000000 0.022027604300
845.789978000  8.300000000 0.022273486500
845.815002000  8.300000000 0.022449227000
845.840027000  8.300000000 0.022554770100
845.864990000  8.300000000 0.022590294500
845.890015000  8.300000000 0.022556217400
845.914978000  8.300000000 0.022453188900
845.940002000  8.300000000 0.022282147800
845.965027000  8.300000000 0.022044299200
845.989990000  8.300000000 0.021741146200
846.015015000  8.300000000 0.021374482700
846.039978000  8.300000000 0.020946411400
846.065002000  8.300000000 0.020459329700
846.090027000  8.300000000 0.019915929100
846.114990000  8.300000000 0.019319169200
846.140015000  8.300000000 0.018672276300
846.164978000  8.300000000 0.017978683100
846.190002000  8.300000000 0.017242025600
846.215027000  8.300000000 0.016466062500
846.239990000  8.300000000 0.015654655200
846.265015000  8.300000000 0.014811697400
846.289978000  8.300000000 0.013941083100
846.315002000  8.300000000 0.013046634400
846.340027000  8.300000000 0.012132102600
846.364990000  8.300000000 0.011201076200
846.390015000  8.300000000 0.010256999200
846.414978000  8.300000000 0.009303119030
846.440002000  8.300000000 0.008342465390
846.465027000  8.300000000 0.007377864330
846.489990000  8.300000000 0.006411912850
846.515015000  8.300000000 0.005447003990
846.539978000  8.300000000 0.004485321230
846.565002000  8.300000000 0.003528867620
846.590027000  8.300000000 0.002579466440
846.614990000  8.300000000 0.001638792920
846.640015000  8.300000000 0.000708354171
846.664978000  8.300000000 -0.000210463375
846.690002000  8.300000000 -0.001116448660
846.715027000  8.300000000 -0.002008505630
846.739990000  8.300000000 -0.002885709980
846.765015000  8.300000000 -0.003747261360
846.789978000  8.300000000 -0.004592529030
846.815002000  8.300000000 -0.005421018690
846.840027000  8.300000000 -0.006232367830
846.864990000  8.300000000 -0.007026349660
846.890015000  8.300000000 -0.007802867330
846.914978000  8.300000000 -0.008561939930
846.940002000  8.300000000 -0.009303706700
846.965027000  8.300000000 -0.010028418200
846.989990000  8.300000000 -0.010736413300
847.015015000  8.300000000 -0.011428129900
847.039978000  8.300000000 -0.012104063300
847.065002000  8.300000000 -0.012764764000
847.090027000  8.300000000 -0.013410786200
847.114990000  8.300000000 -0.014042699700
847.140015000  8.300000000 -0.014661043000
847.164978000  8.300000000 -0.015266306700
847.190002000  8.300000000 -0.015858896100
847.215027000  8.300000000 -0.016439128700
847.239990000  8.300000000 -0.017007218700
847.265015000  8.300000000 -0.017563212700
847.289978000  8.300000000 -0.018107082700
847.315002000  8.300000000 -0.018638597800
847.340027000  8.300000000 -0.019157424600
847.364990000  8.300000000 -0.019663089900
847.390015000  8.300000000 -0.020154954900
847.414978000  8.300000000 -0.020632293100
847.440002000  8.300000000 -0.021094255100
847.465027000  8.300000000 -0.021539878100
847.489990000  8.300000000 -0.021968126300
847.515015000  8.300000000 -0.022377915700
847.539978000  8.300000000 -0.022768085800
847.565002000  8.300000000 -0.023137465100
847.590027000  8.300000000 -0.023484846600
847.614990000  8.300000000 -0.023809054900
847.640015000  8.300000000 -0.024108894200
847.664978000  8.300000000 -0.024383207800
847.690002000  8.300000000 -0.024630870700
847.715027000  8.300000000 -0.024850826700
847.739990000  8.300000000 -0.025042088700
847.765015000  8.300000000 -0.025203716000
847.789978000  8.300000000 -0.025334918900
847.815002000  8.300000000 -0.025434972700
847.840027000  8.300000000 -0.025503326200
847.864990000  8.300000000 -0.025539537900
847.890015000  8.300000000 -0.025543298600
847.914978000  8.300000000 -0.025514476000
847.940002000  8.300000000 -0.025453077600
847.965027000  8.300000000 -0.025359258100
847.989990000  8.300000000 -0.025233348800
848.015015000  8.300000000 -0.025075795100
848.039978000  8.300000000 -0.024887252600
848.065002000  8.300000000 -0.024668488700
848.090027000  8.300000000 -0.024420432700
848.114990000  8.300000000 -0.024144167100
848.140015000  8.300000000 -0.023840883700
848.164978000  8.300000000 -0.023511925700
848.190002000  8.300000000 -0.023158727200
848.215027000  8.300000000 -0.022782795100
848.239990000  8.300000000 -0.022385744400
848.265015000  8.300000000 -0.021969214100
848.289978000  8.300000000 -0.021534912300
848.315002000  8.300000000 -0.021084532100
848.340027000  8.300000000 -0.020619804000
848.364990000  8.300000000 -0.020142434200
848.390015000  8.300000000 -0.019654110100
848.414978000  8.300000000 -0.019156469000
848.440002000  8.300000000 -0.018651112900
848.465027000  8.300000000 -0.018139541100
848.489990000  8.300000000 -0.017623193600
848.515015000  8.300000000 -0.017103394500
848.539978000  8.300000000 -0.016581345300
848.565002000  8.300000000 -0.016058126500
848.590027000  8.300000000 -0.015534672000
848.614990000  8.300000000 -0.015011725000
848.640015000  8.300000000 -0.014489911500
848.664978000  8.300000000 -0.013969635600
848.690002000  8.300000000 -0.013451146900
848.715027000  8.300000000 -0.012934526400
848.739990000  8.300000000 -0.012419668000
848.765015000  8.300000000 -0.011906289500
848.789978000  8.300000000 -0.011393965200
848.815002000  8.300000000 -0.010882106600
848.840027000  8.300000000 -0.010370013300
848.864990000  8.300000000 -0.009856872260
848.890015000  8.300000000 -0.009341805240
848.914978000  8.300000000 -0.008823871610
848.940002000  8.300000000 -0.008302138190
848.965027000  8.300000000 -0.007775659210
848.989990000  8.300000000 -0.007243548990
849.015015000  8.300000000 -0.006704966540
849.039978000  8.300000000 -0.006159163550
849.065002000  8.300000000 -0.005605478770
849.090027000  8.300000000 -0.005043333400
849.114990000  8.300000000 -0.004472245460
849.140015000  8.300000000 -0.003891812400
849.164978000  8.300000000 -0.003301678690
849.190002000  8.300000000 -0.002701559100
849.215027000  8.300000000 -0.002091196130
849.239990000  8.300000000 -0.001470347750
849.265015000  8.300000000 -0.000838781183
849.289978000  8.300000000 -0.000196244087
849.315002000  8.300000000 0.000457557966
849.340027000  8.300000000 0.001122956400
849.364990000  8.300000000 0.001800357950
849.390015000  8.300000000 0.002490240380
849.414978000  8.300000000 0.003193162150
849.440002000  8.300000000 0.003909755500
849.465027000  8.300000000 0.004640738480
849.489990000  8.300000000 0.005386871290
849.515015000  8.300000000 0.006148942280
849.539978000  8.300000000 0.006927771490
849.565002000  8.300000000 0.007724136110
849.590027000  8.300000000 0.008538759310
849.614990000  8.300000000 0.009372317230
849.640015000  8.300000000 0.010225358400
849.664978000  8.300000000 0.011098345700
849.690002000  8.300000000 0.011991599600
849.715027000  8.300000000 0.012905300600
849.739990000  8.300000000 0.013839475800
849.765015000  8.300000000 0.014793981800
849.789978000  8.300000000 0.015768460900
849.815002000  8.300000000 0.016762362800
849.840027000  8.300000000 0.017774939500
849.864990000  8.300000000 0.018805166700
849.890015000  8.300000000 0.019851857800
849.914978000  8.300000000 0.020913546900
849.940002000  8.300000000 0.021988563200
849.965027000  8.300000000 0.023075016200
849.989990000  8.300000000 0.024170830800
850.015015000  8.300000000 0.025273755200
850.039978000  8.300000000 0.026381339900
850.065002000  8.300000000 0.027491051700
850.090027000  8.300000000 0.028600201000
850.114990000  8.300000000 0.029705975200
850.140015000  8.300000000 0.030805539300
850.164978000  8.300000000 0.031895939300
850.190002000  8.300000000 0.032974273000
850.215027000  8.300000000 0.034037541600
850.239990000  8.300000000 0.035082828300
850.265015000  8.300000000 0.036107227200
850.289978000  8.300000000 0.037107922100
850.315002000  8.300000000 0.038082208500
850.340027000  8.300000000 0.039027456200
850.364990000  8.300000000 0.039941221500
850.390015000  8.300000000 0.040821187200
850.414978000  8.300000000 0.041665233700
850.440002000  8.300000000 0.042471449800
850.465027000  8.300000000 0.043238211400
850.489990000  8.300000000 0.043964110300
850.515015000  8.300000000 0.044647947000
850.539978000  8.300000000 0.045288905500
850.565002000  8.300000000 0.045886334000
850.590027000  8.300000000 0.046439908400
850.614990000  8.300000000 0.046949502100
850.640015000  8.300000000 0.047415178300
850.664978000  8.300000000 0.047837205200
850.690002000  8.300000000 0.048215922000
850.715027000  8.300000000 0.048551809000
850.739990000  8.300000000 0.048845317200
850.765015000  8.300000000 0.049096945700
850.789978000  8.300000000 0.049307107900
850.815002000  8.300000000 0.049476176500
850.840027000  8.300000000 0.049604438200
850.864990000  8.300000000 0.049692049600
850.890015000  8.300000000 0.049739085100
850.914978000  8.300000000 0.049745466600
850.940002000  8.300000000 0.049711082100
850.965027000  8.300000000 0.049635674800
850.989990000  8.300000000 0.049519009900
851.015015000  8.300000000 0.049360752100
851.039978000  8.300000000 0.049160648100
851.065002000  8.300000000 0.048918474500
851.090027000  8.300000000 0.048634115600
851.114990000  8.300000000 0.048307642300
851.140015000  8.300000000 0.047939274500
851.164978000  8.300000000 0.047529555900
851.190002000  8.300000000 0.047079335900
851.215027000  8.300000000 0.046589810400
851.239990000  8.300000000 0.046062625900
851.265015000  8.300000000 0.045499865000
851.289978000  8.300000000 0.044904083000
851.315002000  8.300000000 0.044278275200
851.340027000  8.300000000 0.043625909800
851.364990000  8.300000000 0.042950835100
851.390015000  8.300000000 0.042257238200
851.414978000  8.300000000 0.041549619300
851.440002000  8.300000000 0.040832702100
851.465027000  8.300000000 0.040111336900
851.489990000  8.300000000 0.039390448500
851.515015000  8.300000000 0.038674954300
851.539978000  8.300000000 0.037969641400
851.565002000  8.300000000 0.037279184900
851.590027000  8.300000000 0.036607991900
851.614990000  8.300000000 0.035960201200
851.640015000  8.300000000 0.035339634900
851.664978000  8.300000000 0.034749742600
851.690002000  8.300000000 0.034193523200
851.715027000  8.300000000 0.033673573300
851.739990000  8.300000000 0.033192008700
851.765015000  8.300000000 0.032750468700
851.789978000  8.300000000 0.032350085700
851.815002000  8.300000000 0.031991571200
851.840027000  8.300000000 0.031675104100
851.864990000  8.300000000 0.031400505500
851.890015000  8.300000000 0.031167168200
851.914978000  8.300000000 0.030974116200
851.940002000  8.300000000 0.030820077300
851.965027000  8.300000000 0.030703486900
851.989990000  8.300000000 0.030622549400
852.015015000  8.300000000 0.030575260500
852.039978000  8.300000000 0.030559467200
852.065002000  8.300000000 0.030572904300
852.090027000  8.300000000 0.030613236100
852.114990000  8.300000000 0.030678091600
852.140015000  8.300000000 0.030765118100
852.164978000  8.300000000 0.030871976200
852.190002000  8.300000000 0.030996443700
852.215027000  8.300000000 0.031136341400
852.239990000  8.300000000 0.031289592400
852.265015000  8.300000000 0.031454205500
852.289978000  8.300000000 0.031628295800
852.315002000  8.300000000 0.031810026600
852.340027000  8.300000000 0.031997639700
852.364990000  8.300000000 0.032189387800
852.390015000  8.300000000 0.032383572300
852.414978000  8.300000000 0.032578505600
852.440002000  8.300000000 0.032772462800
852.465027000  8.300000000 0.032963749000
852.489990000  8.300000000 0.033150591000
852.515015000  8.300000000 0.033331219100
852.539978000  8.300000000 0.033503834200
852.565002000  8.300000000 0.033666621900
852.590027000  8.300000000 0.033817764400
852.614990000  8.300000000 0.033955425000
852.640015000  8.300000000 0.034077812000
852.664978000  8.300000000 0.034183166900
852.690002000  8.300000000 0.034269779900
852.715027000  8.300000000 0.034336052800
852.739990000  8.300000000 0.034380450800
852.765015000  8.300000000 0.034401569500
852.789978000  8.300000000 0.034398146000
852.815002000  8.300000000 0.034369029100
852.840027000  8.300000000 0.034313242900
852.864990000  8.300000000 0.034229945400
852.890015000  8.300000000 0.034118462400
852.914978000  8.300000000 0.033978272200
852.940002000  8.300000000 0.033809036000
852.965027000  8.300000000 0.033610589800
852.989990000  8.300000000 0.033382959700
853.015015000  8.300000000 0.033126380300
853.039978000  8.300000000 0.032841313600
853.065002000  8.300000000 0.032528441400
853.090027000  8.300000000 0.032188717300
853.114990000  8.300000000 0.031823340800
853.140015000  8.300000000 0.031433790900
853.164978000  8.300000000 0.031021809200
853.190002000  8.300000000 0.030589437100
853.215027000  8.300000000 0.030138962000
853.239990000  8.300000000 0.029672946800
853.265015000  8.300000000 0.029194200400
853.289978000  8.300000000 0.028705721700
853.315002000  8.300000000 0.028210720000
853.340027000  8.300000000 0.027712551900
853.364990000  8.300000000 0.027214681700
853.390015000  8.300000000 0.026720643000
853.414978000  8.300000000 0.026234002800
853.440002000  8.300000000 0.025758292500
853.465027000  8.300000000 0.025296974900
853.489990000  8.300000000 0.024853413900
853.515015000  8.300000000 0.024430809500
853.539978000  8.300000000 0.024032203500
853.565002000  8.300000000 0.023660382300
853.590027000  8.300000000 0.023317944300
853.614990000  8.300000000 0.023007189900
853.640015000  8.300000000 0.022730177300
853.664978000  8.300000000 0.022488672300
853.690002000  8.300000000 0.022284144500
853.715027000  8.300000000 0.022117748900
853.739990000  8.300000000 0.021990327200
853.765015000  8.300000000 0.021902380500
853.789978000  8.300000000 0.021854044900
853.815002000  8.300000000 0.021845128400
853.840027000  8.300000000 0.021875038700
853.864990000  8.300000000 0.021942829700
853.890015000  8.300000000 0.022047177000
853.914978000  8.300000000 0.022186372400
853.940002000  8.300000000 0.022358352300
853.965027000  8.300000000 0.022560663500
853.989990000  8.300000000 0.022790499000
854.015015000  8.300000000 0.023044697900
854.039978000  8.300000000 0.023319775200
854.065002000  8.300000000 0.023611914400
854.090027000  8.300000000 0.023917006300
854.114990000  8.300000000 0.024230698100
854.140015000  8.300000000 0.024548370400
854.164978000  8.300000000 0.024865238000
854.190002000  8.300000000 0.025176335100
854.215027000  8.300000000 0.025476567400
854.239990000  8.300000000 0.025760781000
854.265015000  8.300000000 0.026023769800
854.289978000  8.300000000 0.026260323800
854.315002000  8.300000000 0.026465298600
854.340027000  8.300000000 0.026633599800
854.364990000  8.300000000 0.026760265200
854.390015000  8.300000000 0.026840506100
854.414978000  8.300000000 0.026869727300
854.440002000  8.300000000 0.026843579500
854.465027000  8.300000000 0.026757987200
854.489990000  8.300000000 0.026609197300
854.515015000  8.300000000 0.026393843800
854.539978000  8.300000000 0.026108892600
854.565002000  8.300000000 0.025751788200
854.590027000  8.300000000 0.025320399600
854.614990000  8.300000000 0.024813097000
854.640015000  8.300000000 0.024228759100
854.664978000  8.300000000 0.023566806700
854.690002000  8.300000000 0.022827234100
854.715027000  8.300000000 0.022010585300
854.739990000  8.300000000 0.021118005700
854.765015000  8.300000000 0.020151190500
854.789978000  8.300000000 0.019112426800
854.815002000  8.300000000 0.018004523600
854.840027000  8.300000000 0.016830816900
854.864990000  8.300000000 0.015595151100
854.890015000  8.300000000 0.014301807600
854.914978000  8.300000000 0.012955492400
854.940002000  8.300000000 0.011561274500
854.965027000  8.300000000 0.010124540900
854.989990000  8.300000000 0.008650941770
855.015015000  8.300000000 0.007146363150
855.039978000  8.300000000 0.005616836720
855.065002000  8.300000000 0.004068543200
855.090027000  8.300000000 0.002507717120
855.114990000  8.300000000 0.000940635160
855.140015000  8.300000000 -0.000626435096
855.164978000  8.300000000 -0.002187268340
855.190002000  8.300000000 -0.003735743230
855.215027000  8.300000000 -0.005265861750
855.239990000  8.300000000 -0.006771792660
855.265015000  8.300000000 -0.008247906340
855.289978000  8.300000000 -0.009688784370
855.315002000  8.300000000 -0.011089252300
855.340027000  8.300000000 -0.012444413300
855.364990000  8.300000000 -0.013749635800
855.390015000  8.300000000 -0.015000589200
855.414978000  8.300000000 -0.016193252100
855.440002000  8.300000000 -0.017323903700
855.465027000  8.300000000 -0.018389171000
855.489990000  8.300000000 -0.019385987900
855.515015000  8.300000000 -0.020311638700
855.539978000  8.300000000 -0.021163728100
855.565002000  8.300000000 -0.021940210800
855.590027000  8.300000000 -0.022639358400
855.614990000  8.300000000 -0.023259798100
855.640015000  8.300000000 -0.023800477400
855.664978000  8.300000000 -0.024260651300
855.690002000  8.300000000 -0.024639919400
855.715027000  8.300000000 -0.024938210800
855.739990000  8.300000000 -0.025155741700
855.765015000  8.300000000 -0.025293039200
855.789978000  8.300000000 -0.025350963700
855.815002000  8.300000000 -0.025330657100
855.840027000  8.300000000 -0.025233572300
855.864990000  8.300000000 -0.025061462100
855.890015000  8.300000000 -0.024816401300
855.914978000  8.300000000 -0.024500768600
855.940002000  8.300000000 -0.024117289100
855.965027000  8.300000000 -0.023669024900
855.989990000  8.300000000 -0.023159436900
856.015015000  8.300000000 -0.022592350800
856.039978000  8.300000000 -0.021971998700
856.065002000  8.300000000 -0.021303046500
856.090027000  8.300000000 -0.020590571700
856.114990000  8.300000000 -0.019840067300
856.140015000  8.300000000 -0.019057411700
856.164978000  8.300000000 -0.018248861700
856.190002000  8.300000000 -0.017420996000
856.215027000  8.300000000 -0.016580632000
856.239990000  8.300000000 -0.015734834600
856.265015000  8.300000000 -0.014890783500
856.289978000  8.300000000 -0.014055701900
856.315002000  8.300000000 -0.013236813200
856.340027000  8.300000000 -0.012441223500
856.364990000  8.300000000 -0.011675886800
856.390015000  8.300000000 -0.010947501300
856.414978000  8.300000000 -0.010262469800
856.440002000  8.300000000 -0.009626815100
856.465027000  8.300000000 -0.009046151300
856.489990000  8.300000000 -0.008525634180
856.515015000  8.300000000 -0.008069901730
856.539978000  8.300000000 -0.007683045230
856.565002000  8.300000000 -0.007368582770
856.590027000  8.300000000 -0.007129432170
856.614990000  8.300000000 -0.006967889150
856.640015000  8.300000000 -0.006885622630
856.664978000  8.300000000 -0.006883639380
856.690002000  8.300000000 -0.006962321230
856.715027000  8.300000000 -0.007121420000
856.739990000  8.300000000 -0.007360043940
856.765015000  8.300000000 -0.007676738310
856.789978000  8.300000000 -0.008069476110
856.815002000  8.300000000 -0.008535682220
856.840027000  8.300000000 -0.009072306570
856.864990000  8.300000000 -0.009675831530
856.890015000  8.300000000 -0.010342294400
856.914978000  8.300000000 -0.011067368100
856.940002000  8.300000000 -0.011846350500
856.965027000  8.300000000 -0.012674232900
856.989990000  8.300000000 -0.013545715300
857.015015000  8.300000000 -0.014455262600
857.039978000  8.300000000 -0.015397121200
857.065002000  8.300000000 -0.016365360500
857.090027000  8.300000000 -0.017353912800
857.114990000  8.300000000 -0.018356612000
857.140015000  8.300000000 -0.019367219900
857.164978000  8.300000000 -0.020379465100
857.190002000  8.300000000 -0.021387090900
857.215027000  8.300000000 -0.022383904100
857.239990000  8.300000000 -0.023363800700
857.265015000  8.300000000 -0.024320788700
857.289978000  8.300000000 -0.025249064000
857.315002000  8.300000000 -0.026143016300
857.340027000  8.300000000 -0.026997299900
857.364990000  8.300000000 -0.027806833400
857.390015000  8.300000000 -0.028566855900
857.414978000  8.300000000 -0.029272932600
857.440002000  8.300000000 -0.029920989600
857.465027000  8.300000000 -0.030507333600
857.489990000  8.300000000 -0.031028635800
857.515015000  8.300000000 -0.031482029700
857.539978000  8.300000000 -0.031865011900
857.565002000  8.300000000 -0.032175578200
857.590027000  8.300000000 -0.032412167600
857.614990000  8.300000000 -0.032573677600
857.640015000  8.300000000 -0.032659526900
857.664978000  8.300000000 -0.032669588900
857.690002000  8.300000000 -0.032604273400
857.715027000  8.300000000 -0.032464474400
857.739990000  8.300000000 -0.032251574100
857.765015000  8.300000000 -0.031967438800
857.789978000  8.300000000 -0.031614378100
857.815002000  8.300000000 -0.031195117200
857.840027000  8.300000000 -0.030712770300
857.864990000  8.300000000 -0.030170753600
857.890015000  8.300000000 -0.029572764400
857.914978000  8.300000000 -0.028922716200
857.940002000  8.300000000 -0.028224682400
857.965027000  8.300000000 -0.027482796500
857.989990000  8.300000000 -0.026701271500
858.015015000  8.300000000 -0.025884257600
858.039978000  8.300000000 -0.025035865600
858.065002000  8.300000000 -0.024160111300
858.090027000  8.300000000 -0.023260826200
858.114990000  8.300000000 -0.022341717000
858.140015000  8.300000000 -0.021406265000
858.164978000  8.300000000 -0.020457733400
858.190002000  8.300000000 -0.019499136100
858.215027000  8.300000000 -0.018533209300
858.239990000  8.300000000 -0.017562404300
858.265015000  8.300000000 -0.016588859300
858.289978000  8.300000000 -0.015614355000
858.315002000  8.300000000 -0.014640338700
858.340027000  8.300000000 -0.013667903800
858.364990000  8.300000000 -0.012697786100
858.390015000  8.300000000 -0.011730405500
858.414978000  8.300000000 -0.010765863600
858.440002000  8.300000000 -0.009804002010
858.465027000  8.300000000 -0.008844432420
858.489990000  8.300000000 -0.007886590440
858.515015000  8.300000000 -0.006929778030
858.539978000  8.300000000 -0.005973239430
858.565002000  8.300000000 -0.005016174630
858.590027000  8.300000000 -0.004057798070
858.614990000  8.300000000 -0.003097376090
858.640015000  8.300000000 -0.002134268640
858.664978000  8.300000000 -0.001167931010
858.690002000  8.300000000 -0.000197958041
858.715027000  8.300000000 0.000775888562
858.739990000  8.300000000 0.001753682040
858.765015000  8.300000000 0.002735306970
858.789978000  8.300000000 0.003720444860
858.815002000  8.300000000 0.004708566700
858.840027000  8.300000000 0.005698904860
858.864990000  8.300000000 0.006690485400
858.890015000  8.300000000 0.007682058960
858.914978000  8.300000000 0.008672163820
858.940002000  8.300000000 0.009659073320
858.965027000  8.300000000 0.010640812100
858.989990000  8.300000000 0.011615170200
859.015015000  8.300000000 0.012579703700
859.039978000  8.300000000 0.013531744500
859.065002000  8.300000000 0.014468441700
859.090027000  8.300000000 0.015386772300
859.114990000  8.300000000 0.016283599700
859.140015000  8.300000000 0.017155675200
859.164978000  8.300000000 0.017999749600
859.190002000  8.300000000 0.018812529700
859.215027000  8.300000000 0.019590796900
859.239990000  8.300000000 0.020331401400
859.265015000  8.300000000 0.021031348000
859.289978000  8.300000000 0.021687792600
859.315002000  8.300000000 0.022298125600
859.340027000  8.300000000 0.022859964500
859.364990000  8.300000000 0.023371221500
859.390015000  8.300000000 0.023830104600
859.414978000  8.300000000 0.024235108900
859.440002000  8.300000000 0.024585068200
859.465027000  8.300000000 0.024879112800
859.489990000  8.300000000 0.025116706300
859.515015000  8.300000000 0.025297600800
859.539978000  8.300000000 0.025421891400
859.565002000  8.300000000 0.025489952400
859.590027000  8.300000000 0.025502476800
859.614990000  8.300000000 0.025460429500
859.640015000  8.300000000 0.025365095600
859.664978000  8.300000000 0.025218004400
859.690002000  8.300000000 0.025021009100
859.715027000  8.300000000 0.024776244500
859.739990000  8.300000000 0.024486111500
859.765015000  8.300000000 0.024153333200
859.789978000  8.300000000 0.023780897300
859.815002000  8.300000000 0.023372100700
859.840027000  8.300000000 0.022930508500
859.864990000  8.300000000 0.022459944700
859.890015000  8.300000000 0.021964464300
859.914978000  8.300000000 0.021448288100
859.940002000  8.300000000 0.020915800700
859.965027000  8.300000000 0.020371455700
859.989990000  8.300000000 0.019819734600
860.015015000  8.300000000 0.019265078000
860.039978000  8.300000000 0.018711840700
860.065002000  8.300000000 0.018164211900
860.090027000  8.300000000 0.017626160800
860.114990000  8.300000000 0.017101407100
860.140015000  8.300000000 0.016593352000
860.164978000  8.300000000 0.016105050200
860.190002000  8.300000000 0.015639167300
860.215027000  8.300000000 0.015197974600
860.239990000  8.300000000 0.014783279000
860.265015000  8.300000000 0.014396468200
860.289978000  8.300000000 0.014038443600
860.315002000  8.300000000 0.013709646600
860.340027000  8.300000000 0.013410065300
860.364990000  8.300000000 0.013139235800
860.390015000  8.300000000 0.012896273300
860.414978000  8.300000000 0.012679898200
860.440002000  8.300000000 0.012488437800
860.465027000  8.300000000 0.012319888900
860.489990000  8.300000000 0.012171931600
860.515015000  8.300000000 0.012041965500
860.539978000  8.300000000 0.011927153900
860.565002000  8.300000000 0.011824439300
860.590027000  8.300000000 0.011730610400
860.614990000  8.300000000 0.011642319200
860.640015000  8.300000000 0.011556144800
860.664978000  8.300000000 0.011468612600
860.690002000  8.300000000 0.011376272000
860.715027000  8.300000000 0.011275702200
860.739990000  8.300000000 0.011163575600
860.765015000  8.300000000 0.011036709900
860.789978000  8.300000000 0.010892080100
860.815002000  8.300000000 0.010726866300
860.840027000  8.300000000 0.010538470000
860.864990000  8.300000000 0.010324530300
860.890015000  8.300000000 0.010082940600
860.914978000  8.300000000 0.009811847470
860.940002000  8.300000000 0.009509645400
860.965027000  8.300000000 0.009174986740
860.989990000  8.300000000 0.008806740870
861.015015000  8.300000000 0.008403998800
861.039978000  8.300000000 0.007966049020
861.065002000  8.300000000 0.007492319220
861.090027000  8.300000000 0.006982395890
861.114990000  8.300000000 0.006435968450
861.140015000  8.300000000 0.005852836180
861.164978000  8.300000000 0.005232888270
861.190002000  8.300000000 0.004576075360
861.215027000  8.300000000 0.003882427930
861.239990000  8.300000000 0.003152027960
861.265015000  8.300000000 0.002385003490
861.289978000  8.300000000 0.001581538590
861.315002000  8.300000000 0.000741857570
861.340027000  8.300000000 -0.000133789421
861.364990000  8.300000000 -0.001045103180
861.390015000  8.300000000 -0.001991733210
861.414978000  8.300000000 -0.002973250110
861.440002000  8.300000000 -0.003989147950
861.465027000  8.300000000 -0.005038792730
861.489990000  8.300000000 -0.006121399810
861.515015000  8.300000000 -0.007235994100
861.539978000  8.300000000 -0.008381435650
861.565002000  8.300000000 -0.009556322360
861.590027000  8.300000000 -0.010759008100
861.614990000  8.300000000 -0.011987596800
861.640015000  8.300000000 -0.013239896900
861.664978000  8.300000000 -0.014513422700
861.690002000  8.300000000 -0.015805440000
861.715027000  8.300000000 -0.017112884700
861.739990000  8.300000000 -0.018432457000
861.765015000  8.300000000 -0.019760601200
861.789978000  8.300000000 -0.021093508200
861.815002000  8.300000000 -0.022427188200
861.840027000  8.300000000 -0.023757444700
861.864990000  8.300000000 -0.025079924600
861.890015000  8.300000000 -0.026390140900
861.914978000  8.300000000 -0.027683464800
861.940002000  8.300000000 -0.028955247300
861.965027000  8.300000000 -0.030200714200
861.989990000  8.300000000 -0.031415138400
862.015015000  8.300000000 -0.032593790400
862.039978000  8.300000000 -0.033732034300
862.065002000  8.300000000 -0.034825272900
862.090027000  8.300000000 -0.035869110400
862.114990000  8.300000000 -0.036859285100
862.140015000  8.300000000 -0.037791777400
862.164978000  8.300000000 -0.038662821100
862.190002000  8.300000000 -0.039468925400
862.215027000  8.300000000 -0.040206965100
862.239990000  8.300000000 -0.040874127300
862.265015000  8.300000000 -0.041468046600
862.289978000  8.300000000 -0.041986767200
862.315002000  8.300000000 -0.042428787800
862.340027000  8.300000000 -0.042793098800
862.364990000  8.300000000 -0.043079197400
862.390015000  8.300000000 -0.043287076100
862.414978000  8.300000000 -0.043417260100
862.440002000  8.300000000 -0.043470770100
862.465027000  8.300000000 -0.043449256600
862.489990000  8.300000000 -0.043354772000
862.515015000  8.300000000 -0.043189901900
862.539978000  8.300000000 -0.042957704500
862.565002000  8.300000000 -0.042661737700
862.590027000  8.300000000 -0.042305961300
862.614990000  8.300000000 -0.041894745100
862.640015000  8.300000000 -0.041432835200
862.664978000  8.300000000 -0.040925353800
862.690002000  8.300000000 -0.040377724900
862.715027000  8.300000000 -0.039795626000
862.739990000  8.300000000 -0.039184998700
862.765015000  8.300000000 -0.038551945200
862.789978000  8.300000000 -0.037902675600
862.815002000  8.300000000 -0.037243515300
862.840027000  8.300000000 -0.036580760000
862.864990000  8.300000000 -0.035920739200
862.890015000  8.300000000 -0.035269629200
862.914978000  8.300000000 -0.034633506100
862.940002000  8.300000000 -0.034018226000
862.965027000  8.300000000 -0.033429414000
862.989990000  8.300000000 -0.032872401200
863.015015000  8.300000000 -0.032352160700
863.039978000  8.300000000 -0.031873308100
863.065002000  8.300000000 -0.031439986100
863.090027000  8.300000000 -0.031055947800
863.114990000  8.300000000 -0.030724391300
863.140015000  8.300000000 -0.030447999000
863.164978000  8.300000000 -0.030228907200
863.190002000  8.300000000 -0.030068682500
863.215027000  8.300000000 -0.029968282200
863.239990000  8.300000000 -0.029928075100
863.265015000  8.300000000 -0.029947819200
863.289978000  8.300000000 -0.030026689200
863.315002000  8.300000000 -0.030163241600
863.340027000  8.300000000 -0.030355459100
863.364990000  8.300000000 -0.030600754500
863.390015000  8.300000000 -0.030896009900
863.414978000  8.300000000 -0.031237561300
863.440002000  8.300000000 -0.031621281100
863.465027000  8.300000000 -0.032042581600
863.489990000  8.300000000 -0.032496530600
863.515015000  8.300000000 -0.032977823200
863.539978000  8.300000000 -0.033480931100
863.565002000  8.300000000 -0.034000083800
863.590027000  8.300000000 -0.034529451300
863.614990000  8.300000000 -0.035063143800
863.640015000  8.300000000 -0.035595338800
863.664978000  8.300000000 -0.036120321600
863.690002000  8.300000000 -0.036632597400
863.715027000  8.300000000 -0.037126906200
863.739990000  8.300000000 -0.037598304500
863.765015000  8.300000000 -0.038042210000
863.789978000  8.300000000 -0.038454439500
863.815002000  8.300000000 -0.038831211600
863.840027000  8.300000000 -0.039169192300
863.864990000  8.300000000 -0.039465475800
863.890015000  8.300000000 -0.039717648200
863.914978000  8.300000000 -0.039923708900
863.940002000  8.300000000 -0.040082160400
863.965027000  8.300000000 -0.040191870200
863.989990000  8.300000000 -0.040252149100
864.015015000  8.300000000 -0.040262688000
864.039978000  8.300000000 -0.040223516500
864.065002000  8.300000000 -0.040134985000
864.090027000  8.300000000 -0.039997700600
864.114990000  8.300000000 -0.039812516400
864.140015000  8.300000000 -0.039580442000
864.164978000  8.300000000 -0.039302635900
864.190002000  8.300000000 -0.038980335000
864.215027000  8.300000000 -0.038614817000
864.239990000  8.300000000 -0.038207352200
864.265015000  8.300000000 -0.037759147600
864.289978000  8.300000000 -0.037271346900
864.315002000  8.300000000 -0.036744963400
864.340027000  8.300000000 -0.036180883600
864.364990000  8.300000000 -0.035579849000
864.390015000  8.300000000 -0.034942410900
864.414978000  8.300000000 -0.034268979000
864.440002000  8.300000000 -0.033559784300
864.465027000  8.300000000 -0.032814893900
864.489990000  8.300000000 -0.032034248100
864.515015000  8.300000000 -0.031217673800
864.539978000  8.300000000 -0.030364936200
864.565002000  8.300000000 -0.029475713100
864.590027000  8.300000000 -0.028549695400
864.614990000  8.300000000 -0.027586571900
864.640015000  8.300000000 -0.026586130300
864.664978000  8.300000000 -0.025548221500
864.690002000  8.300000000 -0.024472871800
864.715027000  8.300000000 -0.023360313800
864.739990000  8.300000000 -0.022210966800
864.765015000  8.300000000 -0.021025518000
864.789978000  8.300000000 -0.019804943400
864.815002000  8.300000000 -0.018550511400
864.840027000  8.300000000 -0.017263788700
864.864990000  8.300000000 -0.015946671400
864.890015000  8.300000000 -0.014601329300
864.914978000  8.300000000 -0.013230240000
864.940002000  8.300000000 -0.011836134800
864.965027000  8.300000000 -0.010421962500
864.989990000  8.300000000 -0.008990860540
865.015015000  8.300000000 -0.007546150130
865.039978000  8.300000000 -0.006091194230
865.065002000  8.300000000 -0.004629443400
865.090027000  8.300000000 -0.003164344470
865.114990000  8.300000000 -0.001699308630
865.140015000  8.300000000 -0.000237636268
865.164978000  8.300000000 0.001217473760
865.190002000  8.300000000 0.002662950200
865.215027000  8.300000000 0.004095909190
865.239990000  8.300000000 0.005513619630
865.265015000  8.300000000 0.006913563700
865.289978000  8.300000000 0.008293393070
865.315002000  8.300000000 0.009650964290
865.340027000  8.300000000 0.010984308100
865.364990000  8.300000000 0.012291594400
865.390015000  8.300000000 0.013571193400
865.414978000  8.300000000 0.014821555500
865.440002000  8.300000000 0.016041278800
865.465027000  8.300000000 0.017229069000
865.489990000  8.300000000 0.018383696700
865.515015000  8.300000000 0.019504007000
865.539978000  8.300000000 0.020588925100
865.565002000  8.300000000 0.021637415500
865.590027000  8.300000000 0.022648481700
865.614990000  8.300000000 0.023621173600
865.640015000  8.300000000 0.024554591600
865.664978000  8.300000000 0.025447884600
865.690002000  8.300000000 0.026300238400
865.715027000  8.300000000 0.027110895100
865.739990000  8.300000000 0.027879180400
865.765015000  8.300000000 0.028604466500
865.789978000  8.300000000 0.029286246700
865.815002000  8.300000000 0.029924036900
865.840027000  8.300000000 0.030517505500
865.864990000  8.300000000 0.031066371100
865.890015000  8.300000000 0.031570505400
865.914978000  8.300000000 0.032029870900
865.940002000  8.300000000 0.032444566500
865.965027000  8.300000000 0.032814867800
865.989990000  8.300000000 0.033141251700
866.015015000  8.300000000 0.033424366300
866.039978000  8.300000000 0.033665176500
866.065002000  8.300000000 0.033864840900
866.090027000  8.300000000 0.034024871900
866.114990000  8.300000000 0.034147054000
866.140015000  8.300000000 0.034233506800
866.164978000  8.300000000 0.034286674100
866.190002000  8.300000000 0.034309335100
866.215027000  8.300000000 0.034304529400
866.239990000  8.300000000 0.034275606300
866.265015000  8.300000000 0.034226164200
866.289978000  8.300000000 0.034159988200
866.315002000  8.300000000 0.034081030600
866.340027000  8.300000000 0.033993333600
866.364990000  8.300000000 0.033900950100
866.390015000  8.300000000 0.033807899800
866.414978000  8.300000000 0.033718079300
866.440002000  8.300000000 0.033635176700
866.465027000  8.300000000 0.033562708600
866.489990000  8.300000000 0.033503733600
866.515015000  8.300000000 0.033461090200
866.539978000  8.300000000 0.033437047200
866.565002000  8.300000000 0.033433508100
866.590027000  8.300000000 0.033451832800
866.614990000  8.300000000 0.033492907900
866.640015000  8.300000000 0.033557035000
866.664978000  8.300000000 0.033644057800
866.690002000  8.300000000 0.033753246100
866.715027000  8.300000000 0.033883426300
866.739990000  8.300000000 0.034032892400
866.765015000  8.300000000 0.034199558200
866.789978000  8.300000000 0.034380897900
866.815002000  8.300000000 0.034574069100
866.840027000  8.300000000 0.034775849400
866.864990000  8.300000000 0.034982811700
866.890015000  8.300000000 0.035191264000
866.914978000  8.300000000 0.035397328400
866.940002000  8.300000000 0.035597048700
866.965027000  8.300000000 0.035786323200
866.989990000  8.300000000 0.035961058000
867.015015000  8.300000000 0.036117184900
867.039978000  8.300000000 0.036250654600
867.065002000  8.300000000 0.036357589100
867.090027000  8.300000000 0.036434225700
867.114990000  8.300000000 0.036477059100
867.140015000  8.300000000 0.036482874300
867.164978000  8.300000000 0.036448746900
867.190002000  8.300000000 0.036372095300
867.215027000  8.300000000 0.036250751500
867.239990000  8.300000000 0.036082979300
867.265015000  8.300000000 0.035867441400
867.289978000  8.300000000 0.035603288600
867.315002000  8.300000000 0.035290110900
867.340027000  8.300000000 0.034927908300
867.364990000  8.300000000 0.034517135500
867.390015000  8.300000000 0.034058637900
867.414978000  8.300000000 0.033553626400
867.440002000  8.300000000 0.033003658100
867.465027000  8.300000000 0.032410614200
867.489990000  8.300000000 0.031776644300
867.515015000  8.300000000 0.031104207000
867.539978000  8.300000000 0.030395951100
867.565002000  8.300000000 0.029654808300
867.590027000  8.300000000 0.028883868800
867.614990000  8.300000000 0.028086444400
867.640015000  8.300000000 0.027265999500
867.664978000  8.300000000 0.026426149500
867.690002000  8.300000000 0.025570616100
867.715027000  8.300000000 0.024703232600
867.739990000  8.300000000 0.023827903000
867.765015000  8.300000000 0.022948591000
867.789978000  8.300000000 0.022069275400
867.815002000  8.300000000 0.021193951400
867.840027000  8.300000000 0.020326579000
867.864990000  8.300000000 0.019471088400
867.890015000  8.300000000 0.018631320400
867.914978000  8.300000000 0.017811037600
867.940002000  8.300000000 0.017013872000
867.965027000  8.300000000 0.016243303200
867.989990000  8.300000000 0.015502614900
868.015015000  8.300000000 0.014794882400
868.039978000  8.300000000 0.014122933100
868.065002000  8.300000000 0.013489338600
868.090027000  8.300000000 0.012896391600
868.114990000  8.300000000 0.012346071200
868.140015000  8.300000000 0.011840059400
868.164978000  8.300000000 0.011379726200
868.190002000  8.300000000 0.010966129600
868.215027000  8.300000000 0.010600009900
868.239990000  8.300000000 0.010281838500
868.265015000  8.300000000 0.010011789400
868.289978000  8.300000000 0.009789740670
868.315002000  8.300000000 0.009615326300
868.340027000  8.300000000 0.009487948380
868.364990000  8.300000000 0.009406756610
868.390015000  8.300000000 0.009370741430
868.414978000  8.300000000 0.009378709830
868.440002000  8.300000000 0.009429368190
868.465027000  8.300000000 0.009521307420
868.489990000  8.300000000 0.009653084910
868.515015000  8.300000000 0.009823228230
868.539978000  8.300000000 0.010030291000
868.565002000  8.300000000 0.010272847500
868.590027000  8.300000000 0.010549544400
868.614990000  8.300000000 0.010859088000
868.640015000  8.300000000 0.011200246400
868.664978000  8.300000000 0.011571874800
868.690002000  8.300000000 0.011972871600
868.715027000  8.300000000 0.012402193600
868.739990000  8.300000000 0.012858830400
868.765015000  8.300000000 0.013341788200
868.789978000  8.300000000 0.013850042600
868.815002000  8.300000000 0.014382557000
868.840027000  8.300000000 0.014938196200
868.864990000  8.300000000 0.015515760500
868.890015000  8.300000000 0.016113909000
868.914978000  8.300000000 0.016731159800
868.940002000  8.300000000 0.017365854200
868.965027000  8.300000000 0.018016105500
868.989990000  8.300000000 0.018679799500
869.015015000  8.300000000 0.019354559500
869.039978000  8.300000000 0.020037725600
869.065002000  8.300000000 0.020726351100
869.090027000  8.300000000 0.021417189400
869.114990000  8.300000000 0.022106681000
869.140015000  8.300000000 0.022790968400
869.164978000  8.300000000 0.023465896000
869.190002000  8.300000000 0.024127014000
869.215027000  8.300000000 0.024769630300
869.239990000  8.300000000 0.025388790300
869.265015000  8.300000000 0.025979340100
869.289978000  8.300000000 0.026535948700
869.315002000  8.300000000 0.027053182900
869.340027000  8.300000000 0.027525486400
869.364990000  8.300000000 0.027947295500
869.390015000  8.300000000 0.028313048200
869.414978000  8.300000000 0.028617270300
869.440002000  8.300000000 0.028854573100
869.465027000  8.300000000 0.029019767400
869.489990000  8.300000000 0.029107868700
869.515015000  8.300000000 0.029114138300
869.539978000  8.300000000 0.029034158200
869.565002000  8.300000000 0.028863828600
869.590027000  8.300000000 0.028599426200
869.614990000  8.300000000 0.028237616600
869.640015000  8.300000000 0.027775533500
869.664978000  8.300000000 0.027210736600
869.690002000  8.300000000 0.026541303800
869.715027000  8.300000000 0.025765841800
869.739990000  8.300000000 0.024883482600
869.765015000  8.300000000 0.023893937500
869.789978000  8.300000000 0.022797472800
869.815002000  8.300000000 0.021594947200
869.840027000  8.300000000 0.020287765200
869.864990000  8.300000000 0.018877917900
869.890015000  8.300000000 0.017367903100
869.914978000  8.300000000 0.015760744000
869.940002000  8.300000000 0.014059930100
869.965027000  8.300000000 0.012269390700
869.989990000  8.300000000 0.010393447200
870.015015000  8.300000000 0.008436815810
870.039978000  8.300000000 0.006404517680
870.065002000  8.300000000 0.004301910290
870.090027000  8.300000000 0.002134626960
870.114990000  8.300000000 -0.000091411501
870.140015000  8.300000000 -0.002370040170
870.164978000  8.300000000 -0.004694815260
870.190002000  8.300000000 -0.007059079130
870.215027000  8.300000000 -0.009455931370
870.239990000  8.300000000 -0.011878271600
870.265015000  8.300000000 -0.014318801500
870.289978000  8.300000000 -0.016770081600
870.315002000  8.300000000 -0.019224543100
870.340027000  8.300000000 -0.021674521300
870.364990000  8.300000000 -0.024112312100
870.390015000  8.300000000 -0.026530193200
870.414978000  8.300000000 -0.028920490300
870.440002000  8.300000000 -0.031275566700
870.465027000  8.300000000 -0.033587932600
870.489990000  8.300000000 -0.035850226900
870.515015000  8.300000000 -0.038055267200
870.539978000  8.300000000 -0.040196105800
870.565002000  8.300000000 -0.042266033600
870.590027000  8.300000000 -0.044258665300
870.614990000  8.300000000 -0.046167887700
870.640015000  8.300000000 -0.047987978900
870.664978000  8.300000000 -0.049713548300
870.690002000  8.300000000 -0.051339622600
870.715027000  8.300000000 -0.052861612300
870.739990000  8.300000000 -0.054275352500
870.765015000  8.300000000 -0.055577121700
870.789978000  8.300000000 -0.056763634100
870.815002000  8.300000000 -0.057832025000
870.840027000  8.300000000 -0.058779906500
870.864990000  8.300000000 -0.059605345100
870.890015000  8.300000000 -0.060306839600
870.914978000  8.300000000 -0.060883335800
870.940002000  8.300000000 -0.061334256100
870.965027000  8.300000000 -0.061659507500
870.989990000  8.300000000 -0.061859458700
871.015015000  8.300000000 -0.061934988900
871.039978000  8.300000000 -0.061887472900
871.065002000  8.300000000 -0.061718806600
871.090027000  8.300000000 -0.061431422800
871.114990000  8.300000000 -0.061028271900
871.140015000  8.300000000 -0.060512851900
871.164978000  8.300000000 -0.059889119100
871.190002000  8.300000000 -0.059161569900
871.215027000  8.300000000 -0.058335118000
871.239990000  8.300000000 -0.057415194800
871.265015000  8.300000000 -0.056407574600
871.289978000  8.300000000 -0.055318452400
871.315002000  8.300000000 -0.054154314100
871.340027000  8.300000000 -0.052921954500
871.364990000  8.300000000 -0.051628381000
871.390015000  8.300000000 -0.050280787100
871.414978000  8.300000000 -0.048886470500
871.440002000  8.300000000 -0.047452837200
871.465027000  8.300000000 -0.045987278200
871.489990000  8.300000000 -0.044497169600
871.515015000  8.300000000 -0.042989801600
871.539978000  8.300000000 -0.041472375400
871.565002000  8.300000000 -0.039951898200
871.590027000  8.300000000 -0.038435217000
871.614990000  8.300000000 -0.036928929400
871.640015000  8.300000000 -0.035439409300
871.664978000  8.300000000 -0.033972758800
871.690002000  8.300000000 -0.032534785600
871.715027000  8.300000000 -0.031131001200
871.739990000  8.300000000 -0.029766613600
871.765015000  8.300000000 -0.028446523500
871.789978000  8.300000000 -0.027175318400
871.815002000  8.300000000 -0.025957275200
871.840027000  8.300000000 -0.024796338800
871.864990000  8.300000000 -0.023696124600
871.890015000  8.300000000 -0.022659892200
871.914978000  8.300000000 -0.021690536300
871.940002000  8.300000000 -0.020790575100
871.965027000  8.300000000 -0.019962118900
871.989990000  8.300000000 -0.019206862900
872.015015000  8.300000000 -0.018526081000
872.039978000  8.300000000 -0.017920615200
872.065002000  8.300000000 -0.017390864000
872.090027000  8.300000000 -0.016936790200
872.114990000  8.300000000 -0.016557941200
872.140015000  8.300000000 -0.016253422900
872.164978000  8.300000000 -0.016021942700
872.190002000  8.300000000 -0.015861779500
872.215027000  8.300000000 -0.015770811600
872.239990000  8.300000000 -0.015746528300
872.265015000  8.300000000 -0.015786029400
872.289978000  8.300000000 -0.015886070200
872.315002000  8.300000000 -0.016043055800
872.340027000  8.300000000 -0.016253102600
872.364990000  8.300000000 -0.016512036300
872.390015000  8.300000000 -0.016815442600
872.414978000  8.300000000 -0.017158675900
872.440002000  8.300000000 -0.017536925200
872.465027000  8.300000000 -0.017945190900
872.489990000  8.300000000 -0.018378377000
872.515015000  8.300000000 -0.018831251200
872.539978000  8.300000000 -0.019298512500
872.565002000  8.300000000 -0.019774813200
872.590027000  8.300000000 -0.020254742400
872.614990000  8.300000000 -0.020732877800
872.640015000  8.300000000 -0.021203810300
872.664978000  8.300000000 -0.021662153300
872.690002000  8.300000000 -0.022102583200
872.715027000  8.300000000 -0.022519851100
872.739990000  8.300000000 -0.022908832900
872.765015000  8.300000000 -0.023264542200
872.789978000  8.300000000 -0.023582158600
872.815002000  8.300000000 -0.023857042200
872.840027000  8.300000000 -0.024084800900
872.864990000  8.300000000 -0.024261260400
872.890015000  8.300000000 -0.024382544700
872.914978000  8.300000000 -0.024445081100
872.940002000  8.300000000 -0.024445612000
872.965027000  8.300000000 -0.024381244600
872.989990000  8.300000000 -0.024249468000
873.015015000  8.300000000 -0.024048175700
873.039978000  8.300000000 -0.023775696800
873.065002000  8.300000000 -0.023430809400
873.090027000  8.300000000 -0.023012764800
873.114990000  8.300000000 -0.022521311400
873.140015000  8.300000000 -0.021956674800
873.164978000  8.300000000 -0.021319570000
873.190002000  8.300000000 -0.020611222800
873.215027000  8.300000000 -0.019833290900
873.239990000  8.300000000 -0.018987901500
873.265015000  8.300000000 -0.018077593300
873.289978000  8.300000000 -0.017105255300
873.315002000  8.300000000 -0.016074134000
873.340027000  8.300000000 -0.014987723900
873.364990000  8.300000000 -0.013849732500
873.390015000  8.300000000 -0.012664025600
873.414978000  8.300000000 -0.011434532700
873.440002000  8.300000000 -0.010165247100
873.465027000  8.300000000 -0.008860120550
873.489990000  8.300000000 -0.007523067760
873.515015000  8.300000000 -0.006157873200
873.539978000  8.300000000 -0.004768221170
873.565002000  8.300000000 -0.003357642330
873.590027000  8.300000000 -0.001929501420
873.614990000  8.300000000 -0.000487026962
873.640015000  8.300000000 0.000966734195
873.664978000  8.300000000 0.002428844570
873.690002000  8.300000000 0.003896492300
873.715027000  8.300000000 0.005366968920
873.739990000  8.300000000 0.006837598510
873.765015000  8.300000000 0.008305765690
873.789978000  8.300000000 0.009768844580
873.815002000  8.300000000 0.011224219600
873.840027000  8.300000000 0.012669265300
873.864990000  8.300000000 0.014101290100
873.890015000  8.300000000 0.015517579400
873.914978000  8.300000000 0.016915381000
873.940002000  8.300000000 0.018291860800
873.965027000  8.300000000 0.019644165400
873.989990000  8.300000000 0.020969390900
874.015015000  8.300000000 0.022264573700
874.039978000  8.300000000 0.023526735600
874.065002000  8.300000000 0.024752870200
874.090027000  8.300000000 0.025939961900
874.114990000  8.300000000 0.027084995100
874.140015000  8.300000000 0.028185010000
874.164978000  8.300000000 0.029237093400
874.190002000  8.300000000 0.030238417900
874.215027000  8.300000000 0.031186277000
874.239990000  8.300000000 0.032078124600
874.265015000  8.300000000 0.032911591200
874.289978000  8.300000000 0.033684533100
874.315002000  8.300000000 0.034395050300
874.340027000  8.300000000 0.035041559500
874.364990000  8.300000000 0.035622712200
874.390015000  8.300000000 0.036137539900
874.414978000  8.300000000 0.036585357000
874.440002000  8.300000000 0.036965835800
874.465027000  8.300000000 0.037279006100
874.489990000  8.300000000 0.037525206800
874.515015000  8.300000000 0.037705130900
874.539978000  8.300000000 0.037819787900
874.565002000  8.300000000 0.037870492800
874.590027000  8.300000000 0.037858881100
874.614990000  8.300000000 0.037786852600
874.640015000  8.300000000 0.037656594100
874.664978000  8.300000000 0.037470489700
874.690002000  8.300000000 0.037231195700
874.715027000  8.300000000 0.036941420300
874.739990000  8.300000000 0.036604084100
874.765015000  8.300000000 0.036222107700
874.789978000  8.300000000 0.035798460200
874.815002000  8.300000000 0.035336069800
874.840027000  8.300000000 0.034837786100
874.864990000  8.300000000 0.034306336200
874.890015000  8.300000000 0.033744279300
874.914978000  8.300000000 0.033154021900
874.940002000  8.300000000 0.032537747200
874.965027000  8.300000000 0.031897459200
874.989990000  8.300000000 0.031234968500
875.015015000  8.300000000 0.030551884300
875.039978000  8.300000000 0.029849637300
875.065002000  8.300000000 0.029129466000
875.090027000  8.300000000 0.028392452700
875.114990000  8.300000000 0.027639506400
875.140015000  8.300000000 0.026871377600
875.164978000  8.300000000 0.026088656900
875.190002000  8.300000000 0.025291780000
875.215027000  8.300000000 0.024481043200
875.239990000  8.300000000 0.023656595500
875.265015000  8.300000000 0.022818492700
875.289978000  8.300000000 0.021966660400
875.315002000  8.300000000 0.021100986700
875.340027000  8.300000000 0.020221285500
875.364990000  8.300000000 0.019327377900
875.390015000  8.300000000 0.018419075800
875.414978000  8.300000000 0.017496233800
875.440002000  8.300000000 0.016558755200
875.465027000  8.300000000 0.015606631500
875.489990000  8.300000000 0.014639917800
875.515015000  8.300000000 0.013658798300
875.539978000  8.300000000 0.012663542300
875.565002000  8.300000000 0.011654538100
875.590027000  8.300000000 0.010632292400
875.614990000  8.300000000 0.009597427210
875.640015000  8.300000000 0.008550706320
875.664978000  8.300000000 0.007493008860
875.690002000  8.300000000 0.006425336000
875.715027000  8.300000000 0.005348822570
875.739990000  8.300000000 0.004264730030
875.765015000  8.300000000 0.003174424400
875.789978000  8.300000000 0.002079399300
875.815002000  8.300000000 0.000981252640
875.840027000  8.300000000 -0.000118299671
875.864990000  8.300000000 -0.001217431850
875.890015000  8.300000000 -0.002314182460
875.914978000  8.300000000 -0.003406473440
875.940002000  8.300000000 -0.004492059350
875.965027000  8.300000000 -0.005568576980
875.989990000  8.300000000 -0.006633483800
876.015015000  8.300000000 -0.007684097160
876.039978000  8.300000000 -0.008717587220
876.065002000  8.300000000 -0.009730949070
876.090027000  8.300000000 -0.010721067900
876.114990000  8.300000000 -0.011684666400
876.140015000  8.300000000 -0.012618355500
876.164978000  8.300000000 -0.013518617500
876.190002000  8.300000000 -0.014381879900
876.215027000  8.300000000 -0.015204469700
876.239990000  8.300000000 -0.015982722900
876.265015000  8.300000000 -0.016712965400
876.289978000  8.300000000 -0.017391607200
876.315002000  8.300000000 -0.018015172300
876.340027000  8.300000000 -0.018580338000
876.364990000  8.300000000 -0.019084036400
876.390015000  8.300000000 -0.019523456700
876.414978000  8.300000000 -0.019896118000
876.440002000  8.300000000 -0.020199913500
876.465027000  8.300000000 -0.020433150200
876.489990000  8.300000000 -0.020594595000
876.515015000  8.300000000 -0.020683471100
876.539978000  8.300000000 -0.020699515900
876.565002000  8.300000000 -0.020642995800
876.590027000  8.300000000 -0.020514678200
876.614990000  8.300000000 -0.020315844600
876.640015000  8.300000000 -0.020048296100
876.664978000  8.300000000 -0.019714331300
876.690002000  8.300000000 -0.019316747800
876.715027000  8.300000000 -0.018858756900
876.739990000  8.300000000 -0.018344014900
876.765015000  8.300000000 -0.017776550700
876.789978000  8.300000000 -0.017160734200
876.815002000  8.300000000 -0.016501229300
876.840027000  8.300000000 -0.015802975700
876.864990000  8.300000000 -0.015071074500
876.890015000  8.300000000 -0.014310787400
876.914978000  8.300000000 -0.013527472500
876.940002000  8.300000000 -0.012726498800
876.965027000  8.300000000 -0.011913233400
876.989990000  8.300000000 -0.011092978500
877.015015000  8.300000000 -0.010270926200
877.039978000  8.300000000 -0.009452113880
877.065002000  8.300000000 -0.008641403170
877.090027000  8.300000000 -0.007843417120
877.114990000  8.300000000 -0.007062538060
877.140015000  8.300000000 -0.006302861960
877.164978000  8.300000000 -0.005568173250
877.190002000  8.300000000 -0.004861939230
877.215027000  8.300000000 -0.004187289160
877.239990000  8.300000000 -0.003547000230
877.265015000  8.300000000 -0.002943482950
877.289978000  8.300000000 -0.002378805070
877.315002000  8.300000000 -0.001854663370
877.340027000  8.300000000 -0.001372402770
877.364990000  8.300000000 -0.000933010306
877.390015000  8.300000000 -0.000537108397
877.414978000  8.300000000 -0.000184981429
877.440002000  8.300000000 0.000123480248
877.465027000  8.300000000 0.000388714252
877.489990000  8.300000000 0.000611539464
877.515015000  8.300000000 0.000793119310
877.539978000  8.300000000 0.000934938027
877.565002000  8.300000000 0.001038833520
877.590027000  8.300000000 0.001106944520
877.614990000  8.300000000 0.001141697050
877.640015000  8.300000000 0.001145785090
877.664978000  8.300000000 0.001122148940
877.690002000  8.300000000 0.001073909690
877.715027000  8.300000000 0.001004389490
877.739990000  8.300000000 0.000917010475
877.765015000  8.300000000 0.000815311621
877.789978000  8.300000000 0.000702868332
877.815002000  8.300000000 0.000583277957
877.840027000  8.300000000 0.000460098614
877.864990000  8.300000000 0.000336817437
877.890015000  8.300000000 0.000216806395
877.914978000  8.300000000 0.000103295984
877.940002000  8.300000000 -0.000000660429
877.965027000  8.300000000 -0.000092238428
877.989990000  8.300000000 -0.000168841420
878.015015000  8.300000000 -0.000228160105
878.039978000  8.300000000 -0.000268156437
878.065002000  8.300000000 -0.000287114439
878.090027000  8.300000000 -0.000283630070
878.114990000  8.300000000 -0.000256640284
878.140015000  8.300000000 -0.000205398333
878.164978000  8.300000000 -0.000129514578
878.190002000  8.300000000 -0.000028929957
878.215027000  8.300000000 0.000096081232
878.239990000  8.300000000 0.000244905124
878.265015000  8.300000000 0.000416633236
878.289978000  8.300000000 0.000610054180
878.315002000  8.300000000 0.000823695678
878.340027000  8.300000000 0.001055839120
878.364990000  8.300000000 0.001304553120
878.390015000  8.300000000 0.001567721480
878.414978000  8.300000000 0.001843082140
878.440002000  8.300000000 0.002128232740
878.465027000  8.300000000 0.002420692010
878.489990000  8.300000000 0.002717891710
878.515015000  8.300000000 0.003017212500
878.539978000  8.300000000 0.003316021520
878.565002000  8.300000000 0.003611688970
878.590027000  8.300000000 0.003901598280
878.614990000  8.300000000 0.004183205780
878.640015000  8.300000000 0.004454047880
878.664978000  8.300000000 0.004711774180
878.690002000  8.300000000 0.004954179280
878.715027000  8.300000000 0.005179230120
878.739990000  8.300000000 0.005385097120
878.765015000  8.300000000 0.005570168140
878.789978000  8.300000000 0.005733063910
878.815002000  8.300000000 0.005872657990
878.840027000  8.300000000 0.005988092630
878.864990000  8.300000000 0.006078768060
878.890015000  8.300000000 0.006144348530
878.914978000  8.300000000 0.006184756290
878.940002000  8.300000000 0.006200149660
878.965027000  8.300000000 0.006190917450
878.989990000  8.300000000 0.006157653410
879.015015000  8.300000000 0.006101137960
879.039978000  8.300000000 0.006022323850
879.065002000  8.300000000 0.005922300740
879.090027000  8.300000000 0.005802290510
879.114990000  8.300000000 0.005663617980
879.140015000  8.300000000 0.005507708060
879.164978000  8.300000000 0.005336061120
879.190002000  8.300000000 0.005150245500
879.215027000  8.300000000 0.004951893820
879.239990000  8.300000000 0.004742699210
879.265015000  8.300000000 0.004524395800
879.289978000  8.300000000 0.004298767070
879.315002000  8.300000000 0.004067636090
879.340027000  8.300000000 0.003832840360
879.364990000  8.300000000 0.003596247640
879.390015000  8.300000000 0.003359715920
879.414978000  8.300000000 0.003125100400
879.440002000  8.300000000 0.002894233680
879.465027000  8.300000000 0.002668906240
879.489990000  8.300000000 0.002450864060
879.515015000  8.300000000 0.002241772370
879.539978000  8.300000000 0.002043222540
879.565002000  8.300000000 0.001856721240
879.590027000  8.300000000 0.001683673590
879.614990000  8.300000000 0.001525402190
879.640015000  8.300000000 0.001383134400
879.664978000  8.300000000 0.001258018430
879.690002000  8.300000000 0.001151131580
879.715027000  8.300000000 0.001063477130
879.739990000  8.300000000 0.000996015966
879.765015000  8.300000000 0.000949659559
879.789978000  8.300000000 0.000925276894
879.815002000  8.300000000 0.000923702726
879.840027000  8.300000000 0.000945722742
879.864990000  8.300000000 0.000992063084
879.890015000  8.300000000 0.001063383300
879.914978000  8.300000000 0.001160241200
879.940002000  8.300000000 0.001283090910
879.965027000  8.300000000 0.001432255260
879.989990000  8.300000000 0.001607890240
880.015015000  8.300000000 0.001809979910
880.039978000  8.300000000 0.002038289090
880.065002000  8.300000000 0.002292362270
880.090027000  8.300000000 0.002571490360
880.114990000  8.300000000 0.002874718750
880.140015000  8.300000000 0.003200824140
880.164978000  8.300000000 0.003548325510
880.190002000  8.300000000 0.003915497570
880.215027000  8.300000000 0.004300372210
880.239990000  8.300000000 0.004700771530
880.265015000  8.300000000 0.005114349540
880.289978000  8.300000000 0.005538602360
880.315002000  8.300000000 0.005970916250
880.340027000  8.300000000 0.006408607120
880.364990000  8.300000000 0.006848931780
880.390015000  8.300000000 0.007289148400
880.414978000  8.300000000 0.007726513780
880.440002000  8.300000000 0.008158329870
880.465027000  8.300000000 0.008581965230
880.489990000  8.300000000 0.008994859640
880.515015000  8.300000000 0.009394573980
880.539978000  8.300000000 0.009778794830
880.565002000  8.300000000 0.010145353200
880.590027000  8.300000000 0.010492211200
880.614990000  8.300000000 0.010817503600
880.640015000  8.300000000 0.011119517500
880.664978000  8.300000000 0.011396695900
880.690002000  8.300000000 0.011647651000
880.715027000  8.300000000 0.011871138600
880.739990000  8.300000000 0.012066073700
880.765015000  8.300000000 0.012231505500
880.789978000  8.300000000 0.012366656200
880.815002000  8.300000000 0.012470880500
880.840027000  8.300000000 0.012543718300
880.864990000  8.300000000 0.012584875300
880.890015000  8.300000000 0.012594291900
880.914978000  8.300000000 0.012572133000
880.940002000  8.300000000 0.012518833400
880.965027000  8.300000000 0.012435122400
880.989990000  8.300000000 0.012322018900
881.015015000  8.300000000 0.012180898300
881.039978000  8.300000000 0.012013458600
881.065002000  8.300000000 0.011821744000
881.090027000  8.300000000 0.011608162900
881.114990000  8.300000000 0.011375444900
881.140015000  8.300000000 0.011126647700
881.164978000  8.300000000 0.010865137000
881.190002000  8.300000000 0.010594537500
881.215027000  8.300000000 0.010318712300
881.239990000  8.300000000 0.010041738900
881.265015000  8.300000000 0.009767836890
881.289978000  8.300000000 0.009501331490
881.315002000  8.300000000 0.009246585890
881.340027000  8.300000000 0.009007954040
881.364990000  8.300000000 0.008789707910
881.390015000  8.300000000 0.008596001190
881.414978000  8.300000000 0.008430795740
881.440002000  8.300000000 0.008297820580
881.465027000  8.300000000 0.008200493640
881.489990000  8.300000000 0.008141895760
881.515015000  8.300000000 0.008124710060
881.539978000  8.300000000 0.008151219230
881.565002000  8.300000000 0.008223243990
881.590027000  8.300000000 0.008342166430
881.614990000  8.300000000 0.008508902040
881.640015000  8.300000000 0.008723921140
881.664978000  8.300000000 0.008987249810
881.690002000  8.300000000 0.009298505260
881.715027000  8.300000000 0.009656923820
881.739990000  8.300000000 0.010061381400
881.765015000  8.300000000 0.010510440900
881.789978000  8.300000000 0.011002374800
881.815002000  8.300000000 0.011535185400
881.840027000  8.300000000 0.012106672900
881.864990000  8.300000000 0.012714425100
881.890015000  8.300000000 0.013355863300
881.914978000  8.300000000 0.014028270700
881.940002000  8.300000000 0.014728807800
881.965027000  8.300000000 0.015454534400
881.989990000  8.300000000 0.016202421900
882.015015000  8.300000000 0.016969377200
882.039978000  8.300000000 0.017752232000
882.065002000  8.300000000 0.018547760300
882.090027000  8.300000000 0.019352680100
882.114990000  8.300000000 0.020163666500
882.140015000  8.300000000 0.020977318300
882.164978000  8.300000000 0.021790199000
882.190002000  8.300000000 0.022598831000
882.215027000  8.300000000 0.023399725600
882.239990000  8.300000000 0.024189345500
882.265015000  8.300000000 0.024964168700
882.289978000  8.300000000 0.025720648500
882.315002000  8.300000000 0.026455283200
882.340027000  8.300000000 0.027164578400
882.364990000  8.300000000 0.027845069800
882.390015000  8.300000000 0.028493370900
882.414978000  8.300000000 0.029106129000
882.440002000  8.300000000 0.029680084400
882.465027000  8.300000000 0.030212037300
882.489990000  8.300000000 0.030698901000
882.515015000  8.300000000 0.031137656400
882.539978000  8.300000000 0.031525392100
882.565002000  8.300000000 0.031859323400
882.590027000  8.300000000 0.032136768100
882.614990000  8.300000000 0.032355181900
882.640015000  8.300000000 0.032512176800
882.664978000  8.300000000 0.032605517700
882.690002000  8.300000000 0.032633174200
882.715027000  8.300000000 0.032593328500
882.739990000  8.300000000 0.032484386100
882.765015000  8.300000000 0.032305046900
882.789978000  8.300000000 0.032054245500
882.815002000  8.300000000 0.031731236700
882.840027000  8.300000000 0.031335581100
882.864990000  8.300000000 0.030867146300
882.890015000  8.300000000 0.030326128000
882.914978000  8.300000000 0.029713075600
882.940002000  8.300000000 0.029028793800
882.965027000  8.300000000 0.028274461600
882.989990000  8.300000000 0.027451526400
883.015015000  8.300000000 0.026561752000
883.039978000  8.300000000 0.025607155600
883.065002000  8.300000000 0.024590062000
883.090027000  8.300000000 0.023513004200
883.114990000  8.300000000 0.022378834000
883.140015000  8.300000000 0.021190572500
883.164978000  8.300000000 0.019951533500
883.190002000  8.300000000 0.018665229900
883.215027000  8.300000000 0.017335388800
883.239990000  8.300000000 0.015965933000
883.265015000  8.300000000 0.014561003100
883.289978000  8.300000000 0.013124890600
883.315002000  8.300000000 0.011662029700
883.340027000  8.300000000 0.010176990200
883.364990000  8.300000000 0.008674425070
883.390015000  8.300000000 0.007159067320
883.414978000  8.300000000 0.005635684820
883.440002000  8.300000000 0.004109050150
883.465027000  8.300000000 0.002583922820
883.489990000  8.300000000 0.001064991810
883.515015000  8.300000000 -0.000443115830
883.539978000  8.300000000 -0.001935904150
883.565002000  8.300000000 -0.003408994060
883.590027000  8.300000000 -0.004858174830
883.614990000  8.300000000 -0.006279398690
883.640015000  8.300000000 -0.007668807640
883.664978000  8.300000000 -0.009022735990
883.690002000  8.300000000 -0.010337726200
883.715027000  8.300000000 -0.011610535000
883.739990000  8.300000000 -0.012838128000
883.765015000  8.300000000 -0.014017689000
883.789978000  8.300000000 -0.015146620600
883.815002000  8.300000000 -0.016222538400
883.840027000  8.300000000 -0.017243279100
883.864990000  8.300000000 -0.018206888800
883.890015000  8.300000000 -0.019111633300
883.914978000  8.300000000 -0.019955987100
883.940002000  8.300000000 -0.020738637100
883.965027000  8.300000000 -0.021458499100
883.989990000  8.300000000 -0.022114682900
884.015015000  8.300000000 -0.022706529100
884.039978000  8.300000000 -0.023233560800
884.065002000  8.300000000 -0.023695549000
884.090027000  8.300000000 -0.024092461900
884.114990000  8.300000000 -0.024424474700
884.140015000  8.300000000 -0.024691984100
884.164978000  8.300000000 -0.024895584200
884.190002000  8.300000000 -0.025036068600
884.215027000  8.300000000 -0.025114418900
884.239990000  8.300000000 -0.025131832800
884.265015000  8.300000000 -0.025089673700
884.289978000  8.300000000 -0.024989500600
884.315002000  8.300000000 -0.024833062700
884.340027000  8.300000000 -0.024622255900
884.364990000  8.300000000 -0.024359177800
884.390015000  8.300000000 -0.024046037300
884.414978000  8.300000000 -0.023685224400
884.440002000  8.300000000 -0.023279255300
884.465027000  8.300000000 -0.022830748900
884.489990000  8.300000000 -0.022342449100
884.515015000  8.300000000 -0.021817155200
884.539978000  8.300000000 -0.021257743200
884.565002000  8.300000000 -0.020667130100
884.590027000  8.300000000 -0.020048258800
884.614990000  8.300000000 -0.019404040600
884.640015000  8.300000000 -0.018737403700
884.664978000  8.300000000 -0.018051181000
884.690002000  8.300000000 -0.017348144200
884.715027000  8.300000000 -0.016630966200
884.739990000  8.300000000 -0.015902193300
884.765015000  8.300000000 -0.015164240300
884.789978000  8.300000000 -0.014419350800
884.815002000  8.300000000 -0.013669625900
884.840027000  8.300000000 -0.012916955200
884.864990000  8.300000000 -0.012163073800
884.890015000  8.300000000 -0.011409498800
884.914978000  8.300000000 -0.010657566600
884.940002000  8.300000000 -0.009908398610
884.965027000  8.300000000 -0.009162925180
884.989990000  8.300000000 -0.008421877400
885.015015000  8.300000000 -0.007685801480
885.039978000  8.300000000 -0.006955059250
885.065002000  8.300000000 -0.006229858850
885.090027000  8.300000000 -0.005510252900
885.114990000  8.300000000 -0.004796189260
885.140015000  8.300000000 -0.004087504470
885.164978000  8.300000000 -0.003383980600
885.190002000  8.300000000 -0.002685352460
885.215027000  8.300000000 -0.001991325760
885.239990000  8.300000000 -0.001301608050
885.265015000  8.300000000 -0.000615934317
885.289978000  8.300000000 0.000065938286
885.315002000  8.300000000 0.000744196412
885.340027000  8.300000000 0.001418952710
885.364990000  8.300000000 0.002090246880
885.390015000  8.300000000 0.002758035900
885.414978000  8.300000000 0.003422166450
885.440002000  8.300000000 0.004082388710
885.465027000  8.300000000 0.004738349470
885.489990000  8.300000000 0.005389562810
885.515015000  8.300000000 0.006035428490
885.539978000  8.300000000 0.006675213580
885.565002000  8.300000000 0.007308069150
885.590027000  8.300000000 0.007933010350
885.614990000  8.300000000 0.008548921910
885.640015000  8.300000000 0.009154564700
885.664978000  8.300000000 0.009748565960
885.690002000  8.300000000 0.010329422500
885.715027000  8.300000000 0.010895508300
885.739990000  8.300000000 0.011445067800
885.765015000  8.300000000 0.011976236500
885.789978000  8.300000000 0.012487039900
885.815002000  8.300000000 0.012975394700
885.840027000  8.300000000 0.013439147700
885.864990000  8.300000000 0.013876064700
885.890015000  8.300000000 0.014283866600
885.914978000  8.300000000 0.014660218700
885.940002000  8.300000000 0.015002766600
885.965027000  8.300000000 0.015309161500
885.989990000  8.300000000 0.015577067600
886.015015000  8.300000000 0.015804218100
886.039978000  8.300000000 0.015988428100
886.065002000  8.300000000 0.016127621800
886.090027000  8.300000000 0.016219880400
886.114990000  8.300000000 0.016263430900
886.140015000  8.300000000 0.016256736600
886.164978000  8.300000000 0.016198489800
886.190002000  8.300000000 0.016087636400
886.215027000  8.300000000 0.015923421800
886.239990000  8.300000000 0.015705388000
886.265015000  8.300000000 0.015433424200
886.289978000  8.300000000 0.015107735100
886.315002000  8.300000000 0.014728911200
886.340027000  8.300000000 0.014297908200
886.364990000  8.300000000 0.013816051200
886.390015000  8.300000000 0.013285057600
886.414978000  8.300000000 0.012707040600
886.440002000  8.300000000 0.012084466400
886.465027000  8.300000000 0.011420189400
886.489990000  8.300000000 0.010717427400
886.515015000  8.300000000 0.009979700670
886.539978000  8.300000000 0.009210871530
886.565002000  8.300000000 0.008415052670
886.590027000  8.300000000 0.007596625020
886.614990000  8.300000000 0.006760172080
886.640015000  8.300000000 0.005910469680
886.664978000  8.300000000 0.005052432880
886.690002000  8.300000000 0.004191076850
886.715027000  8.300000000 0.003331475890
886.739990000  8.300000000 0.002478708980
886.765015000  8.300000000 0.001637831680
886.789978000  8.300000000 0.000813792110
886.815002000  8.300000000 0.000011414613
886.840027000  8.300000000 -0.000764669094
886.864990000  8.300000000 -0.001510060630
886.890015000  8.300000000 -0.002220620170
886.914978000  8.300000000 -0.002892546590
886.940002000  8.300000000 -0.003522381880
886.965027000  8.300000000 -0.004107024520
886.989990000  8.300000000 -0.004643787630
887.015015000  8.300000000 -0.005130389240
887.039978000  8.300000000 -0.005564959250
887.065002000  8.300000000 -0.005946050400
887.090027000  8.300000000 -0.006272645200
887.114990000  8.300000000 -0.006544139240
887.140015000  8.300000000 -0.006760332730
887.164978000  8.300000000 -0.006921428720
887.190002000  8.300000000 -0.007028006950
887.215027000  8.300000000 -0.007081006650
887.239990000  8.300000000 -0.007081712130
887.265015000  8.300000000 -0.007031725720
887.289978000  8.300000000 -0.006932951980
887.315002000  8.300000000 -0.006787570190
887.340027000  8.300000000 -0.006598020440
887.364990000  8.300000000 -0.006366980260
887.390015000  8.300000000 -0.006097341420
887.414978000  8.300000000 -0.005792193580
887.440002000  8.300000000 -0.005454803350
887.465027000  8.300000000 -0.005088586360
887.489990000  8.300000000 -0.004697103050
887.515015000  8.300000000 -0.004284021440
887.539978000  8.300000000 -0.003853116420
887.565002000  8.300000000 -0.003408238290
887.590027000  8.300000000 -0.002953300720
887.614990000  8.300000000 -0.002492265780
887.640015000  8.300000000 -0.002029128610
887.664978000  8.300000000 -0.001567878180
887.690002000  8.300000000 -0.001112489610
887.715027000  8.300000000 -0.000666858046
887.739990000  8.300000000 -0.000234832580
887.765015000  8.300000000 0.000179875802
887.789978000  8.300000000 0.000573698606
887.815002000  8.300000000 0.000943249965
887.840027000  8.300000000 0.001285342380
887.864990000  8.300000000 0.001597031250
887.890015000  8.300000000 0.001875646760
887.914978000  8.300000000 0.002118797970
887.940002000  8.300000000 0.002324406760
887.965027000  8.300000000 0.002490706510
887.989990000  8.300000000 0.002616295360
888.015015000  8.300000000 0.002700072950
888.039978000  8.300000000 0.002741290260
888.065002000  8.300000000 0.002739527260
888.090027000  8.300000000 0.002694662430
888.114990000  8.300000000 0.002606901110
888.140015000  8.300000000 0.002476699420
888.164978000  8.300000000 0.002304804050
888.190002000  8.300000000 0.002092183330
888.215027000  8.300000000 0.001840025190
888.239990000  8.300000000 0.001549677340
888.265015000  8.300000000 0.001222648660
888.289978000  8.300000000 0.000860502536
888.315002000  8.300000000 0.000464872166
888.340027000  8.300000000 0.000037438196
888.364990000  8.300000000 -0.000420192024
888.390015000  8.300000000 -0.000906409114
888.414978000  8.300000000 -0.001419759940
888.440002000  8.300000000 -0.001958825630
888.465027000  8.300000000 -0.002522395920
888.489990000  8.300000000 -0.003109382470
888.515015000  8.300000000 -0.003718847180
888.539978000  8.300000000 -0.004350053150
888.565002000  8.300000000 -0.005002426450
888.590027000  8.300000000 -0.005675546360
888.614990000  8.300000000 -0.006369185630
888.640015000  8.300000000 -0.007083261850
888.664978000  8.300000000 -0.007817815060
888.690002000  8.300000000 -0.008573025470
888.715027000  8.300000000 -0.009349167350
888.739990000  8.300000000 -0.010146593700
888.765015000  8.300000000 -0.010965707700
888.789978000  8.300000000 -0.011806936000
888.815002000  8.300000000 -0.012670718100
888.840027000  8.300000000 -0.013557440600
888.864990000  8.300000000 -0.014467465700
888.890015000  8.300000000 -0.015401034600
888.914978000  8.300000000 -0.016358336400
888.940002000  8.300000000 -0.017339386000
888.965027000  8.300000000 -0.018344089400
888.989990000  8.300000000 -0.019372176400
889.015015000  8.300000000 -0.020423222300
889.039978000  8.300000000 -0.021496599500
889.065002000  8.300000000 -0.022591512700
889.090027000  8.300000000 -0.023706939100
889.114990000  8.300000000 -0.024841751900
889.140015000  8.300000000 -0.025994554200
889.164978000  8.300000000 -0.027163863200
889.190002000  8.300000000 -0.028347961600
889.215027000  8.300000000 -0.029545027800
889.239990000  8.300000000 -0.030753064900
889.265015000  8.300000000 -0.031969942200
889.289978000  8.300000000 -0.033193353600
889.315002000  8.300000000 -0.034420937300
889.340027000  8.300000000 -0.035650163900
889.364990000  8.300000000 -0.036878436800
889.390015000  8.300000000 -0.038103077600
889.414978000  8.300000000 -0.039321322000
889.440002000  8.300000000 -0.040530391000
889.465027000  8.300000000 -0.041727427400
889.489990000  8.300000000 -0.042909625900
889.515015000  8.300000000 -0.044074058500
889.539978000  8.300000000 -0.045217901500
889.565002000  8.300000000 -0.046338282500
889.590027000  8.300000000 -0.047432392800
889.614990000  8.300000000 -0.048497423500
889.640015000  8.300000000 -0.049530681200
889.664978000  8.300000000 -0.050529457600
889.690002000  8.300000000 -0.051491189700
889.715027000  8.300000000 -0.052413355600
889.739990000  8.300000000 -0.053293533600
889.765015000  8.300000000 -0.054129362100
889.789978000  8.300000000 -0.054918631900
889.815002000  8.300000000 -0.055659186100
889.840027000  8.300000000 -0.056348986900
889.864990000  8.300000000 -0.056986182900
889.890015000  8.300000000 -0.057568956200
889.914978000  8.300000000 -0.058095704800
889.940002000  8.300000000 -0.058564912500
889.965027000  8.300000000 -0.058975249500
889.989990000  8.300000000 -0.059325560900
890.015015000  8.300000000 -0.059614855800
890.039978000  8.300000000 -0.059842295900
890.065002000  8.300000000 -0.060007266700
890.090027000  8.300000000 -0.060109373200
890.114990000  8.300000000 -0.060148362100
890.140015000  8.300000000 -0.060124225900
890.164978000  8.300000000 -0.060037162200
890.190002000  8.300000000 -0.059887595500
890.215027000  8.300000000 -0.059676088400
890.239990000  8.300000000 -0.059403482800
890.265015000  8.300000000 -0.059070795800
890.289978000  8.300000000 -0.058679245400
890.315002000  8.300000000 -0.058230217500
890.340027000  8.300000000 -0.057725332700
890.364990000  8.300000000 -0.057166364000
890.390015000  8.300000000 -0.056555219000
890.414978000  8.300000000 -0.055894043300
890.440002000  8.300000000 -0.055185008800
890.465027000  8.300000000 -0.054430484800
890.489990000  8.300000000 -0.053632922500
890.515015000  8.300000000 -0.052794836500
890.539978000  8.300000000 -0.051918812100
890.565002000  8.300000000 -0.051007483200
890.590027000  8.300000000 -0.050063468500
890.614990000  8.300000000 -0.049089390800
890.640015000  8.300000000 -0.048087872600
890.664978000  8.300000000 -0.047061465700
890.690002000  8.300000000 -0.046012681000
890.715027000  8.300000000 -0.044943951100
890.739990000  8.300000000 -0.043857622900
890.765015000  8.300000000 -0.042755961400
890.789978000  8.300000000 -0.041641112400
890.815002000  8.300000000 -0.040515091300
890.840027000  8.300000000 -0.039379794200
890.864990000  8.300000000 -0.038236983100
890.890015000  8.300000000 -0.037088241400
890.914978000  8.300000000 -0.035935018200
890.940002000  8.300000000 -0.034778583800
890.965027000  8.300000000 -0.033620085600
890.989990000  8.300000000 -0.032460484700
891.015015000  8.300000000 -0.031300611800
891.039978000  8.300000000 -0.030141187800
891.065002000  8.300000000 -0.028982799500
891.090027000  8.300000000 -0.027825983200
891.114990000  8.300000000 -0.026671182400
891.140015000  8.300000000 -0.025518808500
891.164978000  8.300000000 -0.024369234200
891.190002000  8.300000000 -0.023222811500
891.215027000  8.300000000 -0.022079885000
891.239990000  8.300000000 -0.020940799300
891.265015000  8.300000000 -0.019805923100
891.289978000  8.300000000 -0.018675601100
891.315002000  8.300000000 -0.017550228200
891.340027000  8.300000000 -0.016430174900
891.364990000  8.300000000 -0.015315830700
891.390015000  8.300000000 -0.014207541000
891.414978000  8.300000000 -0.013105637400
891.440002000  8.300000000 -0.012010383400
891.465027000  8.300000000 -0.010921982100
891.489990000  8.300000000 -0.009840546180
891.515015000  8.300000000 -0.008766092360
891.539978000  8.300000000 -0.007698532660
891.565002000  8.300000000 -0.006637687790
891.590027000  8.300000000 -0.005583268590
891.614990000  8.300000000 -0.004534899720
891.640015000  8.300000000 -0.003492127410
891.664978000  8.300000000 -0.002454433820
891.690002000  8.300000000 -0.001421254940
891.715027000  8.300000000 -0.000392005342
891.739990000  8.300000000 0.000633913383
891.765015000  8.300000000 0.001657092710
891.789978000  8.300000000 0.002678086520
891.815002000  8.300000000 0.003697383920
891.840027000  8.300000000 0.004715394690
891.864990000  8.300000000 0.005732406860
891.890015000  8.300000000 0.006748565470
891.914978000  8.300000000 0.007763850500
891.940002000  8.300000000 0.008778038430
891.965027000  8.300000000 0.009790666400
891.989990000  8.300000000 0.010801041500
892.015015000  8.300000000 0.011808193300
892.039978000  8.300000000 0.012810845900
892.065002000  8.300000000 0.013807431800
892.090027000  8.300000000 0.014796054900
892.114990000  8.300000000 0.015774508900
892.140015000  8.300000000 0.016740294200
892.164978000  8.300000000 0.017690619500
892.190002000  8.300000000 0.018622426300
892.215027000  8.300000000 0.019532440200
892.239990000  8.300000000 0.020417168700
892.265015000  8.300000000 0.021272972200
892.289978000  8.300000000 0.022096077000
892.315002000  8.300000000 0.022882634800
892.340027000  8.300000000 0.023628786200
892.364990000  8.300000000 0.024330675600
892.390015000  8.300000000 0.024984536700
892.414978000  8.300000000 0.025586705700
892.440002000  8.300000000 0.026133736600
892.465027000  8.300000000 0.026622403400
892.489990000  8.300000000 0.027049768700
892.515015000  8.300000000 0.027413293700
892.539978000  8.300000000 0.027710797300
892.565002000  8.300000000 0.027940586200
892.590027000  8.300000000 0.028101449800
892.614990000  8.300000000 0.028192665400
892.640015000  8.300000000 0.028214089600
892.664978000  8.300000000 0.028166115300
892.690002000  8.300000000 0.028049672000
892.715027000  8.300000000 0.027866268500
892.739990000  8.300000000 0.027617931400
892.765015000  8.300000000 0.027307231000
892.789978000  8.300000000 0.026937212800
892.815002000  8.300000000 0.026511417700
892.840027000  8.300000000 0.026033790800
892.864990000  8.300000000 0.025508703700
892.890015000  8.300000000 0.024940894900
892.914978000  8.300000000 0.024335455100
892.940002000  8.300000000 0.023697735700
892.965027000  8.300000000 0.023033395400
892.989990000  8.300000000 0.022348292200
893.015015000  8.300000000 0.021648481500
893.039978000  8.300000000 0.020940145500
893.065002000  8.300000000 0.020229572400
893.090027000  8.300000000 0.019523121400
893.114990000  8.300000000 0.018827132900
893.140015000  8.300000000 0.018147943500
893.164978000  8.300000000 0.017491815600
893.190002000  8.300000000 0.016864871600
893.215027000  8.300000000 0.016273105500
893.239990000  8.300000000 0.015722250600
893.265015000  8.300000000 0.015217837900
893.289978000  8.300000000 0.014765083800
893.315002000  8.300000000 0.014368884300
893.340027000  8.300000000 0.014033772100
893.364990000  8.300000000 0.013763910200
893.390015000  8.300000000 0.013563012700
893.414978000  8.300000000 0.013434384000
893.440002000  8.300000000 0.013380854400
893.465027000  8.300000000 0.013404786600
893.489990000  8.300000000 0.013508052600
893.515015000  8.300000000 0.013692047400
893.539978000  8.300000000 0.013957637400
893.565002000  8.300000000 0.014305206900
893.590027000  8.300000000 0.014734610000
893.614990000  8.300000000 0.015245226200
893.640015000  8.300000000 0.015835883100
893.664978000  8.300000000 0.016504958300
893.690002000  8.300000000 0.017250319900
893.715027000  8.300000000 0.018069371600
893.739990000  8.300000000 0.018959052900
893.765015000  8.300000000 0.019915903000
893.789978000  8.300000000 0.020936042100
893.815002000  8.300000000 0.022015241900
893.840027000  8.300000000 0.023148942700
893.864990000  8.300000000 0.024332305400
893.890015000  8.300000000 0.025560224400
893.914978000  8.300000000 0.026827383800
893.940002000  8.300000000 0.028128286800
893.965027000  8.300000000 0.029457317700
893.989990000  8.300000000 0.030808745000
894.015015000  8.300000000 0.032176785200
894.039978000  8.300000000 0.033555682700
894.065002000  8.300000000 0.034939698900
894.090027000  8.300000000 0.036323193500
894.114990000  8.300000000 0.037700660500
894.140015000  8.300000000 0.039066758000
894.164978000  8.300000000 0.040416363600
894.190002000  8.300000000 0.041744560000
894.215027000  8.300000000 0.043046720300
894.239990000  8.300000000 0.044318433900
894.265015000  8.300000000 0.045555621400
894.289978000  8.300000000 0.046754464500
894.315002000  8.300000000 0.047911435400
894.340027000  8.300000000 0.049023322800
894.364990000  8.300000000 0.050087176300
894.390015000  8.300000000 0.051100377000
894.414978000  8.300000000 0.052060574300
894.440002000  8.300000000 0.052965737900
894.465027000  8.300000000 0.053814116900
894.489990000  8.300000000 0.054604243500
894.515015000  8.300000000 0.055335007600
894.539978000  8.300000000 0.056005515200
894.565002000  8.300000000 0.056615237100
894.590027000  8.300000000 0.057163916500
894.614990000  8.300000000 0.057651639000
894.640015000  8.300000000 0.058078765900
894.664978000  8.300000000 0.058446034800
894.690002000  8.300000000 0.058754459000
894.715027000  8.300000000 0.059005402000
894.739990000  8.300000000 0.059200540200
894.765015000  8.300000000 0.059341855300
894.789978000  8.300000000 0.059431616200
894.815002000  8.300000000 0.059472337400
894.840027000  8.300000000 0.059466835100
894.864990000  8.300000000 0.059418108300
894.890015000  8.300000000 0.059329439000
894.914978000  8.300000000 0.059204191000
894.940002000  8.300000000 0.059045966700
894.965027000  8.300000000 0.058858472900
894.989990000  8.300000000 0.058645486800
895.015015000  8.300000000 0.058410882900
895.039978000  8.300000000 0.058158531800
895.065002000  8.300000000 0.057892259200
895.090027000  8.300000000 0.057615876200
895.114990000  8.300000000 0.057333033500
895.140015000  8.300000000 0.057047277700
895.164978000  8.300000000 0.056761983800
895.190002000  8.300000000 0.056480210300
895.215027000  8.300000000 0.056204862900
895.239990000  8.300000000 0.055938486000
895.265015000  8.300000000 0.055683307300
895.289978000  8.300000000 0.055441167200
895.315002000  8.300000000 0.055213503500
895.340027000  8.300000000 0.055001352000
895.364990000  8.300000000 0.054805278800
895.390015000  8.300000000 0.054625380800
895.414978000  8.300000000 0.054461337600
895.440002000  8.300000000 0.054312292500
895.465027000  8.300000000 0.054176926600
895.489990000  8.300000000 0.054053492800
895.515015000  8.300000000 0.053939797000
895.539978000  8.300000000 0.053833194100
895.565002000  8.300000000 0.053730659200
895.590027000  8.300000000 0.053628828400
895.614990000  8.300000000 0.053524028500
895.640015000  8.300000000 0.053412303300
895.664978000  8.300000000 0.053289491700
895.690002000  8.300000000 0.053151249900
895.715027000  8.300000000 0.052993100100
895.739990000  8.300000000 0.052810482700
895.765015000  8.300000000 0.052598811700
895.789978000  8.300000000 0.052353490100
895.815002000  8.300000000 0.052069984400
895.840027000  8.300000000 0.051743861300
895.864990000  8.300000000 0.051370788400
895.890015000  8.300000000 0.050946645400
895.914978000  8.300000000 0.050467494900
895.940002000  8.300000000 0.049929674700
895.965027000  8.300000000 0.049329780000
895.989990000  8.300000000 0.048664730000
896.015015000  8.300000000 0.047931812700
896.039978000  8.300000000 0.047128692300
896.065002000  8.300000000 0.046253431600
896.090027000  8.300000000 0.045304562900
896.114990000  8.300000000 0.044281058000
896.140015000  8.300000000 0.043182361900
896.164978000  8.300000000 0.042008385100
896.190002000  8.300000000 0.040759582100
896.215027000  8.300000000 0.039436813400
896.239990000  8.300000000 0.038041468700
896.265015000  8.300000000 0.036575399300
896.289978000  8.300000000 0.035040855400
896.315002000  8.300000000 0.033440534000
896.340027000  8.300000000 0.031777475000
896.364990000  8.300000000 0.030055072200
896.390015000  8.300000000 0.028277004100
896.414978000  8.300000000 0.026447188100
896.440002000  8.300000000 0.024569781500
896.465027000  8.300000000 0.022649060900
896.489990000  8.300000000 0.020689440900
896.515015000  8.300000000 0.018695373100
896.539978000  8.300000000 0.016671361400
896.565002000  8.300000000 0.014621882700
896.590027000  8.300000000 0.012551359800
896.614990000  8.300000000 0.010464145800
896.640015000  8.300000000 0.008364489300
896.664978000  8.300000000 0.006256545430
896.690002000  8.300000000 0.004144343080
896.715027000  8.300000000 0.002031794280
896.739990000  8.300000000 -0.000077291996
896.765015000  8.300000000 -0.002179220090
896.789978000  8.300000000 -0.004270370580
896.815002000  8.300000000 -0.006347246930
896.840027000  8.300000000 -0.008406391370
896.864990000  8.300000000 -0.010444432500
896.890015000  8.300000000 -0.012458023600
896.914978000  8.300000000 -0.014443905100
896.940002000  8.300000000 -0.016398815400
896.965027000  8.300000000 -0.018319534100
896.989990000  8.300000000 -0.020202877000
897.015015000  8.300000000 -0.022045660800
897.039978000  8.300000000 -0.023844786000
897.065002000  8.300000000 -0.025597168100
897.090027000  8.300000000 -0.027299786000
897.114990000  8.300000000 -0.028949732000
897.140015000  8.300000000 -0.030544159900
897.164978000  8.300000000 -0.032080374700
897.190002000  8.300000000 -0.033555798200
897.215027000  8.300000000 -0.034967981300
897.239990000  8.300000000 -0.036314636500
897.265015000  8.300000000 -0.037593603100
897.289978000  8.300000000 -0.038802873300
897.315002000  8.300000000 -0.039940558400
897.340027000  8.300000000 -0.041004918500
897.364990000  8.300000000 -0.041994322100
897.390015000  8.300000000 -0.042907241700
897.414978000  8.300000000 -0.043742295400
897.440002000  8.300000000 -0.044498179100
897.465027000  8.300000000 -0.045173708300
897.489990000  8.300000000 -0.045767806500
897.515015000  8.300000000 -0.046279523500
897.539978000  8.300000000 -0.046708002700
897.565002000  8.300000000 -0.047052592000
897.590027000  8.300000000 -0.047312758900
897.614990000  8.300000000 -0.047488212600
897.640015000  8.300000000 -0.047578834000
897.664978000  8.300000000 -0.047584723700
897.690002000  8.300000000 -0.047506269100
897.715027000  8.300000000 -0.047344088600
897.739990000  8.300000000 -0.047099083700
897.765015000  8.300000000 -0.046772409200
897.789978000  8.300000000 -0.046365488300
897.815002000  8.300000000 -0.045880064400
897.840027000  8.300000000 -0.045318100600
897.864990000  8.300000000 -0.044681824700
897.890015000  8.300000000 -0.043973755100
897.914978000  8.300000000 -0.043196611100
897.940002000  8.300000000 -0.042353346900
897.965027000  8.300000000 -0.041447151500
897.989990000  8.300000000 -0.040481388600
898.015015000  8.300000000 -0.039459586100
898.039978000  8.300000000 -0.038385469500
898.065002000  8.300000000 -0.037262916600
898.090027000  8.300000000 -0.036095939600
898.114990000  8.300000000 -0.034888643800
898.140015000  8.300000000 -0.033645302100
898.164978000  8.300000000 -0.032370246900
898.190002000  8.300000000 -0.031067887300
898.215027000  8.300000000 -0.029742738200
898.239990000  8.300000000 -0.028399355700
898.265015000  8.300000000 -0.027042336800
898.289978000  8.300000000 -0.025676330600
898.315002000  8.300000000 -0.024305980700
898.340027000  8.300000000 -0.022935975300
898.364990000  8.300000000 -0.021570961900
898.390015000  8.300000000 -0.020215595100
898.414978000  8.300000000 -0.018874490600
898.440002000  8.300000000 -0.017552172800
898.465027000  8.300000000 -0.016253141700
898.489990000  8.300000000 -0.014981779300
898.515015000  8.300000000 -0.013742331400
898.539978000  8.300000000 -0.012538925700
898.565002000  8.300000000 -0.011375516700
898.590027000  8.300000000 -0.010255881600
898.614990000  8.300000000 -0.009183575400
898.640015000  8.300000000 -0.008161933160
898.664978000  8.300000000 -0.007194020790
898.690002000  8.300000000 -0.006282642950
898.715027000  8.300000000 -0.005430289080
898.739990000  8.300000000 -0.004639138930
898.765015000  8.300000000 -0.003911011390
898.789978000  8.300000000 -0.003247369780
898.815002000  8.300000000 -0.002649285830
898.840027000  8.300000000 -0.002117427300
898.864990000  8.300000000 -0.001652039240
898.890015000  8.300000000 -0.001252940860
898.914978000  8.300000000 -0.000919511600
898.940002000  8.300000000 -0.000650713162
898.965027000  8.300000000 -0.000445086422
898.989990000  8.300000000 -0.000300766813
899.015015000  8.300000000 -0.000215518812
899.039978000  8.300000000 -0.000186767997
899.065002000  8.300000000 -0.000211642080
899.090027000  8.300000000 -0.000287008763
899.114990000  8.300000000 -0.000409530068
899.140015000  8.300000000 -0.000575711078
899.164978000  8.300000000 -0.000781944254
899.190002000  8.300000000 -0.001024566240
899.215027000  8.300000000 -0.001299902450
899.239990000  8.300000000 -0.001604306510
899.265015000  8.300000000 -0.001934205410
899.289978000  8.300000000 -0.002286140570
899.315002000  8.300000000 -0.002656794850
899.340027000  8.300000000 -0.003043031550
899.364990000  8.300000000 -0.003441928420
899.390015000  8.300000000 -0.003850782990
899.414978000  8.300000000 -0.004267134240
899.440002000  8.300000000 -0.004688783080
899.465027000  8.300000000 -0.005113788410
899.489990000  8.300000000 -0.005540466870
899.515015000  8.300000000 -0.005967400500
899.539978000  8.300000000 -0.006393417720
899.565002000  8.300000000 -0.006817585790
899.590027000  8.300000000 -0.007239197850
899.614990000  8.300000000 -0.007657766340
899.640015000  8.300000000 -0.008072986270
899.664978000  8.300000000 -0.008484732360
899.690002000  8.300000000 -0.008893042800
899.715027000  8.300000000 -0.009298087100
899.739990000  8.300000000 -0.009700176310
899.765015000  8.300000000 -0.010099742600
899.789978000  8.300000000 -0.010497313900
899.815002000  8.300000000 -0.010893516200
899.840027000  8.300000000 -0.011289059200
899.864990000  8.300000000 -0.011684703600
899.890015000  8.300000000 -0.012081289700
899.914978000  8.300000000 -0.012479693600
899.940002000  8.300000000 -0.012880845000
899.965027000  8.300000000 -0.013285683500
899.989990000  8.300000000 -0.013695164600
900.015015000  8.300000000 -0.014110274600
900.039978000  8.300000000 -0.014531972800
900.065002000  8.300000000 -0.014961245500
900.090027000  8.300000000 -0.015399056500
900.114990000  8.300000000 -0.015846364200
900.140015000  8.300000000 -0.016304098100
900.164978000  8.300000000 -0.016773195900
900.190002000  8.300000000 -0.017254529500
900.215027000  8.300000000 -0.017748970500
900.239990000  8.300000000 -0.018257347900
900.265015000  8.300000000 -0.018780442000
900.289978000  8.300000000 -0.019318966200
900.315002000  8.300000000 -0.019873604200
900.340027000  8.300000000 -0.020444922100
900.364990000  8.300000000 -0.021033417400
900.390015000  8.300000000 -0.021639471900
900.414978000  8.300000000 -0.022263372300
900.440002000  8.300000000 -0.022905262200
900.465027000  8.300000000 -0.023565162000
900.489990000  8.300000000 -0.024242971100
900.515015000  8.300000000 -0.024938412000
900.539978000  8.300000000 -0.025651069400
900.565002000  8.300000000 -0.026380358300
900.590027000  8.300000000 -0.027125537400
900.614990000  8.300000000 -0.027885695900
900.640015000  8.300000000 -0.028659755400
900.664978000  8.300000000 -0.029446469600
900.690002000  8.300000000 -0.030244417500
900.715027000  8.300000000 -0.031052025000
900.739990000  8.300000000 -0.031867560000
900.765015000  8.300000000 -0.032689165300
900.789978000  8.300000000 -0.033514816300
900.815002000  8.300000000 -0.034342378400
900.840027000  8.300000000 -0.035169616300
900.864990000  8.300000000 -0.035994209300
900.890015000  8.300000000 -0.036813717300
900.914978000  8.300000000 -0.037625692800
900.940002000  8.300000000 -0.038427602500
900.965027000  8.300000000 -0.039216905800
900.989990000  8.300000000 -0.039991010000
901.015015000  8.300000000 -0.040747348200
901.039978000  8.300000000 -0.041483346400
901.065002000  8.300000000 -0.042196434000
901.090027000  8.300000000 -0.042884081600
901.114990000  8.300000000 -0.043543811900
901.140015000  8.300000000 -0.044173203400
901.164978000  8.300000000 -0.044769909200
901.190002000  8.300000000 -0.045331690500
901.215027000  8.300000000 -0.045856423700
901.239990000  8.300000000 -0.046342134500
901.265015000  8.300000000 -0.046786941600
901.289978000  8.300000000 -0.047189183500
901.315002000  8.300000000 -0.047547318000
901.340027000  8.300000000 -0.047859974200
901.364990000  8.300000000 -0.048126004600
901.390015000  8.300000000 -0.048344373700
901.414978000  8.300000000 -0.048514258100
901.440002000  8.300000000 -0.048634983600
901.465027000  8.300000000 -0.048706006300
901.489990000  8.300000000 -0.048726953600
901.515015000  8.300000000 -0.048697527500
901.539978000  8.300000000 -0.048617560400
901.565002000  8.300000000 -0.048487003900
901.590027000  8.300000000 -0.048305884000
901.614990000  8.300000000 -0.048074327400
901.640015000  8.300000000 -0.047792565100
901.664978000  8.300000000 -0.047460898800
901.690002000  8.300000000 -0.047079760600
901.715027000  8.300000000 -0.046649657200
901.739990000  8.300000000 -0.046171244200
901.765015000  8.300000000 -0.045645330100
901.789978000  8.300000000 -0.045072820000
901.815002000  8.300000000 -0.044454809300
901.840027000  8.300000000 -0.043792583000
901.864990000  8.300000000 -0.043087579300
901.890015000  8.300000000 -0.042341478200
901.914978000  8.300000000 -0.041556127400
901.940002000  8.300000000 -0.040733631700
901.965027000  8.300000000 -0.039876289700
901.989990000  8.300000000 -0.038986645600
902.015015000  8.300000000 -0.038067493600
902.039978000  8.300000000 -0.037121862200
902.065002000  8.300000000 -0.036153040800
902.090027000  8.300000000 -0.035164531300
902.114990000  8.300000000 -0.034160099900
902.140015000  8.300000000 -0.033143714100
902.164978000  8.300000000 -0.032119538600
902.190002000  8.300000000 -0.031091900500
902.215027000  8.300000000 -0.030065279500
902.239990000  8.300000000 -0.029044250000
902.265015000  8.300000000 -0.028033440900
902.289978000  8.300000000 -0.027037503200
902.315002000  8.300000000 -0.026061086000
902.340027000  8.300000000 -0.025108730400
902.364990000  8.300000000 -0.024184888200
902.390015000  8.300000000 -0.023293817400
902.414978000  8.300000000 -0.022439580400
902.440002000  8.300000000 -0.021625943500
902.465027000  8.300000000 -0.020856373000
902.489990000  8.300000000 -0.020133970300
902.515015000  8.300000000 -0.019461449200
902.539978000  8.300000000 -0.018841093400
902.565002000  8.300000000 -0.018274733800
902.590027000  8.300000000 -0.017763722700
902.614990000  8.300000000 -0.017308933700
902.640015000  8.300000000 -0.016910750400
902.664978000  8.300000000 -0.016569066800
902.690002000  8.300000000 -0.016283305400
902.715027000  8.300000000 -0.016052428600
902.739990000  8.300000000 -0.015874965100
902.765015000  8.300000000 -0.015749035400
902.789978000  8.300000000 -0.015672402500
902.815002000  8.300000000 -0.015642453000
902.840027000  8.300000000 -0.015656303600
902.864990000  8.300000000 -0.015710791600
902.890015000  8.300000000 -0.015802510100
902.914978000  8.300000000 -0.015927890300
902.940002000  8.300000000 -0.016083166000
902.965027000  8.300000000 -0.016264468400
902.989990000  8.300000000 -0.016467841300
903.015015000  8.300000000 -0.016689276300
903.039978000  8.300000000 -0.016924746300
903.065002000  8.300000000 -0.017170220600
903.090027000  8.300000000 -0.017421716800
903.114990000  8.300000000 -0.017675321500
903.140015000  8.300000000 -0.017927220100
903.164978000  8.300000000 -0.018173696500
903.190002000  8.300000000 -0.018411194900
903.215027000  8.300000000 -0.018636323500
903.239990000  8.300000000 -0.018845882300
903.265015000  8.300000000 -0.019036887200
903.289978000  8.300000000 -0.019206609600
903.315002000  8.300000000 -0.019352557100
903.340027000  8.300000000 -0.019472528200
903.364990000  8.300000000 -0.019564595100
903.390015000  8.300000000 -0.019627112900
903.414978000  8.300000000 -0.019658712700
903.440002000  8.300000000 -0.019658288000
903.465027000  8.300000000 -0.019624985800
903.489990000  8.300000000 -0.019558208100
903.515015000  8.300000000 -0.019457571200
903.539978000  8.300000000 -0.019322874000
903.565002000  8.300000000 -0.019154125800
903.590027000  8.300000000 -0.018951455100
903.614990000  8.300000000 -0.018715141300
903.640015000  8.300000000 -0.018445584900
903.664978000  8.300000000 -0.018143260900
903.690002000  8.300000000 -0.017808741000
903.715027000  8.300000000 -0.017442632500
903.739990000  8.300000000 -0.017045602200
903.765015000  8.300000000 -0.016618330000
903.789978000  8.300000000 -0.016161520000
903.815002000  8.300000000 -0.015675855800
903.840027000  8.300000000 -0.015162015300
903.864990000  8.300000000 -0.014620632900
903.890015000  8.300000000 -0.014052311000
903.914978000  8.300000000 -0.013457588900
903.940002000  8.300000000 -0.012836935900
903.965027000  8.300000000 -0.012190771300
903.989990000  8.300000000 -0.011519412500
904.015015000  8.300000000 -0.010823107300
904.039978000  8.300000000 -0.010102020600
904.065002000  8.300000000 -0.009356218390
904.090027000  8.300000000 -0.008585715670
904.114990000  8.300000000 -0.007790431850
904.140015000  8.300000000 -0.006970266350
904.164978000  8.300000000 -0.006125067830
904.190002000  8.300000000 -0.005254688670
904.215027000  8.300000000 -0.004358985000
904.239990000  8.300000000 -0.003437854120
904.265015000  8.300000000 -0.002491273920
904.289978000  8.300000000 -0.001519325650
904.315002000  8.300000000 -0.000522204093
904.340027000  8.300000000 0.000499742862
904.364990000  8.300000000 0.001545987560
904.390015000  8.300000000 0.002615806650
904.414978000  8.300000000 0.003708268750
904.440002000  8.300000000 0.004822230430
904.465027000  8.300000000 0.005956315900
904.489990000  8.300000000 0.007108942140
904.515015000  8.300000000 0.008278302850
904.539978000  8.300000000 0.009462433870
904.565002000  8.300000000 0.010659211300
904.590027000  8.300000000 0.011866390700
904.614990000  8.300000000 0.013081630700
904.640015000  8.300000000 0.014302574100
904.664978000  8.300000000 0.015526821800
904.690002000  8.300000000 0.016752036300
904.715027000  8.300000000 0.017975946900
904.739990000  8.300000000 0.019196409700
904.765015000  8.300000000 0.020411437400
904.789978000  8.300000000 0.021619241700
904.815002000  8.300000000 0.022818233800
904.840027000  8.300000000 0.024007074500
904.864990000  8.300000000 0.025184676100
904.890015000  8.300000000 0.026350202000
904.914978000  8.300000000 0.027503104900
904.940002000  8.300000000 0.028643071700
904.965027000  8.300000000 0.029770048300
904.989990000  8.300000000 0.030884198800
905.015015000  8.300000000 0.031985897600
905.039978000  8.300000000 0.033075720100
905.065002000  8.300000000 0.034154359300
905.090027000  8.300000000 0.035222619800
905.114990000  8.300000000 0.036281392000
905.140015000  8.300000000 0.037331588600
905.164978000  8.300000000 0.038374122200
905.190002000  8.300000000 0.039409883300
905.215027000  8.300000000 0.040439676500
905.239990000  8.300000000 0.041464261700
905.265015000  8.300000000 0.042484231300
905.289978000  8.300000000 0.043500095600
905.315002000  8.300000000 0.044512201100
905.340027000  8.300000000 0.045520711700
905.364990000  8.300000000 0.046525623600
905.390015000  8.300000000 0.047526732100
905.414978000  8.300000000 0.048523642100
905.440002000  8.300000000 0.049515727900
905.465027000  8.300000000 0.050502181100
905.489990000  8.300000000 0.051481962200
905.515015000  8.300000000 0.052453845700
905.539978000  8.300000000 0.053416408600
905.565002000  8.300000000 0.054368048900
905.590027000  8.300000000 0.055307034400
905.614990000  8.300000000 0.056231476400
905.640015000  8.300000000 0.057139385500
905.664978000  8.300000000 0.058028686800
905.690002000  8.300000000 0.058897219600
905.715027000  8.300000000 0.059742830700
905.739990000  8.300000000 0.060563348200
905.765015000  8.300000000 0.061356607800
905.789978000  8.300000000 0.062120515900
905.815002000  8.300000000 0.062853075600
905.840027000  8.300000000 0.063552387100
905.864990000  8.300000000 0.064216688300
905.890015000  8.300000000 0.064844369900
905.914978000  8.300000000 0.065434031200
905.940002000  8.300000000 0.065984435400
905.965027000  8.300000000 0.066494584100
905.989990000  8.300000000 0.066963687500
906.015015000  8.300000000 0.067391187000
906.039978000  8.300000000 0.067776776900
906.065002000  8.300000000 0.068120345500
906.090027000  8.300000000 0.068422086500
906.114990000  8.300000000 0.068682402400
906.140015000  8.300000000 0.068901911400
906.164978000  8.300000000 0.069081485300
906.190002000  8.300000000 0.069222189500
906.215027000  8.300000000 0.069325283200
906.239990000  8.300000000 0.069392226600
906.265015000  8.300000000 0.069424606900
906.289978000  8.300000000 0.069424130000
906.315002000  8.300000000 0.069392621500
906.340027000  8.300000000 0.069332018500
906.364990000  8.300000000 0.069244243200
906.390015000  8.300000000 0.069131232800
906.414978000  8.300000000 0.068994939300
906.440002000  8.300000000 0.068837255200
906.465027000  8.300000000 0.068659946300
906.489990000  8.300000000 0.068464718800
906.515015000  8.300000000 0.068253062700
906.539978000  8.300000000 0.068026311700
906.565002000  8.300000000 0.067785613200
906.590027000  8.300000000 0.067531853900
906.614990000  8.300000000 0.067265644700
906.640015000  8.300000000 0.066987380400
906.664978000  8.300000000 0.066697128100
906.690002000  8.300000000 0.066394709100
906.715027000  8.300000000 0.066079638900
906.739990000  8.300000000 0.065751150300
906.765015000  8.300000000 0.065408222400
906.789978000  8.300000000 0.065049551400
906.815002000  8.300000000 0.064673632400
906.840027000  8.300000000 0.064278751600
906.864990000  8.300000000 0.063862994300
906.890015000  8.300000000 0.063424371200
906.914978000  8.300000000 0.062960758800
906.940002000  8.300000000 0.062469981600
906.965027000  8.300000000 0.061949871500
906.989990000  8.300000000 0.061398278900
907.015015000  8.300000000 0.060813125200
907.039978000  8.300000000 0.060192439700
907.065002000  8.300000000 0.059534359700
907.090027000  8.300000000 0.058837205200
907.114990000  8.300000000 0.058099471000
907.140015000  8.300000000 0.057319849700
907.164978000  8.300000000 0.056497231100
907.190002000  8.300000000 0.055630788200
907.215027000  8.300000000 0.054719854100
907.239990000  8.300000000 0.053764056400
907.265015000  8.300000000 0.052763238500
907.289978000  8.300000000 0.051717456400
907.315002000  8.300000000 0.050627015500
907.340027000  8.300000000 0.049492400100
907.364990000  8.300000000 0.048314347900
907.390015000  8.300000000 0.047093745300
907.414978000  8.300000000 0.045831702600
907.440002000  8.300000000 0.044529464100
907.465027000  8.300000000 0.043188490000
907.489990000  8.300000000 0.041810389600
907.515015000  8.300000000 0.040396925100
907.539978000  8.300000000 0.038950048400
907.565002000  8.300000000 0.037471901600
907.590027000  8.300000000 0.035964775800
907.614990000  8.300000000 0.034431155800
907.640015000  8.300000000 0.032873701300
907.664978000  8.300000000 0.031295251100
907.690002000  8.300000000 0.029698802200
907.715027000  8.300000000 0.028087575000
907.739990000  8.300000000 0.026464900000
907.765015000  8.300000000 0.024834321800
907.789978000  8.300000000 0.023199467000
907.815002000  8.300000000 0.021564131600
907.840027000  8.300000000 0.019932208600
907.864990000  8.300000000 0.018307657900
907.890015000  8.300000000 0.016694527100
907.914978000  8.300000000 0.015096880500
907.940002000  8.300000000 0.013518790700
907.965027000  8.300000000 0.011964297900
907.989990000  8.300000000 0.010437368400
908.015015000  8.300000000 0.008941877630
908.039978000  8.300000000 0.007481529840
908.065002000  8.300000000 0.006059855220
908.090027000  8.300000000 0.004680145070
908.114990000  8.300000000 0.003345420820
908.140015000  8.300000000 0.002058400070
908.164978000  8.300000000 0.000821461144
908.190002000  8.300000000 -0.000363381492
908.215027000  8.300000000 -0.001494516150
908.239990000  8.300000000 -0.002570749730
908.265015000  8.300000000 -0.003591320710
908.289978000  8.300000000 -0.004555919670
908.315002000  8.300000000 -0.005464665130
908.340027000  8.300000000 -0.006318119350
908.364990000  8.300000000 -0.007117261180
908.390015000  8.300000000 -0.007863467560
908.414978000  8.300000000 -0.008558486590
908.440002000  8.300000000 -0.009204414670
908.465027000  8.300000000 -0.009803646240
908.489990000  8.300000000 -0.010358834600
908.515015000  8.300000000 -0.010872840900
908.539978000  8.300000000 -0.011348697400
908.565002000  8.300000000 -0.011789523100
908.590027000  8.300000000 -0.012198530100
908.614990000  8.300000000 -0.012578927900
908.640015000  8.300000000 -0.012933903400
908.664978000  8.300000000 -0.013266589500
908.690002000  8.300000000 -0.013579995400
908.715027000  8.300000000 -0.013877005300
908.739990000  8.300000000 -0.014160323000
908.765015000  8.300000000 -0.014432476800
908.789978000  8.300000000 -0.014695790600
908.815002000  8.300000000 -0.014952392300
908.840027000  8.300000000 -0.015204167000
908.864990000  8.300000000 -0.015452786300
908.890015000  8.300000000 -0.015699720000
908.914978000  8.300000000 -0.015946209400
908.940002000  8.300000000 -0.016193315400
908.965027000  8.300000000 -0.016441872300
908.989990000  8.300000000 -0.016692567600
909.015015000  8.300000000 -0.016945924600
909.039978000  8.300000000 -0.017202302800
909.065002000  8.300000000 -0.017461907100
909.090027000  8.300000000 -0.017724825100
909.114990000  8.300000000 -0.017990980300
909.140015000  8.300000000 -0.018260188400
909.164978000  8.300000000 -0.018532155100
909.190002000  8.300000000 -0.018806470600
909.215027000  8.300000000 -0.019082633800
909.239990000  8.300000000 -0.019360097100
909.265015000  8.300000000 -0.019638221700
909.289978000  8.300000000 -0.019916370500
909.315002000  8.300000000 -0.020193867400
909.340027000  8.300000000 -0.020470051100
909.364990000  8.300000000 -0.020744271600
909.390015000  8.300000000 -0.021015867600
909.414978000  8.300000000 -0.021284258000
909.440002000  8.300000000 -0.021548872800
909.465027000  8.300000000 -0.021809201700
909.489990000  8.300000000 -0.022064773400
909.515015000  8.300000000 -0.022315178100
909.539978000  8.300000000 -0.022560071200
909.565002000  8.300000000 -0.022799169600
909.590027000  8.300000000 -0.023032227500
909.614990000  8.300000000 -0.023259118200
909.640015000  8.300000000 -0.023479746700
909.664978000  8.300000000 -0.023694090500
909.690002000  8.300000000 -0.023902230000
909.715027000  8.300000000 -0.024104286000
909.739990000  8.300000000 -0.024300470900
909.765015000  8.300000000 -0.024491051200
909.789978000  8.300000000 -0.024676334100
909.815002000  8.300000000 -0.024856666100
909.840027000  8.300000000 -0.025032419700
909.864990000  8.300000000 -0.025203943300
909.890015000  8.300000000 -0.025371603700
909.914978000  8.300000000 -0.025535684100
909.940002000  8.300000000 -0.025696428500
909.965027000  8.300000000 -0.025854023200
909.989990000  8.300000000 -0.026008535200
910.015015000  8.300000000 -0.026159934700
910.039978000  8.300000000 -0.026308078300
910.065002000  8.300000000 -0.026452731300
910.090027000  8.300000000 -0.026593487700
910.114990000  8.300000000 -0.026729857500
910.140015000  8.300000000 -0.026861205700
910.164978000  8.300000000 -0.026986811300
910.190002000  8.300000000 -0.027105782200
910.215027000  8.300000000 -0.027217164600
910.239990000  8.300000000 -0.027319908100
910.265015000  8.300000000 -0.027412831800
910.289978000  8.300000000 -0.027494709900
910.315002000  8.300000000 -0.027564227600
910.340027000  8.300000000 -0.027620030600
910.364990000  8.300000000 -0.027660708900
910.390015000  8.300000000 -0.027684819000
910.414978000  8.300000000 -0.027690921000
910.440002000  8.300000000 -0.027677560200
910.465027000  8.300000000 -0.027643322900
910.489990000  8.300000000 -0.027586819600
910.515015000  8.300000000 -0.027506729600
910.539978000  8.300000000 -0.027401791900
910.565002000  8.300000000 -0.027270861000
910.590027000  8.300000000 -0.027112919800
910.614990000  8.300000000 -0.026927055800
910.640015000  8.300000000 -0.026712544300
910.664978000  8.300000000 -0.026468806000
910.690002000  8.300000000 -0.026195447900
910.715027000  8.300000000 -0.025892265100
910.739990000  8.300000000 -0.025559261400
910.765015000  8.300000000 -0.025196623100
910.789978000  8.300000000 -0.024804785800
910.815002000  8.300000000 -0.024384373800
910.840027000  8.300000000 -0.023936245600
910.864990000  8.300000000 -0.023461481600
910.890015000  8.300000000 -0.022961391100
910.914978000  8.300000000 -0.022437511000
910.940002000  8.300000000 -0.021891579000
910.965027000  8.300000000 -0.021325556600
910.989990000  8.300000000 -0.020741591200
911.015015000  8.300000000 -0.020142016900
911.039978000  8.300000000 -0.019529329600
911.065002000  8.300000000 -0.018906168600
911.090027000  8.300000000 -0.018275294500
911.114990000  8.300000000 -0.017639564400
911.140015000  8.300000000 -0.017001899000
911.164978000  8.300000000 -0.016365261700
911.190002000  8.300000000 -0.015732631100
911.215027000  8.300000000 -0.015106983500
911.239990000  8.300000000 -0.014491263800
911.265015000  8.300000000 -0.013888360000
911.289978000  8.300000000 -0.013301103400
911.315002000  8.300000000 -0.012732223600
911.340027000  8.300000000 -0.012184365700
911.364990000  8.300000000 -0.011660053400
911.390015000  8.300000000 -0.011161711100
911.414978000  8.300000000 -0.010691635300
911.440002000  8.300000000 -0.010252014700
911.465027000  8.300000000 -0.009844911280
911.489990000  8.300000000 -0.009472272360
911.515015000  8.300000000 -0.009135928940
911.539978000  8.300000000 -0.008837588130
911.565002000  8.300000000 -0.008578857410
911.590027000  8.300000000 -0.008361227810
911.614990000  8.300000000 -0.008186087940
911.640015000  8.300000000 -0.008054709060
911.664978000  8.300000000 -0.007968250660
911.690002000  8.300000000 -0.007927758620
911.715027000  8.300000000 -0.007934154010
911.739990000  8.300000000 -0.007988215420
911.765015000  8.300000000 -0.008090602230
911.789978000  8.300000000 -0.008241795930
911.815002000  8.300000000 -0.008442120630
911.840027000  8.300000000 -0.008691727180
911.864990000  8.300000000 -0.008990545760
911.890015000  8.300000000 -0.009338337930
911.914978000  8.300000000 -0.009734616610
911.940002000  8.300000000 -0.010178677700
911.965027000  8.300000000 -0.010669573200
911.989990000  8.300000000 -0.011206099800
912.015015000  8.300000000 -0.011786785000
912.039978000  8.300000000 -0.012409899400
912.065002000  8.300000000 -0.013073447200
912.090027000  8.300000000 -0.013775176400
912.114990000  8.300000000 -0.014512586400
912.140015000  8.300000000 -0.015282935500
912.164978000  8.300000000 -0.016083264700
912.190002000  8.300000000 -0.016910405800
912.215027000  8.300000000 -0.017761020000
912.239990000  8.300000000 -0.018631622200
912.265015000  8.300000000 -0.019518591500
912.289978000  8.300000000 -0.020418228600
912.315002000  8.300000000 -0.021326743100
912.340027000  8.300000000 -0.022240314600
912.364990000  8.300000000 -0.023155082000
912.390015000  8.300000000 -0.024067184000
912.414978000  8.300000000 -0.024972764800
912.440002000  8.300000000 -0.025867983700
912.465027000  8.300000000 -0.026749040900
912.489990000  8.300000000 -0.027612185100
912.515015000  8.300000000 -0.028453728200
912.539978000  8.300000000 -0.029270045500
912.565002000  8.300000000 -0.030057588600
912.590027000  8.300000000 -0.030812911700
912.614990000  8.300000000 -0.031532656400
912.640015000  8.300000000 -0.032213557500
912.664978000  8.300000000 -0.032852470900
912.690002000  8.300000000 -0.033446393900
912.715027000  8.300000000 -0.033992450700
912.739990000  8.300000000 -0.034487914300
912.765015000  8.300000000 -0.034930218000
912.789978000  8.300000000 -0.035316932900
912.815002000  8.300000000 -0.035645809000
912.840027000  8.300000000 -0.035914778700
912.864990000  8.300000000 -0.036121938400
912.890015000  8.300000000 -0.036265574400
912.914978000  8.300000000 -0.036344211500
912.940002000  8.300000000 -0.036356538500
912.965027000  8.300000000 -0.036301478700
912.989990000  8.300000000 -0.036178164200
913.015015000  8.300000000 -0.035985957800
913.039978000  8.300000000 -0.035724431300
913.065002000  8.300000000 -0.035393424300
913.090027000  8.300000000 -0.034992963100
913.114990000  8.300000000 -0.034523330600
913.140015000  8.300000000 -0.033985011300
913.164978000  8.300000000 -0.033378716600
913.190002000  8.300000000 -0.032705362900
913.215027000  8.300000000 -0.031966082800
913.239990000  8.300000000 -0.031162170700
913.265015000  8.300000000 -0.030295152200
913.289978000  8.300000000 -0.029366705600
913.315002000  8.300000000 -0.028378706400
913.340027000  8.300000000 -0.027333186900
913.364990000  8.300000000 -0.026232343200
913.390015000  8.300000000 -0.025078527600
913.414978000  8.300000000 -0.023874223200
913.440002000  8.300000000 -0.022622048900
913.465027000  8.300000000 -0.021324766800
913.489990000  8.300000000 -0.019985230600
913.515015000  8.300000000 -0.018606416900
913.539978000  8.300000000 -0.017191397000
913.565002000  8.300000000 -0.015743326400
913.590027000  8.300000000 -0.014265432000
913.614990000  8.300000000 -0.012761009900
913.640015000  8.300000000 -0.011233428500
913.664978000  8.300000000 -0.009686094710
913.690002000  8.300000000 -0.008122467440
913.715027000  8.300000000 -0.006546045190
913.739990000  8.300000000 -0.004960371650
913.765015000  8.300000000 -0.003369019830
913.789978000  8.300000000 -0.001775591870
913.815002000  8.300000000 -0.000183719982
913.840027000  8.300000000 0.001402946890
913.864990000  8.300000000 0.002980741210
913.890015000  8.300000000 0.004545973610
913.914978000  8.300000000 0.006094957240
913.940002000  8.300000000 0.007623983550
913.965027000  8.300000000 0.009129361250
913.989990000  8.300000000 0.010607398100
914.015015000  8.300000000 0.012054452700
914.039978000  8.300000000 0.013466895600
914.065002000  8.300000000 0.014841174700
914.090027000  8.300000000 0.016173781800
914.114990000  8.300000000 0.017461286900
914.140015000  8.300000000 0.018700378000
914.164978000  8.300000000 0.019887814300
914.190002000  8.300000000 0.021020524200
914.215027000  8.300000000 0.022095574100
914.239990000  8.300000000 0.023110190400
914.265015000  8.300000000 0.024061814000
914.289978000  8.300000000 0.024948071700
914.315002000  8.300000000 0.025766829000
914.340027000  8.300000000 0.026516223300
914.364990000  8.300000000 0.027194643400
914.390015000  8.300000000 0.027800785400
914.414978000  8.300000000 0.028333663900
914.440002000  8.300000000 0.028792584300
914.465027000  8.300000000 0.029177224300
914.489990000  8.300000000 0.029487552100
914.515015000  8.300000000 0.029723871500
914.539978000  8.300000000 0.029886821300
914.565002000  8.300000000 0.029977334700
914.590027000  8.300000000 0.029996627900
914.614990000  8.300000000 0.029946209900
914.640015000  8.300000000 0.029827822000
914.664978000  8.300000000 0.029643457400
914.690002000  8.300000000 0.029395310200
914.715027000  8.300000000 0.029085734900
914.739990000  8.300000000 0.028717273800
914.765015000  8.300000000 0.028292575900
914.789978000  8.300000000 0.027814403200
914.815002000  8.300000000 0.027285581500
914.840027000  8.300000000 0.026709001500
914.864990000  8.300000000 0.026087584000
914.890015000  8.300000000 0.025424268100
914.914978000  8.300000000 0.024722000600
914.940002000  8.300000000 0.023983698300
914.965027000  8.300000000 0.023212255900
914.989990000  8.300000000 0.022410551100
915.015015000  8.300000000 0.021581400200
915.039978000  8.300000000 0.020727612100
915.065002000  8.300000000 0.019851947200
915.090027000  8.300000000 0.018957132500
915.114990000  8.300000000 0.018045840800
915.140015000  8.300000000 0.017120726400
915.164978000  8.300000000 0.016184376600
915.190002000  8.300000000 0.015239344900
915.215027000  8.300000000 0.014288136700
915.239990000  8.300000000 0.013333200500
915.265015000  8.300000000 0.012376920300
915.289978000  8.300000000 0.011421636700
915.315002000  8.300000000 0.010469608000
915.340027000  8.300000000 0.009523038750
915.364990000  8.300000000 0.008584048600
915.390015000  8.300000000 0.007654688320
915.414978000  8.300000000 0.006736909500
915.440002000  8.300000000 0.005832569670
915.465027000  8.300000000 0.004943415060
915.489990000  8.300000000 0.004071093630
915.515015000  8.300000000 0.003217116000
915.539978000  8.300000000 0.002382877050
915.565002000  8.300000000 0.001569638150
915.590027000  8.300000000 0.000778540620
915.614990000  8.300000000 0.000010572050
915.640015000  8.300000000 -0.000733383349
915.664978000  8.300000000 -0.001452577880
915.690002000  8.300000000 -0.002146374670
915.715027000  8.300000000 -0.002814224920
915.739990000  8.300000000 -0.003455672880
915.765015000  8.300000000 -0.004070338330
915.789978000  8.300000000 -0.004657902290
915.815002000  8.300000000 -0.005218089090
915.840027000  8.300000000 -0.005750678010
915.864990000  8.300000000 -0.006255449260
915.890015000  8.300000000 -0.006732248700
915.914978000  8.300000000 -0.007180922660
915.940002000  8.300000000 -0.007601340300
915.965027000  8.300000000 -0.007993418720
915.989990000  8.300000000 -0.008357096460
916.015015000  8.300000000 -0.008692369800
916.039978000  8.300000000 -0.008999259210
916.065002000  8.300000000 -0.009277873670
916.090027000  8.300000000 -0.009528367780
916.114990000  8.300000000 -0.009750986470
916.140015000  8.300000000 -0.009946072470
916.164978000  8.300000000 -0.010114072800
916.190002000  8.300000000 -0.010255536100
916.215027000  8.300000000 -0.010371157900
916.239990000  8.300000000 -0.010461746700
916.265015000  8.300000000 -0.010528239400
916.289978000  8.300000000 -0.010571717300
916.315002000  8.300000000 -0.010593360300
916.340027000  8.300000000 -0.010594456500
916.364990000  8.300000000 -0.010576377600
916.390015000  8.300000000 -0.010540601800
916.414978000  8.300000000 -0.010488594000
916.440002000  8.300000000 -0.010421888000
916.465027000  8.300000000 -0.010342004700
916.489990000  8.300000000 -0.010250452000
916.515015000  8.300000000 -0.010148698500
916.539978000  8.300000000 -0.010038144900
916.565002000  8.300000000 -0.009920141660
916.590027000  8.300000000 -0.009795921850
916.614990000  8.300000000 -0.009666666390
916.640015000  8.300000000 -0.009533449080
916.664978000  8.300000000 -0.009397195650
916.690002000  8.300000000 -0.009258774110
916.715027000  8.300000000 -0.009118926710
916.739990000  8.300000000 -0.008978264410
916.765015000  8.300000000 -0.008837306870
916.789978000  8.300000000 -0.008696447130
916.815002000  8.300000000 -0.008555961770
916.840027000  8.300000000 -0.008416014720
916.864990000  8.300000000 -0.008276651610
916.890015000  8.300000000 -0.008137839850
916.914978000  8.300000000 -0.007999435070
916.940002000  8.300000000 -0.007861196060
916.965027000  8.300000000 -0.007722805250
916.989990000  8.300000000 -0.007583856120
917.015015000  8.300000000 -0.007443858310
917.039978000  8.300000000 -0.007302266080
917.065002000  8.300000000 -0.007158461030
917.090027000  8.300000000 -0.007011758160
917.114990000  8.300000000 -0.006861440370
917.140015000  8.300000000 -0.006706720680
917.164978000  8.300000000 -0.006546810270
917.190002000  8.300000000 -0.006380877920
917.215027000  8.300000000 -0.006208087320
917.239990000  8.300000000 -0.006027616090
917.265015000  8.300000000 -0.005838657730
917.289978000  8.300000000 -0.005640438760
917.315002000  8.300000000 -0.005432233210
917.340027000  8.300000000 -0.005213390100
917.364990000  8.300000000 -0.004983339460
917.390015000  8.300000000 -0.004741596990
917.414978000  8.300000000 -0.004487802740
917.440002000  8.300000000 -0.004221706190
917.465027000  8.300000000 -0.003943191840
917.489990000  8.300000000 -0.003652265530
917.515015000  8.300000000 -0.003349080680
917.539978000  8.300000000 -0.003033916230
917.565002000  8.300000000 -0.002707205480
917.590027000  8.300000000 -0.002369508850
917.614990000  8.300000000 -0.002021536460
917.640015000  8.300000000 -0.001664140610
917.664978000  8.300000000 -0.001298317100
917.690002000  8.300000000 -0.000925202097
917.715027000  8.300000000 -0.000546061783
917.739990000  8.300000000 -0.000162308308
917.765015000  8.300000000 0.000224520976
917.789978000  8.300000000 0.000612754200
917.815002000  8.300000000 0.001000608430
917.840027000  8.300000000 0.001386176910
917.864990000  8.300000000 0.001767454900
917.890015000  8.300000000 0.002142332730
917.914978000  8.300000000 0.002508619800
917.940002000  8.300000000 0.002864043930
917.965027000  8.300000000 0.003206264690
917.989990000  8.300000000 0.003532896980
918.015015000  8.300000000 0.003841520750
918.039978000  8.300000000 0.004129706880
918.065002000  8.300000000 0.004395025320
918.090027000  8.300000000 0.004635072780
918.114990000  8.300000000 0.004847477660
918.140015000  8.300000000 0.005029960540
918.164978000  8.300000000 0.005180303010
918.190002000  8.300000000 0.005296424960
918.215027000  8.300000000 0.005376368760
918.239990000  8.300000000 0.005418345800
918.265015000  8.300000000 0.005420743490
918.289978000  8.300000000 0.005382163450
918.315002000  8.300000000 0.005301440600
918.340027000  8.300000000 0.005177673880
918.364990000  8.300000000 0.005010229070
918.390015000  8.300000000 0.004798788580
918.414978000  8.300000000 0.004543343090
918.440002000  8.300000000 0.004244230690
918.465027000  8.300000000 0.003902146130
918.489990000  8.300000000 0.003518150190
918.515015000  8.300000000 0.003093671520
918.539978000  8.300000000 0.002630518050
918.565002000  8.300000000 0.002130857200
918.590027000  8.300000000 0.001597212050
918.614990000  8.300000000 0.001032449190
918.640015000  8.300000000 0.000439764553
918.664978000  8.300000000 -0.000177326889
918.690002000  8.300000000 -0.000815037580
918.715027000  8.300000000 -0.001469306300
918.739990000  8.300000000 -0.002135837680
918.765015000  8.300000000 -0.002810147130
918.789978000  8.300000000 -0.003487583720
918.815002000  8.300000000 -0.004163367670
918.840027000  8.300000000 -0.004832641220
918.864990000  8.300000000 -0.005490494890
918.890015000  8.300000000 -0.006132008510
918.914978000  8.300000000 -0.006752300540
918.940002000  8.300000000 -0.007346548610
918.965027000  8.300000000 -0.007910037410
918.989990000  8.300000000 -0.008438203480
919.015015000  8.300000000 -0.008926665410
919.039978000  8.300000000 -0.009371263910
919.065002000  8.300000000 -0.009768102320
919.090027000  8.300000000 -0.010113596000
919.114990000  8.300000000 -0.010404496500
919.140015000  8.300000000 -0.010637942700
919.164978000  8.300000000 -0.010811480700
919.190002000  8.300000000 -0.010923103400
919.215027000  8.300000000 -0.010971265800
919.239990000  8.300000000 -0.010954896000
919.265015000  8.300000000 -0.010873429500
919.289978000  8.300000000 -0.010726801100
919.315002000  8.300000000 -0.010515430900
919.340027000  8.300000000 -0.010240233500
919.364990000  8.300000000 -0.009902587160
919.390015000  8.300000000 -0.009504323830
919.414978000  8.300000000 -0.009047677740
919.440002000  8.300000000 -0.008535268720
919.465027000  8.300000000 -0.007970059290
919.489990000  8.300000000 -0.007355310490
919.515015000  8.300000000 -0.006694552490
919.539978000  8.300000000 -0.005991545510
919.565002000  8.300000000 -0.005250211810
919.590027000  8.300000000 -0.004474625460
919.614990000  8.300000000 -0.003668965310
919.640015000  8.300000000 -0.002837471900
919.664978000  8.300000000 -0.001984426290
919.690002000  8.300000000 -0.001114107550
919.715027000  8.300000000 -0.000230775870
919.739990000  8.300000000 0.000661356375
919.765015000  8.300000000 0.001558143650
919.789978000  8.300000000 0.002455540700
919.815002000  8.300000000 0.003349580100
919.840027000  8.300000000 0.004236427140
919.864990000  8.300000000 0.005112364890
919.890015000  8.300000000 0.005973842930
919.914978000  8.300000000 0.006817463320
919.940002000  8.300000000 0.007639994380
919.965027000  8.300000000 0.008438426070
919.989990000  8.300000000 0.009209963490
920.015015000  8.300000000 0.009952050630
920.039978000  8.300000000 0.010662399200
920.065002000  8.300000000 0.011339011600
920.090027000  8.300000000 0.011980175000
920.114990000  8.300000000 0.012584507500
920.140015000  8.300000000 0.013150977000
920.164978000  8.300000000 0.013678888800
920.190002000  8.300000000 0.014167915100
920.215027000  8.300000000 0.014618101500
920.239990000  8.300000000 0.015029870900
920.265015000  8.300000000 0.015403999900
920.289978000  8.300000000 0.015741642600
920.315002000  8.300000000 0.016044281400
920.340027000  8.300000000 0.016313733500
920.364990000  8.300000000 0.016552088800
920.390015000  8.300000000 0.016761751800
920.414978000  8.300000000 0.016945360200
920.440002000  8.300000000 0.017105713500
920.465027000  8.300000000 0.017245814200
920.489990000  8.300000000 0.017368748800
920.515015000  8.300000000 0.017477685600
920.539978000  8.300000000 0.017575815300
920.565002000  8.300000000 0.017666291400
920.590027000  8.300000000 0.017752202200
920.614990000  8.300000000 0.017836533500
920.640015000  8.300000000 0.017922114600
920.664978000  8.300000000 0.018011586700
920.690002000  8.300000000 0.018107427300
920.715027000  8.300000000 0.018211836000
920.739990000  8.300000000 0.018326791000
920.765015000  8.300000000 0.018454026400
920.789978000  8.300000000 0.018594982100
920.815002000  8.300000000 0.018750878100
920.840027000  8.300000000 0.018922617700
920.864990000  8.300000000 0.019110884500
920.890015000  8.300000000 0.019316103300
920.914978000  8.300000000 0.019538415600
920.940002000  8.300000000 0.019777767400
920.965027000  8.300000000 0.020033843800
920.989990000  8.300000000 0.020306145800
921.015015000  8.300000000 0.020593935600
921.039978000  8.300000000 0.020896283900
921.065002000  8.300000000 0.021212060000
921.090027000  8.300000000 0.021539965600
921.114990000  8.300000000 0.021878520000
921.140015000  8.300000000 0.022226089600
921.164978000  8.300000000 0.022580867600
921.190002000  8.300000000 0.022940920700
921.215027000  8.300000000 0.023304196100
921.239990000  8.300000000 0.023668516400
921.265015000  8.300000000 0.024031631600
921.289978000  8.300000000 0.024391215300
921.315002000  8.300000000 0.024744888800
921.340027000  8.300000000 0.025090253000
921.364990000  8.300000000 0.025424895800
921.390015000  8.300000000 0.025746416300
921.414978000  8.300000000 0.026052435900
921.440002000  8.300000000 0.026340652300
921.465027000  8.300000000 0.026608804200
921.489990000  8.300000000 0.026854727400
921.515015000  8.300000000 0.027076365400
921.539978000  8.300000000 0.027271760600
921.565002000  8.300000000 0.027439119300
921.590027000  8.300000000 0.027576752000
921.614990000  8.300000000 0.027683120200
921.640015000  8.300000000 0.027756882800
921.664978000  8.300000000 0.027796849600
921.690002000  8.300000000 0.027802048300
921.715027000  8.300000000 0.027771662900
921.739990000  8.300000000 0.027705106900
921.765015000  8.300000000 0.027601977800
921.789978000  8.300000000 0.027462089400
921.815002000  8.300000000 0.027285438000
921.840027000  8.300000000 0.027072245300
921.864990000  8.300000000 0.026822930200
921.890015000  8.300000000 0.026538109400
921.914978000  8.300000000 0.026218600600
921.940002000  8.300000000 0.025865409500
921.965027000  8.300000000 0.025479732100
921.989990000  8.300000000 0.025062946600
922.015015000  8.300000000 0.024616567400
922.039978000  8.300000000 0.024142298800
922.065002000  8.300000000 0.023641979300
922.090027000  8.300000000 0.023117603700
922.114990000  8.300000000 0.022571273100
922.140015000  8.300000000 0.022005224600
922.164978000  8.300000000 0.021421797600
922.190002000  8.300000000 0.020823437700
922.215027000  8.300000000 0.020212661500
922.239990000  8.300000000 0.019592035600
922.265015000  8.300000000 0.018964190000
922.289978000  8.300000000 0.018331766100
922.315002000  8.300000000 0.017697399500
922.340027000  8.300000000 0.017063716400
922.364990000  8.300000000 0.016433287400
922.390015000  8.300000000 0.015808623300
922.414978000  8.300000000 0.015192147300
922.440002000  8.300000000 0.014586189800
922.465027000  8.300000000 0.013992935400
922.489990000  8.300000000 0.013414454600
922.515015000  8.300000000 0.012852648300
922.539978000  8.300000000 0.012309254100
922.565002000  8.300000000 0.011785831300
922.590027000  8.300000000 0.011283739500
922.614990000  8.300000000 0.010804150300
922.640015000  8.300000000 0.010348022000
922.664978000  8.300000000 0.009916108100
922.690002000  8.300000000 0.009508945050
922.715027000  8.300000000 0.009126877410
922.739990000  8.300000000 0.008770029060
922.765015000  8.300000000 0.008438333870
922.789978000  8.300000000 0.008131551560
922.815002000  8.300000000 0.007849257440
922.840027000  8.300000000 0.007590883880
922.864990000  8.300000000 0.007355728650
922.890015000  8.300000000 0.007142988030
922.914978000  8.300000000 0.006951773070
922.940002000  8.300000000 0.006781126370
922.965027000  8.300000000 0.006630044900
922.989990000  8.300000000 0.006497492080
923.015015000  8.300000000 0.006382416930
923.039978000  8.300000000 0.006283757280
923.065002000  8.300000000 0.006200449080
923.090027000  8.300000000 0.006131427360
923.114990000  8.300000000 0.006075629030
923.140015000  8.300000000 0.006032011940
923.164978000  8.300000000 0.005999538580
923.190002000  8.300000000 0.005977193820
923.215027000  8.300000000 0.005963966250
923.239990000  8.300000000 0.005958877970
923.265015000  8.300000000 0.005960954350
923.289978000  8.300000000 0.005969235210
923.315002000  8.300000000 0.005982758010
923.340027000  8.300000000 0.006000574680
923.364990000  8.300000000 0.006021717100
923.390015000  8.300000000 0.006045237180
923.414978000  8.300000000 0.006070156580
923.440002000  8.300000000 0.006095507180
923.465027000  8.300000000 0.006120295730
923.489990000  8.300000000 0.006143519190
923.515015000  8.300000000 0.006164159630
923.539978000  8.300000000 0.006181179080
923.565002000  8.300000000 0.006193526550
923.590027000  8.300000000 0.006200132890
923.614990000  8.300000000 0.006199919620
923.640015000  8.300000000 0.006191803140
923.664978000  8.300000000 0.006174719890
923.690002000  8.300000000 0.006147599780
923.715027000  8.300000000 0.006109415090
923.739990000  8.300000000 0.006059177690
923.765015000  8.300000000 0.005995946000
923.789978000  8.300000000 0.005918852050
923.815002000  8.300000000 0.005827100480
923.840027000  8.300000000 0.005719980690
923.864990000  8.300000000 0.005596864500
923.890015000  8.300000000 0.005457238760
923.914978000  8.300000000 0.005300669000
923.940002000  8.300000000 0.005126823670
923.965027000  8.300000000 0.004935473670
923.989990000  8.300000000 0.004726484420
924.015015000  8.300000000 0.004499809350
924.039978000  8.300000000 0.004255526230
924.065002000  8.300000000 0.003993779420
924.090027000  8.300000000 0.003714837130
924.114990000  8.300000000 0.003419046760
924.140015000  8.300000000 0.003106869990
924.164978000  8.300000000 0.002778859810
924.190002000  8.300000000 0.002435667910
924.215027000  8.300000000 0.002078056570
924.239990000  8.300000000 0.001706864340
924.265015000  8.300000000 0.001323030450
924.289978000  8.300000000 0.000927575398
924.315002000  8.300000000 0.000521596987
924.340027000  8.300000000 0.000106267791
924.364990000  8.300000000 -0.000317178026
924.390015000  8.300000000 -0.000747466693
924.414978000  8.300000000 -0.001183282470
924.440002000  8.300000000 -0.001623299670
924.465027000  8.300000000 -0.002066185230
924.489990000  8.300000000 -0.002510623540
924.515015000  8.300000000 -0.002955334960
924.539978000  8.300000000 -0.003399079670
924.565002000  8.300000000 -0.003840698160
924.590027000  8.300000000 -0.004279107320
924.614990000  8.300000000 -0.004713319710
924.640015000  8.300000000 -0.005142455920
924.664978000  8.300000000 -0.005565769040
924.690002000  8.300000000 -0.005982632280
924.715027000  8.300000000 -0.006392571140
924.739990000  8.300000000 -0.006795242890
924.765015000  8.300000000 -0.007190467320
924.789978000  8.300000000 -0.007578222080
924.815002000  8.300000000 -0.007958633830
924.840027000  8.300000000 -0.008331987080
924.864990000  8.300000000 -0.008698717690
924.890015000  8.300000000 -0.009059391920
924.914978000  8.300000000 -0.009414710100
924.940002000  8.300000000 -0.009765489030
924.965027000  8.300000000 -0.010112626500
924.989990000  8.300000000 -0.010457117100
925.015015000  8.300000000 -0.010800002100
925.039978000  8.300000000 -0.011142373100
925.065002000  8.300000000 -0.011485326100
925.090027000  8.300000000 -0.011829977900
925.114990000  8.300000000 -0.012177417100
925.140015000  8.300000000 -0.012528724000
925.164978000  8.300000000 -0.012884922300
925.190002000  8.300000000 -0.013247002800
925.215027000  8.300000000 -0.013615898800
925.239990000  8.300000000 -0.013992484700
925.265015000  8.300000000 -0.014377570700
925.289978000  8.300000000 -0.014771899200
925.315002000  8.300000000 -0.015176144400
925.340027000  8.300000000 -0.015590889400
925.364990000  8.300000000 -0.016016647200
925.390015000  8.300000000 -0.016453830500
925.414978000  8.300000000 -0.016902757800
925.440002000  8.300000000 -0.017363648900
925.465027000  8.300000000 -0.017836619200
925.489990000  8.300000000 -0.018321681800
925.515015000  8.300000000 -0.018818749100
925.539978000  8.300000000 -0.019327612600
925.565002000  8.300000000 -0.019847950000
925.590027000  8.300000000 -0.020379319800
925.614990000  8.300000000 -0.020921159500
925.640015000  8.300000000 -0.021472793100
925.664978000  8.300000000 -0.022033399000
925.690002000  8.300000000 -0.022602047800
925.715027000  8.300000000 -0.023177685200
925.739990000  8.300000000 -0.023759147200
925.765015000  8.300000000 -0.024345146500
925.789978000  8.300000000 -0.024934290000
925.815002000  8.300000000 -0.025525080000
925.840027000  8.300000000 -0.026115935300
925.864990000  8.300000000 -0.026705145800
925.890015000  8.300000000 -0.027290958900
925.914978000  8.300000000 -0.027871487700
925.940002000  8.300000000 -0.028444811700
925.965027000  8.300000000 -0.029008943600
925.989990000  8.300000000 -0.029561828800
926.015015000  8.300000000 -0.030101370100
926.039978000  8.300000000 -0.030625443900
926.065002000  8.300000000 -0.031131878500
926.090027000  8.300000000 -0.031618498300
926.114990000  8.300000000 -0.032083086700
926.140015000  8.300000000 -0.032523442100
926.164978000  8.300000000 -0.032937344200
926.190002000  8.300000000 -0.033322587600
926.215027000  8.300000000 -0.033676963300
926.239990000  8.300000000 -0.033998273300
926.265015000  8.300000000 -0.034284323500
926.289978000  8.300000000 -0.034532960500
926.315002000  8.300000000 -0.034742012600
926.340027000  8.300000000 -0.034909360100
926.364990000  8.300000000 -0.035032879600
926.390015000  8.300000000 -0.035110510900
926.414978000  8.300000000 -0.035140205200
926.440002000  8.300000000 -0.035120002900
926.465027000  8.300000000 -0.035048034000
926.489990000  8.300000000 -0.034922491800
926.515015000  8.300000000 -0.034741703400
926.539978000  8.300000000 -0.034504111900
926.565002000  8.300000000 -0.034208331300
926.590027000  8.300000000 -0.033853124800
926.614990000  8.300000000 -0.033437434600
926.640015000  8.300000000 -0.032960437200
926.664978000  8.300000000 -0.032421514400
926.690002000  8.300000000 -0.031820312100
926.715027000  8.300000000 -0.031156752300
926.739990000  8.300000000 -0.030431052700
926.765015000  8.300000000 -0.029643749800
926.789978000  8.300000000 -0.028795719100
926.815002000  8.300000000 -0.027888191900
926.840027000  8.300000000 -0.026922756800
926.864990000  8.300000000 -0.025901369800
926.890015000  8.300000000 -0.024826334800
926.914978000  8.300000000 -0.023700332300
926.940002000  8.300000000 -0.022526368500
926.965027000  8.300000000 -0.021307770200
926.989990000  8.300000000 -0.020048169400
927.015015000  8.300000000 -0.018751462900
927.039978000  8.300000000 -0.017421780200
927.065002000  8.300000000 -0.016063466700
927.090027000  8.300000000 -0.014681041200
927.114990000  8.300000000 -0.013279173500
927.140015000  8.300000000 -0.011862639300
927.164978000  8.300000000 -0.010436299300
927.190002000  8.300000000 -0.009005048310
927.215027000  8.300000000 -0.007573801560
927.239990000  8.300000000 -0.006147427480
927.265015000  8.300000000 -0.004730755460
927.289978000  8.300000000 -0.003328497060
927.315002000  8.300000000 -0.001945261610
927.340027000  8.300000000 -0.000585481524
927.364990000  8.300000000 0.000746590609
927.390015000  8.300000000 0.002046910580
927.414978000  8.300000000 0.003311677140
927.440002000  8.300000000 0.004537340720
927.465027000  8.300000000 0.005720634940
927.489990000  8.300000000 0.006858590060
927.515015000  8.300000000 0.007948532700
927.539978000  8.300000000 0.008988128040
927.565002000  8.300000000 0.009975332770
927.590027000  8.300000000 0.010908457500
927.614990000  8.300000000 0.011786097700
927.640015000  8.300000000 0.012607179600
927.664978000  8.300000000 0.013370917200
927.690002000  8.300000000 0.014076821500
927.715027000  8.300000000 0.014724659700
927.739990000  8.300000000 0.015314476600
927.765015000  8.300000000 0.015846533700
927.789978000  8.300000000 0.016321336900
927.815002000  8.300000000 0.016739586400
927.840027000  8.300000000 0.017102183800
927.864990000  8.300000000 0.017410211300
927.890015000  8.300000000 0.017664913100
927.914978000  8.300000000 0.017867695500
927.940002000  8.300000000 0.018020104600
927.965027000  8.300000000 0.018123816700
927.989990000  8.300000000 0.018180621800
928.015015000  8.300000000 0.018192408600
928.039978000  8.300000000 0.018161153400
928.065002000  8.300000000 0.018088918200
928.090027000  8.300000000 0.017977805800
928.114990000  8.300000000 0.017829969500
928.140015000  8.300000000 0.017647583000
928.164978000  8.300000000 0.017432803300
928.190002000  8.300000000 0.017187748100
928.215027000  8.300000000 0.016914481300
928.239990000  8.300000000 0.016614954900
928.265015000  8.300000000 0.016291031600
928.289978000  8.300000000 0.015944400800
928.315002000  8.300000000 0.015576607500
928.340027000  8.300000000 0.015189011600
928.364990000  8.300000000 0.014782765900
928.390015000  8.300000000 0.014358834400
928.414978000  8.300000000 0.013917966700
928.440002000  8.300000000 0.013460689200
928.465027000  8.300000000 0.012987346400
928.489990000  8.300000000 0.012498088200
928.515015000  8.300000000 0.011992895000
928.539978000  8.300000000 0.011471603100
928.565002000  8.300000000 0.010933922600
928.590027000  8.300000000 0.010379436400
928.614990000  8.300000000 0.009807678870
928.640015000  8.300000000 0.009218093940
928.664978000  8.300000000 0.008610095830
928.690002000  8.300000000 0.007983104330
928.715027000  8.300000000 0.007336558310
928.739990000  8.300000000 0.006669935300
928.765015000  8.300000000 0.005982811100
928.789978000  8.300000000 0.005274875090
928.815002000  8.300000000 0.004545966630
928.840027000  8.300000000 0.003796102010
928.864990000  8.300000000 0.003025499410
928.890015000  8.300000000 0.002234611190
928.914978000  8.300000000 0.001424135410
928.940002000  8.300000000 0.000595044810
928.965027000  8.300000000 -0.000251446414
928.989990000  8.300000000 -0.001113805800
929.015015000  8.300000000 -0.001990275220
929.039978000  8.300000000 -0.002878795840
929.065002000  8.300000000 -0.003777078350
929.090027000  8.300000000 -0.004682592580
929.114990000  8.300000000 -0.005592616270
929.140015000  8.300000000 -0.006504219490
929.164978000  8.300000000 -0.007414361930
929.190002000  8.300000000 -0.008319851940
929.215027000  8.300000000 -0.009217466230
929.239990000  8.300000000 -0.010103927000
929.265015000  8.300000000 -0.010975967200
929.289978000  8.300000000 -0.011830399700
929.315002000  8.300000000 -0.012664086200
929.340027000  8.300000000 -0.013474039700
929.364990000  8.300000000 -0.014257370500
929.390015000  8.300000000 -0.015011410200
929.414978000  8.300000000 -0.015733644400
929.440002000  8.300000000 -0.016421770700
929.465027000  8.300000000 -0.017073731900
929.489990000  8.300000000 -0.017687680200
929.515015000  8.300000000 -0.018262036100
929.539978000  8.300000000 -0.018795469800
929.565002000  8.300000000 -0.019286887700
929.590027000  8.300000000 -0.019735457400
929.614990000  8.300000000 -0.020140565900
929.640015000  8.300000000 -0.020501866900
929.664978000  8.300000000 -0.020819192800
929.690002000  8.300000000 -0.021092599300
929.715027000  8.300000000 -0.021322330500
929.739990000  8.300000000 -0.021508801700
929.765015000  8.300000000 -0.021652594200
929.789978000  8.300000000 -0.021754419400
929.815002000  8.300000000 -0.021815139800
929.840027000  8.300000000 -0.021835716400
929.864990000  8.300000000 -0.021817233400
929.890015000  8.300000000 -0.021760841800
929.914978000  8.300000000 -0.021667759900
929.940002000  8.300000000 -0.021539289500
929.965027000  8.300000000 -0.021376732700
929.989990000  8.300000000 -0.021181436300
930.015015000  8.300000000 -0.020954754200
930.039978000  8.300000000 -0.020698031400
930.065002000  8.300000000 -0.020412584800
930.090027000  8.300000000 -0.020099712500
930.114990000  8.300000000 -0.019760621700
930.140015000  8.300000000 -0.019396489500
930.164978000  8.300000000 -0.019008385000
930.190002000  8.300000000 -0.018597289900
930.215027000  8.300000000 -0.018164088900
930.239990000  8.300000000 -0.017709540200
930.265015000  8.300000000 -0.017234306800
930.289978000  8.300000000 -0.016738915800
930.315002000  8.300000000 -0.016223786400
930.340027000  8.300000000 -0.015689220300
930.364990000  8.300000000 -0.015135391600
930.390015000  8.300000000 -0.014562372100
930.414978000  8.300000000 -0.013970126400
930.440002000  8.300000000 -0.013358509200
930.465027000  8.300000000 -0.012727300600
930.489990000  8.300000000 -0.012076192500
930.515015000  8.300000000 -0.011404821600
930.539978000  8.300000000 -0.010712795000
930.565002000  8.300000000 -0.009999683130
930.590027000  8.300000000 -0.009265078230
930.614990000  8.300000000 -0.008508599360
930.640015000  8.300000000 -0.007729909850
930.664978000  8.300000000 -0.006928758230
930.690002000  8.300000000 -0.006104972680
930.715027000  8.300000000 -0.005258491730
930.739990000  8.300000000 -0.004389412240
930.765015000  8.300000000 -0.003497981470
930.789978000  8.300000000 -0.002584618050
930.815002000  8.300000000 -0.001649937590
930.840027000  8.300000000 -0.000694758201
930.864990000  8.300000000 0.000279887870
930.890015000  8.300000000 0.001272756140
930.914978000  8.300000000 0.002282379200
930.940002000  8.300000000 0.003307063830
930.965027000  8.300000000 0.004344915040
930.989990000  8.300000000 0.005393803120
931.015015000  8.300000000 0.006451406980
931.039978000  8.300000000 0.007515189240
931.065002000  8.300000000 0.008582423440
931.090027000  8.300000000 0.009650203400
931.114990000  8.300000000 0.010715447400
931.140015000  8.300000000 0.011774906900
931.164978000  8.300000000 0.012825192000
931.190002000  8.300000000 0.013862776600
931.215027000  8.300000000 0.014884024900
931.239990000  8.300000000 0.015885176100
931.265015000  8.300000000 0.016862414800
931.289978000  8.300000000 0.017811821800
931.315002000  8.300000000 0.018729455800
931.340027000  8.300000000 0.019611306500
931.364990000  8.300000000 0.020453382300
931.390015000  8.300000000 0.021251678500
931.414978000  8.300000000 0.022002207100
931.440002000  8.300000000 0.022701025000
931.465027000  8.300000000 0.023344257800
931.489990000  8.300000000 0.023928094700
931.515015000  8.300000000 0.024448810100
931.539978000  8.300000000 0.024902796400
931.565002000  8.300000000 0.025286581400
931.590027000  8.300000000 0.025596791900
931.614990000  8.300000000 0.025830237200
931.640015000  8.300000000 0.025983864400
931.664978000  8.300000000 0.026054846100
931.690002000  8.300000000 0.026040507500
931.715027000  8.300000000 0.025938436400
931.739990000  8.300000000 0.025746436800
931.765015000  8.300000000 0.025462588300
931.789978000  8.300000000 0.025085257400
931.815002000  8.300000000 0.024613130800
931.840027000  8.300000000 0.024045215900
931.864990000  8.300000000 0.023380886800
931.890015000  8.300000000 0.022619895600
931.914978000  8.300000000 0.021762382200
931.940002000  8.300000000 0.020808920300
931.965027000  8.300000000 0.019760515500
931.989990000  8.300000000 0.018618589300
932.015015000  8.300000000 0.017385035800
932.039978000  8.300000000 0.016062201900
932.065002000  8.300000000 0.014652914400
932.090027000  8.300000000 0.013160466200
932.114990000  8.300000000 0.011588633100
932.140015000  8.300000000 0.009941667320
932.164978000  8.300000000 0.008224320600
932.190002000  8.300000000 0.006441803180
932.215027000  8.300000000 0.004599776580
932.239990000  8.300000000 0.002704361450
932.265015000  8.300000000 0.000762083626
932.289978000  8.300000000 -0.001220132340
932.315002000  8.300000000 -0.003235003450
932.340027000  8.300000000 -0.005274924450
932.364990000  8.300000000 -0.007332007400
932.390015000  8.300000000 -0.009398118590
932.414978000  8.300000000 -0.011464931100
932.440002000  8.300000000 -0.013523965100
932.465027000  8.300000000 -0.015566646100
932.489990000  8.300000000 -0.017584342500
932.515015000  8.300000000 -0.019568441400
932.539978000  8.300000000 -0.021510375700
932.565002000  8.300000000 -0.023401709300
932.590027000  8.300000000 -0.025234174000
932.614990000  8.300000000 -0.026999730600
932.640015000  8.300000000 -0.028690636200
932.664978000  8.300000000 -0.030299492200
932.690002000  8.300000000 -0.031819291400
932.715027000  8.300000000 -0.033243481100
932.739990000  8.300000000 -0.034566000100
932.765015000  8.300000000 -0.035781353700
932.789978000  8.300000000 -0.036884605900
932.815002000  8.300000000 -0.037871476300
932.840027000  8.300000000 -0.038738306600
932.864990000  8.300000000 -0.039482116700
932.890015000  8.300000000 -0.040100637800
932.914978000  8.300000000 -0.040592264400
932.940002000  8.300000000 -0.040956139600
932.965027000  8.300000000 -0.041192084600
932.989990000  8.300000000 -0.041300583600
933.015015000  8.300000000 -0.041282847500
933.039978000  8.300000000 -0.041140716500
933.065002000  8.300000000 -0.040876664200
933.090027000  8.300000000 -0.040493760300
933.114990000  8.300000000 -0.039995633100
933.140015000  8.300000000 -0.039386421400
933.164978000  8.300000000 -0.038670741000
933.190002000  8.300000000 -0.037853620900
933.215027000  8.300000000 -0.036940455400
933.239990000  8.300000000 -0.035936947900
933.265015000  8.300000000 -0.034849077500
933.289978000  8.300000000 -0.033683013200
933.315002000  8.300000000 -0.032445095500
933.340027000  8.300000000 -0.031141763600
933.364990000  8.300000000 -0.029779521700
933.390015000  8.300000000 -0.028364909800
933.414978000  8.300000000 -0.026904435800
933.440002000  8.300000000 -0.025404559400
933.465027000  8.300000000 -0.023871671400
933.489990000  8.300000000 -0.022312043200
933.515015000  8.300000000 -0.020731812300
933.539978000  8.300000000 -0.019136969000
933.565002000  8.300000000 -0.017533322800
933.590027000  8.300000000 -0.015926478400
933.614990000  8.300000000 -0.014321841300
933.640015000  8.300000000 -0.012724590500
933.664978000  8.300000000 -0.011139664800
933.690002000  8.300000000 -0.009571791630
933.715027000  8.300000000 -0.008025430140
933.739990000  8.300000000 -0.006504816000
933.765015000  8.300000000 -0.005013947380
933.789978000  8.300000000 -0.003556568870
933.815002000  8.300000000 -0.002136207880
933.840027000  8.300000000 -0.000756138703
933.864990000  8.300000000 0.000580579042
933.890015000  8.300000000 0.001871128450
933.914978000  8.300000000 0.003112923120
933.940002000  8.300000000 0.004303616470
933.965027000  8.300000000 0.005441079850
933.989990000  8.300000000 0.006523438730
934.015015000  8.300000000 0.007549030710
934.039978000  8.300000000 0.008516448550
934.065002000  8.300000000 0.009424508550
934.090027000  8.300000000 0.010272294300
934.114990000  8.300000000 0.011059125900
934.140015000  8.300000000 0.011784610300
934.164978000  8.300000000 0.012448609800
934.190002000  8.300000000 0.013051261200
934.215027000  8.300000000 0.013592994800
934.239990000  8.300000000 0.014074491300
934.265015000  8.300000000 0.014496726900
934.289978000  8.300000000 0.014860920600
934.315002000  8.300000000 0.015168544800
934.340027000  8.300000000 0.015421313200
934.364990000  8.300000000 0.015621135900
934.390015000  8.300000000 0.015770116800
934.414978000  8.300000000 0.015870507800
934.440002000  8.300000000 0.015924690300
934.465027000  8.300000000 0.015935143500
934.489990000  8.300000000 0.015904428400
934.515015000  8.300000000 0.015835130600
934.539978000  8.300000000 0.015729868800
934.565002000  8.300000000 0.015591256300
934.590027000  8.300000000 0.015421843200
934.614990000  8.300000000 0.015224175500
934.640015000  8.300000000 0.015000708400
934.664978000  8.300000000 0.014753821300
934.690002000  8.300000000 0.014485807200
934.715027000  8.300000000 0.014198878800
934.739990000  8.300000000 0.013895133500
934.765015000  8.300000000 0.013576579300
934.789978000  8.300000000 0.013245104800
934.815002000  8.300000000 0.012902501000
934.840027000  8.300000000 0.012550430400
934.864990000  8.300000000 0.012190485400
934.890015000  8.300000000 0.011824155200
934.914978000  8.300000000 0.011452853700
934.940002000  8.300000000 0.011077941400
934.965027000  8.300000000 0.010700729700
934.989990000  8.300000000 0.010322504700
935.015015000  8.300000000 0.009944525550
935.039978000  8.300000000 0.009568068200
935.065002000  8.300000000 0.009194398300
935.090027000  8.300000000 0.008824817840
935.114990000  8.300000000 0.008460637180
935.140015000  8.300000000 0.008103218860
935.164978000  8.300000000 0.007753933310
935.190002000  8.300000000 0.007414222230
935.215027000  8.300000000 0.007085540330
935.239990000  8.300000000 0.006769390310
935.265015000  8.300000000 0.006467300930
935.289978000  8.300000000 0.006180878730
935.315002000  8.300000000 0.005911717660
935.340027000  8.300000000 0.005661439150
935.364990000  8.300000000 0.005431681410
935.390015000  8.300000000 0.005224099850
935.414978000  8.300000000 0.005040271210
935.440002000  8.300000000 0.004881785720
935.465027000  8.300000000 0.004750168420
935.489990000  8.300000000 0.004646862390
935.515015000  8.300000000 0.004573232960
935.539978000  8.300000000 0.004530534150
935.565002000  8.300000000 0.004519894720
935.590027000  8.300000000 0.004542283250
935.614990000  8.300000000 0.004598510450
935.640015000  8.300000000 0.004689190070
935.664978000  8.300000000 0.004814755640
935.690002000  8.300000000 0.004975400870
935.715027000  8.300000000 0.005171113650
935.739990000  8.300000000 0.005401647180
935.765015000  8.300000000 0.005666525570
935.789978000  8.300000000 0.005965045190
935.815002000  8.300000000 0.006296290080
935.840027000  8.300000000 0.006659120790
935.864990000  8.300000000 0.007052198520
935.890015000  8.300000000 0.007473988460
935.914978000  8.300000000 0.007922765800
935.940002000  8.300000000 0.008396660910
935.965027000  8.300000000 0.008893618360
935.989990000  8.300000000 0.009411474690
936.015015000  8.300000000 0.009947923940
936.039978000  8.300000000 0.010500561400
936.065002000  8.300000000 0.011066907100
936.090027000  8.300000000 0.011644416500
936.114990000  8.300000000 0.012230522000
936.140015000  8.300000000 0.012822615000
936.164978000  8.300000000 0.013418111000
936.190002000  8.300000000 0.014014451800
936.215027000  8.300000000 0.014609129200
936.239990000  8.300000000 0.015199726400
936.265015000  8.300000000 0.015783896700
936.289978000  8.300000000 0.016359454000
936.315002000  8.300000000 0.016924327200
936.340027000  8.300000000 0.017476605300
936.364990000  8.300000000 0.018014568800
936.390015000  8.300000000 0.018536668300
936.414978000  8.300000000 0.019041584800
936.440002000  8.300000000 0.019528199000
936.465027000  8.300000000 0.019995627900
936.489990000  8.300000000 0.020443216000
936.515015000  8.300000000 0.020870534700
936.539978000  8.300000000 0.021277366200
936.565002000  8.300000000 0.021663723500
936.590027000  8.300000000 0.022029824600
936.614990000  8.300000000 0.022376073500
936.640015000  8.300000000 0.022703062700
936.664978000  8.300000000 0.023011529800
936.690002000  8.300000000 0.023302361400
936.715027000  8.300000000 0.023576552000
936.739990000  8.300000000 0.023835213900
936.765015000  8.300000000 0.024079507200
936.789978000  8.300000000 0.024310672700
936.815002000  8.300000000 0.024529980500
936.840027000  8.300000000 0.024738736500
936.864990000  8.300000000 0.024938225700
936.890015000  8.300000000 0.025129737300
936.914978000  8.300000000 0.025314515500
936.940002000  8.300000000 0.025493767100
936.965027000  8.300000000 0.025668600600
936.989990000  8.300000000 0.025840032800
937.015015000  8.300000000 0.026008999000
937.039978000  8.300000000 0.026176294300
937.065002000  8.300000000 0.026342595000
937.090027000  8.300000000 0.026508424400
937.114990000  8.300000000 0.026674153300
937.140015000  8.300000000 0.026840025600
937.164978000  8.300000000 0.027006071100
937.190002000  8.300000000 0.027172196700
937.215027000  8.300000000 0.027338093100
937.239990000  8.300000000 0.027503358200
937.265015000  8.300000000 0.027667375300
937.289978000  8.300000000 0.027829414200
937.315002000  8.300000000 0.027988659200
937.340027000  8.300000000 0.028144162100
937.364990000  8.300000000 0.028294909700
937.390015000  8.300000000 0.028439886900
937.414978000  8.300000000 0.028578003900
937.440002000  8.300000000 0.028708206500
937.465027000  8.300000000 0.028829466600
937.489990000  8.300000000 0.028940776400
937.515015000  8.300000000 0.029041176700
937.539978000  8.300000000 0.029129788300
937.565002000  8.300000000 0.029205799100
937.590027000  8.300000000 0.029268454800
937.614990000  8.300000000 0.029317094000
937.640015000  8.300000000 0.029351122700
937.664978000  8.300000000 0.029370050900
937.690002000  8.300000000 0.029373413000
937.715027000  8.300000000 0.029360828900
937.739990000  8.300000000 0.029331982100
937.765015000  8.300000000 0.029286587600
937.789978000  8.300000000 0.029224401300
937.815002000  8.300000000 0.029145216600
937.840027000  8.300000000 0.029048832100
937.864990000  8.300000000 0.028935089700
937.890015000  8.300000000 0.028803776900
937.914978000  8.300000000 0.028654759700
937.940002000  8.300000000 0.028487833200
937.965027000  8.300000000 0.028302824100
937.989990000  8.300000000 0.028099529400
938.015015000  8.300000000 0.027877723800
938.039978000  8.300000000 0.027637207900
938.065002000  8.300000000 0.027377756300
938.090027000  8.300000000 0.027099143700
938.114990000  8.300000000 0.026801155900
938.140015000  8.300000000 0.026483589800
938.164978000  8.300000000 0.026146246100
938.190002000  8.300000000 0.025788961000
938.215027000  8.300000000 0.025411538800
938.239990000  8.300000000 0.025013810000
938.265015000  8.300000000 0.024595657400
938.289978000  8.300000000 0.024156915000
938.315002000  8.300000000 0.023697411600
938.340027000  8.300000000 0.023217009400
938.364990000  8.300000000 0.022715522000
938.390015000  8.300000000 0.022192783700
938.414978000  8.300000000 0.021648608100
938.440002000  8.300000000 0.021082803600
938.465027000  8.300000000 0.020495174500
938.489990000  8.300000000 0.019885532600
938.515015000  8.300000000 0.019253695400
938.539978000  8.300000000 0.018599506500
938.565002000  8.300000000 0.017922807500
938.590027000  8.300000000 0.017223518300
938.614990000  8.300000000 0.016501518000
938.640015000  8.300000000 0.015756821300
938.664978000  8.300000000 0.014989468300
938.690002000  8.300000000 0.014199564200
938.715027000  8.300000000 0.013387328000
938.739990000  8.300000000 0.012553053000
938.765015000  8.300000000 0.011697179600
938.789978000  8.300000000 0.010820257500
938.815002000  8.300000000 0.009923038070
938.840027000  8.300000000 0.009006380100
938.864990000  8.300000000 0.008071368560
938.890015000  8.300000000 0.007119260260
938.914978000  8.300000000 0.006151567210
938.940002000  8.300000000 0.005169954620
938.965027000  8.300000000 0.004176354500
938.989990000  8.300000000 0.003172877010
939.015015000  8.300000000 0.002161853020
939.039978000  8.300000000 0.001145809540
939.065002000  8.300000000 0.000127447856
939.090027000  8.300000000 -0.000890362193
939.114990000  8.300000000 -0.001904619510
939.140015000  8.300000000 -0.002912225670
939.164978000  8.300000000 -0.003909976220
939.190002000  8.300000000 -0.004894634710
939.215027000  8.300000000 -0.005862947550
939.239990000  8.300000000 -0.006811671890
939.265015000  8.300000000 -0.007737643550
939.289978000  8.300000000 -0.008637742140
939.315002000  8.300000000 -0.009509002790
939.340027000  8.300000000 -0.010348580800
939.364990000  8.300000000 -0.011153809700
939.390015000  8.300000000 -0.011922184400
939.414978000  8.300000000 -0.012651412700
939.440002000  8.300000000 -0.013339369600
939.465027000  8.300000000 -0.013984146500
939.489990000  8.300000000 -0.014584017000
939.515015000  8.300000000 -0.015137456400
939.539978000  8.300000000 -0.015643117900
939.565002000  8.300000000 -0.016099844100
939.590027000  8.300000000 -0.016506638400
939.614990000  8.300000000 -0.016862658800
939.640015000  8.300000000 -0.017167203100
939.664978000  8.300000000 -0.017419723800
939.690002000  8.300000000 -0.017619762600
939.715027000  8.300000000 -0.017766982300
939.739990000  8.300000000 -0.017861116700
939.765015000  8.300000000 -0.017901981200
939.789978000  8.300000000 -0.017889434500
939.815002000  8.300000000 -0.017823396300
939.840027000  8.300000000 -0.017703782800
939.864990000  8.300000000 -0.017530577300
939.890015000  8.300000000 -0.017303761100
939.914978000  8.300000000 -0.017023323100
939.940002000  8.300000000 -0.016689252100
939.965027000  8.300000000 -0.016301574200
939.989990000  8.300000000 -0.015860294900
940.015015000  8.300000000 -0.015365463700
940.039978000  8.300000000 -0.014817136300
940.065002000  8.300000000 -0.014215406000
940.090027000  8.300000000 -0.013560440400
940.114990000  8.300000000 -0.012852461100
940.140015000  8.300000000 -0.012091798700
940.164978000  8.300000000 -0.011278873300
940.190002000  8.300000000 -0.010414246500
940.215027000  8.300000000 -0.009498658590
940.239990000  8.300000000 -0.008532987910
940.265015000  8.300000000 -0.007518358990
940.289978000  8.300000000 -0.006456086880
940.315002000  8.300000000 -0.005347746890
940.340027000  8.300000000 -0.004195162560
940.364990000  8.300000000 -0.003000449850
940.390015000  8.300000000 -0.001766035680
940.414978000  8.300000000 -0.000494647305
940.440002000  8.300000000 0.000810658792
940.465027000  8.300000000 0.002146523910
940.489990000  8.300000000 0.003509274680
940.515015000  8.300000000 0.004894940650
940.539978000  8.300000000 0.006299263800
940.565002000  8.300000000 0.007717724890
940.590027000  8.300000000 0.009145565330
940.614990000  8.300000000 0.010577830500
940.640015000  8.300000000 0.012009370100
940.664978000  8.300000000 0.013434926000
940.690002000  8.300000000 0.014849120800
940.715027000  8.300000000 0.016246529300
940.739990000  8.300000000 0.017621707200
940.765015000  8.300000000 0.018969235900
940.789978000  8.300000000 0.020283756800
940.815002000  8.300000000 0.021560007700
940.840027000  8.300000000 0.022792877600
940.864990000  8.300000000 0.023977445400
940.890015000  8.300000000 0.025108965100
940.914978000  8.300000000 0.026182936500
940.940002000  8.300000000 0.027195163100
940.965027000  8.300000000 0.028141710900
940.989990000  8.300000000 0.029019003700
941.015015000  8.300000000 0.029823791200
941.039978000  8.300000000 0.030553195600
941.065002000  8.300000000 0.031204711600
941.090027000  8.300000000 0.031776212200
941.114990000  8.300000000 0.032265972300
941.140015000  8.300000000 0.032672613900
941.164978000  8.300000000 0.032995153200
941.190002000  8.300000000 0.033232949700
941.215027000  8.300000000 0.033385705200
941.239990000  8.300000000 0.033453427300
941.265015000  8.300000000 0.033436447400
941.289978000  8.300000000 0.033335346700
941.315002000  8.300000000 0.033150978400
941.340027000  8.300000000 0.032884404100
941.364990000  8.300000000 0.032536894100
941.390015000  8.300000000 0.032109886400
941.414978000  8.300000000 0.031604982900
941.440002000  8.300000000 0.031023887900
941.465027000  8.300000000 0.030368436100
941.489990000  8.300000000 0.029640521900
941.515015000  8.300000000 0.028842097100
941.539978000  8.300000000 0.027975175500
941.565002000  8.300000000 0.027041757500
941.590027000  8.300000000 0.026043897500
941.614990000  8.300000000 0.024983599800
941.640015000  8.300000000 0.023862885300
941.664978000  8.300000000 0.022683721000
941.690002000  8.300000000 0.021448034800
941.715027000  8.300000000 0.020157709700
941.739990000  8.300000000 0.018814573100
941.765015000  8.300000000 0.017420394300
941.789978000  8.300000000 0.015976864800
941.815002000  8.300000000 0.014485627400
941.840027000  8.300000000 0.012948250400
941.864990000  8.300000000 0.011366240700
941.890015000  8.300000000 0.009741045530
941.914978000  8.300000000 0.008074072190
941.940002000  8.300000000 0.006366665010
941.965027000  8.300000000 0.004620152990
941.989990000  8.300000000 0.002835815310
942.015015000  8.300000000 0.001014910640
942.039978000  8.300000000 -0.000841316010
942.065002000  8.300000000 -0.002731627780
942.090027000  8.300000000 -0.004654823340
942.114990000  8.300000000 -0.006609658710
942.140015000  8.300000000 -0.008594906890
942.164978000  8.300000000 -0.010609281200
942.190002000  8.300000000 -0.012651482600
942.215027000  8.300000000 -0.014720144700
942.239990000  8.300000000 -0.016813846300
942.265015000  8.300000000 -0.018931075900
942.289978000  8.300000000 -0.021070221400
942.315002000  8.300000000 -0.023229591500
942.340027000  8.300000000 -0.025407360900
942.364990000  8.300000000 -0.027601568000
942.390015000  8.300000000 -0.029810095200
942.414978000  8.300000000 -0.032030690500
942.440002000  8.300000000 -0.034260958400
942.465027000  8.300000000 -0.036498218800
942.489990000  8.300000000 -0.038739744600
942.515015000  8.300000000 -0.040982518300
942.539978000  8.300000000 -0.043223377300
942.565002000  8.300000000 -0.045458961300
942.590027000  8.300000000 -0.047685679000
942.614990000  8.300000000 -0.049899753200
942.640015000  8.300000000 -0.052097201300
942.664978000  8.300000000 -0.054273873600
942.690002000  8.300000000 -0.056425429900
942.715027000  8.300000000 -0.058547329200
942.739990000  8.300000000 -0.060634970700
942.765015000  8.300000000 -0.062683515300
942.789978000  8.300000000 -0.064688094000
942.815002000  8.300000000 -0.066643722400
942.840027000  8.300000000 -0.068545341500
942.864990000  8.300000000 -0.070387914800
942.890015000  8.300000000 -0.072166346000
942.914978000  8.300000000 -0.073875621000
942.940002000  8.300000000 -0.075510658300
942.965027000  8.300000000 -0.077066615200
942.989990000  8.300000000 -0.078538700900
943.015015000  8.300000000 -0.079922206700
943.039978000  8.300000000 -0.081212766500
943.065002000  8.300000000 -0.082406111100
943.090027000  8.300000000 -0.083498358700
943.114990000  8.300000000 -0.084485784200
943.140015000  8.300000000 -0.085365101700
943.164978000  8.300000000 -0.086133390700
943.190002000  8.300000000 -0.086788125300
943.215027000  8.300000000 -0.087327130100
943.239990000  8.300000000 -0.087748765900
943.265015000  8.300000000 -0.088051803400
943.289978000  8.300000000 -0.088235475100
943.315002000  8.300000000 -0.088299490500
943.340027000  8.300000000 -0.088244170000
943.364990000  8.300000000 -0.088070102000
943.390015000  8.300000000 -0.087778560800
943.414978000  8.300000000 -0.087371207800
943.440002000  8.300000000 -0.086850263200
943.465027000  8.300000000 -0.086218223000
943.489990000  8.300000000 -0.085478194100
943.515015000  8.300000000 -0.084633611100
943.539978000  8.300000000 -0.083688244200
943.565002000  8.300000000 -0.082646295400
943.590027000  8.300000000 -0.081512220200
943.614990000  8.300000000 -0.080290816700
943.640015000  8.300000000 -0.078987009800
943.664978000  8.300000000 -0.077606126700
943.690002000  8.300000000 -0.076153501900
943.715027000  8.300000000 -0.074634738300
943.739990000  8.300000000 -0.073055520700
943.765015000  8.300000000 -0.071421578500
943.789978000  8.300000000 -0.069738879800
943.815002000  8.300000000 -0.068013280600
943.840027000  8.300000000 -0.066250719100
943.864990000  8.300000000 -0.064457133400
943.890015000  8.300000000 -0.062638521200
943.914978000  8.300000000 -0.060800742400
943.940002000  8.300000000 -0.058949653100
943.965027000  8.300000000 -0.057090997700
943.989990000  8.300000000 -0.055230449900
944.015015000  8.300000000 -0.053373497000
944.039978000  8.300000000 -0.051525563000
944.065002000  8.300000000 -0.049691785100
944.090027000  8.300000000 -0.047877177600
944.114990000  8.300000000 -0.046086471500
944.140015000  8.300000000 -0.044324159600
944.164978000  8.300000000 -0.042594462600
944.190002000  8.300000000 -0.040901321900
944.215027000  8.300000000 -0.039248358500
944.239990000  8.300000000 -0.037638913800
944.265015000  8.300000000 -0.036075927300
944.289978000  8.300000000 -0.034562144400
944.315002000  8.300000000 -0.033099867400
944.340027000  8.300000000 -0.031691111600
944.364990000  8.300000000 -0.030337600000
944.390015000  8.300000000 -0.029040688600
944.414978000  8.300000000 -0.027801435400
944.440002000  8.300000000 -0.026620602200
944.465027000  8.300000000 -0.025498708700
944.489990000  8.300000000 -0.024435939300
944.515015000  8.300000000 -0.023432288300
944.539978000  8.300000000 -0.022487485800
944.565002000  8.300000000 -0.021601084600
944.590027000  8.300000000 -0.020772418000
944.614990000  8.300000000 -0.020000677600
944.640015000  8.300000000 -0.019284898400
944.664978000  8.300000000 -0.018623963000
944.690002000  8.300000000 -0.018016647500
944.715027000  8.300000000 -0.017461599800
944.739990000  8.300000000 -0.016957353800
944.765015000  8.300000000 -0.016502350600
944.789978000  8.300000000 -0.016094921200
944.815002000  8.300000000 -0.015733309100
944.840027000  8.300000000 -0.015415652700
944.864990000  8.300000000 -0.015139997000
944.890015000  8.300000000 -0.014904286700
944.914978000  8.300000000 -0.014706378800
944.940002000  8.300000000 -0.014544055800
944.965027000  8.300000000 -0.014414998700
944.989990000  8.300000000 -0.014316867100
945.015015000  8.300000000 -0.014247241400
945.039978000  8.300000000 -0.014203662100
945.065002000  8.300000000 -0.014183646100
945.090027000  8.300000000 -0.014184682600
945.114990000  8.300000000 -0.014204257200
945.140015000  8.300000000 -0.014239855100
945.164978000  8.300000000 -0.014288951600
945.190002000  8.300000000 -0.014349049900
945.215027000  8.300000000 -0.014417660400
945.239990000  8.300000000 -0.014492315200
945.265015000  8.300000000 -0.014570596600
945.289978000  8.300000000 -0.014650126900
945.315002000  8.300000000 -0.014728578700
945.340027000  8.300000000 -0.014803684300
945.364990000  8.300000000 -0.014873266200
945.390015000  8.300000000 -0.014935211300
945.414978000  8.300000000 -0.014987514400
945.440002000  8.300000000 -0.015028254100
945.465027000  8.300000000 -0.015055649000
945.489990000  8.300000000 -0.015068004800
945.515015000  8.300000000 -0.015063783200
945.539978000  8.300000000 -0.015041563700
945.565002000  8.300000000 -0.015000068600
945.590027000  8.300000000 -0.014938162600
945.614990000  8.300000000 -0.014854844700
945.640015000  8.300000000 -0.014749269000
945.664978000  8.300000000 -0.014620740900
945.690002000  8.300000000 -0.014468687600
945.715027000  8.300000000 -0.014292710500
945.739990000  8.300000000 -0.014092557100
945.765015000  8.300000000 -0.013868099100
945.789978000  8.300000000 -0.013619373600
945.815002000  8.300000000 -0.013346528600
945.840027000  8.300000000 -0.013049831600
945.864990000  8.300000000 -0.012729637300
945.890015000  8.300000000 -0.012386365800
945.914978000  8.300000000 -0.012020510600
945.940002000  8.300000000 -0.011632571000
945.965027000  8.300000000 -0.011223078700
945.989990000  8.300000000 -0.010792565500
946.015015000  8.300000000 -0.010341534400
946.039978000  8.300000000 -0.009870472360
946.065002000  8.300000000 -0.009379850700
946.090027000  8.300000000 -0.008870077320
946.114990000  8.300000000 -0.008341548030
946.140015000  8.300000000 -0.007794610690
946.164978000  8.300000000 -0.007229574490
946.190002000  8.300000000 -0.006646713710
946.215027000  8.300000000 -0.006046273280
946.239990000  8.300000000 -0.005428459500
946.265015000  8.300000000 -0.004793471660
946.289978000  8.300000000 -0.004141483460
946.315002000  8.300000000 -0.003472652050
946.340027000  8.300000000 -0.002787132510
946.364990000  8.300000000 -0.002085062440
946.390015000  8.300000000 -0.001366597130
946.414978000  8.300000000 -0.000631911622
946.440002000  8.300000000 0.000118797238
946.465027000  8.300000000 0.000885303889
946.489990000  8.300000000 0.001667328530
946.515015000  8.300000000 0.002464547050
946.539978000  8.300000000 0.003276580010
946.565002000  8.300000000 0.004102985370
946.590027000  8.300000000 0.004943269770
946.614990000  8.300000000 0.005796834360
946.640015000  8.300000000 0.006663036070
946.664978000  8.300000000 0.007541121450
946.690002000  8.300000000 0.008430252780
946.715027000  8.300000000 0.009329527620
946.739990000  8.300000000 0.010237906100
946.765015000  8.300000000 0.011154276300
946.789978000  8.300000000 0.012077407000
946.815002000  8.300000000 0.013005949600
946.840027000  8.300000000 0.013938466100
946.864990000  8.300000000 0.014873394700
946.890015000  8.300000000 0.015809087100
946.914978000  8.300000000 0.016743784800
946.940002000  8.300000000 0.017675627000
946.965027000  8.300000000 0.018602684100
946.989990000  8.300000000 0.019522933300
947.015015000  8.300000000 0.020434301300
947.039978000  8.300000000 0.021334676100
947.065002000  8.300000000 0.022221917300
947.090027000  8.300000000 0.023093864300
947.114990000  8.300000000 0.023948429200
947.140015000  8.300000000 0.024783551700
947.164978000  8.300000000 0.025597201700
947.190002000  8.300000000 0.026387525700
947.215027000  8.300000000 0.027152758100
947.239990000  8.300000000 0.027891306200
947.265015000  8.300000000 0.028601752600
947.289978000  8.300000000 0.029282903300
947.315002000  8.300000000 0.029933778600
947.340027000  8.300000000 0.030553672500
947.364990000  8.300000000 0.031142130500
947.390015000  8.300000000 0.031698957100
947.414978000  8.300000000 0.032224211800
947.440002000  8.300000000 0.032718263600
947.465027000  8.300000000 0.033181700900
947.489990000  8.300000000 0.033615391700
947.515015000  8.300000000 0.034020416400
947.539978000  8.300000000 0.034398052800
947.565002000  8.300000000 0.034749865500
947.590027000  8.300000000 0.035077523400
947.614990000  8.300000000 0.035382915300
947.640015000  8.300000000 0.035668026700
947.664978000  8.300000000 0.035934992100
947.690002000  8.300000000 0.036186035700
947.715027000  8.300000000 0.036423414900
947.739990000  8.300000000 0.036649458100
947.765015000  8.300000000 0.036866504700
947.789978000  8.300000000 0.037076827100
947.815002000  8.300000000 0.037282683000
947.840027000  8.300000000 0.037486247700
947.864990000  8.300000000 0.037689577800
947.890015000  8.300000000 0.037894677400
947.914978000  8.300000000 0.038103353200
947.940002000  8.300000000 0.038317300400
947.965027000  8.300000000 0.038538061100
947.989990000  8.300000000 0.038767002500
948.015015000  8.300000000 0.039005368900
948.039978000  8.300000000 0.039254151300
948.065002000  8.300000000 0.039514195200
948.090027000  8.300000000 0.039786115300
948.114990000  8.300000000 0.040070273000
948.140015000  8.300000000 0.040366891800
948.164978000  8.300000000 0.040675841300
948.190002000  8.300000000 0.040996827200
948.215027000  8.300000000 0.041329287000
948.239990000  8.300000000 0.041672430900
948.265015000  8.300000000 0.042025227100
948.289978000  8.300000000 0.042386416300
948.315002000  8.300000000 0.042754527200
948.340027000  8.300000000 0.043127901900
948.364990000  8.300000000 0.043504752200
948.390015000  8.300000000 0.043883055400
948.414978000  8.300000000 0.044260744000
948.440002000  8.300000000 0.044635631100
948.465027000  8.300000000 0.045005455600
948.489990000  8.300000000 0.045367967300
948.515015000  8.300000000 0.045720845500
948.539978000  8.300000000 0.046061858500
948.565002000  8.300000000 0.046388808600
948.590027000  8.300000000 0.046699553700
948.614990000  8.300000000 0.046992059800
948.640015000  8.300000000 0.047264441800
948.664978000  8.300000000 0.047514915500
948.690002000  8.300000000 0.047741912300
948.715027000  8.300000000 0.047944001900
948.739990000  8.300000000 0.048119939900
948.765015000  8.300000000 0.048268742900
948.789978000  8.300000000 0.048389565200
948.815002000  8.300000000 0.048481911400
948.840027000  8.300000000 0.048545356800
948.864990000  8.300000000 0.048579864200
948.890015000  8.300000000 0.048585549000
948.914978000  8.300000000 0.048562753900
948.940002000  8.300000000 0.048512045300
948.965027000  8.300000000 0.048434242600
948.989990000  8.300000000 0.048330370300
949.015015000  8.300000000 0.048201590800
949.039978000  8.300000000 0.048049308400
949.065002000  8.300000000 0.047875072800
949.090027000  8.300000000 0.047680594000
949.114990000  8.300000000 0.047467730900
949.140015000  8.300000000 0.047238457900
949.164978000  8.300000000 0.046994842600
949.190002000  8.300000000 0.046739030600
949.215027000  8.300000000 0.046473223700
949.239990000  8.300000000 0.046199649600
949.265015000  8.300000000 0.045920547100
949.289978000  8.300000000 0.045638121700
949.315002000  8.300000000 0.045354608400
949.340027000  8.300000000 0.045072119700
949.364990000  8.300000000 0.044792745300
949.390015000  8.300000000 0.044518552700
949.414978000  8.300000000 0.044251445700
949.440002000  8.300000000 0.043993331500
949.465027000  8.300000000 0.043745946100
949.489990000  8.300000000 0.043511029300
949.515015000  8.300000000 0.043290089800
949.539978000  8.300000000 0.043084688500
949.565002000  8.300000000 0.042896177600
949.590027000  8.300000000 0.042725849900
949.614990000  8.300000000 0.042574893700
949.640015000  8.300000000 0.042444359500
949.664978000  8.300000000 0.042335156400
949.690002000  8.300000000 0.042248092600
949.715027000  8.300000000 0.042183756800
949.739990000  8.300000000 0.042142566300
949.765015000  8.300000000 0.042124748200
949.789978000  8.300000000 0.042130295200
949.815002000  8.300000000 0.042158961300
949.840027000  8.300000000 0.042210243600
949.864990000  8.300000000 0.042283378500
949.890015000  8.300000000 0.042377349000
949.914978000  8.300000000 0.042490799000
949.940002000  8.300000000 0.042622167600
949.965027000  8.300000000 0.042769592300
949.989990000  8.300000000 0.042930949500
950.015015000  8.300000000 0.043103884900
950.039978000  8.300000000 0.043285779700
950.065002000  8.300000000 0.043473810000
950.090027000  8.300000000 0.043664988100
950.114990000  8.300000000 0.043856155100
950.140015000  8.300000000 0.044044029000
950.164978000  8.300000000 0.044225242000
950.190002000  8.300000000 0.044396370600
950.215027000  8.300000000 0.044553943000
950.239990000  8.300000000 0.044694505600
950.265015000  8.300000000 0.044814638800
950.289978000  8.300000000 0.044910971100
950.315002000  8.300000000 0.044980231700
950.340027000  8.300000000 0.045019239200
950.364990000  8.300000000 0.045024950100
950.390015000  8.300000000 0.044994484600
950.414978000  8.300000000 0.044925089900
950.440002000  8.300000000 0.044814214100
950.465027000  8.300000000 0.044659491600
950.489990000  8.300000000 0.044458724600
950.515015000  8.300000000 0.044209998100
950.539978000  8.300000000 0.043911524100
950.565002000  8.300000000 0.043561793900
950.590027000  8.300000000 0.043159503500
950.614990000  8.300000000 0.042703561500
950.640015000  8.300000000 0.042193103600
950.664978000  8.300000000 0.041627459200
950.690002000  8.300000000 0.041006200000
950.715027000  8.300000000 0.040329121100
950.739990000  8.300000000 0.039596188800
950.765015000  8.300000000 0.038807593300
950.789978000  8.300000000 0.037963729400
950.815002000  8.300000000 0.037065159500
950.840027000  8.300000000 0.036112658700
950.864990000  8.300000000 0.035107132000
950.890015000  8.300000000 0.034049686000
950.914978000  8.300000000 0.032941564900
950.940002000  8.300000000 0.031784158200
950.965027000  8.300000000 0.030579004400
950.989990000  8.300000000 0.029327776300
951.015015000  8.300000000 0.028032269300
951.039978000  8.300000000 0.026694396500
951.065002000  8.300000000 0.025316180700
951.090027000  8.300000000 0.023899778700
951.114990000  8.300000000 0.022447409100
951.140015000  8.300000000 0.020961435500
951.164978000  8.300000000 0.019444286800
951.190002000  8.300000000 0.017898481300
951.215027000  8.300000000 0.016326613700
951.239990000  8.300000000 0.014731357800
951.265015000  8.300000000 0.013115460100
951.289978000  8.300000000 0.011481688400
951.315002000  8.300000000 0.009832894430
951.340027000  8.300000000 0.008171940220
951.364990000  8.300000000 0.006501711440
951.390015000  8.300000000 0.004825110080
951.414978000  8.300000000 0.003145027440
951.440002000  8.300000000 0.001464320930
951.465027000  8.300000000 -0.000214166619
951.489990000  8.300000000 -0.001887638940
951.515015000  8.300000000 -0.003553367920
951.539978000  8.300000000 -0.005208673890
951.565002000  8.300000000 -0.006850953210
951.590027000  8.300000000 -0.008477665480
951.614990000  8.300000000 -0.010086312000
951.640015000  8.300000000 -0.011674502900
951.664978000  8.300000000 -0.013239883800
951.690002000  8.300000000 -0.014780169400
951.715027000  8.300000000 -0.016293115900
951.739990000  8.300000000 -0.017776560000
951.765015000  8.300000000 -0.019228363400
951.789978000  8.300000000 -0.020646477100
951.815002000  8.300000000 -0.022028835500
951.840027000  8.300000000 -0.023373460400
951.864990000  8.300000000 -0.024678377400
951.890015000  8.300000000 -0.025941688600
951.914978000  8.300000000 -0.027161527400
951.940002000  8.300000000 -0.028336040700
951.965027000  8.300000000 -0.029463514700
951.989990000  8.300000000 -0.030542183700
952.015015000  8.300000000 -0.031570393600
952.039978000  8.300000000 -0.032546561200
952.065002000  8.300000000 -0.033469229900
952.090027000  8.300000000 -0.034336961800
952.114990000  8.300000000 -0.035148505100
952.140015000  8.300000000 -0.035902701300
952.164978000  8.300000000 -0.036598552000
952.190002000  8.300000000 -0.037235219000
952.215027000  8.300000000 -0.037812035500
952.239990000  8.300000000 -0.038328491200
952.265015000  8.300000000 -0.038784313900
952.289978000  8.300000000 -0.039179358600
952.315002000  8.300000000 -0.039513751900
952.340027000  8.300000000 -0.039787832600
952.364990000  8.300000000 -0.040002152300
952.390015000  8.300000000 -0.040157515600
952.414978000  8.300000000 -0.040254972900
952.440002000  8.300000000 -0.040295817000
952.465027000  8.300000000 -0.040281631100
952.489990000  8.300000000 -0.040214218200
952.515015000  8.300000000 -0.040095649700
952.539978000  8.300000000 -0.039928227700
952.565002000  8.300000000 -0.039714504000
952.590027000  8.300000000 -0.039457239200
952.614990000  8.300000000 -0.039159379900
952.640015000  8.300000000 -0.038824077700
952.664978000  8.300000000 -0.038454614600
952.690002000  8.300000000 -0.038054458800
952.715027000  8.300000000 -0.037627182900
952.739990000  8.300000000 -0.037176445100
952.765015000  8.300000000 -0.036706019200
952.789978000  8.300000000 -0.036219686300
952.815002000  8.300000000 -0.035721305800
952.840027000  8.300000000 -0.035214714700
952.864990000  8.300000000 -0.034703742700
952.890015000  8.300000000 -0.034192193300
952.914978000  8.300000000 -0.033683776900
952.940002000  8.300000000 -0.033182147900
952.965027000  8.300000000 -0.032690815600
952.989990000  8.300000000 -0.032213151500
953.015015000  8.300000000 -0.031752347900
953.039978000  8.300000000 -0.031311444900
953.065002000  8.300000000 -0.030893232700
953.090027000  8.300000000 -0.030500264800
953.114990000  8.300000000 -0.030134862300
953.140015000  8.300000000 -0.029799033000
953.164978000  8.300000000 -0.029494518400
953.190002000  8.300000000 -0.029222741700
953.215027000  8.300000000 -0.028984809300
953.239990000  8.300000000 -0.028781488500
953.265015000  8.300000000 -0.028613237700
953.289978000  8.300000000 -0.028480151700
953.315002000  8.300000000 -0.028382023800
953.340027000  8.300000000 -0.028318325100
953.364990000  8.300000000 -0.028288204200
953.390015000  8.300000000 -0.028290525100
953.414978000  8.300000000 -0.028323886900
953.440002000  8.300000000 -0.028386633800
953.465027000  8.300000000 -0.028476875300
953.489990000  8.300000000 -0.028592532500
953.515015000  8.300000000 -0.028731325600
953.539978000  8.300000000 -0.028890855600
953.565002000  8.300000000 -0.029068570600
953.590027000  8.300000000 -0.029261786500
953.614990000  8.300000000 -0.029467767100
953.640015000  8.300000000 -0.029683636500
953.664978000  8.300000000 -0.029906498300
953.690002000  8.300000000 -0.030133398200
953.715027000  8.300000000 -0.030361343200
953.739990000  8.300000000 -0.030587343500
953.765015000  8.300000000 -0.030808400400
953.789978000  8.300000000 -0.031021533500
953.815002000  8.300000000 -0.031223801900
953.840027000  8.300000000 -0.031412337000
953.864990000  8.300000000 -0.031584326200
953.890015000  8.300000000 -0.031737051900
953.914978000  8.300000000 -0.031867932500
953.940002000  8.300000000 -0.031974498200
953.965027000  8.300000000 -0.032054435500
953.989990000  8.300000000 -0.032105572500
954.015015000  8.300000000 -0.032125935000
954.039978000  8.300000000 -0.032113712300
954.065002000  8.300000000 -0.032067302600
954.090027000  8.300000000 -0.031985316400
954.114990000  8.300000000 -0.031866595100
954.140015000  8.300000000 -0.031710196300
954.164978000  8.300000000 -0.031515449300
954.190002000  8.300000000 -0.031281933200
954.215027000  8.300000000 -0.031009519500
954.239990000  8.300000000 -0.030698314300
954.265015000  8.300000000 -0.030348751700
954.289978000  8.300000000 -0.029961498500
954.315002000  8.300000000 -0.029537517600
954.340027000  8.300000000 -0.029078019800
954.364990000  8.300000000 -0.028584491500
954.390015000  8.300000000 -0.028058655600
954.414978000  8.300000000 -0.027502438100
954.440002000  8.300000000 -0.026917981000
954.465027000  8.300000000 -0.026307590300
954.489990000  8.300000000 -0.025673687500
954.515015000  8.300000000 -0.025018809400
954.539978000  8.300000000 -0.024345528300
954.565002000  8.300000000 -0.023656446500
954.590027000  8.300000000 -0.022954132400
954.614990000  8.300000000 -0.022241076500
954.640015000  8.300000000 -0.021519674000
954.664978000  8.300000000 -0.020792154600
954.690002000  8.300000000 -0.020060595100
954.715027000  8.300000000 -0.019326841500
954.739990000  8.300000000 -0.018592510400
954.765015000  8.300000000 -0.017858954100
954.789978000  8.300000000 -0.017127249400
954.815002000  8.300000000 -0.016398185900
954.840027000  8.300000000 -0.015672249700
954.864990000  8.300000000 -0.014949612300
954.890015000  8.300000000 -0.014230155400
954.914978000  8.300000000 -0.013513469100
954.940002000  8.300000000 -0.012798866300
954.965027000  8.300000000 -0.012085398700
954.989990000  8.300000000 -0.011371916200
955.015015000  8.300000000 -0.010657053400
955.039978000  8.300000000 -0.009939307350
955.065002000  8.300000000 -0.009217047130
955.090027000  8.300000000 -0.008488561960
955.114990000  8.300000000 -0.007752111650
955.140015000  8.300000000 -0.007005934600
955.164978000  8.300000000 -0.006248315330
955.190002000  8.300000000 -0.005477602130
955.215027000  8.300000000 -0.004692247600
955.239990000  8.300000000 -0.003890825670
955.265015000  8.300000000 -0.003072061340
955.289978000  8.300000000 -0.002234859860
955.315002000  8.300000000 -0.001378318180
955.340027000  8.300000000 -0.000501737988
955.364990000  8.300000000 0.000395359239
955.390015000  8.300000000 0.001313238060
955.414978000  8.300000000 0.002251923780
955.440002000  8.300000000 0.003211226780
955.465027000  8.300000000 0.004190714560
955.489990000  8.300000000 0.005189748480
955.515015000  8.300000000 0.006207447960
955.539978000  8.300000000 0.007242715450
955.565002000  8.300000000 0.008294247090
955.590027000  8.300000000 0.009360510860
955.614990000  8.300000000 0.010439768400
955.640015000  8.300000000 0.011530075200
955.664978000  8.300000000 0.012629273300
955.690002000  8.300000000 0.013735008400
955.715027000  8.300000000 0.014844708100
955.739990000  8.300000000 0.015955595300
955.765015000  8.300000000 0.017064711100
955.789978000  8.300000000 0.018168890800
955.815002000  8.300000000 0.019264780000
955.840027000  8.300000000 0.020348861800
955.864990000  8.300000000 0.021417457600
955.890015000  8.300000000 0.022466724700
955.914978000  8.300000000 0.023492669700
955.940002000  8.300000000 0.024491179700
955.965027000  8.300000000 0.025458043400
955.989990000  8.300000000 0.026388945100
956.015015000  8.300000000 0.027279496200
956.039978000  8.300000000 0.028125271200
956.065002000  8.300000000 0.028921816500
956.090027000  8.300000000 0.029664693400
956.114990000  8.300000000 0.030349472500
956.140015000  8.300000000 0.030971797200
956.164978000  8.300000000 0.031527422400
956.190002000  8.300000000 0.032012227900
956.215027000  8.300000000 0.032422278100
956.239990000  8.300000000 0.032753847500
956.265015000  8.300000000 0.033003490400
956.289978000  8.300000000 0.033168066300
956.315002000  8.300000000 0.033244792400
956.340027000  8.300000000 0.033231280700
956.364990000  8.300000000 0.033125564500
956.390015000  8.300000000 0.032926183200
956.414978000  8.300000000 0.032632168400
956.440002000  8.300000000 0.032243076700
956.465027000  8.300000000 0.031759016200
956.489990000  8.300000000 0.031180674200
956.515015000  8.300000000 0.030509254000
956.539978000  8.300000000 0.029746573400
956.565002000  8.300000000 0.028894960900
956.590027000  8.300000000 0.027957312800
956.614990000  8.300000000 0.026937032100
956.640015000  8.300000000 0.025838002600
956.664978000  8.300000000 0.024664592000
956.690002000  8.300000000 0.023421580000
956.715027000  8.300000000 0.022114133500
956.739990000  8.300000000 0.020747806900
956.765015000  8.300000000 0.019328443300
956.789978000  8.300000000 0.017862176500
956.815002000  8.300000000 0.016355382300
956.840027000  8.300000000 0.014814621800
956.864990000  8.300000000 0.013246603300
956.890015000  8.300000000 0.011658146000
956.914978000  8.300000000 0.010056141800
956.940002000  8.300000000 0.008447499010
956.965027000  8.300000000 0.006839119360
956.989990000  8.300000000 0.005237831730
957.015015000  8.300000000 0.003650392170
957.039978000  8.300000000 0.002083418190
957.065002000  8.300000000 0.000543353206
957.090027000  8.300000000 -0.000963542610
957.114990000  8.300000000 -0.002431282310
957.140015000  8.300000000 -0.003854103150
957.164978000  8.300000000 -0.005226579030
957.190002000  8.300000000 -0.006543614900
957.215027000  8.300000000 -0.007800465920
957.239990000  8.300000000 -0.008992788380
957.265015000  8.300000000 -0.010116682400
957.289978000  8.300000000 -0.011168700600
957.315002000  8.300000000 -0.012145879700
957.340027000  8.300000000 -0.013045771000
957.364990000  8.300000000 -0.013866489800
957.390015000  8.300000000 -0.014606680700
957.414978000  8.300000000 -0.015265584000
957.440002000  8.300000000 -0.015842985400
957.465027000  8.300000000 -0.016339274100
957.489990000  8.300000000 -0.016755377900
957.515015000  8.300000000 -0.017092810900
957.539978000  8.300000000 -0.017353622200
957.565002000  8.300000000 -0.017540380400
957.590027000  8.300000000 -0.017656153100
957.614990000  8.300000000 -0.017704432800
957.640015000  8.300000000 -0.017689148000
957.664978000  8.300000000 -0.017614539700
957.690002000  8.300000000 -0.017485182700
957.715027000  8.300000000 -0.017305878900
957.739990000  8.300000000 -0.017081603400
957.765015000  8.300000000 -0.016817448700
957.789978000  8.300000000 -0.016518598400
957.815002000  8.300000000 -0.016190230800
957.840027000  8.300000000 -0.015837483100
957.864990000  8.300000000 -0.015465439300
957.890015000  8.300000000 -0.015079045700
957.914978000  8.300000000 -0.014683111600
957.940002000  8.300000000 -0.014282259200
957.965027000  8.300000000 -0.013880877800
957.989990000  8.300000000 -0.013483136900
958.015015000  8.300000000 -0.013092915500
958.039978000  8.300000000 -0.012713800200
958.065002000  8.300000000 -0.012349069100
958.090027000  8.300000000 -0.012001683900
958.114990000  8.300000000 -0.011674282100
958.140015000  8.300000000 -0.011369166000
958.164978000  8.300000000 -0.011088321900
958.190002000  8.300000000 -0.010833396600
958.215027000  8.300000000 -0.010605729200
958.239990000  8.300000000 -0.010406341400
958.265015000  8.300000000 -0.010235944800
958.289978000  8.300000000 -0.010094976100
958.315002000  8.300000000 -0.009983598250
958.340027000  8.300000000 -0.009901715440
958.364990000  8.300000000 -0.009849010970
958.390015000  8.300000000 -0.009824939070
958.414978000  8.300000000 -0.009828752840
958.440002000  8.300000000 -0.009859526530
958.465027000  8.300000000 -0.009916162120
958.489990000  8.300000000 -0.009997411630
958.515015000  8.300000000 -0.010101881800
958.539978000  8.300000000 -0.010228077900
958.565002000  8.300000000 -0.010374393300
958.590027000  8.300000000 -0.010539113500
958.614990000  8.300000000 -0.010720453200
958.640015000  8.300000000 -0.010916534800
958.664978000  8.300000000 -0.011125397900
958.690002000  8.300000000 -0.011345008400
958.715027000  8.300000000 -0.011573255100
958.739990000  8.300000000 -0.011807942800
958.765015000  8.300000000 -0.012046829800
958.789978000  8.300000000 -0.012287592500
958.815002000  8.300000000 -0.012527852300
958.840027000  8.300000000 -0.012765198900
958.864990000  8.300000000 -0.012997170000
958.890015000  8.300000000 -0.013221299300
958.914978000  8.300000000 -0.013435098300
958.940002000  8.300000000 -0.013636086100
958.965027000  8.300000000 -0.013821806800
958.989990000  8.300000000 -0.013989832300
959.015015000  8.300000000 -0.014137762600
959.039978000  8.300000000 -0.014263264800
959.065002000  8.300000000 -0.014364058200
959.090027000  8.300000000 -0.014437944600
959.114990000  8.300000000 -0.014482792500
959.140015000  8.300000000 -0.014496551800
959.164978000  8.300000000 -0.014477281800
959.190002000  8.300000000 -0.014423131900
959.215027000  8.300000000 -0.014332354100
959.239990000  8.300000000 -0.014203340700
959.265015000  8.300000000 -0.014034589800
959.289978000  8.300000000 -0.013824754400
959.315002000  8.300000000 -0.013572636100
959.340027000  8.300000000 -0.013277178600
959.364990000  8.300000000 -0.012937515000
959.390015000  8.300000000 -0.012552940300
959.414978000  8.300000000 -0.012122935600
959.440002000  8.300000000 -0.011647178800
959.465027000  8.300000000 -0.011125544100
959.489990000  8.300000000 -0.010558086400
959.515015000  8.300000000 -0.009945045230
959.539978000  8.300000000 -0.009286848830
959.565002000  8.300000000 -0.008584063500
959.590027000  8.300000000 -0.007837417540
959.614990000  8.300000000 -0.007047757040
959.640015000  8.300000000 -0.006216047330
959.664978000  8.300000000 -0.005343333350
959.690002000  8.300000000 -0.004430714990
959.715027000  8.300000000 -0.003479359900
959.739990000  8.300000000 -0.002490449230
959.765015000  8.300000000 -0.001465168320
959.789978000  8.300000000 -0.000404731574
959.815002000  8.300000000 0.000689680630
959.840027000  8.300000000 0.001816872040
959.864990000  8.300000000 0.002975657580
959.890015000  8.300000000 0.004164857790
959.914978000  8.300000000 0.005383285230
959.940002000  8.300000000 0.006629690990
959.965027000  8.300000000 0.007902813140
959.989990000  8.300000000 0.009201312440
960.015015000  8.300000000 0.010523760700
960.039978000  8.300000000 0.011868609100
960.065002000  8.300000000 0.013234171100
960.090027000  8.300000000 0.014618618400
960.114990000  8.300000000 0.016019916200
960.140015000  8.300000000 0.017435830100
960.164978000  8.300000000 0.018863903400
960.190002000  8.300000000 0.020301399800
960.215027000  8.300000000 0.021745322300
960.239990000  8.300000000 0.023192420600
960.265015000  8.300000000 0.024639137100
960.289978000  8.300000000 0.026081645900
960.315002000  8.300000000 0.027515817400
960.340027000  8.300000000 0.028937311800
960.364990000  8.300000000 0.030341507900
960.390015000  8.300000000 0.031723603600
960.414978000  8.300000000 0.033078622100
960.440002000  8.300000000 0.034401439100
960.465027000  8.300000000 0.035686813300
960.489990000  8.300000000 0.036929477000
960.515015000  8.300000000 0.038124062100
960.539978000  8.300000000 0.039265304800
960.565002000  8.300000000 0.040347944900
960.590027000  8.300000000 0.041366852800
960.614990000  8.300000000 0.042317032800
960.640015000  8.300000000 0.043193735200
960.664978000  8.300000000 0.043992400200
960.690002000  8.300000000 0.044708792100
960.715027000  8.300000000 0.045339018100
960.739990000  8.300000000 0.045879546600
960.765015000  8.300000000 0.046327218400
960.789978000  8.300000000 0.046679351500
960.815002000  8.300000000 0.046933691900
960.840027000  8.300000000 0.047088455400
960.864990000  8.300000000 0.047142345500
960.890015000  8.300000000 0.047094561200
960.914978000  8.300000000 0.046944785900
960.940002000  8.300000000 0.046693183500
960.965027000  8.300000000 0.046340409700
960.989990000  8.300000000 0.045887593200
961.015015000  8.300000000 0.045336298600
961.039978000  8.300000000 0.044688515400
961.065002000  8.300000000 0.043946638700
961.090027000  8.300000000 0.043113440300
961.114990000  8.300000000 0.042191997200
961.140015000  8.300000000 0.041185703100
961.164978000  8.300000000 0.040098220100
961.190002000  8.300000000 0.038933407500
961.215027000  8.300000000 0.037695322200
961.239990000  8.300000000 0.036388147600
961.265015000  8.300000000 0.035016182800
961.289978000  8.300000000 0.033583797500
961.315002000  8.300000000 0.032095383900
961.340027000  8.300000000 0.030555367500
961.364990000  8.300000000 0.028968120000
961.390015000  8.300000000 0.027338029800
961.414978000  8.300000000 0.025669403400
961.440002000  8.300000000 0.023966511700
961.465027000  8.300000000 0.022233547600
961.489990000  8.300000000 0.020474653700
961.515015000  8.300000000 0.018693881100
961.539978000  8.300000000 0.016895247600
961.565002000  8.300000000 0.015082677800
961.590027000  8.300000000 0.013260042300
961.614990000  8.300000000 0.011431163200
961.640015000  8.300000000 0.009599808600
961.664978000  8.300000000 0.007769709920
961.690002000  8.300000000 0.005944569600
961.715027000  8.300000000 0.004128071480
961.739990000  8.300000000 0.002323897320
961.765015000  8.300000000 0.000535726547
961.789978000  8.300000000 -0.001232757820
961.815002000  8.300000000 -0.002977862720
961.840027000  8.300000000 -0.004695878360
961.864990000  8.300000000 -0.006383078170
961.890015000  8.300000000 -0.008035718460
961.914978000  8.300000000 -0.009650033900
961.940002000  8.300000000 -0.011222239600
961.965027000  8.300000000 -0.012748540400
961.989990000  8.300000000 -0.014225134600
962.015015000  8.300000000 -0.015648210400
962.039978000  8.300000000 -0.017013972600
962.065002000  8.300000000 -0.018318660600
962.090027000  8.300000000 -0.019558539600
962.114990000  8.300000000 -0.020729955300
962.140015000  8.300000000 -0.021829314500
962.164978000  8.300000000 -0.022853151000
962.190002000  8.300000000 -0.023798108100
962.215027000  8.300000000 -0.024660985900
962.239990000  8.300000000 -0.025438770700
962.265015000  8.300000000 -0.026128642300
962.289978000  8.300000000 -0.026728007900
962.315002000  8.300000000 -0.027234520800
962.340027000  8.300000000 -0.027646100100
962.364990000  8.300000000 -0.027960954200
962.390015000  8.300000000 -0.028177611500
962.414978000  8.300000000 -0.028294907900
962.440002000  8.300000000 -0.028312047900
962.465027000  8.300000000 -0.028228549300
962.489990000  8.300000000 -0.028044330000
962.515015000  8.300000000 -0.027759684200
962.539978000  8.300000000 -0.027375275300
962.565002000  8.300000000 -0.026892179600
962.590027000  8.300000000 -0.026311874400
962.614990000  8.300000000 -0.025636229700
962.640015000  8.300000000 -0.024867506700
962.664978000  8.300000000 -0.024008328100
962.690002000  8.300000000 -0.023061705800
962.715027000  8.300000000 -0.022030990600
962.739990000  8.300000000 -0.020919857500
962.765015000  8.300000000 -0.019732276000
962.789978000  8.300000000 -0.018472503900
962.815002000  8.300000000 -0.017145043200
962.840027000  8.300000000 -0.015754615900
962.864990000  8.300000000 -0.014306115900
962.890015000  8.300000000 -0.012804606900
962.914978000  8.300000000 -0.011255252200
962.940002000  8.300000000 -0.009663311760
962.965027000  8.300000000 -0.008034098890
962.989990000  8.300000000 -0.006372941660
963.015015000  8.300000000 -0.004685197030
963.039978000  8.300000000 -0.002976180520
963.065002000  8.300000000 -0.001251165640
963.090027000  8.300000000 0.000484646676
963.114990000  8.300000000 0.002226143380
963.140015000  8.300000000 0.003968310540
963.164978000  8.300000000 0.005706292580
963.190002000  8.300000000 0.007435332050
963.215027000  8.300000000 0.009150851520
963.239990000  8.300000000 0.010848424400
963.265015000  8.300000000 0.012523787100
963.289978000  8.300000000 0.014172871600
963.315002000  8.300000000 0.015791773800
963.340027000  8.300000000 0.017376786100
963.364990000  8.300000000 0.018924372300
963.390015000  8.300000000 0.020431192600
963.414978000  8.300000000 0.021894076800
963.440002000  8.300000000 0.023310044800
963.465027000  8.300000000 0.024676291300
963.489990000  8.300000000 0.025990195600
963.515015000  8.300000000 0.027249302700
963.539978000  8.300000000 0.028451329100
963.565002000  8.300000000 0.029594142000
963.590027000  8.300000000 0.030675794900
963.614990000  8.300000000 0.031694464400
963.640015000  8.300000000 0.032648518700
963.664978000  8.300000000 0.033536456500
963.690002000  8.300000000 0.034356929400
963.715027000  8.300000000 0.035108756300
963.739990000  8.300000000 0.035790890500
963.765015000  8.300000000 0.036402467600
963.789978000  8.300000000 0.036942772600
963.815002000  8.300000000 0.037411268800
963.840027000  8.300000000 0.037807587500
963.864990000  8.300000000 0.038131490300
963.890015000  8.300000000 0.038382940000
963.914978000  8.300000000 0.038562044500
963.940002000  8.300000000 0.038669098200
963.965027000  8.300000000 0.038704507100
963.989990000  8.300000000 0.038668852300
964.015015000  8.300000000 0.038562849200
964.039978000  8.300000000 0.038387350700
964.065002000  8.300000000 0.038143359100
964.090027000  8.300000000 0.037831969600
964.114990000  8.300000000 0.037454415100
964.140015000  8.300000000 0.037012055500
964.164978000  8.300000000 0.036506347400
964.190002000  8.300000000 0.035938832900
964.215027000  8.300000000 0.035311177400
964.239990000  8.300000000 0.034625083200
964.265015000  8.300000000 0.033882342300
964.289978000  8.300000000 0.033084783700
964.315002000  8.300000000 0.032234307400
964.340027000  8.300000000 0.031332794600
964.364990000  8.300000000 0.030382176900
964.390015000  8.300000000 0.029384369000
964.414978000  8.300000000 0.028341241200
964.440002000  8.300000000 0.027254642900
964.465027000  8.300000000 0.026126373600
964.489990000  8.300000000 0.024958165400
964.515015000  8.300000000 0.023751663000
964.539978000  8.300000000 0.022508435000
964.565002000  8.300000000 0.021229945100
964.590027000  8.300000000 0.019917588700
964.614990000  8.300000000 0.018572667600
964.640015000  8.300000000 0.017196411300
964.664978000  8.300000000 0.015790009900
964.690002000  8.300000000 0.014354564200
964.715027000  8.300000000 0.012891174300
964.739990000  8.300000000 0.011400912000
964.765015000  8.300000000 0.009884828700
964.789978000  8.300000000 0.008344017900
964.815002000  8.300000000 0.006779579450
964.840027000  8.300000000 0.005192662590
964.864990000  8.300000000 0.003584479450
964.890015000  8.300000000 0.001956307330
964.914978000  8.300000000 0.000309510069
964.940002000  8.300000000 -0.001354455950
964.965027000  8.300000000 -0.003034061750
964.989990000  8.300000000 -0.004727677910
965.015015000  8.300000000 -0.006433584260
965.039978000  8.300000000 -0.008149991740
965.065002000  8.300000000 -0.009875011630
965.090027000  8.300000000 -0.011606689500
965.114990000  8.300000000 -0.013342994300
965.140015000  8.300000000 -0.015081826600
965.164978000  8.300000000 -0.016821032400
965.190002000  8.300000000 -0.018558414700
965.215027000  8.300000000 -0.020291727000
965.239990000  8.300000000 -0.022018697100
965.265015000  8.300000000 -0.023737024500
965.289978000  8.300000000 -0.025444394000
965.315002000  8.300000000 -0.027138499500
965.340027000  8.300000000 -0.028817025900
965.364990000  8.300000000 -0.030477667200
965.390015000  8.300000000 -0.032118130500
965.414978000  8.300000000 -0.033736161900
965.440002000  8.300000000 -0.035329531900
965.465027000  8.300000000 -0.036896079800
965.489990000  8.300000000 -0.038433667300
965.515015000  8.300000000 -0.039940256600
965.539978000  8.300000000 -0.041413862300
965.565002000  8.300000000 -0.042852573100
965.590027000  8.300000000 -0.044254593600
965.614990000  8.300000000 -0.045618191400
965.640015000  8.300000000 -0.046941746000
965.664978000  8.300000000 -0.048223745100
965.690002000  8.300000000 -0.049462739400
965.715027000  8.300000000 -0.050657417600
965.739990000  8.300000000 -0.051806554200
965.765015000  8.300000000 -0.052909012900
965.789978000  8.300000000 -0.053963765500
965.815002000  8.300000000 -0.054969869600
965.840027000  8.300000000 -0.055926531600
965.864990000  8.300000000 -0.056833002700
965.890015000  8.300000000 -0.057688698200
965.914978000  8.300000000 -0.058493074000
965.940002000  8.300000000 -0.059245735400
965.965027000  8.300000000 -0.059946380600
965.989990000  8.300000000 -0.060594793400
966.015015000  8.300000000 -0.061190858500
966.039978000  8.300000000 -0.061734598100
966.065002000  8.300000000 -0.062226072000
966.090027000  8.300000000 -0.062665462500
966.114990000  8.300000000 -0.063053041700
966.140015000  8.300000000 -0.063389189500
966.164978000  8.300000000 -0.063674330700
966.190002000  8.300000000 -0.063909009100
966.215027000  8.300000000 -0.064093835700
966.239990000  8.300000000 -0.064229533100
966.265015000  8.300000000 -0.064316824100
966.289978000  8.300000000 -0.064356572900
966.315002000  8.300000000 -0.064349696000
966.340027000  8.300000000 -0.064297154500
966.364990000  8.300000000 -0.064199961700
966.390015000  8.300000000 -0.064059183000
966.414978000  8.300000000 -0.063875898700
966.440002000  8.300000000 -0.063651263700
966.465027000  8.300000000 -0.063386395600
966.489990000  8.300000000 -0.063082486400
966.515015000  8.300000000 -0.062740638900
966.539978000  8.300000000 -0.062362011500
966.565002000  8.300000000 -0.061947707100
966.590027000  8.300000000 -0.061498787300
966.614990000  8.300000000 -0.061016250400
966.640015000  8.300000000 -0.060501016700
966.664978000  8.300000000 -0.059953913100
966.690002000  8.300000000 -0.059375666100
966.715027000  8.300000000 -0.058766841900
966.739990000  8.300000000 -0.058127854000
966.765015000  8.300000000 -0.057458955800
966.789978000  8.300000000 -0.056760229200
966.815002000  8.300000000 -0.056031528900
966.840027000  8.300000000 -0.055272568000
966.864990000  8.300000000 -0.054482847500
966.890015000  8.300000000 -0.053661707800
966.914978000  8.300000000 -0.052808307100
966.940002000  8.300000000 -0.051921635900
966.965027000  8.300000000 -0.051000591400
966.989990000  8.300000000 -0.050043918200
967.015015000  8.300000000 -0.049050327400
967.039978000  8.300000000 -0.048018466700
967.065002000  8.300000000 -0.046946980100
967.090027000  8.300000000 -0.045834578600
967.114990000  8.300000000 -0.044680010500
967.140015000  8.300000000 -0.043482184400
967.164978000  8.300000000 -0.042240154000
967.190002000  8.300000000 -0.040953226400
967.215027000  8.300000000 -0.039620947100
967.239990000  8.300000000 -0.038243141000
967.265015000  8.300000000 -0.036820005600
967.289978000  8.300000000 -0.035352055000
967.315002000  8.300000000 -0.033840175700
967.340027000  8.300000000 -0.032285649300
967.364990000  8.300000000 -0.030690167100
967.390015000  8.300000000 -0.029055848700
967.414978000  8.300000000 -0.027385208800
967.440002000  8.300000000 -0.025681158500
967.465027000  8.300000000 -0.023947058200
967.489990000  8.300000000 -0.022186622000
967.515015000  8.300000000 -0.020403940200
967.539978000  8.300000000 -0.018603451600
967.565002000  8.300000000 -0.016789877800
967.590027000  8.300000000 -0.014968222000
967.614990000  8.300000000 -0.013143679100
967.640015000  8.300000000 -0.011321634100
967.664978000  8.300000000 -0.009507579730
967.690002000  8.300000000 -0.007707071020
967.715027000  8.300000000 -0.005925683770
967.739990000  8.300000000 -0.004168914630
967.765015000  8.300000000 -0.002442174590
967.789978000  8.300000000 -0.000750672538
967.815002000  8.300000000 0.000900591200
967.840027000  8.300000000 0.002506892430
967.864990000  8.300000000 0.004063839560
967.890015000  8.300000000 0.005567418410
967.914978000  8.300000000 0.007014015220
967.940002000  8.300000000 0.008400456050
967.965027000  8.300000000 0.009724019100
967.989990000  8.300000000 0.010982461300
968.015015000  8.300000000 0.012174026100
968.039978000  8.300000000 0.013297418100
968.065002000  8.300000000 0.014351843900
968.090027000  8.300000000 0.015336964300
968.114990000  8.300000000 0.016252908900
968.140015000  8.300000000 0.017100231700
968.164978000  8.300000000 0.017879936800
968.190002000  8.300000000 0.018593369100
968.215027000  8.300000000 0.019242281100
968.239990000  8.300000000 0.019828748000
968.265015000  8.300000000 0.020355146400
968.289978000  8.300000000 0.020824132500
968.315002000  8.300000000 0.021238578500
968.340027000  8.300000000 0.021601581900
968.364990000  8.300000000 0.021916383900
968.390015000  8.300000000 0.022186340800
968.414978000  8.300000000 0.022414956200
968.440002000  8.300000000 0.022605745100
968.465027000  8.300000000 0.022762272500
968.489990000  8.300000000 0.022888075600
968.515015000  8.300000000 0.022986665400
968.539978000  8.300000000 0.023061467300
968.565002000  8.300000000 0.023115800700
968.590027000  8.300000000 0.023152843100
968.614990000  8.300000000 0.023175645600
968.640015000  8.300000000 0.023187054300
968.664978000  8.300000000 0.023189712300
968.690002000  8.300000000 0.023186063400
968.715027000  8.300000000 0.023178307300
968.739990000  8.300000000 0.023168383200
968.765015000  8.300000000 0.023157978400
968.789978000  8.300000000 0.023148495700
968.815002000  8.300000000 0.023141140100
968.840027000  8.300000000 0.023136733100
968.864990000  8.300000000 0.023135911700
968.890015000  8.300000000 0.023139026000
968.914978000  8.300000000 0.023146158100
968.940002000  8.300000000 0.023157134700
968.965027000  8.300000000 0.023171575700
968.989990000  8.300000000 0.023188794000
969.015015000  8.300000000 0.023207917800
969.039978000  8.300000000 0.023227855600
969.065002000  8.300000000 0.023247316500
969.090027000  8.300000000 0.023264786200
969.114990000  8.300000000 0.023278618200
969.140015000  8.300000000 0.023287022500
969.164978000  8.300000000 0.023288046900
969.190002000  8.300000000 0.023279679900
969.215027000  8.300000000 0.023259779400
969.239990000  8.300000000 0.023226173600
969.265015000  8.300000000 0.023176658900
969.289978000  8.300000000 0.023109026300
969.315002000  8.300000000 0.023021049800
969.340027000  8.300000000 0.022910567000
969.364990000  8.300000000 0.022775469300
969.390015000  8.300000000 0.022613752600
969.414978000  8.300000000 0.022423533700
969.440002000  8.300000000 0.022203052400
969.465027000  8.300000000 0.021950695700
969.489990000  8.300000000 0.021665059000
969.515015000  8.300000000 0.021344903900
969.539978000  8.300000000 0.020989200100
969.565002000  8.300000000 0.020597111400
969.590027000  8.300000000 0.020168064200
969.614990000  8.300000000 0.019701650400
969.640015000  8.300000000 0.019197750800
969.664978000  8.300000000 0.018656464300
969.690002000  8.300000000 0.018078124200
969.715027000  8.300000000 0.017463300400
969.739990000  8.300000000 0.016812827400
969.765015000  8.300000000 0.016127733500
969.789978000  8.300000000 0.015409297300
969.815002000  8.300000000 0.014659063000
969.840027000  8.300000000 0.013878740400
969.864990000  8.300000000 0.013070298400
969.890015000  8.300000000 0.012235906900
969.914978000  8.300000000 0.011377966000
969.940002000  8.300000000 0.010499052700
969.965027000  8.300000000 0.009602015840
969.989990000  8.300000000 0.008689818900
970.015015000  8.300000000 0.007765657730
970.039978000  8.300000000 0.006832886020
970.065002000  8.300000000 0.005895046520
970.090027000  8.300000000 0.004955825400
970.114990000  8.300000000 0.004019038290
970.140015000  8.300000000 0.003088671950
970.164978000  8.300000000 0.002168806970
970.190002000  8.300000000 0.001263613230
970.215027000  8.300000000 0.000377362187
970.239990000  8.300000000 -0.000485588680
970.265015000  8.300000000 -0.001320870710
970.289978000  8.300000000 -0.002124078340
970.315002000  8.300000000 -0.002890803850
970.340027000  8.300000000 -0.003616675970
970.364990000  8.300000000 -0.004297379400
970.390015000  8.300000000 -0.004928666630
970.414978000  8.300000000 -0.005506432150
970.440002000  8.300000000 -0.006026658700
970.465027000  8.300000000 -0.006485528780
970.489990000  8.300000000 -0.006879421880
970.515015000  8.300000000 -0.007204944730
970.539978000  8.300000000 -0.007458938750
970.565002000  8.300000000 -0.007638581560
970.590027000  8.300000000 -0.007741320410
970.614990000  8.300000000 -0.007764957380
970.640015000  8.300000000 -0.007707645190
970.664978000  8.300000000 -0.007567910940
970.690002000  8.300000000 -0.007344634740
970.715027000  8.300000000 -0.007037087810
970.739990000  8.300000000 -0.006644954440
970.765015000  8.300000000 -0.006168262570
970.789978000  8.300000000 -0.005607458760
970.815002000  8.300000000 -0.004963331390
970.840027000  8.300000000 -0.004237036220
970.864990000  8.300000000 -0.003430074310
970.890015000  8.300000000 -0.002544275480
970.914978000  8.300000000 -0.001581751740
970.940002000  8.300000000 -0.000544903742
970.965027000  8.300000000 0.000563609239
970.989990000  8.300000000 0.001740909760
971.015015000  8.300000000 0.002983921910
971.039978000  8.300000000 0.004289384930
971.065002000  8.300000000 0.005653894510
971.090027000  8.300000000 0.007073958400
971.114990000  8.300000000 0.008545977060
971.140015000  8.300000000 0.010066314600
971.164978000  8.300000000 0.011631303500
971.190002000  8.300000000 0.013237301300
971.215027000  8.300000000 0.014880694400
971.239990000  8.300000000 0.016557944900
971.265015000  8.300000000 0.018265524900
971.289978000  8.300000000 0.020000042400
971.315002000  8.300000000 0.021758183800
971.340027000  8.300000000 0.023536671000
971.364990000  8.300000000 0.025332346600
971.390015000  8.300000000 0.027142133600
971.414978000  8.300000000 0.028962982800
971.440002000  8.300000000 0.030791951300
971.465027000  8.300000000 0.032626140900
971.489990000  8.300000000 0.034462712700
971.515015000  8.300000000 0.036298811400
971.539978000  8.300000000 0.038131650500
971.565002000  8.300000000 0.039958447200
971.590027000  8.300000000 0.041776455900
971.614990000  8.300000000 0.043582879000
971.640015000  8.300000000 0.045374985800
971.664978000  8.300000000 0.047150015800
971.690002000  8.300000000 0.048905275800
971.715027000  8.300000000 0.050638042400
971.739990000  8.300000000 0.052345749000
971.765015000  8.300000000 0.054025799000
971.789978000  8.300000000 0.055675782300
971.815002000  8.300000000 0.057293351700
971.840027000  8.300000000 0.058876246200
971.864990000  8.300000000 0.060422450300
971.890015000  8.300000000 0.061930012000
971.914978000  8.300000000 0.063397280900
971.940002000  8.300000000 0.064822673800
971.965027000  8.300000000 0.066204905500
971.989990000  8.300000000 0.067542910600
972.015015000  8.300000000 0.068835794900
972.039978000  8.300000000 0.070082940200
972.065002000  8.300000000 0.071283914100
972.090027000  8.300000000 0.072438523200
972.114990000  8.300000000 0.073546730000
972.140015000  8.300000000 0.074608691000
972.164978000  8.300000000 0.075624719300
972.190002000  8.300000000 0.076595231900
972.215027000  8.300000000 0.077520757900
972.239990000  8.300000000 0.078401915700
972.265015000  8.300000000 0.079239361000
972.289978000  8.300000000 0.080033816400
972.315002000  8.300000000 0.080785967400
972.340027000  8.300000000 0.081496551600
972.364990000  8.300000000 0.082166306700
972.390015000  8.300000000 0.082795925400
972.414978000  8.300000000 0.083386138100
972.440002000  8.300000000 0.083937659900
972.465027000  8.300000000 0.084451176200
972.489990000  8.300000000 0.084927447100
972.515015000  8.300000000 0.085367225100
972.539978000  8.300000000 0.085771270100
972.565002000  8.300000000 0.086140319700
972.590027000  8.300000000 0.086475245700
972.614990000  8.300000000 0.086776830300
972.640015000  8.300000000 0.087046019700
972.664978000  8.300000000 0.087283633600
972.690002000  8.300000000 0.087490581000
972.715027000  8.300000000 0.087667778100
972.739990000  8.300000000 0.087816081900
972.765015000  8.300000000 0.087936371600
972.789978000  8.300000000 0.088029496400
972.815002000  8.300000000 0.088096246100
972.840027000  8.300000000 0.088137418000
972.864990000  8.300000000 0.088153757200
972.890015000  8.300000000 0.088145963800
972.914978000  8.300000000 0.088114708700
972.940002000  8.300000000 0.088060587600
972.965027000  8.300000000 0.087984144700
972.989990000  8.300000000 0.087885960900
973.015015000  8.300000000 0.087766461100
973.039978000  8.300000000 0.087626077200
973.065002000  8.300000000 0.087465211700
973.090027000  8.300000000 0.087284185000
973.114990000  8.300000000 0.087083369500
973.140015000  8.300000000 0.086863100500
973.164978000  8.300000000 0.086623713400
973.190002000  8.300000000 0.086365573100
973.215027000  8.300000000 0.086089082100
973.239990000  8.300000000 0.085794679800
973.265015000  8.300000000 0.085482828300
973.289978000  8.300000000 0.085154041600
973.315002000  8.300000000 0.084808871200
973.340027000  8.300000000 0.084447905400
973.364990000  8.300000000 0.084071762900
973.390015000  8.300000000 0.083681128900
973.414978000  8.300000000 0.083276636900
973.440002000  8.300000000 0.082858927500
973.465027000  8.300000000 0.082428745900
973.489990000  8.300000000 0.081986628500
973.515015000  8.300000000 0.081533245700
973.539978000  8.300000000 0.081069089500
973.565002000  8.300000000 0.080594606700
973.590027000  8.300000000 0.080110177400
973.614990000  8.300000000 0.079616062300
973.640015000  8.300000000 0.079112395600
973.664978000  8.300000000 0.078599192200
973.690002000  8.300000000 0.078076340300
973.715027000  8.300000000 0.077543571600
973.739990000  8.300000000 0.077000506200
973.765015000  8.300000000 0.076446630100
973.789978000  8.300000000 0.075881235300
973.815002000  8.300000000 0.075303629000
973.840027000  8.300000000 0.074712909800
973.864990000  8.300000000 0.074108168500
973.890015000  8.300000000 0.073488414300
973.914978000  8.300000000 0.072852641300
973.940002000  8.300000000 0.072199866200
973.965027000  8.300000000 0.071529105300
973.989990000  8.300000000 0.070839442300
974.015015000  8.300000000 0.070130057600
974.039978000  8.300000000 0.069400213700
974.065002000  8.300000000 0.068649284500
974.090027000  8.300000000 0.067876808300
974.114990000  8.300000000 0.067082427400
974.140015000  8.300000000 0.066266000300
974.164978000  8.300000000 0.065427519400
974.190002000  8.300000000 0.064567185900
974.215027000  8.300000000 0.063685357600
974.239990000  8.300000000 0.062782645200
974.265015000  8.300000000 0.061859861000
974.289978000  8.300000000 0.060917947400
974.315002000  8.300000000 0.059958096600
974.340027000  8.300000000 0.058981739000
974.364990000  8.300000000 0.057990405700
974.390015000  8.300000000 0.056985892400
974.414978000  8.300000000 0.055970113700
974.440002000  8.300000000 0.054945204400
974.465027000  8.300000000 0.053913425700
974.489990000  8.300000000 0.052877225000
974.515015000  8.300000000 0.051839139300
974.539978000  8.300000000 0.050801843400
974.565002000  8.300000000 0.049768146100
974.590027000  8.300000000 0.048740889900
974.614990000  8.300000000 0.047723032500
974.640015000  8.300000000 0.046717587900
974.664978000  8.300000000 0.045727558400
974.690002000  8.300000000 0.044755987800
974.715027000  8.300000000 0.043805908400
974.739990000  8.300000000 0.042880300400
974.765015000  8.300000000 0.041982084500
974.789978000  8.300000000 0.041114058300
974.815002000  8.300000000 0.040278941400
974.840027000  8.300000000 0.039479300400
974.864990000  8.300000000 0.038717512000
974.890015000  8.300000000 0.037995807800
974.914978000  8.300000000 0.037316180800
974.940002000  8.300000000 0.036680400400
974.965027000  8.300000000 0.036089975400
974.989990000  8.300000000 0.035546135200
975.015015000  8.300000000 0.035049878100
975.039978000  8.300000000 0.034601863500
975.065002000  8.300000000 0.034202452700
975.090027000  8.300000000 0.033851731600
975.114990000  8.300000000 0.033549491300
975.140015000  8.300000000 0.033295203000
975.164978000  8.300000000 0.033088091800
975.190002000  8.300000000 0.032927118200
975.215027000  8.300000000 0.032811008400
975.239990000  8.300000000 0.032738294500
975.265015000  8.300000000 0.032707307500
975.289978000  8.300000000 0.032716251900
975.315002000  8.300000000 0.032763220400
975.340027000  8.300000000 0.032846212400
975.364990000  8.300000000 0.032963212600
975.390015000  8.300000000 0.033112146000
975.414978000  8.300000000 0.033290993400
975.440002000  8.300000000 0.033497765700
975.465027000  8.300000000 0.033730518100
975.489990000  8.300000000 0.033987414100
975.515015000  8.300000000 0.034266680500
975.539978000  8.300000000 0.034566640900
975.565002000  8.300000000 0.034885715700
975.590027000  8.300000000 0.035222377600
975.614990000  8.300000000 0.035575211000
975.640015000  8.300000000 0.035942815200
975.664978000  8.300000000 0.036323845400
975.690002000  8.300000000 0.036716949200
975.715027000  8.300000000 0.037120781800
975.739990000  8.300000000 0.037533935200
975.765015000  8.300000000 0.037954963700
975.789978000  8.300000000 0.038382336500
975.815002000  8.300000000 0.038814403100
975.840027000  8.300000000 0.039249409000
975.864990000  8.300000000 0.039685428100
975.890015000  8.300000000 0.040120411700
975.914978000  8.300000000 0.040552109500
975.940002000  8.300000000 0.040978133700
975.965027000  8.300000000 0.041395898900
975.989990000  8.300000000 0.041802644700
976.015015000  8.300000000 0.042195405800
976.039978000  8.300000000 0.042571079000
976.065002000  8.300000000 0.042926393400
976.090027000  8.300000000 0.043257921900
976.114990000  8.300000000 0.043562084400
976.140015000  8.300000000 0.043835226400
976.164978000  8.300000000 0.044073559300
976.190002000  8.300000000 0.044273253500
976.215027000  8.300000000 0.044430412400
976.239990000  8.300000000 0.044541109400
976.265015000  8.300000000 0.044601462800
976.289978000  8.300000000 0.044607568500
976.315002000  8.300000000 0.044555615600
976.340027000  8.300000000 0.044441875100
976.364990000  8.300000000 0.044262711000
976.390015000  8.300000000 0.044014643900
976.414978000  8.300000000 0.043694376900
976.440002000  8.300000000 0.043298784600
976.465027000  8.300000000 0.042824946300
976.489990000  8.300000000 0.042270246900
976.515015000  8.300000000 0.041632242500
976.539978000  8.300000000 0.040908835800
976.565002000  8.300000000 0.040098190300
976.590027000  8.300000000 0.039198793500
976.614990000  8.300000000 0.038209427100
976.640015000  8.300000000 0.037129212200
976.664978000  8.300000000 0.035957597200
976.690002000  8.300000000 0.034694343800
976.715027000  8.300000000 0.033339589800
976.739990000  8.300000000 0.031893778600
976.765015000  8.300000000 0.030357718500
976.789978000  8.300000000 0.028732543800
976.815002000  8.300000000 0.027019739200
976.840027000  8.300000000 0.025221103800
976.864990000  8.300000000 0.023338800300
976.890015000  8.300000000 0.021375281700
976.914978000  8.300000000 0.019333360700
976.940002000  8.300000000 0.017216131100
976.965027000  8.300000000 0.015027006200
976.989990000  8.300000000 0.012769709300
977.015015000  8.300000000 0.010448263000
977.039978000  8.300000000 0.008066975510
977.065002000  8.300000000 0.005630436350
977.090027000  8.300000000 0.003143512640
977.114990000  8.300000000 0.000611315598
977.140015000  8.300000000 -0.001960836120
977.164978000  8.300000000 -0.004567414520
977.190002000  8.300000000 -0.007202713280
977.215027000  8.300000000 -0.009860925380
977.239990000  8.300000000 -0.012536120600
977.265015000  8.300000000 -0.015222326900
977.289978000  8.300000000 -0.017913546400
977.315002000  8.300000000 -0.020603815100
977.340027000  8.300000000 -0.023287238600
977.364990000  8.300000000 -0.025958025800
977.390015000  8.300000000 -0.028610553600
977.414978000  8.300000000 -0.031239401500
977.440002000  8.300000000 -0.033839408300
977.465027000  8.300000000 -0.036405678800
977.489990000  8.300000000 -0.038933664600
977.515015000  8.300000000 -0.041419185700
977.539978000  8.300000000 -0.043858457400
977.565002000  8.300000000 -0.046248130500
977.590027000  8.300000000 -0.048585306900
977.614990000  8.300000000 -0.050867579900
977.640015000  8.300000000 -0.053093049700
977.664978000  8.300000000 -0.055260367700
977.690002000  8.300000000 -0.057368662200
977.715027000  8.300000000 -0.059417631500
977.739990000  8.300000000 -0.061407513900
977.765015000  8.300000000 -0.063339039700
977.789978000  8.300000000 -0.065213479100
977.815002000  8.300000000 -0.067032583100
977.840027000  8.300000000 -0.068798564400
977.864990000  8.300000000 -0.070514075500
977.890015000  8.300000000 -0.072182171000
977.914978000  8.300000000 -0.073806241200
977.940002000  8.300000000 -0.075390026000
977.965027000  8.300000000 -0.076937541400
977.989990000  8.300000000 -0.078452967100
978.015015000  8.300000000 -0.079940743700
978.039978000  8.300000000 -0.081405371400
978.065002000  8.300000000 -0.082851491900
978.090027000  8.300000000 -0.084283754200
978.114990000  8.300000000 -0.085706792800
978.140015000  8.300000000 -0.087125226900
978.164978000  8.300000000 -0.088543623700
978.190002000  8.300000000 -0.089966319500
978.215027000  8.300000000 -0.091397665400
978.239990000  8.300000000 -0.092841781700
978.265015000  8.300000000 -0.094302557400
978.289978000  8.300000000 -0.095783740300
978.315002000  8.300000000 -0.097288839500
978.340027000  8.300000000 -0.098821081200
978.364990000  8.300000000 -0.100383513000
978.390015000  8.300000000 -0.101978883000
978.414978000  8.300000000 -0.103609659000
978.440002000  8.300000000 -0.105278067000
978.465027000  8.300000000 -0.106986068000
978.489990000  8.300000000 -0.108735293000
978.515015000  8.300000000 -0.110527091000
978.539978000  8.300000000 -0.112362549000
978.565002000  8.300000000 -0.114242442000
978.590027000  8.300000000 -0.116167210000
978.614990000  8.300000000 -0.118137099000
978.640015000  8.300000000 -0.120151967000
978.664978000  8.300000000 -0.122211508000
978.690002000  8.300000000 -0.124315031000
978.715027000  8.300000000 -0.126461655000
978.739990000  8.300000000 -0.128650203000
978.765015000  8.300000000 -0.130879283000
978.789978000  8.300000000 -0.133147210000
978.815002000  8.300000000 -0.135452151000
978.840027000  8.300000000 -0.137792036000
978.864990000  8.300000000 -0.140164614000
978.890015000  8.300000000 -0.142567515000
978.914978000  8.300000000 -0.144998163000
978.940002000  8.300000000 -0.147453919000
978.965027000  8.300000000 -0.149932072000
978.989990000  8.300000000 -0.152429834000
979.015015000  8.300000000 -0.154944345000
979.039978000  8.300000000 -0.157472804000
979.065002000  8.300000000 -0.160012379000
979.090027000  8.300000000 -0.162560180000
979.114990000  8.300000000 -0.165113568000
979.140015000  8.300000000 -0.167669818000
979.164978000  8.300000000 -0.170226455000
979.190002000  8.300000000 -0.172781080000
979.215027000  8.300000000 -0.175331369000
979.239990000  8.300000000 -0.177875400000
979.265015000  8.300000000 -0.180411279000
979.289978000  8.300000000 -0.182937473000
979.315002000  8.300000000 -0.185452610000
979.340027000  8.300000000 -0.187955603000
979.364990000  8.300000000 -0.190445751000
979.390015000  8.300000000 -0.192922473000
979.414978000  8.300000000 -0.195385605000
979.440002000  8.300000000 -0.197835252000
979.465027000  8.300000000 -0.200271919000
979.489990000  8.300000000 -0.202696279000
979.515015000  8.300000000 -0.205109596000
979.539978000  8.300000000 -0.207513213000
979.565002000  8.300000000 -0.209908962000
979.590027000  8.300000000 -0.212299019000
979.614990000  8.300000000 -0.214685827000
979.640015000  8.300000000 -0.217072263000
979.664978000  8.300000000 -0.219461486000
979.690002000  8.300000000 -0.221856907000
979.715027000  8.300000000 -0.224262521000
979.739990000  8.300000000 -0.226682290000
979.765015000  8.300000000 -0.229120687000
979.789978000  8.300000000 -0.231582478000
979.815002000  8.300000000 -0.234072581000
979.840027000  8.300000000 -0.236596301000
979.864990000  8.300000000 -0.239158794000
979.890015000  8.300000000 -0.241765812000
979.914978000  8.300000000 -0.244422868000
979.940002000  8.300000000 -0.247135729000
979.965027000  8.300000000 -0.249910027000
979.989990000  8.300000000 -0.252751529000
980.015015000  8.300000000 -0.255665720000
980.039978000  8.300000000 -0.258658111000
980.065002000  8.300000000 -0.261733890000
980.090027000  8.300000000 -0.264898121000
980.114990000  8.300000000 -0.268155575000
980.140015000  8.300000000 -0.271510571000
980.164978000  8.300000000 -0.274967372000
980.190002000  8.300000000 -0.278529435000
980.215027000  8.300000000 -0.282200366000
980.239990000  8.300000000 -0.285982817000
980.265015000  8.300000000 -0.289879382000
980.289978000  8.300000000 -0.293891877000
980.315002000  8.300000000 -0.298021883000
980.340027000  8.300000000 -0.302270323000
980.364990000  8.300000000 -0.306637645000
980.390015000  8.300000000 -0.311123878000
980.414978000  8.300000000 -0.315728426000
980.440002000  8.300000000 -0.320450157000
980.465027000  8.300000000 -0.325287521000
980.489990000  8.300000000 -0.330238312000
980.515015000  8.300000000 -0.335299969000
980.539978000  8.300000000 -0.340469271000
980.565002000  8.300000000 -0.345742702000
980.590027000  8.300000000 -0.351116091000
980.614990000  8.300000000 -0.356584936000
980.640015000  8.300000000 -0.362144142000
980.664978000  8.300000000 -0.367788523000
980.690002000  8.300000000 -0.373512149000
980.715027000  8.300000000 -0.379308909000
980.739990000  8.300000000 -0.385172188000
980.765015000  8.300000000 -0.391095251000
980.789978000  8.300000000 -0.397070915000
980.815002000  8.300000000 -0.403091878000
980.840027000  8.300000000 -0.409150451000
980.864990000  8.300000000 -0.415238708000
980.890015000  8.300000000 -0.421348751000
980.914978000  8.300000000 -0.427472204000
980.940002000  8.300000000 -0.433600634000
980.965027000  8.300000000 -0.439725578000
980.989990000  8.300000000 -0.445838422000
981.015015000  8.300000000 -0.451930225000
981.039978000  8.300000000 -0.457992107000
981.065002000  8.300000000 -0.464015305000
981.090027000  8.300000000 -0.469990522000
981.114990000  8.300000000 -0.475909054000
981.140015000  8.300000000 -0.481761605000
981.164978000  8.300000000 -0.487539291000
981.190002000  8.300000000 -0.493232906000
981.215027000  8.300000000 -0.498833537000
981.239990000  8.300000000 -0.504332185000
981.265015000  8.300000000 -0.509720206000
981.289978000  8.300000000 -0.514988780000
981.315002000  8.300000000 -0.520129025000
981.340027000  8.300000000 -0.525132835000
981.364990000  8.300000000 -0.529991686000
981.390015000  8.300000000 -0.534697473000
981.414978000  8.300000000 -0.539242268000
981.440002000  8.300000000 -0.543618262000
981.465027000  8.300000000 -0.547817707000
981.489990000  8.300000000 -0.551833153000
981.515015000  8.300000000 -0.555657327000
981.539978000  8.300000000 -0.559283137000
981.565002000  8.300000000 -0.562703669000
981.590027000  8.300000000 -0.565911889000
981.614990000  8.300000000 -0.568901300000
981.640015000  8.300000000 -0.571665406000
981.664978000  8.300000000 -0.574197590000
981.690002000  8.300000000 -0.576491773000
981.715027000  8.300000000 -0.578541696000
981.739990000  8.300000000 -0.580341399000
981.765015000  8.300000000 -0.581884980000
981.789978000  8.300000000 -0.583166659000
981.815002000  8.300000000 -0.584180772000
981.840027000  8.300000000 -0.584921658000
981.864990000  8.300000000 -0.585383952000
981.890015000  8.300000000 -0.585562527000
981.914978000  8.300000000 -0.585452020000
981.940002000  8.300000000 -0.585047603000
981.965027000  8.300000000 -0.584344447000
981.989990000  8.300000000 -0.583337724000
982.015015000  8.300000000 -0.582023144000
982.039978000  8.300000000 -0.580396175000
982.065002000  8.300000000 -0.578452706000
982.090027000  8.300000000 -0.576188684000
982.114990000  8.300000000 -0.573600531000
982.140015000  8.300000000 -0.570684195000
982.164978000  8.300000000 -0.567436457000
982.190002000  8.300000000 -0.563854098000
982.215027000  8.300000000 -0.559933722000
982.239990000  8.300000000 -0.555672646000
982.265015000  8.300000000 -0.551068127000
982.289978000  8.300000000 -0.546117604000
982.315002000  8.300000000 -0.540818751000
982.340027000  8.300000000 -0.535169542000
982.364990000  8.300000000 -0.529167891000
982.390015000  8.300000000 -0.522811890000
982.414978000  8.300000000 -0.516100466000
982.440002000  8.300000000 -0.509031832000
982.465027000  8.300000000 -0.501605093000
982.489990000  8.300000000 -0.493819207000
982.515015000  8.300000000 -0.485673487000
982.539978000  8.300000000 -0.477167368000
982.565002000  8.300000000 -0.468300641000
982.590027000  8.300000000 -0.459073067000
982.614990000  8.300000000 -0.449484915000
982.640015000  8.300000000 -0.439536422000
982.664978000  8.300000000 -0.429228276000
982.690002000  8.300000000 -0.418561220000
982.715027000  8.300000000 -0.407536298000
982.739990000  8.300000000 -0.396154851000
982.765015000  8.300000000 -0.384418398000
982.789978000  8.300000000 -0.372328728000
982.815002000  8.300000000 -0.359887838000
982.840027000  8.300000000 -0.347098172000
982.864990000  8.300000000 -0.333962411000
982.890015000  8.300000000 -0.320483476000
982.914978000  8.300000000 -0.306664854000
982.940002000  8.300000000 -0.292510182000
982.965027000  8.300000000 -0.278023541000
982.989990000  8.300000000 -0.263209522000
983.015015000  8.300000000 -0.248073012000
983.039978000  8.300000000 -0.232619330000
983.065002000  8.300000000 -0.216854319000
983.090027000  8.300000000 -0.200784221000
983.114990000  8.300000000 -0.184415922000
983.140015000  8.300000000 -0.167756528000
983.164978000  8.300000000 -0.150813907000
983.190002000  8.300000000 -0.133596256000
983.215027000  8.300000000 -0.116112396000
983.239990000  8.300000000 -0.098371632400
983.265015000  8.300000000 -0.080383755300
983.289978000  8.300000000 -0.062159087500
983.315002000  8.300000000 -0.043708469700
983.340027000  8.300000000 -0.025043170900
983.364990000  8.300000000 -0.006174951790
983.390015000  8.300000000 0.012884019900
983.414978000  8.300000000 0.032121192700
983.440002000  8.300000000 0.051523663100
983.465027000  8.300000000 0.071078226000
983.489990000  8.300000000 0.090771414300
983.515015000  8.300000000 0.110589527000
983.539978000  8.300000000 0.130518794000
983.565002000  8.300000000 0.150545135000
983.590027000  8.300000000 0.170654610000
983.614990000  8.300000000 0.190833077000
983.640015000  8.300000000 0.211066514000
983.664978000  8.300000000 0.231340870000
983.690002000  8.300000000 0.251642317000
983.715027000  8.300000000 0.271956891000
983.739990000  8.300000000 0.292271167000
983.765015000  8.300000000 0.312571615000
983.789978000  8.300000000 0.332845032000
983.815002000  8.300000000 0.353078544000
983.840027000  8.300000000 0.373259366000
983.864990000  8.300000000 0.393375218000
983.890015000  8.300000000 0.413413882000
983.914978000  8.300000000 0.433363587000
983.940002000  8.300000000 0.453212559000
983.965027000  8.300000000 0.472949952000
983.989990000  8.300000000 0.492564440000
984.015015000  8.300000000 0.512045205000
984.039978000  8.300000000 0.531382084000
984.065002000  8.300000000 0.550564826000
984.090027000  8.300000000 0.569583178000
984.114990000  8.300000000 0.588427603000
984.140015000  8.300000000 0.607088447000
984.164978000  8.300000000 0.625556171000
984.190002000  8.300000000 0.643821657000
984.215027000  8.300000000 0.661875665000
984.239990000  8.300000000 0.679709256000
984.265015000  8.300000000 0.697313368000
984.289978000  8.300000000 0.714679062000
984.315002000  8.300000000 0.731797576000
984.340027000  8.300000000 0.748660028000
984.364990000  8.300000000 0.765257359000
984.390015000  8.300000000 0.781580567000
984.414978000  8.300000000 0.797620773000
984.440002000  8.300000000 0.813368678000
984.465027000  8.300000000 0.828814864000
984.489990000  8.300000000 0.843950331000
984.515015000  8.300000000 0.858765125000
984.539978000  8.300000000 0.873249531000
984.565002000  8.300000000 0.887393713000
984.590027000  8.300000000 0.901187658000
984.614990000  8.300000000 0.914620936000
984.640015000  8.300000000 0.927683234000
984.664978000  8.300000000 0.940364063000
984.690002000  8.300000000 0.952652454000
984.715027000  8.300000000 0.964537978000
984.739990000  8.300000000 0.976009727000
984.765015000  8.300000000 0.987056494000
984.789978000  8.300000000 0.997667551000
984.815002000  8.300000000 1.007831810000
984.840027000  8.300000000 1.017538550000
984.864990000  8.300000000 1.026776910000
984.890015000  8.300000000 1.035535930000
984.914978000  8.300000000 1.043805240000
984.940002000  8.300000000 1.051574590000
984.965027000  8.300000000 1.058833720000
984.989990000  8.300000000 1.065572620000
985.015015000  8.300000000 1.071782110000
985.039978000  8.300000000 1.077452900000
985.065002000  8.300000000 1.082575920000
985.090027000  8.300000000 1.087142940000
985.114990000  8.300000000 1.091146110000
985.140015000  8.300000000 1.094577910000
985.164978000  8.300000000 1.097431420000
985.190002000  8.300000000 1.099700210000
985.215027000  8.300000000 1.101379040000
985.239990000  8.300000000 1.102462290000
985.265015000  8.300000000 1.102945450000
985.289978000  8.300000000 1.102825160000
985.315002000  8.300000000 1.102098580000
985.340027000  8.300000000 1.100762960000
985.364990000  8.300000000 1.098817470000
985.390015000  8.300000000 1.096261260000
985.414978000  8.300000000 1.093094830000
985.440002000  8.300000000 1.089319350000
985.465027000  8.300000000 1.084937100000
985.489990000  8.300000000 1.079951050000
985.515015000  8.300000000 1.074365380000
985.539978000  8.300000000 1.068184850000
985.565002000  8.300000000 1.061415670000
985.590027000  8.300000000 1.054064510000
985.614990000  8.300000000 1.046139240000
985.640015000  8.300000000 1.037648800000
985.664978000  8.300000000 1.028602720000
985.690002000  8.300000000 1.019011380000
985.715027000  8.300000000 1.008886340000
985.739990000  8.300000000 0.998240292000
985.765015000  8.300000000 0.987085283000
985.789978000  8.300000000 0.975435495000
985.815002000  8.300000000 0.963305652000
985.840027000  8.300000000 0.950710535000
985.864990000  8.300000000 0.937665522000
985.890015000  8.300000000 0.924186885000
985.914978000  8.300000000 0.910291195000
985.940002000  8.300000000 0.895995498000
985.965027000  8.300000000 0.881316960000
985.989990000  8.300000000 0.866273046000
986.015015000  8.300000000 0.850881815000
986.039978000  8.300000000 0.835160971000
986.065002000  8.300000000 0.819128633000
986.090027000  8.300000000 0.802802801000
986.114990000  8.300000000 0.786201656000
986.140015000  8.300000000 0.769343019000
986.164978000  8.300000000 0.752245188000
986.190002000  8.300000000 0.734925866000
986.215027000  8.300000000 0.717402577000
986.239990000  8.300000000 0.699693263000
986.265015000  8.300000000 0.681814790000
986.289978000  8.300000000 0.663784742000
986.315002000  8.300000000 0.645619750000
986.340027000  8.300000000 0.627336681000
986.364990000  8.300000000 0.608952045000
986.390015000  8.300000000 0.590481937000
986.414978000  8.300000000 0.571942568000
986.440002000  8.300000000 0.553349555000
986.465027000  8.300000000 0.534718573000
986.489990000  8.300000000 0.516065001000
986.515015000  8.300000000 0.497403920000
986.539978000  8.300000000 0.478750110000
986.565002000  8.300000000 0.460118085000
986.590027000  8.300000000 0.441522032000
986.614990000  8.300000000 0.422976047000
986.640015000  8.300000000 0.404493660000
986.664978000  8.300000000 0.386088192000
986.690002000  8.300000000 0.367772728000
986.715027000  8.300000000 0.349559814000
986.739990000  8.300000000 0.331461549000
986.765015000  8.300000000 0.313490003000
986.789978000  8.300000000 0.295656592000
986.815002000  8.300000000 0.277972400000
986.840027000  8.300000000 0.260448247000
986.864990000  8.300000000 0.243094489000
986.890015000  8.300000000 0.225921050000
986.914978000  8.300000000 0.208937541000
986.940002000  8.300000000 0.192153260000
986.965027000  8.300000000 0.175577044000
986.989990000  8.300000000 0.159217402000
987.015015000  8.300000000 0.143082604000
987.039978000  8.300000000 0.127180457000
987.065002000  8.300000000 0.111518562000
987.090027000  8.300000000 0.096104197200
987.114990000  8.300000000 0.080944337000
987.140015000  8.300000000 0.066045753700
987.164978000  8.300000000 0.051414877200
987.190002000  8.300000000 0.037057954800
987.215027000  8.300000000 0.022980881900
987.239990000  8.300000000 0.009189384060
987.265015000  8.300000000 -0.004311182070
987.289978000  8.300000000 -0.017515691000
987.315002000  8.300000000 -0.030419381300
987.340027000  8.300000000 -0.043017793400
987.364990000  8.300000000 -0.055306874200
987.390015000  8.300000000 -0.067282922600
987.414978000  8.300000000 -0.078942693800
987.440002000  8.300000000 -0.090283416200
987.465027000  8.300000000 -0.101302855000
987.489990000  8.300000000 -0.111999266000
987.515015000  8.300000000 -0.122371465000
987.539978000  8.300000000 -0.132419050000
987.565002000  8.300000000 -0.142142102000
987.590027000  8.300000000 -0.151541457000
987.614990000  8.300000000 -0.160618693000
987.640015000  8.300000000 -0.169376105000
987.664978000  8.300000000 -0.177816719000
987.690002000  8.300000000 -0.185944304000
987.715027000  8.300000000 -0.193763375000
987.739990000  8.300000000 -0.201279268000
987.765015000  8.300000000 -0.208497912000
987.789978000  8.300000000 -0.215426087000
987.815002000  8.300000000 -0.222071156000
987.840027000  8.300000000 -0.228441238000
987.864990000  8.300000000 -0.234544963000
987.890015000  8.300000000 -0.240391627000
987.914978000  8.300000000 -0.245991081000
987.940002000  8.300000000 -0.251353711000
987.965027000  8.300000000 -0.256490260000
987.989990000  8.300000000 -0.261412114000
988.015015000  8.300000000 -0.266130835000
988.039978000  8.300000000 -0.270658374000
988.065002000  8.300000000 -0.275007010000
988.090027000  8.300000000 -0.279189169000
988.114990000  8.300000000 -0.283217549000
988.140015000  8.300000000 -0.287104845000
988.164978000  8.300000000 -0.290863723000
988.190002000  8.300000000 -0.294506997000
988.215027000  8.300000000 -0.298047274000
988.239990000  8.300000000 -0.301496953000
988.265015000  8.300000000 -0.304868370000
988.289978000  8.300000000 -0.308173388000
988.315002000  8.300000000 -0.311423659000
988.340027000  8.300000000 -0.314630270000
988.364990000  8.300000000 -0.317803949000
988.390015000  8.300000000 -0.320954859000
988.414978000  8.300000000 -0.324092478000
988.440002000  8.300000000 -0.327225745000
988.465027000  8.300000000 -0.330362886000
988.489990000  8.300000000 -0.333511293000
988.515015000  8.300000000 -0.336677700000
988.539978000  8.300000000 -0.339867979000
988.565002000  8.300000000 -0.343087107000
988.590027000  8.300000000 -0.346339285000
988.614990000  8.300000000 -0.349627823000
988.640015000  8.300000000 -0.352955103000
988.664978000  8.300000000 -0.356322676000
988.690002000  8.300000000 -0.359731048000
988.715027000  8.300000000 -0.363180071000
988.739990000  8.300000000 -0.366668671000
988.765015000  8.300000000 -0.370194733000
988.789978000  8.300000000 -0.373755485000
988.815002000  8.300000000 -0.377347171000
988.840027000  8.300000000 -0.380965471000
988.864990000  8.300000000 -0.384605229000
988.890015000  8.300000000 -0.388260394000
988.914978000  8.300000000 -0.391924351000
988.940002000  8.300000000 -0.395589650000
988.965027000  8.300000000 -0.399248570000
988.989990000  8.300000000 -0.402892292000
989.015015000  8.300000000 -0.406511724000
989.039978000  8.300000000 -0.410097152000
989.065002000  8.300000000 -0.413638502000
989.090027000  8.300000000 -0.417125136000
989.114990000  8.300000000 -0.420545995000
989.140015000  8.300000000 -0.423889726000
989.164978000  8.300000000 -0.427144825000
989.190002000  8.300000000 -0.430299461000
989.215027000  8.300000000 -0.433341563000
989.239990000  8.300000000 -0.436259359000
989.265015000  8.300000000 -0.439040482000
989.289978000  8.300000000 -0.441673070000
989.315002000  8.300000000 -0.444145292000
989.340027000  8.300000000 -0.446445376000
989.364990000  8.300000000 -0.448561996000
989.390015000  8.300000000 -0.450483888000
989.414978000  8.300000000 -0.452200592000
989.440002000  8.300000000 -0.453701854000
989.465027000  8.300000000 -0.454977870000
989.489990000  8.300000000 -0.456019849000
989.515015000  8.300000000 -0.456819206000
989.539978000  8.300000000 -0.457368463000
989.565002000  8.300000000 -0.457660705000
989.590027000  8.300000000 -0.457690120000
989.614990000  8.300000000 -0.457451373000
989.640015000  8.300000000 -0.456940413000
989.664978000  8.300000000 -0.456153959000
989.690002000  8.300000000 -0.455089539000
989.715027000  8.300000000 -0.453745842000
989.739990000  8.300000000 -0.452122390000
989.765015000  8.300000000 -0.450219572000
989.789978000  8.300000000 -0.448038638000
989.815002000  8.300000000 -0.445581824000
989.840027000  8.300000000 -0.442852110000
989.864990000  8.300000000 -0.439853102000
989.890015000  8.300000000 -0.436589271000
989.914978000  8.300000000 -0.433065861000
989.940002000  8.300000000 -0.429288298000
989.965027000  8.300000000 -0.425262868000
989.989990000  8.300000000 -0.420996159000
990.015015000  8.300000000 -0.416495085000
990.039978000  8.300000000 -0.411766797000
990.065002000  8.300000000 -0.406819016000
990.090027000  8.300000000 -0.401659191000
990.114990000  8.300000000 -0.396294832000
990.140015000  8.300000000 -0.390733719000
990.164978000  8.300000000 -0.384983242000
990.190002000  8.300000000 -0.379050821000
990.215027000  8.300000000 -0.372943580000
990.239990000  8.300000000 -0.366668254000
990.265015000  8.300000000 -0.360231578000
990.289978000  8.300000000 -0.353639573000
990.315002000  8.300000000 -0.346897990000
990.340027000  8.300000000 -0.340012252000
990.364990000  8.300000000 -0.332987219000
990.390015000  8.300000000 -0.325827152000
990.414978000  8.300000000 -0.318536133000
990.440002000  8.300000000 -0.311117500000
990.465027000  8.300000000 -0.303574353000
990.489990000  8.300000000 -0.295909166000
990.515015000  8.300000000 -0.288124174000
990.539978000  8.300000000 -0.280221164000
990.565002000  8.300000000 -0.272201538000
990.590027000  8.300000000 -0.264066607000
990.614990000  8.300000000 -0.255817294000
990.640015000  8.300000000 -0.247454330000
990.664978000  8.300000000 -0.238978475000
990.690002000  8.300000000 -0.230390221000
990.715027000  8.300000000 -0.221690178000
990.739990000  8.300000000 -0.212878928000
990.765015000  8.300000000 -0.203957081000
990.789978000  8.300000000 -0.194925517000
990.815002000  8.300000000 -0.185785174000
990.840027000  8.300000000 -0.176537350000
990.864990000  8.300000000 -0.167183533000
990.890015000  8.300000000 -0.157725602000
990.914978000  8.300000000 -0.148165867000
990.940002000  8.300000000 -0.138507023000
990.965027000  8.300000000 -0.128752276000
990.989990000  8.300000000 -0.118905313000
991.015015000  8.300000000 -0.108970396000
991.039978000  8.300000000 -0.098952315700
991.065002000  8.300000000 -0.088856451200
991.090027000  8.300000000 -0.078688770500
991.114990000  8.300000000 -0.068455837700
991.140015000  8.300000000 -0.058164812600
991.164978000  8.300000000 -0.047823440300
991.190002000  8.300000000 -0.037440050400
991.215027000  8.300000000 -0.027023486800
991.239990000  8.300000000 -0.016583170700
991.265015000  8.300000000 -0.006128948650
991.289978000  8.300000000 0.004328868820
991.315002000  8.300000000 0.014779600300
991.340027000  8.300000000 0.025212235700
991.364990000  8.300000000 0.035615466500
991.390015000  8.300000000 0.045977775000
991.414978000  8.300000000 0.056287538300
991.440002000  8.300000000 0.066533014200
991.465027000  8.300000000 0.076702415900
991.489990000  8.300000000 0.086784116900
991.515015000  8.300000000 0.096766494200
991.539978000  8.300000000 0.106638141000
991.565002000  8.300000000 0.116387941000
991.590027000  8.300000000 0.126004845000
991.614990000  8.300000000 0.135478348000
991.640015000  8.300000000 0.144798279000
991.664978000  8.300000000 0.153954834000
991.690002000  8.300000000 0.162938654000
991.715027000  8.300000000 0.171740919000
991.739990000  8.300000000 0.180353254000
991.765015000  8.300000000 0.188767865000
991.789978000  8.300000000 0.196977526000
991.815002000  8.300000000 0.204975381000
991.840027000  8.300000000 0.212755412000
991.864990000  8.300000000 0.220312074000
991.890015000  8.300000000 0.227640256000
991.914978000  8.300000000 0.234735638000
991.940002000  8.300000000 0.241594464000
991.965027000  8.300000000 0.248213381000
991.989990000  8.300000000 0.254589885000
992.015015000  8.300000000 0.260721803000
992.039978000  8.300000000 0.266607732000
992.065002000  8.300000000 0.272246778000
992.090027000  8.300000000 0.277638465000
992.114990000  8.300000000 0.282783121000
992.140015000  8.300000000 0.287681311000
992.164978000  8.300000000 0.292334169000
992.190002000  8.300000000 0.296743304000
992.215027000  8.300000000 0.300910652000
992.239990000  8.300000000 0.304838598000
992.265015000  8.300000000 0.308529645000
992.289978000  8.300000000 0.311986715000
992.315002000  8.300000000 0.315212637000
992.340027000  8.300000000 0.318210661000
992.364990000  8.300000000 0.320983857000
992.390015000  8.300000000 0.323535204000
992.414978000  8.300000000 0.325867891000
992.440002000  8.300000000 0.327984720000
992.465027000  8.300000000 0.329888344000
992.489990000  8.300000000 0.331581295000
992.515015000  8.300000000 0.333065808000
992.539978000  8.300000000 0.334343702000
992.565002000  8.300000000 0.335416675000
992.590027000  8.300000000 0.336286038000
992.614990000  8.300000000 0.336952746000
992.640015000  8.300000000 0.337417275000
992.664978000  8.300000000 0.337680101000
992.690002000  8.300000000 0.337741017000
992.715027000  8.300000000 0.337599695000
992.739990000  8.300000000 0.337255478000
992.765015000  8.300000000 0.336707413000
992.789978000  8.300000000 0.335954487000
992.815002000  8.300000000 0.334995240000
992.840027000  8.300000000 0.333828092000
992.864990000  8.300000000 0.332451582000
992.890015000  8.300000000 0.330863893000
992.914978000  8.300000000 0.329063326000
992.940002000  8.300000000 0.327048063000
992.965027000  8.300000000 0.324816525000
992.989990000  8.300000000 0.322367102000
993.015015000  8.300000000 0.319698423000
993.039978000  8.300000000 0.316809028000
993.065002000  8.300000000 0.313697994000
993.090027000  8.300000000 0.310364306000
993.114990000  8.300000000 0.306807339000
993.140015000  8.300000000 0.303026736000
993.164978000  8.300000000 0.299022436000
993.190002000  8.300000000 0.294794619000
993.215027000  8.300000000 0.290343732000
993.239990000  8.300000000 0.285670698000
993.265015000  8.300000000 0.280776620000
993.289978000  8.300000000 0.275663018000
993.315002000  8.300000000 0.270331770000
993.340027000  8.300000000 0.264785022000
993.364990000  8.300000000 0.259025514000
993.390015000  8.300000000 0.253056169000
993.414978000  8.300000000 0.246880442000
993.440002000  8.300000000 0.240502164000
993.465027000  8.300000000 0.233925611000
993.489990000  8.300000000 0.227155477000
993.515015000  8.300000000 0.220196918000
993.539978000  8.300000000 0.213055611000
993.565002000  8.300000000 0.205737531000
993.590027000  8.300000000 0.198249400000
993.614990000  8.300000000 0.190598235000
993.640015000  8.300000000 0.182791606000
993.664978000  8.300000000 0.174837679000
993.690002000  8.300000000 0.166744992000
993.715027000  8.300000000 0.158522695000
993.739990000  8.300000000 0.150180340000
993.765015000  8.300000000 0.141728044000
993.789978000  8.300000000 0.133176357000
993.815002000  8.300000000 0.124536224000
993.840027000  8.300000000 0.115819052000
993.864990000  8.300000000 0.107036620000
993.890015000  8.300000000 0.098201006700
993.914978000  8.300000000 0.089324601000
993.940002000  8.300000000 0.080420054500
993.965027000  8.300000000 0.071500197100
993.989990000  8.300000000 0.062578015000
994.015015000  8.300000000 0.053666528300
994.039978000  8.300000000 0.044778801500
994.065002000  8.300000000 0.035927850800
994.090027000  8.300000000 0.027126509700
994.114990000  8.300000000 0.018387477800
994.140015000  8.300000000 0.009723134340
994.164978000  8.300000000 0.001145532010
994.190002000  8.300000000 -0.007333687970
994.215027000  8.300000000 -0.015703344700
994.239990000  8.300000000 -0.023952826900
994.265015000  8.300000000 -0.032072037500
994.289978000  8.300000000 -0.040051642800
994.315002000  8.300000000 -0.047882862400
994.340027000  8.300000000 -0.055557783700
994.364990000  8.300000000 -0.063069149900
994.390015000  8.300000000 -0.070410557100
994.414978000  8.300000000 -0.077576324300
994.440002000  8.300000000 -0.084561646000
994.465027000  8.300000000 -0.091362372000
994.489990000  8.300000000 -0.097975328600
994.515015000  8.300000000 -0.104397848000
994.539978000  8.300000000 -0.110628158000
994.565002000  8.300000000 -0.116665117000
994.590027000  8.300000000 -0.122508146000
994.614990000  8.300000000 -0.128157392000
994.640015000  8.300000000 -0.133613318000
994.664978000  8.300000000 -0.138877168000
994.690002000  8.300000000 -0.143950373000
994.715027000  8.300000000 -0.148835063000
994.739990000  8.300000000 -0.153533444000
994.765015000  8.300000000 -0.158048198000
994.789978000  8.300000000 -0.162382171000
994.815002000  8.300000000 -0.166538715000
994.840027000  8.300000000 -0.170521125000
994.864990000  8.300000000 -0.174333051000
994.890015000  8.300000000 -0.177978143000
994.914978000  8.300000000 -0.181460336000
994.940002000  8.300000000 -0.184783652000
994.965027000  8.300000000 -0.187952057000
994.989990000  8.300000000 -0.190969840000
995.015015000  8.300000000 -0.193841189000
995.039978000  8.300000000 -0.196570277000
995.065002000  8.300000000 -0.199161530000
995.090027000  8.300000000 -0.201619342000
995.114990000  8.300000000 -0.203948006000
995.140015000  8.300000000 -0.206151918000
995.164978000  8.300000000 -0.208235532000
995.190002000  8.300000000 -0.210203066000
995.215027000  8.300000000 -0.212058961000
995.239990000  8.300000000 -0.213807330000
995.265015000  8.300000000 -0.215452448000
995.289978000  8.300000000 -0.216998264000
995.315002000  8.300000000 -0.218448803000
995.340027000  8.300000000 -0.219807908000
995.364990000  8.300000000 -0.221079156000
995.390015000  8.300000000 -0.222266153000
995.414978000  8.300000000 -0.223372236000
995.440002000  8.300000000 -0.224400580000
995.465027000  8.300000000 -0.225354210000
995.489990000  8.300000000 -0.226235926000
995.515015000  8.300000000 -0.227048337000
995.539978000  8.300000000 -0.227793887000
995.565002000  8.300000000 -0.228474841000
995.590027000  8.300000000 -0.229093328000
995.614990000  8.300000000 -0.229651302000
995.640015000  8.300000000 -0.230150551000
995.664978000  8.300000000 -0.230592921000
995.690002000  8.300000000 -0.230979830000
995.715027000  8.300000000 -0.231313005000
995.739990000  8.300000000 -0.231593892000
995.765015000  8.300000000 -0.231823981000
995.789978000  8.300000000 -0.232004747000
995.815002000  8.300000000 -0.232137620000
995.840027000  8.300000000 -0.232223943000
995.864990000  8.300000000 -0.232265308000
995.890015000  8.300000000 -0.232262939000
995.914978000  8.300000000 -0.232218385000
995.940002000  8.300000000 -0.232133076000
995.965027000  8.300000000 -0.232008472000
995.989990000  8.300000000 -0.231845975000
996.015015000  8.300000000 -0.231647015000
996.039978000  8.300000000 -0.231413051000
996.065002000  8.300000000 -0.231145442000
996.090027000  8.300000000 -0.230845451000
996.114990000  8.300000000 -0.230514541000
996.140015000  8.300000000 -0.230153993000
996.164978000  8.300000000 -0.229764998000
996.190002000  8.300000000 -0.229348823000
996.215027000  8.300000000 -0.228906691000
996.239990000  8.300000000 -0.228439808000
996.265015000  8.300000000 -0.227949411000
996.289978000  8.300000000 -0.227436706000
996.315002000  8.300000000 -0.226903006000
996.340027000  8.300000000 -0.226349726000
996.364990000  8.300000000 -0.225778311000
996.390015000  8.300000000 -0.225190312000
996.414978000  8.300000000 -0.224587396000
996.440002000  8.300000000 -0.223971471000
996.465027000  8.300000000 -0.223344475000
996.489990000  8.300000000 -0.222708613000
996.515015000  8.300000000 -0.222066194000
996.539978000  8.300000000 -0.221419767000
996.565002000  8.300000000 -0.220772013000
996.590027000  8.300000000 -0.220125899000
996.614990000  8.300000000 -0.219484329000
996.640015000  8.300000000 -0.218850553000
996.664978000  8.300000000 -0.218227595000
996.690002000  8.300000000 -0.217618927000
996.715027000  8.300000000 -0.217027768000
996.739990000  8.300000000 -0.216457352000
996.765015000  8.300000000 -0.215910807000
996.789978000  8.300000000 -0.215391308000
996.815002000  8.300000000 -0.214901596000
996.840027000  8.300000000 -0.214444414000
996.864990000  8.300000000 -0.214022011000
996.890015000  8.300000000 -0.213636518000
996.914978000  8.300000000 -0.213289589000
996.940002000  8.300000000 -0.212982491000
996.965027000  8.300000000 -0.212716118000
996.989990000  8.300000000 -0.212490886000
997.015015000  8.300000000 -0.212306783000
997.039978000  8.300000000 -0.212163329000
997.065002000  8.300000000 -0.212059513000
997.090027000  8.300000000 -0.211993977000
997.114990000  8.300000000 -0.211964861000
997.140015000  8.300000000 -0.211969808000
997.164978000  8.300000000 -0.212006032000
997.190002000  8.300000000 -0.212070405000
997.215027000  8.300000000 -0.212159276000
997.239990000  8.300000000 -0.212268680000
997.265015000  8.300000000 -0.212394282000
997.289978000  8.300000000 -0.212531373000
997.315002000  8.300000000 -0.212675080000
997.340027000  8.300000000 -0.212820053000
997.364990000  8.300000000 -0.212960884000
997.390015000  8.300000000 -0.213091865000
997.414978000  8.300000000 -0.213207260000
997.440002000  8.300000000 -0.213301033000
997.465027000  8.300000000 -0.213367209000
997.489990000  8.300000000 -0.213399768000
997.515015000  8.300000000 -0.213392615000
997.539978000  8.300000000 -0.213339806000
997.565002000  8.300000000 -0.213235468000
997.590027000  8.300000000 -0.213073879000
997.614990000  8.300000000 -0.212849498000
997.640015000  8.300000000 -0.212557122000
997.664978000  8.300000000 -0.212191701000
997.690002000  8.300000000 -0.211748719000
997.715027000  8.300000000 -0.211223930000
997.739990000  8.300000000 -0.210613519000
997.765015000  8.300000000 -0.209914297000
997.789978000  8.300000000 -0.209123567000
997.815002000  8.300000000 -0.208239168000
997.840027000  8.300000000 -0.207259566000
997.864990000  8.300000000 -0.206184059000
997.890015000  8.300000000 -0.205012515000
997.914978000  8.300000000 -0.203745529000
997.940002000  8.300000000 -0.202384681000
997.965027000  8.300000000 -0.200932145000
997.989990000  8.300000000 -0.199391097000
998.015015000  8.300000000 -0.197765365000
998.039978000  8.300000000 -0.196059898000
998.065002000  8.300000000 -0.194280162000
998.090027000  8.300000000 -0.192432776000
998.114990000  8.300000000 -0.190524995000
998.140015000  8.300000000 -0.188564971000
998.164978000  8.300000000 -0.186561495000
998.190002000  8.300000000 -0.184524253000
998.215027000  8.300000000 -0.182463422000
998.239990000  8.300000000 -0.180389792000
998.265015000  8.300000000 -0.178314805000
998.289978000  8.300000000 -0.176250249000
998.315002000  8.300000000 -0.174208254000
998.340027000  8.300000000 -0.172201276000
998.364990000  8.300000000 -0.170241863000
998.390015000  8.300000000 -0.168342635000
998.414978000  8.300000000 -0.166516155000
998.440002000  8.300000000 -0.164774776000
998.465027000  8.300000000 -0.163130566000
998.489990000  8.300000000 -0.161595255000
998.515015000  8.300000000 -0.160180002000
998.539978000  8.300000000 -0.158895463000
998.565002000  8.300000000 -0.157751545000
998.590027000  8.300000000 -0.156757504000
998.614990000  8.300000000 -0.155921742000
998.640015000  8.300000000 -0.155251771000
998.664978000  8.300000000 -0.154754221000
998.690002000  8.300000000 -0.154434800000
998.715027000  8.300000000 -0.154298186000
998.739990000  8.300000000 -0.154348075000
998.765015000  8.300000000 -0.154587224000
998.789978000  8.300000000 -0.155017331000
998.815002000  8.300000000 -0.155639187000
998.840027000  8.300000000 -0.156452641000
998.864990000  8.300000000 -0.157456607000
998.890015000  8.300000000 -0.158649176000
998.914978000  8.300000000 -0.160027623000
998.940002000  8.300000000 -0.161588401000
998.965027000  8.300000000 -0.163327336000
998.989990000  8.300000000 -0.165239528000
999.015015000  8.300000000 -0.167319506000
999.039978000  8.300000000 -0.169561177000
999.065002000  8.300000000 -0.171957985000
999.090027000  8.300000000 -0.174502894000
999.114990000  8.300000000 -0.177188352000
999.140015000  8.300000000 -0.180006504000
999.164978000  8.300000000 -0.182949081000
999.190002000  8.300000000 -0.186007500000
999.215027000  8.300000000 -0.189172789000
999.239990000  8.300000000 -0.192435756000
999.265015000  8.300000000 -0.195786968000
999.289978000  8.300000000 -0.199216723000
999.315002000  8.300000000 -0.202714965000
999.340027000  8.300000000 -0.206271648000
999.364990000  8.300000000 -0.209876388000
999.390015000  8.300000000 -0.213518679000
999.414978000  8.300000000 -0.217187762000
999.440002000  8.300000000 -0.220872760000
999.465027000  8.300000000 -0.224562660000
999.489990000  8.300000000 -0.228246227000
999.515015000  8.300000000 -0.231912285000
999.539978000  8.300000000 -0.235549390000
999.565002000  8.300000000 -0.239146128000
999.590027000  8.300000000 -0.242691129000
999.614990000  8.300000000 -0.246172845000
999.640015000  8.300000000 -0.249579906000
999.664978000  8.300000000 -0.252901047000
999.690002000  8.300000000 -0.256125152000
999.715027000  8.300000000 -0.259241074000
999.739990000  8.300000000 -0.262238055000
999.765015000  8.300000000 -0.265105546000
999.789978000  8.300000000 -0.267833322000
999.815002000  8.300000000 -0.270411462000
999.840027000  8.300000000 -0.272830337000
999.864990000  8.300000000 -0.275080770000
999.890015000  8.300000000 -0.277154028000
999.914978000  8.300000000 -0.279041678000
999.940002000  8.300000000 -0.280735821000
999.965027000  8.300000000 -0.282229036000
999.989990000  8.300000000 -0.283514172000
1000.015010000  8.300000000 -0.284584761000
1000.039980000  8.300000000 -0.285434723000
1000.065000000  8.300000000 -0.286058426000
1000.090030000  8.300000000 -0.286450773000
1000.114990000  8.300000000 -0.286607087000
1000.140010000  8.300000000 -0.286523193000
1000.164980000  8.300000000 -0.286195457000
1000.190000000  8.300000000 -0.285620660000
1000.215030000  8.300000000 -0.284796000000
1000.239990000  8.300000000 -0.283719361000
1000.265010000  8.300000000 -0.282389045000
1000.289980000  8.300000000 -0.280803710000
1000.315000000  8.300000000 -0.278962642000
1000.340030000  8.300000000 -0.276865572000
1000.364990000  8.300000000 -0.274512708000
1000.390010000  8.300000000 -0.271904767000
1000.414980000  8.300000000 -0.269043058000
1000.440000000  8.300000000 -0.265929252000
1000.465030000  8.300000000 -0.262565672000
1000.489990000  8.300000000 -0.258955032000
1000.515010000  8.300000000 -0.255100608000
1000.539980000  8.300000000 -0.251006126000
1000.565000000  8.300000000 -0.246675819000
1000.590030000  8.300000000 -0.242114231000
1000.614990000  8.300000000 -0.237326473000
1000.640010000  8.300000000 -0.232317835000
1000.664980000  8.300000000 -0.227094084000
1000.690000000  8.300000000 -0.221661180000
1000.715030000  8.300000000 -0.216025338000
1000.739990000  8.300000000 -0.210192874000
1000.765010000  8.300000000 -0.204170331000
1000.789980000  8.300000000 -0.197964281000
1000.815000000  8.300000000 -0.191581205000
1000.840030000  8.300000000 -0.185027659000
1000.864990000  8.300000000 -0.178310081000
1000.890010000  8.300000000 -0.171434730000
1000.914980000  8.300000000 -0.164407715000
1000.940000000  8.300000000 -0.157234892000
1000.965030000  8.300000000 -0.149921983000
1000.989990000  8.300000000 -0.142474353000
1001.015010000  8.300000000 -0.134897217000
1001.039980000  8.300000000 -0.127195477000
1001.065000000  8.300000000 -0.119373940000
1001.090030000  8.300000000 -0.111437060000
1001.114990000  8.300000000 -0.103389218000
1001.140010000  8.300000000 -0.095234580300
1001.164980000  8.300000000 -0.086977250900
1001.190000000  8.300000000 -0.078621245900
1001.215030000  8.300000000 -0.070170544100
1001.239990000  8.300000000 -0.061629112800
1001.265010000  8.300000000 -0.053001023800
1001.289980000  8.300000000 -0.044290375000
1001.315000000  8.300000000 -0.035501502500
1001.340030000  8.300000000 -0.026638850600
1001.364990000  8.300000000 -0.017707141100
1001.390010000  8.300000000 -0.008711315690
1001.414980000  8.300000000 0.000343376538
1001.440000000  8.300000000 0.009451345540
1001.465030000  8.300000000 0.018606742800
1001.489990000  8.300000000 0.027803337200
1001.515010000  8.300000000 0.037034567400
1001.539980000  8.300000000 0.046293534300
1001.565000000  8.300000000 0.055573027600
1001.590030000  8.300000000 0.064865499700
1001.614990000  8.300000000 0.074163124000
1001.640010000  8.300000000 0.083457730700
1001.664980000  8.300000000 0.092741012600
1001.690000000  8.300000000 0.102004431000
1001.715030000  8.300000000 0.111239165000
1001.739990000  8.300000000 0.120436490000
1001.765010000  8.300000000 0.129587486000
1001.789980000  8.300000000 0.138683215000
1001.815000000  8.300000000 0.147714838000
1001.840030000  8.300000000 0.156673640000
1001.864990000  8.300000000 0.165551037000
1001.890010000  8.300000000 0.174338609000
1001.914980000  8.300000000 0.183028266000
1001.940000000  8.300000000 0.191612154000
1001.965030000  8.300000000 0.200082824000
1001.989990000  8.300000000 0.208433002000
1002.015010000  8.300000000 0.216656014000
1002.039980000  8.300000000 0.224745467000
1002.065000000  8.300000000 0.232695267000
1002.090030000  8.300000000 0.240499929000
1002.114990000  8.300000000 0.248154104000
1002.140010000  8.300000000 0.255653083000
1002.164980000  8.300000000 0.262992263000
1002.190000000  8.300000000 0.270167530000
1002.215030000  8.300000000 0.277175188000
1002.239990000  8.300000000 0.284011602000
1002.265010000  8.300000000 0.290673703000
1002.289980000  8.300000000 0.297158360000
1002.315000000  8.300000000 0.303462893000
1002.340030000  8.300000000 0.309585005000
1002.364990000  8.300000000 0.315522105000
1002.390010000  8.300000000 0.321272314000
1002.414980000  8.300000000 0.326833546000
1002.440000000  8.300000000 0.332204103000
1002.465030000  8.300000000 0.337382227000
1002.489990000  8.300000000 0.342366457000
1002.515010000  8.300000000 0.347155452000
1002.539980000  8.300000000 0.351747721000
1002.565000000  8.300000000 0.356142133000
1002.590030000  8.300000000 0.360337675000
1002.614990000  8.300000000 0.364333034000
1002.640010000  8.300000000 0.368127316000
1002.664980000  8.300000000 0.371719867000
1002.690000000  8.300000000 0.375109553000
1002.715030000  8.300000000 0.378295660000
1002.739990000  8.300000000 0.381277591000
1002.765010000  8.300000000 0.384054631000
1002.789980000  8.300000000 0.386626273000
1002.815000000  8.300000000 0.388992101000
1002.840030000  8.300000000 0.391151726000
1002.864990000  8.300000000 0.393104792000
1002.890010000  8.300000000 0.394851178000
1002.914980000  8.300000000 0.396390826000
1002.940000000  8.300000000 0.397723764000
1002.965030000  8.300000000 0.398850113000
1002.989990000  8.300000000 0.399770170000
1003.015010000  8.300000000 0.400484204000
1003.039980000  8.300000000 0.400992721000
1003.065000000  8.300000000 0.401296198000
1003.090030000  8.300000000 0.401395291000
1003.114990000  8.300000000 0.401290655000
1003.140010000  8.300000000 0.400983036000
1003.164980000  8.300000000 0.400473356000
1003.190000000  8.300000000 0.399762541000
1003.215030000  8.300000000 0.398851484000
1003.239990000  8.300000000 0.397741437000
1003.265010000  8.300000000 0.396433622000
1003.289980000  8.300000000 0.394929469000
1003.315000000  8.300000000 0.393230259000
1003.340030000  8.300000000 0.391337901000
1003.364990000  8.300000000 0.389254063000
1003.390010000  8.300000000 0.386980802000
1003.414980000  8.300000000 0.384520233000
1003.440000000  8.300000000 0.381875038000
1003.465030000  8.300000000 0.379047722000
1003.489990000  8.300000000 0.376041293000
1003.515010000  8.300000000 0.372859031000
1003.539980000  8.300000000 0.369504482000
1003.565000000  8.300000000 0.365981340000
1003.590030000  8.300000000 0.362293899000
1003.614990000  8.300000000 0.358446628000
1003.640010000  8.300000000 0.354444265000
1003.664980000  8.300000000 0.350291997000
1003.690000000  8.300000000 0.345995277000
1003.715030000  8.300000000 0.341559857000
1003.739990000  8.300000000 0.336991876000
1003.765010000  8.300000000 0.332297742000
1003.789980000  8.300000000 0.327484101000
1003.815000000  8.300000000 0.322557956000
1003.840030000  8.300000000 0.317526519000
1003.864990000  8.300000000 0.312397510000
1003.890010000  8.300000000 0.307178527000
1003.914980000  8.300000000 0.301877737000
1003.940000000  8.300000000 0.296503365000
1003.965030000  8.300000000 0.291063935000
1003.989990000  8.300000000 0.285568148000
1004.015010000  8.300000000 0.280024827000
1004.039980000  8.300000000 0.274443001000
1004.065000000  8.300000000 0.268831819000
1004.090030000  8.300000000 0.263200641000
1004.114990000  8.300000000 0.257558674000
1004.140010000  8.300000000 0.251915485000
1004.164980000  8.300000000 0.246280462000
1004.190000000  8.300000000 0.240663096000
1004.215030000  8.300000000 0.235072926000
1004.239990000  8.300000000 0.229519203000
1004.265010000  8.300000000 0.224011406000
1004.289980000  8.300000000 0.218558639000
1004.315000000  8.300000000 0.213170037000
1004.340030000  8.300000000 0.207854390000
1004.364990000  8.300000000 0.202620357000
1004.390010000  8.300000000 0.197476327000
1004.414980000  8.300000000 0.192430347000
1004.440000000  8.300000000 0.187490135000
1004.465030000  8.300000000 0.182663083000
1004.489990000  8.300000000 0.177956119000
1004.515010000  8.300000000 0.173375770000
1004.539980000  8.300000000 0.168928027000
1004.565000000  8.300000000 0.164618447000
1004.590030000  8.300000000 0.160452053000
1004.614990000  8.300000000 0.156433374000
1004.640010000  8.300000000 0.152566388000
1004.664980000  8.300000000 0.148854479000
1004.690000000  8.300000000 0.145300522000
1004.715030000  8.300000000 0.141906962000
1004.739990000  8.300000000 0.138675585000
1004.765010000  8.300000000 0.135607749000
1004.789980000  8.300000000 0.132704318000
1004.815000000  8.300000000 0.129965723000
1004.840030000  8.300000000 0.127391964000
1004.864990000  8.300000000 0.124982648000
1004.890010000  8.300000000 0.122736983000
1004.914980000  8.300000000 0.120653912000
1004.940000000  8.300000000 0.118732005000
1004.965030000  8.300000000 0.116969608000
1004.989990000  8.300000000 0.115364820000
1005.015010000  8.300000000 0.113915443000
1005.039980000  8.300000000 0.112619206000
1005.065000000  8.300000000 0.111473553000
1005.090030000  8.300000000 0.110475808000
1005.114990000  8.300000000 0.109623164000
1005.140010000  8.300000000 0.108912654000
1005.164980000  8.300000000 0.108341217000
1005.190000000  8.300000000 0.107905604000
1005.215030000  8.300000000 0.107602485000
1005.239990000  8.300000000 0.107428342000
1005.265010000  8.300000000 0.107379615000
1005.289980000  8.300000000 0.107452534000
1005.315000000  8.300000000 0.107643262000
1005.340030000  8.300000000 0.107947834000
1005.364990000  8.300000000 0.108362190000
1005.390010000  8.300000000 0.108882144000
1005.414980000  8.300000000 0.109503426000
1005.440000000  8.300000000 0.110221684000
1005.465030000  8.300000000 0.111032560000
1005.489990000  8.300000000 0.111931570000
1005.515010000  8.300000000 0.112914279000
1005.539980000  8.300000000 0.113976158000
1005.565000000  8.300000000 0.115112774000
1005.590030000  8.300000000 0.116319664000
1005.614990000  8.300000000 0.117592514000
1005.640010000  8.300000000 0.118927009000
1005.664980000  8.300000000 0.120319054000
1005.690000000  8.300000000 0.121764638000
1005.715030000  8.300000000 0.123259917000
1005.739990000  8.300000000 0.124801323000
1005.765010000  8.300000000 0.126385435000
1005.789980000  8.300000000 0.128009185000
1005.815000000  8.300000000 0.129669651000
1005.840030000  8.300000000 0.131364211000
1005.864990000  8.300000000 0.133090541000
1005.890010000  8.300000000 0.134846628000
1005.914980000  8.300000000 0.136630654000
1005.940000000  8.300000000 0.138441101000
1005.965030000  8.300000000 0.140276745000
1005.989990000  8.300000000 0.142136589000
1006.015010000  8.300000000 0.144019797000
1006.039980000  8.300000000 0.145925835000
1006.065000000  8.300000000 0.147854328000
1006.090030000  8.300000000 0.149805039000
1006.114990000  8.300000000 0.151777864000
1006.140010000  8.300000000 0.153772801000
1006.164980000  8.300000000 0.155789897000
1006.190000000  8.300000000 0.157829285000
1006.215030000  8.300000000 0.159891054000
1006.239990000  8.300000000 0.161975279000
1006.265010000  8.300000000 0.164081946000
1006.289980000  8.300000000 0.166211009000
1006.315000000  8.300000000 0.168362230000
1006.340030000  8.300000000 0.170535281000
1006.364990000  8.300000000 0.172729582000
1006.390010000  8.300000000 0.174944416000
1006.414980000  8.300000000 0.177178845000
1006.440000000  8.300000000 0.179431632000
1006.465030000  8.300000000 0.181701198000
1006.489990000  8.300000000 0.183985814000
1006.515010000  8.300000000 0.186283275000
1006.539980000  8.300000000 0.188591152000
1006.565000000  8.300000000 0.190906584000
1006.590030000  8.300000000 0.193226382000
1006.614990000  8.300000000 0.195546910000
1006.640010000  8.300000000 0.197864279000
1006.664980000  8.300000000 0.200174063000
1006.690000000  8.300000000 0.202471510000
1006.715030000  8.300000000 0.204751506000
1006.739990000  8.300000000 0.207008481000
1006.765010000  8.300000000 0.209236577000
1006.789980000  8.300000000 0.211429551000
1006.815000000  8.300000000 0.213580862000
1006.840030000  8.300000000 0.215683609000
1006.864990000  8.300000000 0.217730671000
1006.890010000  8.300000000 0.219714656000
1006.914980000  8.300000000 0.221628040000
1006.940000000  8.300000000 0.223463073000
1006.965030000  8.300000000 0.225211978000
1006.989990000  8.300000000 0.226866737000
1007.015010000  8.300000000 0.228419617000
1007.039980000  8.300000000 0.229862854000
1007.065000000  8.300000000 0.231188610000
1007.090030000  8.300000000 0.232389510000
1007.114990000  8.300000000 0.233458355000
1007.140010000  8.300000000 0.234388128000
1007.164980000  8.300000000 0.235172331000
1007.190000000  8.300000000 0.235804886000
1007.215030000  8.300000000 0.236280188000
1007.239990000  8.300000000 0.236593083000
1007.265010000  8.300000000 0.236739248000
1007.289980000  8.300000000 0.236714795000
1007.315000000  8.300000000 0.236516640000
1007.340030000  8.300000000 0.236142412000
1007.364990000  8.300000000 0.235590562000
1007.390010000  8.300000000 0.234860301000
1007.414980000  8.300000000 0.233951658000
1007.440000000  8.300000000 0.232865393000
1007.465030000  8.300000000 0.231603265000
1007.489990000  8.300000000 0.230167657000
1007.515010000  8.300000000 0.228561863000
1007.539980000  8.300000000 0.226789936000
1007.565000000  8.300000000 0.224856660000
1007.590030000  8.300000000 0.222767368000
1007.614990000  8.300000000 0.220528230000
1007.640010000  8.300000000 0.218146011000
1007.664980000  8.300000000 0.215627819000
1007.690000000  8.300000000 0.212981552000
1007.715030000  8.300000000 0.210215241000
1007.739990000  8.300000000 0.207337573000
1007.765010000  8.300000000 0.204357192000
1007.789980000  8.300000000 0.201283172000
1007.815000000  8.300000000 0.198124632000
1007.840030000  8.300000000 0.194890767000
1007.864990000  8.300000000 0.191590771000
1007.890010000  8.300000000 0.188233867000
1007.914980000  8.300000000 0.184828952000
1007.940000000  8.300000000 0.181384832000
1007.965030000  8.300000000 0.177910075000
1007.989990000  8.300000000 0.174412951000
1008.015010000  8.300000000 0.170901358000
1008.039980000  8.300000000 0.167382717000
1008.065000000  8.300000000 0.163864151000
1008.090030000  8.300000000 0.160352141000
1008.114990000  8.300000000 0.156852856000
1008.140010000  8.300000000 0.153371826000
1008.164980000  8.300000000 0.149913952000
1008.190000000  8.300000000 0.146483734000
1008.215030000  8.300000000 0.143085048000
1008.239990000  8.300000000 0.139721170000
1008.265010000  8.300000000 0.136394918000
1008.289980000  8.300000000 0.133108392000
1008.315000000  8.300000000 0.129863322000
1008.340030000  8.300000000 0.126660734000
1008.364990000  8.300000000 0.123501323000
1008.390010000  8.300000000 0.120385095000
1008.414980000  8.300000000 0.117311686000
1008.440000000  8.300000000 0.114280306000
1008.465030000  8.300000000 0.111289658000
1008.489990000  8.300000000 0.108338043000
1008.515010000  8.300000000 0.105423428000
1008.539980000  8.300000000 0.102543429000
1008.565000000  8.300000000 0.099695228000
1008.590030000  8.300000000 0.096875853800
1008.614990000  8.300000000 0.094082042600
1008.640010000  8.300000000 0.091310270100
1008.664980000  8.300000000 0.088556841000
1008.690000000  8.300000000 0.085817933100
1008.715030000  8.300000000 0.083089545400
1008.739990000  8.300000000 0.080367565200
1008.765010000  8.300000000 0.077647924400
1008.789980000  8.300000000 0.074926294400
1008.815000000  8.300000000 0.072198532500
1008.840030000  8.300000000 0.069460406900
1008.864990000  8.300000000 0.066707752600
1008.890010000  8.300000000 0.063936501700
1008.914980000  8.300000000 0.061142645800
1008.940000000  8.300000000 0.058322340300
1008.965030000  8.300000000 0.055471856100
1008.989990000  8.300000000 0.052587654400
1009.015010000  8.300000000 0.049666430800
1009.039980000  8.300000000 0.046705056000
1009.065000000  8.300000000 0.043700646600
1009.090030000  8.300000000 0.040650654600
1009.114990000  8.300000000 0.037552718100
1009.140010000  8.300000000 0.034404914800
1009.164980000  8.300000000 0.031205533100
1009.190000000  8.300000000 0.027953242900
1009.215030000  8.300000000 0.024647049600
1009.239990000  8.300000000 0.021286362800
1009.265010000  8.300000000 0.017870908600
1009.289980000  8.300000000 0.014400797900
1009.315000000  8.300000000 0.010876488900
1009.340030000  8.300000000 0.007298805750
1009.364990000  8.300000000 0.003668882880
1009.390010000  8.300000000 -0.000011788600
1009.414980000  8.300000000 -0.003741427560
1009.440000000  8.300000000 -0.007517985530
1009.465030000  8.300000000 -0.011339114000
1009.489990000  8.300000000 -0.015202247500
1009.515010000  8.300000000 -0.019104586900
1009.539980000  8.300000000 -0.023043166800
1009.565000000  8.300000000 -0.027014853400
1009.590030000  8.300000000 -0.031016396400
1009.614990000  8.300000000 -0.035044439100
1009.640010000  8.300000000 -0.039095573100
1009.664980000  8.300000000 -0.043166335700
1009.690000000  8.300000000 -0.047253273400
1009.715030000  8.300000000 -0.051352914400
1009.739990000  8.300000000 -0.055461879800
1009.765010000  8.300000000 -0.059576813100
1009.789980000  8.300000000 -0.063694469600
1009.815000000  8.300000000 -0.067811720100
1009.840030000  8.300000000 -0.071925543200
1009.864990000  8.300000000 -0.076033122800
1009.890010000  8.300000000 -0.080131806400
1009.914980000  8.300000000 -0.084219120400
1009.940000000  8.300000000 -0.088292837100
1009.965030000  8.300000000 -0.092350915100
1009.989990000  8.300000000 -0.096391603400
1010.015010000  8.300000000 -0.100413300000
1010.039980000  8.300000000 -0.104414679000
1010.065000000  8.300000000 -0.108394757000
1010.090030000  8.300000000 -0.112352654000
1010.114990000  8.300000000 -0.116287790000
1010.140010000  8.300000000 -0.120199874000
1010.164980000  8.300000000 -0.124088816000
1010.190000000  8.300000000 -0.127954766000
1010.215030000  8.300000000 -0.131798074000
1010.239990000  8.300000000 -0.135619298000
1010.265010000  8.300000000 -0.139419228000
1010.289980000  8.300000000 -0.143198818000
1010.315000000  8.300000000 -0.146959201000
1010.340030000  8.300000000 -0.150701597000
1010.364990000  8.300000000 -0.154427409000
1010.390010000  8.300000000 -0.158138156000
1010.414980000  8.300000000 -0.161835402000
1010.440000000  8.300000000 -0.165520802000
1010.465030000  8.300000000 -0.169196099000
1010.489990000  8.300000000 -0.172862947000
1010.515010000  8.300000000 -0.176523149000
1010.539980000  8.300000000 -0.180178374000
1010.565000000  8.300000000 -0.183830306000
1010.590030000  8.300000000 -0.187480554000
1010.614990000  8.300000000 -0.191130653000
1010.640010000  8.300000000 -0.194782034000
1010.664980000  8.300000000 -0.198435992000
1010.690000000  8.300000000 -0.202093720000
1010.715030000  8.300000000 -0.205756232000
1010.739990000  8.300000000 -0.209424302000
1010.765010000  8.300000000 -0.213098750000
1010.789980000  8.300000000 -0.216779709000
1010.815000000  8.300000000 -0.220467612000
1010.840030000  8.300000000 -0.224162266000
1010.864990000  8.300000000 -0.227863327000
1010.890010000  8.300000000 -0.231570259000
1010.914980000  8.300000000 -0.235282049000
1010.940000000  8.300000000 -0.238997445000
1010.965030000  8.300000000 -0.242714927000
1010.989990000  8.300000000 -0.246432498000
1011.015010000  8.300000000 -0.250148058000
1011.039980000  8.300000000 -0.253859073000
1011.065000000  8.300000000 -0.257562518000
1011.090030000  8.300000000 -0.261255443000
1011.114990000  8.300000000 -0.264934212000
1011.140010000  8.300000000 -0.268595308000
1011.164980000  8.300000000 -0.272234529000
1011.190000000  8.300000000 -0.275847882000
1011.215030000  8.300000000 -0.279430896000
1011.239990000  8.300000000 -0.282978982000
1011.265010000  8.300000000 -0.286487550000
1011.289980000  8.300000000 -0.289951771000
1011.315000000  8.300000000 -0.293366671000
1011.340030000  8.300000000 -0.296727628000
1011.364990000  8.300000000 -0.300029516000
1011.390010000  8.300000000 -0.303267658000
1011.414980000  8.300000000 -0.306437314000
1011.440000000  8.300000000 -0.309533775000
1011.465030000  8.300000000 -0.312552691000
1011.489990000  8.300000000 -0.315489739000
1011.515010000  8.300000000 -0.318340838000
1011.539980000  8.300000000 -0.321102321000
1011.565000000  8.300000000 -0.323770493000
1011.590030000  8.300000000 -0.326342165000
1011.614990000  8.300000000 -0.328814447000
1011.640010000  8.300000000 -0.331184834000
1011.664980000  8.300000000 -0.333451092000
1011.690000000  8.300000000 -0.335611522000
1011.715030000  8.300000000 -0.337664723000
1011.739990000  8.300000000 -0.339609802000
1011.765010000  8.300000000 -0.341446370000
1011.789980000  8.300000000 -0.343174368000
1011.815000000  8.300000000 -0.344794333000
1011.840030000  8.300000000 -0.346307188000
1011.864990000  8.300000000 -0.347714335000
1011.890010000  8.300000000 -0.349017650000
1011.914980000  8.300000000 -0.350219429000
1011.940000000  8.300000000 -0.351322472000
1011.965030000  8.300000000 -0.352329671000
1011.989990000  8.300000000 -0.353244752000
1012.015010000  8.300000000 -0.354071379000
1012.039980000  8.300000000 -0.354813695000
1012.065000000  8.300000000 -0.355476141000
1012.090030000  8.300000000 -0.356063187000
1012.114990000  8.300000000 -0.356579691000
1012.140010000  8.300000000 -0.357030332000
1012.164980000  8.300000000 -0.357420087000
1012.190000000  8.300000000 -0.357753724000
1012.215030000  8.300000000 -0.358036041000
1012.239990000  8.300000000 -0.358271629000
1012.265010000  8.300000000 -0.358464986000
1012.289980000  8.300000000 -0.358620197000
1012.315000000  8.300000000 -0.358741134000
1012.340030000  8.300000000 -0.358831376000
1012.364990000  8.300000000 -0.358894050000
1012.390010000  8.300000000 -0.358931869000
1012.414980000  8.300000000 -0.358947217000
1012.440000000  8.300000000 -0.358941644000
1012.465030000  8.300000000 -0.358916700000
1012.489990000  8.300000000 -0.358872980000
1012.515010000  8.300000000 -0.358810931000
1012.539980000  8.300000000 -0.358730197000
1012.565000000  8.300000000 -0.358630061000
1012.590030000  8.300000000 -0.358509243000
1012.614990000  8.300000000 -0.358366013000
1012.640010000  8.300000000 -0.358198076000
1012.664980000  8.300000000 -0.358002692000
1012.690000000  8.300000000 -0.357776821000
1012.715030000  8.300000000 -0.357516706000
1012.739990000  8.300000000 -0.357218504000
1012.765010000  8.300000000 -0.356877834000
1012.789980000  8.300000000 -0.356489956000
1012.815000000  8.300000000 -0.356049985000
1012.840030000  8.300000000 -0.355552584000
1012.864990000  8.300000000 -0.354992360000
1012.890010000  8.300000000 -0.354363680000
1012.914980000  8.300000000 -0.353660762000
1012.940000000  8.300000000 -0.352877736000
1012.965030000  8.300000000 -0.352008790000
1012.989990000  8.300000000 -0.351048231000
1013.015010000  8.300000000 -0.349990129000
1013.039980000  8.300000000 -0.348829091000
1013.065000000  8.300000000 -0.347559690000
1013.090030000  8.300000000 -0.346176744000
1013.114990000  8.300000000 -0.344675571000
1013.140010000  8.300000000 -0.343051821000
1013.164980000  8.300000000 -0.341301471000
1013.190000000  8.300000000 -0.339421183000
1013.215030000  8.300000000 -0.337407947000
1013.239990000  8.300000000 -0.335259497000
1013.265010000  8.300000000 -0.332974046000
1013.289980000  8.300000000 -0.330550641000
1013.315000000  8.300000000 -0.327988803000
1013.340030000  8.300000000 -0.325288802000
1013.364990000  8.300000000 -0.322451472000
1013.390010000  8.300000000 -0.319478482000
1013.414980000  8.300000000 -0.316372067000
1013.440000000  8.300000000 -0.313135177000
1013.465030000  8.300000000 -0.309771240000
1013.489990000  8.300000000 -0.306284308000
1013.515010000  8.300000000 -0.302679211000
1013.539980000  8.300000000 -0.298960924000
1013.565000000  8.300000000 -0.295135111000
1013.590030000  8.300000000 -0.291207910000
1013.614990000  8.300000000 -0.287185490000
1013.640010000  8.300000000 -0.283074707000
1013.664980000  8.300000000 -0.278882325000
1013.690000000  8.300000000 -0.274615526000
1013.715030000  8.300000000 -0.270281494000
1013.739990000  8.300000000 -0.265887439000
1013.765010000  8.300000000 -0.261440694000
1013.789980000  8.300000000 -0.256948501000
1013.815000000  8.300000000 -0.252417892000
1013.840030000  8.300000000 -0.247855946000
1013.864990000  8.300000000 -0.243269503000
1013.890010000  8.300000000 -0.238665044000
1013.914980000  8.300000000 -0.234048948000
1013.940000000  8.300000000 -0.229427293000
1013.965030000  8.300000000 -0.224805787000
1013.989990000  8.300000000 -0.220189944000
1014.015010000  8.300000000 -0.215584815000
1014.039980000  8.300000000 -0.210995138000
1014.065000000  8.300000000 -0.206425279000
1014.090030000  8.300000000 -0.201879293000
1014.114990000  8.300000000 -0.197360829000
1014.140010000  8.300000000 -0.192873210000
1014.164980000  8.300000000 -0.188419357000
1014.190000000  8.300000000 -0.184001878000
1014.215030000  8.300000000 -0.179622978000
1014.239990000  8.300000000 -0.175284699000
1014.265010000  8.300000000 -0.170988560000
1014.289980000  8.300000000 -0.166735917000
1014.315000000  8.300000000 -0.162527844000
1014.340030000  8.300000000 -0.158365041000
1014.364990000  8.300000000 -0.154248059000
1014.390010000  8.300000000 -0.150177211000
1014.414980000  8.300000000 -0.146152601000
1014.440000000  8.300000000 -0.142174125000
1014.465030000  8.300000000 -0.138241544000
1014.489990000  8.300000000 -0.134354427000
1014.515010000  8.300000000 -0.130512252000
1014.539980000  8.300000000 -0.126714408000
1014.565000000  8.300000000 -0.122960135000
1014.590030000  8.300000000 -0.119248584000
1014.614990000  8.300000000 -0.115578897000
1014.640010000  8.300000000 -0.111950152000
1014.664980000  8.300000000 -0.108361341000
1014.690000000  8.300000000 -0.104811482000
1014.715030000  8.300000000 -0.101299472000
1014.739990000  8.300000000 -0.097824305300
1014.765010000  8.300000000 -0.094384849100
1014.789980000  8.300000000 -0.090980030600
1014.815000000  8.300000000 -0.087608717400
1014.840030000  8.300000000 -0.084269821600
1014.864990000  8.300000000 -0.080962188500
1014.890010000  8.300000000 -0.077684633400
1014.914980000  8.300000000 -0.074436023800
1014.940000000  8.300000000 -0.071215122900
1014.965030000  8.300000000 -0.068020708900
1014.989990000  8.300000000 -0.064851500100
1015.015010000  8.300000000 -0.061706211400
1015.039980000  8.300000000 -0.058583509200
1015.065000000  8.300000000 -0.055482003800
1015.090030000  8.300000000 -0.052400354300
1015.114990000  8.300000000 -0.049337159800
1015.140010000  8.300000000 -0.046291030900
1015.164980000  8.300000000 -0.043260578100
1015.190000000  8.300000000 -0.040244434000
1015.215030000  8.300000000 -0.037241246600
1015.239990000  8.300000000 -0.034249726700
1015.265010000  8.300000000 -0.031268622700
1015.289980000  8.300000000 -0.028296740700
1015.315000000  8.300000000 -0.025332985400
1015.340030000  8.300000000 -0.022376360400
1015.364990000  8.300000000 -0.019425967700
1015.390010000  8.300000000 -0.016481027000
1015.414980000  8.300000000 -0.013540916100
1015.440000000  8.300000000 -0.010605157400
1015.465030000  8.300000000 -0.007673433520
1015.489990000  8.300000000 -0.004745576530
1015.515010000  8.300000000 -0.001821656590
1015.539980000  8.300000000 0.001098161210
1015.565000000  8.300000000 0.004013473630
1015.590030000  8.300000000 0.006923738870
1015.614990000  8.300000000 0.009828228500
1015.640010000  8.300000000 0.012726016300
1015.664980000  8.300000000 0.015616039700
1015.690000000  8.300000000 0.018497034900
1015.715030000  8.300000000 0.021367617000
1015.739990000  8.300000000 0.024226203600
1015.765010000  8.300000000 0.027071129500
1015.789980000  8.300000000 0.029900569500
1015.815000000  8.300000000 0.032712597400
1015.840030000  8.300000000 0.035505179300
1015.864990000  8.300000000 0.038276217900
1015.890010000  8.300000000 0.041023526300
1015.914980000  8.300000000 0.043744895600
1015.940000000  8.300000000 0.046438049500
1015.965030000  8.300000000 0.049100756600
1015.989990000  8.300000000 0.051730819000
1016.015010000  8.300000000 0.054326068600
1016.039980000  8.300000000 0.056884463900
1016.065000000  8.300000000 0.059404093800
1016.090030000  8.300000000 0.061883144100
1016.114990000  8.300000000 0.064320147000
1016.140010000  8.300000000 0.066713713100
1016.164980000  8.300000000 0.069062799200
1016.190000000  8.300000000 0.071366667700
1016.215030000  8.300000000 0.073624841900
1016.239990000  8.300000000 0.075837194900
1016.265010000  8.300000000 0.078003950400
1016.289980000  8.300000000 0.080125637400
1016.315000000  8.300000000 0.082203157200
1016.340030000  8.300000000 0.084237724500
1016.364990000  8.300000000 0.086230970900
1016.390010000  8.300000000 0.088184729200
1016.414980000  8.300000000 0.090101234600
1016.440000000  8.300000000 0.091982983100
1016.465030000  8.300000000 0.093832738700
1016.489990000  8.300000000 0.095653526500
1016.515010000  8.300000000 0.097448527800
1016.539980000  8.300000000 0.099221147600
1016.565000000  8.300000000 0.100974940000
1016.590030000  8.300000000 0.102713585000
1016.614990000  8.300000000 0.104440801000
1016.640010000  8.300000000 0.106160425000
1016.664980000  8.300000000 0.107876249000
1016.690000000  8.300000000 0.109591991000
1016.715030000  8.300000000 0.111311413000
1016.739990000  8.300000000 0.113038041000
1016.765010000  8.300000000 0.114775337000
1016.789980000  8.300000000 0.116526499000
1016.815000000  8.300000000 0.118294537000
1016.840030000  8.300000000 0.120082133000
1016.864990000  8.300000000 0.121891662000
1016.890010000  8.300000000 0.123725168000
1016.914980000  8.300000000 0.125584230000
1016.940000000  8.300000000 0.127470031000
1016.965030000  8.300000000 0.129383236000
1016.989990000  8.300000000 0.131324083000
1017.015010000  8.300000000 0.133292153000
1017.039980000  8.300000000 0.135286525000
1017.065000000  8.300000000 0.137305737000
1017.090030000  8.300000000 0.139347702000
1017.114990000  8.300000000 0.141409695000
1017.140010000  8.300000000 0.143488422000
1017.164980000  8.300000000 0.145579904000
1017.190000000  8.300000000 0.147679687000
1017.215030000  8.300000000 0.149782568000
1017.239990000  8.300000000 0.151882932000
1017.265010000  8.300000000 0.153974518000
1017.289980000  8.300000000 0.156050578000
1017.315000000  8.300000000 0.158103958000
1017.340030000  8.300000000 0.160126939000
1017.364990000  8.300000000 0.162111565000
1017.390010000  8.300000000 0.164049417000
1017.414980000  8.300000000 0.165931836000
1017.440000000  8.300000000 0.167749926000
1017.465030000  8.300000000 0.169494629000
1017.489990000  8.300000000 0.171156675000
1017.515010000  8.300000000 0.172726855000
1017.539980000  8.300000000 0.174195871000
1017.565000000  8.300000000 0.175554559000
1017.590030000  8.300000000 0.176793888000
1017.614990000  8.300000000 0.177904978000
1017.640010000  8.300000000 0.178879276000
1017.664980000  8.300000000 0.179708630000
1017.690000000  8.300000000 0.180385172000
1017.715030000  8.300000000 0.180901527000
1017.739990000  8.300000000 0.181250930000
1017.765010000  8.300000000 0.181427106000
1017.789980000  8.300000000 0.181424409000
1017.815000000  8.300000000 0.181237921000
1017.840030000  8.300000000 0.180863321000
1017.864990000  8.300000000 0.180297166000
1017.890010000  8.300000000 0.179536760000
1017.914980000  8.300000000 0.178580090000
1017.940000000  8.300000000 0.177426144000
1017.965030000  8.300000000 0.176074654000
1017.989990000  8.300000000 0.174526259000
1018.015010000  8.300000000 0.172782376000
1018.039980000  8.300000000 0.170845419000
1018.065000000  8.300000000 0.168718457000
1018.090030000  8.300000000 0.166405603000
1018.114990000  8.300000000 0.163911641000
1018.140010000  8.300000000 0.161242187000
1018.164980000  8.300000000 0.158403620000
1018.190000000  8.300000000 0.155403093000
1018.215030000  8.300000000 0.152248323000
1018.239990000  8.300000000 0.148947820000
1018.265010000  8.300000000 0.145510569000
1018.289980000  8.300000000 0.141946226000
1018.315000000  8.300000000 0.138264805000
1018.340030000  8.300000000 0.134476855000
1018.364990000  8.300000000 0.130593210000
1018.390010000  8.300000000 0.126625136000
1018.414980000  8.300000000 0.122584097000
1018.440000000  8.300000000 0.118481681000
1018.465030000  8.300000000 0.114329711000
1018.489990000  8.300000000 0.110140026000
1018.515010000  8.300000000 0.105924472000
1018.539980000  8.300000000 0.101694882000
1018.565000000  8.300000000 0.097462996800
1018.590030000  8.300000000 0.093240320700
1018.614990000  8.300000000 0.089038327300
1018.640010000  8.300000000 0.084868110700
1018.664980000  8.300000000 0.080740563600
1018.690000000  8.300000000 0.076666258300
1018.715030000  8.300000000 0.072655402100
1018.739990000  8.300000000 0.068717896900
1018.765010000  8.300000000 0.064863205000
1018.789980000  8.300000000 0.061100378600
1018.815000000  8.300000000 0.057438086700
1018.840030000  8.300000000 0.053884528600
1018.864990000  8.300000000 0.050447490100
1018.890010000  8.300000000 0.047134291400
1018.914980000  8.300000000 0.043951798200
1018.940000000  8.300000000 0.040906451600
1018.965030000  8.300000000 0.038004212100
1018.989990000  8.300000000 0.035250630200
1019.015010000  8.300000000 0.032650806000
1019.039980000  8.300000000 0.030209433300
1019.065000000  8.300000000 0.027930764500
1019.090030000  8.300000000 0.025818677600
1019.114990000  8.300000000 0.023876678200
1019.140010000  8.300000000 0.022107873100
1019.164980000  8.300000000 0.020515037700
1019.190000000  8.300000000 0.019100586000
1019.215030000  8.300000000 0.017866604000
1019.239990000  8.300000000 0.016814833500
1019.265010000  8.300000000 0.015946675100
1019.289980000  8.300000000 0.015263222200
1019.315000000  8.300000000 0.014765233700
1019.340030000  8.300000000 0.014453150300
1019.364990000  8.300000000 0.014327075300
1019.390010000  8.300000000 0.014386800100
1019.414980000  8.300000000 0.014631802200
1019.440000000  8.300000000 0.015061177300
1019.465030000  8.300000000 0.015673672800
1019.489990000  8.300000000 0.016467692300
1019.515010000  8.300000000 0.017441235500
1019.539980000  8.300000000 0.018591921800
1019.565000000  8.300000000 0.019916933000
1019.590030000  8.300000000 0.021413043100
1019.614990000  8.300000000 0.023076539900
1019.640010000  8.300000000 0.024903230400
1019.664980000  8.300000000 0.026888458100
1019.690000000  8.300000000 0.029027031700
1019.715030000  8.300000000 0.031313248000
1019.739990000  8.300000000 0.033740855800
1019.765010000  8.300000000 0.036303117900
1019.789980000  8.300000000 0.038992755100
1019.815000000  8.300000000 0.041801959300
1019.840030000  8.300000000 0.044722437900
1019.864990000  8.300000000 0.047745440200
1019.890010000  8.300000000 0.050861757200
1019.914980000  8.300000000 0.054061781600
1019.940000000  8.300000000 0.057335518300
1019.965030000  8.300000000 0.060672678100
1019.989990000  8.300000000 0.064062669900
1020.015010000  8.300000000 0.067494712800
1020.039980000  8.300000000 0.070957787300
1020.065000000  8.300000000 0.074440822000
1020.090030000  8.300000000 0.077932670700
1020.114990000  8.300000000 0.081422150100
1020.140010000  8.300000000 0.084898158900
1020.164980000  8.300000000 0.088349737200
1020.190000000  8.300000000 0.091766066800
1020.215030000  8.300000000 0.095136515800
1020.239990000  8.300000000 0.098450824600
1020.265010000  8.300000000 0.101698972000
1020.289980000  8.300000000 0.104871377000
1020.315000000  8.300000000 0.107958838000
1020.340030000  8.300000000 0.110952690000
1020.364990000  8.300000000 0.113844708000
1020.390010000  8.300000000 0.116627313000
1020.414980000  8.300000000 0.119293347000
1020.440000000  8.300000000 0.121836483000
1020.465030000  8.300000000 0.124250889000
1020.489990000  8.300000000 0.126531377000
1020.515010000  8.300000000 0.128673494000
1020.539980000  8.300000000 0.130673394000
1020.565000000  8.300000000 0.132528052000
1020.590030000  8.300000000 0.134234965000
1020.614990000  8.300000000 0.135792315000
1020.640010000  8.300000000 0.137199044000
1020.664980000  8.300000000 0.138454631000
1020.690000000  8.300000000 0.139559224000
1020.715030000  8.300000000 0.140513450000
1020.739990000  8.300000000 0.141318709000
1020.765010000  8.300000000 0.141976744000
1020.789980000  8.300000000 0.142489925000
1020.815000000  8.300000000 0.142861053000
1020.840030000  8.300000000 0.143093377000
1020.864990000  8.300000000 0.143190578000
1020.890010000  8.300000000 0.143156752000
1020.914980000  8.300000000 0.142996222000
1020.940000000  8.300000000 0.142713830000
1020.965030000  8.300000000 0.142314479000
1020.989990000  8.300000000 0.141803488000
1021.015010000  8.300000000 0.141186327000
1021.039980000  8.300000000 0.140468583000
1021.065000000  8.300000000 0.139656171000
1021.090030000  8.300000000 0.138754994000
1021.114990000  8.300000000 0.137771159000
1021.140010000  8.300000000 0.136710837000
1021.164980000  8.300000000 0.135580257000
1021.190000000  8.300000000 0.134385750000
1021.215030000  8.300000000 0.133133754000
1021.239990000  8.300000000 0.131830573000
1021.265010000  8.300000000 0.130482733000
1021.289980000  8.300000000 0.129096687000
1021.315000000  8.300000000 0.127678871000
1021.340030000  8.300000000 0.126235738000
1021.364990000  8.300000000 0.124773763000
1021.390010000  8.300000000 0.123299286000
1021.414980000  8.300000000 0.121818602000
1021.440000000  8.300000000 0.120337985000
1021.465030000  8.300000000 0.118863553000
1021.489990000  8.300000000 0.117401309000
1021.515010000  8.300000000 0.115957081000
1021.539980000  8.300000000 0.114536628000
1021.565000000  8.300000000 0.113145329000
1021.590030000  8.300000000 0.111788481000
1021.614990000  8.300000000 0.110471062000
1021.640010000  8.300000000 0.109197810000
1021.664980000  8.300000000 0.107973158000
1021.690000000  8.300000000 0.106801130000
1021.715030000  8.300000000 0.105685413000
1021.739990000  8.300000000 0.104629375000
1021.765010000  8.300000000 0.103635848000
1021.789980000  8.300000000 0.102707326000
1021.815000000  8.300000000 0.101845764000
1021.840030000  8.300000000 0.101052679000
1021.864990000  8.300000000 0.100329109000
1021.890010000  8.300000000 0.099675610700
1021.914980000  8.300000000 0.099092252600
1021.940000000  8.300000000 0.098578646800
1021.965030000  8.300000000 0.098133929100
1021.989990000  8.300000000 0.097756765800
1022.015010000  8.300000000 0.097445376200
1022.039980000  8.300000000 0.097197562500
1022.065000000  8.300000000 0.097010746600
1022.090030000  8.300000000 0.096881948400
1022.114990000  8.300000000 0.096807815100
1022.140010000  8.300000000 0.096784725800
1022.164980000  8.300000000 0.096808724100
1022.190000000  8.300000000 0.096875637800
1022.215030000  8.300000000 0.096981078400
1022.239990000  8.300000000 0.097120493700
1022.265010000  8.300000000 0.097289167300
1022.289980000  8.300000000 0.097482398200
1022.315000000  8.300000000 0.097695328300
1022.340030000  8.300000000 0.097923182000
1022.364990000  8.300000000 0.098161138600
1022.390010000  8.300000000 0.098404519300
1022.414980000  8.300000000 0.098648756700
1022.440000000  8.300000000 0.098889343400
1022.465030000  8.300000000 0.099122054900
1022.489990000  8.300000000 0.099342852800
1022.515010000  8.300000000 0.099547870500
1022.539980000  8.300000000 0.099733591100
1022.565000000  8.300000000 0.099896766200
1022.590030000  8.300000000 0.100034401000
1022.614990000  8.300000000 0.100143902000
1022.640010000  8.300000000 0.100222968000
1022.664980000  8.300000000 0.100269660000
1022.690000000  8.300000000 0.100282408000
1022.715030000  8.300000000 0.100259997000
1022.739990000  8.300000000 0.100201577000
1022.765010000  8.300000000 0.100106657000
1022.789980000  8.300000000 0.099975116600
1022.815000000  8.300000000 0.099807180500
1022.840030000  8.300000000 0.099603422000
1022.864990000  8.300000000 0.099364735200
1022.890010000  8.300000000 0.099092319600
1022.914980000  8.300000000 0.098787702600
1022.940000000  8.300000000 0.098452754300
1022.965030000  8.300000000 0.098089516200
1022.989990000  8.300000000 0.097700297800
1023.015010000  8.300000000 0.097287647400
1023.039980000  8.300000000 0.096854336600
1023.065000000  8.300000000 0.096403330600
1023.090030000  8.300000000 0.095937699100
1023.114990000  8.300000000 0.095460735300
1023.140010000  8.300000000 0.094975791900
1023.164980000  8.300000000 0.094486296200
1023.190000000  8.300000000 0.093995884100
1023.215030000  8.300000000 0.093508027500
1023.239990000  8.300000000 0.093026392200
1023.265010000  8.300000000 0.092554569200
1023.289980000  8.300000000 0.092096090300
1023.315000000  8.300000000 0.091654427300
1023.340030000  8.300000000 0.091233007600
1023.364990000  8.300000000 0.090835034800
1023.390010000  8.300000000 0.090463638300
1023.414980000  8.300000000 0.090121693900
1023.440000000  8.300000000 0.089811906200
1023.465030000  8.300000000 0.089536823300
1023.489990000  8.300000000 0.089298680400
1023.515010000  8.300000000 0.089099459400
1023.539980000  8.300000000 0.088940911000
1023.565000000  8.300000000 0.088824510600
1023.590030000  8.300000000 0.088751412900
1023.614990000  8.300000000 0.088722437600
1023.640010000  8.300000000 0.088738225400
1023.664980000  8.300000000 0.088798947600
1023.690000000  8.300000000 0.088904589400
1023.715030000  8.300000000 0.089054763300
1023.739990000  8.300000000 0.089248850900
1023.765010000  8.300000000 0.089485906100
1023.789980000  8.300000000 0.089764647200
1023.815000000  8.300000000 0.090083576700
1023.840030000  8.300000000 0.090440966200
1023.864990000  8.300000000 0.090834714500
1023.890010000  8.300000000 0.091262623700
1023.914980000  8.300000000 0.091722153100
1023.940000000  8.300000000 0.092210672800
1023.965030000  8.300000000 0.092725232200
1023.989990000  8.300000000 0.093262746900
1024.015010000  8.300000000 0.093819983300
1024.040040000  8.300000000 0.094393514100
1024.065060000  8.300000000 0.094979763000
1024.089970000  8.300000000 0.095574989900
1024.114990000  8.300000000 0.096175372600
1024.140010000  8.300000000 0.096776939900
1024.165040000  8.300000000 0.097375683500
1024.190060000  8.300000000 0.097967438400
1024.214970000  8.300000000 0.098547995100
1024.239990000  8.300000000 0.099113166300
1024.265010000  8.300000000 0.099658645700
1024.290040000  8.300000000 0.100180194000
1024.315060000  8.300000000 0.100673541000
1024.339970000  8.300000000 0.101134494000
1024.364990000  8.300000000 0.101558901000
1024.390010000  8.300000000 0.101942666000
1024.415040000  8.300000000 0.102281839000
1024.440060000  8.300000000 0.102572545000
1024.464970000  8.300000000 0.102811076000
1024.489990000  8.300000000 0.102993861000
1024.515010000  8.300000000 0.103117526000
1024.540040000  8.300000000 0.103178903000
1024.565060000  8.300000000 0.103174999000
1024.589970000  8.300000000 0.103103057000
1024.614990000  8.300000000 0.102960542000
1024.640010000  8.300000000 0.102745153000
1024.665040000  8.300000000 0.102454878000
1024.690060000  8.300000000 0.102087870000
1024.714970000  8.300000000 0.101642564000
1024.739990000  8.300000000 0.101117618000
1024.765010000  8.300000000 0.100511953000
1024.790040000  8.300000000 0.099824622300
1024.815060000  8.300000000 0.099055044400
1024.839970000  8.300000000 0.098202712800
1024.864990000  8.300000000 0.097267396700
1024.890010000  8.300000000 0.096249058800
1024.915040000  8.300000000 0.095147840700
1024.940060000  8.300000000 0.093963995600
1024.964970000  8.300000000 0.092697970600
1024.989990000  8.300000000 0.091350361700
1025.015010000  8.300000000 0.089921817200
1025.040040000  8.300000000 0.088413164000
1025.065060000  8.300000000 0.086825266500
1025.089970000  8.300000000 0.085159167600
1025.114990000  8.300000000 0.083415940400
1025.140010000  8.300000000 0.081596761900
1025.165040000  8.300000000 0.079702965900
1025.190060000  8.300000000 0.077735878500
1025.214970000  8.300000000 0.075697071900
1025.239990000  8.300000000 0.073588110500
1025.265010000  8.300000000 0.071410678300
1025.290040000  8.300000000 0.069166548600
1025.315060000  8.300000000 0.066857636000
1025.339970000  8.300000000 0.064485892700
1025.364990000  8.300000000 0.062053456900
1025.390010000  8.300000000 0.059562496800
1025.415040000  8.300000000 0.057015363100
1025.440060000  8.300000000 0.054414454800
1025.464970000  8.300000000 0.051762346200
1025.489990000  8.300000000 0.049061682100
1025.515010000  8.300000000 0.046315264000
1025.540040000  8.300000000 0.043526031100
1025.565060000  8.300000000 0.040696989700
1025.589970000  8.300000000 0.037831325100
1025.614990000  8.300000000 0.034932311600
1025.640010000  8.300000000 0.032003399000
1025.665040000  8.300000000 0.029048113200
1025.690060000  8.300000000 0.026070145900
1025.714970000  8.300000000 0.023073336100
1025.739990000  8.300000000 0.020061610300
1025.765010000  8.300000000 0.017039058700
1025.790040000  8.300000000 0.014009892000
1025.815060000  8.300000000 0.010978448200
1025.839970000  8.300000000 0.007949216290
1025.864990000  8.300000000 0.004926801190
1025.890010000  8.300000000 0.001915940320
1025.915040000  8.300000000 -0.001078471080
1025.940060000  8.300000000 -0.004051418510
1025.964970000  8.300000000 -0.006997762250
1025.989990000  8.300000000 -0.009912216100
1026.015010000  8.300000000 -0.012789361200
1026.040040000  8.300000000 -0.015623662600
1026.065060000  8.300000000 -0.018409442200
1026.089970000  8.300000000 -0.021140908800
1026.114990000  8.300000000 -0.023812126400
1026.140010000  8.300000000 -0.026417078500
1026.165040000  8.300000000 -0.028949607200
1026.190060000  8.300000000 -0.031403519200
1026.214970000  8.300000000 -0.033772539300
1026.239990000  8.300000000 -0.036050375600
1026.265010000  8.300000000 -0.038230720900
1026.290040000  8.300000000 -0.040307283400
1026.315060000  8.300000000 -0.042273841800
1026.339970000  8.300000000 -0.044124245600
1026.364990000  8.300000000 -0.045852433900
1026.390010000  8.300000000 -0.047452505700
1026.415040000  8.300000000 -0.048918683100
1026.440060000  8.300000000 -0.050245404200
1026.464970000  8.300000000 -0.051427323400
1026.489990000  8.300000000 -0.052459321900
1026.515010000  8.300000000 -0.053336538400
1026.540040000  8.300000000 -0.054054405500
1026.565060000  8.300000000 -0.054608631900
1026.589970000  8.300000000 -0.054995283500
1026.614990000  8.300000000 -0.055210694700
1026.640010000  8.300000000 -0.055251587200
1026.665040000  8.300000000 -0.055114984500
1026.690060000  8.300000000 -0.054798249200
1026.714970000  8.300000000 -0.054299119900
1026.739990000  8.300000000 -0.053615648300
1026.765010000  8.300000000 -0.052746202800
1026.790040000  8.300000000 -0.051689535400
1026.815060000  8.300000000 -0.050444707300
1026.839970000  8.300000000 -0.049011096400
1026.864990000  8.300000000 -0.047388434400
1026.890010000  8.300000000 -0.045576740100
1026.915040000  8.300000000 -0.043576359700
1026.940060000  8.300000000 -0.041387967800
1026.964970000  8.300000000 -0.039012488000
1026.989990000  8.300000000 -0.036451175800
1027.015010000  8.300000000 -0.033705562400
1027.040040000  8.300000000 -0.030777461800
1027.065060000  8.300000000 -0.027668941800
1027.089970000  8.300000000 -0.024382351000
1027.114990000  8.300000000 -0.020920287800
1027.140010000  8.300000000 -0.017285609600
1027.165040000  8.300000000 -0.013481409300
1027.190060000  8.300000000 -0.009511047040
1027.214970000  8.300000000 -0.005378104280
1027.239990000  8.300000000 -0.001086403500
1027.265010000  8.300000000 0.003359992290
1027.290040000  8.300000000 0.007956784220
1027.315060000  8.300000000 0.012699405700
1027.339970000  8.300000000 0.017583044200
1027.364990000  8.300000000 0.022602630800
1027.390010000  8.300000000 0.027752814800
1027.415040000  8.300000000 0.033027961900
1027.440060000  8.300000000 0.038422167300
1027.464970000  8.300000000 0.043929193200
1027.489990000  8.300000000 0.049542505300
1027.515010000  8.300000000 0.055255267800
1027.540040000  8.300000000 0.061060305700
1027.565060000  8.300000000 0.066950105100
1027.589970000  8.300000000 0.072916872800
1027.614990000  8.300000000 0.078952439100
1027.640010000  8.300000000 0.085048377500
1027.665040000  8.300000000 0.091195881400
1027.690060000  8.300000000 0.097385905700
1027.714970000  8.300000000 0.103609137000
1027.739990000  8.300000000 0.109856024000
1027.765010000  8.300000000 0.116116703000
1027.790040000  8.300000000 0.122381218000
1027.815060000  8.300000000 0.128639400000
1027.839970000  8.300000000 0.134880975000
1027.864990000  8.300000000 0.141095519000
1027.890010000  8.300000000 0.147272617000
1027.915040000  8.300000000 0.153401852000
1027.940060000  8.300000000 0.159472793000
1027.964970000  8.300000000 0.165475041000
1027.989990000  8.300000000 0.171398446000
1028.015010000  8.300000000 0.177232891000
1028.040040000  8.300000000 0.182968393000
1028.065060000  8.300000000 0.188595399000
1028.089970000  8.300000000 0.194104403000
1028.114990000  8.300000000 0.199486315000
1028.140010000  8.300000000 0.204732329000
1028.165040000  8.300000000 0.209833935000
1028.190060000  8.300000000 0.214783028000
1028.214970000  8.300000000 0.219571859000
1028.239990000  8.300000000 0.224193081000
1028.265010000  8.300000000 0.228639647000
1028.290040000  8.300000000 0.232905120000
1028.315060000  8.300000000 0.236983076000
1028.339970000  8.300000000 0.240867972000
1028.364990000  8.300000000 0.244554147000
1028.390010000  8.300000000 0.248036668000
1028.415040000  8.300000000 0.251310855000
1028.440060000  8.300000000 0.254372388000
1028.464970000  8.300000000 0.257217377000
1028.489990000  8.300000000 0.259842157000
1028.515010000  8.300000000 0.262243569000
1028.540040000  8.300000000 0.264418691000
1028.565060000  8.300000000 0.266365021000
1028.589970000  8.300000000 0.268080473000
1028.614990000  8.300000000 0.269563019000
1028.640010000  8.300000000 0.270811170000
1028.665040000  8.300000000 0.271823913000
1028.690060000  8.300000000 0.272600234000
1028.714970000  8.300000000 0.273139566000
1028.739990000  8.300000000 0.273441732000
1028.765010000  8.300000000 0.273506731000
1028.790040000  8.300000000 0.273335040000
1028.815060000  8.300000000 0.272927165000
1028.839970000  8.300000000 0.272284120000
1028.864990000  8.300000000 0.271407127000
1028.890010000  8.300000000 0.270297587000
1028.915040000  8.300000000 0.268957257000
1028.940060000  8.300000000 0.267388165000
1028.964970000  8.300000000 0.265592515000
1028.989990000  8.300000000 0.263572693000
1029.015010000  8.300000000 0.261331439000
1029.040040000  8.300000000 0.258871555000
1029.065060000  8.300000000 0.256196231000
1029.089970000  8.300000000 0.253308624000
1029.114990000  8.300000000 0.250212371000
1029.140010000  8.300000000 0.246911004000
1029.165040000  8.300000000 0.243408412000
1029.190060000  8.300000000 0.239708617000
1029.214970000  8.300000000 0.235815614000
1029.239990000  8.300000000 0.231733903000
1029.265010000  8.300000000 0.227467895000
1029.290040000  8.300000000 0.223022178000
1029.315060000  8.300000000 0.218401596000
1029.339970000  8.300000000 0.213611037000
1029.364990000  8.300000000 0.208655715000
1029.390010000  8.300000000 0.203540862000
1029.415040000  8.300000000 0.198271975000
1029.440060000  8.300000000 0.192854673000
1029.464970000  8.300000000 0.187294856000
1029.489990000  8.300000000 0.181598499000
1029.515010000  8.300000000 0.175771803000
1029.540040000  8.300000000 0.169821039000
1029.565060000  8.300000000 0.163752839000
1029.589970000  8.300000000 0.157573774000
1029.614990000  8.300000000 0.151290670000
1029.640010000  8.300000000 0.144910350000
1029.665040000  8.300000000 0.138439775000
1029.690060000  8.300000000 0.131885916000
1029.714970000  8.300000000 0.125255793000
1029.739990000  8.300000000 0.118556373000
1029.765010000  8.300000000 0.111794628000
1029.790040000  8.300000000 0.104977317000
1029.815060000  8.300000000 0.098111234600
1029.839970000  8.300000000 0.091202899800
1029.864990000  8.300000000 0.084258697900
1029.890010000  8.300000000 0.077284827800
1029.915040000  8.300000000 0.070287197800
1029.940060000  8.300000000 0.063271470400
1029.964970000  8.300000000 0.056243065700
1029.989990000  8.300000000 0.049207095100
1030.015010000  8.300000000 0.042168371400
1030.040040000  8.300000000 0.035131406000
1030.065060000  8.300000000 0.028100395600
1030.089970000  8.300000000 0.021079216200
1030.114990000  8.300000000 0.014071494300
1030.140010000  8.300000000 0.007080475800
1030.165040000  8.300000000 0.000109177570
1030.190060000  8.300000000 -0.006839750330
1030.214970000  8.300000000 -0.013763881300
1030.239990000  8.300000000 -0.020661106300
1030.265010000  8.300000000 -0.027529576800
1030.290040000  8.300000000 -0.034367695500
1030.315060000  8.300000000 -0.041174143600
1030.339970000  8.300000000 -0.047947831500
1030.364990000  8.300000000 -0.054687913500
1030.390010000  8.300000000 -0.061393752700
1030.415040000  8.300000000 -0.068064913200
1030.440060000  8.300000000 -0.074701182500
1030.464970000  8.300000000 -0.081302516200
1030.489990000  8.300000000 -0.087869025800
1030.515010000  8.300000000 -0.094400942300
1030.540040000  8.300000000 -0.100898743000
1030.565060000  8.300000000 -0.107362926000
1030.589970000  8.300000000 -0.113794170000
1030.614990000  8.300000000 -0.120193198000
1030.640010000  8.300000000 -0.126560837000
1030.665040000  8.300000000 -0.132898003000
1030.690060000  8.300000000 -0.139205679000
1030.714970000  8.300000000 -0.145484835000
1030.739990000  8.300000000 -0.151736543000
1030.765010000  8.300000000 -0.157961830000
1030.790040000  8.300000000 -0.164161697000
1030.815060000  8.300000000 -0.170337215000
1030.839970000  8.300000000 -0.176489353000
1030.864990000  8.300000000 -0.182619005000
1030.890010000  8.300000000 -0.188727230000
1030.915040000  8.300000000 -0.194814697000
1030.940060000  8.300000000 -0.200882331000
1030.964970000  8.300000000 -0.206930637000
1030.989990000  8.300000000 -0.212960452000
1031.015010000  8.300000000 -0.218972117000
1031.040040000  8.300000000 -0.224966154000
1031.065060000  8.300000000 -0.230942979000
1031.089970000  8.300000000 -0.236902699000
1031.114990000  8.300000000 -0.242845744000
1031.140010000  8.300000000 -0.248771980000
1031.165040000  8.300000000 -0.254681736000
1031.190060000  8.300000000 -0.260574877000
1031.214970000  8.300000000 -0.266451329000
1031.239990000  8.300000000 -0.272311300000
1031.265010000  8.300000000 -0.278154552000
1031.290040000  8.300000000 -0.283981144000
1031.315060000  8.300000000 -0.289791197000
1031.339970000  8.300000000 -0.295584738000
1031.364990000  8.300000000 -0.301361948000
1031.390010000  8.300000000 -0.307123095000
1031.415040000  8.300000000 -0.312868655000
1031.440060000  8.300000000 -0.318599194000
1031.464970000  8.300000000 -0.324315280000
1031.489990000  8.300000000 -0.330017805000
1031.515010000  8.300000000 -0.335707843000
1031.540040000  8.300000000 -0.341386527000
1031.565060000  8.300000000 -0.347055256000
1031.589970000  8.300000000 -0.352715492000
1031.614990000  8.300000000 -0.358369052000
1031.640010000  8.300000000 -0.364017785000
1031.665040000  8.300000000 -0.369663686000
1031.690060000  8.300000000 -0.375309110000
1031.714970000  8.300000000 -0.380956262000
1031.739990000  8.300000000 -0.386607558000
1031.765010000  8.300000000 -0.392265350000
1031.790040000  8.300000000 -0.397932261000
1031.815060000  8.300000000 -0.403610975000
1031.839970000  8.300000000 -0.409303784000
1031.864990000  8.300000000 -0.415013403000
1031.890010000  8.300000000 -0.420742154000
1031.915040000  8.300000000 -0.426492602000
1031.940060000  8.300000000 -0.432266891000
1031.964970000  8.300000000 -0.438067257000
1031.989990000  8.300000000 -0.443895638000
1032.015010000  8.300000000 -0.449753881000
1032.040040000  8.300000000 -0.455643624000
1032.065060000  8.300000000 -0.461565882000
1032.089970000  8.300000000 -0.467522055000
1032.114990000  8.300000000 -0.473512530000
1032.140010000  8.300000000 -0.479537666000
1032.165040000  8.300000000 -0.485597700000
1032.190060000  8.300000000 -0.491691887000
1032.214970000  8.300000000 -0.497819662000
1032.239990000  8.300000000 -0.503979683000
1032.265010000  8.300000000 -0.510170281000
1032.290040000  8.300000000 -0.516389489000
1032.315060000  8.300000000 -0.522634566000
1032.339970000  8.300000000 -0.528902769000
1032.364990000  8.300000000 -0.535190463000
1032.390010000  8.300000000 -0.541493773000
1032.415040000  8.300000000 -0.547808409000
1032.440060000  8.300000000 -0.554129422000
1032.464970000  8.300000000 -0.560451865000
1032.489990000  8.300000000 -0.566769481000
1032.515010000  8.300000000 -0.573076546000
1032.540040000  8.300000000 -0.579366326000
1032.565060000  8.300000000 -0.585631967000
1032.589970000  8.300000000 -0.591865897000
1032.614990000  8.300000000 -0.598060250000
1032.640010000  8.300000000 -0.604207158000
1032.665040000  8.300000000 -0.610297978000
1032.690060000  8.300000000 -0.616323650000
1032.714970000  8.300000000 -0.622275293000
1032.739990000  8.300000000 -0.628143311000
1032.765010000  8.300000000 -0.633918107000
1032.790040000  8.300000000 -0.639589727000
1032.815060000  8.300000000 -0.645148277000
1032.839970000  8.300000000 -0.650583267000
1032.864990000  8.300000000 -0.655884624000
1032.890010000  8.300000000 -0.661041796000
1032.915040000  8.300000000 -0.666044295000
1032.940060000  8.300000000 -0.670881987000
1032.964970000  8.300000000 -0.675544083000
1032.989990000  8.300000000 -0.680020511000
1033.015010000  8.300000000 -0.684300840000
1033.040040000  8.300000000 -0.688375294000
1033.065060000  8.300000000 -0.692233920000
1033.089970000  8.300000000 -0.695867300000
1033.114990000  8.300000000 -0.699266016000
1033.140010000  8.300000000 -0.702421129000
1033.165040000  8.300000000 -0.705323815000
1033.190060000  8.300000000 -0.707966208000
1033.214970000  8.300000000 -0.710340083000
1033.239990000  8.300000000 -0.712438166000
1033.265010000  8.300000000 -0.714253128000
1033.290040000  8.300000000 -0.715778828000
1033.315060000  8.300000000 -0.717009008000
1033.339970000  8.300000000 -0.717937887000
1033.364990000  8.300000000 -0.718560576000
1033.390010000  8.300000000 -0.718872547000
1033.415040000  8.300000000 -0.718869507000
1033.440060000  8.300000000 -0.718547881000
1033.464970000  8.300000000 -0.717904568000
1033.489990000  8.300000000 -0.716937125000
1033.515010000  8.300000000 -0.715643346000
1033.540040000  8.300000000 -0.714021683000
1033.565060000  8.300000000 -0.712070942000
1033.589970000  8.300000000 -0.709790587000
1033.614990000  8.300000000 -0.707180500000
1033.640010000  8.300000000 -0.704240978000
1033.665040000  8.300000000 -0.700972676000
1033.690060000  8.300000000 -0.697377026000
1033.714970000  8.300000000 -0.693455517000
1033.739990000  8.300000000 -0.689210117000
1033.765010000  8.300000000 -0.684643388000
1033.790040000  8.300000000 -0.679758132000
1033.815060000  8.300000000 -0.674557567000
1033.839970000  8.300000000 -0.669045091000
1033.864990000  8.300000000 -0.663224697000
1033.890010000  8.300000000 -0.657100260000
1033.915040000  8.300000000 -0.650676370000
1033.940060000  8.300000000 -0.643957615000
1033.964970000  8.300000000 -0.636948943000
1033.989990000  8.300000000 -0.629655302000
1034.015010000  8.300000000 -0.622081935000
1034.040040000  8.300000000 -0.614234447000
1034.065060000  8.300000000 -0.606118202000
1034.089970000  8.300000000 -0.597738981000
1034.114990000  8.300000000 -0.589102626000
1034.140010000  8.300000000 -0.580214858000
1034.165040000  8.300000000 -0.571081936000
1034.190060000  8.300000000 -0.561709762000
1034.214970000  8.300000000 -0.552104473000
1034.239990000  8.300000000 -0.542272210000
1034.265010000  8.300000000 -0.532219529000
1034.290040000  8.300000000 -0.521952391000
1034.315060000  8.300000000 -0.511477411000
1034.339970000  8.300000000 -0.500800729000
1034.364990000  8.300000000 -0.489928961000
1034.390010000  8.300000000 -0.478868663000
1034.415040000  8.300000000 -0.467626125000
1034.440060000  8.300000000 -0.456207991000
1034.464970000  8.300000000 -0.444620758000
1034.489990000  8.300000000 -0.432871073000
1034.515010000  8.300000000 -0.420965493000
1034.540040000  8.300000000 -0.408910453000
1034.565060000  8.300000000 -0.396712542000
1034.589970000  8.300000000 -0.384378314000
1034.614990000  8.300000000 -0.371914148000
1034.640010000  8.300000000 -0.359326392000
1034.665040000  8.300000000 -0.346621364000
1034.690060000  8.300000000 -0.333805233000
1034.714970000  8.300000000 -0.320884138000
1034.739990000  8.300000000 -0.307864040000
1034.765010000  8.300000000 -0.294750810000
1034.790040000  8.300000000 -0.281550169000
1034.815060000  8.300000000 -0.268267602000
1034.839970000  8.300000000 -0.254908472000
1034.864990000  8.300000000 -0.241478011000
1034.890010000  8.300000000 -0.227981135000
1034.915040000  8.300000000 -0.214422688000
1034.940060000  8.300000000 -0.200807199000
1034.964970000  8.300000000 -0.187139139000
1034.989990000  8.300000000 -0.173422620000
1035.015010000  8.300000000 -0.159661680000
1035.040040000  8.300000000 -0.145860150000
1035.065060000  8.300000000 -0.132021666000
1035.089970000  8.300000000 -0.118149765000
1035.114990000  8.300000000 -0.104247786000
1035.140010000  8.300000000 -0.090319015100
1035.165040000  8.300000000 -0.076366588500
1035.190060000  8.300000000 -0.062393602000
1035.214970000  8.300000000 -0.048403181100
1035.239990000  8.300000000 -0.034398321100
1035.265010000  8.300000000 -0.020382165900
1035.290040000  8.300000000 -0.006357866340
1035.315060000  8.300000000 0.007671306840
1035.339970000  8.300000000 0.021701943100
1035.364990000  8.300000000 0.035730477400
1035.390010000  8.300000000 0.049753200300
1035.415040000  8.300000000 0.063766129300
1035.440060000  8.300000000 0.077765062500
1035.464970000  8.300000000 0.091745607600
1035.489990000  8.300000000 0.105703041000
1035.515010000  8.300000000 0.119632460000
1035.540040000  8.300000000 0.133528665000
1035.565060000  8.300000000 0.147386149000
1035.589970000  8.300000000 0.161199212000
1035.614990000  8.300000000 0.174961850000
1035.640010000  8.300000000 0.188667923000
1035.665040000  8.300000000 0.202310950000
1035.690060000  8.300000000 0.215884268000
1035.714970000  8.300000000 0.229381278000
1035.739990000  8.300000000 0.242794782000
1035.765010000  8.300000000 0.256117940000
1035.790040000  8.300000000 0.269343555000
1035.815060000  8.300000000 0.282464415000
1035.839970000  8.300000000 0.295473397000
1035.864990000  8.300000000 0.308363318000
1035.890010000  8.300000000 0.321127117000
1035.915040000  8.300000000 0.333757788000
1035.940060000  8.300000000 0.346248507000
1035.964970000  8.300000000 0.358592689000
1035.989990000  8.300000000 0.370784014000
1036.015010000  8.300000000 0.382816225000
1036.040040000  8.300000000 0.394683450000
1036.065060000  8.300000000 0.406380266000
1036.089970000  8.300000000 0.417901367000
1036.114990000  8.300000000 0.429242015000
1036.140010000  8.300000000 0.440397352000
1036.165040000  8.300000000 0.451363474000
1036.190060000  8.300000000 0.462136477000
1036.214970000  8.300000000 0.472712755000
1036.239990000  8.300000000 0.483089656000
1036.265010000  8.300000000 0.493263960000
1036.290040000  8.300000000 0.503233433000
1036.315060000  8.300000000 0.512995958000
1036.339970000  8.300000000 0.522549868000
1036.364990000  8.300000000 0.531893611000
1036.390010000  8.300000000 0.541025937000
1036.415040000  8.300000000 0.549946070000
1036.440060000  8.300000000 0.558653057000
1036.464970000  8.300000000 0.567146242000
1036.489990000  8.300000000 0.575425327000
1036.515010000  8.300000000 0.583490372000
1036.540040000  8.300000000 0.591340780000
1036.565060000  8.300000000 0.598976791000
1036.589970000  8.300000000 0.606398642000
1036.614990000  8.300000000 0.613605976000
1036.640010000  8.300000000 0.620599449000
1036.665040000  8.300000000 0.627378941000
1036.690060000  8.300000000 0.633944690000
1036.714970000  8.300000000 0.640296936000
1036.739990000  8.300000000 0.646435678000
1036.765010000  8.300000000 0.652360797000
1036.790040000  8.300000000 0.658072293000
1036.815060000  8.300000000 0.663569987000
1036.839970000  8.300000000 0.668853462000
1036.864990000  8.300000000 0.673922181000
1036.890010000  8.300000000 0.678775370000
1036.915040000  8.300000000 0.683412194000
1036.940060000  8.300000000 0.687831521000
1036.964970000  8.300000000 0.692032039000
1036.989990000  8.300000000 0.696012318000
1037.015010000  8.300000000 0.699770391000
1037.040040000  8.300000000 0.703304470000
1037.065060000  8.300000000 0.706612229000
1037.089970000  8.300000000 0.709691226000
1037.114990000  8.300000000 0.712538838000
1037.140010000  8.300000000 0.715152264000
1037.165040000  8.300000000 0.717528403000
1037.190060000  8.300000000 0.719664097000
1037.214970000  8.300000000 0.721556067000
1037.239990000  8.300000000 0.723200619000
1037.265010000  8.300000000 0.724594176000
1037.290040000  8.300000000 0.725733280000
1037.315060000  8.300000000 0.726614237000
1037.339970000  8.300000000 0.727232873000
1037.364990000  8.300000000 0.727585912000
1037.390010000  8.300000000 0.727669537000
1037.415040000  8.300000000 0.727479756000
1037.440060000  8.300000000 0.727013409000
1037.464970000  8.300000000 0.726266861000
1037.489990000  8.300000000 0.725236833000
1037.515010000  8.300000000 0.723920047000
1037.540040000  8.300000000 0.722313941000
1037.565060000  8.300000000 0.720415473000
1037.589970000  8.300000000 0.718222141000
1037.614990000  8.300000000 0.715731978000
1037.640010000  8.300000000 0.712943196000
1037.665040000  8.300000000 0.709853649000
1037.690060000  8.300000000 0.706462502000
1037.714970000  8.300000000 0.702768683000
1037.739990000  8.300000000 0.698771596000
1037.765010000  8.300000000 0.694470882000
1037.790040000  8.300000000 0.689866960000
1037.815060000  8.300000000 0.684960425000
1037.839970000  8.300000000 0.679751992000
1037.864990000  8.300000000 0.674243391000
1037.890010000  8.300000000 0.668436289000
1037.915040000  8.300000000 0.662333012000
1037.940060000  8.300000000 0.655936360000
1037.964970000  8.300000000 0.649249375000
1037.989990000  8.300000000 0.642275572000
1038.015010000  8.300000000 0.635018945000
1038.040040000  8.300000000 0.627483904000
1038.065060000  8.300000000 0.619675279000
1038.089970000  8.300000000 0.611598074000
1038.114990000  8.300000000 0.603258073000
1038.140010000  8.300000000 0.594660938000
1038.165040000  8.300000000 0.585813165000
1038.190060000  8.300000000 0.576721251000
1038.214970000  8.300000000 0.567392111000
1038.239990000  8.300000000 0.557833076000
1038.265010000  8.300000000 0.548051476000
1038.290040000  8.300000000 0.538055360000
1038.315060000  8.300000000 0.527852654000
1038.339970000  8.300000000 0.517451346000
1038.364990000  8.300000000 0.506860375000
1038.390010000  8.300000000 0.496087909000
1038.415040000  8.300000000 0.485143006000
1038.440060000  8.300000000 0.474034488000
1038.464970000  8.300000000 0.462771177000
1038.489990000  8.300000000 0.451362312000
1038.515010000  8.300000000 0.439816922000
1038.540040000  8.300000000 0.428144246000
1038.565060000  8.300000000 0.416353226000
1038.589970000  8.300000000 0.404453158000
1038.614990000  8.300000000 0.392452896000
1038.640010000  8.300000000 0.380361527000
1038.665040000  8.300000000 0.368187994000
1038.690060000  8.300000000 0.355940908000
1038.714970000  8.300000000 0.343628854000
1038.739990000  8.300000000 0.331260413000
1038.765010000  8.300000000 0.318843693000
1038.790040000  8.300000000 0.306386977000
1038.815060000  8.300000000 0.293898135000
1038.839970000  8.300000000 0.281384796000
1038.864990000  8.300000000 0.268854409000
1038.890010000  8.300000000 0.256314307000
1038.915040000  8.300000000 0.243771493000
1038.940060000  8.300000000 0.231232733000
1038.964970000  8.300000000 0.218704641000
1038.989990000  8.300000000 0.206193551000
1039.015010000  8.300000000 0.193705514000
1039.040040000  8.300000000 0.181246534000
1039.065060000  8.300000000 0.168822169000
1039.089970000  8.300000000 0.156438038000
1039.114990000  8.300000000 0.144099355000
1039.140010000  8.300000000 0.131811321000
1039.165040000  8.300000000 0.119578816000
1039.190060000  8.300000000 0.107406750000
1039.214970000  8.300000000 0.095299765500
1039.239990000  8.300000000 0.083262480800
1039.265010000  8.300000000 0.071299366700
1039.290040000  8.300000000 0.059414837500
1039.315060000  8.300000000 0.047613192300
1039.339970000  8.300000000 0.035898696600
1039.364990000  8.300000000 0.024275559900
1039.390010000  8.300000000 0.012747942500
1039.415040000  8.300000000 0.001319994920
1039.440060000  8.300000000 -0.010004252200
1039.464970000  8.300000000 -0.021220732500
1039.489990000  8.300000000 -0.032325495000
1039.515010000  8.300000000 -0.043314535200
1039.540040000  8.300000000 -0.054184030700
1039.565060000  8.300000000 -0.064930133500
1039.589970000  8.300000000 -0.075549066100
1039.614990000  8.300000000 -0.086037211100
1039.640010000  8.300000000 -0.096390932800
1039.665040000  8.300000000 -0.106606804000
1039.690060000  8.300000000 -0.116681501000
1039.714970000  8.300000000 -0.126611799000
1039.739990000  8.300000000 -0.136394709000
1039.765010000  8.300000000 -0.146027327000
1039.790040000  8.300000000 -0.155506968000
1039.815060000  8.300000000 -0.164831087000
1039.839970000  8.300000000 -0.173997387000
1039.864990000  8.300000000 -0.183003575000
1039.890010000  8.300000000 -0.191847846000
1039.915040000  8.300000000 -0.200528249000
1039.940060000  8.300000000 -0.209043220000
1039.964970000  8.300000000 -0.217391267000
1039.989990000  8.300000000 -0.225571096000
1040.015010000  8.300000000 -0.233581543000
1040.040040000  8.300000000 -0.241421536000
1040.065060000  8.300000000 -0.249090195000
1040.089970000  8.300000000 -0.256586671000
1040.114990000  8.300000000 -0.263910383000
1040.140010000  8.300000000 -0.271060705000
1040.165040000  8.300000000 -0.278036952000
1040.190060000  8.300000000 -0.284838855000
1040.214970000  8.300000000 -0.291465819000
1040.239990000  8.300000000 -0.297917575000
1040.265010000  8.300000000 -0.304193735000
1040.290040000  8.300000000 -0.310294032000
1040.315060000  8.300000000 -0.316218078000
1040.339970000  8.300000000 -0.321965665000
1040.364990000  8.300000000 -0.327536374000
1040.390010000  8.300000000 -0.332929999000
1040.415040000  8.300000000 -0.338146120000
1040.440060000  8.300000000 -0.343184382000
1040.464970000  8.300000000 -0.348044276000
1040.489990000  8.300000000 -0.352725565000
1040.515010000  8.300000000 -0.357227534000
1040.540040000  8.300000000 -0.361549884000
1040.565060000  8.300000000 -0.365692049000
1040.589970000  8.300000000 -0.369653463000
1040.614990000  8.300000000 -0.373433501000
1040.640010000  8.300000000 -0.377031714000
1040.665040000  8.300000000 -0.380447596000
1040.690060000  8.300000000 -0.383680463000
1040.714970000  8.300000000 -0.386729956000
1040.739990000  8.300000000 -0.389595419000
1040.765010000  8.300000000 -0.392276466000
1040.790040000  8.300000000 -0.394772857000
1040.815060000  8.300000000 -0.397084117000
1040.839970000  8.300000000 -0.399209976000
1040.864990000  8.300000000 -0.401150465000
1040.890010000  8.300000000 -0.402905643000
1040.915040000  8.300000000 -0.404475451000
1040.940060000  8.300000000 -0.405860245000
1040.964970000  8.300000000 -0.407060444000
1040.989990000  8.300000000 -0.408076853000
1041.015010000  8.300000000 -0.408909768000
1041.040040000  8.300000000 -0.409560412000
1041.065060000  8.300000000 -0.410029829000
1041.089970000  8.300000000 -0.410319090000
1041.114990000  8.300000000 -0.410429627000
1041.140010000  8.300000000 -0.410363019000
1041.165040000  8.300000000 -0.410120964000
1041.190060000  8.300000000 -0.409705073000
1041.214970000  8.300000000 -0.409117371000
1041.239990000  8.300000000 -0.408359945000
1041.265010000  8.300000000 -0.407434851000
1041.290040000  8.300000000 -0.406344503000
1041.315060000  8.300000000 -0.405090988000
1041.339970000  8.300000000 -0.403676897000
1041.364990000  8.300000000 -0.402104676000
1041.390010000  8.300000000 -0.400376737000
1041.415040000  8.300000000 -0.398495764000
1041.440060000  8.300000000 -0.396464169000
1041.464970000  8.300000000 -0.394284636000
1041.489990000  8.300000000 -0.391959757000
1041.515010000  8.300000000 -0.389492214000
1041.540040000  8.300000000 -0.386884600000
1041.565060000  8.300000000 -0.384139508000
1041.589970000  8.300000000 -0.381259620000
1041.614990000  8.300000000 -0.378247589000
1041.640010000  8.300000000 -0.375106066000
1041.665040000  8.300000000 -0.371837854000
1041.690060000  8.300000000 -0.368445426000
1041.714970000  8.300000000 -0.364931673000
1041.739990000  8.300000000 -0.361299336000
1041.765010000  8.300000000 -0.357551247000
1041.790040000  8.300000000 -0.353690118000
1041.815060000  8.300000000 -0.349718869000
1041.839970000  8.300000000 -0.345640540000
1041.864990000  8.300000000 -0.341457963000
1041.890010000  8.300000000 -0.337174147000
1041.915040000  8.300000000 -0.332792163000
1041.940060000  8.300000000 -0.328315020000
1041.964970000  8.300000000 -0.323745847000
1041.989990000  8.300000000 -0.319087803000
1042.015010000  8.300000000 -0.314343989000
1042.040040000  8.300000000 -0.309517473000
1042.065060000  8.300000000 -0.304611564000
1042.089970000  8.300000000 -0.299629241000
1042.114990000  8.300000000 -0.294573754000
1042.140010000  8.300000000 -0.289448082000
1042.165040000  8.300000000 -0.284255356000
1042.190060000  8.300000000 -0.278998554000
1042.214970000  8.300000000 -0.273680568000
1042.239990000  8.300000000 -0.268304348000
1042.265010000  8.300000000 -0.262872607000
1042.290040000  8.300000000 -0.257388145000
1042.315060000  8.300000000 -0.251853466000
1042.339970000  8.300000000 -0.246271133000
1042.364990000  8.300000000 -0.240643591000
1042.390010000  8.300000000 -0.234973013000
1042.415040000  8.300000000 -0.229261711000
1042.440060000  8.300000000 -0.223511636000
1042.464970000  8.300000000 -0.217724755000
1042.489990000  8.300000000 -0.211903080000
1042.515010000  8.300000000 -0.206048205000
1042.540040000  8.300000000 -0.200161889000
1042.565060000  8.300000000 -0.194245830000
1042.589970000  8.300000000 -0.188301608000
1042.614990000  8.300000000 -0.182330757000
1042.640010000  8.300000000 -0.176334903000
1042.665040000  8.300000000 -0.170315519000
1042.690060000  8.300000000 -0.164274335000
1042.714970000  8.300000000 -0.158212915000
1042.739990000  8.300000000 -0.152133018000
1042.765010000  8.300000000 -0.146036431000
1042.790040000  8.300000000 -0.139925137000
1042.815060000  8.300000000 -0.133801118000
1042.839970000  8.300000000 -0.127666712000
1042.864990000  8.300000000 -0.121524274000
1042.890010000  8.300000000 -0.115376391000
1042.915040000  8.300000000 -0.109225877000
1042.940060000  8.300000000 -0.103075765000
1042.964970000  8.300000000 -0.096929237200
1042.989990000  8.300000000 -0.090789750200
1043.015010000  8.300000000 -0.084660962200
1043.040040000  8.300000000 -0.078546717800
1043.065060000  8.300000000 -0.072451077400
1043.089970000  8.300000000 -0.066378280500
1043.114990000  8.300000000 -0.060332760200
1043.140010000  8.300000000 -0.054319080000
1043.165040000  8.300000000 -0.048341948500
1043.190060000  8.300000000 -0.042406179000
1043.214970000  8.300000000 -0.036516659000
1043.239990000  8.300000000 -0.030678318800
1043.265010000  8.300000000 -0.024896118800
1043.290040000  8.300000000 -0.019174980000
1043.315060000  8.300000000 -0.013519771400
1043.339970000  8.300000000 -0.007935277190
1043.364990000  8.300000000 -0.002426143040
1043.390010000  8.300000000 0.003003132060
1043.415040000  8.300000000 0.008348246110
1043.440060000  8.300000000 0.013605081500
1043.464970000  8.300000000 0.018769819300
1043.489990000  8.300000000 0.023838866500
1043.515010000  8.300000000 0.028808945800
1043.540040000  8.300000000 0.033677090000
1043.565060000  8.300000000 0.038440682000
1043.589970000  8.300000000 0.043097451300
1043.614990000  8.300000000 0.047645542800
1043.640010000  8.300000000 0.052083462500
1043.665040000  8.300000000 0.056410145000
1043.690060000  8.300000000 0.060624945900
1043.714970000  8.300000000 0.064727634200
1043.739990000  8.300000000 0.068718425900
1043.765010000  8.300000000 0.072597913400
1043.790040000  8.300000000 0.076367139800
1043.815060000  8.300000000 0.080027565400
1043.839970000  8.300000000 0.083580993100
1043.864990000  8.300000000 0.087029643400
1043.890010000  8.300000000 0.090376026900
1043.915040000  8.300000000 0.093623079400
1043.940060000  8.300000000 0.096773907500
1043.964970000  8.300000000 0.099832013200
1043.989990000  8.300000000 0.102801092000
1044.015010000  8.300000000 0.105685122000
1044.040040000  8.300000000 0.108488217000
1044.065060000  8.300000000 0.111214735000
1044.089970000  8.300000000 0.113869108000
1044.114990000  8.300000000 0.116456009000
1044.140010000  8.300000000 0.118980043000
1044.165040000  8.300000000 0.121445954000
1044.190060000  8.300000000 0.123858534000
1044.214970000  8.300000000 0.126222521000
1044.239990000  8.300000000 0.128542706000
1044.265010000  8.300000000 0.130823657000
1044.290040000  8.300000000 0.133070052000
1044.315060000  8.300000000 0.135286346000
1044.339970000  8.300000000 0.137476891000
1044.364990000  8.300000000 0.139645860000
1044.390010000  8.300000000 0.141797274000
1044.415040000  8.300000000 0.143934906000
1044.440060000  8.300000000 0.146062285000
1044.464970000  8.300000000 0.148182794000
1044.489990000  8.300000000 0.150299445000
1044.515010000  8.300000000 0.152415022000
1044.540040000  8.300000000 0.154532000000
1044.565060000  8.300000000 0.156652600000
1044.589970000  8.300000000 0.158778682000
1044.614990000  8.300000000 0.160911784000
1044.640010000  8.300000000 0.163053140000
1044.665040000  8.300000000 0.165203735000
1044.690060000  8.300000000 0.167364076000
1044.714970000  8.300000000 0.169534504000
1044.739990000  8.300000000 0.171714947000
1044.765010000  8.300000000 0.173905119000
1044.790040000  8.300000000 0.176104337000
1044.815060000  8.300000000 0.178311706000
1044.839970000  8.300000000 0.180526033000
1044.864990000  8.300000000 0.182745948000
1044.890010000  8.300000000 0.184969798000
1044.915040000  8.300000000 0.187195659000
1044.940060000  8.300000000 0.189421535000
1044.964970000  8.300000000 0.191645190000
1044.989990000  8.300000000 0.193864226000
1045.015010000  8.300000000 0.196076185000
1045.040040000  8.300000000 0.198278427000
1045.065060000  8.300000000 0.200468212000
1045.089970000  8.300000000 0.202642754000
1045.114990000  8.300000000 0.204799190000
1045.140010000  8.300000000 0.206934571000
1045.165040000  8.300000000 0.209046006000
1045.190060000  8.300000000 0.211130500000
1045.214970000  8.300000000 0.213185087000
1045.239990000  8.300000000 0.215206891000
1045.265010000  8.300000000 0.217192933000
1045.290040000  8.300000000 0.219140381000
1045.315060000  8.300000000 0.221046492000
1045.339970000  8.300000000 0.222908542000
1045.364990000  8.300000000 0.224723935000
1045.390010000  8.300000000 0.226490170000
1045.415040000  8.300000000 0.228204742000
1045.440060000  8.300000000 0.229865462000
1045.464970000  8.300000000 0.231470048000
1045.489990000  8.300000000 0.233016536000
1045.515010000  8.300000000 0.234502956000
1045.540040000  8.300000000 0.235927433000
1045.565060000  8.300000000 0.237288430000
1045.589970000  8.300000000 0.238584429000
1045.614990000  8.300000000 0.239814073000
1045.640010000  8.300000000 0.240976125000
1045.665040000  8.300000000 0.242069453000
1045.690060000  8.300000000 0.243093222000
1045.714970000  8.300000000 0.244046628000
1045.739990000  8.300000000 0.244928852000
1045.765010000  8.300000000 0.245739520000
1045.790040000  8.300000000 0.246478125000
1045.815060000  8.300000000 0.247144505000
1045.839970000  8.300000000 0.247738466000
1045.864990000  8.300000000 0.248260021000
1045.890010000  8.300000000 0.248709291000
1045.915040000  8.300000000 0.249086529000
1045.940060000  8.300000000 0.249392092000
1045.964970000  8.300000000 0.249626443000
1045.989990000  8.300000000 0.249790385000
1046.015010000  8.300000000 0.249884352000
1046.040040000  8.300000000 0.249909312000
1046.065060000  8.300000000 0.249866128000
1046.089970000  8.300000000 0.249755859000
1046.114990000  8.300000000 0.249579519000
1046.140010000  8.300000000 0.249338374000
1046.165040000  8.300000000 0.249033809000
1046.190060000  8.300000000 0.248667046000
1046.214970000  8.300000000 0.248239726000
1046.239990000  8.300000000 0.247753516000
1046.265010000  8.300000000 0.247210220000
1046.290040000  8.300000000 0.246611699000
1046.315060000  8.300000000 0.245959982000
1046.339970000  8.300000000 0.245257258000
1046.364990000  8.300000000 0.244505867000
1046.390010000  8.300000000 0.243708178000
1046.415040000  8.300000000 0.242866769000
1046.440060000  8.300000000 0.241984412000
1046.464970000  8.300000000 0.241063908000
1046.489990000  8.300000000 0.240108177000
1046.515010000  8.300000000 0.239120319000
1046.540040000  8.300000000 0.238103479000
1046.565060000  8.300000000 0.237060934000
1046.589970000  8.300000000 0.235996038000
1046.614990000  8.300000000 0.234912112000
1046.640010000  8.300000000 0.233812585000
1046.665040000  8.300000000 0.232700914000
1046.690060000  8.300000000 0.231580630000
1046.714970000  8.300000000 0.230455235000
1046.739990000  8.300000000 0.229328170000
1046.765010000  8.300000000 0.228202924000
1046.790040000  8.300000000 0.227083102000
1046.815060000  8.300000000 0.225972027000
1046.839970000  8.300000000 0.224873275000
1046.864990000  8.300000000 0.223790258000
1046.890010000  8.300000000 0.222726330000
1046.915040000  8.300000000 0.221684813000
1046.940060000  8.300000000 0.220669180000
1046.964970000  8.300000000 0.219682470000
1046.989990000  8.300000000 0.218728065000
1047.015010000  8.300000000 0.217808992000
1047.040040000  8.300000000 0.216928467000
1047.065060000  8.300000000 0.216089264000
1047.089970000  8.300000000 0.215294480000
1047.114990000  8.300000000 0.214546829000
1047.140010000  8.300000000 0.213848963000
1047.165040000  8.300000000 0.213203534000
1047.190060000  8.300000000 0.212612897000
1047.214970000  8.300000000 0.212079361000
1047.239990000  8.300000000 0.211605027000
1047.265010000  8.300000000 0.211191818000
1047.290040000  8.300000000 0.210841537000
1047.315060000  8.300000000 0.210555598000
1047.339970000  8.300000000 0.210335478000
1047.364990000  8.300000000 0.210182130000
1047.390010000  8.300000000 0.210096464000
1047.415040000  8.300000000 0.210079029000
1047.440060000  8.300000000 0.210130155000
1047.464970000  8.300000000 0.210249886000
1047.489990000  8.300000000 0.210437894000
1047.515010000  8.300000000 0.210693732000
1047.540040000  8.300000000 0.211016431000
1047.565060000  8.300000000 0.211404890000
1047.589970000  8.300000000 0.211857587000
1047.614990000  8.300000000 0.212372661000
1047.640010000  8.300000000 0.212947890000
1047.665040000  8.300000000 0.213580877000
1047.690060000  8.300000000 0.214268684000
1047.714970000  8.300000000 0.215008035000
1047.739990000  8.300000000 0.215795502000
1047.765010000  8.300000000 0.216627121000
1047.790040000  8.300000000 0.217498630000
1047.815060000  8.300000000 0.218405604000
1047.839970000  8.300000000 0.219342992000
1047.864990000  8.300000000 0.220305637000
1047.890010000  8.300000000 0.221288010000
1047.915040000  8.300000000 0.222284362000
1047.940060000  8.300000000 0.223288432000
1047.964970000  8.300000000 0.224293992000
1047.989990000  8.300000000 0.225294486000
1048.015010000  8.300000000 0.226283014000
1048.040040000  8.300000000 0.227252707000
1048.065060000  8.300000000 0.228196308000
1048.089970000  8.300000000 0.229106650000
1048.114990000  8.300000000 0.229976296000
1048.140010000  8.300000000 0.230797768000
1048.165040000  8.300000000 0.231563553000
1048.190060000  8.300000000 0.232266113000
1048.214970000  8.300000000 0.232897907000
1048.239990000  8.300000000 0.233451515000
1048.265010000  8.300000000 0.233919412000
1048.290040000  8.300000000 0.234294370000
1048.315060000  8.300000000 0.234569192000
1048.339970000  8.300000000 0.234736770000
1048.364990000  8.300000000 0.234790474000
1048.390010000  8.300000000 0.234723464000
1048.415040000  8.300000000 0.234529480000
1048.440060000  8.300000000 0.234202430000
1048.464970000  8.300000000 0.233736455000
1048.489990000  8.300000000 0.233126014000
1048.515010000  8.300000000 0.232365981000
1048.540040000  8.300000000 0.231451452000
1048.565060000  8.300000000 0.230377987000
1048.589970000  8.300000000 0.229141429000
1048.614990000  8.300000000 0.227738112000
1048.640010000  8.300000000 0.226164699000
1048.665040000  8.300000000 0.224418327000
1048.690060000  8.300000000 0.222496554000
1048.714970000  8.300000000 0.220397487000
1048.739990000  8.300000000 0.218119428000
1048.765010000  8.300000000 0.215661481000
1048.790040000  8.300000000 0.213022977000
1048.815060000  8.300000000 0.210203707000
1048.839970000  8.300000000 0.207204238000
1048.864990000  8.300000000 0.204025209000
1048.890010000  8.300000000 0.200668007000
1048.915040000  8.300000000 0.197134346000
1048.940060000  8.300000000 0.193426505000
1048.964970000  8.300000000 0.189547151000
1048.989990000  8.300000000 0.185499400000
1049.015010000  8.300000000 0.181286857000
1049.040040000  8.300000000 0.176913351000
1049.065060000  8.300000000 0.172383264000
1049.089970000  8.300000000 0.167701259000
1049.114990000  8.300000000 0.162872300000
1049.140010000  8.300000000 0.157901645000
1049.165040000  8.300000000 0.152794749000
1049.190060000  8.300000000 0.147557363000
1049.214970000  8.300000000 0.142195240000
1049.239990000  8.300000000 0.136714369000
1049.265010000  8.300000000 0.131120741000
1049.290040000  8.300000000 0.125420406000
1049.315060000  8.300000000 0.119619362000
1049.339970000  8.300000000 0.113723598000
1049.364990000  8.300000000 0.107738942000
1049.390010000  8.300000000 0.101671174000
1049.415040000  8.300000000 0.095525868200
1049.440060000  8.300000000 0.089308448100
1049.464970000  8.300000000 0.083024166500
1049.489990000  8.300000000 0.076678015300
1049.515010000  8.300000000 0.070274837300
1049.540040000  8.300000000 0.063819199800
1049.565060000  8.300000000 0.057315524700
1049.589970000  8.300000000 0.050767920900
1049.614990000  8.300000000 0.044180367100
1049.640010000  8.300000000 0.037556618500
1049.665040000  8.300000000 0.030900254800
1049.690060000  8.300000000 0.024214718500
1049.714970000  8.300000000 0.017503310000
1049.739990000  8.300000000 0.010769212600
1049.765010000  8.300000000 0.004015551880
1049.790040000  8.300000000 -0.002754635180
1049.815060000  8.300000000 -0.009538332000
1049.839970000  8.300000000 -0.016332523900
1049.864990000  8.300000000 -0.023134203600
1049.890010000  8.300000000 -0.029940318300
1049.915040000  8.300000000 -0.036747731300
1049.940060000  8.300000000 -0.043553255500
1049.964970000  8.300000000 -0.050353609000
1049.989990000  8.300000000 -0.057145383200
1050.015010000  8.300000000 -0.063925005500
1050.040040000  8.300000000 -0.070688836300
1050.065060000  8.300000000 -0.077433012400
1050.089970000  8.300000000 -0.084153570200
1050.114990000  8.300000000 -0.090846352300
1050.140010000  8.300000000 -0.097507059600
1050.165040000  8.300000000 -0.104131229000
1050.190060000  8.300000000 -0.110714272000
1050.214970000  8.300000000 -0.117251419000
1050.239990000  8.300000000 -0.123737790000
1050.265010000  8.300000000 -0.130168349000
1050.290040000  8.300000000 -0.136537924000
1050.315060000  8.300000000 -0.142841354000
1050.339970000  8.300000000 -0.149073288000
1050.364990000  8.300000000 -0.155228406000
1050.390010000  8.300000000 -0.161301285000
1050.415040000  8.300000000 -0.167286485000
1050.440060000  8.300000000 -0.173178628000
1050.464970000  8.300000000 -0.178972349000
1050.489990000  8.300000000 -0.184662327000
1050.515010000  8.300000000 -0.190243348000
1050.540040000  8.300000000 -0.195710301000
1050.565060000  8.300000000 -0.201058224000
1050.589970000  8.300000000 -0.206282288000
1050.614990000  8.300000000 -0.211377934000
1050.640010000  8.300000000 -0.216340795000
1050.665040000  8.300000000 -0.221166804000
1050.690060000  8.300000000 -0.225852162000
1050.714970000  8.300000000 -0.230393499000
1050.739990000  8.300000000 -0.234787688000
1050.765010000  8.300000000 -0.239032060000
1050.790040000  8.300000000 -0.243124172000
1050.815060000  8.300000000 -0.247062266000
1050.839970000  8.300000000 -0.250844836000
1050.864990000  8.300000000 -0.254470736000
1050.890010000  8.300000000 -0.257939458000
1050.915040000  8.300000000 -0.261250705000
1050.940060000  8.300000000 -0.264404804000
1050.964970000  8.300000000 -0.267402411000
1050.989990000  8.300000000 -0.270244569000
1051.015010000  8.300000000 -0.272932857000
1051.040040000  8.300000000 -0.275469095000
1051.065060000  8.300000000 -0.277855515000
1051.089970000  8.300000000 -0.280094713000
1051.114990000  8.300000000 -0.282189488000
1051.140010000  8.300000000 -0.284143031000
1051.165040000  8.300000000 -0.285958678000
1051.190060000  8.300000000 -0.287640065000
1051.214970000  8.300000000 -0.289190888000
1051.239990000  8.300000000 -0.290615112000
1051.265010000  8.300000000 -0.291916668000
1051.290040000  8.300000000 -0.293099701000
1051.315060000  8.300000000 -0.294168293000
1051.339970000  8.300000000 -0.295126438000
1051.364990000  8.300000000 -0.295978308000
1051.390010000  8.300000000 -0.296727896000
1051.415040000  8.300000000 -0.297378987000
1051.440060000  8.300000000 -0.297935396000
1051.464970000  8.300000000 -0.298400700000
1051.489990000  8.300000000 -0.298778206000
1051.515010000  8.300000000 -0.299071074000
1051.540040000  8.300000000 -0.299282342000
1051.565060000  8.300000000 -0.299414545000
1051.589970000  8.300000000 -0.299470067000
1051.614990000  8.300000000 -0.299451053000
1051.640010000  8.300000000 -0.299359232000
1051.665040000  8.300000000 -0.299196124000
1051.690060000  8.300000000 -0.298962861000
1051.714970000  8.300000000 -0.298660278000
1051.739990000  8.300000000 -0.298288912000
1051.765010000  8.300000000 -0.297849119000
1051.790040000  8.300000000 -0.297340631000
1051.815060000  8.300000000 -0.296763420000
1051.839970000  8.300000000 -0.296116740000
1051.864990000  8.300000000 -0.295399904000
1051.890010000  8.300000000 -0.294612110000
1051.915040000  8.300000000 -0.293752164000
1051.940060000  8.300000000 -0.292818934000
1051.964970000  8.300000000 -0.291811019000
1051.989990000  8.300000000 -0.290727228000
1052.015010000  8.300000000 -0.289565951000
1052.040040000  8.300000000 -0.288325727000
1052.065060000  8.300000000 -0.287005186000
1052.089970000  8.300000000 -0.285602748000
1052.114990000  8.300000000 -0.284116983000
1052.140010000  8.300000000 -0.282546490000
1052.165040000  8.300000000 -0.280889869000
1052.190060000  8.300000000 -0.279145926000
1052.214970000  8.300000000 -0.277313530000
1052.239990000  8.300000000 -0.275391638000
1052.265010000  8.300000000 -0.273379415000
1052.290040000  8.300000000 -0.271276206000
1052.315060000  8.300000000 -0.269081473000
1052.339970000  8.300000000 -0.266794860000
1052.364990000  8.300000000 -0.264416456000
1052.390010000  8.300000000 -0.261946380000
1052.415040000  8.300000000 -0.259384990000
1052.440060000  8.300000000 -0.256733030000
1052.464970000  8.300000000 -0.253991336000
1052.489990000  8.300000000 -0.251161158000
1052.515010000  8.300000000 -0.248243973000
1052.540040000  8.300000000 -0.245241433000
1052.565060000  8.300000000 -0.242155612000
1052.589970000  8.300000000 -0.238988712000
1052.614990000  8.300000000 -0.235743210000
1052.640010000  8.300000000 -0.232421994000
1052.665040000  8.300000000 -0.229028061000
1052.690060000  8.300000000 -0.225564733000
1052.714970000  8.300000000 -0.222035512000
1052.739990000  8.300000000 -0.218444258000
1052.765010000  8.300000000 -0.214795098000
1052.790040000  8.300000000 -0.211092159000
1052.815060000  8.300000000 -0.207340032000
1052.839970000  8.300000000 -0.203543454000
1052.864990000  8.300000000 -0.199707299000
1052.890010000  8.300000000 -0.195836663000
1052.915040000  8.300000000 -0.191936925000
1052.940060000  8.300000000 -0.188013360000
1052.964970000  8.300000000 -0.184071586000
1052.989990000  8.300000000 -0.180117175000
1053.015010000  8.300000000 -0.176155820000
1053.040040000  8.300000000 -0.172193244000
1053.065060000  8.300000000 -0.168235183000
1053.089970000  8.300000000 -0.164287388000
1053.114990000  8.300000000 -0.160355523000
1053.140010000  8.300000000 -0.156445190000
1053.165040000  8.300000000 -0.152561888000
1053.190060000  8.300000000 -0.148711026000
1053.214970000  8.300000000 -0.144897863000
1053.239990000  8.300000000 -0.141127467000
1053.265010000  8.300000000 -0.137404740000
1053.290040000  8.300000000 -0.133734420000
1053.315060000  8.300000000 -0.130121067000
1053.339970000  8.300000000 -0.126568913000
1053.364990000  8.300000000 -0.123082027000
1053.390010000  8.300000000 -0.119664237000
1053.415040000  8.300000000 -0.116319016000
1053.440060000  8.300000000 -0.113049634000
1053.464970000  8.300000000 -0.109859042000
1053.489990000  8.300000000 -0.106749818000
1053.515010000  8.300000000 -0.103724249000
1053.540040000  8.300000000 -0.100784294000
1053.565060000  8.300000000 -0.097931563900
1053.589970000  8.300000000 -0.095167286700
1053.614990000  8.300000000 -0.092492416500
1053.640010000  8.300000000 -0.089907519500
1053.665040000  8.300000000 -0.087412938500
1053.690060000  8.300000000 -0.085008613800
1053.714970000  8.300000000 -0.082694247400
1053.739990000  8.300000000 -0.080469317700
1053.765010000  8.300000000 -0.078333050000
1053.790040000  8.300000000 -0.076284483100
1053.815060000  8.300000000 -0.074322469500
1053.839970000  8.300000000 -0.072445727900
1053.864990000  8.300000000 -0.070652857400
1053.890010000  8.300000000 -0.068942427600
1053.915040000  8.300000000 -0.067312926100
1053.940060000  8.300000000 -0.065762803000
1053.964970000  8.300000000 -0.064290493700
1053.989990000  8.300000000 -0.062894463500
1054.015010000  8.300000000 -0.061573203700
1054.040040000  8.300000000 -0.060325212800
1054.065060000  8.300000000 -0.059149000800
1054.089970000  8.300000000 -0.058043170700
1054.114990000  8.300000000 -0.057006288300
1054.140010000  8.300000000 -0.056036979000
1054.165040000  8.300000000 -0.055133875500
1054.190060000  8.300000000 -0.054295644200
1054.214970000  8.300000000 -0.053520970000
1054.239990000  8.300000000 -0.052808534400
1054.265010000  8.300000000 -0.052157059300
1054.290040000  8.300000000 -0.051565274600
1054.315060000  8.300000000 -0.051031917300
1054.339970000  8.300000000 -0.050555754500
1054.364990000  8.300000000 -0.050135590100
1054.390010000  8.300000000 -0.049770206200
1054.415040000  8.300000000 -0.049458462700
1054.440060000  8.300000000 -0.049199249600
1054.464970000  8.300000000 -0.048991482700
1054.489990000  8.300000000 -0.048834167400
1054.515010000  8.300000000 -0.048726297900
1054.540040000  8.300000000 -0.048666950300
1054.565060000  8.300000000 -0.048655267800
1054.589970000  8.300000000 -0.048690423400
1054.614990000  8.300000000 -0.048771672000
1054.640010000  8.300000000 -0.048898328100
1054.665040000  8.300000000 -0.049069784600
1054.690060000  8.300000000 -0.049285441600
1054.714970000  8.300000000 -0.049544800100
1054.739990000  8.300000000 -0.049847446400
1054.765010000  8.300000000 -0.050192911200
1054.790040000  8.300000000 -0.050580848000
1054.815060000  8.300000000 -0.051010824700
1054.839970000  8.300000000 -0.051482509800
1054.864990000  8.300000000 -0.051995467400
1054.890010000  8.300000000 -0.052549280200
1054.915040000  8.300000000 -0.053143430500
1054.940060000  8.300000000 -0.053777366900
1054.964970000  8.300000000 -0.054450381500
1054.989990000  8.300000000 -0.055161725700
1055.015010000  8.300000000 -0.055910505400
1055.040040000  8.300000000 -0.056695632600
1055.065060000  8.300000000 -0.057515922900
1055.089970000  8.300000000 -0.058369994200
1055.114990000  8.300000000 -0.059256248200
1055.140010000  8.300000000 -0.060172941500
1055.165040000  8.300000000 -0.061118114700
1055.190060000  8.300000000 -0.062089618300
1055.214970000  8.300000000 -0.063085146200
1055.239990000  8.300000000 -0.064102150500
1055.265010000  8.300000000 -0.065137952600
1055.290040000  8.300000000 -0.066189713800
1055.315060000  8.300000000 -0.067254468800
1055.339970000  8.300000000 -0.068329073500
1055.364990000  8.300000000 -0.069410249600
1055.390010000  8.300000000 -0.070494711400
1055.415040000  8.300000000 -0.071579001800
1055.440060000  8.300000000 -0.072659678800
1055.464970000  8.300000000 -0.073733195700
1055.489990000  8.300000000 -0.074795983700
1055.515010000  8.300000000 -0.075844481600
1055.540040000  8.300000000 -0.076875105500
1055.565060000  8.300000000 -0.077884323900
1055.589970000  8.300000000 -0.078868500900
1055.614990000  8.300000000 -0.079824149600
1055.640010000  8.300000000 -0.080747716100
1055.665040000  8.300000000 -0.081635765700
1055.690060000  8.300000000 -0.082484819000
1055.714970000  8.300000000 -0.083291523200
1055.739990000  8.300000000 -0.084052510600
1055.765010000  8.300000000 -0.084764480600
1055.790040000  8.300000000 -0.085424237000
1055.815060000  8.300000000 -0.086028672800
1055.839970000  8.300000000 -0.086574658800
1055.864990000  8.300000000 -0.087059266900
1055.890010000  8.300000000 -0.087479591400
1055.915040000  8.300000000 -0.087832920300
1055.940060000  8.300000000 -0.088116511700
1055.964970000  8.300000000 -0.088327966600
1055.989990000  8.300000000 -0.088464766700
1056.015010000  8.300000000 -0.088524721600
1056.040040000  8.300000000 -0.088505700200
1056.065060000  8.300000000 -0.088405847500
1056.089970000  8.300000000 -0.088223405200
1056.114990000  8.300000000 -0.087956830900
1056.140010000  8.300000000 -0.087604925000
1056.165040000  8.300000000 -0.087166570100
1056.190060000  8.300000000 -0.086640991300
1056.214970000  8.300000000 -0.086027644600
1056.239990000  8.300000000 -0.085326246900
1056.265010000  8.300000000 -0.084536850500
1056.290040000  8.300000000 -0.083659745800
1056.315060000  8.300000000 -0.082695581000
1056.339970000  8.300000000 -0.081645257800
1056.364990000  8.300000000 -0.080510042600
1056.390010000  8.300000000 -0.079291492700
1056.415040000  8.300000000 -0.077991455800
1056.440060000  8.300000000 -0.076612122400
1056.464970000  8.300000000 -0.075155951100
1056.489990000  8.300000000 -0.073625728500
1056.515010000  8.300000000 -0.072024479500
1056.540040000  8.300000000 -0.070355512200
1056.565060000  8.300000000 -0.068622358100
1056.589970000  8.300000000 -0.066828757500
1056.614990000  8.300000000 -0.064978659200
1056.640010000  8.300000000 -0.063076190700
1056.665040000  8.300000000 -0.061125595100
1056.690060000  8.300000000 -0.059131275900
1056.714970000  8.300000000 -0.057097736700
1056.739990000  8.300000000 -0.055029541300
1056.765010000  8.300000000 -0.052931312500
1056.790040000  8.300000000 -0.050807714500
1056.815060000  8.300000000 -0.048663400100
1056.839970000  8.300000000 -0.046502985100
1056.864990000  8.300000000 -0.044331058900
1056.890010000  8.300000000 -0.042152129100
1056.915040000  8.300000000 -0.039970573000
1056.940060000  8.300000000 -0.037790671000
1056.964970000  8.300000000 -0.035616520800
1056.989990000  8.300000000 -0.033452071200
1057.015010000  8.300000000 -0.031301032800
1057.040040000  8.300000000 -0.029166968500
1057.065060000  8.300000000 -0.027053169900
1057.089970000  8.300000000 -0.024962691600
1057.114990000  8.300000000 -0.022898390900
1057.140010000  8.300000000 -0.020862806600
1057.165040000  8.300000000 -0.018858259500
1057.190060000  8.300000000 -0.016886798700
1057.214970000  8.300000000 -0.014950191600
1057.239990000  8.300000000 -0.013049929400
1057.265010000  8.300000000 -0.011187243300
1057.290040000  8.300000000 -0.009363090620
1057.315060000  8.300000000 -0.007578141520
1057.339970000  8.300000000 -0.005832819730
1057.364990000  8.300000000 -0.004127261230
1057.390010000  8.300000000 -0.002461321880
1057.415040000  8.300000000 -0.000834606763
1057.440060000  8.300000000 0.000753537635
1057.464970000  8.300000000 0.002304049910
1057.489990000  8.300000000 0.003818115450
1057.515010000  8.300000000 0.005297160710
1057.540040000  8.300000000 0.006742867640
1057.565060000  8.300000000 0.008157120090
1057.589970000  8.300000000 0.009542026560
1057.614990000  8.300000000 0.010899868800
1057.640010000  8.300000000 0.012233094300
1057.665040000  8.300000000 0.013544297800
1057.690060000  8.300000000 0.014836150200
1057.714970000  8.300000000 0.016111437200
1057.739990000  8.300000000 0.017372973300
1057.765010000  8.300000000 0.018623570000
1057.790040000  8.300000000 0.019866073500
1057.815060000  8.300000000 0.021103255500
1057.839970000  8.300000000 0.022337822200
1057.864990000  8.300000000 0.023572361100
1057.890010000  8.300000000 0.024809366100
1057.915040000  8.300000000 0.026051145000
1057.940060000  8.300000000 0.027299810200
1057.964970000  8.300000000 0.028557281900
1057.989990000  8.300000000 0.029825223600
1058.015010000  8.300000000 0.031105047100
1058.040040000  8.300000000 0.032397899800
1058.065060000  8.300000000 0.033704623600
1058.089970000  8.300000000 0.035025797800
1058.114990000  8.300000000 0.036361657100
1058.140010000  8.300000000 0.037712171700
1058.165040000  8.300000000 0.039077006300
1058.190060000  8.300000000 0.040455516400
1058.214970000  8.300000000 0.041846808000
1058.239990000  8.300000000 0.043249655500
1058.265010000  8.300000000 0.044662632000
1058.290040000  8.300000000 0.046084024000
1058.315060000  8.300000000 0.047511920300
1058.339970000  8.300000000 0.048944156600
1058.364990000  8.300000000 0.050378426900
1058.390010000  8.300000000 0.051812212900
1058.415040000  8.300000000 0.053242918100
1058.440060000  8.300000000 0.054667774600
1058.464970000  8.300000000 0.056083966000
1058.489990000  8.300000000 0.057488624000
1058.515010000  8.300000000 0.058878827800
1058.540040000  8.300000000 0.060251660600
1058.565060000  8.300000000 0.061604235300
1058.589970000  8.300000000 0.062933705700
1058.614990000  8.300000000 0.064237296600
1058.640010000  8.300000000 0.065512351700
1058.665040000  8.300000000 0.066756293200
1058.690060000  8.300000000 0.067966744300
1058.714970000  8.300000000 0.069141469900
1058.739990000  8.300000000 0.070278465700
1058.765010000  8.300000000 0.071375869200
1058.790040000  8.300000000 0.072432108200
1058.815060000  8.300000000 0.073445826800
1058.839970000  8.300000000 0.074415922200
1058.864990000  8.300000000 0.075341604700
1058.890010000  8.300000000 0.076222322900
1058.915040000  8.300000000 0.077057860800
1058.940060000  8.300000000 0.077848300300
1058.964970000  8.300000000 0.078593976800
1058.989990000  8.300000000 0.079295642700
1059.015010000  8.300000000 0.079954274000
1059.040040000  8.300000000 0.080571234200
1059.065060000  8.300000000 0.081148147600
1059.089970000  8.300000000 0.081686981000
1059.114990000  8.300000000 0.082189932500
1059.140010000  8.300000000 0.082659512800
1059.165040000  8.300000000 0.083098478600
1059.190060000  8.300000000 0.083509773000
1059.214970000  8.300000000 0.083896540100
1059.239990000  8.300000000 0.084262125200
1059.265010000  8.300000000 0.084609992800
1059.290040000  8.300000000 0.084943734100
1059.315060000  8.300000000 0.085267022300
1059.339970000  8.300000000 0.085583627200
1059.364990000  8.300000000 0.085897333900
1059.390010000  8.300000000 0.086211994300
1059.415040000  8.300000000 0.086531423000
1059.440060000  8.300000000 0.086859442300
1059.464970000  8.300000000 0.087199851900
1059.489990000  8.300000000 0.087556354700
1059.515010000  8.300000000 0.087932579200
1059.540040000  8.300000000 0.088332042100
1059.565060000  8.300000000 0.088758088600
1059.589970000  8.300000000 0.089213945000
1059.614990000  8.300000000 0.089702561500
1059.640010000  8.300000000 0.090226762000
1059.665040000  8.300000000 0.090789027500
1059.690060000  8.300000000 0.091391705000
1059.714970000  8.300000000 0.092036768800
1059.739990000  8.300000000 0.092725984800
1059.765010000  8.300000000 0.093460805700
1059.790040000  8.300000000 0.094242446100
1059.815060000  8.300000000 0.095071822400
1059.839970000  8.300000000 0.095949545500
1059.864990000  8.300000000 0.096876017700
1059.890010000  8.300000000 0.097851328600
1059.915040000  8.300000000 0.098875358700
1059.940060000  8.300000000 0.099947661200
1059.964970000  8.300000000 0.101067647000
1059.989990000  8.300000000 0.102234386000
1060.015010000  8.300000000 0.103446752000
1060.040040000  8.300000000 0.104703426000
1060.065060000  8.300000000 0.106002837000
1060.089970000  8.300000000 0.107343152000
1060.114990000  8.300000000 0.108722404000
1060.140010000  8.300000000 0.110138342000
1060.165040000  8.300000000 0.111588582000
1060.190060000  8.300000000 0.113070533000
1060.214970000  8.300000000 0.114581406000
1060.239990000  8.300000000 0.116118349000
1060.265010000  8.300000000 0.117678218000
1060.290040000  8.300000000 0.119257919000
1060.315060000  8.300000000 0.120854184000
1060.339970000  8.300000000 0.122463644000
1060.364990000  8.300000000 0.124082863000
1060.390010000  8.300000000 0.125708506000
1060.415040000  8.300000000 0.127337024000
1060.440060000  8.300000000 0.128964871000
1060.464970000  8.300000000 0.130588651000
1060.489990000  8.300000000 0.132204756000
1060.515010000  8.300000000 0.133809686000
1060.540040000  8.300000000 0.135399967000
1060.565060000  8.300000000 0.136972040000
1060.589970000  8.300000000 0.138522372000
1060.614990000  8.300000000 0.140047431000
1060.640010000  8.300000000 0.141543686000
1060.665040000  8.300000000 0.143007636000
1060.690060000  8.300000000 0.144435793000
1060.714970000  8.300000000 0.145824581000
1060.739990000  8.300000000 0.147170663000
1060.765010000  8.300000000 0.148470551000
1060.790040000  8.300000000 0.149720892000
1060.815060000  8.300000000 0.150918469000
1060.839970000  8.300000000 0.152059987000
1060.864990000  8.300000000 0.153142378000
1060.890010000  8.300000000 0.154162690000
1060.915040000  8.300000000 0.155117944000
1060.940060000  8.300000000 0.156005383000
1060.964970000  8.300000000 0.156822354000
1060.989990000  8.300000000 0.157566428000
1061.015010000  8.300000000 0.158235118000
1061.040040000  8.300000000 0.158826306000
1061.065060000  8.300000000 0.159337848000
1061.089970000  8.300000000 0.159767881000
1061.114990000  8.300000000 0.160114542000
1061.140010000  8.300000000 0.160376355000
1061.165040000  8.300000000 0.160551801000
1061.190060000  8.300000000 0.160639614000
1061.214970000  8.300000000 0.160638690000
1061.239990000  8.300000000 0.160548061000
1061.265010000  8.300000000 0.160366967000
1061.290040000  8.300000000 0.160094783000
1061.315060000  8.300000000 0.159731045000
1061.339970000  8.300000000 0.159275472000
1061.364990000  8.300000000 0.158727929000
1061.390010000  8.300000000 0.158088490000
1061.415040000  8.300000000 0.157357261000
1061.440060000  8.300000000 0.156534716000
1061.464970000  8.300000000 0.155621246000
1061.489990000  8.300000000 0.154617518000
1061.515010000  8.300000000 0.153524309000
1061.540040000  8.300000000 0.152342632000
1061.565060000  8.300000000 0.151073441000
1061.589970000  8.300000000 0.149718001000
1061.614990000  8.300000000 0.148277611000
1061.640010000  8.300000000 0.146753743000
1061.665040000  8.300000000 0.145147994000
1061.690060000  8.300000000 0.143462121000
1061.714970000  8.300000000 0.141697913000
1061.739990000  8.300000000 0.139857307000
1061.765010000  8.300000000 0.137942359000
1061.790040000  8.300000000 0.135955229000
1061.815060000  8.300000000 0.133898124000
1061.839970000  8.300000000 0.131773442000
1061.864990000  8.300000000 0.129583523000
1061.890010000  8.300000000 0.127330869000
1061.915040000  8.300000000 0.125017971000
1061.940060000  8.300000000 0.122647464000
1061.964970000  8.300000000 0.120221950000
1061.989990000  8.300000000 0.117744066000
1062.015010000  8.300000000 0.115216590000
1062.040040000  8.300000000 0.112642191000
1062.065060000  8.300000000 0.110023677000
1062.089970000  8.300000000 0.107363805000
1062.114990000  8.300000000 0.104665458000
1062.140010000  8.300000000 0.101931408000
1062.165040000  8.300000000 0.099164545500
1062.190060000  8.300000000 0.096367761500
1062.214970000  8.300000000 0.093543946700
1062.239990000  8.300000000 0.090696014500
1062.265010000  8.300000000 0.087826855500
1062.290040000  8.300000000 0.084939397900
1062.315060000  8.300000000 0.082036554800
1062.339970000  8.300000000 0.079121239500
1062.364990000  8.300000000 0.076196335300
1062.390010000  8.300000000 0.073264710600
1062.415040000  8.300000000 0.070329234000
1062.440060000  8.300000000 0.067392729200
1062.464970000  8.300000000 0.064458005100
1062.489990000  8.300000000 0.061527874300
1062.515010000  8.300000000 0.058605071200
1062.540040000  8.300000000 0.055692341200
1062.565060000  8.300000000 0.052792366600
1062.589970000  8.300000000 0.049907833300
1062.614990000  8.300000000 0.047041390100
1062.640010000  8.300000000 0.044195629700
1062.665040000  8.300000000 0.041373137400
1062.690060000  8.300000000 0.038576435300
1062.714970000  8.300000000 0.035808015600
1062.739990000  8.300000000 0.033070314700
1062.765010000  8.300000000 0.030365750200
1062.790040000  8.300000000 0.027696620700
1062.815060000  8.300000000 0.025065232100
1062.839970000  8.300000000 0.022473771100
1062.864990000  8.300000000 0.019924392900
1062.890010000  8.300000000 0.017419153800
1062.915040000  8.300000000 0.014960041300
1062.940060000  8.300000000 0.012548903000
1062.964970000  8.300000000 0.010187530000
1062.989990000  8.300000000 0.007877598520
1063.015010000  8.300000000 0.005620664450
1063.040040000  8.300000000 0.003418160140
1063.065060000  8.300000000 0.001271434590
1063.089970000  8.300000000 -0.000818291504
1063.114990000  8.300000000 -0.002849914370
1063.140010000  8.300000000 -0.004822461870
1063.165040000  8.300000000 -0.006735035680
1063.190060000  8.300000000 -0.008586920800
1063.214970000  8.300000000 -0.010377414500
1063.239990000  8.300000000 -0.012106034000
1063.265010000  8.300000000 -0.013772332100
1063.290040000  8.300000000 -0.015375959700
1063.315060000  8.300000000 -0.016916660600
1063.339970000  8.300000000 -0.018394263500
1063.364990000  8.300000000 -0.019808614600
1063.390010000  8.300000000 -0.021159632100
1063.415040000  8.300000000 -0.022447299200
1063.440060000  8.300000000 -0.023671608400
1063.464970000  8.300000000 -0.024832645400
1063.489990000  8.300000000 -0.025930449400
1063.515010000  8.300000000 -0.026965174800
1063.540040000  8.300000000 -0.027936982000
1063.565060000  8.300000000 -0.028846053400
1063.589970000  8.300000000 -0.029692664700
1063.614990000  8.300000000 -0.030477114000
1063.640010000  8.300000000 -0.031199771900
1063.665040000  8.300000000 -0.031861025800
1063.690060000  8.300000000 -0.032461375000
1063.714970000  8.300000000 -0.033001340900
1063.739990000  8.300000000 -0.033481523400
1063.765010000  8.300000000 -0.033902600400
1063.790040000  8.300000000 -0.034265279800
1063.815060000  8.300000000 -0.034570377300
1063.839970000  8.300000000 -0.034818720100
1063.864990000  8.300000000 -0.035011280300
1063.890010000  8.300000000 -0.035149063900
1063.915040000  8.300000000 -0.035233195900
1063.940060000  8.300000000 -0.035264860800
1063.964970000  8.300000000 -0.035245377600
1063.989990000  8.300000000 -0.035176169100
1064.015010000  8.300000000 -0.035058733100
1064.040040000  8.300000000 -0.034894675000
1064.065060000  8.300000000 -0.034685730900
1064.089970000  8.300000000 -0.034433752300
1064.114990000  8.300000000 -0.034140650200
1064.140010000  8.300000000 -0.033808458600
1064.165040000  8.300000000 -0.033439297200
1064.190060000  8.300000000 -0.033035341700
1064.214970000  8.300000000 -0.032598864300
1064.239990000  8.300000000 -0.032132156200
1064.265010000  8.300000000 -0.031637575500
1064.290040000  8.300000000 -0.031117504500
1064.315060000  8.300000000 -0.030574347800
1064.339970000  8.300000000 -0.030010545600
1064.364990000  8.300000000 -0.029428534200
1064.390010000  8.300000000 -0.028830746200
1064.415040000  8.300000000 -0.028219632800
1064.440060000  8.300000000 -0.027597617400
1064.464970000  8.300000000 -0.026967156700
1064.489990000  8.300000000 -0.026330623800
1064.515010000  8.300000000 -0.025690382300
1064.540040000  8.300000000 -0.025048773700
1064.565060000  8.300000000 -0.024408027500
1064.589970000  8.300000000 -0.023770321200
1064.614990000  8.300000000 -0.023137746400
1064.640010000  8.300000000 -0.022512268300
1064.665040000  8.300000000 -0.021895751400
1064.690060000  8.300000000 -0.021289967000
1064.714970000  8.300000000 -0.020696515200
1064.739990000  8.300000000 -0.020116914100
1064.765010000  8.300000000 -0.019552543800
1064.790040000  8.300000000 -0.019004656000
1064.815060000  8.300000000 -0.018474396300
1064.839970000  8.300000000 -0.017962826400
1064.864990000  8.300000000 -0.017470868300
1064.890010000  8.300000000 -0.016999378800
1064.915040000  8.300000000 -0.016549114100
1064.940060000  8.300000000 -0.016120815600
1064.964970000  8.300000000 -0.015715116600
1064.989990000  8.300000000 -0.015332625200
1065.015010000  8.300000000 -0.014973899300
1065.040040000  8.300000000 -0.014639470700
1065.065060000  8.300000000 -0.014329820900
1065.089970000  8.300000000 -0.014045400500
1065.114990000  8.300000000 -0.013786642800
1065.140010000  8.300000000 -0.013553869900
1065.165040000  8.300000000 -0.013347417100
1065.190060000  8.300000000 -0.013167540500
1065.214970000  8.300000000 -0.013014449700
1065.239990000  8.300000000 -0.012888305800
1065.265010000  8.300000000 -0.012789212200
1065.290040000  8.300000000 -0.012717220900
1065.315060000  8.300000000 -0.012672341400
1065.339970000  8.300000000 -0.012654548500
1065.364990000  8.300000000 -0.012663764900
1065.390010000  8.300000000 -0.012699909500
1065.415040000  8.300000000 -0.012762854800
1065.440060000  8.300000000 -0.012852495500
1065.464970000  8.300000000 -0.012968686400
1065.489990000  8.300000000 -0.013111322200
1065.515010000  8.300000000 -0.013280288300
1065.540040000  8.300000000 -0.013475476800
1065.565060000  8.300000000 -0.013696805600
1065.589970000  8.300000000 -0.013944234700
1065.614990000  8.300000000 -0.014217740900
1065.640010000  8.300000000 -0.014517321300
1065.665040000  8.300000000 -0.014843034600
1065.690060000  8.300000000 -0.015194958100
1065.714970000  8.300000000 -0.015573223100
1065.739990000  8.300000000 -0.015977997300
1065.765010000  8.300000000 -0.016409514500
1065.790040000  8.300000000 -0.016868023200
1065.815060000  8.300000000 -0.017353836400
1065.839970000  8.300000000 -0.017867308100
1065.864990000  8.300000000 -0.018408859100
1065.890010000  8.300000000 -0.018978912400
1065.915040000  8.300000000 -0.019577955800
1065.940060000  8.300000000 -0.020206512900
1065.964970000  8.300000000 -0.020865125600
1065.989990000  8.300000000 -0.021554356400
1066.015010000  8.300000000 -0.022274797800
1066.040040000  8.300000000 -0.023027023300
1066.065060000  8.300000000 -0.023811580600
1066.089970000  8.300000000 -0.024629041600
1066.114990000  8.300000000 -0.025479901600
1066.140010000  8.300000000 -0.026364611500
1066.165040000  8.300000000 -0.027283575400
1066.190060000  8.300000000 -0.028237119300
1066.214970000  8.300000000 -0.029225496600
1066.239990000  8.300000000 -0.030248887800
1066.265010000  8.300000000 -0.031307388100
1066.290040000  8.300000000 -0.032400995500
1066.315060000  8.300000000 -0.033529676500
1066.339970000  8.300000000 -0.034693256000
1066.364990000  8.300000000 -0.035891506800
1066.390010000  8.300000000 -0.037124086200
1066.415040000  8.300000000 -0.038390539600
1066.440060000  8.300000000 -0.039690371600
1066.464970000  8.300000000 -0.041022963800
1066.489990000  8.300000000 -0.042387608400
1066.515010000  8.300000000 -0.043783556700
1066.540040000  8.300000000 -0.045209921900
1066.565060000  8.300000000 -0.046665772800
1066.589970000  8.300000000 -0.048150103500
1066.614990000  8.300000000 -0.049661792800
1066.640010000  8.300000000 -0.051199670900
1066.665040000  8.300000000 -0.052762426400
1066.690060000  8.300000000 -0.054348684800
1066.714970000  8.300000000 -0.055956959700
1066.739990000  8.300000000 -0.057585638000
1066.765010000  8.300000000 -0.059233017300
1066.790040000  8.300000000 -0.060897268400
1066.815060000  8.300000000 -0.062576450400
1066.839970000  8.300000000 -0.064268522000
1066.864990000  8.300000000 -0.065971329800
1066.890010000  8.300000000 -0.067682661100
1066.915040000  8.300000000 -0.069400198800
1066.940060000  8.300000000 -0.071121536200
1066.964970000  8.300000000 -0.072844274300
1066.989990000  8.300000000 -0.074565924700
1067.015010000  8.300000000 -0.076283983900
1067.040040000  8.300000000 -0.077995955900
1067.065060000  8.300000000 -0.079699337500
1067.089970000  8.300000000 -0.081391647500
1067.114990000  8.300000000 -0.083070419700
1067.140010000  8.300000000 -0.084733225400
1067.165040000  8.300000000 -0.086377695200
1067.190060000  8.300000000 -0.088001444900
1067.214970000  8.300000000 -0.089602187300
1067.239990000  8.300000000 -0.091177605100
1067.265010000  8.300000000 -0.092725418500
1067.290040000  8.300000000 -0.094243392300
1067.315060000  8.300000000 -0.095729269100
1067.339970000  8.300000000 -0.097180798600
1067.364990000  8.300000000 -0.098595731000
1067.390010000  8.300000000 -0.099971905400
1067.415040000  8.300000000 -0.101307072000
1067.440060000  8.300000000 -0.102599114000
1067.464970000  8.300000000 -0.103845909000
1067.489990000  8.300000000 -0.105045423000
1067.515010000  8.300000000 -0.106195636000
1067.540040000  8.300000000 -0.107294634000
1067.565060000  8.300000000 -0.108340561000
1067.589970000  8.300000000 -0.109331630000
1067.614990000  8.300000000 -0.110266097000
1067.640010000  8.300000000 -0.111142345000
1067.665040000  8.300000000 -0.111958772000
1067.690060000  8.300000000 -0.112713896000
1067.714970000  8.300000000 -0.113406256000
1067.739990000  8.300000000 -0.114034474000
1067.765010000  8.300000000 -0.114597313000
1067.790040000  8.300000000 -0.115093514000
1067.815060000  8.300000000 -0.115521908000
1067.839970000  8.300000000 -0.115881450000
1067.864990000  8.300000000 -0.116171151000
1067.890010000  8.300000000 -0.116390042000
1067.915040000  8.300000000 -0.116537355000
1067.940060000  8.300000000 -0.116612293000
1067.964970000  8.300000000 -0.116614215000
1067.989990000  8.300000000 -0.116542622000
1068.015010000  8.300000000 -0.116397016000
1068.040040000  8.300000000 -0.116177075000
1068.065060000  8.300000000 -0.115882508000
1068.089970000  8.300000000 -0.115513198000
1068.114990000  8.300000000 -0.115069054000
1068.140010000  8.300000000 -0.114550091000
1068.165040000  8.300000000 -0.113956399000
1068.190060000  8.300000000 -0.113288164000
1068.214970000  8.300000000 -0.112545632000
1068.239990000  8.300000000 -0.111729227000
1068.265010000  8.300000000 -0.110839337000
1068.290040000  8.300000000 -0.109876528000
1068.315060000  8.300000000 -0.108841501000
1068.339970000  8.300000000 -0.107735060000
1068.364990000  8.300000000 -0.106558137000
1068.390010000  8.300000000 -0.105311826000
1068.415040000  8.300000000 -0.103997365000
1068.440060000  8.300000000 -0.102616146000
1068.464970000  8.300000000 -0.101169698000
1068.489990000  8.300000000 -0.099659711100
1068.515010000  8.300000000 -0.098088018600
1068.540040000  8.300000000 -0.096456527700
1068.565060000  8.300000000 -0.094767324600
1068.589970000  8.300000000 -0.093022532800
1068.614990000  8.300000000 -0.091224379800
1068.640010000  8.300000000 -0.089375153200
1068.665040000  8.300000000 -0.087477177400
1068.690060000  8.300000000 -0.085532747200
1068.714970000  8.300000000 -0.083544276700
1068.739990000  8.300000000 -0.081514060500
1068.765010000  8.300000000 -0.079444468000
1068.790040000  8.300000000 -0.077337823800
1068.815060000  8.300000000 -0.075196445000
1068.839970000  8.300000000 -0.073022581600
1068.864990000  8.300000000 -0.070818536000
1068.890010000  8.300000000 -0.068586528300
1068.915040000  8.300000000 -0.066328778900
1068.940060000  8.300000000 -0.064047478100
1068.964970000  8.300000000 -0.061744798000
1068.989990000  8.300000000 -0.059422854300
1069.015010000  8.300000000 -0.057083748300
1069.040040000  8.300000000 -0.054729528700
1069.065060000  8.300000000 -0.052362233400
1069.089970000  8.300000000 -0.049983836700
1069.114990000  8.300000000 -0.047596309300
1069.140010000  8.300000000 -0.045201566100
1069.165040000  8.300000000 -0.042801536600
1069.190060000  8.300000000 -0.040398106000
1069.214970000  8.300000000 -0.037993196400
1069.239990000  8.300000000 -0.035588685400
1069.265010000  8.300000000 -0.033186499000
1069.290040000  8.300000000 -0.030788576200
1069.315060000  8.300000000 -0.028396859800
1069.339970000  8.300000000 -0.026013340800
1069.364990000  8.300000000 -0.023639982600
1069.390010000  8.300000000 -0.021278774400
1069.415040000  8.300000000 -0.018931701800
1069.440060000  8.300000000 -0.016600724300
1069.464970000  8.300000000 -0.014287775400
1069.489990000  8.300000000 -0.011994763300
1069.515010000  8.300000000 -0.009723536670
1069.540040000  8.300000000 -0.007475939580
1069.565060000  8.300000000 -0.005253722890
1069.589970000  8.300000000 -0.003058627480
1069.614990000  8.300000000 -0.000892328739
1069.640010000  8.300000000 0.001243525650
1069.665040000  8.300000000 0.003347391030
1069.690060000  8.300000000 0.005417723210
1069.714970000  8.300000000 0.007453074210
1069.739990000  8.300000000 0.009452062660
1069.765010000  8.300000000 0.011413368400
1069.790040000  8.300000000 0.013335743900
1069.815060000  8.300000000 0.015218026900
1069.839970000  8.300000000 0.017059138000
1069.864990000  8.300000000 0.018858097500
1069.890010000  8.300000000 0.020613996300
1069.915040000  8.300000000 0.022326037300
1069.940060000  8.300000000 0.023993512600
1069.964970000  8.300000000 0.025615826200
1069.989990000  8.300000000 0.027192480900
1070.015010000  8.300000000 0.028723102100
1070.040040000  8.300000000 0.030207408600
1070.065060000  8.300000000 0.031645230900
1070.089970000  8.300000000 0.033036518800
1070.114990000  8.300000000 0.034381303900
1070.140010000  8.300000000 0.035679735200
1070.165040000  8.300000000 0.036932017700
1070.190060000  8.300000000 0.038138490200
1070.214970000  8.300000000 0.039299536500
1070.239990000  8.300000000 0.040415640900
1070.265010000  8.300000000 0.041487366000
1070.290040000  8.300000000 0.042515344900
1070.315060000  8.300000000 0.043500281900
1070.339970000  8.300000000 0.044442929300
1070.364990000  8.300000000 0.045344110600
1070.390010000  8.300000000 0.046204660100
1070.415040000  8.300000000 0.047025445800
1070.440060000  8.300000000 0.047807373100
1070.464970000  8.300000000 0.048551291200
1070.489990000  8.300000000 0.049258086800
1070.515010000  8.300000000 0.049928594400
1070.540040000  8.300000000 0.050563640900
1070.565060000  8.300000000 0.051164008700
1070.589970000  8.300000000 0.051730461400
1070.614990000  8.300000000 0.052263733000
1070.640010000  8.300000000 0.052764508900
1070.665040000  8.300000000 0.053233474500
1070.690060000  8.300000000 0.053671307900
1070.714970000  8.300000000 0.054078675800
1070.739990000  8.300000000 0.054456248900
1070.765010000  8.300000000 0.054804738600
1070.790040000  8.300000000 0.055124864000
1070.815060000  8.300000000 0.055417381200
1070.839970000  8.300000000 0.055683083800
1070.864990000  8.300000000 0.055922824900
1070.890010000  8.300000000 0.056137453800
1070.915040000  8.300000000 0.056327898100
1070.940060000  8.300000000 0.056495107700
1070.964970000  8.300000000 0.056640058800
1070.989990000  8.300000000 0.056763764500
1071.015010000  8.300000000 0.056867241900
1071.040040000  8.300000000 0.056951537700
1071.065060000  8.300000000 0.057017713800
1071.089970000  8.300000000 0.057066850400
1071.114990000  8.300000000 0.057099986800
1071.140010000  8.300000000 0.057118192300
1071.165040000  8.300000000 0.057122547200
1071.190060000  8.300000000 0.057114124300
1071.214970000  8.300000000 0.057094018900
1071.239990000  8.300000000 0.057063337400
1071.265010000  8.300000000 0.057023156400
1071.290040000  8.300000000 0.056974612200
1071.315060000  8.300000000 0.056918788700
1071.339970000  8.300000000 0.056856788700
1071.364990000  8.300000000 0.056789699900
1071.390010000  8.300000000 0.056718576700
1071.415040000  8.300000000 0.056644439700
1071.440060000  8.300000000 0.056568250100
1071.464970000  8.300000000 0.056490875800
1071.489990000  8.300000000 0.056413170000
1071.515010000  8.300000000 0.056335844100
1071.540040000  8.300000000 0.056259561300
1071.565060000  8.300000000 0.056184835700
1071.589970000  8.300000000 0.056112144100
1071.614990000  8.300000000 0.056041866500
1071.640010000  8.300000000 0.055974245100
1071.665040000  8.300000000 0.055909503300
1071.690060000  8.300000000 0.055847723000
1071.714970000  8.300000000 0.055788930500
1071.739990000  8.300000000 0.055733084700
1071.765010000  8.300000000 0.055680062600
1071.790040000  8.300000000 0.055629674300
1071.815060000  8.300000000 0.055581692600
1071.839970000  8.300000000 0.055535856600
1071.864990000  8.300000000 0.055491834900
1071.890010000  8.300000000 0.055449277200
1071.915040000  8.300000000 0.055407818400
1071.940060000  8.300000000 0.055367060000
1071.964970000  8.300000000 0.055326595900
1071.989990000  8.300000000 0.055286012600
1072.015010000  8.300000000 0.055244874200
1072.040040000  8.300000000 0.055202752400
1072.065060000  8.300000000 0.055159211200
1072.089970000  8.300000000 0.055113818500
1072.114990000  8.300000000 0.055066134800
1072.140010000  8.300000000 0.055015772600
1072.165040000  8.300000000 0.054962299800
1072.190060000  8.300000000 0.054905347500
1072.214970000  8.300000000 0.054844524700
1072.239990000  8.300000000 0.054779462500
1072.265010000  8.300000000 0.054709818200
1072.290040000  8.300000000 0.054635230500
1072.315060000  8.300000000 0.054555375100
1072.339970000  8.300000000 0.054469920700
1072.364990000  8.300000000 0.054378520700
1072.390010000  8.300000000 0.054280854800
1072.415040000  8.300000000 0.054176572700
1072.440060000  8.300000000 0.054065294600
1072.464970000  8.300000000 0.053946640300
1072.489990000  8.300000000 0.053820155600
1072.515010000  8.300000000 0.053685370800
1072.540040000  8.300000000 0.053541775800
1072.565060000  8.300000000 0.053388793000
1072.589970000  8.300000000 0.053225819000
1072.614990000  8.300000000 0.053052190700
1072.640010000  8.300000000 0.052867230000
1072.665040000  8.300000000 0.052670203100
1072.690060000  8.300000000 0.052460361300
1072.714970000  8.300000000 0.052236925800
1072.739990000  8.300000000 0.051999121900
1072.765010000  8.300000000 0.051746152300
1072.790040000  8.300000000 0.051477234800
1072.815060000  8.300000000 0.051191616800
1072.839970000  8.300000000 0.050888560700
1072.864990000  8.300000000 0.050567366200
1072.890010000  8.300000000 0.050227399900
1072.915040000  8.300000000 0.049868054700
1072.940060000  8.300000000 0.049488812700
1072.964970000  8.300000000 0.049089193300
1072.989990000  8.300000000 0.048668798100
1073.015010000  8.300000000 0.048227306500
1073.040040000  8.300000000 0.047764442900
1073.065060000  8.300000000 0.047280043400
1073.089970000  8.300000000 0.046773999900
1073.114990000  8.300000000 0.046246312600
1073.140010000  8.300000000 0.045697055800
1073.165040000  8.300000000 0.045126412100
1073.190060000  8.300000000 0.044534687000
1073.214970000  8.300000000 0.043922249200
1073.239990000  8.300000000 0.043289590600
1073.265010000  8.300000000 0.042637333300
1073.290040000  8.300000000 0.041966170100
1073.315060000  8.300000000 0.041276928000
1073.339970000  8.300000000 0.040570519900
1073.364990000  8.300000000 0.039847955100
1073.390010000  8.300000000 0.039110321600
1073.415040000  8.300000000 0.038358796400
1073.440060000  8.300000000 0.037594612700
1073.464970000  8.300000000 0.036819066900
1073.489990000  8.300000000 0.036033514900
1073.515010000  8.300000000 0.035239331400
1073.540040000  8.300000000 0.034437943200
1073.565060000  8.300000000 0.033630795800
1073.589970000  8.300000000 0.032819367900
1073.614990000  8.300000000 0.032005131200
1073.640010000  8.300000000 0.031189600000
1073.665040000  8.300000000 0.030374264300
1073.690060000  8.300000000 0.029560627400
1073.714970000  8.300000000 0.028750181200
1073.739990000  8.300000000 0.027944397200
1073.765010000  8.300000000 0.027144737500
1073.790040000  8.300000000 0.026352625300
1073.815060000  8.300000000 0.025569474300
1073.839970000  8.300000000 0.024796631200
1073.864990000  8.300000000 0.024035407200
1073.890010000  8.300000000 0.023287069100
1073.915040000  8.300000000 0.022552808700
1073.940060000  8.300000000 0.021833775600
1073.964970000  8.300000000 0.021131040500
1073.989990000  8.300000000 0.020445622500
1074.015010000  8.300000000 0.019778462100
1074.040040000  8.300000000 0.019130429300
1074.065060000  8.300000000 0.018502330400
1074.089970000  8.300000000 0.017894893900
1074.114990000  8.300000000 0.017308771600
1074.140010000  8.300000000 0.016744541000
1074.165040000  8.300000000 0.016202706800
1074.190060000  8.300000000 0.015683690100
1074.214970000  8.300000000 0.015187847400
1074.239990000  8.300000000 0.014715463900
1074.265010000  8.300000000 0.014266752600
1074.290040000  8.300000000 0.013841861900
1074.315060000  8.300000000 0.013440883700
1074.339970000  8.300000000 0.013063850800
1074.364990000  8.300000000 0.012710738000
1074.390010000  8.300000000 0.012381476400
1074.415040000  8.300000000 0.012075941100
1074.440060000  8.300000000 0.011793971100
1074.464970000  8.300000000 0.011535359500
1074.489990000  8.300000000 0.011299852300
1074.515010000  8.300000000 0.011087162400
1074.540040000  8.300000000 0.010896948200
1074.565060000  8.300000000 0.010728833300
1074.589970000  8.300000000 0.010582387400
1074.614990000  8.300000000 0.010457134800
1074.640010000  8.300000000 0.010352552900
1074.665040000  8.300000000 0.010268056800
1074.690060000  8.300000000 0.010203007600
1074.714970000  8.300000000 0.010156710600
1074.739990000  8.300000000 0.010128407700
1074.765010000  8.300000000 0.010117292400
1074.790040000  8.300000000 0.010122497600
1074.815060000  8.300000000 0.010143114300
1074.839970000  8.300000000 0.010178189700
1074.864990000  8.300000000 0.010226732100
1074.890010000  8.300000000 0.010287720700
1074.915040000  8.300000000 0.010360109600
1074.940060000  8.300000000 0.010442826000
1074.964970000  8.300000000 0.010534786600
1074.989990000  8.300000000 0.010634897300
1075.015010000  8.300000000 0.010742041300
1075.040040000  8.300000000 0.010855107600
1075.065060000  8.300000000 0.010972969200
1075.089970000  8.300000000 0.011094488200
1075.114990000  8.300000000 0.011218528300
1075.140010000  8.300000000 0.011343938300
1075.165040000  8.300000000 0.011469557000
1075.190060000  8.300000000 0.011594236800
1075.214970000  8.300000000 0.011716815600
1075.239990000  8.300000000 0.011836134800
1075.265010000  8.300000000 0.011951048900
1075.290040000  8.300000000 0.012060411300
1075.315060000  8.300000000 0.012163086800
1075.339970000  8.300000000 0.012257953200
1075.364990000  8.300000000 0.012343897500
1075.390010000  8.300000000 0.012419830100
1075.415040000  8.300000000 0.012484679000
1075.440060000  8.300000000 0.012537383500
1075.464970000  8.300000000 0.012576900400
1075.489990000  8.300000000 0.012602199800
1075.515010000  8.300000000 0.012612273900
1075.540040000  8.300000000 0.012606110400
1075.565060000  8.300000000 0.012582712800
1075.589970000  8.300000000 0.012541099500
1075.614990000  8.300000000 0.012480308300
1075.640010000  8.300000000 0.012399384800
1075.665040000  8.300000000 0.012297409600
1075.690060000  8.300000000 0.012173485900
1075.714970000  8.300000000 0.012026756100
1075.739990000  8.300000000 0.011856397600
1075.765010000  8.300000000 0.011661654300
1075.790040000  8.300000000 0.011441811000
1075.815060000  8.300000000 0.011196212800
1075.839970000  8.300000000 0.010924282500
1075.864990000  8.300000000 0.010625505800
1075.890010000  8.300000000 0.010299451600
1075.915040000  8.300000000 0.009945766070
1075.940060000  8.300000000 0.009564156640
1075.964970000  8.300000000 0.009154444560
1075.989990000  8.300000000 0.008716505950
1076.015010000  8.300000000 0.008250310090
1076.040040000  8.300000000 0.007755911440
1076.065060000  8.300000000 0.007233451120
1076.089970000  8.300000000 0.006683164280
1076.114990000  8.300000000 0.006105367090
1076.140010000  8.300000000 0.005500487050
1076.165040000  8.300000000 0.004869033580
1076.190060000  8.300000000 0.004211635330
1076.214970000  8.300000000 0.003529009640
1076.239990000  8.300000000 0.002821987030
1076.265010000  8.300000000 0.002091489500
1076.290040000  8.300000000 0.001338544880
1076.315060000  8.300000000 0.000564260874
1076.339970000  8.300000000 -0.000230169011
1076.364990000  8.300000000 -0.001043489090
1076.390010000  8.300000000 -0.001874373290
1076.415040000  8.300000000 -0.002721456350
1076.440060000  8.300000000 -0.003583326240
1076.464970000  8.300000000 -0.004458540120
1076.489990000  8.300000000 -0.005345633720
1076.515010000  8.300000000 -0.006243121810
1076.540040000  8.300000000 -0.007149508690
1076.565060000  8.300000000 -0.008063287470
1076.589970000  8.300000000 -0.008982948960
1076.614990000  8.300000000 -0.009906977420
1076.640010000  8.300000000 -0.010833858500
1076.665040000  8.300000000 -0.011762072300
1076.690060000  8.300000000 -0.012690106400
1076.714970000  8.300000000 -0.013616449200
1076.739990000  8.300000000 -0.014539603100
1076.765010000  8.300000000 -0.015458071600
1076.790040000  8.300000000 -0.016370372800
1076.815060000  8.300000000 -0.017275039100
1076.839970000  8.300000000 -0.018170625000
1076.864990000  8.300000000 -0.019055713000
1076.890010000  8.300000000 -0.019928913600
1076.915040000  8.300000000 -0.020788885700
1076.940060000  8.300000000 -0.021634319800
1076.964970000  8.300000000 -0.022463951300
1076.989990000  8.300000000 -0.023276591700
1077.015010000  8.300000000 -0.024071073200
1077.040040000  8.300000000 -0.024846296800
1077.065060000  8.300000000 -0.025601239900
1077.089970000  8.300000000 -0.026334900400
1077.114990000  8.300000000 -0.027046382400
1077.140010000  8.300000000 -0.027734795600
1077.165040000  8.300000000 -0.028399361300
1077.190060000  8.300000000 -0.029039323300
1077.214970000  8.300000000 -0.029654001800
1077.239990000  8.300000000 -0.030242765300
1077.265010000  8.300000000 -0.030805040200
1077.290040000  8.300000000 -0.031340330800
1077.315060000  8.300000000 -0.031848169900
1077.339970000  8.300000000 -0.032328195900
1077.364990000  8.300000000 -0.032780062400
1077.390010000  8.300000000 -0.033203519900
1077.415040000  8.300000000 -0.033598352200
1077.440060000  8.300000000 -0.033964425300
1077.464970000  8.300000000 -0.034301634900
1077.489990000  8.300000000 -0.034609947400
1077.515010000  8.300000000 -0.034889388800
1077.540040000  8.300000000 -0.035140015200
1077.565060000  8.300000000 -0.035361956800
1077.589970000  8.300000000 -0.035555377600
1077.614990000  8.300000000 -0.035720497400
1077.640010000  8.300000000 -0.035857576900
1077.665040000  8.300000000 -0.035966940200
1077.690060000  8.300000000 -0.036048937600
1077.714970000  8.300000000 -0.036103993700
1077.739990000  8.300000000 -0.036132551700
1077.765010000  8.300000000 -0.036135148300
1077.790040000  8.300000000 -0.036112338300
1077.815060000  8.300000000 -0.036064725400
1077.839970000  8.300000000 -0.035992950200
1077.864990000  8.300000000 -0.035897720600
1077.890010000  8.300000000 -0.035779763000
1077.915040000  8.300000000 -0.035639837400
1077.940060000  8.300000000 -0.035478722300
1077.964970000  8.300000000 -0.035297237300
1077.989990000  8.300000000 -0.035096231800
1078.015010000  8.300000000 -0.034876555200
1078.040040000  8.300000000 -0.034639071700
1078.065060000  8.300000000 -0.034384667900
1078.089970000  8.300000000 -0.034114264000
1078.114990000  8.300000000 -0.033828731600
1078.140010000  8.300000000 -0.033528983600
1078.165040000  8.300000000 -0.033215917600
1078.190060000  8.300000000 -0.032890431600
1078.214970000  8.300000000 -0.032553389700
1078.239990000  8.300000000 -0.032205659900
1078.265010000  8.300000000 -0.031848080500
1078.290040000  8.300000000 -0.031481467200
1078.315060000  8.300000000 -0.031106596800
1078.339970000  8.300000000 -0.030724238600
1078.364990000  8.300000000 -0.030335094800
1078.390010000  8.300000000 -0.029939837800
1078.415040000  8.300000000 -0.029539119500
1078.440060000  8.300000000 -0.029133509800
1078.464970000  8.300000000 -0.028723545400
1078.489990000  8.300000000 -0.028309701000
1078.515010000  8.300000000 -0.027892412600
1078.540040000  8.300000000 -0.027472054600
1078.565060000  8.300000000 -0.027048958500
1078.589970000  8.300000000 -0.026623394300
1078.614990000  8.300000000 -0.026195604400
1078.640010000  8.300000000 -0.025765791500
1078.665040000  8.300000000 -0.025334114200
1078.690060000  8.300000000 -0.024900702800
1078.714970000  8.300000000 -0.024465678300
1078.739990000  8.300000000 -0.024029104000
1078.765010000  8.300000000 -0.023591049000
1078.790040000  8.300000000 -0.023151550400
1078.815060000  8.300000000 -0.022710636300
1078.839970000  8.300000000 -0.022268328800
1078.864990000  8.300000000 -0.021824630000
1078.890010000  8.300000000 -0.021379528600
1078.915040000  8.300000000 -0.020933026400
1078.940060000  8.300000000 -0.020485110600
1078.964970000  8.300000000 -0.020035771700
1078.989990000  8.300000000 -0.019585002200
1079.015010000  8.300000000 -0.019132806000
1079.040040000  8.300000000 -0.018679190400
1079.065060000  8.300000000 -0.018224174200
1079.089970000  8.300000000 -0.017767798200
1079.114990000  8.300000000 -0.017310114600
1079.140010000  8.300000000 -0.016851194200
1079.165040000  8.300000000 -0.016391133900
1079.190060000  8.300000000 -0.015930054700
1079.214970000  8.300000000 -0.015468093600
1079.239990000  8.300000000 -0.015005422800
1079.265010000  8.300000000 -0.014542235100
1079.290040000  8.300000000 -0.014078752100
1079.315060000  8.300000000 -0.013615219900
1079.339970000  8.300000000 -0.013151908300
1079.364990000  8.300000000 -0.012689113600
1079.390010000  8.300000000 -0.012227147800
1079.415040000  8.300000000 -0.011766345200
1079.440060000  8.300000000 -0.011307051400
1079.464970000  8.300000000 -0.010849628600
1079.489990000  8.300000000 -0.010394443800
1079.515010000  8.300000000 -0.009941875930
1079.540040000  8.300000000 -0.009492300450
1079.565060000  8.300000000 -0.009046100080
1079.589970000  8.300000000 -0.008603652940
1079.614990000  8.300000000 -0.008165329690
1079.640010000  8.300000000 -0.007731501940
1079.665040000  8.300000000 -0.007302533840
1079.690060000  8.300000000 -0.006878781130
1079.714970000  8.300000000 -0.006460591690
1079.739990000  8.300000000 -0.006048308220
1079.765010000  8.300000000 -0.005642267880
1079.790040000  8.300000000 -0.005242799410
1079.815060000  8.300000000 -0.004850225990
1079.839970000  8.300000000 -0.004464854490
1079.864990000  8.300000000 -0.004086985720
1079.890010000  8.300000000 -0.003716910720
1079.915040000  8.300000000 -0.003354903080
1079.940060000  8.300000000 -0.003001220760
1079.964970000  8.300000000 -0.002656111960
1079.989990000  8.300000000 -0.002319804390
1080.015010000  8.300000000 -0.001992508540
1080.040040000  8.300000000 -0.001674420430
1080.065060000  8.300000000 -0.001365713310
1080.089970000  8.300000000 -0.001066545140
1080.114990000  8.300000000 -0.000777044916
1080.140010000  8.300000000 -0.000497322879
1080.165040000  8.300000000 -0.000227468234
1080.190060000  8.300000000 0.000032458553
1080.214970000  8.300000000 0.000282416004
1080.239990000  8.300000000 0.000522385933
1080.265010000  8.300000000 0.000752368476
1080.290040000  8.300000000 0.000972381677
1080.315060000  8.300000000 0.001182460810
1080.339970000  8.300000000 0.001382660000
1080.364990000  8.300000000 0.001573044460
1080.390010000  8.300000000 0.001753700550
1080.415040000  8.300000000 0.001924734680
1080.440060000  8.300000000 0.002086270370
1080.464970000  8.300000000 0.002238446380
1080.489990000  8.300000000 0.002381427680
1080.515010000  8.300000000 0.002515391210
1080.540040000  8.300000000 0.002640539310
1080.565060000  8.300000000 0.002757082230
1080.589970000  8.300000000 0.002865252550
1080.614990000  8.300000000 0.002965293590
1080.640010000  8.300000000 0.003057458210
1080.665040000  8.300000000 0.003142008090
1080.690060000  8.300000000 0.003219206120
1080.714970000  8.300000000 0.003289307930
1080.739990000  8.300000000 0.003352568480
1080.765010000  8.300000000 0.003409235040
1080.790040000  8.300000000 0.003459539960
1080.815060000  8.300000000 0.003503705840
1080.839970000  8.300000000 0.003541943380
1080.864990000  8.300000000 0.003574444910
1080.890010000  8.300000000 0.003601392030
1080.915040000  8.300000000 0.003622951450
1080.940060000  8.300000000 0.003639281730
1080.964970000  8.300000000 0.003650526980
1080.989990000  8.300000000 0.003656829240
1081.015010000  8.300000000 0.003658319590
1081.040040000  8.300000000 0.003655133070
1081.065060000  8.300000000 0.003647401000
1081.089970000  8.300000000 0.003635259350
1081.114990000  8.300000000 0.003618847810
1081.140010000  8.300000000 0.003598308190
1081.165040000  8.300000000 0.003573793450
1081.190060000  8.300000000 0.003545452140
1081.214970000  8.300000000 0.003513446540
1081.239990000  8.300000000 0.003477933580
1081.265010000  8.300000000 0.003439080670
1081.290040000  8.300000000 0.003397052410
1081.315060000  8.300000000 0.003352024590
1081.339970000  8.300000000 0.003304172540
1081.364990000  8.300000000 0.003253679020
1081.390010000  8.300000000 0.003200735430
1081.415040000  8.300000000 0.003145541760
1081.440060000  8.300000000 0.003088304310
1081.464970000  8.300000000 0.003029241460
1081.489990000  8.300000000 0.002968576970
1081.515010000  8.300000000 0.002906549490
1081.540040000  8.300000000 0.002843397200
1081.565060000  8.300000000 0.002779366910
1081.589970000  8.300000000 0.002714710780
1081.614990000  8.300000000 0.002649677680
1081.640010000  8.300000000 0.002584521190
1081.665040000  8.300000000 0.002519488570
1081.690060000  8.300000000 0.002454824980
1081.714970000  8.300000000 0.002390769080
1081.739990000  8.300000000 0.002327544850
1081.765010000  8.300000000 0.002265373010
1081.790040000  8.300000000 0.002204457760
1081.815060000  8.300000000 0.002144988390
1081.839970000  8.300000000 0.002087138130
1081.864990000  8.300000000 0.002031060630
1081.890010000  8.300000000 0.001976892120
1081.915040000  8.300000000 0.001924741660
1081.940060000  8.300000000 0.001874693550
1081.964970000  8.300000000 0.001826806580
1081.989990000  8.300000000 0.001781112170
1082.015010000  8.300000000 0.001737611600
1082.040040000  8.300000000 0.001696277530
1082.065060000  8.300000000 0.001657058250
1082.089970000  8.300000000 0.001619874730
1082.114990000  8.300000000 0.001584624290
1082.140010000  8.300000000 0.001551184340
1082.165040000  8.300000000 0.001519414600
1082.190060000  8.300000000 0.001489158250
1082.214970000  8.300000000 0.001460249770
1082.239990000  8.300000000 0.001432520100
1082.265010000  8.300000000 0.001405792080
1082.290040000  8.300000000 0.001379893740
1082.315060000  8.300000000 0.001354657110
1082.339970000  8.300000000 0.001329915600
1082.364990000  8.300000000 0.001305517970
1082.390010000  8.300000000 0.001281321170
1082.415040000  8.300000000 0.001257190360
1082.440060000  8.300000000 0.001233008220
1082.464970000  8.300000000 0.001208669740
1082.489990000  8.300000000 0.001184080960
1082.515010000  8.300000000 0.001159163540
1082.540040000  8.300000000 0.001133852170
1082.565060000  8.300000000 0.001108092490
1082.589970000  8.300000000 0.001081845490
1082.614990000  8.300000000 0.001055083470
1082.640010000  8.300000000 0.001027791410
1082.665040000  8.300000000 0.000999962096
1082.690060000  8.300000000 0.000971601810
1082.714970000  8.300000000 0.000942721381
1082.739990000  8.300000000 0.000913339958
1082.765010000  8.300000000 0.000883480068
1082.790040000  8.300000000 0.000853161793
1082.815060000  8.300000000 0.000822403817
1082.839970000  8.300000000 0.000791216909
1082.864990000  8.300000000 0.000759604562
1082.890010000  8.300000000 0.000727559731
1082.915040000  8.300000000 0.000695061579
1082.940060000  8.300000000 0.000662080070
1082.964970000  8.300000000 0.000628573936
1082.989990000  8.300000000 0.000594489800
1083.015010000  8.300000000 0.000559767126
1083.040040000  8.300000000 0.000524338160
1083.065060000  8.300000000 0.000488131016
1083.089970000  8.300000000 0.000451069936
1083.114990000  8.300000000 0.000413080386
1083.140010000  8.300000000 0.000374089956
1083.165040000  8.300000000 0.000334029930
1083.190060000  8.300000000 0.000292836834
1083.214970000  8.300000000 0.000250454905
1083.239990000  8.300000000 0.000206838362
1083.265010000  8.300000000 0.000161948716
1083.290040000  8.300000000 0.000115758092
1083.315060000  8.300000000 0.000068247813
1083.339970000  8.300000000 0.000019408742
1083.364990000  8.300000000 -0.000030758591
1083.390010000  8.300000000 -0.000082242601
1083.415040000  8.300000000 -0.000135019611
1083.440060000  8.300000000 -0.000189054554
1083.464970000  8.300000000 -0.000244296185
1083.489990000  8.300000000 -0.000300678657
1083.515010000  8.300000000 -0.000358118297
1083.540040000  8.300000000 -0.000416512572
1083.565060000  8.300000000 -0.000475739362
1083.589970000  8.300000000 -0.000535657164
1083.614990000  8.300000000 -0.000596106926
1083.640010000  8.300000000 -0.000656910473
1083.665040000  8.300000000 -0.000717873510
1083.690060000  8.300000000 -0.000778788235
1083.714970000  8.300000000 -0.000839435786
1083.739990000  8.300000000 -0.000899589329
1083.765010000  8.300000000 -0.000959015801
1083.790040000  8.300000000 -0.001017481550
1083.815060000  8.300000000 -0.001074754050
1083.839970000  8.300000000 -0.001130601970
1083.864990000  8.300000000 -0.001184805760
1083.890010000  8.300000000 -0.001237150170
1083.915040000  8.300000000 -0.001287432390
1083.940060000  8.300000000 -0.001335463140
1083.964970000  8.300000000 -0.001381068140
1083.989990000  8.300000000 -0.001424082900
1084.015010000  8.300000000 -0.001464367260
1084.040040000  8.300000000 -0.001501795840
1084.065060000  8.300000000 -0.001536259190
1084.089970000  8.300000000 -0.001567219620
1084.114990000  8.300000000 -0.001593756720
