736.669983000  8.100000000 0.000000000000
736.695007000  8.100000000 0.000000000000
736.719971000  8.100000000 -0.002010920550
736.744995000  8.100000000 -0.001988447970
736.769958000  8.100000000 -0.001957990000
736.794983000  8.100000000 -0.001920365500
736.820007000  8.100000000 -0.001876347230
736.844971000  8.100000000 -0.001826662570
736.869995000  8.100000000 -0.001771994630
736.894958000  8.100000000 -0.001712984750
736.919983000  8.100000000 -0.001650233400
736.945007000  8.100000000 -0.001584302980
736.969971000  8.100000000 -0.001515722020
736.994995000  8.100000000 -0.001444987720
737.019958000  8.100000000 -0.001372568540
737.044983000  8.100000000 -0.001298905470
737.070007000  8.100000000 -0.001224412580
737.094971000  8.100000000 -0.001149477670
737.119995000  8.100000000 -0.001074461850
737.144958000  8.100000000 -0.000999701209
737.169983000  8.100000000 -0.000925505708
737.195007000  8.100000000 -0.000852156314
737.219971000  8.100000000 -0.000779905589
737.244995000  8.100000000 -0.000708980660
737.269958000  8.100000000 -0.000639587233
737.294983000  8.100000000 -0.000571910525
737.320007000  8.100000000 -0.000506113225
737.344971000  8.100000000 -0.000442332210
737.369995000  8.100000000 -0.000380676094
737.394958000  8.100000000 -0.000321228552
737.419983000  8.100000000 -0.000264053117
737.445007000  8.100000000 -0.000209200050
737.469971000  8.100000000 -0.000156711933
737.494995000  8.100000000 -0.000106627333
737.519958000  8.100000000 -0.000058981048
737.544983000  8.100000000 -0.000013802190
737.570007000  8.100000000 0.000028886830
737.594971000  8.100000000 0.000069069472
737.619995000  8.100000000 0.000106735883
737.644958000  8.100000000 0.000141885030
737.669983000  8.100000000 0.000174527435
737.695007000  8.100000000 0.000204684955
737.719971000  8.100000000 0.000232385573
737.744995000  8.100000000 0.000257655891
737.769958000  8.100000000 0.000280515116
737.794983000  8.100000000 0.000300974207
737.820007000  8.100000000 0.000319037586
737.844971000  8.100000000 0.000334704353
737.869995000  8.100000000 0.000347969995
737.894958000  8.100000000 0.000358828518
737.919983000  8.100000000 0.000367276953
737.945007000  8.100000000 0.000373321440
737.969971000  8.100000000 0.000376980635
737.994995000  8.100000000 0.000378286408
738.019958000  8.100000000 0.000377283490
738.044983000  8.100000000 0.000374030496
738.070007000  8.100000000 0.000368600653
738.094971000  8.100000000 0.000361083075
738.119995000  8.100000000 0.000351585710
738.144958000  8.100000000 0.000340240105
738.169983000  8.100000000 0.000327201182
738.195007000  8.100000000 0.000312641612
738.219971000  8.100000000 0.000296742597
738.244995000  8.100000000 0.000279682397
738.269958000  8.100000000 0.000261627516
738.294983000  8.100000000 0.000242725757
738.320007000  8.100000000 0.000223103052
738.344971000  8.100000000 0.000202864729
738.369995000  8.100000000 0.000182100557
738.394958000  8.100000000 0.000160891432
738.419983000  8.100000000 0.000139313779
738.445007000  8.100000000 0.000117440002
738.469971000  8.100000000 0.000095337418
738.494995000  8.100000000 0.000073070398
738.519958000  8.100000000 0.000050697327
738.544983000  8.100000000 0.000028268412
738.570007000  8.100000000 0.000005826910
738.594971000  8.100000000 -0.000016588005
738.619995000  8.100000000 -0.000038938451
738.644958000  8.100000000 -0.000061192179
738.669983000  8.100000000 -0.000083326508
738.695007000  8.100000000 -0.000105329869
738.719971000  8.100000000 -0.000127199019
738.744995000  8.100000000 -0.000148933454
738.769958000  8.100000000 -0.000170530664
738.794983000  8.100000000 -0.000191981962
738.820007000  8.100000000 -0.000213273335
738.844971000  8.100000000 -0.000234391002
738.869995000  8.100000000 -0.000255330524
738.894958000  8.100000000 -0.000276106934
738.919983000  8.100000000 -0.000296758284
738.945007000  8.100000000 -0.000317343132
738.969971000  8.100000000 -0.000337930134
738.994995000  8.100000000 -0.000358582329
739.019958000  8.100000000 -0.000379339588
739.044983000  8.100000000 -0.000400207879
739.070007000  8.100000000 -0.000421157165
739.094971000  8.100000000 -0.000442130811
739.119995000  8.100000000 -0.000463057368
739.144958000  8.100000000 -0.000483861077
739.169983000  8.100000000 -0.000504471653
739.195007000  8.100000000 -0.000524829724
739.219971000  8.100000000 -0.000544884126
739.244995000  8.100000000 -0.000564584159
739.269958000  8.100000000 -0.000583873771
739.294983000  8.100000000 -0.000602692598
739.320007000  8.100000000 -0.000620980398
739.344971000  8.100000000 -0.000638684374
739.369995000  8.100000000 -0.000655757671
739.394958000  8.100000000 -0.000672158552
739.419983000  8.100000000 -0.000687848136
739.445007000  8.100000000 -0.000702790741
739.469971000  8.100000000 -0.000716952083
739.494995000  8.100000000 -0.000730290019
739.519958000  8.100000000 -0.000742747274
739.544983000  8.100000000 -0.000754249224
739.570007000  8.100000000 -0.000764712808
739.594971000  8.100000000 -0.000774061773
739.619995000  8.100000000 -0.000782235700
739.644958000  8.100000000 -0.000789189537
739.669983000  8.100000000 -0.000794890686
739.695007000  8.100000000 -0.000799316214
739.719971000  8.100000000 -0.000802455761
739.744995000  8.100000000 -0.000804317475
739.769958000  8.100000000 -0.000804929761
739.794983000  8.100000000 -0.000804336683
739.820007000  8.100000000 -0.000802588591
739.844971000  8.100000000 -0.000799729605
739.869995000  8.100000000 -0.000795788597
739.894958000  8.100000000 -0.000790777151
739.919983000  8.100000000 -0.000784698408
739.945007000  8.100000000 -0.000777560577
739.969971000  8.100000000 -0.000769383914
739.994995000  8.100000000 -0.000760200259
740.019958000  8.100000000 -0.000750043255
740.044983000  8.100000000 -0.000738941890
740.070007000  8.100000000 -0.000726914906
740.094971000  8.100000000 -0.000713973131
740.119995000  8.100000000 -0.000700122328
740.144958000  8.100000000 -0.000685368082
740.169983000  8.100000000 -0.000669719244
740.195007000  8.100000000 -0.000653194787
740.219971000  8.100000000 -0.000635827950
740.244995000  8.100000000 -0.000617668033
740.269958000  8.100000000 -0.000598775630
740.294983000  8.100000000 -0.000579212559
740.320007000  8.100000000 -0.000559031148
740.344971000  8.100000000 -0.000538262655
740.369995000  8.100000000 -0.000516909931
740.394958000  8.100000000 -0.000494943873
740.419983000  8.100000000 -0.000472305634
740.445007000  8.100000000 -0.000448911742
740.469971000  8.100000000 -0.000424661499
740.494995000  8.100000000 -0.000399441167
740.519958000  8.100000000 -0.000373129878
740.544983000  8.100000000 -0.000345610111
740.570007000  8.100000000 -0.000316773192
740.594971000  8.100000000 -0.000286529190
740.619995000  8.100000000 -0.000254808838
740.644958000  8.100000000 -0.000221566181
740.669983000  8.100000000 -0.000186776771
740.695007000  8.100000000 -0.000150436594
740.719971000  8.100000000 -0.000112561145
740.744995000  8.100000000 -0.000073185489
740.769958000  8.100000000 -0.000032360243
740.794983000  8.100000000 0.000009853663
740.820007000  8.100000000 0.000053390831
740.844971000  8.100000000 0.000098183526
740.869995000  8.100000000 0.000144156409
740.894958000  8.100000000 0.000191214349
740.919983000  8.100000000 0.000239237270
740.945007000  8.100000000 0.000288080482
740.969971000  8.100000000 0.000337581179
740.994995000  8.100000000 0.000387560867
741.019958000  8.100000000 0.000437826326
741.044983000  8.100000000 0.000488169841
741.070007000  8.100000000 0.000538373366
741.094971000  8.100000000 0.000588215538
741.119995000  8.100000000 0.000637478079
741.144958000  8.100000000 0.000685950159
741.169983000  8.100000000 0.000733429508
741.195007000  8.100000000 0.000779728987
741.219971000  8.100000000 0.000824682182
741.244995000  8.100000000 0.000868151605
741.269958000  8.100000000 0.000910027127
741.294983000  8.100000000 0.000950222311
741.320007000  8.100000000 0.000988664338
741.344971000  8.100000000 0.001025285460
741.369995000  8.100000000 0.001060017040
741.394958000  8.100000000 0.001092789580
741.419983000  8.100000000 0.001123531020
741.445007000  8.100000000 0.001152167800
741.469971000  8.100000000 0.001178621550
741.494995000  8.100000000 0.001202803800
741.519958000  8.100000000 0.001224610840
741.544983000  8.100000000 0.001243923910
741.570007000  8.100000000 0.001260612280
741.594971000  8.100000000 0.001274543350
741.619995000  8.100000000 0.001285587200
741.644958000  8.100000000 0.001293622190
741.669983000  8.100000000 0.001298535620
741.695007000  8.100000000 0.001300223870
741.719971000  8.100000000 0.001298591150
741.744995000  8.100000000 0.001293548030
741.769958000  8.100000000 0.001285011650
741.794983000  8.100000000 0.001272902940
741.820007000  8.100000000 0.001257149970
741.844971000  8.100000000 0.001237687310
741.869995000  8.100000000 0.001214461980
741.894958000  8.100000000 0.001187439190
741.919983000  8.100000000 0.001156609390
741.945007000  8.100000000 0.001121991550
741.969971000  8.100000000 0.001083633630
741.994995000  8.100000000 0.001041611770
742.019958000  8.100000000 0.000996027724
742.044983000  8.100000000 0.000947013265
742.070007000  8.100000000 0.000894730969
742.094971000  8.100000000 0.000839372806
742.119995000  8.100000000 0.000781156472
742.144958000  8.100000000 0.000720319687
742.169983000  8.100000000 0.000657114899
742.195007000  8.100000000 0.000591808290
742.219971000  8.100000000 0.000524673611
742.244995000  8.100000000 0.000455985341
742.269958000  8.100000000 0.000386006694
742.294983000  8.100000000 0.000314983714
742.320007000  8.100000000 0.000243144139
742.344971000  8.100000000 0.000170705156
742.369995000  8.100000000 0.000097876626
742.394958000  8.100000000 0.000024862979
742.419983000  8.100000000 -0.000048138623
742.445007000  8.100000000 -0.000120936806
742.469971000  8.100000000 -0.000193343774
742.494995000  8.100000000 -0.000265173992
742.519958000  8.100000000 -0.000336245663
742.544983000  8.100000000 -0.000406382780
742.570007000  8.100000000 -0.000475410605
742.594971000  8.100000000 -0.000543146336
742.619995000  8.100000000 -0.000609395502
742.644958000  8.100000000 -0.000673957693
742.669983000  8.100000000 -0.000736639078
742.695007000  8.100000000 -0.000797261891
742.719971000  8.100000000 -0.000855667342
742.744995000  8.100000000 -0.000911714684
742.769958000  8.100000000 -0.000965279934
742.794983000  8.100000000 -0.001016258260
742.820007000  8.100000000 -0.001064566660
742.844971000  8.100000000 -0.001110141050
742.869995000  8.100000000 -0.001152926010
742.894958000  8.100000000 -0.001192864850
742.919983000  8.100000000 -0.001229893420
742.945007000  8.100000000 -0.001263944550
742.969971000  8.100000000 -0.001294957360
742.994995000  8.100000000 -0.001322885160
743.019958000  8.100000000 -0.001347693500
743.044983000  8.100000000 -0.001369354780
743.070007000  8.100000000 -0.001387842470
743.094971000  8.100000000 -0.001403134900
743.119995000  8.100000000 -0.001415222650
743.144958000  8.100000000 -0.001424117480
743.169983000  8.100000000 -0.001429858730
743.195007000  8.100000000 -0.001432516380
743.219971000  8.100000000 -0.001432189830
743.244995000  8.100000000 -0.001429006340
743.269958000  8.100000000 -0.001423117470
743.294983000  8.100000000 -0.001414694590
743.320007000  8.100000000 -0.001403924660
743.344971000  8.100000000 -0.001391003610
743.369995000  8.100000000 -0.001376128170
743.394958000  8.100000000 -0.001359489160
743.419983000  8.100000000 -0.001341265510
743.445007000  8.100000000 -0.001321617160
743.469971000  8.100000000 -0.001300680920
743.494995000  8.100000000 -0.001278566550
743.519958000  8.100000000 -0.001255356940
743.544983000  8.100000000 -0.001231115310
743.570007000  8.100000000 -0.001205892070
743.594971000  8.100000000 -0.001179733430
743.619995000  8.100000000 -0.001152687360
743.644958000  8.100000000 -0.001124809380
743.669983000  8.100000000 -0.001096170510
743.695007000  8.100000000 -0.001066862370
743.719971000  8.100000000 -0.001036996250
743.744995000  8.100000000 -0.001006697190
743.769958000  8.100000000 -0.000976096024
743.794983000  8.100000000 -0.000945326174
743.820007000  8.100000000 -0.000914523262
743.844971000  8.100000000 -0.000883827626
743.869995000  8.100000000 -0.000853383972
743.894958000  8.100000000 -0.000823345501
743.919983000  8.100000000 -0.000793875719
743.945007000  8.100000000 -0.000765149074
743.969971000  8.100000000 -0.000737347582
743.994995000  8.100000000 -0.000710653956
744.019958000  8.100000000 -0.000685242761
744.044983000  8.100000000 -0.000661274476
744.070007000  8.100000000 -0.000638890779
744.094971000  8.100000000 -0.000618211809
744.119995000  8.100000000 -0.000599333493
744.144958000  8.100000000 -0.000582325505
744.169983000  8.100000000 -0.000567229232
744.195007000  8.100000000 -0.000554056547
744.219971000  8.100000000 -0.000542793423
744.244995000  8.100000000 -0.000533407147
744.269958000  8.100000000 -0.000525854295
744.294983000  8.100000000 -0.000520087953
744.320007000  8.100000000 -0.000516064349
744.344971000  8.100000000 -0.000513748906
744.369995000  8.100000000 -0.000513119623
744.394958000  8.100000000 -0.000514164858
744.419983000  8.100000000 -0.000516881060
744.445007000  8.100000000 -0.000521268812
744.469971000  8.100000000 -0.000527333643
744.494995000  8.100000000 -0.000535088533
744.519958000  8.100000000 -0.000544556940
744.544983000  8.100000000 -0.000555766688
744.570007000  8.100000000 -0.000568738615
744.594971000  8.100000000 -0.000583477551
744.619995000  8.100000000 -0.000599963358
744.644958000  8.100000000 -0.000618149294
744.669983000  8.100000000 -0.000637963589
744.695007000  8.100000000 -0.000659312005
744.719971000  8.100000000 -0.000682080863
744.744995000  8.100000000 -0.000706135936
744.769958000  8.100000000 -0.000731323031
744.794983000  8.100000000 -0.000757466187
744.820007000  8.100000000 -0.000784365111
744.844971000  8.100000000 -0.000811795355
744.869995000  8.100000000 -0.000839505694
744.894958000  8.100000000 -0.000867216557
744.919983000  8.100000000 -0.000894622703
744.945007000  8.100000000 -0.000921401952
744.969971000  8.100000000 -0.000947224733
744.994995000  8.100000000 -0.000971760368
745.019958000  8.100000000 -0.000994681381
745.044983000  8.100000000 -0.001015662680
745.070007000  8.100000000 -0.001034387740
745.094971000  8.100000000 -0.001050550610
745.119995000  8.100000000 -0.001063857810
745.144958000  8.100000000 -0.001074027040
745.169983000  8.100000000 -0.001080786690
745.195007000  8.100000000 -0.001083872400
745.219971000  8.100000000 -0.001083031180
745.244995000  8.100000000 -0.001078023690
745.269958000  8.100000000 -0.001068625720
745.294983000  8.100000000 -0.001054628990
745.320007000  8.100000000 -0.001035843860
745.344971000  8.100000000 -0.001012098630
745.369995000  8.100000000 -0.000983244739
745.394958000  8.100000000 -0.000949156180
745.419983000  8.100000000 -0.000909730792
745.445007000  8.100000000 -0.000864891161
745.469971000  8.100000000 -0.000814583909
745.494995000  8.100000000 -0.000758782262
745.519958000  8.100000000 -0.000697485055
745.544983000  8.100000000 -0.000630715222
745.570007000  8.100000000 -0.000558515370
745.594971000  8.100000000 -0.000480944349
745.619995000  8.100000000 -0.000398074539
745.644958000  8.100000000 -0.000309990894
745.669983000  8.100000000 -0.000216788976
745.695007000  8.100000000 -0.000118570504
745.719971000  8.100000000 -0.000015440817
745.744995000  8.100000000 0.000092490773
745.769958000  8.100000000 0.000205107353
745.794983000  8.100000000 0.000322281354
745.820007000  8.100000000 0.000443876110
745.844971000  8.100000000 0.000569743046
745.869995000  8.100000000 0.000699719356
745.894958000  8.100000000 0.000833619386
745.919983000  8.100000000 0.000971229165
745.945007000  8.100000000 0.001112300670
745.969971000  8.100000000 0.001256552760
745.994995000  8.100000000 0.001403674950
746.019958000  8.100000000 0.001553329760
746.044983000  8.100000000 0.001705162340
746.070007000  8.100000000 0.001858805890
746.094971000  8.100000000 0.002013891000
746.119995000  8.100000000 0.002170050520
746.144958000  8.100000000 0.002326921560
746.169983000  8.100000000 0.002484143710
746.195007000  8.100000000 0.002641362140
746.219971000  8.100000000 0.002798218750
746.244995000  8.100000000 0.002954358700
746.269958000  8.100000000 0.003109432520
746.294983000  8.100000000 0.003263092600
746.320007000  8.100000000 0.003414997600
746.344971000  8.100000000 0.003564802930
746.369995000  8.100000000 0.003712159350
746.394958000  8.100000000 0.003856706670
746.419983000  8.100000000 0.003998081200
746.445007000  8.100000000 0.004135911350
746.469971000  8.100000000 0.004269816450
746.494995000  8.100000000 0.004399408120
746.519958000  8.100000000 0.004524294290
746.544983000  8.100000000 0.004644094500
746.570007000  8.100000000 0.004758446480
746.594971000  8.100000000 0.004867012610
746.619995000  8.100000000 0.004969477190
746.644958000  8.100000000 0.005065539850
746.669983000  8.100000000 0.005154910500
746.695007000  8.100000000 0.005237311120
746.719971000  8.100000000 0.005312473510
746.744995000  8.100000000 0.005380146670
746.769958000  8.100000000 0.005440087990
746.794983000  8.100000000 0.005492082800
746.820007000  8.100000000 0.005535942040
746.844971000  8.100000000 0.005571506450
746.869995000  8.100000000 0.005598650780
746.894958000  8.100000000 0.005617275830
746.919983000  8.100000000 0.005627314090
746.945007000  8.100000000 0.005628730640
746.969971000  8.100000000 0.005621520340
746.994995000  8.100000000 0.005605705550
747.019958000  8.100000000 0.005581331440
747.044983000  8.100000000 0.005548468790
747.070007000  8.100000000 0.005507221910
747.094971000  8.100000000 0.005457737480
747.119995000  8.100000000 0.005400209690
747.144958000  8.100000000 0.005334882530
747.169983000  8.100000000 0.005262046120
747.195007000  8.100000000 0.005182034800
747.219971000  8.100000000 0.005095218310
747.244995000  8.100000000 0.005002003160
747.269958000  8.100000000 0.004902820570
747.294983000  8.100000000 0.004798123150
747.320007000  8.100000000 0.004688375630
747.344971000  8.100000000 0.004574055780
747.369995000  8.100000000 0.004455645100
747.394958000  8.100000000 0.004333635790
747.419983000  8.100000000 0.004208516330
747.445007000  8.100000000 0.004080765880
747.469971000  8.100000000 0.003950857090
747.494995000  8.100000000 0.003819247240
747.519958000  8.100000000 0.003686382670
747.544983000  8.100000000 0.003552705520
747.570007000  8.100000000 0.003418657000
747.594971000  8.100000000 0.003284685550
747.619995000  8.100000000 0.003151253100
747.644958000  8.100000000 0.003018842080
747.669983000  8.100000000 0.002887957960
747.695007000  8.100000000 0.002759128580
747.719971000  8.100000000 0.002632893620
747.744995000  8.100000000 0.002509796290
747.769958000  8.100000000 0.002390374430
747.794983000  8.100000000 0.002275153300
747.820007000  8.100000000 0.002164643720
747.844971000  8.100000000 0.002059335590
747.869995000  8.100000000 0.001959699210
747.894958000  8.100000000 0.001866180570
747.919983000  8.100000000 0.001779201090
747.945007000  8.100000000 0.001699154500
747.969971000  8.100000000 0.001626398410
747.994995000  8.100000000 0.001561255190
748.019958000  8.100000000 0.001504013900
748.044983000  8.100000000 0.001454933550
748.070007000  8.100000000 0.001414249300
748.094971000  8.100000000 0.001382174790
748.119995000  8.100000000 0.001358900340
748.144958000  8.100000000 0.001344589400
748.169983000  8.100000000 0.001339377950
748.195007000  8.100000000 0.001343370070
748.219971000  8.100000000 0.001356638500
748.244995000  8.100000000 0.001379229710
748.269958000  8.100000000 0.001411165460
748.294983000  8.100000000 0.001452448890
748.320007000  8.100000000 0.001503063130
748.344971000  8.100000000 0.001562969640
748.369995000  8.100000000 0.001632101830
748.394958000  8.100000000 0.001710368200
748.419983000  8.100000000 0.001797653730
748.445007000  8.100000000 0.001893825600
748.469971000  8.100000000 0.001998748630
748.494995000  8.100000000 0.002112290360
748.519958000  8.100000000 0.002234332030
748.544983000  8.100000000 0.002364769810
748.570007000  8.100000000 0.002503506370
748.594971000  8.100000000 0.002650453240
748.619995000  8.100000000 0.002805514260
748.644958000  8.100000000 0.002968579530
748.669983000  8.100000000 0.003139512850
748.695007000  8.100000000 0.003318143540
748.719971000  8.100000000 0.003504261610
748.744995000  8.100000000 0.003697621170
748.769958000  8.100000000 0.003897949120
748.794983000  8.100000000 0.004104946270
748.820007000  8.100000000 0.004318297840
748.844971000  8.100000000 0.004537674130
748.869995000  8.100000000 0.004762738480
748.894958000  8.100000000 0.004993151410
748.919983000  8.100000000 0.005228582770
748.945007000  8.100000000 0.005468716840
748.969971000  8.100000000 0.005713243040
748.994995000  8.100000000 0.005961861460
749.019958000  8.100000000 0.006214252670
749.044983000  8.100000000 0.006470084660
749.070007000  8.100000000 0.006728994190
749.094971000  8.100000000 0.006990589670
749.119995000  8.100000000 0.007254438010
749.144958000  8.100000000 0.007520082870
749.169983000  8.100000000 0.007787030190
749.195007000  8.100000000 0.008054765870
749.219971000  8.100000000 0.008322767910
749.244995000  8.100000000 0.008590501730
749.269958000  8.100000000 0.008857429960
749.294983000  8.100000000 0.009122998450
749.320007000  8.100000000 0.009386627930
749.344971000  8.100000000 0.009647704660
749.369995000  8.100000000 0.009905566460
749.394958000  8.100000000 0.010159506500
749.419983000  8.100000000 0.010408776800
749.445007000  8.100000000 0.010652598000
749.469971000  8.100000000 0.010890171900
749.494995000  8.100000000 0.011120676100
749.519958000  8.100000000 0.011343273300
749.544983000  8.100000000 0.011557113400
749.570007000  8.100000000 0.011761327300
749.594971000  8.100000000 0.011955048900
749.619995000  8.100000000 0.012137413000
749.644958000  8.100000000 0.012307571200
749.669983000  8.100000000 0.012464693700
749.695007000  8.100000000 0.012607979600
749.719971000  8.100000000 0.012736660400
749.744995000  8.100000000 0.012850011700
749.769958000  8.100000000 0.012947331200
749.794983000  8.100000000 0.013027967000
749.820007000  8.100000000 0.013091312700
749.844971000  8.100000000 0.013136804100
749.869995000  8.100000000 0.013163938200
749.894958000  8.100000000 0.013172286600
749.919983000  8.100000000 0.013161486900
749.945007000  8.100000000 0.013131277600
749.969971000  8.100000000 0.013081481700
749.994995000  8.100000000 0.013012046000
750.019958000  8.100000000 0.012923033000
750.044983000  8.100000000 0.012814655000
750.070007000  8.100000000 0.012687251900
750.094971000  8.100000000 0.012541304300
750.119995000  8.100000000 0.012377427000
750.144958000  8.100000000 0.012196361100
750.169983000  8.100000000 0.011998961700
750.195007000  8.100000000 0.011786196400
750.219971000  8.100000000 0.011559117600
750.244995000  8.100000000 0.011318874500
750.269958000  8.100000000 0.011066699400
750.294983000  8.100000000 0.010803884800
750.320007000  8.100000000 0.010531771900
750.344971000  8.100000000 0.010251740900
750.369995000  8.100000000 0.009965190660
750.394958000  8.100000000 0.009673528370
750.419983000  8.100000000 0.009378153830
750.445007000  8.100000000 0.009080447260
750.469971000  8.100000000 0.008781757210
750.494995000  8.100000000 0.008483384740
750.519958000  8.100000000 0.008186584340
750.544983000  8.100000000 0.007892551830
750.570007000  8.100000000 0.007602424830
750.594971000  8.100000000 0.007317278530
750.619995000  8.100000000 0.007038114590
750.644958000  8.100000000 0.006765872710
750.669983000  8.100000000 0.006501424130
750.695007000  8.100000000 0.006245594470
750.719971000  8.100000000 0.005999160460
750.744995000  8.100000000 0.005762847140
750.769958000  8.100000000 0.005537319460
750.794983000  8.100000000 0.005323170220
750.820007000  8.100000000 0.005120912100
750.844971000  8.100000000 0.004930964670
750.869995000  8.100000000 0.004753660880
750.894958000  8.100000000 0.004589244260
750.919983000  8.100000000 0.004437891770
750.945007000  8.100000000 0.004299729130
750.969971000  8.100000000 0.004174841100
750.994995000  8.100000000 0.004063291480
751.019958000  8.100000000 0.003965119830
751.044983000  8.100000000 0.003880341540
751.070007000  8.100000000 0.003808940060
751.094971000  8.100000000 0.003750859290
751.119995000  8.100000000 0.003706003070
751.144958000  8.100000000 0.003674232170
751.169983000  8.100000000 0.003655358920
751.195007000  8.100000000 0.003649133260
751.219971000  8.100000000 0.003655237610
751.244995000  8.100000000 0.003673276400
751.269958000  8.100000000 0.003702788610
751.294983000  8.100000000 0.003743244570
751.320007000  8.100000000 0.003794051010
751.344971000  8.100000000 0.003854547390
751.369995000  8.100000000 0.003924008460
751.394958000  8.100000000 0.004001663530
751.419983000  8.100000000 0.004086721690
751.445007000  8.100000000 0.004178385250
751.469971000  8.100000000 0.004275878890
751.494995000  8.100000000 0.004378465000
751.519958000  8.100000000 0.004485442300
751.544983000  8.100000000 0.004596157470
751.570007000  8.100000000 0.004709991630
751.594971000  8.100000000 0.004826362240
751.619995000  8.100000000 0.004944722170
751.644958000  8.100000000 0.005064563360
751.669983000  8.100000000 0.005185429010
751.695007000  8.100000000 0.005306913980
751.719971000  8.100000000 0.005428665320
751.744995000  8.100000000 0.005550375670
751.769958000  8.100000000 0.005671809890
751.794983000  8.100000000 0.005792812910
751.820007000  8.100000000 0.005913344680
751.844971000  8.100000000 0.006033483430
751.869995000  8.100000000 0.006153451280
751.894958000  8.100000000 0.006273594220
751.919983000  8.100000000 0.006394401660
751.945007000  8.100000000 0.006516482220
751.969971000  8.100000000 0.006640562320
751.994995000  8.100000000 0.006767454090
752.019958000  8.100000000 0.006898045070
752.044983000  8.100000000 0.007033259610
752.070007000  8.100000000 0.007174042050
752.094971000  8.100000000 0.007321307900
752.119995000  8.100000000 0.007475925140
752.144958000  8.100000000 0.007638681210
752.169983000  8.100000000 0.007810241080
752.195007000  8.100000000 0.007991106250
752.219971000  8.100000000 0.008181581270
752.244995000  8.100000000 0.008381787690
752.269958000  8.100000000 0.008591680790
752.294983000  8.100000000 0.008811058480
752.320007000  8.100000000 0.009039590140
752.344971000  8.100000000 0.009276800790
752.369995000  8.100000000 0.009522086010
752.394958000  8.100000000 0.009774701670
752.419983000  8.100000000 0.010033782600
752.445007000  8.100000000 0.010298348000
752.469971000  8.100000000 0.010567295400
752.494995000  8.100000000 0.010839442700
752.519958000  8.100000000 0.011113516100
752.544983000  8.100000000 0.011388210600
752.570007000  8.100000000 0.011662179600
752.594971000  8.100000000 0.011934063400
752.619995000  8.100000000 0.012202493800
752.644958000  8.100000000 0.012466100000
752.669983000  8.100000000 0.012723496200
752.695007000  8.100000000 0.012973268500
752.719971000  8.100000000 0.013213968800
752.744995000  8.100000000 0.013444117300
752.769958000  8.100000000 0.013662221800
752.794983000  8.100000000 0.013866780300
752.820007000  8.100000000 0.014056316600
752.844971000  8.100000000 0.014229369300
752.869995000  8.100000000 0.014384470900
752.894958000  8.100000000 0.014520139400
752.919983000  8.100000000 0.014634899800
752.945007000  8.100000000 0.014727302800
752.969971000  8.100000000 0.014795972000
752.994995000  8.100000000 0.014839610100
753.019958000  8.100000000 0.014857013700
753.044983000  8.100000000 0.014847062500
753.070007000  8.100000000 0.014808710700
753.094971000  8.100000000 0.014741010000
753.119995000  8.100000000 0.014643130800
753.144958000  8.100000000 0.014514386700
753.169983000  8.100000000 0.014354287600
753.195007000  8.100000000 0.014162552500
753.219971000  8.100000000 0.013939141300
753.244995000  8.100000000 0.013684216900
753.269958000  8.100000000 0.013398179800
753.294983000  8.100000000 0.013081607400
753.320007000  8.100000000 0.012735266200
753.344971000  8.100000000 0.012360112700
753.369995000  8.100000000 0.011957305500
753.394958000  8.100000000 0.011528209800
753.419983000  8.100000000 0.011074421900
753.445007000  8.100000000 0.010597754300
753.469971000  8.100000000 0.010100226800
753.494995000  8.100000000 0.009584014300
753.519958000  8.100000000 0.009051426310
753.544983000  8.100000000 0.008504841480
753.570007000  8.100000000 0.007946672850
753.594971000  8.100000000 0.007379326970
753.619995000  8.100000000 0.006805190350
753.644958000  8.100000000 0.006226595030
753.669983000  8.100000000 0.005645813890
753.695007000  8.100000000 0.005065054630
753.719971000  8.100000000 0.004486451390
753.744995000  8.100000000 0.003912037240
753.769958000  8.100000000 0.003343732100
753.794983000  8.100000000 0.002783346690
753.820007000  8.100000000 0.002232590460
753.844971000  8.100000000 0.001693092290
753.869995000  8.100000000 0.001166400150
753.894958000  8.100000000 0.000653991941
753.919983000  8.100000000 0.000157289091
753.945007000  8.100000000 -0.000322344393
753.969971000  8.100000000 -0.000783585245
753.994995000  8.100000000 -0.001225141690
754.019958000  8.100000000 -0.001645768180
754.044983000  8.100000000 -0.002044269120
754.070007000  8.100000000 -0.002419517840
754.094971000  8.100000000 -0.002770433440
754.119995000  8.100000000 -0.003095974910
754.144958000  8.100000000 -0.003395142970
754.169983000  8.100000000 -0.003667031180
754.195007000  8.100000000 -0.003910879600
754.219971000  8.100000000 -0.004126086830
754.244995000  8.100000000 -0.004312159030
754.269958000  8.100000000 -0.004468650090
754.294983000  8.100000000 -0.004595143250
754.320007000  8.100000000 -0.004691287880
754.344971000  8.100000000 -0.004756862300
754.369995000  8.100000000 -0.004791835790
754.394958000  8.100000000 -0.004796377380
754.419983000  8.100000000 -0.004770846570
754.445007000  8.100000000 -0.004715733700
754.469971000  8.100000000 -0.004631623160
754.494995000  8.100000000 -0.004519148260
754.519958000  8.100000000 -0.004378987940
754.544983000  8.100000000 -0.004211868160
754.570007000  8.100000000 -0.004018581940
754.594971000  8.100000000 -0.003800020790
754.619995000  8.100000000 -0.003557204270
754.644958000  8.100000000 -0.003291302590
754.669983000  8.100000000 -0.003003644990
754.695007000  8.100000000 -0.002695710860
754.719971000  8.100000000 -0.002369115130
754.744995000  8.100000000 -0.002025595170
754.769958000  8.100000000 -0.001667007800
754.794983000  8.100000000 -0.001295328840
754.820007000  8.100000000 -0.000912652758
754.844971000  8.100000000 -0.000521202979
754.869995000  8.100000000 -0.000123308797
754.894958000  8.100000000 0.000278614752
754.919983000  8.100000000 0.000682108628
754.945007000  8.100000000 0.001084699060
754.969971000  8.100000000 0.001483927360
754.994995000  8.100000000 0.001877367960
755.019958000  8.100000000 0.002262649130
755.044983000  8.100000000 0.002637470840
755.070007000  8.100000000 0.002999635880
755.094971000  8.100000000 0.003347061340
755.119995000  8.100000000 0.003677779810
755.144958000  8.100000000 0.003989900000
755.169983000  8.100000000 0.004281593020
755.195007000  8.100000000 0.004551078660
755.219971000  8.100000000 0.004796605560
755.244995000  8.100000000 0.005016471260
755.269958000  8.100000000 0.005209013820
755.294983000  8.100000000 0.005372620190
755.320007000  8.100000000 0.005505749020
755.344971000  8.100000000 0.005606951190
755.369995000  8.100000000 0.005674899560
755.394958000  8.100000000 0.005708395040
755.419983000  8.100000000 0.005706372210
755.445007000  8.100000000 0.005667904860
755.469971000  8.100000000 0.005592214410
755.494995000  8.100000000 0.005478689450
755.519958000  8.100000000 0.005326875020
755.544983000  8.100000000 0.005136475430
755.570007000  8.100000000 0.004907324910
755.594971000  8.100000000 0.004639415540
755.619995000  8.100000000 0.004332896320
755.644958000  8.100000000 0.003988099750
755.669983000  8.100000000 0.003605546660
755.695007000  8.100000000 0.003185993060
755.719971000  8.100000000 0.002730445000
755.744995000  8.100000000 0.002240201460
755.769958000  8.100000000 0.001716869070
755.794983000  8.100000000 0.001162337950
755.820007000  8.100000000 0.000578797713
755.844971000  8.100000000 -0.000031283667
755.869995000  8.100000000 -0.000665144238
755.894958000  8.100000000 -0.001319719360
755.919983000  8.100000000 -0.001991680360
755.945007000  8.100000000 -0.002677463000
755.969971000  8.100000000 -0.003373308340
755.994995000  8.100000000 -0.004075278530
756.019958000  8.100000000 -0.004779269450
756.044983000  8.100000000 -0.005481043830
756.070007000  8.100000000 -0.006176284050
756.094971000  8.100000000 -0.006860660850
756.119995000  8.100000000 -0.007529879920
756.144958000  8.100000000 -0.008179751220
756.169983000  8.100000000 -0.008806245400
756.195007000  8.100000000 -0.009405564520
756.219971000  8.100000000 -0.009974176060
756.244995000  8.100000000 -0.010508860500
756.269958000  8.100000000 -0.011006722200
756.294983000  8.100000000 -0.011465223500
756.320007000  8.100000000 -0.011882179400
756.344971000  8.100000000 -0.012255800000
756.369995000  8.100000000 -0.012584665800
756.394958000  8.100000000 -0.012867744100
756.419983000  8.100000000 -0.013104389400
756.445007000  8.100000000 -0.013294349400
756.469971000  8.100000000 -0.013437760100
756.494995000  8.100000000 -0.013535151300
756.519958000  8.100000000 -0.013587427300
756.544983000  8.100000000 -0.013595883700
756.570007000  8.100000000 -0.013562188500
756.594971000  8.100000000 -0.013488378400
756.619995000  8.100000000 -0.013376854400
756.644958000  8.100000000 -0.013230336800
756.669983000  8.100000000 -0.013051860000
756.695007000  8.100000000 -0.012844758100
756.719971000  8.100000000 -0.012612675300
756.744995000  8.100000000 -0.012359546500
756.769958000  8.100000000 -0.012089551400
756.794983000  8.100000000 -0.011807058900
756.820007000  8.100000000 -0.011516550600
756.844971000  8.100000000 -0.011222554400
756.869995000  8.100000000 -0.010929586400
756.894958000  8.100000000 -0.010642102900
756.919983000  8.100000000 -0.010364463600
756.945007000  8.100000000 -0.010100871300
756.969971000  8.100000000 -0.009855320680
756.994995000  8.100000000 -0.009631536900
757.019958000  8.100000000 -0.009432910940
757.044983000  8.100000000 -0.009262476120
757.070007000  8.100000000 -0.009122875520
757.094971000  8.100000000 -0.009016356430
757.119995000  8.100000000 -0.008944759150
757.144958000  8.100000000 -0.008909496480
757.169983000  8.100000000 -0.008911516520
757.195007000  8.100000000 -0.008951276540
757.219971000  8.100000000 -0.009028732780
757.244995000  8.100000000 -0.009143352510
757.269958000  8.100000000 -0.009294136430
757.294983000  8.100000000 -0.009479622360
757.320007000  8.100000000 -0.009697915990
757.344971000  8.100000000 -0.009946708570
757.369995000  8.100000000 -0.010223325300
757.394958000  8.100000000 -0.010524795400
757.419983000  8.100000000 -0.010847923300
757.445007000  8.100000000 -0.011189350900
757.469971000  8.100000000 -0.011545620900
757.494995000  8.100000000 -0.011913267000
757.519958000  8.100000000 -0.012288868400
757.544983000  8.100000000 -0.012669130200
757.570007000  8.100000000 -0.013050906400
757.594971000  8.100000000 -0.013431225900
757.619995000  8.100000000 -0.013807321000
757.644958000  8.100000000 -0.014176628600
757.669983000  8.100000000 -0.014536824100
757.695007000  8.100000000 -0.014885834400
757.719971000  8.100000000 -0.015221867700
757.744995000  8.100000000 -0.015543447800
757.769958000  8.100000000 -0.015849433800
757.794983000  8.100000000 -0.016139052800
757.820007000  8.100000000 -0.016411881900
757.844971000  8.100000000 -0.016667852200
757.869995000  8.100000000 -0.016907226300
757.894958000  8.100000000 -0.017130553700
757.919983000  8.100000000 -0.017338642900
757.945007000  8.100000000 -0.017532564700
757.969971000  8.100000000 -0.017713623100
757.994995000  8.100000000 -0.017883332400
758.019958000  8.100000000 -0.018043398900
758.044983000  8.100000000 -0.018195681300
758.070007000  8.100000000 -0.018342157800
758.094971000  8.100000000 -0.018484888600
758.119995000  8.100000000 -0.018625974700
758.144958000  8.100000000 -0.018767528200
758.169983000  8.100000000 -0.018911605700
758.195007000  8.100000000 -0.019060207500
758.219971000  8.100000000 -0.019215207500
758.244995000  8.100000000 -0.019378315700
758.269958000  8.100000000 -0.019551063000
758.294983000  8.100000000 -0.019734814800
758.320007000  8.100000000 -0.019930770600
758.344971000  8.100000000 -0.020139955000
758.369995000  8.100000000 -0.020363219100
758.394958000  8.100000000 -0.020601179500
758.419983000  8.100000000 -0.020854219800
758.445007000  8.100000000 -0.021122466800
758.469971000  8.100000000 -0.021405827300
758.494995000  8.100000000 -0.021704005100
758.519958000  8.100000000 -0.022016549500
758.544983000  8.100000000 -0.022342858800
758.570007000  8.100000000 -0.022682197400
758.594971000  8.100000000 -0.023033719500
758.619995000  8.100000000 -0.023396493900
758.644958000  8.100000000 -0.023769518400
758.669983000  8.100000000 -0.024151785300
758.695007000  8.100000000 -0.024542292600
758.719971000  8.100000000 -0.024940123800
758.744995000  8.100000000 -0.025344476100
758.769958000  8.100000000 -0.025754675300
758.794983000  8.100000000 -0.026170169900
758.820007000  8.100000000 -0.026590533600
758.844971000  8.100000000 -0.027015488600
758.869995000  8.100000000 -0.027444941900
758.894958000  8.100000000 -0.027879040700
758.919983000  8.100000000 -0.028318185400
758.945007000  8.100000000 -0.028762951500
758.969971000  8.100000000 -0.029214039400
758.994995000  8.100000000 -0.029672177500
759.019958000  8.100000000 -0.030138131200
759.044983000  8.100000000 -0.030612746300
759.070007000  8.100000000 -0.031096911100
759.094971000  8.100000000 -0.031591571900
759.119995000  8.100000000 -0.032097693500
759.144958000  8.100000000 -0.032616220400
759.169983000  8.100000000 -0.033148054000
759.195007000  8.100000000 -0.033694092200
759.219971000  8.100000000 -0.034255150700
759.244995000  8.100000000 -0.034831978400
759.269958000  8.100000000 -0.035425171300
759.294983000  8.100000000 -0.036035206200
759.320007000  8.100000000 -0.036662370000
759.344971000  8.100000000 -0.037306781900
759.369995000  8.100000000 -0.037968363600
759.394958000  8.100000000 -0.038646828400
759.419983000  8.100000000 -0.039341703100
759.445007000  8.100000000 -0.040052298500
759.469971000  8.100000000 -0.040777705600
759.494995000  8.100000000 -0.041516833000
759.519958000  8.100000000 -0.042268373100
759.544983000  8.100000000 -0.043030887800
759.570007000  8.100000000 -0.043802771700
759.594971000  8.100000000 -0.044582318500
759.619995000  8.100000000 -0.045367699100
759.644958000  8.100000000 -0.046156998700
759.669983000  8.100000000 -0.046948202000
759.695007000  8.100000000 -0.047739256200
759.719971000  8.100000000 -0.048528075200
759.744995000  8.100000000 -0.049312636300
759.769958000  8.100000000 -0.050091005900
759.794983000  8.100000000 -0.050861407100
759.820007000  8.100000000 -0.051622286400
759.844971000  8.100000000 -0.052372295400
759.869995000  8.100000000 -0.053110286600
759.894958000  8.100000000 -0.053835272800
759.919983000  8.100000000 -0.054546386000
759.945007000  8.100000000 -0.055242855100
759.969971000  8.100000000 -0.055923931300
759.994995000  8.100000000 -0.056588918000
760.019958000  8.100000000 -0.057237193000
760.044983000  8.100000000 -0.057868164000
760.070007000  8.100000000 -0.058481380300
760.094971000  8.100000000 -0.059076439600
760.119995000  8.100000000 -0.059653125700
760.144958000  8.100000000 -0.060211326900
760.169983000  8.100000000 -0.060751069300
760.195007000  8.100000000 -0.061272461000
760.219971000  8.100000000 -0.061775643400
760.244995000  8.100000000 -0.062260817700
760.269958000  8.100000000 -0.062728107000
760.294983000  8.100000000 -0.063177771900
760.320007000  8.100000000 -0.063610009800
760.344971000  8.100000000 -0.064025037000
760.369995000  8.100000000 -0.064423099200
760.394958000  8.100000000 -0.064804464600
760.419983000  8.100000000 -0.065169520700
760.445007000  8.100000000 -0.065518893300
760.469971000  8.100000000 -0.065853409500
760.494995000  8.100000000 -0.066174060100
760.519958000  8.100000000 -0.066481910600
760.544983000  8.100000000 -0.066778115900
760.570007000  8.100000000 -0.067063860600
760.594971000  8.100000000 -0.067340359100
760.619995000  8.100000000 -0.067608848200
760.644958000  8.100000000 -0.067870408300
760.669983000  8.100000000 -0.068126030300
760.695007000  8.100000000 -0.068376459200
760.719971000  8.100000000 -0.068622283600
760.744995000  8.100000000 -0.068863794200
760.769958000  8.100000000 -0.069101043000
760.794983000  8.100000000 -0.069333851300
760.820007000  8.100000000 -0.069561936000
760.844971000  8.100000000 -0.069784909500
760.869995000  8.100000000 -0.070002324900
760.894958000  8.100000000 -0.070213690400
760.919983000  8.100000000 -0.070418447300
760.945007000  8.100000000 -0.070616088800
760.969971000  8.100000000 -0.070806168000
760.994995000  8.100000000 -0.070988260200
761.019958000  8.100000000 -0.071162037600
761.044983000  8.100000000 -0.071327291400
761.070007000  8.100000000 -0.071483813200
761.094971000  8.100000000 -0.071631468800
761.119995000  8.100000000 -0.071770191200
761.144958000  8.100000000 -0.071899965400
761.169983000  8.100000000 -0.072020836200
761.195007000  8.100000000 -0.072132907800
761.219971000  8.100000000 -0.072236411300
761.244995000  8.100000000 -0.072331719100
761.269958000  8.100000000 -0.072419442200
761.294983000  8.100000000 -0.072500437500
761.320007000  8.100000000 -0.072575844800
761.344971000  8.100000000 -0.072647035100
761.369995000  8.100000000 -0.072715483600
761.394958000  8.100000000 -0.072782844300
761.419983000  8.100000000 -0.072850897900
761.445007000  8.100000000 -0.072921529400
761.469971000  8.100000000 -0.072996690900
761.494995000  8.100000000 -0.073078282200
761.519958000  8.100000000 -0.073168069100
761.544983000  8.100000000 -0.073267720600
761.570007000  8.100000000 -0.073378704500
761.594971000  8.100000000 -0.073502279800
761.619995000  8.100000000 -0.073639415200
761.644958000  8.100000000 -0.073790840800
761.669983000  8.100000000 -0.073956914200
761.695007000  8.100000000 -0.074137575900
761.719971000  8.100000000 -0.074332483100
761.744995000  8.100000000 -0.074541010000
761.769958000  8.100000000 -0.074762359300
761.794983000  8.100000000 -0.074995704000
761.820007000  8.100000000 -0.075240247000
761.844971000  8.100000000 -0.075495213300
761.869995000  8.100000000 -0.075759805700
761.894958000  8.100000000 -0.076033271800
761.919983000  8.100000000 -0.076314874000
761.945007000  8.100000000 -0.076603874600
761.969971000  8.100000000 -0.076899632800
761.994995000  8.100000000 -0.077201597400
762.019958000  8.100000000 -0.077509366000
762.044983000  8.100000000 -0.077822595800
762.070007000  8.100000000 -0.078141033600
762.094971000  8.100000000 -0.078464478300
762.119995000  8.100000000 -0.078792706100
762.144958000  8.100000000 -0.079125478900
762.169983000  8.100000000 -0.079462401600
762.195007000  8.100000000 -0.079803042100
762.219971000  8.100000000 -0.080146722500
762.244995000  8.100000000 -0.080492556100
762.269958000  8.100000000 -0.080839529600
762.294983000  8.100000000 -0.081186302000
762.320007000  8.100000000 -0.081531345800
762.344971000  8.100000000 -0.081872835800
762.369995000  8.100000000 -0.082208678100
762.394958000  8.100000000 -0.082536630300
762.419983000  8.100000000 -0.082854062300
762.445007000  8.100000000 -0.083158150300
762.469971000  8.100000000 -0.083445735300
762.494995000  8.100000000 -0.083713382500
762.519958000  8.100000000 -0.083957463500
762.544983000  8.100000000 -0.084174118900
762.570007000  8.100000000 -0.084359414900
762.594971000  8.100000000 -0.084509283300
762.619995000  8.100000000 -0.084619551900
762.644958000  8.100000000 -0.084685996200
762.669983000  8.100000000 -0.084704317200
762.695007000  8.100000000 -0.084670290400
762.719971000  8.100000000 -0.084579788100
762.744995000  8.100000000 -0.084428936200
762.769958000  8.100000000 -0.084213979500
762.794983000  8.100000000 -0.083931691900
762.820007000  8.100000000 -0.083579249700
762.844971000  8.100000000 -0.083154387800
762.869995000  8.100000000 -0.082655265900
762.894958000  8.100000000 -0.082080617500
762.919983000  8.100000000 -0.081429652900
762.945007000  8.100000000 -0.080702245200
762.969971000  8.100000000 -0.079898916200
762.994995000  8.100000000 -0.079020977000
763.019958000  8.100000000 -0.078070350000
763.044983000  8.100000000 -0.077049769500
763.070007000  8.100000000 -0.075962588200
763.094971000  8.100000000 -0.074812866700
763.119995000  8.100000000 -0.073605366100
763.144958000  8.100000000 -0.072345390900
763.169983000  8.100000000 -0.071038745300
763.195007000  8.100000000 -0.069691769800
763.219971000  8.100000000 -0.068311184600
763.244995000  8.100000000 -0.066904135000
763.269958000  8.100000000 -0.065478012000
763.294983000  8.100000000 -0.064040258500
763.320007000  8.100000000 -0.062598280600
763.344971000  8.100000000 -0.061159219600
763.369995000  8.100000000 -0.059729896500
763.394958000  8.100000000 -0.058316540000
763.419983000  8.100000000 -0.056924730500
763.445007000  8.100000000 -0.055559050300
763.469971000  8.100000000 -0.054223276700
763.494995000  8.100000000 -0.052920032300
763.519958000  8.100000000 -0.051650956300
763.544983000  8.100000000 -0.050416629800
763.570007000  8.100000000 -0.049216594500
763.594971000  8.100000000 -0.048049181700
763.619995000  8.100000000 -0.046911522700
763.644958000  8.100000000 -0.045799594400
763.669983000  8.100000000 -0.044708091800
763.695007000  8.100000000 -0.043630641000
763.719971000  8.100000000 -0.042559541800
763.744995000  8.100000000 -0.041486039800
763.769958000  8.100000000 -0.040400143700
763.794983000  8.100000000 -0.039290908700
763.820007000  8.100000000 -0.038146365400
763.844971000  8.100000000 -0.036953795700
763.869995000  8.100000000 -0.035699822000
763.894958000  8.100000000 -0.034370660800
763.919983000  8.100000000 -0.032952252800
763.945007000  8.100000000 -0.031430691500
763.969971000  8.100000000 -0.029792297600
763.994995000  8.100000000 -0.028023984300
764.019958000  8.100000000 -0.026113536200
764.044983000  8.100000000 -0.024049727200
764.070007000  8.100000000 -0.021822774800
764.094971000  8.100000000 -0.019424347200
764.119995000  8.100000000 -0.016847956900
764.144958000  8.100000000 -0.014089091700
764.169983000  8.100000000 -0.011145385900
764.195007000  8.100000000 -0.008016660810
764.219971000  8.100000000 -0.004704719410
764.244995000  8.100000000 -0.001213551500
764.269958000  8.100000000 0.002450874770
764.294983000  8.100000000 0.006280703470
764.320007000  8.100000000 0.010266119600
764.344971000  8.100000000 0.014395654200
764.369995000  8.100000000 0.018656259400
764.394958000  8.100000000 0.023033483000
764.419983000  8.100000000 0.027511728900
764.445007000  8.100000000 0.032074399300
764.469971000  8.100000000 0.036704160300
764.494995000  8.100000000 0.041383110000
764.519958000  8.100000000 0.046092949800
764.544983000  8.100000000 0.050815258200
764.570007000  8.100000000 0.055531464500
764.594971000  8.100000000 0.060223102600
764.619995000  8.100000000 0.064871974300
764.644958000  8.100000000 0.069460339800
764.669983000  8.100000000 0.073971122500
764.695007000  8.100000000 0.078388065100
764.719971000  8.100000000 0.082695879000
764.744995000  8.100000000 0.086880192200
764.769958000  8.100000000 0.090927846700
764.794983000  8.100000000 0.094826646100
764.820007000  8.100000000 0.098565563600
764.844971000  8.100000000 0.102134682000
764.869995000  8.100000000 0.105525263000
764.894958000  8.100000000 0.108729750000
764.919983000  8.100000000 0.111741677000
764.945007000  8.100000000 0.114555642000
764.969971000  8.100000000 0.117167167000
764.994995000  8.100000000 0.119572632000
765.019958000  8.100000000 0.121769153000
765.044983000  8.100000000 0.123754673000
765.070007000  8.100000000 0.125527650000
765.094971000  8.100000000 0.127087131000
765.119995000  8.100000000 0.128432721000
765.144958000  8.100000000 0.129564479000
765.169983000  8.100000000 0.130482778000
765.195007000  8.100000000 0.131188348000
765.219971000  8.100000000 0.131682187000
765.244995000  8.100000000 0.131965473000
765.269958000  8.100000000 0.132039711000
765.294983000  8.100000000 0.131906584000
765.320007000  8.100000000 0.131567851000
765.344971000  8.100000000 0.131025583000
765.369995000  8.100000000 0.130281880000
765.394958000  8.100000000 0.129338905000
765.419983000  8.100000000 0.128199026000
765.445007000  8.100000000 0.126864523000
765.469971000  8.100000000 0.125337869000
765.494995000  8.100000000 0.123621687000
765.519958000  8.100000000 0.121719107000
765.544983000  8.100000000 0.119633548000
765.570007000  8.100000000 0.117369197000
765.594971000  8.100000000 0.114931040000
765.619995000  8.100000000 0.112324797000
765.644958000  8.100000000 0.109557383000
765.669983000  8.100000000 0.106636636000
765.695007000  8.100000000 0.103571817000
765.719971000  8.100000000 0.100373313000
765.744995000  8.100000000 0.097053006300
765.769958000  8.100000000 0.093624107500
765.794983000  8.100000000 0.090101160100
765.820007000  8.100000000 0.086500078400
765.844971000  8.100000000 0.082837872200
765.869995000  8.100000000 0.079132735700
765.894958000  8.100000000 0.075403764800
765.919983000  8.100000000 0.071670979300
765.945007000  8.100000000 0.067955121400
765.969971000  8.100000000 0.064277581900
765.994995000  8.100000000 0.060660168500
766.019958000  8.100000000 0.057125069200
766.044983000  8.100000000 0.053694479200
766.070007000  8.100000000 0.050390582500
766.094971000  8.100000000 0.047235164800
766.119995000  8.100000000 0.044249530900
766.144958000  8.100000000 0.041454132600
766.169983000  8.100000000 0.038868457100
766.195007000  8.100000000 0.036510814000
766.219971000  8.100000000 0.034398123600
766.244995000  8.100000000 0.032545652200
766.269958000  8.100000000 0.030966853700
766.294983000  8.100000000 0.029673107000
766.320007000  8.100000000 0.028673552000
766.344971000  8.100000000 0.027974996700
766.369995000  8.100000000 0.027581712200
766.394958000  8.100000000 0.027495402800
766.419983000  8.100000000 0.027715086900
766.445007000  8.100000000 0.028237139800
766.469971000  8.100000000 0.029055237800
766.494995000  8.100000000 0.030160524000
766.519958000  8.100000000 0.031541634400
766.544983000  8.100000000 0.033184874800
766.570007000  8.100000000 0.035074219100
766.594971000  8.100000000 0.037191655500
766.619995000  8.100000000 0.039517264800
766.644958000  8.100000000 0.042029604300
766.669983000  8.100000000 0.044705856600
766.695007000  8.100000000 0.047522123900
766.719971000  8.100000000 0.050453707600
766.744995000  8.100000000 0.053475186200
766.769958000  8.100000000 0.056560717500
766.794983000  8.100000000 0.059683989700
766.820007000  8.100000000 0.062818653900
766.844971000  8.100000000 0.065938271600
766.869995000  8.100000000 0.069016717400
766.894958000  8.100000000 0.072028122800
766.919983000  8.100000000 0.074947215600
766.945007000  8.100000000 0.077749356600
766.969971000  8.100000000 0.080410696600
766.994995000  8.100000000 0.082908362200
767.019958000  8.100000000 0.085220590200
767.044983000  8.100000000 0.087326891700
767.070007000  8.100000000 0.089208230400
767.094971000  8.100000000 0.090847089900
767.119995000  8.100000000 0.092227630300
767.144958000  8.100000000 0.093335814800
767.169983000  8.100000000 0.094159565900
767.195007000  8.100000000 0.094688892400
767.219971000  8.100000000 0.094915956300
767.244995000  8.100000000 0.094835326100
767.269958000  8.100000000 0.094443783200
767.294983000  8.100000000 0.093740589900
767.320007000  8.100000000 0.092727214100
767.344971000  8.100000000 0.091407544900
767.369995000  8.100000000 0.089787550300
767.394958000  8.100000000 0.087875366200
767.419983000  8.100000000 0.085680916900
767.445007000  8.100000000 0.083215959400
767.469971000  8.100000000 0.080493927000
767.494995000  8.100000000 0.077529691200
767.519958000  8.100000000 0.074339613300
767.544983000  8.100000000 0.070941284300
767.570007000  8.100000000 0.067353613700
767.594971000  8.100000000 0.063596695700
767.619995000  8.100000000 0.059691753200
767.644958000  8.100000000 0.055661123200
767.669983000  8.100000000 0.051528267600
767.695007000  8.100000000 0.047317557000
767.719971000  8.100000000 0.043054405600
767.744995000  8.100000000 0.038765125000
767.769958000  8.100000000 0.034476716100
767.794983000  8.100000000 0.030216751600
767.820007000  8.100000000 0.026013219700
767.844971000  8.100000000 0.021894302200
767.869995000  8.100000000 0.017888156700
767.894958000  8.100000000 0.014022676300
767.919983000  8.100000000 0.010325234400
767.945007000  8.100000000 0.006822428200
767.969971000  8.100000000 0.003539864910
767.994995000  8.100000000 0.000502117211
768.019958000  8.100000000 -0.002267504810
768.044983000  8.100000000 -0.004747113210
768.070007000  8.100000000 -0.006916132290
768.094971000  8.100000000 -0.008755718360
768.119995000  8.100000000 -0.010248420800
768.144958000  8.100000000 -0.011378412100
768.169983000  8.100000000 -0.012131608100
768.195007000  8.100000000 -0.012495789700
768.219971000  8.100000000 -0.012460836200
768.244995000  8.100000000 -0.012018908700
768.269958000  8.100000000 -0.011164814200
768.294983000  8.100000000 -0.009895972910
768.320007000  8.100000000 -0.008212824350
768.344971000  8.100000000 -0.006118786060
768.369995000  8.100000000 -0.003620457370
768.394958000  8.100000000 -0.000727609266
768.419983000  8.100000000 0.002546794950
768.445007000  8.100000000 0.006186640820
768.469971000  8.100000000 0.010172599900
768.494995000  8.100000000 0.014482555900
768.519958000  8.100000000 0.019091621000
768.544983000  8.100000000 0.023972317600
768.570007000  8.100000000 0.029095130000
768.594971000  8.100000000 0.034428421400
768.619995000  8.100000000 0.039939235900
768.644958000  8.100000000 0.045593369800
768.669983000  8.100000000 0.051355924500
768.695007000  8.100000000 0.057191852500
768.719971000  8.100000000 0.063066288800
768.744995000  8.100000000 0.068944990600
768.769958000  8.100000000 0.074795201400
768.794983000  8.100000000 0.080585613800
768.820007000  8.100000000 0.086287304800
768.844971000  8.100000000 0.091873347800
768.869995000  8.100000000 0.097319878600
768.894958000  8.100000000 0.102605857000
768.919983000  8.100000000 0.107713208000
768.945007000  8.100000000 0.112627380000
768.969971000  8.100000000 0.117336906000
768.994995000  8.100000000 0.121833563000
769.019958000  8.100000000 0.126112282000
769.044983000  8.100000000 0.130171135000
769.070007000  8.100000000 0.134011075000
769.094971000  8.100000000 0.137635708000
769.119995000  8.100000000 0.141051084000
769.144958000  8.100000000 0.144265279000
769.169983000  8.100000000 0.147288099000
769.195007000  8.100000000 0.150130540000
769.219971000  8.100000000 0.152804658000
769.244995000  8.100000000 0.155323178000
769.269958000  8.100000000 0.157699212000
769.294983000  8.100000000 0.159945801000
769.320007000  8.100000000 0.162075818000
769.344971000  8.100000000 0.164101586000
769.369995000  8.100000000 0.166035071000
769.394958000  8.100000000 0.167887196000
769.419983000  8.100000000 0.169668064000
769.445007000  8.100000000 0.171387151000
769.469971000  8.100000000 0.173052937000
769.494995000  8.100000000 0.174673349000
769.519958000  8.100000000 0.176255837000
769.544983000  8.100000000 0.177807435000
769.570007000  8.100000000 0.179335177000
769.594971000  8.100000000 0.180845633000
769.619995000  8.100000000 0.182345331000
769.644958000  8.100000000 0.183841065000
769.669983000  8.100000000 0.185339287000
769.695007000  8.100000000 0.186847061000
769.719971000  8.100000000 0.188371122000
769.744995000  8.100000000 0.189918742000
769.769958000  8.100000000 0.191497132000
769.794983000  8.100000000 0.193113908000
769.820007000  8.100000000 0.194776803000
769.844971000  8.100000000 0.196493417000
769.869995000  8.100000000 0.198271662000
769.894958000  8.100000000 0.200119108000
769.919983000  8.100000000 0.202043533000
769.945007000  8.100000000 0.204051942000
769.969971000  8.100000000 0.206151515000
769.994995000  8.100000000 0.208348170000
770.019958000  8.100000000 0.210648105000
770.044983000  8.100000000 0.213055834000
770.070007000  8.100000000 0.215575725000
770.094971000  8.100000000 0.218210801000
770.119995000  8.100000000 0.220963046000
770.144958000  8.100000000 0.223833144000
770.169983000  8.100000000 0.226820320000
770.195007000  8.100000000 0.229922399000
770.219971000  8.100000000 0.233135596000
770.244995000  8.100000000 0.236454770000
770.269958000  8.100000000 0.239872724000
770.294983000  8.100000000 0.243381113000
770.320007000  8.100000000 0.246969894000
770.344971000  8.100000000 0.250627607000
770.369995000  8.100000000 0.254340947000
770.394958000  8.100000000 0.258095771000
770.419983000  8.100000000 0.261876464000
770.445007000  8.100000000 0.265666515000
770.469971000  8.100000000 0.269448370000
770.494995000  8.100000000 0.273203403000
770.519958000  8.100000000 0.276912808000
770.544983000  8.100000000 0.280556798000
770.570007000  8.100000000 0.284115374000
770.594971000  8.100000000 0.287568092000
770.619995000  8.100000000 0.290894210000
770.644958000  8.100000000 0.294073045000
770.669983000  8.100000000 0.297083527000
770.695007000  8.100000000 0.299904644000
770.719971000  8.100000000 0.302515566000
770.744995000  8.100000000 0.304895103000
770.769958000  8.100000000 0.307022452000
770.794983000  8.100000000 0.308877021000
770.820007000  8.100000000 0.310438454000
770.844971000  8.100000000 0.311686784000
770.869995000  8.100000000 0.312602758000
770.894958000  8.100000000 0.313167989000
770.919983000  8.100000000 0.313364953000
770.945007000  8.100000000 0.313177913000
770.969971000  8.100000000 0.312592477000
770.994995000  8.100000000 0.311596543000
771.019958000  8.100000000 0.310180217000
771.044983000  8.100000000 0.308336467000
771.070007000  8.100000000 0.306061238000
771.094971000  8.100000000 0.303353369000
771.119995000  8.100000000 0.300215006000
771.144958000  8.100000000 0.296651483000
771.169983000  8.100000000 0.292671472000
771.195007000  8.100000000 0.288286418000
771.219971000  8.100000000 0.283511132000
771.244995000  8.100000000 0.278363019000
771.269958000  8.100000000 0.272862226000
771.294983000  8.100000000 0.267031312000
771.320007000  8.100000000 0.260895133000
771.344971000  8.100000000 0.254480511000
771.369995000  8.100000000 0.247815803000
771.394958000  8.100000000 0.240930900000
771.419983000  8.100000000 0.233856499000
771.445007000  8.100000000 0.226624131000
771.469971000  8.100000000 0.219265595000
771.494995000  8.100000000 0.211812899000
771.519958000  8.100000000 0.204297826000
771.544983000  8.100000000 0.196751773000
771.570007000  8.100000000 0.189205512000
771.594971000  8.100000000 0.181689084000
771.619995000  8.100000000 0.174231395000
771.644958000  8.100000000 0.166860312000
771.669983000  8.100000000 0.159602344000
771.695007000  8.100000000 0.152482644000
771.719971000  8.100000000 0.145524755000
771.744995000  8.100000000 0.138750464000
771.769958000  8.100000000 0.132179841000
771.794983000  8.100000000 0.125831097000
771.820007000  8.100000000 0.119720355000
771.844971000  8.100000000 0.113861717000
771.869995000  8.100000000 0.108267263000
771.894958000  8.100000000 0.102946840000
771.919983000  8.100000000 0.097908258400
771.945007000  8.100000000 0.093157045500
771.969971000  8.100000000 0.088696502100
771.994995000  8.100000000 0.084527619200
772.019958000  8.100000000 0.080649063000
772.044983000  8.100000000 0.077057160400
772.070007000  8.100000000 0.073745861600
772.094971000  8.100000000 0.070706866700
772.119995000  8.100000000 0.067929558500
772.144958000  8.100000000 0.065401092200
772.169983000  8.100000000 0.063106529400
772.195007000  8.100000000 0.061029028100
772.219971000  8.100000000 0.059150010300
772.244995000  8.100000000 0.057449419100
772.269958000  8.100000000 0.055906012700
772.294983000  8.100000000 0.054497670400
772.320007000  8.100000000 0.053201519000
772.344971000  8.100000000 0.051994372200
772.369995000  8.100000000 0.050852987900
772.394958000  8.100000000 0.049754113000
772.419983000  8.100000000 0.048675071400
772.445007000  8.100000000 0.047593839500
772.469971000  8.100000000 0.046489201500
772.494995000  8.100000000 0.045341137800
772.519958000  8.100000000 0.044130817100
772.544983000  8.100000000 0.042840734100
772.570007000  8.100000000 0.041454762200
772.594971000  8.100000000 0.039958223700
772.619995000  8.100000000 0.038337905000
772.644958000  8.100000000 0.036582030400
772.669983000  8.100000000 0.034680210100
772.695007000  8.100000000 0.032623570400
772.719971000  8.100000000 0.030404586300
772.744995000  8.100000000 0.028017140900
772.769958000  8.100000000 0.025456445300
772.794983000  8.100000000 0.022718932500
772.820007000  8.100000000 0.019802385900
772.844971000  8.100000000 0.016705649000
772.869995000  8.100000000 0.013428659200
772.894958000  8.100000000 0.009972285480
772.919983000  8.100000000 0.006338260600
772.945007000  8.100000000 0.002529024380
772.969971000  8.100000000 -0.001452276830
772.994995000  8.100000000 -0.005601923450
773.019958000  8.100000000 -0.009915721600
773.044983000  8.100000000 -0.014389085600
773.070007000  8.100000000 -0.019017048200
773.094971000  8.100000000 -0.023794351100
773.119995000  8.100000000 -0.028715467100
773.144958000  8.100000000 -0.033774569600
773.169983000  8.100000000 -0.038965582800
773.195007000  8.100000000 -0.044282153200
773.219971000  8.100000000 -0.049717567900
773.244995000  8.100000000 -0.055264845500
773.269958000  8.100000000 -0.060916561600
773.294983000  8.100000000 -0.066664949100
773.320007000  8.100000000 -0.072501830800
773.344971000  8.100000000 -0.078418605000
773.369995000  8.100000000 -0.084406219400
773.394958000  8.100000000 -0.090455241500
773.419983000  8.100000000 -0.096555925900
773.445007000  8.100000000 -0.102698363000
773.469971000  8.100000000 -0.108872607000
773.494995000  8.100000000 -0.115068965000
773.519958000  8.100000000 -0.121277809000
773.544983000  8.100000000 -0.127489731000
773.570007000  8.100000000 -0.133695468000
773.594971000  8.100000000 -0.139885932000
773.619995000  8.100000000 -0.146052301000
773.644958000  8.100000000 -0.152185768000
773.669983000  8.100000000 -0.158277780000
773.695007000  8.100000000 -0.164319888000
773.719971000  8.100000000 -0.170303807000
773.744995000  8.100000000 -0.176221386000
773.769958000  8.100000000 -0.182064712000
773.794983000  8.100000000 -0.187826112000
773.820007000  8.100000000 -0.193498060000
773.844971000  8.100000000 -0.199073315000
773.869995000  8.100000000 -0.204544857000
773.894958000  8.100000000 -0.209905759000
773.919983000  8.100000000 -0.215149462000
773.945007000  8.100000000 -0.220269158000
773.969971000  8.100000000 -0.225258484000
773.994995000  8.100000000 -0.230110973000
774.019958000  8.100000000 -0.234820187000
774.044983000  8.100000000 -0.239379615000
774.070007000  8.100000000 -0.243782520000
774.094971000  8.100000000 -0.248021767000
774.119995000  8.100000000 -0.252090067000
774.144958000  8.100000000 -0.255979449000
774.169983000  8.100000000 -0.259681910000
774.195007000  8.100000000 -0.263188869000
774.219971000  8.100000000 -0.266491294000
774.244995000  8.100000000 -0.269580185000
774.269958000  8.100000000 -0.272446424000
774.294983000  8.100000000 -0.275081456000
774.320007000  8.100000000 -0.277477115000
774.344971000  8.100000000 -0.279626518000
774.369995000  8.100000000 -0.281523854000
774.394958000  8.100000000 -0.283164978000
774.419983000  8.100000000 -0.284547716000
774.445007000  8.100000000 -0.285671741000
774.469971000  8.100000000 -0.286538780000
774.494995000  8.100000000 -0.287153184000
774.519958000  8.100000000 -0.287521452000
774.544983000  8.100000000 -0.287652522000
774.570007000  8.100000000 -0.287557334000
774.594971000  8.100000000 -0.287248611000
774.619995000  8.100000000 -0.286740959000
774.644958000  8.100000000 -0.286050111000
774.669983000  8.100000000 -0.285193264000
774.695007000  8.100000000 -0.284188300000
774.719971000  8.100000000 -0.283053458000
774.744995000  8.100000000 -0.281806797000
774.769958000  8.100000000 -0.280465841000
774.794983000  8.100000000 -0.279047072000
774.820007000  8.100000000 -0.277566493000
774.844971000  8.100000000 -0.276038557000
774.869995000  8.100000000 -0.274476588000
774.894958000  8.100000000 -0.272892714000
774.919983000  8.100000000 -0.271297842000
774.945007000  8.100000000 -0.269701779000
774.969971000  8.100000000 -0.268112719000
774.994995000  8.100000000 -0.266538113000
775.019958000  8.100000000 -0.264984131000
775.044983000  8.100000000 -0.263455838000
775.070007000  8.100000000 -0.261957556000
775.094971000  8.100000000 -0.260492891000
775.119995000  8.100000000 -0.259064883000
775.144958000  8.100000000 -0.257676840000
775.169983000  8.100000000 -0.256331861000
775.195007000  8.100000000 -0.255033553000
775.219971000  8.100000000 -0.253785551000
775.244995000  8.100000000 -0.252592087000
775.269958000  8.100000000 -0.251457572000
775.294983000  8.100000000 -0.250386894000
775.320007000  8.100000000 -0.249385178000
775.344971000  8.100000000 -0.248457655000
775.369995000  8.100000000 -0.247609764000
775.394958000  8.100000000 -0.246846959000
775.419983000  8.100000000 -0.246174440000
775.445007000  8.100000000 -0.245597541000
775.469971000  8.100000000 -0.245121092000
775.494995000  8.100000000 -0.244749948000
775.519958000  8.100000000 -0.244488642000
775.544983000  8.100000000 -0.244341195000
775.570007000  8.100000000 -0.244311273000
775.594971000  8.100000000 -0.244401857000
775.619995000  8.100000000 -0.244615287000
775.644958000  8.100000000 -0.244952843000
775.669983000  8.100000000 -0.245414838000
775.695007000  8.100000000 -0.246000215000
775.719971000  8.100000000 -0.246706799000
775.744995000  8.100000000 -0.247530833000
775.769958000  8.100000000 -0.248467028000
775.794983000  8.100000000 -0.249508753000
775.820007000  8.100000000 -0.250647694000
775.844971000  8.100000000 -0.251873970000
775.869995000  8.100000000 -0.253176421000
775.894958000  8.100000000 -0.254542410000
775.919983000  8.100000000 -0.255958289000
775.945007000  8.100000000 -0.257409602000
775.969971000  8.100000000 -0.258881032000
775.994995000  8.100000000 -0.260357171000
776.019958000  8.100000000 -0.261822194000
776.044983000  8.100000000 -0.263260216000
776.070007000  8.100000000 -0.264655650000
776.094971000  8.100000000 -0.265992969000
776.119995000  8.100000000 -0.267257243000
776.144958000  8.100000000 -0.268433839000
776.169983000  8.100000000 -0.269508898000
776.195007000  8.100000000 -0.270468801000
776.219971000  8.100000000 -0.271300882000
776.244995000  8.100000000 -0.271992683000
776.269958000  8.100000000 -0.272532463000
776.294983000  8.100000000 -0.272908658000
776.320007000  8.100000000 -0.273110509000
776.344971000  8.100000000 -0.273127496000
776.369995000  8.100000000 -0.272949785000
776.394958000  8.100000000 -0.272568345000
776.419983000  8.100000000 -0.271974772000
776.445007000  8.100000000 -0.271161675000
776.469971000  8.100000000 -0.270122766000
776.494995000  8.100000000 -0.268852800000
776.519958000  8.100000000 -0.267347753000
776.544983000  8.100000000 -0.265605062000
776.570007000  8.100000000 -0.263623387000
776.594971000  8.100000000 -0.261402935000
776.619995000  8.100000000 -0.258945525000
776.644958000  8.100000000 -0.256254613000
776.669983000  8.100000000 -0.253335476000
776.695007000  8.100000000 -0.250194997000
776.719971000  8.100000000 -0.246841833000
776.744995000  8.100000000 -0.243286237000
776.769958000  8.100000000 -0.239539877000
776.794983000  8.100000000 -0.235615656000
776.820007000  8.100000000 -0.231527716000
776.844971000  8.100000000 -0.227291092000
776.869995000  8.100000000 -0.222921669000
776.894958000  8.100000000 -0.218435809000
776.919983000  8.100000000 -0.213850439000
776.945007000  8.100000000 -0.209182546000
776.969971000  8.100000000 -0.204449177000
776.994995000  8.100000000 -0.199667200000
777.019958000  8.100000000 -0.194853261000
777.044983000  8.100000000 -0.190023422000
777.070007000  8.100000000 -0.185193241000
777.094971000  8.100000000 -0.180377781000
777.119995000  8.100000000 -0.175591394000
777.144958000  8.100000000 -0.170847908000
777.169983000  8.100000000 -0.166160569000
777.195007000  8.100000000 -0.161541775000
777.219971000  8.100000000 -0.157003373000
777.244995000  8.100000000 -0.152556673000
777.269958000  8.100000000 -0.148212329000
777.294983000  8.100000000 -0.143980280000
777.320007000  8.100000000 -0.139869839000
777.344971000  8.100000000 -0.135889515000
777.369995000  8.100000000 -0.132047072000
777.394958000  8.100000000 -0.128349468000
777.419983000  8.100000000 -0.124802664000
777.445007000  8.100000000 -0.121411704000
777.469971000  8.100000000 -0.118180528000
777.494995000  8.100000000 -0.115112089000
777.519958000  8.100000000 -0.112208195000
777.544983000  8.100000000 -0.109469607000
777.570007000  8.100000000 -0.106895871000
777.594971000  8.100000000 -0.104485415000
777.619995000  8.100000000 -0.102235518000
777.644958000  8.100000000 -0.100142233000
777.669983000  8.100000000 -0.098200500000
777.695007000  8.100000000 -0.096404165000
777.719971000  8.100000000 -0.094746038300
777.744995000  8.100000000 -0.093218125400
777.769958000  8.100000000 -0.091811731500
777.794983000  8.100000000 -0.090517222900
777.820007000  8.100000000 -0.089324250800
777.844971000  8.100000000 -0.088221691500
777.869995000  8.100000000 -0.087197698700
777.894958000  8.100000000 -0.086240038300
777.919983000  8.100000000 -0.085336111500
777.945007000  8.100000000 -0.084473416200
777.969971000  8.100000000 -0.083639651500
777.994995000  8.100000000 -0.082822948700
778.019958000  8.100000000 -0.082012139300
778.044983000  8.100000000 -0.081196434800
778.070007000  8.100000000 -0.080365762100
778.094971000  8.100000000 -0.079510554700
778.119995000  8.100000000 -0.078621797300
778.144958000  8.100000000 -0.077691510300
778.169983000  8.100000000 -0.076712213500
778.195007000  8.100000000 -0.075677827000
778.219971000  8.100000000 -0.074582971600
778.244995000  8.100000000 -0.073423646400
778.269958000  8.100000000 -0.072197027500
778.294983000  8.100000000 -0.070901542900
778.320007000  8.100000000 -0.069536782800
778.344971000  8.100000000 -0.068103462500
778.369995000  8.100000000 -0.066603094300
778.394958000  8.100000000 -0.065037995600
778.419983000  8.100000000 -0.063411220900
778.445007000  8.100000000 -0.061726238600
778.469971000  8.100000000 -0.059987239500
778.494995000  8.100000000 -0.058198694100
778.519958000  8.100000000 -0.056365307400
778.544983000  8.100000000 -0.054491903600
778.570007000  8.100000000 -0.052583150600
778.594971000  8.100000000 -0.050643544600
778.619995000  8.100000000 -0.048676975100
778.644958000  8.100000000 -0.046686973400
778.669983000  8.100000000 -0.044676289000
778.695007000  8.100000000 -0.042647130800
778.719971000  8.100000000 -0.040601164100
778.744995000  8.100000000 -0.038539495300
778.769958000  8.100000000 -0.036462802400
778.794983000  8.100000000 -0.034371390900
778.820007000  8.100000000 -0.032265119300
778.844971000  8.100000000 -0.030143743400
778.869995000  8.100000000 -0.028007004400
778.894958000  8.100000000 -0.025854663900
778.919983000  8.100000000 -0.023686848600
778.945007000  8.100000000 -0.021504180500
778.969971000  8.100000000 -0.019307987800
778.994995000  8.100000000 -0.017100369600
779.019958000  8.100000000 -0.014884318200
779.044983000  8.100000000 -0.012663564600
779.070007000  8.100000000 -0.010442660200
779.094971000  8.100000000 -0.008226823060
779.119995000  8.100000000 -0.006022134800
779.144958000  8.100000000 -0.003835321870
779.169983000  8.100000000 -0.001673731140
779.195007000  8.100000000 0.000454815163
779.219971000  8.100000000 0.002542162550
779.244995000  8.100000000 0.004579860250
779.269958000  8.100000000 0.006559357980
779.294983000  8.100000000 0.008472101760
779.320007000  8.100000000 0.010309760500
779.344971000  8.100000000 0.012064393600
779.369995000  8.100000000 0.013728618600
779.394958000  8.100000000 0.015295680600
779.419983000  8.100000000 0.016759498000
779.445007000  8.100000000 0.018114728900
779.469971000  8.100000000 0.019356897100
779.494995000  8.100000000 0.020482549400
779.519958000  8.100000000 0.021489335200
779.544983000  8.100000000 0.022376025100
779.570007000  8.100000000 0.023142464500
779.594971000  8.100000000 0.023789512000
779.619995000  8.100000000 0.024318978200
779.644958000  8.100000000 0.024733556400
779.669983000  8.100000000 0.025036720600
779.695007000  8.100000000 0.025232596300
779.719971000  8.100000000 0.025325890600
779.744995000  8.100000000 0.025321729500
779.769958000  8.100000000 0.025225475400
779.794983000  8.100000000 0.025042617700
779.820007000  8.100000000 0.024778651100
779.844971000  8.100000000 0.024439085300
779.869995000  8.100000000 0.024029517500
779.894958000  8.100000000 0.023555684800
779.919983000  8.100000000 0.023023475000
779.945007000  8.100000000 0.022438956400
779.969971000  8.100000000 0.021808421200
779.994995000  8.100000000 0.021138278800
780.019958000  8.100000000 0.020434984900
780.044983000  8.100000000 0.019704984500
780.070007000  8.100000000 0.018954521000
780.094971000  8.100000000 0.018189793500
780.119995000  8.100000000 0.017416736100
780.144958000  8.100000000 0.016641205200
780.169983000  8.100000000 0.015868822100
780.195007000  8.100000000 0.015104947600
780.219971000  8.100000000 0.014354679700
780.244995000  8.100000000 0.013622776600
780.269958000  8.100000000 0.012913604300
780.294983000  8.100000000 0.012231105900
780.320007000  8.100000000 0.011578798300
780.344971000  8.100000000 0.010959807800
780.369995000  8.100000000 0.010376976800
780.394958000  8.100000000 0.009832923300
780.419983000  8.100000000 0.009330109690
780.445007000  8.100000000 0.008870894090
780.469971000  8.100000000 0.008457443680
780.494995000  8.100000000 0.008091835310
780.519958000  8.100000000 0.007775898560
780.544983000  8.100000000 0.007511342880
780.570007000  8.100000000 0.007299702150
780.594971000  8.100000000 0.007142389190
780.619995000  8.100000000 0.007040655710
780.644958000  8.100000000 0.006995506120
780.669983000  8.100000000 0.007007780950
780.695007000  8.100000000 0.007078025490
780.719971000  8.100000000 0.007206550330
780.744995000  8.100000000 0.007393305660
780.769958000  8.100000000 0.007637839760
780.794983000  8.100000000 0.007939218540
780.820007000  8.100000000 0.008295998910
780.844971000  8.100000000 0.008706180380
780.869995000  8.100000000 0.009167235340
780.894958000  8.100000000 0.009676044810
780.919983000  8.100000000 0.010228922600
780.945007000  8.100000000 0.010821543600
780.969971000  8.100000000 0.011449023100
780.994995000  8.100000000 0.012105963200
781.019958000  8.100000000 0.012786625000
781.044983000  8.100000000 0.013485168100
781.070007000  8.100000000 0.014195920900
781.094971000  8.100000000 0.014913624200
781.119995000  8.100000000 0.015633631500
781.144958000  8.100000000 0.016352042600
781.169983000  8.100000000 0.017065784000
781.195007000  8.100000000 0.017772676400
781.219971000  8.100000000 0.018471434700
781.244995000  8.100000000 0.019161678900
781.269958000  8.100000000 0.019843896900
781.294983000  8.100000000 0.020519504300
781.320007000  8.100000000 0.021190747600
781.344971000  8.100000000 0.021860679600
781.369995000  8.100000000 0.022533087100
781.394958000  8.100000000 0.023212319200
781.419983000  8.100000000 0.023903172500
781.445007000  8.100000000 0.024610765300
781.469971000  8.100000000 0.025340497500
781.494995000  8.100000000 0.026097994300
781.519958000  8.100000000 0.026889085800
781.544983000  8.100000000 0.027719801300
781.570007000  8.100000000 0.028596309900
781.594971000  8.100000000 0.029524935400
781.619995000  8.100000000 0.030512122400
781.644958000  8.100000000 0.031564366100
781.669983000  8.100000000 0.032688170700
781.695007000  8.100000000 0.033889986600
781.719971000  8.100000000 0.035176120700
781.744995000  8.100000000 0.036552690000
781.769958000  8.100000000 0.038025490900
781.794983000  8.100000000 0.039599910400
781.820007000  8.100000000 0.041280858200
781.844971000  8.100000000 0.043072700500
781.869995000  8.100000000 0.044979177400
781.894958000  8.100000000 0.047003243100
781.919983000  8.100000000 0.049146946500
781.945007000  8.100000000 0.051411327000
781.969971000  8.100000000 0.053796261500
781.994995000  8.100000000 0.056300498500
782.019958000  8.100000000 0.058921627700
782.044983000  8.100000000 0.061656061600
782.070007000  8.100000000 0.064498968400
782.094971000  8.100000000 0.067444339400
782.119995000  8.100000000 0.070484958600
782.144958000  8.100000000 0.073612615500
782.169983000  8.100000000 0.076818257600
782.195007000  8.100000000 0.080092251300
782.219971000  8.100000000 0.083424530900
782.244995000  8.100000000 0.086804822100
782.269958000  8.100000000 0.090222753600
782.294983000  8.100000000 0.093668118100
782.320007000  8.100000000 0.097130939400
782.344971000  8.100000000 0.100601830000
782.369995000  8.100000000 0.104072042000
782.394958000  8.100000000 0.107533634000
782.419983000  8.100000000 0.110979475000
782.445007000  8.100000000 0.114403233000
782.469971000  8.100000000 0.117799178000
782.494995000  8.100000000 0.121162079000
782.519958000  8.100000000 0.124487378000
782.544983000  8.100000000 0.127770871000
782.570007000  8.100000000 0.131009012000
782.594971000  8.100000000 0.134198576000
782.619995000  8.100000000 0.137336731000
782.644958000  8.100000000 0.140420929000
782.669983000  8.100000000 0.143448696000
782.695007000  8.100000000 0.146417618000
782.719971000  8.100000000 0.149325088000
782.744995000  8.100000000 0.152168378000
782.769958000  8.100000000 0.154944316000
782.794983000  8.100000000 0.157649308000
782.820007000  8.100000000 0.160279080000
782.844971000  8.100000000 0.162828624000
782.869995000  8.100000000 0.165292263000
782.894958000  8.100000000 0.167663485000
782.919983000  8.100000000 0.169935197000
782.945007000  8.100000000 0.172099784000
782.969971000  8.100000000 0.174148962000
782.994995000  8.100000000 0.176074073000
783.019958000  8.100000000 0.177866295000
783.044983000  8.100000000 0.179516569000
783.070007000  8.100000000 0.181015894000
783.094971000  8.100000000 0.182355672000
783.119995000  8.100000000 0.183527440000
783.144958000  8.100000000 0.184523091000
783.169983000  8.100000000 0.185335144000
783.195007000  8.100000000 0.185956299000
783.219971000  8.100000000 0.186379731000
783.244995000  8.100000000 0.186598957000
783.269958000  8.100000000 0.186607972000
783.294983000  8.100000000 0.186401278000
783.320007000  8.100000000 0.185973868000
783.344971000  8.100000000 0.185321629000
783.369995000  8.100000000 0.184440896000
783.394958000  8.100000000 0.183328614000
783.419983000  8.100000000 0.181982949000
783.445007000  8.100000000 0.180402622000
783.469971000  8.100000000 0.178587258000
783.494995000  8.100000000 0.176537618000
783.519958000  8.100000000 0.174255475000
783.544983000  8.100000000 0.171743646000
783.570007000  8.100000000 0.169006333000
783.594971000  8.100000000 0.166048914000
783.619995000  8.100000000 0.162878126000
783.644958000  8.100000000 0.159502119000
783.669983000  8.100000000 0.155930623000
783.695007000  8.100000000 0.152174860000
783.719971000  8.100000000 0.148247391000
783.744995000  8.100000000 0.144162282000
783.769958000  8.100000000 0.139934644000
783.794983000  8.100000000 0.135580868000
783.820007000  8.100000000 0.131117910000
783.844971000  8.100000000 0.126563832000
783.869995000  8.100000000 0.121937148000
783.894958000  8.100000000 0.117256746000
783.919983000  8.100000000 0.112541690000
783.945007000  8.100000000 0.107810922000
783.969971000  8.100000000 0.103083163000
783.994995000  8.100000000 0.098376750900
784.019958000  8.100000000 0.093709453900
784.044983000  8.100000000 0.089098729200
784.070007000  8.100000000 0.084561429900
784.094971000  8.100000000 0.080113843100
784.119995000  8.100000000 0.075771607500
784.144958000  8.100000000 0.071549803000
784.169983000  8.100000000 0.067462690200
784.195007000  8.100000000 0.063523866200
784.219971000  8.100000000 0.059746056800
784.244995000  8.100000000 0.056141171600
784.269958000  8.100000000 0.052720181600
784.294983000  8.100000000 0.049493070700
784.320007000  8.100000000 0.046468649100
784.344971000  8.100000000 0.043654400900
784.369995000  8.100000000 0.041056424400
784.394958000  8.100000000 0.038679424700
784.419983000  8.100000000 0.036526642700
784.445007000  8.100000000 0.034599889100
784.469971000  8.100000000 0.032899592100
784.494995000  8.100000000 0.031424824100
784.519958000  8.100000000 0.030173422800
784.544983000  8.100000000 0.029142139500
784.570007000  8.100000000 0.028326703200
784.594971000  8.100000000 0.027721934000
784.619995000  8.100000000 0.027321819200
784.644958000  8.100000000 0.027119588100
784.669983000  8.100000000 0.027107814300
784.695007000  8.100000000 0.027278553700
784.719971000  8.100000000 0.027623454100
784.744995000  8.100000000 0.028133880300
784.769958000  8.100000000 0.028800945700
784.794983000  8.100000000 0.029615595900
784.820007000  8.100000000 0.030568633200
784.844971000  8.100000000 0.031650766700
784.869995000  8.100000000 0.032852761400
784.894958000  8.100000000 0.034165635700
784.919983000  8.100000000 0.035580799000
784.945007000  8.100000000 0.037090234500
784.969971000  8.100000000 0.038686662900
784.994995000  8.100000000 0.040363628400
785.019958000  8.100000000 0.042115543000
785.044983000  8.100000000 0.043937664500
785.070007000  8.100000000 0.045825891200
785.094971000  8.100000000 0.047776591000
785.119995000  8.100000000 0.049786370200
785.144958000  8.100000000 0.051851969200
785.169983000  8.100000000 0.053969975600
785.195007000  8.100000000 0.056136753400
785.219971000  8.100000000 0.058348208700
785.244995000  8.100000000 0.060599748000
785.269958000  8.100000000 0.062886185900
785.294983000  8.100000000 0.065201781700
785.320007000  8.100000000 0.067540228400
785.344971000  8.100000000 0.069894619300
785.369995000  8.100000000 0.072257518800
785.394958000  8.100000000 0.074621029200
785.419983000  8.100000000 0.076976813400
785.445007000  8.100000000 0.079316213700
785.469971000  8.100000000 0.081630341700
785.494995000  8.100000000 0.083910130000
785.519958000  8.100000000 0.086146459000
785.544983000  8.100000000 0.088330440200
785.570007000  8.100000000 0.090453378900
785.594971000  8.100000000 0.092507019600
785.619995000  8.100000000 0.094483546900
785.644958000  8.100000000 0.096375741100
785.669983000  8.100000000 0.098176829500
785.695007000  8.100000000 0.099880613400
785.719971000  8.100000000 0.101481460000
785.744995000  8.100000000 0.102974221000
785.769958000  8.100000000 0.104354247000
785.794983000  8.100000000 0.105617359000
785.820007000  8.100000000 0.106759645000
785.844971000  8.100000000 0.107777461000
785.869995000  8.100000000 0.108667336000
785.894958000  8.100000000 0.109425940000
785.919983000  8.100000000 0.110049933000
785.945007000  8.100000000 0.110535845000
785.969971000  8.100000000 0.110880055000
785.994995000  8.100000000 0.111078694000
786.019958000  8.100000000 0.111127719000
786.044983000  8.100000000 0.111022800000
786.070007000  8.100000000 0.110759564000
786.094971000  8.100000000 0.110333435000
786.119995000  8.100000000 0.109739810000
786.144958000  8.100000000 0.108974233000
786.169983000  8.100000000 0.108032517000
786.195007000  8.100000000 0.106910981000
786.219971000  8.100000000 0.105606548000
786.244995000  8.100000000 0.104116991000
786.269958000  8.100000000 0.102441058000
786.294983000  8.100000000 0.100578614000
786.320007000  8.100000000 0.098530925800
786.344971000  8.100000000 0.096300594500
786.369995000  8.100000000 0.093891769600
786.394958000  8.100000000 0.091310136000
786.419983000  8.100000000 0.088562898300
786.445007000  8.100000000 0.085658647100
786.469971000  8.100000000 0.082607381000
786.494995000  8.100000000 0.079420164200
786.519958000  8.100000000 0.076109394400
786.544983000  8.100000000 0.072688423100
786.570007000  8.100000000 0.069171637300
786.594971000  8.100000000 0.065574221300
786.619995000  8.100000000 0.061912074700
786.644958000  8.100000000 0.058201633400
786.669983000  8.100000000 0.054459806500
786.695007000  8.100000000 0.050703663400
786.719971000  8.100000000 0.046950433400
786.744995000  8.100000000 0.043217096500
786.769958000  8.100000000 0.039520423900
786.794983000  8.100000000 0.035876732300
786.820007000  8.100000000 0.032301798500
786.844971000  8.100000000 0.028810786100
786.869995000  8.100000000 0.025418065500
786.894958000  8.100000000 0.022137159500
786.919983000  8.100000000 0.018980518000
786.945007000  8.100000000 0.015959408100
786.969971000  8.100000000 0.013083754100
786.994995000  8.100000000 0.010362030000
787.019958000  8.100000000 0.007801280820
787.044983000  8.100000000 0.005407127550
787.070007000  8.100000000 0.003183908060
787.094971000  8.100000000 0.001134883960
787.119995000  8.100000000 -0.000737544033
787.144958000  8.100000000 -0.002431575440
787.169983000  8.100000000 -0.003945808390
787.195007000  8.100000000 -0.005279167090
787.219971000  8.100000000 -0.006430808920
787.244995000  8.100000000 -0.007400162980
787.269958000  8.100000000 -0.008186857220
787.294983000  8.100000000 -0.008790809660
787.320007000  8.100000000 -0.009212238710
787.344971000  8.100000000 -0.009451733900
787.369995000  8.100000000 -0.009510409090
787.394958000  8.100000000 -0.009390094320
787.419983000  8.100000000 -0.009093471800
787.445007000  8.100000000 -0.008624345060
787.469971000  8.100000000 -0.007987720890
787.494995000  8.100000000 -0.007189916910
787.519958000  8.100000000 -0.006238569040
787.544983000  8.100000000 -0.005142568140
787.570007000  8.100000000 -0.003911823030
787.594971000  8.100000000 -0.002557108410
787.619995000  8.100000000 -0.001089801660
787.644958000  8.100000000 0.000478184025
787.669983000  8.100000000 0.002134650010
787.695007000  8.100000000 0.003867238760
787.719971000  8.100000000 0.005663609130
787.744995000  8.100000000 0.007511702370
787.769958000  8.100000000 0.009399631060
787.794983000  8.100000000 0.011315809600
787.820007000  8.100000000 0.013248931600
787.844971000  8.100000000 0.015188078400
787.869995000  8.100000000 0.017122896400
787.894958000  8.100000000 0.019043898200
787.919983000  8.100000000 0.020942619100
787.945007000  8.100000000 0.022811705200
787.969971000  8.100000000 0.024644896400
787.994995000  8.100000000 0.026437090700
788.019958000  8.100000000 0.028184462300
788.044983000  8.100000000 0.029884416600
788.070007000  8.100000000 0.031535401900
788.094971000  8.100000000 0.033136718000
788.119995000  8.100000000 0.034688249200
788.144958000  8.100000000 0.036190372000
788.169983000  8.100000000 0.037643898300
788.195007000  8.100000000 0.039049942000
788.219971000  8.100000000 0.040409691600
788.244995000  8.100000000 0.041724324200
788.269958000  8.100000000 0.042994879200
788.294983000  8.100000000 0.044222146300
788.320007000  8.100000000 0.045406628400
788.344971000  8.100000000 0.046548299500
788.369995000  8.100000000 0.047646753500
788.394958000  8.100000000 0.048701129900
788.419983000  8.100000000 0.049710344500
788.445007000  8.100000000 0.050672985600
788.469971000  8.100000000 0.051587458700
788.494995000  8.100000000 0.052451949600
788.519958000  8.100000000 0.053264576900
788.544983000  8.100000000 0.054023437200
788.570007000  8.100000000 0.054726805500
788.594971000  8.100000000 0.055372994400
788.619995000  8.100000000 0.055960521100
788.644958000  8.100000000 0.056488048300
788.669983000  8.100000000 0.056954413700
788.695007000  8.100000000 0.057358697100
788.719971000  8.100000000 0.057700030500
788.744995000  8.100000000 0.057977803100
788.769958000  8.100000000 0.058191560200
788.794983000  8.100000000 0.058341041200
788.820007000  8.100000000 0.058426212500
788.844971000  8.100000000 0.058447238100
788.869995000  8.100000000 0.058404661700
788.894958000  8.100000000 0.058299273300
788.919983000  8.100000000 0.058132290800
788.945007000  8.100000000 0.057905603200
788.969971000  8.100000000 0.057621751000
788.994995000  8.100000000 0.057284053400
789.019958000  8.100000000 0.056896574800
789.044983000  8.100000000 0.056464023900
789.070007000  8.100000000 0.055991802400
789.094971000  8.100000000 0.055486008500
789.119995000  8.100000000 0.054953314400
789.144958000  8.100000000 0.054401002800
789.169983000  8.100000000 0.053836684700
789.195007000  8.100000000 0.053268272400
789.219971000  8.100000000 0.052703656300
789.244995000  8.100000000 0.052150506500
789.269958000  8.100000000 0.051616039100
789.294983000  8.100000000 0.051106769600
789.320007000  8.100000000 0.050628323100
789.344971000  8.100000000 0.050185333900
789.369995000  8.100000000 0.049781348600
789.394958000  8.100000000 0.049418717600
789.419983000  8.100000000 0.049098510300
789.445007000  8.100000000 0.048820454600
789.469971000  8.100000000 0.048582982300
789.494995000  8.100000000 0.048383280600
789.519958000  8.100000000 0.048217430700
789.544983000  8.100000000 0.048080507700
789.570007000  8.100000000 0.047966830400
789.594971000  8.100000000 0.047870155400
789.619995000  8.100000000 0.047783844200
789.644958000  8.100000000 0.047700837300
789.669983000  8.100000000 0.047613736200
789.695007000  8.100000000 0.047514803700
789.719971000  8.100000000 0.047396209100
789.744995000  8.100000000 0.047250300600
789.769958000  8.100000000 0.047069635200
789.794983000  8.100000000 0.046847228000
789.820007000  8.100000000 0.046576406800
789.844971000  8.100000000 0.046250931900
789.869995000  8.100000000 0.045865014200
789.894958000  8.100000000 0.045413341400
789.919983000  8.100000000 0.044891141400
789.945007000  8.100000000 0.044294234400
789.969971000  8.100000000 0.043619029200
789.994995000  8.100000000 0.042862530800
790.019958000  8.100000000 0.042022254300
790.044983000  8.100000000 0.041096162100
790.070007000  8.100000000 0.040082618600
790.094971000  8.100000000 0.038980301500
790.119995000  8.100000000 0.037788294300
790.144958000  8.100000000 0.036506038200
790.169983000  8.100000000 0.035133410200
790.195007000  8.100000000 0.033670574400
790.219971000  8.100000000 0.032117914400
790.244995000  8.100000000 0.030476031800
790.269958000  8.100000000 0.028745874800
790.294983000  8.100000000 0.026928825300
790.320007000  8.100000000 0.025026787100
790.344971000  8.100000000 0.023042298900
790.369995000  8.100000000 0.020978525300
790.394958000  8.100000000 0.018839385400
790.419983000  8.100000000 0.016629610200
790.445007000  8.100000000 0.014354801700
790.469971000  8.100000000 0.012021364600
790.494995000  8.100000000 0.009636382570
790.519958000  8.100000000 0.007207354070
790.544983000  8.100000000 0.004742009570
790.570007000  8.100000000 0.002248184990
790.594971000  8.100000000 -0.000266096991
790.619995000  8.100000000 -0.002792674120
790.644958000  8.100000000 -0.005323202350
790.669983000  8.100000000 -0.007849220190
790.695007000  8.100000000 -0.010362161300
790.719971000  8.100000000 -0.012853306700
790.744995000  8.100000000 -0.015313808800
790.769958000  8.100000000 -0.017734784600
790.794983000  8.100000000 -0.020107567300
790.820007000  8.100000000 -0.022423951000
790.844971000  8.100000000 -0.024676384400
790.869995000  8.100000000 -0.026858016800
790.894958000  8.100000000 -0.028962770500
790.919983000  8.100000000 -0.030985401900
790.945007000  8.100000000 -0.032921567600
790.969971000  8.100000000 -0.034767977900
790.994995000  8.100000000 -0.036522459200
791.019958000  8.100000000 -0.038183990900
791.044983000  8.100000000 -0.039752755300
791.070007000  8.100000000 -0.041230160700
791.094971000  8.100000000 -0.042618755300
791.119995000  8.100000000 -0.043922215700
791.144958000  8.100000000 -0.045145276900
791.169983000  8.100000000 -0.046293664700
791.195007000  8.100000000 -0.047374047300
791.219971000  8.100000000 -0.048393856700
791.244995000  8.100000000 -0.049361180500
791.269958000  8.100000000 -0.050284538400
791.294983000  8.100000000 -0.051172863700
791.320007000  8.100000000 -0.052035354100
791.344971000  8.100000000 -0.052881304200
791.369995000  8.100000000 -0.053719781300
791.394958000  8.100000000 -0.054559335100
791.419983000  8.100000000 -0.055407829600
791.445007000  8.100000000 -0.056272421000
791.469971000  8.100000000 -0.057159703200
791.494995000  8.100000000 -0.058075740900
791.519958000  8.100000000 -0.059025917200
791.544983000  8.100000000 -0.060014717300
791.570007000  8.100000000 -0.061045508800
791.594971000  8.100000000 -0.062120527000
791.619995000  8.100000000 -0.063240923000
791.644958000  8.100000000 -0.064406894100
791.669983000  8.100000000 -0.065617643300
791.695007000  8.100000000 -0.066871337600
791.719971000  8.100000000 -0.068165026600
791.744995000  8.100000000 -0.069494612500
791.769958000  8.100000000 -0.070854947000
791.794983000  8.100000000 -0.072239927900
791.820007000  8.100000000 -0.073642596600
791.844971000  8.100000000 -0.075055278800
791.869995000  8.100000000 -0.076469510800
791.894958000  8.100000000 -0.077876150600
791.919983000  8.100000000 -0.079265587000
791.945007000  8.100000000 -0.080628000200
791.969971000  8.100000000 -0.081953473400
791.994995000  8.100000000 -0.083232328300
792.019958000  8.100000000 -0.084455125000
792.044983000  8.100000000 -0.085612647200
792.070007000  8.100000000 -0.086696043600
792.094971000  8.100000000 -0.087696649100
792.119995000  8.100000000 -0.088606290500
792.144958000  8.100000000 -0.089417398000
792.169983000  8.100000000 -0.090123109500
792.195007000  8.100000000 -0.090717367800
792.219971000  8.100000000 -0.091194942600
792.244995000  8.100000000 -0.091551393300
792.269958000  8.100000000 -0.091783352200
792.294983000  8.100000000 -0.091888494800
792.320007000  8.100000000 -0.091865569400
792.344971000  8.100000000 -0.091714665300
792.369995000  8.100000000 -0.091437041800
792.394958000  8.100000000 -0.091035455500
792.419983000  8.100000000 -0.090514019100
792.445007000  8.100000000 -0.089878320700
792.469971000  8.100000000 -0.089135177400
792.494995000  8.100000000 -0.088292747700
792.519958000  8.100000000 -0.087360210700
792.544983000  8.100000000 -0.086347743900
792.570007000  8.100000000 -0.085266143100
792.594971000  8.100000000 -0.084126807700
792.619995000  8.100000000 -0.082941286300
792.644958000  8.100000000 -0.081721454900
792.669983000  8.100000000 -0.080478958800
792.695007000  8.100000000 -0.079225368800
792.719971000  8.100000000 -0.077971667100
792.744995000  8.100000000 -0.076728381200
792.769958000  8.100000000 -0.075505316300
792.794983000  8.100000000 -0.074311666200
792.820007000  8.100000000 -0.073156088600
792.844971000  8.100000000 -0.072046764200
792.869995000  8.100000000 -0.070991449100
792.894958000  8.100000000 -0.069997362800
792.919983000  8.100000000 -0.069070912900
792.945007000  8.100000000 -0.068217672400
792.969971000  8.100000000 -0.067442171300
792.994995000  8.100000000 -0.066748037900
793.019958000  8.100000000 -0.066137880100
793.044983000  8.100000000 -0.065613240000
793.070007000  8.100000000 -0.065174467900
793.094971000  8.100000000 -0.064820855900
793.119995000  8.100000000 -0.064550831900
793.144958000  8.100000000 -0.064362078900
793.169983000  8.100000000 -0.064251586800
793.195007000  8.100000000 -0.064215607900
793.219971000  8.100000000 -0.064249508100
793.244995000  8.100000000 -0.064347945200
793.269958000  8.100000000 -0.064504943800
793.294983000  8.100000000 -0.064713843200
793.320007000  8.100000000 -0.064967341700
793.344971000  8.100000000 -0.065257519500
793.369995000  8.100000000 -0.065576054200
793.394958000  8.100000000 -0.065914496800
793.419983000  8.100000000 -0.066264487800
793.445007000  8.100000000 -0.066617548500
793.469971000  8.100000000 -0.066965296900
793.494995000  8.100000000 -0.067299269100
793.519958000  8.100000000 -0.067611314400
793.544983000  8.100000000 -0.067893773300
793.570007000  8.100000000 -0.068139694600
793.594971000  8.100000000 -0.068342916700
793.619995000  8.100000000 -0.068498283600
793.644958000  8.100000000 -0.068601787100
793.669983000  8.100000000 -0.068650685300
793.695007000  8.100000000 -0.068643584800
793.719971000  8.100000000 -0.068580135700
793.744995000  8.100000000 -0.068460948800
793.769958000  8.100000000 -0.068287447100
793.794983000  8.100000000 -0.068061962700
793.820007000  8.100000000 -0.067787826100
793.844971000  8.100000000 -0.067469127500
793.869995000  8.100000000 -0.067110411800
793.894958000  8.100000000 -0.066716343200
793.919983000  8.100000000 -0.066291436600
793.945007000  8.100000000 -0.065840199600
793.969971000  8.100000000 -0.065366812100
793.994995000  8.100000000 -0.064875327100
794.019958000  8.100000000 -0.064369566700
794.044983000  8.100000000 -0.063853368200
794.070007000  8.100000000 -0.063330754600
794.094971000  8.100000000 -0.062806062400
794.119995000  8.100000000 -0.062283951800
794.144958000  8.100000000 -0.061769343900
794.169983000  8.100000000 -0.061267416900
794.195007000  8.100000000 -0.060783516600
794.219971000  8.100000000 -0.060323000000
794.244995000  8.100000000 -0.059891115900
794.269958000  8.100000000 -0.059492994100
794.294983000  8.100000000 -0.059133485000
794.320007000  8.100000000 -0.058817297200
794.344971000  8.100000000 -0.058548905000
794.369995000  8.100000000 -0.058332607200
794.394958000  8.100000000 -0.058172591000
794.419983000  8.100000000 -0.058073014000
794.445007000  8.100000000 -0.058037944100
794.469971000  8.100000000 -0.058071289200
794.494995000  8.100000000 -0.058176569600
794.519958000  8.100000000 -0.058356657600
794.544983000  8.100000000 -0.058613535000
794.570007000  8.100000000 -0.058948248600
794.594971000  8.100000000 -0.059360958600
794.619995000  8.100000000 -0.059850979600
794.644958000  8.100000000 -0.060416948100
794.669983000  8.100000000 -0.061056692200
794.695007000  8.100000000 -0.061767246600
794.719971000  8.100000000 -0.062544792900
794.744995000  8.100000000 -0.063384741500
794.769958000  8.100000000 -0.064281888300
794.794983000  8.100000000 -0.065230749500
794.820007000  8.100000000 -0.066225700100
794.844971000  8.100000000 -0.067260891200
794.869995000  8.100000000 -0.068330161300
794.894958000  8.100000000 -0.069427043200
794.919983000  8.100000000 -0.070544853800
794.945007000  8.100000000 -0.071676977000
794.969971000  8.100000000 -0.072817109500
794.994995000  8.100000000 -0.073959283500
795.019958000  8.100000000 -0.075097888700
795.044983000  8.100000000 -0.076227605300
795.070007000  8.100000000 -0.077343471300
795.094971000  8.100000000 -0.078440979100
795.119995000  8.100000000 -0.079516366100
795.144958000  8.100000000 -0.080566652100
795.169983000  8.100000000 -0.081589989400
795.195007000  8.100000000 -0.082585416700
795.219971000  8.100000000 -0.083552867200
795.244995000  8.100000000 -0.084493257100
795.269958000  8.100000000 -0.085408508800
795.294983000  8.100000000 -0.086301647100
795.320007000  8.100000000 -0.087176851900
795.344971000  8.100000000 -0.088039152300
795.369995000  8.100000000 -0.088893994700
795.394958000  8.100000000 -0.089746967000
795.419983000  8.100000000 -0.090603359000
795.445007000  8.100000000 -0.091467939300
795.469971000  8.100000000 -0.092344768300
795.494995000  8.100000000 -0.093236982800
795.519958000  8.100000000 -0.094146959500
795.544983000  8.100000000 -0.095076218200
795.570007000  8.100000000 -0.096025548900
795.594971000  8.100000000 -0.096994981200
795.619995000  8.100000000 -0.097983755200
795.644958000  8.100000000 -0.098990172100
795.669983000  8.100000000 -0.100011766000
795.695007000  8.100000000 -0.101045303000
795.719971000  8.100000000 -0.102086820000
795.744995000  8.100000000 -0.103131689000
795.769958000  8.100000000 -0.104174785000
795.794983000  8.100000000 -0.105210669000
795.820007000  8.100000000 -0.106233515000
795.844971000  8.100000000 -0.107237272000
795.869995000  8.100000000 -0.108215481000
795.894958000  8.100000000 -0.109161563000
795.919983000  8.100000000 -0.110068664000
795.945007000  8.100000000 -0.110929944000
795.969971000  8.100000000 -0.111738525000
795.994995000  8.100000000 -0.112487786000
796.019958000  8.100000000 -0.113171346000
796.044983000  8.100000000 -0.113783285000
796.070007000  8.100000000 -0.114318132000
796.094971000  8.100000000 -0.114770956000
796.119995000  8.100000000 -0.115137197000
796.144958000  8.100000000 -0.115412556000
796.169983000  8.100000000 -0.115593158000
796.195007000  8.100000000 -0.115675308000
796.219971000  8.100000000 -0.115655698000
796.244995000  8.100000000 -0.115531445000
796.269958000  8.100000000 -0.115300119000
796.294983000  8.100000000 -0.114959940000
796.320007000  8.100000000 -0.114509828000
796.344971000  8.100000000 -0.113949217000
796.369995000  8.100000000 -0.113278046000
796.394958000  8.100000000 -0.112496793000
796.419983000  8.100000000 -0.111606427000
796.445007000  8.100000000 -0.110608503000
796.469971000  8.100000000 -0.109505333000
796.494995000  8.100000000 -0.108299948000
796.519958000  8.100000000 -0.106996432000
796.544983000  8.100000000 -0.105599962000
796.570007000  8.100000000 -0.104116775000
796.594971000  8.100000000 -0.102554187000
796.619995000  8.100000000 -0.100920260000
796.644958000  8.100000000 -0.099223539200
796.669983000  8.100000000 -0.097472913600
796.695007000  8.100000000 -0.095677666400
796.719971000  8.100000000 -0.093847453600
796.744995000  8.100000000 -0.091992244100
796.769958000  8.100000000 -0.090122453900
796.794983000  8.100000000 -0.088248483800
796.820007000  8.100000000 -0.086380578600
796.844971000  8.100000000 -0.084528498400
796.869995000  8.100000000 -0.082701444600
796.894958000  8.100000000 -0.080907926000
796.919983000  8.100000000 -0.079155832500
796.945007000  8.100000000 -0.077452205100
796.969971000  8.100000000 -0.075803414000
796.994995000  8.100000000 -0.074214689400
797.019958000  8.100000000 -0.072690241000
797.044983000  8.100000000 -0.071233302400
797.070007000  8.100000000 -0.069846108600
797.094971000  8.100000000 -0.068529881500
797.119995000  8.100000000 -0.067284785200
797.144958000  8.100000000 -0.066109843600
797.169983000  8.100000000 -0.065003007700
797.195007000  8.100000000 -0.063961386700
797.219971000  8.100000000 -0.062981419300
797.244995000  8.100000000 -0.062059272100
797.269958000  8.100000000 -0.061190951600
797.294983000  8.100000000 -0.060372438300
797.320007000  8.100000000 -0.059599615600
797.344971000  8.100000000 -0.058868132500
797.369995000  8.100000000 -0.058173369600
797.394958000  8.100000000 -0.057510387200
797.419983000  8.100000000 -0.056873973500
797.445007000  8.100000000 -0.056258626300
797.469971000  8.100000000 -0.055658556500
797.494995000  8.100000000 -0.055067766500
797.519958000  8.100000000 -0.054480131700
797.544983000  8.100000000 -0.053889591200
797.570007000  8.100000000 -0.053290206900
797.594971000  8.100000000 -0.052676368500
797.619995000  8.100000000 -0.052042737600
797.644958000  8.100000000 -0.051384124900
797.669983000  8.100000000 -0.050695389500
797.695007000  8.100000000 -0.049971487400
797.719971000  8.100000000 -0.049207590500
797.744995000  8.100000000 -0.048399176400
797.769958000  8.100000000 -0.047542259100
797.794983000  8.100000000 -0.046633567700
797.820007000  8.100000000 -0.045670434800
797.844971000  8.100000000 -0.044650815400
797.869995000  8.100000000 -0.043573040500
797.894958000  8.100000000 -0.042435947800
797.919983000  8.100000000 -0.041238680500
797.945007000  8.100000000 -0.039980892100
797.969971000  8.100000000 -0.038662653400
797.994995000  8.100000000 -0.037284560500
798.019958000  8.100000000 -0.035847637800
798.044983000  8.100000000 -0.034353457400
798.070007000  8.100000000 -0.032804150100
798.094971000  8.100000000 -0.031202472700
798.119995000  8.100000000 -0.029551800300
798.144958000  8.100000000 -0.027856158100
798.169983000  8.100000000 -0.026120210100
798.195007000  8.100000000 -0.024349059900
798.219971000  8.100000000 -0.022548323500
798.244995000  8.100000000 -0.020723953800
798.269958000  8.100000000 -0.018882118200
798.294983000  8.100000000 -0.017029060100
798.320007000  8.100000000 -0.015170811700
798.344971000  8.100000000 -0.013313027100
798.369995000  8.100000000 -0.011460912400
798.394958000  8.100000000 -0.009619262070
798.419983000  8.100000000 -0.007792297290
798.445007000  8.100000000 -0.005983872340
798.469971000  8.100000000 -0.004197388890
798.494995000  8.100000000 -0.002435898180
798.519958000  8.100000000 -0.000702006801
798.544983000  8.100000000 0.001002110770
798.570007000  8.100000000 0.002674759370
798.594971000  8.100000000 0.004314789550
798.619995000  8.100000000 0.005921495610
798.644958000  8.100000000 0.007494578140
798.669983000  8.100000000 0.009034014310
798.695007000  8.100000000 0.010539962000
798.719971000  8.100000000 0.012012720100
798.744995000  8.100000000 0.013452623000
798.769958000  8.100000000 0.014859975300
798.794983000  8.100000000 0.016234923200
798.820007000  8.100000000 0.017577417200
798.844971000  8.100000000 0.018887421100
798.869995000  8.100000000 0.020164957300
798.894958000  8.100000000 0.021410239900
798.919983000  8.100000000 0.022623701000
798.945007000  8.100000000 0.023806177100
798.969971000  8.100000000 0.024958809800
798.994995000  8.100000000 0.026083149000
799.019958000  8.100000000 0.027180912000
799.044983000  8.100000000 0.028253790000
799.070007000  8.100000000 0.029303219200
799.094971000  8.100000000 0.030330464200
799.119995000  8.100000000 0.031336519900
799.144958000  8.100000000 0.032322030500
799.169983000  8.100000000 0.033286940300
799.195007000  8.100000000 0.034230303000
799.219971000  8.100000000 0.035150285800
799.244995000  8.100000000 0.036044400200
799.269958000  8.100000000 0.036909822400
799.294983000  8.100000000 0.037743493900
799.320007000  8.100000000 0.038542218500
799.344971000  8.100000000 0.039302613600
799.369995000  8.100000000 0.040021088000
799.394958000  8.100000000 0.040693804600
799.419983000  8.100000000 0.041316881800
799.445007000  8.100000000 0.041886359500
799.469971000  8.100000000 0.042398620400
799.494995000  8.100000000 0.042850304400
799.519958000  8.100000000 0.043238371600
799.544983000  8.100000000 0.043560158500
799.570007000  8.100000000 0.043813165300
799.594971000  8.100000000 0.043995048900
799.619995000  8.100000000 0.044103380300
799.644958000  8.100000000 0.044135555600
799.669983000  8.100000000 0.044088762300
799.695007000  8.100000000 0.043959986400
799.719971000  8.100000000 0.043745994600
799.744995000  8.100000000 0.043443474900
799.769958000  8.100000000 0.043049186500
799.794983000  8.100000000 0.042560212300
799.820007000  8.100000000 0.041974235300
799.844971000  8.100000000 0.041289851100
799.869995000  8.100000000 0.040506571500
799.894958000  8.100000000 0.039624970400
799.919983000  8.100000000 0.038646660700
799.945007000  8.100000000 0.037574227900
799.969971000  8.100000000 0.036411255600
799.994995000  8.100000000 0.035162329700
800.019958000  8.100000000 0.033832982200
800.044983000  8.100000000 0.032429657900
800.070007000  8.100000000 0.030959447800
800.094971000  8.100000000 0.029430214300
800.119995000  8.100000000 0.027850264700
800.144958000  8.100000000 0.026228414800
800.169983000  8.100000000 0.024573769400
800.195007000  8.100000000 0.022895729200
800.219971000  8.100000000 0.021204017100
800.244995000  8.100000000 0.019508862900
800.269958000  8.100000000 0.017821151800
800.294983000  8.100000000 0.016152503000
800.320007000  8.100000000 0.014515145700
800.344971000  8.100000000 0.012921850200
800.369995000  8.100000000 0.011385670900
800.394958000  8.100000000 0.009919951670
800.419983000  8.100000000 0.008538101800
800.445007000  8.100000000 0.007253495050
800.469971000  8.100000000 0.006079252810
800.494995000  8.100000000 0.005028137470
800.519958000  8.100000000 0.004112231080
800.544983000  8.100000000 0.003342876440
800.570007000  8.100000000 0.002730514620
800.594971000  8.100000000 0.002284420190
800.619995000  8.100000000 0.002012586450
800.644958000  8.100000000 0.001921497980
800.669983000  8.100000000 0.002016006040
800.695007000  8.100000000 0.002299271290
800.719971000  8.100000000 0.002772761970
800.744995000  8.100000000 0.003436205910
800.769958000  8.100000000 0.004287619610
800.794983000  8.100000000 0.005323365800
800.820007000  8.100000000 0.006538169920
800.844971000  8.100000000 0.007925228220
800.869995000  8.100000000 0.009476316160
800.894958000  8.100000000 0.011181957100
800.919983000  8.100000000 0.013031565600
800.945007000  8.100000000 0.015013582100
800.969971000  8.100000000 0.017115557600
800.994995000  8.100000000 0.019324198400
801.019958000  8.100000000 0.021625401500
801.044983000  8.100000000 0.024004358800
801.070007000  8.100000000 0.026445619800
801.094971000  8.100000000 0.028933240100
801.119995000  8.100000000 0.031450931000
801.144958000  8.100000000 0.033982206100
801.169983000  8.100000000 0.036510631400
801.195007000  8.100000000 0.039019852900
801.219971000  8.100000000 0.041493777200
801.244995000  8.100000000 0.043916560700
801.269958000  8.100000000 0.046272791900
801.294983000  8.100000000 0.048547577100
801.320007000  8.100000000 0.050726659600
801.344971000  8.100000000 0.052796527700
801.369995000  8.100000000 0.054744578900
801.394958000  8.100000000 0.056559253500
801.419983000  8.100000000 0.058230228700
801.445007000  8.100000000 0.059748563900
801.469971000  8.100000000 0.061106760100
801.494995000  8.100000000 0.062298845500
801.519958000  8.100000000 0.063320405800
801.544983000  8.100000000 0.064168706500
801.570007000  8.100000000 0.064842559400
801.594971000  8.100000000 0.065342403900
801.619995000  8.100000000 0.065670028300
801.644958000  8.100000000 0.065828509600
801.669983000  8.100000000 0.065822020200
801.695007000  8.100000000 0.065655812600
801.719971000  8.100000000 0.065336123100
801.744995000  8.100000000 0.064870052000
801.769958000  8.100000000 0.064265415100
801.794983000  8.100000000 0.063530564300
801.820007000  8.100000000 0.062674194600
801.844971000  8.100000000 0.061705101300
801.869995000  8.100000000 0.060632120800
801.894958000  8.100000000 0.059463914500
801.919983000  8.100000000 0.058208916300
801.945007000  8.100000000 0.056875206500
801.969971000  8.100000000 0.055470470300
801.994995000  8.100000000 0.054002035400
802.019958000  8.100000000 0.052476875500
802.044983000  8.100000000 0.050901643900
802.070007000  8.100000000 0.049282543400
802.094971000  8.100000000 0.047625325600
802.119995000  8.100000000 0.045935239600
802.144958000  8.100000000 0.044217251200
802.169983000  8.100000000 0.042476184700
802.195007000  8.100000000 0.040716718900
802.219971000  8.100000000 0.038943581300
802.244995000  8.100000000 0.037161380100
802.269958000  8.100000000 0.035374455200
802.294983000  8.100000000 0.033586856000
802.320007000  8.100000000 0.031802240800
802.344971000  8.100000000 0.030023889600
802.369995000  8.100000000 0.028254846100
802.394958000  8.100000000 0.026497934000
802.419983000  8.100000000 0.024755701400
802.445007000  8.100000000 0.023030567900
802.469971000  8.100000000 0.021324649500
802.494995000  8.100000000 0.019639994900
802.519958000  8.100000000 0.017978502400
802.544983000  8.100000000 0.016342103500
802.570007000  8.100000000 0.014732766000
802.594971000  8.100000000 0.013152536000
802.619995000  8.100000000 0.011603876000
802.644958000  8.100000000 0.010089564100
802.669983000  8.100000000 0.008613134730
802.695007000  8.100000000 0.007178650700
802.719971000  8.100000000 0.005790913010
802.744995000  8.100000000 0.004455417390
802.769958000  8.100000000 0.003178300340
802.794983000  8.100000000 0.001966359090
802.820007000  8.100000000 0.000826940406
802.844971000  8.100000000 -0.000232235558
802.869995000  8.100000000 -0.001203051070
802.894958000  8.100000000 -0.002077112670
802.919983000  8.100000000 -0.002845637730
802.945007000  8.100000000 -0.003499354470
802.969971000  8.100000000 -0.004028570370
802.994995000  8.100000000 -0.004423123320
803.019958000  8.100000000 -0.004672423470
803.044983000  8.100000000 -0.004765355030
803.070007000  8.100000000 -0.004690522330
803.094971000  8.100000000 -0.004436159510
803.119995000  8.100000000 -0.003990341440
803.144958000  8.100000000 -0.003341137430
803.169983000  8.100000000 -0.002476879160
803.195007000  8.100000000 -0.001386306020
803.219971000  8.100000000 -0.000058842281
803.244995000  8.100000000 0.001515466370
803.269958000  8.100000000 0.003345784730
803.294983000  8.100000000 0.005440568550
803.320007000  8.100000000 0.007807411720
803.344971000  8.100000000 0.010453079800
803.369995000  8.100000000 0.013383395000
803.394958000  8.100000000 0.016603274300
803.419983000  8.100000000 0.020116692400
803.445007000  8.100000000 0.023926584100
803.469971000  8.100000000 0.028034824900
803.494995000  8.100000000 0.032442219600
803.519958000  8.100000000 0.037148509200
803.544983000  8.100000000 0.042152255800
803.570007000  8.100000000 0.047450758500
803.594971000  8.100000000 0.053039941900
803.619995000  8.100000000 0.058914110100
803.644958000  8.100000000 0.065065965100
803.669983000  8.100000000 0.071486376200
803.695007000  8.100000000 0.078164123000
803.719971000  8.100000000 0.085086129600
803.744995000  8.100000000 0.092237293700
803.769958000  8.100000000 0.099600717400
803.794983000  8.100000000 0.107157834000
803.820007000  8.100000000 0.114888228000
803.844971000  8.100000000 0.122770108000
803.869995000  8.100000000 0.130779967000
803.894958000  8.100000000 0.138893083000
803.919983000  8.100000000 0.147083133000
803.945007000  8.100000000 0.155322760000
803.969971000  8.100000000 0.163583413000
803.994995000  8.100000000 0.171835408000
804.019958000  8.100000000 0.180048376000
804.044983000  8.100000000 0.188191250000
804.070007000  8.100000000 0.196232066000
804.094971000  8.100000000 0.204138666000
804.119995000  8.100000000 0.211878166000
804.144958000  8.100000000 0.219417736000
804.169983000  8.100000000 0.226724669000
804.195007000  8.100000000 0.233766869000
804.219971000  8.100000000 0.240512758000
804.244995000  8.100000000 0.246932045000
804.269958000  8.100000000 0.252995521000
804.294983000  8.100000000 0.258675665000
804.320007000  8.100000000 0.263946921000
804.344971000  8.100000000 0.268785775000
804.369995000  8.100000000 0.273171484000
804.394958000  8.100000000 0.277085453000
804.419983000  8.100000000 0.280512065000
804.445007000  8.100000000 0.283438474000
804.469971000  8.100000000 0.285854667000
804.494995000  8.100000000 0.287753820000
804.519958000  8.100000000 0.289132029000
804.544983000  8.100000000 0.289988577000
804.570007000  8.100000000 0.290325940000
804.594971000  8.100000000 0.290149838000
804.619995000  8.100000000 0.289468855000
804.644958000  8.100000000 0.288294405000
804.669983000  8.100000000 0.286640704000
804.695007000  8.100000000 0.284524202000
804.719971000  8.100000000 0.281964183000
804.744995000  8.100000000 0.278981656000
804.769958000  8.100000000 0.275599867000
804.794983000  8.100000000 0.271843642000
804.820007000  8.100000000 0.267739445000
804.844971000  8.100000000 0.263315231000
804.869995000  8.100000000 0.258600175000
804.894958000  8.100000000 0.253624797000
804.919983000  8.100000000 0.248420358000
804.945007000  8.100000000 0.243018791000
804.969971000  8.100000000 0.237452254000
804.994995000  8.100000000 0.231753096000
805.019958000  8.100000000 0.225953296000
805.044983000  8.100000000 0.220084488000
805.070007000  8.100000000 0.214177907000
805.094971000  8.100000000 0.208263949000
805.119995000  8.100000000 0.202372283000
805.144958000  8.100000000 0.196531519000
805.169983000  8.100000000 0.190768644000
805.195007000  8.100000000 0.185109198000
805.219971000  8.100000000 0.179576814000
805.244995000  8.100000000 0.174193233000
805.269958000  8.100000000 0.168978333000
805.294983000  8.100000000 0.163950175000
805.320007000  8.100000000 0.159125000000
805.344971000  8.100000000 0.154517084000
805.369995000  8.100000000 0.150138974000
805.394958000  8.100000000 0.146001294000
805.419983000  8.100000000 0.142112628000
805.445007000  8.100000000 0.138479412000
805.469971000  8.100000000 0.135106191000
805.494995000  8.100000000 0.131995305000
805.519958000  8.100000000 0.129147306000
805.544983000  8.100000000 0.126561269000
805.570007000  8.100000000 0.124234982000
805.594971000  8.100000000 0.122164957000
805.619995000  8.100000000 0.120346911000
805.644958000  8.100000000 0.118775710000
805.669983000  8.100000000 0.117445529000
805.695007000  8.100000000 0.116349958000
805.719971000  8.100000000 0.115481712000
805.744995000  8.100000000 0.114832662000
805.769958000  8.100000000 0.114393987000
805.794983000  8.100000000 0.114156239000
805.820007000  8.100000000 0.114109688000
805.844971000  8.100000000 0.114244319000
805.869995000  8.100000000 0.114550136000
805.894958000  8.100000000 0.115016811000
805.919983000  8.100000000 0.115634091000
805.945007000  8.100000000 0.116391487000
805.969971000  8.100000000 0.117278501000
805.994995000  8.100000000 0.118284456000
806.019958000  8.100000000 0.119398318000
806.044983000  8.100000000 0.120608263000
806.070007000  8.100000000 0.121902026000
806.094971000  8.100000000 0.123266369000
806.119995000  8.100000000 0.124687329000
806.144958000  8.100000000 0.126150563000
806.169983000  8.100000000 0.127641454000
806.195007000  8.100000000 0.129145265000
806.219971000  8.100000000 0.130647108000
806.244995000  8.100000000 0.132132098000
806.269958000  8.100000000 0.133585274000
806.294983000  8.100000000 0.134991691000
806.320007000  8.100000000 0.136336386000
806.344971000  8.100000000 0.137604415000
806.369995000  8.100000000 0.138781145000
806.394958000  8.100000000 0.139852121000
806.419983000  8.100000000 0.140803590000
806.445007000  8.100000000 0.141622335000
806.469971000  8.100000000 0.142295986000
806.494995000  8.100000000 0.142812908000
806.519958000  8.100000000 0.143162161000
806.544983000  8.100000000 0.143333510000
806.570007000  8.100000000 0.143317565000
806.594971000  8.100000000 0.143105656000
806.619995000  8.100000000 0.142690137000
806.644958000  8.100000000 0.142064616000
806.669983000  8.100000000 0.141223758000
806.695007000  8.100000000 0.140163615000
806.719971000  8.100000000 0.138881549000
806.744995000  8.100000000 0.137376234000
806.769958000  8.100000000 0.135647699000
806.794983000  8.100000000 0.133697093000
806.820007000  8.100000000 0.131526738000
806.844971000  8.100000000 0.129139975000
806.869995000  8.100000000 0.126541093000
806.894958000  8.100000000 0.123735376000
806.919983000  8.100000000 0.120729052000
806.945007000  8.100000000 0.117529228000
806.969971000  8.100000000 0.114143930000
806.994995000  8.100000000 0.110581972000
807.019958000  8.100000000 0.106852733000
807.044983000  8.100000000 0.102966435000
807.070007000  8.100000000 0.098934002200
807.094971000  8.100000000 0.094767369300
807.119995000  8.100000000 0.090479314300
807.144958000  8.100000000 0.086083382400
807.169983000  8.100000000 0.081593945600
807.195007000  8.100000000 0.077025838200
807.219971000  8.100000000 0.072394348700
807.244995000  8.100000000 0.067714922100
807.269958000  8.100000000 0.063002958900
807.294983000  8.100000000 0.058273531500
807.320007000  8.100000000 0.053541291500
807.344971000  8.100000000 0.048820376400
807.369995000  8.100000000 0.044124230700
807.394958000  8.100000000 0.039465572700
807.419983000  8.100000000 0.034856099600
807.445007000  8.100000000 0.030306436100
807.469971000  8.100000000 0.025826156100
807.494995000  8.100000000 0.021423796200
807.519958000  8.100000000 0.017106868300
807.544983000  8.100000000 0.012881914200
807.570007000  8.100000000 0.008754421030
807.594971000  8.100000000 0.004728748930
807.619995000  8.100000000 0.000808003475
807.644958000  8.100000000 -0.003006103450
807.669983000  8.100000000 -0.006713243200
807.695007000  8.100000000 -0.010314500900
807.719971000  8.100000000 -0.013812263500
807.744995000  8.100000000 -0.017210194800
807.769958000  8.100000000 -0.020513111700
807.794983000  8.100000000 -0.023726770700
807.820007000  8.100000000 -0.026857623800
807.844971000  8.100000000 -0.029912537000
807.869995000  8.100000000 -0.032898634700
807.894958000  8.100000000 -0.035823270700
807.919983000  8.100000000 -0.038694106000
807.945007000  8.100000000 -0.041519064500
807.969971000  8.100000000 -0.044306226100
807.994995000  8.100000000 -0.047063600300
808.019958000  8.100000000 -0.049799013900
808.044983000  8.100000000 -0.052519872800
808.070007000  8.100000000 -0.055233124600
808.094971000  8.100000000 -0.057945113600
808.119995000  8.100000000 -0.060661725700
808.144958000  8.100000000 -0.063388183700
808.169983000  8.100000000 -0.066129162900
808.195007000  8.100000000 -0.068888753700
808.219971000  8.100000000 -0.071670346000
808.244995000  8.100000000 -0.074476607100
808.269958000  8.100000000 -0.077309198700
808.294983000  8.100000000 -0.080169126400
808.320007000  8.100000000 -0.083056472200
808.344971000  8.100000000 -0.085970468800
808.369995000  8.100000000 -0.088909670700
808.394958000  8.100000000 -0.091871634100
808.419983000  8.100000000 -0.094853065900
808.445007000  8.100000000 -0.097849778800
808.469971000  8.100000000 -0.100856639000
808.494995000  8.100000000 -0.103867769000
808.519958000  8.100000000 -0.106876910000
808.544983000  8.100000000 -0.109877236000
808.570007000  8.100000000 -0.112861663000
808.594971000  8.100000000 -0.115822658000
808.619995000  8.100000000 -0.118752591000
808.644958000  8.100000000 -0.121643350000
808.669983000  8.100000000 -0.124486797000
808.695007000  8.100000000 -0.127274394000
808.719971000  8.100000000 -0.129997581000
808.744995000  8.100000000 -0.132647529000
808.769958000  8.100000000 -0.135215282000
808.794983000  8.100000000 -0.137692004000
808.820007000  8.100000000 -0.140068501000
808.844971000  8.100000000 -0.142335624000
808.869995000  8.100000000 -0.144484073000
808.894958000  8.100000000 -0.146504521000
808.919983000  8.100000000 -0.148387522000
808.945007000  8.100000000 -0.150123626000
808.969971000  8.100000000 -0.151703238000
808.994995000  8.100000000 -0.153116956000
809.019958000  8.100000000 -0.154355153000
809.044983000  8.100000000 -0.155408129000
809.070007000  8.100000000 -0.156265870000
809.094971000  8.100000000 -0.156918183000
809.119995000  8.100000000 -0.157354727000
809.144958000  8.100000000 -0.157565042000
809.169983000  8.100000000 -0.157538682000
809.195007000  8.100000000 -0.157265559000
809.219971000  8.100000000 -0.156736016000
809.244995000  8.100000000 -0.155941352000
809.269958000  8.100000000 -0.154873878000
809.294983000  8.100000000 -0.153527364000
809.320007000  8.100000000 -0.151897103000
809.344971000  8.100000000 -0.149979904000
809.369995000  8.100000000 -0.147774041000
809.394958000  8.100000000 -0.145279199000
809.419983000  8.100000000 -0.142496452000
809.445007000  8.100000000 -0.139428452000
809.469971000  8.100000000 -0.136079475000
809.494995000  8.100000000 -0.132455736000
809.519958000  8.100000000 -0.128565013000
809.544983000  8.100000000 -0.124417052000
809.570007000  8.100000000 -0.120023161000
809.594971000  8.100000000 -0.115396366000
809.619995000  8.100000000 -0.110551231000
809.644958000  8.100000000 -0.105503939000
809.669983000  8.100000000 -0.100272171000
809.695007000  8.100000000 -0.094875082400
809.719971000  8.100000000 -0.089332990300
809.744995000  8.100000000 -0.083667226100
809.769958000  8.100000000 -0.077900007400
809.794983000  8.100000000 -0.072054363800
809.820007000  8.100000000 -0.066153876500
809.844971000  8.100000000 -0.060222692800
809.869995000  8.100000000 -0.054285161200
809.894958000  8.100000000 -0.048365678600
809.919983000  8.100000000 -0.042488303000
809.945007000  8.100000000 -0.036676548400
809.969971000  8.100000000 -0.030953260100
809.994995000  8.100000000 -0.025340560800
810.019958000  8.100000000 -0.019859829900
810.044983000  8.100000000 -0.014531678500
810.070007000  8.100000000 -0.009376022030
810.094971000  8.100000000 -0.004412028940
810.119995000  8.100000000 0.000342022977
810.144958000  8.100000000 0.004868889230
810.169983000  8.100000000 0.009152619170
810.195007000  8.100000000 0.013178643800
810.219971000  8.100000000 0.016933901200
810.244995000  8.100000000 0.020406873900
810.269958000  8.100000000 0.023587599400
810.294983000  8.100000000 0.026467733100
810.320007000  8.100000000 0.029040461400
810.344971000  8.100000000 0.031300526100
810.369995000  8.100000000 0.033244174000
810.394958000  8.100000000 0.034869108300
810.419983000  8.100000000 0.036174472400
810.445007000  8.100000000 0.037160690900
810.469971000  8.100000000 0.037829492200
810.494995000  8.100000000 0.038183722600
810.519958000  8.100000000 0.038227420300
810.544983000  8.100000000 0.037965644200
810.570007000  8.100000000 0.037404619200
810.594971000  8.100000000 0.036551497900
810.619995000  8.100000000 0.035414431200
810.644958000  8.100000000 0.034002322700
810.669983000  8.100000000 0.032324802100
810.695007000  8.100000000 0.030392175500
810.719971000  8.100000000 0.028215289100
810.744995000  8.100000000 0.025805411900
810.769958000  8.100000000 0.023174177900
810.794983000  8.100000000 0.020333508000
810.820007000  8.100000000 0.017295552400
810.844971000  8.100000000 0.014072829900
810.869995000  8.100000000 0.010678271800
810.894958000  8.100000000 0.007125270090
810.919983000  8.100000000 0.003427725750
810.945007000  8.100000000 -0.000399990415
810.969971000  8.100000000 -0.004343021200
810.994995000  8.100000000 -0.008386095990
811.019958000  8.100000000 -0.012513539800
811.044983000  8.100000000 -0.016709378000
811.070007000  8.100000000 -0.020957369400
811.094971000  8.100000000 -0.025241145900
811.119995000  8.100000000 -0.029544357200
811.144958000  8.100000000 -0.033850792800
811.169983000  8.100000000 -0.038144525100
811.195007000  8.100000000 -0.042409844700
811.219971000  8.100000000 -0.046631377200
811.244995000  8.100000000 -0.050794147000
811.269958000  8.100000000 -0.054883513600
811.294983000  8.100000000 -0.058885354500
811.320007000  8.100000000 -0.062786124600
811.344971000  8.100000000 -0.066572874800
811.369995000  8.100000000 -0.070233419500
811.394958000  8.100000000 -0.073756240300
811.419983000  8.100000000 -0.077130489100
811.445007000  8.100000000 -0.080345898900
811.469971000  8.100000000 -0.083392843600
811.494995000  8.100000000 -0.086262121800
811.519958000  8.100000000 -0.088945038600
811.544983000  8.100000000 -0.091433234500
811.570007000  8.100000000 -0.093718662900
811.594971000  8.100000000 -0.095793575000
811.619995000  8.100000000 -0.097650662100
811.644958000  8.100000000 -0.099282994900
811.669983000  8.100000000 -0.100684151000
811.695007000  8.100000000 -0.101848200000
811.719971000  8.100000000 -0.102769710000
811.744995000  8.100000000 -0.103443928000
811.769958000  8.100000000 -0.103866942000
811.794983000  8.100000000 -0.104035720000
811.820007000  8.100000000 -0.103948228000
811.844971000  8.100000000 -0.103603274000
811.869995000  8.100000000 -0.103000544000
811.894958000  8.100000000 -0.102140613000
811.919983000  8.100000000 -0.101024978000
811.945007000  8.100000000 -0.099656149700
811.969971000  8.100000000 -0.098037861300
811.994995000  8.100000000 -0.096175320400
812.019958000  8.100000000 -0.094075314700
812.044983000  8.100000000 -0.091746106700
812.070007000  8.100000000 -0.089197292900
812.094971000  8.100000000 -0.086439460500
812.119995000  8.100000000 -0.083484150500
812.144958000  8.100000000 -0.080343589200
812.169983000  8.100000000 -0.077030748100
812.195007000  8.100000000 -0.073559157600
812.219971000  8.100000000 -0.069942742600
812.244995000  8.100000000 -0.066195651900
812.269958000  8.100000000 -0.062332164500
812.294983000  8.100000000 -0.058366514700
812.320007000  8.100000000 -0.054312914600
812.344971000  8.100000000 -0.050185389800
812.369995000  8.100000000 -0.045997686700
812.394958000  8.100000000 -0.041763108200
812.419983000  8.100000000 -0.037494443400
812.445007000  8.100000000 -0.033203922200
812.469971000  8.100000000 -0.028903238500
812.494995000  8.100000000 -0.024603573600
812.519958000  8.100000000 -0.020315667600
812.544983000  8.100000000 -0.016049886100
812.570007000  8.100000000 -0.011816192400
812.594971000  8.100000000 -0.007624325340
812.619995000  8.100000000 -0.003483688920
812.644958000  8.100000000 0.000596517872
812.669983000  8.100000000 0.004607291890
812.695007000  8.100000000 0.008539765140
812.719971000  8.100000000 0.012385166300
812.744995000  8.100000000 0.016134839500
812.769958000  8.100000000 0.019780227900
812.794983000  8.100000000 0.023312779100
812.820007000  8.100000000 0.026723973500
812.844971000  8.100000000 0.030005458700
812.869995000  8.100000000 0.033148903400
812.894958000  8.100000000 0.036146197500
812.919983000  8.100000000 0.038989253300
812.945007000  8.100000000 0.041670177100
812.969971000  8.100000000 0.044181402800
812.994995000  8.100000000 0.046515781400
813.019958000  8.100000000 0.048666734200
813.044983000  8.100000000 0.050628278400
813.070007000  8.100000000 0.052395291600
813.094971000  8.100000000 0.053963359400
813.119995000  8.100000000 0.055329110500
813.144958000  8.100000000 0.056490007800
813.169983000  8.100000000 0.057444572400
813.195007000  8.100000000 0.058192372300
813.219971000  8.100000000 0.058733932700
813.244995000  8.100000000 0.059070725000
813.269958000  8.100000000 0.059205062700
813.294983000  8.100000000 0.059140104800
813.320007000  8.100000000 0.058879703300
813.344971000  8.100000000 0.058428388100
813.369995000  8.100000000 0.057791382100
813.394958000  8.100000000 0.056974481800
813.419983000  8.100000000 0.055983927100
813.445007000  8.100000000 0.054826643300
813.469971000  8.100000000 0.053509865000
813.494995000  8.100000000 0.052041277300
813.519958000  8.100000000 0.050428867300
813.544983000  8.100000000 0.048680629600
813.570007000  8.100000000 0.046804595700
813.594971000  8.100000000 0.044808719300
813.619995000  8.100000000 0.042700812200
813.644958000  8.100000000 0.040488418200
813.669983000  8.100000000 0.038178898400
813.695007000  8.100000000 0.035779200500
813.719971000  8.100000000 0.033295996500
813.744995000  8.100000000 0.030735533700
813.769958000  8.100000000 0.028103569500
813.794983000  8.100000000 0.025405433000
813.820007000  8.100000000 0.022645931700
813.844971000  8.100000000 0.019829196900
813.869995000  8.100000000 0.016958804800
813.894958000  8.100000000 0.014037670600
813.919983000  8.100000000 0.011068209100
813.945007000  8.100000000 0.008052328600
813.969971000  8.100000000 0.004991623570
813.994995000  8.100000000 0.001887354650
814.019958000  8.100000000 -0.001259341950
814.044983000  8.100000000 -0.004447422460
814.070007000  8.100000000 -0.007675816770
814.094971000  8.100000000 -0.010943349500
814.119995000  8.100000000 -0.014248622600
814.144958000  8.100000000 -0.017590060800
814.169983000  8.100000000 -0.020965751300
814.195007000  8.100000000 -0.024373523900
814.219971000  8.100000000 -0.027810892100
814.244995000  8.100000000 -0.031275123400
814.269958000  8.100000000 -0.034763190900
814.294983000  8.100000000 -0.038271918900
814.320007000  8.100000000 -0.041797988100
814.344971000  8.100000000 -0.045338083100
814.369995000  8.100000000 -0.048889037200
814.394958000  8.100000000 -0.052447751200
814.419983000  8.100000000 -0.056011229800
814.445007000  8.100000000 -0.059576548600
814.469971000  8.100000000 -0.063140809500
814.494995000  8.100000000 -0.066701166300
814.519958000  8.100000000 -0.070254780400
814.544983000  8.100000000 -0.073798842700
814.570007000  8.100000000 -0.077330403000
814.594971000  8.100000000 -0.080846436300
814.619995000  8.100000000 -0.084343798500
814.644958000  8.100000000 -0.087819121800
814.669983000  8.100000000 -0.091268777800
814.695007000  8.100000000 -0.094688855100
814.719971000  8.100000000 -0.098075054600
814.744995000  8.100000000 -0.101422809000
814.769958000  8.100000000 -0.104727201000
814.794983000  8.100000000 -0.107982911000
814.820007000  8.100000000 -0.111184373000
814.844971000  8.100000000 -0.114325598000
814.869995000  8.100000000 -0.117400281000
814.894958000  8.100000000 -0.120401859000
814.919983000  8.100000000 -0.123323485000
814.945007000  8.100000000 -0.126158103000
814.969971000  8.100000000 -0.128898516000
814.994995000  8.100000000 -0.131537512000
815.019958000  8.100000000 -0.134067938000
815.044983000  8.100000000 -0.136482716000
815.070007000  8.100000000 -0.138775036000
815.094971000  8.100000000 -0.140938267000
815.119995000  8.100000000 -0.142965987000
815.144958000  8.100000000 -0.144852147000
815.169983000  8.100000000 -0.146591127000
815.195007000  8.100000000 -0.148177728000
815.219971000  8.100000000 -0.149607182000
815.244995000  8.100000000 -0.150875062000
815.269958000  8.100000000 -0.151977435000
815.294983000  8.100000000 -0.152910680000
815.320007000  8.100000000 -0.153671607000
815.344971000  8.100000000 -0.154257402000
815.369995000  8.100000000 -0.154665649000
815.394958000  8.100000000 -0.154894218000
815.419983000  8.100000000 -0.154941171000
815.445007000  8.100000000 -0.154804915000
815.469971000  8.100000000 -0.154483974000
815.494995000  8.100000000 -0.153977081000
815.519958000  8.100000000 -0.153283149000
815.544983000  8.100000000 -0.152401254000
815.570007000  8.100000000 -0.151330620000
815.594971000  8.100000000 -0.150070727000
815.619995000  8.100000000 -0.148621142000
815.644958000  8.100000000 -0.146981776000
815.669983000  8.100000000 -0.145152748000
815.695007000  8.100000000 -0.143134430000
815.719971000  8.100000000 -0.140927508000
815.744995000  8.100000000 -0.138532996000
815.769958000  8.100000000 -0.135952160000
815.794983000  8.100000000 -0.133186653000
815.820007000  8.100000000 -0.130238399000
815.844971000  8.100000000 -0.127110019000
815.869995000  8.100000000 -0.123804741000
815.894958000  8.100000000 -0.120326534000
815.919983000  8.100000000 -0.116679974000
815.945007000  8.100000000 -0.112870216000
815.969971000  8.100000000 -0.108903065000
815.994995000  8.100000000 -0.104785055000
816.019958000  8.100000000 -0.100523628000
816.044983000  8.100000000 -0.096127219500
816.070007000  8.100000000 -0.091605357800
816.094971000  8.100000000 -0.086968660400
816.119995000  8.100000000 -0.082228846800
816.144958000  8.100000000 -0.077398769600
816.169983000  8.100000000 -0.072492428100
816.195007000  8.100000000 -0.067525111100
816.219971000  8.100000000 -0.062513351400
816.244995000  8.100000000 -0.057474974500
816.269958000  8.100000000 -0.052429106100
816.294983000  8.100000000 -0.047396067500
816.320007000  8.100000000 -0.042397279300
816.344971000  8.100000000 -0.037455119200
816.369995000  8.100000000 -0.032592725000
816.394958000  8.100000000 -0.027833772800
816.419983000  8.100000000 -0.023202220000
816.445007000  8.100000000 -0.018722159800
816.469971000  8.100000000 -0.014417585900
816.494995000  8.100000000 -0.010312237800
816.519958000  8.100000000 -0.006429360710
816.544983000  8.100000000 -0.002791514390
816.570007000  8.100000000 0.000579707092
816.594971000  8.100000000 0.003663824410
816.619995000  8.100000000 0.006441656500
816.644958000  8.100000000 0.008895487520
816.669983000  8.100000000 0.011009272200
816.695007000  8.100000000 0.012768543300
816.719971000  8.100000000 0.014160794200
816.744995000  8.100000000 0.015175411500
816.769958000  8.100000000 0.015803726400
816.794983000  8.100000000 0.016039175900
816.820007000  8.100000000 0.015877110900
816.844971000  8.100000000 0.015314900300
816.869995000  8.100000000 0.014351913700
816.894958000  8.100000000 0.012989564800
816.919983000  8.100000000 0.011231324600
816.945007000  8.100000000 0.009082684290
816.969971000  8.100000000 0.006551192610
816.994995000  8.100000000 0.003646333470
817.019958000  8.100000000 0.000379323959
817.044983000  8.100000000 -0.003236970630
817.070007000  8.100000000 -0.007188248910
817.094971000  8.100000000 -0.011458928700
817.119995000  8.100000000 -0.016032179800
817.144958000  8.100000000 -0.020890060800
817.169983000  8.100000000 -0.026013538200
817.195007000  8.100000000 -0.031382560700
817.219971000  8.100000000 -0.036976199600
817.244995000  8.100000000 -0.042772725200
817.269958000  8.100000000 -0.048749778400
817.294983000  8.100000000 -0.054884471000
817.320007000  8.100000000 -0.061153512400
817.344971000  8.100000000 -0.067533277000
817.369995000  8.100000000 -0.073999926400
817.394958000  8.100000000 -0.080529503500
817.419983000  8.100000000 -0.087097980100
817.445007000  8.100000000 -0.093681544100
817.469971000  8.100000000 -0.100256681000
817.494995000  8.100000000 -0.106800281000
817.519958000  8.100000000 -0.113289990000
817.544983000  8.100000000 -0.119704194000
817.570007000  8.100000000 -0.126022175000
817.594971000  8.100000000 -0.132224351000
817.619995000  8.100000000 -0.138292253000
817.644958000  8.100000000 -0.144208714000
817.669983000  8.100000000 -0.149957865000
817.695007000  8.100000000 -0.155525282000
817.719971000  8.100000000 -0.160897732000
817.744995000  8.100000000 -0.166063562000
817.769958000  8.100000000 -0.171012014000
817.794983000  8.100000000 -0.175733685000
817.820007000  8.100000000 -0.180220246000
817.844971000  8.100000000 -0.184464291000
817.869995000  8.100000000 -0.188459322000
817.894958000  8.100000000 -0.192199871000
817.919983000  8.100000000 -0.195681229000
817.945007000  8.100000000 -0.198899552000
817.969971000  8.100000000 -0.201851681000
817.994995000  8.100000000 -0.204535335000
818.019958000  8.100000000 -0.206948817000
818.044983000  8.100000000 -0.209091246000
818.070007000  8.100000000 -0.210962489000
818.094971000  8.100000000 -0.212563053000
818.119995000  8.100000000 -0.213894382000
818.144958000  8.100000000 -0.214958549000
818.169983000  8.100000000 -0.215758517000
818.195007000  8.100000000 -0.216298088000
818.219971000  8.100000000 -0.216582030000
818.244995000  8.100000000 -0.216615826000
818.269958000  8.100000000 -0.216405839000
818.294983000  8.100000000 -0.215959102000
818.320007000  8.100000000 -0.215283424000
818.344971000  8.100000000 -0.214387447000
818.369995000  8.100000000 -0.213280350000
818.394958000  8.100000000 -0.211971834000
818.419983000  8.100000000 -0.210472286000
818.445007000  8.100000000 -0.208792552000
818.469971000  8.100000000 -0.206943959000
818.494995000  8.100000000 -0.204938442000
818.519958000  8.100000000 -0.202787995000
818.544983000  8.100000000 -0.200505197000
818.570007000  8.100000000 -0.198102862000
818.594971000  8.100000000 -0.195593938000
818.619995000  8.100000000 -0.192991376000
818.644958000  8.100000000 -0.190308258000
818.669983000  8.100000000 -0.187557846000
818.695007000  8.100000000 -0.184753165000
818.719971000  8.100000000 -0.181907475000
818.744995000  8.100000000 -0.179033875000
818.769958000  8.100000000 -0.176145568000
818.794983000  8.100000000 -0.173255816000
818.820007000  8.100000000 -0.170377553000
818.844971000  8.100000000 -0.167523444000
818.869995000  8.100000000 -0.164706081000
818.894958000  8.100000000 -0.161937311000
818.919983000  8.100000000 -0.159228429000
818.945007000  8.100000000 -0.156590208000
818.969971000  8.100000000 -0.154032558000
818.994995000  8.100000000 -0.151564464000
819.019958000  8.100000000 -0.149194196000
819.044983000  8.100000000 -0.146929175000
819.070007000  8.100000000 -0.144775927000
819.094971000  8.100000000 -0.142740116000
819.119995000  8.100000000 -0.140826330000
819.144958000  8.100000000 -0.139038369000
819.169983000  8.100000000 -0.137379155000
819.195007000  8.100000000 -0.135850742000
819.219971000  8.100000000 -0.134454414000
819.244995000  8.100000000 -0.133191213000
819.269958000  8.100000000 -0.132061064000
819.294983000  8.100000000 -0.131063759000
819.320007000  8.100000000 -0.130198509000
819.344971000  8.100000000 -0.129464194000
819.369995000  8.100000000 -0.128859565000
819.394958000  8.100000000 -0.128382832000
819.419983000  8.100000000 -0.128032282000
819.445007000  8.100000000 -0.127805740000
819.469971000  8.100000000 -0.127701283000
819.494995000  8.100000000 -0.127716571000
819.519958000  8.100000000 -0.127849355000
819.544983000  8.100000000 -0.128097355000
819.570007000  8.100000000 -0.128458232000
819.594971000  8.100000000 -0.128929824000
819.619995000  8.100000000 -0.129509851000
819.644958000  8.100000000 -0.130196109000
819.669983000  8.100000000 -0.130986542000
819.695007000  8.100000000 -0.131878942000
819.719971000  8.100000000 -0.132871449000
819.744995000  8.100000000 -0.133962050000
819.769958000  8.100000000 -0.135148689000
819.794983000  8.100000000 -0.136429533000
819.820007000  8.100000000 -0.137802437000
819.844971000  8.100000000 -0.139265418000
819.869995000  8.100000000 -0.140816331000
819.894958000  8.100000000 -0.142452836000
819.919983000  8.100000000 -0.144172236000
819.945007000  8.100000000 -0.145971552000
819.969971000  8.100000000 -0.147847056000
819.994995000  8.100000000 -0.149794132000
820.019958000  8.100000000 -0.151807651000
820.044983000  8.100000000 -0.153881237000
820.070007000  8.100000000 -0.156007484000
820.094971000  8.100000000 -0.158178225000
820.119995000  8.100000000 -0.160383776000
820.144958000  8.100000000 -0.162613675000
820.169983000  8.100000000 -0.164856359000
820.195007000  8.100000000 -0.167099282000
820.219971000  8.100000000 -0.169328988000
820.244995000  8.100000000 -0.171531335000
820.269958000  8.100000000 -0.173691630000
820.294983000  8.100000000 -0.175794736000
820.320007000  8.100000000 -0.177825257000
820.344971000  8.100000000 -0.179768085000
820.369995000  8.100000000 -0.181607977000
820.394958000  8.100000000 -0.183330387000
820.419983000  8.100000000 -0.184920982000
820.445007000  8.100000000 -0.186366454000
820.469971000  8.100000000 -0.187654227000
820.494995000  8.100000000 -0.188772574000
820.519958000  8.100000000 -0.189711079000
820.544983000  8.100000000 -0.190460309000
820.570007000  8.100000000 -0.191012323000
820.594971000  8.100000000 -0.191360563000
820.619995000  8.100000000 -0.191499755000
820.644958000  8.100000000 -0.191426232000
820.669983000  8.100000000 -0.191137895000
820.695007000  8.100000000 -0.190633982000
820.719971000  8.100000000 -0.189915285000
820.744995000  8.100000000 -0.188983992000
820.769958000  8.100000000 -0.187843472000
820.794983000  8.100000000 -0.186498761000
820.820007000  8.100000000 -0.184955716000
820.844971000  8.100000000 -0.183221608000
820.869995000  8.100000000 -0.181304544000
820.894958000  8.100000000 -0.179213747000
820.919983000  8.100000000 -0.176958725000
820.945007000  8.100000000 -0.174549848000
820.969971000  8.100000000 -0.171997726000
820.994995000  8.100000000 -0.169313371000
821.019958000  8.100000000 -0.166507810000
821.044983000  8.100000000 -0.163592219000
821.070007000  8.100000000 -0.160577670000
821.094971000  8.100000000 -0.157475188000
821.119995000  8.100000000 -0.154295355000
821.144958000  8.100000000 -0.151048541000
821.169983000  8.100000000 -0.147744462000
821.195007000  8.100000000 -0.144392416000
821.219971000  8.100000000 -0.141000852000
821.244995000  8.100000000 -0.137577847000
821.269958000  8.100000000 -0.134130880000
821.294983000  8.100000000 -0.130666703000
821.320007000  8.100000000 -0.127191529000
821.344971000  8.100000000 -0.123711132000
821.369995000  8.100000000 -0.120230548000
821.394958000  8.100000000 -0.116754457000
821.419983000  8.100000000 -0.113286898000
821.445007000  8.100000000 -0.109831579000
821.469971000  8.100000000 -0.106391661000
821.494995000  8.100000000 -0.102970123000
821.519958000  8.100000000 -0.099569305800
821.544983000  8.100000000 -0.096191242300
821.570007000  8.100000000 -0.092837832900
821.594971000  8.100000000 -0.089510366300
821.619995000  8.100000000 -0.086210049700
821.644958000  8.100000000 -0.082937605700
821.669983000  8.100000000 -0.079693667600
821.695007000  8.100000000 -0.076478533400
821.719971000  8.100000000 -0.073292329900
821.744995000  8.100000000 -0.070134930300
821.769958000  8.100000000 -0.067006044100
821.794983000  8.100000000 -0.063905060300
821.820007000  8.100000000 -0.060831215200
821.844971000  8.100000000 -0.057783439800
821.869995000  8.100000000 -0.054760363000
821.894958000  8.100000000 -0.051760580400
821.919983000  8.100000000 -0.048782303900
821.945007000  8.100000000 -0.045823700700
821.969971000  8.100000000 -0.042882926800
821.994995000  8.100000000 -0.039957847400
822.019958000  8.100000000 -0.037046335600
822.044983000  8.100000000 -0.034146353600
822.070007000  8.100000000 -0.031255908300
822.094971000  8.100000000 -0.028373187400
822.119995000  8.100000000 -0.025496574100
822.144958000  8.100000000 -0.022624766500
822.169983000  8.100000000 -0.019756726900
822.195007000  8.100000000 -0.016891904200
822.219971000  8.100000000 -0.014030087700
822.244995000  8.100000000 -0.011171467600
822.269958000  8.100000000 -0.008316555060
822.294983000  8.100000000 -0.005466172940
822.320007000  8.100000000 -0.002621243010
822.344971000  8.100000000 0.000217172405
822.369995000  8.100000000 0.003048018090
822.394958000  8.100000000 0.005870290570
822.419983000  8.100000000 0.008683213030
822.445007000  8.100000000 0.011486211800
822.469971000  8.100000000 0.014279073100
822.494995000  8.100000000 0.017062006500
822.519958000  8.100000000 0.019835710500
822.544983000  8.100000000 0.022601500200
822.570007000  8.100000000 0.025361392600
822.594971000  8.100000000 0.028118098200
822.619995000  8.100000000 0.030875191100
822.644958000  8.100000000 0.033636920200
822.669983000  8.100000000 0.036408264200
822.695007000  8.100000000 0.039194896800
822.719971000  8.100000000 0.042003076500
822.744995000  8.100000000 0.044839598200
822.769958000  8.100000000 0.047711640600
822.794983000  8.100000000 0.050626639300
822.820007000  8.100000000 0.053592182700
822.844971000  8.100000000 0.056615799700
822.869995000  8.100000000 0.059704918400
822.894958000  8.100000000 0.062866732500
822.919983000  8.100000000 0.066107980900
822.945007000  8.100000000 0.069435119600
822.969971000  8.100000000 0.072854116600
822.994995000  8.100000000 0.076370425500
823.019958000  8.100000000 0.079989045900
823.044983000  8.100000000 0.083714291500
823.070007000  8.100000000 0.087549909900
823.094971000  8.100000000 0.091498896500
823.119995000  8.100000000 0.095563642700
823.144958000  8.100000000 0.099745735500
823.169983000  8.100000000 0.104045972000
823.195007000  8.100000000 0.108464390000
823.219971000  8.100000000 0.113000311000
823.244995000  8.100000000 0.117652118000
823.269958000  8.100000000 0.122417368000
823.294983000  8.100000000 0.127292722000
823.320007000  8.100000000 0.132274076000
823.344971000  8.100000000 0.137356281000
823.369995000  8.100000000 0.142533362000
823.394958000  8.100000000 0.147798702000
823.419983000  8.100000000 0.153144687000
823.445007000  8.100000000 0.158562943000
823.469971000  8.100000000 0.164044380000
823.494995000  8.100000000 0.169579044000
823.519958000  8.100000000 0.175156310000
823.544983000  8.100000000 0.180764958000
823.570007000  8.100000000 0.186393112000
823.594971000  8.100000000 0.192028582000
823.619995000  8.100000000 0.197658837000
823.644958000  8.100000000 0.203271076000
823.669983000  8.100000000 0.208852649000
823.695007000  8.100000000 0.214390963000
823.719971000  8.100000000 0.219873726000
823.744995000  8.100000000 0.225288898000
823.769958000  8.100000000 0.230625063000
823.794983000  8.100000000 0.235871181000
823.820007000  8.100000000 0.241017029000
823.844971000  8.100000000 0.246053055000
823.869995000  8.100000000 0.250970513000
823.894958000  8.100000000 0.255761862000
823.919983000  8.100000000 0.260420412000
823.945007000  8.100000000 0.264940947000
823.969971000  8.100000000 0.269319266000
823.994995000  8.100000000 0.273552597000
824.019958000  8.100000000 0.277639270000
824.044983000  8.100000000 0.281579137000
824.070007000  8.100000000 0.285372883000
824.094971000  8.100000000 0.289022237000
824.119995000  8.100000000 0.292530298000
824.144958000  8.100000000 0.295900196000
824.169983000  8.100000000 0.299136400000
824.195007000  8.100000000 0.302243382000
824.219971000  8.100000000 0.305225998000
824.244995000  8.100000000 0.308089226000
824.269958000  8.100000000 0.310837984000
824.294983000  8.100000000 0.313477099000
824.320007000  8.100000000 0.316010863000
824.344971000  8.100000000 0.318443418000
824.369995000  8.100000000 0.320777982000
824.394958000  8.100000000 0.323017687000
824.419983000  8.100000000 0.325164676000
824.445007000  8.100000000 0.327220917000
824.469971000  8.100000000 0.329187393000
824.494995000  8.100000000 0.331064850000
824.519958000  8.100000000 0.332853585000
824.544983000  8.100000000 0.334553361000
824.570007000  8.100000000 0.336164087000
824.594971000  8.100000000 0.337685525000
824.619995000  8.100000000 0.339117140000
824.644958000  8.100000000 0.340459496000
824.669983000  8.100000000 0.341712505000
824.695007000  8.100000000 0.342877537000
824.719971000  8.100000000 0.343956232000
824.744995000  8.100000000 0.344951332000
824.769958000  8.100000000 0.345865786000
824.794983000  8.100000000 0.346703887000
824.820007000  8.100000000 0.347470403000
824.844971000  8.100000000 0.348170906000
824.869995000  8.100000000 0.348811567000
824.894958000  8.100000000 0.349398971000
824.919983000  8.100000000 0.349939883000
824.945007000  8.100000000 0.350441247000
824.969971000  8.100000000 0.350910097000
824.994995000  8.100000000 0.351353019000
825.019958000  8.100000000 0.351776570000
825.044983000  8.100000000 0.352186501000
825.070007000  8.100000000 0.352588624000
825.094971000  8.100000000 0.352987736000
825.119995000  8.100000000 0.353388220000
825.144958000  8.100000000 0.353793740000
825.169983000  8.100000000 0.354207337000
825.195007000  8.100000000 0.354631603000
825.219971000  8.100000000 0.355068743000
825.244995000  8.100000000 0.355520129000
825.269958000  8.100000000 0.355987102000
825.294983000  8.100000000 0.356469959000
825.320007000  8.100000000 0.356969297000
825.344971000  8.100000000 0.357484698000
825.369995000  8.100000000 0.358015567000
825.394958000  8.100000000 0.358560950000
825.419983000  8.100000000 0.359119356000
825.445007000  8.100000000 0.359688789000
825.469971000  8.100000000 0.360266656000
825.494995000  8.100000000 0.360849798000
825.519958000  8.100000000 0.361434519000
825.544983000  8.100000000 0.362016499000
825.570007000  8.100000000 0.362590790000
825.594971000  8.100000000 0.363152236000
825.619995000  8.100000000 0.363694936000
825.644958000  8.100000000 0.364212930000
825.669983000  8.100000000 0.364699692000
825.695007000  8.100000000 0.365148723000
825.719971000  8.100000000 0.365553409000
825.744995000  8.100000000 0.365906745000
825.769958000  8.100000000 0.366202205000
825.794983000  8.100000000 0.366433531000
825.820007000  8.100000000 0.366594493000
825.844971000  8.100000000 0.366679728000
825.869995000  8.100000000 0.366684645000
825.894958000  8.100000000 0.366604626000
825.919983000  8.100000000 0.366436601000
825.945007000  8.100000000 0.366177648000
825.969971000  8.100000000 0.365826041000
825.994995000  8.100000000 0.365380645000
826.019958000  8.100000000 0.364841044000
826.044983000  8.100000000 0.364207506000
826.070007000  8.100000000 0.363481194000
826.094971000  8.100000000 0.362663299000
826.119995000  8.100000000 0.361755997000
826.144958000  8.100000000 0.360761523000
826.169983000  8.100000000 0.359682590000
826.195007000  8.100000000 0.358521998000
826.219971000  8.100000000 0.357282817000
826.244995000  8.100000000 0.355967909000
826.269958000  8.100000000 0.354580343000
826.294983000  8.100000000 0.353123039000
826.320007000  8.100000000 0.351598710000
826.344971000  8.100000000 0.350009888000
826.369995000  8.100000000 0.348359227000
826.394958000  8.100000000 0.346648991000
826.419983000  8.100000000 0.344881326000
826.445007000  8.100000000 0.343058378000
826.469971000  8.100000000 0.341182083000
826.494995000  8.100000000 0.339254141000
826.519958000  8.100000000 0.337276161000
826.544983000  8.100000000 0.335249662000
826.570007000  8.100000000 0.333175540000
826.594971000  8.100000000 0.331054747000
826.619995000  8.100000000 0.328887522000
826.644958000  8.100000000 0.326673716000
826.669983000  8.100000000 0.324413121000
826.695007000  8.100000000 0.322104514000
826.719971000  8.100000000 0.319746733000
826.744995000  8.100000000 0.317338049000
826.769958000  8.100000000 0.314876616000
826.794983000  8.100000000 0.312360108000
826.820007000  8.100000000 0.309786081000
826.844971000  8.100000000 0.307152063000
826.869995000  8.100000000 0.304455131000
826.894958000  8.100000000 0.301692635000
826.919983000  8.100000000 0.298861533000
826.945007000  8.100000000 0.295959026000
826.969971000  8.100000000 0.292982399000
826.994995000  8.100000000 0.289929062000
827.019958000  8.100000000 0.286796600000
827.044983000  8.100000000 0.283582896000
827.070007000  8.100000000 0.280286163000
827.094971000  8.100000000 0.276904911000
827.119995000  8.100000000 0.273437858000
827.144958000  8.100000000 0.269884318000
827.169983000  8.100000000 0.266243786000
827.195007000  8.100000000 0.262515873000
827.219971000  8.100000000 0.258700907000
827.244995000  8.100000000 0.254799306000
827.269958000  8.100000000 0.250811696000
827.294983000  8.100000000 0.246739089000
827.320007000  8.100000000 0.242582664000
827.344971000  8.100000000 0.238344073000
827.369995000  8.100000000 0.234025046000
827.394958000  8.100000000 0.229627490000
827.419983000  8.100000000 0.225153655000
827.445007000  8.100000000 0.220605850000
827.469971000  8.100000000 0.215986460000
827.494995000  8.100000000 0.211297974000
827.519958000  8.100000000 0.206542894000
827.544983000  8.100000000 0.201723665000
827.570007000  8.100000000 0.196842700000
827.594971000  8.100000000 0.191902474000
827.619995000  8.100000000 0.186905161000
827.644958000  8.100000000 0.181853324000
827.669983000  8.100000000 0.176749304000
827.695007000  8.100000000 0.171595752000
827.719971000  8.100000000 0.166395321000
827.744995000  8.100000000 0.161150873000
827.769958000  8.100000000 0.155865446000
827.794983000  8.100000000 0.150542319000
827.820007000  8.100000000 0.145185202000
827.844971000  8.100000000 0.139797851000
827.869995000  8.100000000 0.134384498000
827.894958000  8.100000000 0.128949508000
827.919983000  8.100000000 0.123497695000
827.945007000  8.100000000 0.118034013000
827.969971000  8.100000000 0.112563595000
827.994995000  8.100000000 0.107091799000
828.019958000  8.100000000 0.101624258000
828.044983000  8.100000000 0.096166700100
828.070007000  8.100000000 0.090725109000
828.094971000  8.100000000 0.085305623700
828.119995000  8.100000000 0.079914599700
828.144958000  8.100000000 0.074558608200
828.169983000  8.100000000 0.069244444400
828.195007000  8.100000000 0.063979171200
828.219971000  8.100000000 0.058769933900
828.244995000  8.100000000 0.053624019000
828.269958000  8.100000000 0.048548761800
828.294983000  8.100000000 0.043551415200
828.320007000  8.100000000 0.038639076100
828.344971000  8.100000000 0.033818651000
828.369995000  8.100000000 0.029096588500
828.394958000  8.100000000 0.024478951500
828.419983000  8.100000000 0.019971117400
828.445007000  8.100000000 0.015577810800
828.469971000  8.100000000 0.011302844600
828.494995000  8.100000000 0.007149113810
828.519958000  8.100000000 0.003118459370
828.544983000  8.100000000 -0.000788315665
828.570007000  8.100000000 -0.004571570550
828.594971000  8.100000000 -0.008232811470
828.619995000  8.100000000 -0.011774699200
828.644958000  8.100000000 -0.015201238000
828.669983000  8.100000000 -0.018517468100
828.695007000  8.100000000 -0.021729527000
828.719971000  8.100000000 -0.024844603600
828.744995000  8.100000000 -0.027870643900
828.769958000  8.100000000 -0.030816413500
828.794983000  8.100000000 -0.033691275900
828.820007000  8.100000000 -0.036505177600
828.844971000  8.100000000 -0.039268564400
828.869995000  8.100000000 -0.041992310400
828.894958000  8.100000000 -0.044687546800
828.919983000  8.100000000 -0.047365598400
828.945007000  8.100000000 -0.050037775200
828.969971000  8.100000000 -0.052715346200
828.994995000  8.100000000 -0.055409312200
829.019958000  8.100000000 -0.058130376000
829.044983000  8.100000000 -0.060888771000
829.070007000  8.100000000 -0.063694097100
829.094971000  8.100000000 -0.066555127500
829.119995000  8.100000000 -0.069479666700
829.144958000  8.100000000 -0.072474278500
829.169983000  8.100000000 -0.075544223200
829.195007000  8.100000000 -0.078693226000
829.219971000  8.100000000 -0.081923537000
829.244995000  8.100000000 -0.085235782000
829.269958000  8.100000000 -0.088629014800
829.294983000  8.100000000 -0.092100732000
829.320007000  8.100000000 -0.095646888000
829.344971000  8.100000000 -0.099261887400
829.369995000  8.100000000 -0.102938764000
829.394958000  8.100000000 -0.106669240000
829.419983000  8.100000000 -0.110443808000
829.445007000  8.100000000 -0.114252001000
829.469971000  8.100000000 -0.118082419000
829.494995000  8.100000000 -0.121922955000
829.519958000  8.100000000 -0.125760987000
829.544983000  8.100000000 -0.129583433000
829.570007000  8.100000000 -0.133377030000
829.594971000  8.100000000 -0.137128353000
829.619995000  8.100000000 -0.140824065000
829.644958000  8.100000000 -0.144450799000
829.669983000  8.100000000 -0.147995383000
829.695007000  8.100000000 -0.151444837000
829.719971000  8.100000000 -0.154786289000
829.744995000  8.100000000 -0.158007234000
829.769958000  8.100000000 -0.161095262000
829.794983000  8.100000000 -0.164038330000
829.820007000  8.100000000 -0.166824654000
829.844971000  8.100000000 -0.169442937000
829.869995000  8.100000000 -0.171882257000
829.894958000  8.100000000 -0.174132466000
829.919983000  8.100000000 -0.176184028000
829.945007000  8.100000000 -0.178028449000
829.969971000  8.100000000 -0.179658353000
829.994995000  8.100000000 -0.181067690000
830.019958000  8.100000000 -0.182251871000
830.044983000  8.100000000 -0.183207855000
830.070007000  8.100000000 -0.183934376000
830.094971000  8.100000000 -0.184431896000
830.119995000  8.100000000 -0.184702620000
830.144958000  8.100000000 -0.184750646000
830.169983000  8.100000000 -0.184581652000
830.195007000  8.100000000 -0.184203193000
830.219971000  8.100000000 -0.183624372000
830.244995000  8.100000000 -0.182855874000
830.269958000  8.100000000 -0.181909695000
830.294983000  8.100000000 -0.180799335000
830.320007000  8.100000000 -0.179539010000
830.344971000  8.100000000 -0.178144127000
830.369995000  8.100000000 -0.176630691000
830.394958000  8.100000000 -0.175015166000
830.419983000  8.100000000 -0.173314691000
830.445007000  8.100000000 -0.171546504000
830.469971000  8.100000000 -0.169728100000
830.494995000  8.100000000 -0.167877197000
830.519958000  8.100000000 -0.166011378000
830.544983000  8.100000000 -0.164148390000
830.570007000  8.100000000 -0.162305415000
830.594971000  8.100000000 -0.160499528000
830.619995000  8.100000000 -0.158747062000
830.644958000  8.100000000 -0.157063931000
830.669983000  8.100000000 -0.155465201000
830.695007000  8.100000000 -0.153965399000
830.719971000  8.100000000 -0.152578071000
830.744995000  8.100000000 -0.151316032000
830.769958000  8.100000000 -0.150190979000
830.794983000  8.100000000 -0.149213716000
830.820007000  8.100000000 -0.148393929000
830.844971000  8.100000000 -0.147740081000
830.869995000  8.100000000 -0.147259593000
830.894958000  8.100000000 -0.146958664000
830.919983000  8.100000000 -0.146842182000
830.945007000  8.100000000 -0.146914020000
830.969971000  8.100000000 -0.147176802000
830.994995000  8.100000000 -0.147631824000
831.019958000  8.100000000 -0.148279339000
831.044983000  8.100000000 -0.149118349000
831.070007000  8.100000000 -0.150146693000
831.094971000  8.100000000 -0.151361063000
831.119995000  8.100000000 -0.152757004000
831.144958000  8.100000000 -0.154328868000
831.169983000  8.100000000 -0.156070232000
831.195007000  8.100000000 -0.157973424000
831.219971000  8.100000000 -0.160030037000
831.244995000  8.100000000 -0.162230670000
831.269958000  8.100000000 -0.164565265000
831.294983000  8.100000000 -0.167023227000
831.320007000  8.100000000 -0.169593140000
831.344971000  8.100000000 -0.172263160000
831.369995000  8.100000000 -0.175020903000
831.394958000  8.100000000 -0.177853525000
831.419983000  8.100000000 -0.180747852000
831.445007000  8.100000000 -0.183690056000
831.469971000  8.100000000 -0.186666206000
831.494995000  8.100000000 -0.189661965000
831.519958000  8.100000000 -0.192662686000
831.544983000  8.100000000 -0.195653528000
831.570007000  8.100000000 -0.198619649000
831.594971000  8.100000000 -0.201545745000
831.619995000  8.100000000 -0.204416797000
831.644958000  8.100000000 -0.207217485000
831.669983000  8.100000000 -0.209932730000
831.695007000  8.100000000 -0.212547332000
831.719971000  8.100000000 -0.215046242000
831.744995000  8.100000000 -0.217414349000
831.769958000  8.100000000 -0.219636694000
831.794983000  8.100000000 -0.221698493000
831.820007000  8.100000000 -0.223585218000
831.844971000  8.100000000 -0.225282818000
831.869995000  8.100000000 -0.226777911000
831.894958000  8.100000000 -0.228057548000
831.919983000  8.100000000 -0.229109764000
831.945007000  8.100000000 -0.229923308000
831.969971000  8.100000000 -0.230488047000
831.994995000  8.100000000 -0.230795056000
832.019958000  8.100000000 -0.230836719000
832.044983000  8.100000000 -0.230606914000
832.070007000  8.100000000 -0.230101272000
832.094971000  8.100000000 -0.229317337000
832.119995000  8.100000000 -0.228254318000
832.144958000  8.100000000 -0.226913482000
832.169983000  8.100000000 -0.225297913000
832.195007000  8.100000000 -0.223412693000
832.219971000  8.100000000 -0.221264780000
832.244995000  8.100000000 -0.218863115000
832.269958000  8.100000000 -0.216218293000
832.294983000  8.100000000 -0.213342875000
832.320007000  8.100000000 -0.210250974000
832.344971000  8.100000000 -0.206958428000
832.369995000  8.100000000 -0.203482747000
832.394958000  8.100000000 -0.199842706000
832.419983000  8.100000000 -0.196058571000
832.445007000  8.100000000 -0.192151755000
832.469971000  8.100000000 -0.188144952000
832.494995000  8.100000000 -0.184061602000
832.519958000  8.100000000 -0.179926187000
832.544983000  8.100000000 -0.175763458000
832.570007000  8.100000000 -0.171598583000
832.594971000  8.100000000 -0.167456940000
832.619995000  8.100000000 -0.163363189000
832.644958000  8.100000000 -0.159341991000
832.669983000  8.100000000 -0.155416802000
832.695007000  8.100000000 -0.151610315000
832.719971000  8.100000000 -0.147943661000
832.744995000  8.100000000 -0.144436717000
832.769958000  8.100000000 -0.141107202000
832.794983000  8.100000000 -0.137971103000
832.820007000  8.100000000 -0.135042116000
832.844971000  8.100000000 -0.132331774000
832.869995000  8.100000000 -0.129849225000
832.894958000  8.100000000 -0.127601460000
832.919983000  8.100000000 -0.125592962000
832.945007000  8.100000000 -0.123826332000
832.969971000  8.100000000 -0.122301981000
832.994995000  8.100000000 -0.121018417000
833.019958000  8.100000000 -0.119972534000
833.044983000  8.100000000 -0.119159624000
833.070007000  8.100000000 -0.118573256000
833.094971000  8.100000000 -0.118205830000
833.119995000  8.100000000 -0.118048318000
833.144958000  8.100000000 -0.118090332000
833.169983000  8.100000000 -0.118320614000
833.195007000  8.100000000 -0.118726790000
833.219971000  8.100000000 -0.119295746000
833.244995000  8.100000000 -0.120013639000
833.269958000  8.100000000 -0.120866016000
833.294983000  8.100000000 -0.121838070000
833.320007000  8.100000000 -0.122914635000
833.344971000  8.100000000 -0.124080256000
833.369995000  8.100000000 -0.125319585000
833.394958000  8.100000000 -0.126617387000
833.419983000  8.100000000 -0.127958700000
833.445007000  8.100000000 -0.129328847000
833.469971000  8.100000000 -0.130713791000
833.494995000  8.100000000 -0.132099822000
833.519958000  8.100000000 -0.133474186000
833.544983000  8.100000000 -0.134824544000
833.570007000  8.100000000 -0.136139318000
833.594971000  8.100000000 -0.137407660000
833.619995000  8.100000000 -0.138619542000
833.644958000  8.100000000 -0.139765605000
833.669983000  8.100000000 -0.140837193000
833.695007000  8.100000000 -0.141826525000
833.719971000  8.100000000 -0.142726555000
833.744995000  8.100000000 -0.143531010000
833.769958000  8.100000000 -0.144234508000
833.794983000  8.100000000 -0.144832283000
833.820007000  8.100000000 -0.145320475000
833.844971000  8.100000000 -0.145696014000
833.869995000  8.100000000 -0.145956442000
833.894958000  8.100000000 -0.146100149000
833.919983000  8.100000000 -0.146126151000
833.945007000  8.100000000 -0.146034092000
833.969971000  8.100000000 -0.145824164000
833.994995000  8.100000000 -0.145497099000
834.019958000  8.100000000 -0.145053774000
834.044983000  8.100000000 -0.144495562000
834.070007000  8.100000000 -0.143823758000
834.094971000  8.100000000 -0.143039957000
834.119995000  8.100000000 -0.142145559000
834.144958000  8.100000000 -0.141142011000
834.169983000  8.100000000 -0.140030548000
834.195007000  8.100000000 -0.138812169000
834.219971000  8.100000000 -0.137487635000
834.244995000  8.100000000 -0.136057585000
834.269958000  8.100000000 -0.134522393000
834.294983000  8.100000000 -0.132882103000
834.320007000  8.100000000 -0.131136939000
834.344971000  8.100000000 -0.129286662000
834.369995000  8.100000000 -0.127331078000
834.394958000  8.100000000 -0.125269920000
834.419983000  8.100000000 -0.123102821000
834.445007000  8.100000000 -0.120829418000
834.469971000  8.100000000 -0.118449375000
834.494995000  8.100000000 -0.115962312000
834.519958000  8.100000000 -0.113367788000
834.544983000  8.100000000 -0.110665478000
834.570007000  8.100000000 -0.107855074000
834.594971000  8.100000000 -0.104936235000
834.619995000  8.100000000 -0.101909012000
834.644958000  8.100000000 -0.098773576300
834.669983000  8.100000000 -0.095530465200
834.695007000  8.100000000 -0.092180602300
834.719971000  8.100000000 -0.088725164500
834.744995000  8.100000000 -0.085165694400
834.769958000  8.100000000 -0.081504069300
834.794983000  8.100000000 -0.077742464800
834.820007000  8.100000000 -0.073883265300
834.844971000  8.100000000 -0.069929197400
834.869995000  8.100000000 -0.065883159600
834.894958000  8.100000000 -0.061748214100
834.919983000  8.100000000 -0.057527702300
834.945007000  8.100000000 -0.053224977100
834.969971000  8.100000000 -0.048843830800
834.994995000  8.100000000 -0.044388283000
835.019958000  8.100000000 -0.039862666300
835.044983000  8.100000000 -0.035271678100
835.070007000  8.100000000 -0.030620424100
835.094971000  8.100000000 -0.025914497700
835.119995000  8.100000000 -0.021159935700
835.144958000  8.100000000 -0.016363287300
835.169983000  8.100000000 -0.011531587700
835.195007000  8.100000000 -0.006672325540
835.219971000  8.100000000 -0.001793461040
835.244995000  8.100000000 0.003096702970
835.269958000  8.100000000 0.007989480160
835.294983000  8.100000000 0.012875918300
835.320007000  8.100000000 0.017746837800
835.344971000  8.100000000 0.022592891000
835.369995000  8.100000000 0.027404632400
835.394958000  8.100000000 0.032172616600
835.419983000  8.100000000 0.036887485500
835.445007000  8.100000000 0.041540082500
835.469971000  8.100000000 0.046121526500
835.494995000  8.100000000 0.050623275300
835.519958000  8.100000000 0.055037066300
835.544983000  8.100000000 0.059354990700
835.570007000  8.100000000 0.063569404200
835.594971000  8.100000000 0.067673035000
835.619995000  8.100000000 0.071658931700
835.644958000  8.100000000 0.075520537800
835.669983000  8.100000000 0.079251594800
835.695007000  8.100000000 0.082846261600
835.719971000  8.100000000 0.086299069200
835.744995000  8.100000000 0.089604929100
835.769958000  8.100000000 0.092759169600
835.794983000  8.100000000 0.095757447200
835.820007000  8.100000000 0.098595760800
835.844971000  8.100000000 0.101270527000
835.869995000  8.100000000 0.103778504000
835.894958000  8.100000000 0.106116727000
835.919983000  8.100000000 0.108282752000
835.945007000  8.100000000 0.110274561000
835.969971000  8.100000000 0.112090610000
835.994995000  8.100000000 0.113729894000
836.019958000  8.100000000 0.115191936000
836.044983000  8.100000000 0.116476782000
836.070007000  8.100000000 0.117584869000
836.094971000  8.100000000 0.118516959000
836.119995000  8.100000000 0.119274125000
836.144958000  8.100000000 0.119857624000
836.169983000  8.100000000 0.120269008000
836.195007000  8.100000000 0.120509900000
836.219971000  8.100000000 0.120582290000
836.244995000  8.100000000 0.120488249000
836.269958000  8.100000000 0.120230339000
836.294983000  8.100000000 0.119811356000
836.320007000  8.100000000 0.119234703000
836.344971000  8.100000000 0.118504338000
836.369995000  8.100000000 0.117624760000
836.394958000  8.100000000 0.116601169000
836.419983000  8.100000000 0.115439512000
836.445007000  8.100000000 0.114146478000
836.469971000  8.100000000 0.112729378000
836.494995000  8.100000000 0.111196131000
836.519958000  8.100000000 0.109555326000
836.544983000  8.100000000 0.107815996000
836.570007000  8.100000000 0.105987772000
836.594971000  8.100000000 0.104080610000
836.619995000  8.100000000 0.102104865000
836.644958000  8.100000000 0.100071177000
836.669983000  8.100000000 0.097990244600
836.695007000  8.100000000 0.095872893900
836.719971000  8.100000000 0.093729905800
836.744995000  8.100000000 0.091571874900
836.769958000  8.100000000 0.089409418400
836.794983000  8.100000000 0.087252967100
836.820007000  8.100000000 0.085112735600
836.844971000  8.100000000 0.082998707900
836.869995000  8.100000000 0.080920644100
836.894958000  8.100000000 0.078887797900
836.919983000  8.100000000 0.076909020500
836.945007000  8.100000000 0.074992470400
836.969971000  8.100000000 0.073145732300
836.994995000  8.100000000 0.071375794700
837.019958000  8.100000000 0.069688886400
837.044983000  8.100000000 0.068090610200
837.070007000  8.100000000 0.066585816400
837.094971000  8.100000000 0.065178476300
837.119995000  8.100000000 0.063871853100
837.144958000  8.100000000 0.062668390600
837.169983000  8.100000000 0.061569903000
837.195007000  8.100000000 0.060577642200
837.219971000  8.100000000 0.059692300900
837.244995000  8.100000000 0.058914069100
837.269958000  8.100000000 0.058242760600
837.294983000  8.100000000 0.057677742100
837.320007000  8.100000000 0.057218067300
837.344971000  8.100000000 0.056862384100
837.369995000  8.100000000 0.056609030800
837.394958000  8.100000000 0.056455981000
837.419983000  8.100000000 0.056400891400
837.445007000  8.100000000 0.056440893600
837.469971000  8.100000000 0.056572787500
837.494995000  8.100000000 0.056792929800
837.519958000  8.100000000 0.057097174200
837.544983000  8.100000000 0.057480961100
837.570007000  8.100000000 0.057939238800
837.594971000  8.100000000 0.058466501500
837.619995000  8.100000000 0.059056941400
837.644958000  8.100000000 0.059704355900
837.669983000  8.100000000 0.060402460400
837.695007000  8.100000000 0.061144791500
837.719971000  8.100000000 0.061924923200
837.744995000  8.100000000 0.062736488900
837.769958000  8.100000000 0.063573226300
837.794983000  8.100000000 0.064429126700
837.820007000  8.100000000 0.065298497700
837.844971000  8.100000000 0.066176064300
837.869995000  8.100000000 0.067057028400
837.894958000  8.100000000 0.067937172900
837.919983000  8.100000000 0.068812951400
837.945007000  8.100000000 0.069681376200
837.969971000  8.100000000 0.070540130100
837.994995000  8.100000000 0.071387484700
838.019958000  8.100000000 0.072222456300
838.044983000  8.100000000 0.073044508700
838.070007000  8.100000000 0.073853805700
838.094971000  8.100000000 0.074651055000
838.119995000  8.100000000 0.075437493600
838.144958000  8.100000000 0.076214842500
838.169983000  8.100000000 0.076985247400
838.195007000  8.100000000 0.077751189500
838.219971000  8.100000000 0.078515313600
838.244995000  8.100000000 0.079280503100
838.269958000  8.100000000 0.080049522200
838.294983000  8.100000000 0.080825194700
838.320007000  8.100000000 0.081610128300
838.344971000  8.100000000 0.082406677300
838.369995000  8.100000000 0.083216935400
838.394958000  8.100000000 0.084042564000
838.419983000  8.100000000 0.084884680800
838.445007000  8.100000000 0.085743919000
838.469971000  8.100000000 0.086620345700
838.494995000  8.100000000 0.087513402100
838.519958000  8.100000000 0.088422000400
838.544983000  8.100000000 0.089344449300
838.570007000  8.100000000 0.090278618000
838.594971000  8.100000000 0.091221854100
838.619995000  8.100000000 0.092171162400
838.644958000  8.100000000 0.093123056000
838.669983000  8.100000000 0.094073817100
838.695007000  8.100000000 0.095019452300
838.719971000  8.100000000 0.095955751800
838.744995000  8.100000000 0.096878401900
838.769958000  8.100000000 0.097782917300
838.794983000  8.100000000 0.098664604100
838.820007000  8.100000000 0.099518731200
838.844971000  8.100000000 0.100340202000
838.869995000  8.100000000 0.101124063000
838.894958000  8.100000000 0.101865068000
838.919983000  8.100000000 0.102557965000
838.945007000  8.100000000 0.103197522000
838.969971000  8.100000000 0.103778414000
838.994995000  8.100000000 0.104295008000
839.019958000  8.100000000 0.104741700000
839.044983000  8.100000000 0.105112590000
839.070007000  8.100000000 0.105401613000
839.094971000  8.100000000 0.105602533000
839.119995000  8.100000000 0.105709031000
839.144958000  8.100000000 0.105714694000
839.169983000  8.100000000 0.105613269000
839.195007000  8.100000000 0.105398439000
839.219971000  8.100000000 0.105064258000
839.244995000  8.100000000 0.104604989000
839.269958000  8.100000000 0.104015194000
839.294983000  8.100000000 0.103289925000
839.320007000  8.100000000 0.102424428000
839.344971000  8.100000000 0.101414748000
839.369995000  8.100000000 0.100257441000
839.394958000  8.100000000 0.098949506900
839.419983000  8.100000000 0.097488850400
839.445007000  8.100000000 0.095873966800
839.469971000  8.100000000 0.094104133500
839.494995000  8.100000000 0.092179380400
839.519958000  8.100000000 0.090100623700
839.544983000  8.100000000 0.087869480300
839.570007000  8.100000000 0.085488423700
839.594971000  8.100000000 0.082960806800
839.619995000  8.100000000 0.080290786900
839.644958000  8.100000000 0.077483311300
839.669983000  8.100000000 0.074543975300
839.695007000  8.100000000 0.071479149200
839.719971000  8.100000000 0.068295761900
839.744995000  8.100000000 0.065001338700
839.769958000  8.100000000 0.061603702600
839.794983000  8.100000000 0.058111134900
839.820007000  8.100000000 0.054532185200
839.844971000  8.100000000 0.050875671200
839.869995000  8.100000000 0.047150749700
839.894958000  8.100000000 0.043366819600
839.919983000  8.100000000 0.039533462400
839.945007000  8.100000000 0.035660736300
839.969971000  8.100000000 0.031758710700
839.994995000  8.100000000 0.027837894900
840.019958000  8.100000000 0.023908892600
840.044983000  8.100000000 0.019982466500
840.070007000  8.100000000 0.016069384300
840.094971000  8.100000000 0.012180362800
840.119995000  8.100000000 0.008325961420
840.144958000  8.100000000 0.004516674670
840.169983000  8.100000000 0.000762726995
840.195007000  8.100000000 -0.002925864190
840.219971000  8.100000000 -0.006539429540
840.244995000  8.100000000 -0.010068611200
840.269958000  8.100000000 -0.013504284400
840.294983000  8.100000000 -0.016837602500
840.320007000  8.100000000 -0.020059797900
840.344971000  8.100000000 -0.023162184300
840.369995000  8.100000000 -0.026136314500
840.394958000  8.100000000 -0.028973991100
840.419983000  8.100000000 -0.031667504500
840.445007000  8.100000000 -0.034209735700
840.469971000  8.100000000 -0.036594249300
840.494995000  8.100000000 -0.038815349300
840.519958000  8.100000000 -0.040868241300
840.544983000  8.100000000 -0.042749043600
840.570007000  8.100000000 -0.044454984400
840.594971000  8.100000000 -0.045984376200
840.619995000  8.100000000 -0.047336686400
840.644958000  8.100000000 -0.048512645100
840.669983000  8.100000000 -0.049514163300
840.695007000  8.100000000 -0.050344388900
840.719971000  8.100000000 -0.051007594900
840.744995000  8.100000000 -0.051509063700
840.769958000  8.100000000 -0.051855064900
840.794983000  8.100000000 -0.052052788400
840.820007000  8.100000000 -0.052110277100
840.844971000  8.100000000 -0.052036285400
840.869995000  8.100000000 -0.051840301600
840.894958000  8.100000000 -0.051532402600
840.919983000  8.100000000 -0.051123175800
840.945007000  8.100000000 -0.050623588300
840.969971000  8.100000000 -0.050044857000
840.994995000  8.100000000 -0.049398310500
841.019958000  8.100000000 -0.048695299800
841.044983000  8.100000000 -0.047947071500
841.070007000  8.100000000 -0.047164671100
841.094971000  8.100000000 -0.046358823800
841.119995000  8.100000000 -0.045539908100
841.144958000  8.100000000 -0.044717811000
841.169983000  8.100000000 -0.043901890500
841.195007000  8.100000000 -0.043100852500
841.219971000  8.100000000 -0.042322706400
841.244995000  8.100000000 -0.041574653200
841.269958000  8.100000000 -0.040863093000
841.294983000  8.100000000 -0.040193606200
841.320007000  8.100000000 -0.039570920200
841.344971000  8.100000000 -0.038998920500
841.369995000  8.100000000 -0.038480673000
841.394958000  8.100000000 -0.038018539500
841.419983000  8.100000000 -0.037614129500
841.445007000  8.100000000 -0.037268407600
841.469971000  8.100000000 -0.036981623600
841.494995000  8.100000000 -0.036753363900
841.519958000  8.100000000 -0.036582626400
841.544983000  8.100000000 -0.036467988000
841.570007000  8.100000000 -0.036407720300
841.594971000  8.100000000 -0.036399852500
841.619995000  8.100000000 -0.036442142000
841.644958000  8.100000000 -0.036532092800
841.669983000  8.100000000 -0.036666885000
841.695007000  8.100000000 -0.036843512200
841.719971000  8.100000000 -0.037058778100
841.744995000  8.100000000 -0.037309341100
841.769958000  8.100000000 -0.037591744200
841.794983000  8.100000000 -0.037902362600
841.820007000  8.100000000 -0.038237515800
841.844971000  8.100000000 -0.038593486000
841.869995000  8.100000000 -0.038966633400
841.894958000  8.100000000 -0.039353240300
841.919983000  8.100000000 -0.039749659600
841.945007000  8.100000000 -0.040152151100
841.969971000  8.100000000 -0.040556885300
841.994995000  8.100000000 -0.040959943100
842.019958000  8.100000000 -0.041357282500
842.044983000  8.100000000 -0.041744723900
842.070007000  8.100000000 -0.042117945800
842.094971000  8.100000000 -0.042472723900
842.119995000  8.100000000 -0.042804911700
842.144958000  8.100000000 -0.043110687300
842.169983000  8.100000000 -0.043386597200
842.195007000  8.100000000 -0.043629609000
842.219971000  8.100000000 -0.043837185900
842.244995000  8.100000000 -0.044007364700
842.269958000  8.100000000 -0.044138867400
842.294983000  8.100000000 -0.044231053400
842.320007000  8.100000000 -0.044283948800
842.344971000  8.100000000 -0.044298373200
842.369995000  8.100000000 -0.044275872400
842.394958000  8.100000000 -0.044218778600
842.419983000  8.100000000 -0.044130053400
842.445007000  8.100000000 -0.044013135100
842.469971000  8.100000000 -0.043871685900
842.494995000  8.100000000 -0.043709557500
842.519958000  8.100000000 -0.043530840400
842.544983000  8.100000000 -0.043339997500
842.570007000  8.100000000 -0.043141696600
842.594971000  8.100000000 -0.042940728400
842.619995000  8.100000000 -0.042741917100
842.644958000  8.100000000 -0.042549751700
842.669983000  8.100000000 -0.042368404600
842.695007000  8.100000000 -0.042201742500
842.719971000  8.100000000 -0.042053144400
842.744995000  8.100000000 -0.041925635200
842.769958000  8.100000000 -0.041821718200
842.794983000  8.100000000 -0.041743528100
842.820007000  8.100000000 -0.041692771000
842.844971000  8.100000000 -0.041670825300
842.869995000  8.100000000 -0.041678868200
842.894958000  8.100000000 -0.041717756500
842.919983000  8.100000000 -0.041787982000
842.945007000  8.100000000 -0.041889712200
842.969971000  8.100000000 -0.042022705100
842.994995000  8.100000000 -0.042186491200
843.019958000  8.100000000 -0.042380321800
843.044983000  8.100000000 -0.042603299000
843.070007000  8.100000000 -0.042854465500
843.094971000  8.100000000 -0.043132968200
843.119995000  8.100000000 -0.043438058300
843.144958000  8.100000000 -0.043769322300
843.169983000  8.100000000 -0.044126592600
843.195007000  8.100000000 -0.044510077700
843.219971000  8.100000000 -0.044920284300
843.244995000  8.100000000 -0.045358140000
843.269958000  8.100000000 -0.045824836900
843.294983000  8.100000000 -0.046321824200
843.320007000  8.100000000 -0.046850748400
843.344971000  8.100000000 -0.047413341700
843.369995000  8.100000000 -0.048011437100
843.394958000  8.100000000 -0.048646993900
843.419983000  8.100000000 -0.049322109700
843.445007000  8.100000000 -0.050039064100
843.469971000  8.100000000 -0.050800349600
843.494995000  8.100000000 -0.051608603400
843.519958000  8.100000000 -0.052466683100
843.544983000  8.100000000 -0.053377520300
843.570007000  8.100000000 -0.054344076700
843.594971000  8.100000000 -0.055369298900
843.619995000  8.100000000 -0.056455880400
843.644958000  8.100000000 -0.057606395300
843.669983000  8.100000000 -0.058823093800
843.695007000  8.100000000 -0.060107875600
843.719971000  8.100000000 -0.061462067100
843.744995000  8.100000000 -0.062886580800
843.769958000  8.100000000 -0.064381569600
843.794983000  8.100000000 -0.065946646000
843.820007000  8.100000000 -0.067580811700
843.844971000  8.100000000 -0.069282293300
843.869995000  8.100000000 -0.071048699300
843.894958000  8.100000000 -0.072876967500
843.919983000  8.100000000 -0.074763141600
843.945007000  8.100000000 -0.076702669300
843.969971000  8.100000000 -0.078690119100
843.994995000  8.100000000 -0.080719441200
844.019958000  8.100000000 -0.082783937500
844.044983000  8.100000000 -0.084876492600
844.070007000  8.100000000 -0.086989425100
844.094971000  8.100000000 -0.089114755400
844.119995000  8.100000000 -0.091244205800
844.144958000  8.100000000 -0.093369089100
844.169983000  8.100000000 -0.095480479300
844.195007000  8.100000000 -0.097569048400
844.219971000  8.100000000 -0.099625110600
844.244995000  8.100000000 -0.101638660000
844.269958000  8.100000000 -0.103599399000
844.294983000  8.100000000 -0.105496839000
844.320007000  8.100000000 -0.107320338000
844.344971000  8.100000000 -0.109059118000
844.369995000  8.100000000 -0.110702470000
844.394958000  8.100000000 -0.112239853000
844.419983000  8.100000000 -0.113661058000
844.445007000  8.100000000 -0.114956528000
844.469971000  8.100000000 -0.116117030000
844.494995000  8.100000000 -0.117134281000
844.519958000  8.100000000 -0.118000455000
844.544983000  8.100000000 -0.118708685000
844.570007000  8.100000000 -0.119252868000
844.594971000  8.100000000 -0.119627744000
844.619995000  8.100000000 -0.119829088000
844.644958000  8.100000000 -0.119853780000
844.669983000  8.100000000 -0.119699769000
844.695007000  8.100000000 -0.119366348000
844.719971000  8.100000000 -0.118853971000
844.744995000  8.100000000 -0.118164353000
844.769958000  8.100000000 -0.117300235000
844.794983000  8.100000000 -0.116265588000
844.820007000  8.100000000 -0.115065344000
844.844971000  8.100000000 -0.113705583000
844.869995000  8.100000000 -0.112193152000
844.894958000  8.100000000 -0.110535577000
844.919983000  8.100000000 -0.108741105000
844.945007000  8.100000000 -0.106818020000
844.969971000  8.100000000 -0.104775228000
844.994995000  8.100000000 -0.102621607000
845.019958000  8.100000000 -0.100366212000
845.044983000  8.100000000 -0.098018154500
845.070007000  8.100000000 -0.095586478700
845.094971000  8.100000000 -0.093080170500
845.119995000  8.100000000 -0.090508095900
845.144958000  8.100000000 -0.087879024400
845.169983000  8.100000000 -0.085201479500
845.195007000  8.100000000 -0.082483708900
845.219971000  8.100000000 -0.079733476000
845.244995000  8.100000000 -0.076958105000
845.269958000  8.100000000 -0.074164405500
845.294983000  8.100000000 -0.071358636000
845.320007000  8.100000000 -0.068546831600
845.344971000  8.100000000 -0.065734818600
845.369995000  8.100000000 -0.062928192300
845.394958000  8.100000000 -0.060132328400
845.419983000  8.100000000 -0.057352323100
845.445007000  8.100000000 -0.054592851500
845.469971000  8.100000000 -0.051858294800
845.494995000  8.100000000 -0.049152799000
845.519958000  8.100000000 -0.046480417300
845.544983000  8.100000000 -0.043845146900
845.570007000  8.100000000 -0.041251171400
845.594971000  8.100000000 -0.038702711500
845.619995000  8.100000000 -0.036204107100
845.644958000  8.100000000 -0.033759824900
845.669983000  8.100000000 -0.031374499200
845.695007000  8.100000000 -0.029053155300
845.719971000  8.100000000 -0.026801232200
845.744995000  8.100000000 -0.024624582400
845.769958000  8.100000000 -0.022529430700
845.794983000  8.100000000 -0.020522259200
845.820007000  8.100000000 -0.018609644800
845.844971000  8.100000000 -0.016798362100
845.869995000  8.100000000 -0.015095349400
845.894958000  8.100000000 -0.013507663300
845.919983000  8.100000000 -0.012042363200
845.945007000  8.100000000 -0.010706299000
845.969971000  8.100000000 -0.009505992760
845.994995000  8.100000000 -0.008447515780
846.019958000  8.100000000 -0.007536324210
846.044983000  8.100000000 -0.006777186410
846.070007000  8.100000000 -0.006173944100
846.094971000  8.100000000 -0.005729438270
846.119995000  8.100000000 -0.005445491520
846.144958000  8.100000000 -0.005322918760
846.169983000  8.100000000 -0.005361621270
846.195007000  8.100000000 -0.005560724060
846.219971000  8.100000000 -0.005918516780
846.244995000  8.100000000 -0.006432434080
846.269958000  8.100000000 -0.007099028210
846.294983000  8.100000000 -0.007913935000
846.320007000  8.100000000 -0.008871960450
846.344971000  8.100000000 -0.009967153890
846.369995000  8.100000000 -0.011192874100
846.394958000  8.100000000 -0.012541796100
846.419983000  8.100000000 -0.014005899400
846.445007000  8.100000000 -0.015576566600
846.469971000  8.100000000 -0.017244609100
846.494995000  8.100000000 -0.019000450100
846.519958000  8.100000000 -0.020834000800
846.544983000  8.100000000 -0.022734705400
846.570007000  8.100000000 -0.024691462500
846.594971000  8.100000000 -0.026692843100
846.619995000  8.100000000 -0.028727244600
846.644958000  8.100000000 -0.030783176400
846.669983000  8.100000000 -0.032849419900
846.695007000  8.100000000 -0.034915056100
846.719971000  8.100000000 -0.036969468000
846.744995000  8.100000000 -0.039002332800
846.769958000  8.100000000 -0.041003603500
846.794983000  8.100000000 -0.042963482400
846.820007000  8.100000000 -0.044872395700
846.844971000  8.100000000 -0.046721067300
846.869995000  8.100000000 -0.048500556500
846.894958000  8.100000000 -0.050202358500
846.919983000  8.100000000 -0.051818478900
846.945007000  8.100000000 -0.053341440900
846.969971000  8.100000000 -0.054764293100
846.994995000  8.100000000 -0.056080482900
847.019958000  8.100000000 -0.057283733000
847.044983000  8.100000000 -0.058368098000
847.070007000  8.100000000 -0.059327848300
847.094971000  8.100000000 -0.060157552400
847.119995000  8.100000000 -0.060851912900
847.144958000  8.100000000 -0.061405833800
847.169983000  8.100000000 -0.061814416200
847.195007000  8.100000000 -0.062073156200
847.219971000  8.100000000 -0.062177978500
847.244995000  8.100000000 -0.062125343800
847.269958000  8.100000000 -0.061912220000
847.294983000  8.100000000 -0.061536118400
847.320007000  8.100000000 -0.060994986400
847.344971000  8.100000000 -0.060287311700
847.369995000  8.100000000 -0.059412218600
847.394958000  8.100000000 -0.058369539700
847.419983000  8.100000000 -0.057159882000
847.445007000  8.100000000 -0.055784743300
847.469971000  8.100000000 -0.054246448000
847.494995000  8.100000000 -0.052548222200
847.519958000  8.100000000 -0.050694201100
847.544983000  8.100000000 -0.048689380300
847.570007000  8.100000000 -0.046539608400
847.594971000  8.100000000 -0.044251456900
847.619995000  8.100000000 -0.041832082000
847.644958000  8.100000000 -0.039289224900
847.669983000  8.100000000 -0.036630965800
847.695007000  8.100000000 -0.033865757300
847.719971000  8.100000000 -0.031002311000
847.744995000  8.100000000 -0.028049539800
847.769958000  8.100000000 -0.025016501500
847.794983000  8.100000000 -0.021912304700
847.820007000  8.100000000 -0.018745997900
847.844971000  8.100000000 -0.015526455800
847.869995000  8.100000000 -0.012262399300
847.894958000  8.100000000 -0.008962349970
847.919983000  8.100000000 -0.005634634760
847.945007000  8.100000000 -0.002287363170
847.969971000  8.100000000 0.001071603040
847.994995000  8.100000000 0.004434632600
848.019958000  8.100000000 0.007794288920
848.044983000  8.100000000 0.011143348200
848.070007000  8.100000000 0.014474775600
848.094971000  8.100000000 0.017781691600
848.119995000  8.100000000 0.021057408300
848.144958000  8.100000000 0.024295311400
848.169983000  8.100000000 0.027488837000
848.195007000  8.100000000 0.030631482600
848.219971000  8.100000000 0.033716686100
848.244995000  8.100000000 0.036737851800
848.269958000  8.100000000 0.039688270500
848.294983000  8.100000000 0.042561166000
848.320007000  8.100000000 0.045349668700
848.344971000  8.100000000 0.048046957700
848.369995000  8.100000000 0.050646301400
848.394958000  8.100000000 0.053141288500
848.419983000  8.100000000 0.055525980900
848.445007000  8.100000000 0.057795018000
848.469971000  8.100000000 0.059943668500
848.494995000  8.100000000 0.061967708200
848.519958000  8.100000000 0.063863448800
848.544983000  8.100000000 0.065627604700
848.570007000  8.100000000 0.067257627800
848.594971000  8.100000000 0.068751670400
848.619995000  8.100000000 0.070108868200
848.644958000  8.100000000 0.071329362700
848.669983000  8.100000000 0.072414390700
848.695007000  8.100000000 0.073366232200
848.719971000  8.100000000 0.074188299500
848.744995000  8.100000000 0.074885092700
848.769958000  8.100000000 0.075462058200
848.794983000  8.100000000 0.075925506700
848.820007000  8.100000000 0.076282329900
848.844971000  8.100000000 0.076540015600
848.869995000  8.100000000 0.076706409500
848.894958000  8.100000000 0.076789699500
848.919983000  8.100000000 0.076798275100
848.945007000  8.100000000 0.076740711900
848.969971000  8.100000000 0.076625399300
848.994995000  8.100000000 0.076460503000
849.019958000  8.100000000 0.076253674900
849.044983000  8.100000000 0.076011933400
849.070007000  8.100000000 0.075741596500
849.094971000  8.100000000 0.075448051100
849.119995000  8.100000000 0.075135737700
849.144958000  8.100000000 0.074808128200
849.169983000  8.100000000 0.074467696200
849.195007000  8.100000000 0.074115917100
849.219971000  8.100000000 0.073753282400
849.244995000  8.100000000 0.073379270700
849.269958000  8.100000000 0.072992406800
849.294983000  8.100000000 0.072590306400
849.320007000  8.100000000 0.072169765800
849.344971000  8.100000000 0.071726843700
849.369995000  8.100000000 0.071257047400
849.394958000  8.100000000 0.070755302900
849.419983000  8.100000000 0.070216156500
849.445007000  8.100000000 0.069633908600
849.469971000  8.100000000 0.069002732600
849.494995000  8.100000000 0.068316936500
849.519958000  8.100000000 0.067570991800
849.544983000  8.100000000 0.066759839700
849.570007000  8.100000000 0.065878830900
849.594971000  8.100000000 0.064923912300
849.619995000  8.100000000 0.063891753600
849.644958000  8.100000000 0.062779791700
849.669983000  8.100000000 0.061586305500
849.695007000  8.100000000 0.060310475500
849.719971000  8.100000000 0.058952420900
849.744995000  8.100000000 0.057513240700
849.769958000  8.100000000 0.055995032200
849.794983000  8.100000000 0.054400939500
849.820007000  8.100000000 0.052735112600
849.844971000  8.100000000 0.051002673800
849.869995000  8.100000000 0.049209788400
849.894958000  8.100000000 0.047363560600
849.919983000  8.100000000 0.045472044500
849.945007000  8.100000000 0.043544203000
849.969971000  8.100000000 0.041589841200
849.994995000  8.100000000 0.039619464400
850.019958000  8.100000000 0.037644181400
850.044983000  8.100000000 0.035675499600
850.070007000  8.100000000 0.033725194600
850.094971000  8.100000000 0.031805180000
850.119995000  8.100000000 0.029927387800
850.144958000  8.100000000 0.028103580700
850.169983000  8.100000000 0.026345249300
850.195007000  8.100000000 0.024663535900
850.219971000  8.100000000 0.023069012900
850.244995000  8.100000000 0.021571632500
850.269958000  8.100000000 0.020180556900
850.294983000  8.100000000 0.018904041500
850.320007000  8.100000000 0.017749344900
850.344971000  8.100000000 0.016722656800
850.369995000  8.100000000 0.015829082600
850.394958000  8.100000000 0.015072562700
850.419983000  8.100000000 0.014455893100
850.445007000  8.100000000 0.013980696000
850.469971000  8.100000000 0.013647495800
850.494995000  8.100000000 0.013455731800
850.519958000  8.100000000 0.013403834800
850.544983000  8.100000000 0.013489302200
850.570007000  8.100000000 0.013708775900
850.594971000  8.100000000 0.014058122400
850.619995000  8.100000000 0.014532535300
850.644958000  8.100000000 0.015126636300
850.669983000  8.100000000 0.015834558800
850.695007000  8.100000000 0.016650062100
850.719971000  8.100000000 0.017566572900
850.744995000  8.100000000 0.018577329800
850.769958000  8.100000000 0.019675441100
850.794983000  8.100000000 0.020853988800
850.820007000  8.100000000 0.022106124100
850.844971000  8.100000000 0.023425117100
850.869995000  8.100000000 0.024804493400
850.894958000  8.100000000 0.026238096900
850.919983000  8.100000000 0.027720177500
850.945007000  8.100000000 0.029245398900
850.969971000  8.100000000 0.030808854800
850.994995000  8.100000000 0.032406006000
851.019958000  8.100000000 0.034032672600
851.044983000  8.100000000 0.035684984200
851.070007000  8.100000000 0.037359360600
851.094971000  8.100000000 0.039052367200
851.119995000  8.100000000 0.040760662400
851.144958000  8.100000000 0.042480927000
851.169983000  8.100000000 0.044209703800
851.195007000  8.100000000 0.045943386900
851.219971000  8.100000000 0.047678157700
851.244995000  8.100000000 0.049409940800
851.269958000  8.100000000 0.051134370300
851.294983000  8.100000000 0.052846774500
851.320007000  8.100000000 0.054542161500
851.344971000  8.100000000 0.056215163300
851.369995000  8.100000000 0.057860098800
851.394958000  8.100000000 0.059470921800
851.419983000  8.100000000 0.061041314200
851.445007000  8.100000000 0.062564693400
851.469971000  8.100000000 0.064034372600
851.494995000  8.100000000 0.065443448700
851.519958000  8.100000000 0.066785089700
851.544983000  8.100000000 0.068052403600
851.570007000  8.100000000 0.069238767000
851.594971000  8.100000000 0.070337742600
851.619995000  8.100000000 0.071343198400
851.644958000  8.100000000 0.072249442300
851.669983000  8.100000000 0.073051273800
851.695007000  8.100000000 0.073744006500
851.719971000  8.100000000 0.074323564800
851.744995000  8.100000000 0.074786558700
851.769958000  8.100000000 0.075130201900
851.794983000  8.100000000 0.075352534700
851.820007000  8.100000000 0.075452342600
851.844971000  8.100000000 0.075429141500
851.869995000  8.100000000 0.075283289000
851.894958000  8.100000000 0.075015865300
851.919983000  8.100000000 0.074628762900
851.945007000  8.100000000 0.074124507600
851.969971000  8.100000000 0.073506340400
851.994995000  8.100000000 0.072778165300
852.019958000  8.100000000 0.071944519900
852.044983000  8.100000000 0.071010567200
852.070007000  8.100000000 0.069982111500
852.094971000  8.100000000 0.068865597200
852.119995000  8.100000000 0.067667983500
852.144958000  8.100000000 0.066396713300
852.169983000  8.100000000 0.065059602300
852.195007000  8.100000000 0.063664682200
852.219971000  8.100000000 0.062220159900
852.244995000  8.100000000 0.060734223600
852.269958000  8.100000000 0.059214949600
852.294983000  8.100000000 0.057670194700
852.320007000  8.100000000 0.056107502400
852.344971000  8.100000000 0.054534040400
852.369995000  8.100000000 0.052956491700
852.394958000  8.100000000 0.051381118600
852.419983000  8.100000000 0.049813762300
852.445007000  8.100000000 0.048259906500
852.469971000  8.100000000 0.046724706900
852.494995000  8.100000000 0.045212943100
852.519958000  8.100000000 0.043729048200
852.544983000  8.100000000 0.042277149900
852.570007000  8.100000000 0.040861144700
852.594971000  8.100000000 0.039484698300
852.619995000  8.100000000 0.038151286500
852.644958000  8.100000000 0.036864206200
852.669983000  8.100000000 0.035626545500
852.695007000  8.100000000 0.034441236400
852.719971000  8.100000000 0.033311057800
852.744995000  8.100000000 0.032238636200
852.769958000  8.100000000 0.031226472900
852.794983000  8.100000000 0.030276848000
852.820007000  8.100000000 0.029391827100
852.844971000  8.100000000 0.028573203800
852.869995000  8.100000000 0.027822446100
852.894958000  8.100000000 0.027140714200
852.919983000  8.100000000 0.026528788700
852.945007000  8.100000000 0.025987099900
852.969971000  8.100000000 0.025515653200
852.994995000  8.100000000 0.025114055700
853.019958000  8.100000000 0.024781474800
853.044983000  8.100000000 0.024516630900
853.070007000  8.100000000 0.024317791700
853.094971000  8.100000000 0.024182787200
853.119995000  8.100000000 0.024109022700
853.144958000  8.100000000 0.024093499400
853.169983000  8.100000000 0.024132855200
853.195007000  8.100000000 0.024223312700
853.219971000  8.100000000 0.024360729400
853.244995000  8.100000000 0.024540590100
853.269958000  8.100000000 0.024758007400
853.294983000  8.100000000 0.025007762000
853.320007000  8.100000000 0.025284266100
853.344971000  8.100000000 0.025581691400
853.369995000  8.100000000 0.025894014200
853.394958000  8.100000000 0.026215119300
853.419983000  8.100000000 0.026538848900
853.445007000  8.100000000 0.026859127000
853.469971000  8.100000000 0.027169952200
853.494995000  8.100000000 0.027465479400
853.519958000  8.100000000 0.027740014700
853.544983000  8.100000000 0.027988057600
853.570007000  8.100000000 0.028204316300
853.594971000  8.100000000 0.028383817500
853.619995000  8.100000000 0.028521888000
853.644958000  8.100000000 0.028614210000
853.669983000  8.100000000 0.028656851500
853.695007000  8.100000000 0.028646374100
853.719971000  8.100000000 0.028579894500
853.744995000  8.100000000 0.028455184800
853.769958000  8.100000000 0.028270680500
853.794983000  8.100000000 0.028025517200
853.820007000  8.100000000 0.027719540500
853.844971000  8.100000000 0.027353327700
853.869995000  8.100000000 0.026928171500
853.894958000  8.100000000 0.026446038900
853.919983000  8.100000000 0.025909537400
853.945007000  8.100000000 0.025321833800
853.969971000  8.100000000 0.024686530200
853.994995000  8.100000000 0.024007519700
854.019958000  8.100000000 0.023288806900
854.044983000  8.100000000 0.022534403900
854.070007000  8.100000000 0.021748188900
854.094971000  8.100000000 0.020933894400
854.119995000  8.100000000 0.020095033600
854.144958000  8.100000000 0.019234884500
854.169983000  8.100000000 0.018356457400
854.195007000  8.100000000 0.017462490100
854.219971000  8.100000000 0.016555456400
854.244995000  8.100000000 0.015637617600
854.269958000  8.100000000 0.014711051200
854.294983000  8.100000000 0.013777650000
854.320007000  8.100000000 0.012839149700
854.344971000  8.100000000 0.011897117800
854.369995000  8.100000000 0.010952995200
854.394958000  8.100000000 0.010008170300
854.419983000  8.100000000 0.009064036420
854.445007000  8.100000000 0.008122061380
854.469971000  8.100000000 0.007183852610
854.494995000  8.100000000 0.006251149810
854.519958000  8.100000000 0.005325925070
854.544983000  8.100000000 0.004410377240
854.570007000  8.100000000 0.003506957550
854.594971000  8.100000000 0.002618407130
854.619995000  8.100000000 0.001747731700
854.644958000  8.100000000 0.000898221799
854.669983000  8.100000000 0.000073429073
854.695007000  8.100000000 -0.000722847646
854.719971000  8.100000000 -0.001486576400
854.744995000  8.100000000 -0.002213534430
854.769958000  8.100000000 -0.002899376680
854.794983000  8.100000000 -0.003539680040
854.820007000  8.100000000 -0.004130048210
854.844971000  8.100000000 -0.004666169170
854.869995000  8.100000000 -0.005143893420
854.894958000  8.100000000 -0.005559207870
854.919983000  8.100000000 -0.005908314600
854.945007000  8.100000000 -0.006187638270
854.969971000  8.100000000 -0.006393894550
854.994995000  8.100000000 -0.006524201480
855.019958000  8.100000000 -0.006576140410
855.044983000  8.100000000 -0.006547866390
855.070007000  8.100000000 -0.006438170090
855.094971000  8.100000000 -0.006246570500
855.119995000  8.100000000 -0.005973382850
855.144958000  8.100000000 -0.005619722880
855.169983000  8.100000000 -0.005187642290
855.195007000  8.100000000 -0.004680006760
855.219971000  8.100000000 -0.004100660790
855.244995000  8.100000000 -0.003454259360
855.269958000  8.100000000 -0.002746296120
855.294983000  8.100000000 -0.001983030700
855.320007000  8.100000000 -0.001171419750
855.344971000  8.100000000 -0.000318979553
855.369995000  8.100000000 0.000566274393
855.394958000  8.100000000 0.001475996110
855.419983000  8.100000000 0.002401632720
855.445007000  8.100000000 0.003334594420
855.469971000  8.100000000 0.004266323520
855.494995000  8.100000000 0.005188379440
855.519958000  8.100000000 0.006092519030
855.544983000  8.100000000 0.006970772050
855.570007000  8.100000000 0.007815455090
855.594971000  8.100000000 0.008619275880
855.619995000  8.100000000 0.009375375700
855.644958000  8.100000000 0.010077328400
855.669983000  8.100000000 0.010719275100
855.695007000  8.100000000 0.011295934200
855.719971000  8.100000000 0.011802590500
855.744995000  8.100000000 0.012235141400
855.769958000  8.100000000 0.012590060900
855.794983000  8.100000000 0.012864420200
855.820007000  8.100000000 0.013055789300
855.844971000  8.100000000 0.013162304600
855.869995000  8.100000000 0.013182597200
855.894958000  8.100000000 0.013115759000
855.919983000  8.100000000 0.012961276800
855.945007000  8.100000000 0.012719036100
855.969971000  8.100000000 0.012389314400
855.994995000  8.100000000 0.011972761700
856.019958000  8.100000000 0.011470390500
856.044983000  8.100000000 0.010883500800
856.070007000  8.100000000 0.010213799800
856.094971000  8.100000000 0.009463387540
856.119995000  8.100000000 0.008634755390
856.144958000  8.100000000 0.007730925460
856.169983000  8.100000000 0.006755383690
856.195007000  8.100000000 0.005712223700
856.219971000  8.100000000 0.004605996890
856.244995000  8.100000000 0.003441775920
856.269958000  8.100000000 0.002225165490
856.294983000  8.100000000 0.000962278049
856.320007000  8.100000000 -0.000340290600
856.344971000  8.100000000 -0.001675462580
856.369995000  8.100000000 -0.003035816360
856.394958000  8.100000000 -0.004413637330
856.419983000  8.100000000 -0.005801073280
856.445007000  8.100000000 -0.007190196770
856.469971000  8.100000000 -0.008573017080
856.494995000  8.100000000 -0.009941604920
856.519958000  8.100000000 -0.011288045900
856.544983000  8.100000000 -0.012604604500
856.570007000  8.100000000 -0.013883728500
856.594971000  8.100000000 -0.015118163100
856.619995000  8.100000000 -0.016301069400
856.644958000  8.100000000 -0.017426041900
856.669983000  8.100000000 -0.018487166600
856.695007000  8.100000000 -0.019479051200
856.719971000  8.100000000 -0.020396804400
856.744995000  8.100000000 -0.021236013600
856.769958000  8.100000000 -0.021992718800
856.794983000  8.100000000 -0.022663358600
856.820007000  8.100000000 -0.023244874600
856.844971000  8.100000000 -0.023734545300
856.869995000  8.100000000 -0.024130070600
856.894958000  8.100000000 -0.024429461000
856.919983000  8.100000000 -0.024631116500
856.945007000  8.100000000 -0.024733722200
856.969971000  8.100000000 -0.024736311300
856.994995000  8.100000000 -0.024638332400
857.019958000  8.100000000 -0.024439526700
857.044983000  8.100000000 -0.024140035700
857.070007000  8.100000000 -0.023740327000
857.094971000  8.100000000 -0.023241210700
857.119995000  8.100000000 -0.022643826900
857.144958000  8.100000000 -0.021949593000
857.169983000  8.100000000 -0.021160224500
857.195007000  8.100000000 -0.020277686400
857.219971000  8.100000000 -0.019304137700
857.244995000  8.100000000 -0.018241955000
857.269958000  8.100000000 -0.017093651000
857.294983000  8.100000000 -0.015861926600
857.320007000  8.100000000 -0.014549642800
857.344971000  8.100000000 -0.013159801300
857.369995000  8.100000000 -0.011695465100
857.394958000  8.100000000 -0.010159764400
857.419983000  8.100000000 -0.008555822070
857.445007000  8.100000000 -0.006886847780
857.469971000  8.100000000 -0.005156022500
857.494995000  8.100000000 -0.003366542510
857.519958000  8.100000000 -0.001521570030
857.544983000  8.100000000 0.000375766918
857.570007000  8.100000000 0.002322359480
857.594971000  8.100000000 0.004315154160
857.619995000  8.100000000 0.006351107730
857.644958000  8.100000000 0.008427256720
857.669983000  8.100000000 0.010540769400
857.695007000  8.100000000 0.012688912500
857.719971000  8.100000000 0.014869109700
857.744995000  8.100000000 0.017078926800
857.769958000  8.100000000 0.019315972900
857.794983000  8.100000000 0.021577999000
857.820007000  8.100000000 0.023862751200
857.844971000  8.100000000 0.026167986900
857.869995000  8.100000000 0.028491420700
857.894958000  8.100000000 0.030830720400
857.919983000  8.100000000 0.033183373500
857.945007000  8.100000000 0.035546787100
857.969971000  8.100000000 0.037918146700
857.994995000  8.100000000 0.040294572700
858.019958000  8.100000000 0.042672935900
858.044983000  8.100000000 0.045049972800
858.070007000  8.100000000 0.047422178100
858.094971000  8.100000000 0.049785837500
858.119995000  8.100000000 0.052137035900
858.144958000  8.100000000 0.054471559800
858.169983000  8.100000000 0.056784968800
858.195007000  8.100000000 0.059072531800
858.219971000  8.100000000 0.061329301400
858.244995000  8.100000000 0.063550144400
858.269958000  8.100000000 0.065729670200
858.294983000  8.100000000 0.067862317000
858.320007000  8.100000000 0.069942362600
858.344971000  8.100000000 0.071963936100
858.369995000  8.100000000 0.073921024800
858.394958000  8.100000000 0.075807549100
858.419983000  8.100000000 0.077617332300
858.445007000  8.100000000 0.079344205600
858.469971000  8.100000000 0.080982074100
858.494995000  8.100000000 0.082524910600
858.519958000  8.100000000 0.083966821400
858.544983000  8.100000000 0.085302174100
858.570007000  8.100000000 0.086525529600
858.594971000  8.100000000 0.087631836500
858.619995000  8.100000000 0.088616408400
858.644958000  8.100000000 0.089474976100
858.669983000  8.100000000 0.090203777000
858.695007000  8.100000000 0.090799540300
858.719971000  8.100000000 0.091259636000
858.744995000  8.100000000 0.091582037500
858.769958000  8.100000000 0.091765411200
858.794983000  8.100000000 0.091808974700
858.820007000  8.100000000 0.091712705800
858.844971000  8.100000000 0.091477178000
858.869995000  8.100000000 0.091103449500
858.894958000  8.100000000 0.090593203900
858.919983000  8.100000000 0.089948602000
858.945007000  8.100000000 0.089172154700
858.969971000  8.100000000 0.088266804800
858.994995000  8.100000000 0.087235830700
859.019958000  8.100000000 0.086082801200
859.044983000  8.100000000 0.084811598100
859.070007000  8.100000000 0.083426304200
859.094971000  8.100000000 0.081931322800
859.119995000  8.100000000 0.080331340400
859.144958000  8.100000000 0.078631274400
859.169983000  8.100000000 0.076836362500
859.195007000  8.100000000 0.074952118100
859.219971000  8.100000000 0.072984300600
859.244995000  8.100000000 0.070938967200
859.269958000  8.100000000 0.068822249800
859.294983000  8.100000000 0.066640399400
859.320007000  8.100000000 0.064399726700
859.344971000  8.100000000 0.062106490100
859.369995000  8.100000000 0.059766903500
859.394958000  8.100000000 0.057387102400
859.419983000  8.100000000 0.054973095700
859.445007000  8.100000000 0.052530694800
859.469971000  8.100000000 0.050065521200
859.494995000  8.100000000 0.047582872200
859.519958000  8.100000000 0.045087728600
859.544983000  8.100000000 0.042584713500
859.570007000  8.100000000 0.040078070000
859.594971000  8.100000000 0.037571668600
859.619995000  8.100000000 0.035068951500
859.644958000  8.100000000 0.032572966100
859.669983000  8.100000000 0.030086327300
859.695007000  8.100000000 0.027611229600
859.719971000  8.100000000 0.025149488800
859.744995000  8.100000000 0.022702505800
859.769958000  8.100000000 0.020271297500
859.794983000  8.100000000 0.017856495500
859.820007000  8.100000000 0.015458375200
859.844971000  8.100000000 0.013076864200
859.869995000  8.100000000 0.010711623400
859.894958000  8.100000000 0.008362034340
859.919983000  8.100000000 0.006027291530
859.945007000  8.100000000 0.003706410530
859.969971000  8.100000000 0.001398249060
859.994995000  8.100000000 -0.000898410741
860.019958000  8.100000000 -0.003184870820
860.044983000  8.100000000 -0.005462368950
860.070007000  8.100000000 -0.007732057480
860.094971000  8.100000000 -0.009994922210
860.119995000  8.100000000 -0.012251729100
860.144958000  8.100000000 -0.014502998400
860.169983000  8.100000000 -0.016748931300
860.195007000  8.100000000 -0.018989332000
860.219971000  8.100000000 -0.021223630800
860.244995000  8.100000000 -0.023450773200
860.269958000  8.100000000 -0.025669269300
860.294983000  8.100000000 -0.027877042100
860.320007000  8.100000000 -0.030071515600
860.344971000  8.100000000 -0.032249454400
860.369995000  8.100000000 -0.034407075500
860.394958000  8.100000000 -0.036539986700
860.419983000  8.100000000 -0.038643267000
860.445007000  8.100000000 -0.040711488600
860.469971000  8.100000000 -0.042738795300
860.494995000  8.100000000 -0.044719129800
860.519958000  8.100000000 -0.046646233600
860.544983000  8.100000000 -0.048513814800
860.570007000  8.100000000 -0.050315670700
860.594971000  8.100000000 -0.052045784900
860.619995000  8.100000000 -0.053698435400
860.644958000  8.100000000 -0.055268324900
860.669983000  8.100000000 -0.056750621600
860.695007000  8.100000000 -0.058141131000
860.719971000  8.100000000 -0.059436202000
860.744995000  8.100000000 -0.060632877100
860.769958000  8.100000000 -0.061728674900
860.794983000  8.100000000 -0.062721796300
860.820007000  8.100000000 -0.063610903900
860.844971000  8.100000000 -0.064395114800
860.869995000  8.100000000 -0.065073944600
860.894958000  8.100000000 -0.065647155000
860.919983000  8.100000000 -0.066114828000
860.945007000  8.100000000 -0.066477082700
860.969971000  8.100000000 -0.066734246900
860.994995000  8.100000000 -0.066886708100
861.019958000  8.100000000 -0.066934987900
861.044983000  8.100000000 -0.066879756700
861.070007000  8.100000000 -0.066721849100
861.094971000  8.100000000 -0.066462412500
861.119995000  8.100000000 -0.066102899600
861.144958000  8.100000000 -0.065645106100
861.169983000  8.100000000 -0.065091192700
861.195007000  8.100000000 -0.064443767100
861.219971000  8.100000000 -0.063705891400
861.244995000  8.100000000 -0.062881119500
861.269958000  8.100000000 -0.061973497300
861.294983000  8.100000000 -0.060987561900
861.320007000  8.100000000 -0.059928346400
861.344971000  8.100000000 -0.058801401400
861.369995000  8.100000000 -0.057612728300
861.394958000  8.100000000 -0.056368809200
861.419983000  8.100000000 -0.055076550700
861.445007000  8.100000000 -0.053743332600
861.469971000  8.100000000 -0.052376866300
861.494995000  8.100000000 -0.050985302800
861.519958000  8.100000000 -0.049577102100
861.544983000  8.100000000 -0.048161108000
861.570007000  8.100000000 -0.046746417900
861.594971000  8.100000000 -0.045342363400
861.619995000  8.100000000 -0.043958488900
861.644958000  8.100000000 -0.042604483700
861.669983000  8.100000000 -0.041290175200
861.695007000  8.100000000 -0.040025383200
861.719971000  8.100000000 -0.038819897900
861.744995000  8.100000000 -0.037683326800
861.769958000  8.100000000 -0.036624983000
861.794983000  8.100000000 -0.035653818400
861.820007000  8.100000000 -0.034778304400
861.844971000  8.100000000 -0.034006334800
861.869995000  8.100000000 -0.033345177800
861.894958000  8.100000000 -0.032801251900
861.919983000  8.100000000 -0.032380271700
861.945007000  8.100000000 -0.032087001900
861.969971000  8.100000000 -0.031925369100
861.994995000  8.100000000 -0.031898386800
862.019958000  8.100000000 -0.032008156200
862.044983000  8.100000000 -0.032255914100
862.070007000  8.100000000 -0.032641995700
862.094971000  8.100000000 -0.033165935400
862.119995000  8.100000000 -0.033826481600
862.144958000  8.100000000 -0.034621577700
862.169983000  8.100000000 -0.035548482100
862.195007000  8.100000000 -0.036603722700
862.219971000  8.100000000 -0.037783268800
862.244995000  8.100000000 -0.039082486200
862.269958000  8.100000000 -0.040496300900
862.294983000  8.100000000 -0.042019099000
862.320007000  8.100000000 -0.043644826900
862.344971000  8.100000000 -0.045366931700
862.369995000  8.100000000 -0.047178488200
862.394958000  8.100000000 -0.049072120300
862.419983000  8.100000000 -0.051040139000
862.445007000  8.100000000 -0.053074505200
862.469971000  8.100000000 -0.055166937400
862.494995000  8.100000000 -0.057308938400
862.519958000  8.100000000 -0.059491816900
862.544983000  8.100000000 -0.061706837300
862.570007000  8.100000000 -0.063945248700
862.594971000  8.100000000 -0.066198311700
862.619995000  8.100000000 -0.068457461900
862.644958000  8.100000000 -0.070714280000
862.669983000  8.100000000 -0.072960697100
862.695007000  8.100000000 -0.075188942300
862.719971000  8.100000000 -0.077391617000
862.744995000  8.100000000 -0.079561732700
862.769958000  8.100000000 -0.081692725400
862.794983000  8.100000000 -0.083778470800
862.820007000  8.100000000 -0.085813291400
862.844971000  8.100000000 -0.087791897400
862.869995000  8.100000000 -0.089709460700
862.894958000  8.100000000 -0.091561466500
862.919983000  8.100000000 -0.093343861400
862.945007000  8.100000000 -0.095052890500
862.969971000  8.100000000 -0.096685111500
862.994995000  8.100000000 -0.098237410200
863.019958000  8.100000000 -0.099706865800
863.044983000  8.100000000 -0.101090737000
863.070007000  8.100000000 -0.102386482000
863.094971000  8.100000000 -0.103591762000
863.119995000  8.100000000 -0.104704149000
863.144958000  8.100000000 -0.105721392000
863.169983000  8.100000000 -0.106641158000
863.195007000  8.100000000 -0.107461073000
863.219971000  8.100000000 -0.108178794000
863.244995000  8.100000000 -0.108791858000
863.269958000  8.100000000 -0.109297790000
863.294983000  8.100000000 -0.109694190000
863.320007000  8.100000000 -0.109978631000
863.344971000  8.100000000 -0.110148825000
863.369995000  8.100000000 -0.110202506000
863.394958000  8.100000000 -0.110137574000
863.419983000  8.100000000 -0.109952025000
863.445007000  8.100000000 -0.109643944000
863.469971000  8.100000000 -0.109211534000
863.494995000  8.100000000 -0.108653203000
863.519958000  8.100000000 -0.107967451000
863.544983000  8.100000000 -0.107152969000
863.570007000  8.100000000 -0.106208563000
863.594971000  8.100000000 -0.105133295000
863.619995000  8.100000000 -0.103926472000
863.644958000  8.100000000 -0.102587722000
863.669983000  8.100000000 -0.101117052000
863.695007000  8.100000000 -0.099514767500
863.719971000  8.100000000 -0.097781680500
863.744995000  8.100000000 -0.095919154600
863.769958000  8.100000000 -0.093928992700
863.794983000  8.100000000 -0.091813646300
863.820007000  8.100000000 -0.089576162400
863.844971000  8.100000000 -0.087220177100
863.869995000  8.100000000 -0.084749892400
863.894958000  8.100000000 -0.082170054300
863.919983000  8.100000000 -0.079485960300
863.945007000  8.100000000 -0.076703384500
863.969971000  8.100000000 -0.073828518400
863.994995000  8.100000000 -0.070867940800
864.019958000  8.100000000 -0.067828528600
864.044983000  8.100000000 -0.064717456700
864.070007000  8.100000000 -0.061542078900
864.094971000  8.100000000 -0.058309901500
864.119995000  8.100000000 -0.055028449700
864.144958000  8.100000000 -0.051705289600
864.169983000  8.100000000 -0.048347935100
864.195007000  8.100000000 -0.044963788200
864.219971000  8.100000000 -0.041560087400
864.244995000  8.100000000 -0.038143776400
864.269958000  8.100000000 -0.034721404300
864.294983000  8.100000000 -0.031299088200
864.320007000  8.100000000 -0.027882469800
864.344971000  8.100000000 -0.024476766600
864.369995000  8.100000000 -0.021086659300
864.394958000  8.100000000 -0.017716281100
864.419983000  8.100000000 -0.014369172000
864.445007000  8.100000000 -0.011048266700
864.469971000  8.100000000 -0.007755924480
864.494995000  8.100000000 -0.004493906160
864.519958000  8.100000000 -0.001263375980
864.544983000  8.100000000 0.001935069330
864.570007000  8.100000000 0.005101468410
864.594971000  8.100000000 0.008236322550
864.619995000  8.100000000 0.011340596700
864.644958000  8.100000000 0.014415626400
864.669983000  8.100000000 0.017462994900
864.695007000  8.100000000 0.020484395300
864.719971000  8.100000000 0.023481523600
864.744995000  8.100000000 0.026456007700
864.769958000  8.100000000 0.029409188800
864.794983000  8.100000000 0.032342091200
864.820007000  8.100000000 0.035255376200
864.844971000  8.100000000 0.038149181800
864.869995000  8.100000000 0.041023124000
864.894958000  8.100000000 0.043876275400
864.919983000  8.100000000 0.046707101200
864.945007000  8.100000000 0.049513515100
864.969971000  8.100000000 0.052292905700
864.994995000  8.100000000 0.055042065700
865.019958000  8.100000000 0.057757195100
865.044983000  8.100000000 0.060434006200
865.070007000  8.100000000 0.063067592700
865.094971000  8.100000000 0.065652631200
865.119995000  8.100000000 0.068183369900
865.144958000  8.100000000 0.070653900500
865.169983000  8.100000000 0.073057971900
865.195007000  8.100000000 0.075389429900
865.219971000  8.100000000 0.077641986300
865.244995000  8.100000000 0.079809367700
865.269958000  8.100000000 0.081885449600
865.294983000  8.100000000 0.083864182200
865.320007000  8.100000000 0.085739612600
865.344971000  8.100000000 0.087505914300
865.369995000  8.100000000 0.089157454700
865.394958000  8.100000000 0.090688757600
865.419983000  8.100000000 0.092094533100
865.445007000  8.100000000 0.093369685100
865.469971000  8.100000000 0.094509370600
865.494995000  8.100000000 0.095508940500
865.519958000  8.100000000 0.096364088400
865.544983000  8.100000000 0.097070775900
865.570007000  8.100000000 0.097625359900
865.594971000  8.100000000 0.098024509800
865.619995000  8.100000000 0.098265223200
865.644958000  8.100000000 0.098344884800
865.669983000  8.100000000 0.098261177500
865.695007000  8.100000000 0.098012261100
865.719971000  8.100000000 0.097596637900
865.744995000  8.100000000 0.097013250000
865.769958000  8.100000000 0.096261464100
865.794983000  8.100000000 0.095341071500
865.820007000  8.100000000 0.094252251100
865.844971000  8.100000000 0.092995643600
865.869995000  8.100000000 0.091572366700
865.894958000  8.100000000 0.089984022100
865.919983000  8.100000000 0.088232770600
865.945007000  8.100000000 0.086321376300
865.969971000  8.100000000 0.084253244100
865.994995000  8.100000000 0.082032419700
866.019958000  8.100000000 0.079663656700
866.044983000  8.100000000 0.077152349100
866.070007000  8.100000000 0.074504636200
866.094971000  8.100000000 0.071727290700
866.119995000  8.100000000 0.068827755700
866.144958000  8.100000000 0.065814063000
866.169983000  8.100000000 0.062694832700
866.195007000  8.100000000 0.059479214300
866.219971000  8.100000000 0.056176897100
866.244995000  8.100000000 0.052798047700
866.269958000  8.100000000 0.049353346200
866.294983000  8.100000000 0.045853823400
866.320007000  8.100000000 0.042310800400
866.344971000  8.100000000 0.038735896300
866.369995000  8.100000000 0.035140764000
866.394958000  8.100000000 0.031537145400
866.419983000  8.100000000 0.027936663500
866.445007000  8.100000000 0.024350754900
866.469971000  8.100000000 0.020790550900
866.494995000  8.100000000 0.017266800600
866.519958000  8.100000000 0.013789793500
866.544983000  8.100000000 0.010369336200
866.570007000  8.100000000 0.007014698350
866.594971000  8.100000000 0.003734619360
866.619995000  8.100000000 0.000537241402
866.644958000  8.100000000 -0.002569866370
866.669983000  8.100000000 -0.005579788700
866.695007000  8.100000000 -0.008486234580
866.719971000  8.100000000 -0.011283605400
866.744995000  8.100000000 -0.013966939400
866.769958000  8.100000000 -0.016531955500
866.794983000  8.100000000 -0.018974980300
866.820007000  8.100000000 -0.021293006800
866.844971000  8.100000000 -0.023483701100
866.869995000  8.100000000 -0.025545420100
866.894958000  8.100000000 -0.027477221600
866.919983000  8.100000000 -0.029278840900
866.945007000  8.100000000 -0.030950725100
866.969971000  8.100000000 -0.032494001100
866.994995000  8.100000000 -0.033910542700
867.019958000  8.100000000 -0.035202916700
867.044983000  8.100000000 -0.036374278400
867.070007000  8.100000000 -0.037428256100
867.094971000  8.100000000 -0.038368858400
867.119995000  8.100000000 -0.039200320800
867.144958000  8.100000000 -0.039927035600
867.169983000  8.100000000 -0.040553424500
867.195007000  8.100000000 -0.041083857400
867.219971000  8.100000000 -0.041522670500
867.244995000  8.100000000 -0.041874114400
867.269958000  8.100000000 -0.042142324100
867.294983000  8.100000000 -0.042331419900
867.320007000  8.100000000 -0.042445343000
867.344971000  8.100000000 -0.042487964000
867.369995000  8.100000000 -0.042462986000
867.394958000  8.100000000 -0.042373992500
867.419983000  8.100000000 -0.042224433300
867.445007000  8.100000000 -0.042017627500
867.469971000  8.100000000 -0.041756823700
867.494995000  8.100000000 -0.041445121200
867.519958000  8.100000000 -0.041085634400
867.544983000  8.100000000 -0.040681347300
867.570007000  8.100000000 -0.040235161800
867.594971000  8.100000000 -0.039749894300
867.619995000  8.100000000 -0.039228238200
867.644958000  8.100000000 -0.038672722900
867.669983000  8.100000000 -0.038085769900
867.695007000  8.100000000 -0.037469644100
867.719971000  8.100000000 -0.036826532300
867.744995000  8.100000000 -0.036158613900
867.769958000  8.100000000 -0.035468060500
867.794983000  8.100000000 -0.034757170800
867.820007000  8.100000000 -0.034028396000
867.844971000  8.100000000 -0.033284358700
867.869995000  8.100000000 -0.032527986900
867.894958000  8.100000000 -0.031762465800
867.919983000  8.100000000 -0.030991233900
867.945007000  8.100000000 -0.030217938100
867.969971000  8.100000000 -0.029446486400
867.994995000  8.100000000 -0.028680926200
868.019958000  8.100000000 -0.027925537900
868.044983000  8.100000000 -0.027184698700
868.070007000  8.100000000 -0.026462845500
868.094971000  8.100000000 -0.025764433700
868.119995000  8.100000000 -0.025093918700
868.144958000  8.100000000 -0.024455718700
868.169983000  8.100000000 -0.023854205400
868.195007000  8.100000000 -0.023293661000
868.219971000  8.100000000 -0.022778281900
868.244995000  8.100000000 -0.022312093500
868.269958000  8.100000000 -0.021899003500
868.294983000  8.100000000 -0.021542692600
868.320007000  8.100000000 -0.021246580400
868.344971000  8.100000000 -0.021013807500
868.369995000  8.100000000 -0.020847166000
868.394958000  8.100000000 -0.020749107000
868.419983000  8.100000000 -0.020721688900
868.445007000  8.100000000 -0.020766565600
868.469971000  8.100000000 -0.020884905000
868.494995000  8.100000000 -0.021077320000
868.519958000  8.100000000 -0.021343879400
868.544983000  8.100000000 -0.021684026300
868.570007000  8.100000000 -0.022096550100
868.594971000  8.100000000 -0.022579578700
868.619995000  8.100000000 -0.023130510000
868.644958000  8.100000000 -0.023746049000
868.669983000  8.100000000 -0.024422153800
868.695007000  8.100000000 -0.025154184600
868.719971000  8.100000000 -0.025936842000
868.744995000  8.100000000 -0.026764240100
868.769958000  8.100000000 -0.027629973400
868.794983000  8.100000000 -0.028527166700
868.820007000  8.100000000 -0.029448654500
868.844971000  8.100000000 -0.030387040200
868.869995000  8.100000000 -0.031334806200
868.894958000  8.100000000 -0.032284434900
868.919983000  8.100000000 -0.033228445800
868.945007000  8.100000000 -0.034159503900
868.969971000  8.100000000 -0.035070583200
868.994995000  8.100000000 -0.035954996900
869.019958000  8.100000000 -0.036806486500
869.044983000  8.100000000 -0.037619192200
869.070007000  8.100000000 -0.038387689700
869.094971000  8.100000000 -0.039106961300
869.119995000  8.100000000 -0.039772480700
869.144958000  8.100000000 -0.040380120300
869.169983000  8.100000000 -0.040926162200
869.195007000  8.100000000 -0.041407216300
869.219971000  8.100000000 -0.041820172200
869.244995000  8.100000000 -0.042162202300
869.269958000  8.100000000 -0.042430792000
869.294983000  8.100000000 -0.042623709900
869.320007000  8.100000000 -0.042739022500
869.344971000  8.100000000 -0.042775105700
869.369995000  8.100000000 -0.042730595900
869.394958000  8.100000000 -0.042604524600
869.419983000  8.100000000 -0.042396273500
869.445007000  8.100000000 -0.042105574200
869.469971000  8.100000000 -0.041732538500
869.494995000  8.100000000 -0.041277632100
869.519958000  8.100000000 -0.040741656000
869.544983000  8.100000000 -0.040125798400
869.570007000  8.100000000 -0.039431624100
869.594971000  8.100000000 -0.038661070200
869.619995000  8.100000000 -0.037816364300
869.644958000  8.100000000 -0.036900043500
869.669983000  8.100000000 -0.035914987300
869.695007000  8.100000000 -0.034864425700
869.719971000  8.100000000 -0.033751953400
869.744995000  8.100000000 -0.032581541700
869.769958000  8.100000000 -0.031357485800
869.794983000  8.100000000 -0.030084399500
869.820007000  8.100000000 -0.028767230000
869.844971000  8.100000000 -0.027411220600
869.869995000  8.100000000 -0.026021899700
869.894958000  8.100000000 -0.024605024600
869.919983000  8.100000000 -0.023166554000
869.945007000  8.100000000 -0.021712569500
869.969971000  8.100000000 -0.020249297800
869.994995000  8.100000000 -0.018783049700
870.019958000  8.100000000 -0.017320090900
870.044983000  8.100000000 -0.015866568300
870.070007000  8.100000000 -0.014428364100
870.094971000  8.100000000 -0.013011014100
870.119995000  8.100000000 -0.011619679600
870.144958000  8.100000000 -0.010258999700
870.169983000  8.100000000 -0.008933176290
870.195007000  8.100000000 -0.007645861710
870.219971000  8.100000000 -0.006400244310
870.244995000  8.100000000 -0.005199024450
870.269958000  8.100000000 -0.004044433590
870.294983000  8.100000000 -0.002938250310
870.320007000  8.100000000 -0.001881818170
870.344971000  8.100000000 -0.000876084960
870.369995000  8.100000000 0.000078400779
870.394958000  8.100000000 0.000981429708
870.419983000  8.100000000 0.001833176940
870.445007000  8.100000000 0.002634191190
870.469971000  8.100000000 0.003385340100
870.494995000  8.100000000 0.004087800160
870.519958000  8.100000000 0.004742967900
870.544983000  8.100000000 0.005352439820
870.570007000  8.100000000 0.005917887670
870.594971000  8.100000000 0.006441048810
870.619995000  8.100000000 0.006923718840
870.644958000  8.100000000 0.007367776710
870.669983000  8.100000000 0.007775188420
870.695007000  8.100000000 0.008148036900
870.719971000  8.100000000 0.008488515390
870.744995000  8.100000000 0.008798960600
870.769958000  8.100000000 0.009081874040
870.794983000  8.100000000 0.009339970540
870.820007000  8.100000000 0.009576116690
870.844971000  8.100000000 0.009793368170
870.869995000  8.100000000 0.009994869120
870.894958000  8.100000000 0.010183837300
870.919983000  8.100000000 0.010363505200
870.945007000  8.100000000 0.010537100000
870.969971000  8.100000000 0.010707795600
870.994995000  8.100000000 0.010878628100
871.019958000  8.100000000 0.011052490200
871.044983000  8.100000000 0.011232037100
871.070007000  8.100000000 0.011419658500
871.094971000  8.100000000 0.011617500300
871.119995000  8.100000000 0.011827439100
871.144958000  8.100000000 0.012051074800
871.169983000  8.100000000 0.012289695400
871.195007000  8.100000000 0.012544209100
871.219971000  8.100000000 0.012815137400
871.244995000  8.100000000 0.013102579900
871.269958000  8.100000000 0.013406225500
871.294983000  8.100000000 0.013725386000
871.320007000  8.100000000 0.014059064900
871.344971000  8.100000000 0.014405999300
871.369995000  8.100000000 0.014764701000
871.394958000  8.100000000 0.015133464700
871.419983000  8.100000000 0.015510403600
871.445007000  8.100000000 0.015893483500
871.469971000  8.100000000 0.016280612000
871.494995000  8.100000000 0.016669651500
871.519958000  8.100000000 0.017058482400
871.544983000  8.100000000 0.017445052000
871.570007000  8.100000000 0.017827479200
871.594971000  8.100000000 0.018204107900
871.619995000  8.100000000 0.018573524400
871.644958000  8.100000000 0.018934642900
871.669983000  8.100000000 0.019286617600
871.695007000  8.100000000 0.019628867500
871.719971000  8.100000000 0.019961042300
871.744995000  8.100000000 0.020283019200
871.769958000  8.100000000 0.020594919100
871.794983000  8.100000000 0.020897066200
871.820007000  8.100000000 0.021189946700
871.844971000  8.100000000 0.021474191900
871.869995000  8.100000000 0.021750593600
871.894958000  8.100000000 0.022020019600
871.919983000  8.100000000 0.022283520500
871.945007000  8.100000000 0.022542227100
871.969971000  8.100000000 0.022797372200
871.994995000  8.100000000 0.023050222500
872.019958000  8.100000000 0.023302093100
872.044983000  8.100000000 0.023554366100
872.070007000  8.100000000 0.023808378700
872.094971000  8.100000000 0.024065557900
872.119995000  8.100000000 0.024327337700
872.144958000  8.100000000 0.024595197300
872.169983000  8.100000000 0.024870626600
872.195007000  8.100000000 0.025155089800
872.219971000  8.100000000 0.025450056400
872.244995000  8.100000000 0.025756785600
872.269958000  8.100000000 0.026076508700
872.294983000  8.100000000 0.026410233200
872.320007000  8.100000000 0.026758804900
872.344971000  8.100000000 0.027122793700
872.369995000  8.100000000 0.027502521900
872.394958000  8.100000000 0.027897995000
872.419983000  8.100000000 0.028308887000
872.445007000  8.100000000 0.028734512600
872.469971000  8.100000000 0.029173819300
872.494995000  8.100000000 0.029625404600
872.519958000  8.100000000 0.030087573500
872.544983000  8.100000000 0.030558370100
872.570007000  8.100000000 0.031035667300
872.594971000  8.100000000 0.031517196400
872.619995000  8.100000000 0.032000564000
872.644958000  8.100000000 0.032483302100
872.669983000  8.100000000 0.032962869900
872.695007000  8.100000000 0.033436734200
872.719971000  8.100000000 0.033902332200
872.744995000  8.100000000 0.034357145400
872.769958000  8.100000000 0.034798637000
872.794983000  8.100000000 0.035224303600
872.820007000  8.100000000 0.035631619400
872.844971000  8.100000000 0.036018036300
872.869995000  8.100000000 0.036380969000
872.894958000  8.100000000 0.036717798600
872.919983000  8.100000000 0.037025861400
872.945007000  8.100000000 0.037302482900
872.969971000  8.100000000 0.037544988100
872.994995000  8.100000000 0.037750698600
873.019958000  8.100000000 0.037917085000
873.044983000  8.100000000 0.038041655000
873.070007000  8.100000000 0.038122095200
873.094971000  8.100000000 0.038156341800
873.119995000  8.100000000 0.038142584300
873.144958000  8.100000000 0.038079503900
873.169983000  8.100000000 0.037966202900
873.195007000  8.100000000 0.037802293900
873.219971000  8.100000000 0.037588030100
873.244995000  8.100000000 0.037324313100
873.269958000  8.100000000 0.037012696300
873.294983000  8.100000000 0.036655470700
873.320007000  8.100000000 0.036255613000
873.344971000  8.100000000 0.035816833400
873.369995000  8.100000000 0.035343479400
873.394958000  8.100000000 0.034840412400
873.419983000  8.100000000 0.034312877800
873.445007000  8.100000000 0.033766299500
873.469971000  8.100000000 0.033206243100
873.494995000  8.100000000 0.032638300200
873.519958000  8.100000000 0.032068066300
873.544983000  8.100000000 0.031501084600
873.570007000  8.100000000 0.030942754800
873.594971000  8.100000000 0.030398206800
873.619995000  8.100000000 0.029872277800
873.644958000  8.100000000 0.029369417600
873.669983000  8.100000000 0.028893576900
873.695007000  8.100000000 0.028448168200
873.719971000  8.100000000 0.028035964800
873.744995000  8.100000000 0.027659064200
873.769958000  8.100000000 0.027318922800
873.794983000  8.100000000 0.027016375200
873.820007000  8.100000000 0.026751635600
873.844971000  8.100000000 0.026524350000
873.869995000  8.100000000 0.026333572300
873.894958000  8.100000000 0.026177834700
873.919983000  8.100000000 0.026055146000
873.945007000  8.100000000 0.025963068000
873.969971000  8.100000000 0.025898739700
873.994995000  8.100000000 0.025858953600
874.019958000  8.100000000 0.025840278700
874.044983000  8.100000000 0.025839110800
874.070007000  8.100000000 0.025851776800
874.094971000  8.100000000 0.025874670600
874.119995000  8.100000000 0.025904251300
874.144958000  8.100000000 0.025937208900
874.169983000  8.100000000 0.025970436600
874.195007000  8.100000000 0.026001183300
874.219971000  8.100000000 0.026027023800
874.244995000  8.100000000 0.026045903600
874.269958000  8.100000000 0.026056146200
874.294983000  8.100000000 0.026056394000
874.320007000  8.100000000 0.026045618600
874.344971000  8.100000000 0.026023039600
874.369995000  8.100000000 0.025988075900
874.394958000  8.100000000 0.025940250600
874.419983000  8.100000000 0.025879208000
874.445007000  8.100000000 0.025804648200
874.469971000  8.100000000 0.025716314100
874.494995000  8.100000000 0.025613941300
874.519958000  8.100000000 0.025497285600
874.544983000  8.100000000 0.025366092100
874.570007000  8.100000000 0.025220137100
874.594971000  8.100000000 0.025059230600
874.619995000  8.100000000 0.024883197600
874.644958000  8.100000000 0.024691958000
874.669983000  8.100000000 0.024485582500
874.695007000  8.100000000 0.024264350500
874.719971000  8.100000000 0.024028815300
874.744995000  8.100000000 0.023779869100
874.769958000  8.100000000 0.023518646100
874.794983000  8.100000000 0.023246547200
874.820007000  8.100000000 0.022965166700
874.844971000  8.100000000 0.022676290900
874.869995000  8.100000000 0.022381927800
874.894958000  8.100000000 0.022084288300
874.919983000  8.100000000 0.021785790100
874.945007000  8.100000000 0.021488990600
874.969971000  8.100000000 0.021196492000
874.994995000  8.100000000 0.020910907500
875.019958000  8.100000000 0.020634839300
875.044983000  8.100000000 0.020370876400
875.070007000  8.100000000 0.020121563200
875.094971000  8.100000000 0.019889352800
875.119995000  8.100000000 0.019676564300
875.144958000  8.100000000 0.019485285500
875.169983000  8.100000000 0.019317355000
875.195007000  8.100000000 0.019174311300
875.219971000  8.100000000 0.019057473200
875.244995000  8.100000000 0.018967950700
875.269958000  8.100000000 0.018906785200
875.294983000  8.100000000 0.018874922800
875.320007000  8.100000000 0.018873302300
875.344971000  8.100000000 0.018902789800
875.369995000  8.100000000 0.018964162100
875.394958000  8.100000000 0.019058061800
875.419983000  8.100000000 0.019185021500
875.445007000  8.100000000 0.019345469800
875.469971000  8.100000000 0.019539764200
875.494995000  8.100000000 0.019768206400
875.519958000  8.100000000 0.020031033100
875.544983000  8.100000000 0.020328383900
875.570007000  8.100000000 0.020660292400
875.594971000  8.100000000 0.021026704500
875.619995000  8.100000000 0.021427437700
875.644958000  8.100000000 0.021862315000
875.669983000  8.100000000 0.022331116700
875.695007000  8.100000000 0.022833656500
875.719971000  8.100000000 0.023369671800
875.744995000  8.100000000 0.023938814200
875.769958000  8.100000000 0.024540657200
875.794983000  8.100000000 0.025174630800
875.820007000  8.100000000 0.025840064500
875.844971000  8.100000000 0.026536166700
875.869995000  8.100000000 0.027261994800
875.894958000  8.100000000 0.028016421900
875.919983000  8.100000000 0.028798110800
875.945007000  8.100000000 0.029605519000
875.969971000  8.100000000 0.030436815700
875.994995000  8.100000000 0.031289886700
876.019958000  8.100000000 0.032162245400
876.044983000  8.100000000 0.033051043700
876.070007000  8.100000000 0.033952992400
876.094971000  8.100000000 0.034864421900
876.119995000  8.100000000 0.035781174900
876.144958000  8.100000000 0.036698725100
876.169983000  8.100000000 0.037611976300
876.195007000  8.100000000 0.038515340500
876.219971000  8.100000000 0.039402656300
876.244995000  8.100000000 0.040267270100
876.269958000  8.100000000 0.041102081500
876.294983000  8.100000000 0.041899666200
876.320007000  8.100000000 0.042652271700
876.344971000  8.100000000 0.043352019000
876.369995000  8.100000000 0.043990992000
876.394958000  8.100000000 0.044561233400
876.419983000  8.100000000 0.045054931200
876.445007000  8.100000000 0.045464508200
876.469971000  8.100000000 0.045782681600
876.494995000  8.100000000 0.046002641300
876.519958000  8.100000000 0.046118106700
876.544983000  8.100000000 0.046123363100
876.570007000  8.100000000 0.046013370200
876.594971000  8.100000000 0.045783657600
876.619995000  8.100000000 0.045430526100
876.644958000  8.100000000 0.044950943400
876.669983000  8.100000000 0.044342774900
876.695007000  8.100000000 0.043604608600
876.719971000  8.100000000 0.042735915600
876.744995000  8.100000000 0.041736964100
876.769958000  8.100000000 0.040608905300
876.794983000  8.100000000 0.039353720800
876.820007000  8.100000000 0.037974219800
876.844971000  8.100000000 0.036474093800
876.869995000  8.100000000 0.034857824400
876.894958000  8.100000000 0.033130712800
876.919983000  8.100000000 0.031298887000
876.945007000  8.100000000 0.029369333800
876.969971000  8.100000000 0.027349747700
876.994995000  8.100000000 0.025248512600
877.019958000  8.100000000 0.023074591500
877.044983000  8.100000000 0.020837461600
877.070007000  8.100000000 0.018547050700
877.094971000  8.100000000 0.016213720700
877.119995000  8.100000000 0.013848184600
877.144958000  8.100000000 0.011461480500
877.169983000  8.100000000 0.009064828980
877.195007000  8.100000000 0.006669580010
877.219971000  8.100000000 0.004287095740
877.244995000  8.100000000 0.001928661600
877.269958000  8.100000000 -0.000394608709
877.294983000  8.100000000 -0.002671860860
877.320007000  8.100000000 -0.004892640280
877.344971000  8.100000000 -0.007046986370
877.369995000  8.100000000 -0.009125538170
877.394958000  8.100000000 -0.011119671200
877.419983000  8.100000000 -0.013021570600
877.445007000  8.100000000 -0.014824276800
877.469971000  8.100000000 -0.016521791000
877.494995000  8.100000000 -0.018109154000
877.519958000  8.100000000 -0.019582534200
877.544983000  8.100000000 -0.020939253300
877.570007000  8.100000000 -0.022177754000
877.594971000  8.100000000 -0.023297553900
877.619995000  8.100000000 -0.024299209900
877.644958000  8.100000000 -0.025184255100
877.669983000  8.100000000 -0.025955146200
877.695007000  8.100000000 -0.026615170800
877.719971000  8.100000000 -0.027168368900
877.744995000  8.100000000 -0.027619348800
877.769958000  8.100000000 -0.027973229100
877.794983000  8.100000000 -0.028235442900
877.820007000  8.100000000 -0.028411677100
877.844971000  8.100000000 -0.028507743000
877.869995000  8.100000000 -0.028529482000
877.894958000  8.100000000 -0.028482720300
877.919983000  8.100000000 -0.028373209800
877.945007000  8.100000000 -0.028206648300
877.969971000  8.100000000 -0.027988631300
877.994995000  8.100000000 -0.027724636700
878.019958000  8.100000000 -0.027419975000
878.044983000  8.100000000 -0.027079708900
878.070007000  8.100000000 -0.026708683000
878.094971000  8.100000000 -0.026311475800
878.119995000  8.100000000 -0.025892382500
878.144958000  8.100000000 -0.025455508400
878.169983000  8.100000000 -0.025004722200
878.195007000  8.100000000 -0.024543784600
878.219971000  8.100000000 -0.024076331400
878.244995000  8.100000000 -0.023605940900
878.269958000  8.100000000 -0.023136107300
878.294983000  8.100000000 -0.022670317400
878.320007000  8.100000000 -0.022211995000
878.344971000  8.100000000 -0.021764542900
878.369995000  8.100000000 -0.021331314000
878.394958000  8.100000000 -0.020915608900
878.419983000  8.100000000 -0.020520623800
878.445007000  8.100000000 -0.020149467500
878.469971000  8.100000000 -0.019805066300
878.494995000  8.100000000 -0.019490227100
878.519958000  8.100000000 -0.019207553900
878.544983000  8.100000000 -0.018959466400
878.570007000  8.100000000 -0.018748166000
878.594971000  8.100000000 -0.018575646000
878.619995000  8.100000000 -0.018443603100
878.644958000  8.100000000 -0.018353495700
878.669983000  8.100000000 -0.018306516100
878.695007000  8.100000000 -0.018303647600
878.719971000  8.100000000 -0.018345611200
878.744995000  8.100000000 -0.018432894700
878.769958000  8.100000000 -0.018565701300
878.794983000  8.100000000 -0.018743967600
878.820007000  8.100000000 -0.018967323000
878.844971000  8.100000000 -0.019235139700
878.869995000  8.100000000 -0.019546510700
878.894958000  8.100000000 -0.019900303300
878.919983000  8.100000000 -0.020295132000
878.945007000  8.100000000 -0.020729376000
878.969971000  8.100000000 -0.021201208200
878.994995000  8.100000000 -0.021708570400
879.019958000  8.100000000 -0.022249283300
879.044983000  8.100000000 -0.022820975600
879.070007000  8.100000000 -0.023421168300
879.094971000  8.100000000 -0.024047244300
879.119995000  8.100000000 -0.024696458100
879.144958000  8.100000000 -0.025365939400
879.169983000  8.100000000 -0.026052748800
879.195007000  8.100000000 -0.026753772100
879.219971000  8.100000000 -0.027465758800
879.244995000  8.100000000 -0.028185287500
879.269958000  8.100000000 -0.028908748200
879.294983000  8.100000000 -0.029632339300
879.320007000  8.100000000 -0.030352070900
879.344971000  8.100000000 -0.031063806300
879.369995000  8.100000000 -0.031763240700
879.394958000  8.100000000 -0.032446015600
879.419983000  8.100000000 -0.033107731500
879.445007000  8.100000000 -0.033743981300
879.469971000  8.100000000 -0.034350473400
879.494995000  8.100000000 -0.034923024500
879.519958000  8.100000000 -0.035457626000
879.544983000  8.100000000 -0.035950623500
879.570007000  8.100000000 -0.036398608200
879.594971000  8.100000000 -0.036798562900
879.619995000  8.100000000 -0.037147861000
879.644958000  8.100000000 -0.037444237600
879.669983000  8.100000000 -0.037685837600
879.695007000  8.100000000 -0.037871219200
879.719971000  8.100000000 -0.037999287200
879.744995000  8.100000000 -0.038069333900
879.769958000  8.100000000 -0.038080941900
879.794983000  8.100000000 -0.038033936200
879.820007000  8.100000000 -0.037928395000
879.844971000  8.100000000 -0.037764571600
879.869995000  8.100000000 -0.037542916800
879.894958000  8.100000000 -0.037264019300
879.919983000  8.100000000 -0.036928623900
879.945007000  8.100000000 -0.036537624900
879.969971000  8.100000000 -0.036092076500
879.994995000  8.100000000 -0.035593234000
880.019958000  8.100000000 -0.035042524300
880.044983000  8.100000000 -0.034441579100
880.070007000  8.100000000 -0.033792160500
880.094971000  8.100000000 -0.033096246400
880.119995000  8.100000000 -0.032355949300
880.144958000  8.100000000 -0.031573567500
880.169983000  8.100000000 -0.030751559900
880.195007000  8.100000000 -0.029892524700
880.219971000  8.100000000 -0.028999192600
880.244995000  8.100000000 -0.028074387500
880.269958000  8.100000000 -0.027121046600
880.294983000  8.100000000 -0.026142193000
880.320007000  8.100000000 -0.025140946700
880.344971000  8.100000000 -0.024120483500
880.369995000  8.100000000 -0.023084037000
880.394958000  8.100000000 -0.022034881600
880.419983000  8.100000000 -0.020976366500
880.445007000  8.100000000 -0.019911898300
880.469971000  8.100000000 -0.018845019900
880.494995000  8.100000000 -0.017779352100
880.519958000  8.100000000 -0.016718642800
880.544983000  8.100000000 -0.015666702800
880.570007000  8.100000000 -0.014627371000
880.594971000  8.100000000 -0.013604465900
880.619995000  8.100000000 -0.012601725800
880.644958000  8.100000000 -0.011622723200
880.669983000  8.100000000 -0.010670821200
880.695007000  8.100000000 -0.009749116380
880.719971000  8.100000000 -0.008860430680
880.744995000  8.100000000 -0.008007310330
880.769958000  8.100000000 -0.007192045920
880.794983000  8.100000000 -0.006416687280
880.820007000  8.100000000 -0.005683015100
880.844971000  8.100000000 -0.004992620090
880.869995000  8.100000000 -0.004346865690
880.894958000  8.100000000 -0.003746954260
880.919983000  8.100000000 -0.003193920710
880.945007000  8.100000000 -0.002688670760
880.969971000  8.100000000 -0.002231956930
880.994995000  8.100000000 -0.001824386190
881.019958000  8.100000000 -0.001466414190
881.044983000  8.100000000 -0.001158349450
881.070007000  8.100000000 -0.000900344516
881.094971000  8.100000000 -0.000692415633
881.119995000  8.100000000 -0.000534392195
881.144958000  8.100000000 -0.000425904029
881.169983000  8.100000000 -0.000366381108
881.195007000  8.100000000 -0.000355006225
881.219971000  8.100000000 -0.000390738249
881.244995000  8.100000000 -0.000472313928
881.269958000  8.100000000 -0.000598223938
881.294983000  8.100000000 -0.000766757992
881.320007000  8.100000000 -0.000975988572
881.344971000  8.100000000 -0.001223791040
881.369995000  8.100000000 -0.001507869690
881.394958000  8.100000000 -0.001825779680
881.419983000  8.100000000 -0.002174950440
881.445007000  8.100000000 -0.002552700690
881.469971000  8.100000000 -0.002956272100
881.494995000  8.100000000 -0.003382847180
881.519958000  8.100000000 -0.003829586790
881.544983000  8.100000000 -0.004293704410
881.570007000  8.100000000 -0.004772515040
881.594971000  8.100000000 -0.005263501780
881.619995000  8.100000000 -0.005764340980
881.644958000  8.100000000 -0.006272912960
881.669983000  8.100000000 -0.006787282880
881.695007000  8.100000000 -0.007305711510
881.719971000  8.100000000 -0.007826623510
881.744995000  8.100000000 -0.008348609320
881.769958000  8.100000000 -0.008870360440
881.794983000  8.100000000 -0.009390700610
881.820007000  8.100000000 -0.009908521550
881.844971000  8.100000000 -0.010422762500
881.869995000  8.100000000 -0.010932328200
881.894958000  8.100000000 -0.011436049800
881.919983000  8.100000000 -0.011932572300
881.945007000  8.100000000 -0.012420352500
881.969971000  8.100000000 -0.012897601400
881.994995000  8.100000000 -0.013362284700
882.019958000  8.100000000 -0.013812107000
882.044983000  8.100000000 -0.014244500500
882.070007000  8.100000000 -0.014656655500
882.094971000  8.100000000 -0.015045491000
882.119995000  8.100000000 -0.015407763400
882.144958000  8.100000000 -0.015740087300
882.169983000  8.100000000 -0.016038999000
882.195007000  8.100000000 -0.016301030300
882.219971000  8.100000000 -0.016522759600
882.244995000  8.100000000 -0.016700848900
882.269958000  8.100000000 -0.016832117000
882.294983000  8.100000000 -0.016913564900
882.320007000  8.100000000 -0.016942417200
882.344971000  8.100000000 -0.016916178200
882.369995000  8.100000000 -0.016832685100
882.394958000  8.100000000 -0.016690148000
882.419983000  8.100000000 -0.016487283600
882.445007000  8.100000000 -0.016223277900
882.469971000  8.100000000 -0.015897927800
882.494995000  8.100000000 -0.015511597500
882.519958000  8.100000000 -0.015065293800
882.544983000  8.100000000 -0.014560664100
882.570007000  8.100000000 -0.013999993900
882.594971000  8.100000000 -0.013386170400
882.619995000  8.100000000 -0.012722645900
882.644958000  8.100000000 -0.012013388800
882.669983000  8.100000000 -0.011262786600
882.695007000  8.100000000 -0.010475591800
882.719971000  8.100000000 -0.009656798090
882.744995000  8.100000000 -0.008811581880
882.769958000  8.100000000 -0.007945184600
882.794983000  8.100000000 -0.007062879390
882.820007000  8.100000000 -0.006169868170
882.844971000  8.100000000 -0.005271193110
882.869995000  8.100000000 -0.004371702670
882.894958000  8.100000000 -0.003475982230
882.919983000  8.100000000 -0.002588334260
882.945007000  8.100000000 -0.001712768110
882.969971000  8.100000000 -0.000853012432
882.994995000  8.100000000 -0.000012510486
883.019958000  8.100000000 0.000805554853
883.044983000  8.100000000 0.001598250240
883.070007000  8.100000000 0.002362872240
883.094971000  8.100000000 0.003096930450
883.119995000  8.100000000 0.003798170020
883.144958000  8.100000000 0.004464598840
883.169983000  8.100000000 0.005094460210
883.195007000  8.100000000 0.005686275200
883.219971000  8.100000000 0.006238785110
883.244995000  8.100000000 0.006750970150
883.269958000  8.100000000 0.007222007960
883.294983000  8.100000000 0.007651281080
883.320007000  8.100000000 0.008038397880
883.344971000  8.100000000 0.008383147420
883.369995000  8.100000000 0.008685478940
883.394958000  8.100000000 0.008945551700
883.419983000  8.100000000 0.009163663720
883.445007000  8.100000000 0.009340291840
883.469971000  8.100000000 0.009476039560
883.494995000  8.100000000 0.009571637960
883.519958000  8.100000000 0.009627874940
883.544983000  8.100000000 0.009645594280
883.570007000  8.100000000 0.009625618350
883.594971000  8.100000000 0.009568763900
883.619995000  8.100000000 0.009475831870
883.644958000  8.100000000 0.009347627870
883.669983000  8.100000000 0.009184985420
883.695007000  8.100000000 0.008988793010
883.719971000  8.100000000 0.008760022000
883.744995000  8.100000000 0.008499707100
883.769958000  8.100000000 0.008208942600
883.794983000  8.100000000 0.007888847960
883.820007000  8.100000000 0.007540573830
883.844971000  8.100000000 0.007165293670
883.869995000  8.100000000 0.006764174440
883.894958000  8.100000000 0.006338398440
883.919983000  8.100000000 0.005889143330
883.945007000  8.100000000 0.005417552780
883.969971000  8.100000000 0.004924744370
883.994995000  8.100000000 0.004411774220
884.019958000  8.100000000 0.003879637920
884.044983000  8.100000000 0.003329248400
884.070007000  8.100000000 0.002761477370
884.094971000  8.100000000 0.002177137180
884.119995000  8.100000000 0.001576964860
884.144958000  8.100000000 0.000961664715
884.169983000  8.100000000 0.000331852236
884.195007000  8.100000000 -0.000311902462
884.219971000  8.100000000 -0.000969083572
884.244995000  8.100000000 -0.001639203170
884.269958000  8.100000000 -0.002321729200
884.294983000  8.100000000 -0.003016111440
884.320007000  8.100000000 -0.003721690970
884.344971000  8.100000000 -0.004437768830
884.369995000  8.100000000 -0.005163567140
884.394958000  8.100000000 -0.005898242820
884.419983000  8.100000000 -0.006640913430
884.445007000  8.100000000 -0.007390656970
884.469971000  8.100000000 -0.008146555160
884.494995000  8.100000000 -0.008907796820
884.519958000  8.100000000 -0.009673698810
884.544983000  8.100000000 -0.010443739600
884.570007000  8.100000000 -0.011217610000
884.594971000  8.100000000 -0.011995130200
884.619995000  8.100000000 -0.012776273300
884.644958000  8.100000000 -0.013561089500
884.669983000  8.100000000 -0.014349682300
884.695007000  8.100000000 -0.015142091500
884.719971000  8.100000000 -0.015938242900
884.744995000  8.100000000 -0.016737859700
884.769958000  8.100000000 -0.017540326300
884.794983000  8.100000000 -0.018344622100
884.820007000  8.100000000 -0.019149232700
884.844971000  8.100000000 -0.019952081100
884.869995000  8.100000000 -0.020750446200
884.894958000  8.100000000 -0.021541003100
884.919983000  8.100000000 -0.022319827200
884.945007000  8.100000000 -0.023082422100
884.969971000  8.100000000 -0.023823797700
884.994995000  8.100000000 -0.024538541200
885.019958000  8.100000000 -0.025220857900
885.044983000  8.100000000 -0.025864657000
885.070007000  8.100000000 -0.026463674400
885.094971000  8.100000000 -0.027011601300
885.119995000  8.100000000 -0.027502128900
885.144958000  8.100000000 -0.027929093700
885.169983000  8.100000000 -0.028286568800
885.195007000  8.100000000 -0.028568906700
885.219971000  8.100000000 -0.028770934800
885.244995000  8.100000000 -0.028888002000
885.269958000  8.100000000 -0.028916081400
885.294983000  8.100000000 -0.028851846200
885.320007000  8.100000000 -0.028692724200
885.344971000  8.100000000 -0.028436956900
885.369995000  8.100000000 -0.028083635500
885.394958000  8.100000000 -0.027632730100
885.419983000  8.100000000 -0.027085047200
885.445007000  8.100000000 -0.026442213000
885.469971000  8.100000000 -0.025706607800
885.494995000  8.100000000 -0.024881321900
885.519958000  8.100000000 -0.023970095400
885.544983000  8.100000000 -0.022977214300
885.570007000  8.100000000 -0.021907398500
885.594971000  8.100000000 -0.020765738600
885.619995000  8.100000000 -0.019557595300
885.644958000  8.100000000 -0.018288532300
885.669983000  8.100000000 -0.016964189700
885.695007000  8.100000000 -0.015590196500
885.719971000  8.100000000 -0.014172039000
885.744995000  8.100000000 -0.012715005300
885.769958000  8.100000000 -0.011224118100
885.794983000  8.100000000 -0.009704078550
885.820007000  8.100000000 -0.008159263060
885.844971000  8.100000000 -0.006593662310
885.869995000  8.100000000 -0.005010917780
885.894958000  8.100000000 -0.003414256500
885.919983000  8.100000000 -0.001806529360
885.945007000  8.100000000 -0.000190181119
885.969971000  8.100000000 0.001432752470
885.994995000  8.100000000 0.003060651940
886.019958000  8.100000000 0.004692330490
886.044983000  8.100000000 0.006327024660
886.070007000  8.100000000 0.007964371700
886.094971000  8.100000000 0.009604413060
886.119995000  8.100000000 0.011247579000
886.144958000  8.100000000 0.012894623900
886.169983000  8.100000000 0.014546554500
886.195007000  8.100000000 0.016204545300
886.219971000  8.100000000 0.017869841300
886.244995000  8.100000000 0.019543644000
886.269958000  8.100000000 0.021227043100
886.294983000  8.100000000 0.022920930800
886.320007000  8.100000000 0.024625940200
886.344971000  8.100000000 0.026342380800
886.369995000  8.100000000 0.028070200200
886.394958000  8.100000000 0.029808893800
886.419983000  8.100000000 0.031557463100
886.445007000  8.100000000 0.033314392000
886.469971000  8.100000000 0.035077642600
886.494995000  8.100000000 0.036844562700
886.519958000  8.100000000 0.038611907500
886.544983000  8.100000000 0.040375821300
886.570007000  8.100000000 0.042131822600
886.594971000  8.100000000 0.043874885900
886.619995000  8.100000000 0.045599367500
886.644958000  8.100000000 0.047299191400
886.669983000  8.100000000 0.048967756300
886.695007000  8.100000000 0.050598066300
886.719971000  8.100000000 0.052182722800
886.744995000  8.100000000 0.053713962400
886.769958000  8.100000000 0.055183611800
886.794983000  8.100000000 0.056583244400
886.820007000  8.100000000 0.057904187600
886.844971000  8.100000000 0.059137594000
886.869995000  8.100000000 0.060274604700
886.894958000  8.100000000 0.061306256800
886.919983000  8.100000000 0.062223695200
886.945007000  8.100000000 0.063018150600
886.969971000  8.100000000 0.063681088400
886.994995000  8.100000000 0.064204298000
887.019958000  8.100000000 0.064580008400
887.044983000  8.100000000 0.064800947900
887.070007000  8.100000000 0.064860478000
887.094971000  8.100000000 0.064752638300
887.119995000  8.100000000 0.064472340000
887.144958000  8.100000000 0.064015358700
887.169983000  8.100000000 0.063378438400
887.195007000  8.100000000 0.062559314100
887.219971000  8.100000000 0.061556801200
887.244995000  8.100000000 0.060370836400
887.269958000  8.100000000 0.059002444100
887.294983000  8.100000000 0.057453807400
887.320007000  8.100000000 0.055728204500
887.344971000  8.100000000 0.053829994100
887.369995000  8.100000000 0.051764566500
887.394958000  8.100000000 0.049538403700
887.419983000  8.100000000 0.047159042200
887.445007000  8.100000000 0.044635016500
887.469971000  8.100000000 0.041975848400
887.494995000  8.100000000 0.039191924000
887.519958000  8.100000000 0.036294423000
887.544983000  8.100000000 0.033295173200
887.570007000  8.100000000 0.030206568500
887.594971000  8.100000000 0.027041444600
887.619995000  8.100000000 0.023812998100
887.644958000  8.100000000 0.020534597300
887.669983000  8.100000000 0.017219787500
887.695007000  8.100000000 0.013882137800
887.719971000  8.100000000 0.010535159100
887.744995000  8.100000000 0.007192186080
887.769958000  8.100000000 0.003866290210
887.794983000  8.100000000 0.000570179720
887.820007000  8.100000000 -0.002683887030
887.844971000  8.100000000 -0.005884165880
887.869995000  8.100000000 -0.009019534100
887.894958000  8.100000000 -0.012079577000
887.919983000  8.100000000 -0.015054610600
887.945007000  8.100000000 -0.017935719300
887.969971000  8.100000000 -0.020714759800
887.994995000  8.100000000 -0.023384338200
888.019958000  8.100000000 -0.025937801200
888.044983000  8.100000000 -0.028369216200
888.070007000  8.100000000 -0.030673334400
888.094971000  8.100000000 -0.032845616300
888.119995000  8.100000000 -0.034882158000
888.144958000  8.100000000 -0.036779716600
888.169983000  8.100000000 -0.038535628500
888.195007000  8.100000000 -0.040147893100
888.219971000  8.100000000 -0.041615035400
888.244995000  8.100000000 -0.042936202100
888.269958000  8.100000000 -0.044111114000
888.294983000  8.100000000 -0.045140121100
888.320007000  8.100000000 -0.046024154900
888.344971000  8.100000000 -0.046764764900
888.369995000  8.100000000 -0.047364011400
888.394958000  8.100000000 -0.047824423800
888.419983000  8.100000000 -0.048148941200
888.445007000  8.100000000 -0.048340834700
888.469971000  8.100000000 -0.048403747400
888.494995000  8.100000000 -0.048341509000
888.519958000  8.100000000 -0.048158146400
888.544983000  8.100000000 -0.047857839600
888.570007000  8.100000000 -0.047444846500
888.594971000  8.100000000 -0.046923484700
888.619995000  8.100000000 -0.046298187200
888.644958000  8.100000000 -0.045573428300
888.669983000  8.100000000 -0.044753663200
888.695007000  8.100000000 -0.043843407200
888.719971000  8.100000000 -0.042847178900
888.744995000  8.100000000 -0.041769504500
888.769958000  8.100000000 -0.040614910400
888.794983000  8.100000000 -0.039387889200
888.820007000  8.100000000 -0.038092836700
888.844971000  8.100000000 -0.036734066900
888.869995000  8.100000000 -0.035315848900
888.894958000  8.100000000 -0.033842422100
888.919983000  8.100000000 -0.032318014700
888.945007000  8.100000000 -0.030746880900
888.969971000  8.100000000 -0.029133291900
888.994995000  8.100000000 -0.027481559700
889.019958000  8.100000000 -0.025796053900
889.044983000  8.100000000 -0.024081183600
889.070007000  8.100000000 -0.022341378000
889.094971000  8.100000000 -0.020581048000
889.119995000  8.100000000 -0.018804524100
889.144958000  8.100000000 -0.017016034600
889.169983000  8.100000000 -0.015219656800
889.195007000  8.100000000 -0.013419276100
889.219971000  8.100000000 -0.011618606700
889.244995000  8.100000000 -0.009821126240
889.269958000  8.100000000 -0.008030058820
889.294983000  8.100000000 -0.006248349320
889.320007000  8.100000000 -0.004478646440
889.344971000  8.100000000 -0.002723318990
889.369995000  8.100000000 -0.000984505750
889.394958000  8.100000000 0.000735850597
889.419983000  8.100000000 0.002435882340
889.445007000  8.100000000 0.004113738430
889.469971000  8.100000000 0.005767572210
889.494995000  8.100000000 0.007395431870
889.519958000  8.100000000 0.008995267560
889.544983000  8.100000000 0.010564887900
889.570007000  8.100000000 0.012101936200
889.594971000  8.100000000 0.013603858600
889.619995000  8.100000000 0.015067924700
889.644958000  8.100000000 0.016491293900
889.669983000  8.100000000 0.017870998000
889.695007000  8.100000000 0.019204001900
889.719971000  8.100000000 0.020487211600
889.744995000  8.100000000 0.021717468300
889.769958000  8.100000000 0.022891547500
889.794983000  8.100000000 0.024006247500
889.820007000  8.100000000 0.025058327200
889.844971000  8.100000000 0.026044592300
889.869995000  8.100000000 0.026961911500
889.894958000  8.100000000 0.027807274800
889.919983000  8.100000000 0.028577733800
889.945007000  8.100000000 0.029270514800
889.969971000  8.100000000 0.029882913500
889.994995000  8.100000000 0.030412325600
890.019958000  8.100000000 0.030856322500
890.044983000  8.100000000 0.031212540300
890.070007000  8.100000000 0.031478826000
890.094971000  8.100000000 0.031653177000
890.119995000  8.100000000 0.031733829500
890.144958000  8.100000000 0.031719222700
890.169983000  8.100000000 0.031608093500
890.195007000  8.100000000 0.031399466100
890.219971000  8.100000000 0.031092636300
890.244995000  8.100000000 0.030687209200
890.269958000  8.100000000 0.030183095500
890.294983000  8.100000000 0.029580498100
890.320007000  8.100000000 0.028879888400
890.344971000  8.100000000 0.028081987100
890.369995000  8.100000000 0.027187731100
890.394958000  8.100000000 0.026198336900
890.419983000  8.100000000 0.025115290700
890.445007000  8.100000000 0.023940365800
890.469971000  8.100000000 0.022675700500
890.494995000  8.100000000 0.021323831800
890.519958000  8.100000000 0.019887710000
890.544983000  8.100000000 0.018370742000
890.570007000  8.100000000 0.016776789000
890.594971000  8.100000000 0.015110148100
890.619995000  8.100000000 0.013375572900
890.644958000  8.100000000 0.011578224600
890.669983000  8.100000000 0.009723649360
890.695007000  8.100000000 0.007817736830
890.719971000  8.100000000 0.005866677030
890.744995000  8.100000000 0.003876900070
890.769958000  8.100000000 0.001855050800
890.794983000  8.100000000 -0.000192100488
890.820007000  8.100000000 -0.002257683550
890.844971000  8.100000000 -0.004334842790
890.869995000  8.100000000 -0.006416787390
890.894958000  8.100000000 -0.008496871220
890.919983000  8.100000000 -0.010568595500
890.945007000  8.100000000 -0.012625736200
890.969971000  8.100000000 -0.014662348700
890.994995000  8.100000000 -0.016672818000
891.019958000  8.100000000 -0.018651900800
891.044983000  8.100000000 -0.020594731000
891.070007000  8.100000000 -0.022496815800
891.094971000  8.100000000 -0.024354055500
891.119995000  8.100000000 -0.026162762200
891.144958000  8.100000000 -0.027919597900
891.169983000  8.100000000 -0.029621575000
891.195007000  8.100000000 -0.031266048600
891.219971000  8.100000000 -0.032850697600
891.244995000  8.100000000 -0.034373566500
891.269958000  8.100000000 -0.035833019800
891.294983000  8.100000000 -0.037227779600
891.320007000  8.100000000 -0.038556866300
891.344971000  8.100000000 -0.039819546000
891.369995000  8.100000000 -0.041015267400
891.394958000  8.100000000 -0.042143646600
891.419983000  8.100000000 -0.043204411900
891.445007000  8.100000000 -0.044197339600
891.469971000  8.100000000 -0.045122221100
891.494995000  8.100000000 -0.045978829300
891.519958000  8.100000000 -0.046766888400
891.544983000  8.100000000 -0.047485962500
891.570007000  8.100000000 -0.048135463100
891.594971000  8.100000000 -0.048714637800
891.619995000  8.100000000 -0.049222476800
891.644958000  8.100000000 -0.049657844000
891.669983000  8.100000000 -0.050019327600
891.695007000  8.100000000 -0.050305310600
891.719971000  8.100000000 -0.050514187700
891.744995000  8.100000000 -0.050644092300
891.769958000  8.100000000 -0.050693169200
891.794983000  8.100000000 -0.050659503800
891.820007000  8.100000000 -0.050541125200
891.844971000  8.100000000 -0.050336070400
891.869995000  8.100000000 -0.050042394500
891.894958000  8.100000000 -0.049658175600
891.919983000  8.100000000 -0.049181625200
891.945007000  8.100000000 -0.048611074700
891.969971000  8.100000000 -0.047945119400
891.994995000  8.100000000 -0.047182571100
892.019958000  8.100000000 -0.046322654900
892.044983000  8.100000000 -0.045365013200
892.070007000  8.100000000 -0.044309753900
892.094971000  8.100000000 -0.043157558900
892.119995000  8.100000000 -0.041909664900
892.144958000  8.100000000 -0.040567956900
892.169983000  8.100000000 -0.039134871200
892.195007000  8.100000000 -0.037613458900
892.219971000  8.100000000 -0.036007378300
892.244995000  8.100000000 -0.034320790300
892.269958000  8.100000000 -0.032558385300
892.294983000  8.100000000 -0.030725410200
892.320007000  8.100000000 -0.028827503300
892.344971000  8.100000000 -0.026870813200
892.369995000  8.100000000 -0.024861874100
892.394958000  8.100000000 -0.022807586900
892.419983000  8.100000000 -0.020715210600
892.445007000  8.100000000 -0.018592277500
892.469971000  8.100000000 -0.016446562500
892.494995000  8.100000000 -0.014286010500
892.519958000  8.100000000 -0.012118646900
892.544983000  8.100000000 -0.009952442720
892.570007000  8.100000000 -0.007795263550
892.594971000  8.100000000 -0.005654760170
892.619995000  8.100000000 -0.003538273270
892.644958000  8.100000000 -0.001452781730
892.669983000  8.100000000 0.000595177640
892.695007000  8.100000000 0.002599493830
892.719971000  8.100000000 0.004554542710
892.744995000  8.100000000 0.006455199330
892.769958000  8.100000000 0.008296909740
892.794983000  8.100000000 0.010075784300
892.820007000  8.100000000 0.011788606600
892.844971000  8.100000000 0.013432902300
892.869995000  8.100000000 0.015006953900
892.894958000  8.100000000 0.016509810500
892.919983000  8.100000000 0.017941273700
892.945007000  8.100000000 0.019301876400
892.969971000  8.100000000 0.020592814300
892.994995000  8.100000000 0.021815903500
893.019958000  8.100000000 0.022973487200
893.044983000  8.100000000 0.024068363000
893.070007000  8.100000000 0.025103734800
893.094971000  8.100000000 0.026083113600
893.119995000  8.100000000 0.027010267600
893.144958000  8.100000000 0.027889125000
893.169983000  8.100000000 0.028723672000
893.195007000  8.100000000 0.029517902100
893.219971000  8.100000000 0.030275657800
893.244995000  8.100000000 0.031000556400
893.269958000  8.100000000 0.031695887400
893.294983000  8.100000000 0.032364465300
893.320007000  8.100000000 0.033008609000
893.344971000  8.100000000 0.033630061900
893.369995000  8.100000000 0.034229960300
893.394958000  8.100000000 0.034808754900
893.419983000  8.100000000 0.035366196200
893.445007000  8.100000000 0.035901337900
893.469971000  8.100000000 0.036412559400
893.494995000  8.100000000 0.036897569900
893.519958000  8.100000000 0.037353478400
893.544983000  8.100000000 0.037776835300
893.570007000  8.100000000 0.038163702900
893.594971000  8.100000000 0.038509741400
893.619995000  8.100000000 0.038810301600
893.644958000  8.100000000 0.039060484600
893.669983000  8.100000000 0.039255254000
893.695007000  8.100000000 0.039389543200
893.719971000  8.100000000 0.039458368000
893.744995000  8.100000000 0.039456874100
893.769958000  8.100000000 0.039380513100
893.794983000  8.100000000 0.039225008300
893.820007000  8.100000000 0.038986526400
893.844971000  8.100000000 0.038661666200
893.869995000  8.100000000 0.038247548000
893.894958000  8.100000000 0.037741910700
893.919983000  8.100000000 0.037143088900
893.945007000  8.100000000 0.036450106700
893.969971000  8.100000000 0.035662643600
893.994995000  8.100000000 0.034781087200
894.019958000  8.100000000 0.033806528900
894.044983000  8.100000000 0.032740742000
894.070007000  8.100000000 0.031586136700
894.094971000  8.100000000 0.030345704400
894.119995000  8.100000000 0.029022993500
894.144958000  8.100000000 0.027622107400
894.169983000  8.100000000 0.026147650600
894.195007000  8.100000000 0.024604750800
894.219971000  8.100000000 0.022998996100
894.244995000  8.100000000 0.021336384100
894.269958000  8.100000000 0.019623240500
894.294983000  8.100000000 0.017866239000
894.320007000  8.100000000 0.016072331000
894.344971000  8.100000000 0.014248824700
894.369995000  8.100000000 0.012403337300
894.394958000  8.100000000 0.010543803700
894.419983000  8.100000000 0.008678387850
894.445007000  8.100000000 0.006815480530
894.469971000  8.100000000 0.004963656420
894.494995000  8.100000000 0.003131647830
894.519958000  8.100000000 0.001328319660
894.544983000  8.100000000 -0.000437297538
894.570007000  8.100000000 -0.002156057160
894.594971000  8.100000000 -0.003818687520
894.619995000  8.100000000 -0.005415810270
894.644958000  8.100000000 -0.006938069130
894.669983000  8.100000000 -0.008376175540
894.695007000  8.100000000 -0.009721104060
894.719971000  8.100000000 -0.010964129100
894.744995000  8.100000000 -0.012097003900
894.769958000  8.100000000 -0.013112014200
894.794983000  8.100000000 -0.014002097800
894.820007000  8.100000000 -0.014760900300
894.844971000  8.100000000 -0.015382845900
894.869995000  8.100000000 -0.015863180200
894.894958000  8.100000000 -0.016198016700
894.919983000  8.100000000 -0.016384398600
894.945007000  8.100000000 -0.016420304800
894.969971000  8.100000000 -0.016304759300
894.994995000  8.100000000 -0.016037752900
895.019958000  8.100000000 -0.015620253000
895.044983000  8.100000000 -0.015054210100
895.070007000  8.100000000 -0.014342526900
895.094971000  8.100000000 -0.013488966000
895.119995000  8.100000000 -0.012498209300
895.144958000  8.100000000 -0.011375643300
895.169983000  8.100000000 -0.010127434500
895.195007000  8.100000000 -0.008760362860
895.219971000  8.100000000 -0.007281816560
895.244995000  8.100000000 -0.005699717910
895.269958000  8.100000000 -0.004022470210
895.294983000  8.100000000 -0.002258814640
895.320007000  8.100000000 -0.000417866308
895.344971000  8.100000000 0.001491140460
895.369995000  8.100000000 0.003458743220
895.394958000  8.100000000 0.005475462410
895.419983000  8.100000000 0.007531727660
895.445007000  8.100000000 0.009617823180
895.469971000  8.100000000 0.011724100400
895.494995000  8.100000000 0.013840877500
895.519958000  8.100000000 0.015958601600
895.544983000  8.100000000 0.018067818100
895.570007000  8.100000000 0.020159335800
895.594971000  8.100000000 0.022224132000
895.619995000  8.100000000 0.024253482000
895.644958000  8.100000000 0.026238918300
895.669983000  8.100000000 0.028172245200
895.695007000  8.100000000 0.030045516800
895.719971000  8.100000000 0.031851068100
895.744995000  8.100000000 0.033581603300
895.769958000  8.100000000 0.035230189600
895.794983000  8.100000000 0.036790300200
895.820007000  8.100000000 0.038255851700
895.844971000  8.100000000 0.039621315900
895.869995000  8.100000000 0.040881644900
895.894958000  8.100000000 0.042032472800
895.919983000  8.100000000 0.043070022000
895.945007000  8.100000000 0.043991167100
895.969971000  8.100000000 0.044793590900
895.994995000  8.100000000 0.045475550000
896.019958000  8.100000000 0.046036068400
896.044983000  8.100000000 0.046474855400
896.070007000  8.100000000 0.046792354400
896.094971000  8.100000000 0.046989768700
896.119995000  8.100000000 0.047069057800
896.144958000  8.100000000 0.047032918800
896.169983000  8.100000000 0.046884886900
896.195007000  8.100000000 0.046629201600
896.219971000  8.100000000 0.046270780300
896.244995000  8.100000000 0.045815244300
896.269958000  8.100000000 0.045268766600
896.294983000  8.100000000 0.044637922200
896.320007000  8.100000000 0.043929744500
896.344971000  8.100000000 0.043151337700
896.369995000  8.100000000 0.042309992000
896.394958000  8.100000000 0.041412901100
896.419983000  8.100000000 0.040467154200
896.445007000  8.100000000 0.039479561200
896.469971000  8.100000000 0.038456562900
896.494995000  8.100000000 0.037404201900
896.519958000  8.100000000 0.036327946900
896.544983000  8.100000000 0.035232652000
896.570007000  8.100000000 0.034122567600
896.594971000  8.100000000 0.033001255200
896.619995000  8.100000000 0.031871672700
896.644958000  8.100000000 0.030736081300
896.669983000  8.100000000 0.029596088500
896.695007000  8.100000000 0.028452675800
896.719971000  8.100000000 0.027306214000
896.744995000  8.100000000 0.026156492500
896.769958000  8.100000000 0.025002786900
896.794983000  8.100000000 0.023843891900
896.820007000  8.100000000 0.022678203900
896.844971000  8.100000000 0.021503822900
896.869995000  8.100000000 0.020318625500
896.894958000  8.100000000 0.019120458500
896.919983000  8.100000000 0.017907174300
896.945007000  8.100000000 0.016676787300
896.969971000  8.100000000 0.015427535400
896.994995000  8.100000000 0.014157922000
897.019958000  8.100000000 0.012866769900
897.044983000  8.100000000 0.011553278200
897.070007000  8.100000000 0.010217149700
897.094971000  8.100000000 0.008858567100
897.119995000  8.100000000 0.007478320040
897.144958000  8.100000000 0.006077833010
897.169983000  8.100000000 0.004659223840
897.195007000  8.100000000 0.003225273220
897.219971000  8.100000000 0.001779530310
897.244995000  8.100000000 0.000326274370
897.269958000  8.100000000 -0.001129471000
897.294983000  8.100000000 -0.002581994750
897.320007000  8.100000000 -0.004024925180
897.344971000  8.100000000 -0.005451299720
897.369995000  8.100000000 -0.006853638220
897.394958000  8.100000000 -0.008224044930
897.419983000  8.100000000 -0.009554279040
897.445007000  8.100000000 -0.010835927000
897.469971000  8.100000000 -0.012060447600
897.494995000  8.100000000 -0.013219255000
897.519958000  8.100000000 -0.014303778300
897.544983000  8.100000000 -0.015305489300
897.570007000  8.100000000 -0.016216000500
897.594971000  8.100000000 -0.017027124800
897.619995000  8.100000000 -0.017730956900
897.644958000  8.100000000 -0.018319955100
897.669983000  8.100000000 -0.018787052500
897.695007000  8.100000000 -0.019125783800
897.719971000  8.100000000 -0.019330402800
897.744995000  8.100000000 -0.019395932600
897.769958000  8.100000000 -0.019318359000
897.794983000  8.100000000 -0.019094599400
897.820007000  8.100000000 -0.018722634800
897.844971000  8.100000000 -0.018201516900
897.869995000  8.100000000 -0.017531380100
897.894958000  8.100000000 -0.016713501900
897.919983000  8.100000000 -0.015750270300
897.945007000  8.100000000 -0.014645170400
897.969971000  8.100000000 -0.013402758200
897.994995000  8.100000000 -0.012028565600
898.019958000  8.100000000 -0.010529032000
898.044983000  8.100000000 -0.008911476470
898.070007000  8.100000000 -0.007183988110
898.094971000  8.100000000 -0.005355355330
898.119995000  8.100000000 -0.003435025220
898.144958000  8.100000000 -0.001432960040
898.169983000  8.100000000 0.000640405982
898.195007000  8.100000000 0.002774291670
898.219971000  8.100000000 0.004957675000
898.244995000  8.100000000 0.007179419510
898.269958000  8.100000000 0.009428338150
898.294983000  8.100000000 0.011693314600
898.320007000  8.100000000 0.013963377100
898.344971000  8.100000000 0.016227828300
898.369995000  8.100000000 0.018476331600
898.394958000  8.100000000 0.020698988800
898.419983000  8.100000000 0.022886402900
898.445007000  8.100000000 0.025029690900
898.469971000  8.100000000 0.027120463600
898.494995000  8.100000000 0.029150903200
898.519958000  8.100000000 0.031113671100
898.544983000  8.100000000 0.033001992900
898.570007000  8.100000000 0.034809671300
898.594971000  8.100000000 0.036531124300
898.619995000  8.100000000 0.038161445400
898.644958000  8.100000000 0.039696402800
898.669983000  8.100000000 0.041132427800
898.695007000  8.100000000 0.042466688900
898.719971000  8.100000000 0.043697033100
898.744995000  8.100000000 0.044821981300
898.769958000  8.100000000 0.045840721600
898.794983000  8.100000000 0.046753067500
898.820007000  8.100000000 0.047559395400
898.844971000  8.100000000 0.048260659000
898.869995000  8.100000000 0.048858285000
898.894958000  8.100000000 0.049354143400
898.919983000  8.100000000 0.049750462200
898.945007000  8.100000000 0.050049789200
898.969971000  8.100000000 0.050254885100
898.994995000  8.100000000 0.050368677800
899.019958000  8.100000000 0.050394192300
899.044983000  8.100000000 0.050334487100
899.070007000  8.100000000 0.050192594500
899.094971000  8.100000000 0.049971424000
899.119995000  8.100000000 0.049673687700
899.144958000  8.100000000 0.049301747200
899.169983000  8.100000000 0.048857543600
899.195007000  8.100000000 0.048342488700
899.219971000  8.100000000 0.047757394600
899.244995000  8.100000000 0.047102421500
899.269958000  8.100000000 0.046377096300
899.294983000  8.100000000 0.045580282800
899.320007000  8.100000000 0.044710282200
899.344971000  8.100000000 0.043764844500
899.369995000  8.100000000 0.042741231600
899.394958000  8.100000000 0.041636258400
899.419983000  8.100000000 0.040446411800
899.445007000  8.100000000 0.039167910800
899.469971000  8.100000000 0.037796858700
899.494995000  8.100000000 0.036329325300
899.519958000  8.100000000 0.034761451200
899.544983000  8.100000000 0.033089518500
899.570007000  8.100000000 0.031310055400
899.594971000  8.100000000 0.029419893400
899.619995000  8.100000000 0.027416313100
899.644958000  8.100000000 0.025297066200
899.669983000  8.100000000 0.023060483900
899.695007000  8.100000000 0.020705504300
899.719971000  8.100000000 0.018231701100
899.744995000  8.100000000 0.015639349800
899.769958000  8.100000000 0.012929379900
899.794983000  8.100000000 0.010103400800
899.820007000  8.100000000 0.007163750010
899.844971000  8.100000000 0.004113473460
899.869995000  8.100000000 0.000956342090
899.894958000  8.100000000 -0.002303099960
899.919983000  8.100000000 -0.005659531800
899.945007000  8.100000000 -0.009106895890
899.969971000  8.100000000 -0.012638430100
899.994995000  8.100000000 -0.016246728600
900.019958000  8.100000000 -0.019923791300
900.044983000  8.100000000 -0.023661099400
900.070007000  8.100000000 -0.027449626500
900.094971000  8.100000000 -0.031279910400
900.119995000  8.100000000 -0.035142090200
900.144958000  8.100000000 -0.039025887800
900.169983000  8.100000000 -0.042920704900
900.195007000  8.100000000 -0.046815488500
900.219971000  8.100000000 -0.050699029100
900.244995000  8.100000000 -0.054559782100
900.269958000  8.100000000 -0.058386057600
900.294983000  8.100000000 -0.062166027700
900.320007000  8.100000000 -0.065887756600
900.344971000  8.100000000 -0.069539278700
900.369995000  8.100000000 -0.073108680500
900.394958000  8.100000000 -0.076584048600
900.419983000  8.100000000 -0.079953558700
900.445007000  8.100000000 -0.083205565800
900.469971000  8.100000000 -0.086328618200
900.494995000  8.100000000 -0.089311510300
900.519958000  8.100000000 -0.092143267400
900.544983000  8.100000000 -0.094813346900
900.570007000  8.100000000 -0.097311519100
900.594971000  8.100000000 -0.099628083400
900.619995000  8.100000000 -0.101753943000
900.644958000  8.100000000 -0.103680551000
900.669983000  8.100000000 -0.105400249000
900.695007000  8.100000000 -0.106906138000
900.719971000  8.100000000 -0.108192295000
900.744995000  8.100000000 -0.109253831000
900.769958000  8.100000000 -0.110086828000
900.794983000  8.100000000 -0.110688366000
900.820007000  8.100000000 -0.111056693000
900.844971000  8.100000000 -0.111191079000
900.869995000  8.100000000 -0.111091837000
900.894958000  8.100000000 -0.110760525000
900.919983000  8.100000000 -0.110199817000
900.945007000  8.100000000 -0.109413572000
900.969971000  8.100000000 -0.108406827000
900.994995000  8.100000000 -0.107185848000
901.019958000  8.100000000 -0.105758019000
901.044983000  8.100000000 -0.104131863000
901.070007000  8.100000000 -0.102316871000
901.094971000  8.100000000 -0.100323550000
901.119995000  8.100000000 -0.098163239700
901.144958000  8.100000000 -0.095848083500
901.169983000  8.100000000 -0.093390837300
901.195007000  8.100000000 -0.090804763100
901.219971000  8.100000000 -0.088103495500
901.244995000  8.100000000 -0.085301011800
901.269958000  8.100000000 -0.082411438200
901.294983000  8.100000000 -0.079448878800
901.320007000  8.100000000 -0.076427474600
901.344971000  8.100000000 -0.073361143500
901.369995000  8.100000000 -0.070263564600
901.394958000  8.100000000 -0.067148022400
901.419983000  8.100000000 -0.064027480800
901.445007000  8.100000000 -0.060914404700
901.469971000  8.100000000 -0.057820770900
901.494995000  8.100000000 -0.054758068200
901.519958000  8.100000000 -0.051737289900
901.544983000  8.100000000 -0.048768859400
901.570007000  8.100000000 -0.045862641200
901.594971000  8.100000000 -0.043027903900
901.619995000  8.100000000 -0.040273305000
901.644958000  8.100000000 -0.037606779500
901.669983000  8.100000000 -0.035035591600
901.695007000  8.100000000 -0.032566282900
901.719971000  8.100000000 -0.030204596000
901.744995000  8.100000000 -0.027955548800
901.769958000  8.100000000 -0.025823360300
901.794983000  8.100000000 -0.023811487500
901.820007000  8.100000000 -0.021922653500
901.844971000  8.100000000 -0.020158872000
901.869995000  8.100000000 -0.018521478400
901.894958000  8.100000000 -0.017011214000
901.919983000  8.100000000 -0.015628261500
901.945007000  8.100000000 -0.014372314300
901.969971000  8.100000000 -0.013242594000
901.994995000  8.100000000 -0.012237888800
902.019958000  8.100000000 -0.011356565200
902.044983000  8.100000000 -0.010596578000
902.070007000  8.100000000 -0.009955477900
902.094971000  8.100000000 -0.009430432690
902.119995000  8.100000000 -0.009018217210
902.144958000  8.100000000 -0.008715255190
902.169983000  8.100000000 -0.008517655540
902.195007000  8.100000000 -0.008421192880
902.219971000  8.100000000 -0.008421393110
902.244995000  8.100000000 -0.008513547480
902.269958000  8.100000000 -0.008692741390
902.294983000  8.100000000 -0.008953938260
902.320007000  8.100000000 -0.009292002770
902.344971000  8.100000000 -0.009701753970
902.369995000  8.100000000 -0.010178089100
902.394958000  8.100000000 -0.010715928900
902.419983000  8.100000000 -0.011310346400
902.445007000  8.100000000 -0.011956548300
902.469971000  8.100000000 -0.012649994300
902.494995000  8.100000000 -0.013386350100
902.519958000  8.100000000 -0.014161530900
902.544983000  8.100000000 -0.014971664200
902.570007000  8.100000000 -0.015813063800
902.594971000  8.100000000 -0.016682243000
902.619995000  8.100000000 -0.017575863700
902.644958000  8.100000000 -0.018490755900
902.669983000  8.100000000 -0.019423846200
902.695007000  8.100000000 -0.020372150500
902.719971000  8.100000000 -0.021332722200
902.744995000  8.100000000 -0.022302620100
902.769958000  8.100000000 -0.023278893900
902.794983000  8.100000000 -0.024258511100
902.820007000  8.100000000 -0.025238376100
902.844971000  8.100000000 -0.026215249700
902.869995000  8.100000000 -0.027185762300
902.894958000  8.100000000 -0.028146382400
902.919983000  8.100000000 -0.029093418300
902.945007000  8.100000000 -0.030022993700
902.969971000  8.100000000 -0.030931038800
902.994995000  8.100000000 -0.031813301100
903.019958000  8.100000000 -0.032665405400
903.044983000  8.100000000 -0.033482883100
903.070007000  8.100000000 -0.034261215500
903.094971000  8.100000000 -0.034995898600
903.119995000  8.100000000 -0.035682465900
903.144958000  8.100000000 -0.036316558700
903.169983000  8.100000000 -0.036893978700
903.195007000  8.100000000 -0.037410765900
903.219971000  8.100000000 -0.037863273200
903.244995000  8.100000000 -0.038248192500
903.269958000  8.100000000 -0.038562614500
903.294983000  8.100000000 -0.038803976000
903.320007000  8.100000000 -0.038970138900
903.344971000  8.100000000 -0.039059322300
903.369995000  8.100000000 -0.039070174100
903.394958000  8.100000000 -0.039001718200
903.419983000  8.100000000 -0.038853444200
903.445007000  8.100000000 -0.038625273900
903.469971000  8.100000000 -0.038317602100
903.494995000  8.100000000 -0.037931267200
903.519958000  8.100000000 -0.037467554200
903.544983000  8.100000000 -0.036928188100
903.570007000  8.100000000 -0.036315269800
903.594971000  8.100000000 -0.035631187300
903.619995000  8.100000000 -0.034878600400
903.644958000  8.100000000 -0.034060351600
903.669983000  8.100000000 -0.033179432200
903.695007000  8.100000000 -0.032238941600
903.719971000  8.100000000 -0.031242035300
903.744995000  8.100000000 -0.030191913200
903.769958000  8.100000000 -0.029091846200
903.794983000  8.100000000 -0.027945129200
903.820007000  8.100000000 -0.026755148500
903.844971000  8.100000000 -0.025525348300
903.869995000  8.100000000 -0.024259263600
903.894958000  8.100000000 -0.022960543600
903.919983000  8.100000000 -0.021632947000
903.945007000  8.100000000 -0.020280368600
903.969971000  8.100000000 -0.018906811300
903.994995000  8.100000000 -0.017516432300
904.019958000  8.100000000 -0.016113434000
904.044983000  8.100000000 -0.014702037900
904.070007000  8.100000000 -0.013286423900
904.094971000  8.100000000 -0.011870618900
904.119995000  8.100000000 -0.010458421000
904.144958000  8.100000000 -0.009053372780
904.169983000  8.100000000 -0.007658700460
904.195007000  8.100000000 -0.006277295300
904.219971000  8.100000000 -0.004911699330
904.244995000  8.100000000 -0.003564082780
904.269958000  8.100000000 -0.002236271040
904.294983000  8.100000000 -0.000929706439
904.320007000  8.100000000 0.000354493444
904.344971000  8.100000000 0.001615531630
904.369995000  8.100000000 0.002852906710
904.394958000  8.100000000 0.004066382070
904.419983000  8.100000000 0.005256001370
904.445007000  8.100000000 0.006422039120
904.469971000  8.100000000 0.007565041540
904.494995000  8.100000000 0.008685749960
904.519958000  8.100000000 0.009785154830
904.544983000  8.100000000 0.010864370500
904.570007000  8.100000000 0.011924652400
904.594971000  8.100000000 0.012967342500
904.619995000  8.100000000 0.013993782900
904.644958000  8.100000000 0.015005341700
904.669983000  8.100000000 0.016003334900
904.695007000  8.100000000 0.016988957300
904.719971000  8.100000000 0.017963280900
904.744995000  8.100000000 0.018927151300
904.769958000  8.100000000 0.019881179600
904.794983000  8.100000000 0.020825834900
904.820007000  8.100000000 0.021761311200
904.844971000  8.100000000 0.022687744300
904.869995000  8.100000000 0.023605035600
904.894958000  8.100000000 0.024512931700
904.919983000  8.100000000 0.025411093600
904.945007000  8.100000000 0.026299018400
904.969971000  8.100000000 0.027176108200
904.994995000  8.100000000 0.028041698000
905.019958000  8.100000000 0.028894966500
905.044983000  8.100000000 0.029735041800
905.070007000  8.100000000 0.030560934900
905.094971000  8.100000000 0.031371541300
905.119995000  8.100000000 0.032165717300
905.144958000  8.100000000 0.032942179600
905.169983000  8.100000000 0.033699568400
905.195007000  8.100000000 0.034436512700
905.219971000  8.100000000 0.035151466700
905.244995000  8.100000000 0.035842847100
905.269958000  8.100000000 0.036509115200
905.294983000  8.100000000 0.037148676800
905.320007000  8.100000000 0.037760056600
905.344971000  8.100000000 0.038341790400
905.369995000  8.100000000 0.038892477800
905.394958000  8.100000000 0.039410695400
905.419983000  8.100000000 0.039895083800
905.445007000  8.100000000 0.040344242000
905.469971000  8.100000000 0.040756855200
905.494995000  8.100000000 0.041131671500
905.519958000  8.100000000 0.041467506400
905.544983000  8.100000000 0.041763354100
905.570007000  8.100000000 0.042018346500
905.594971000  8.100000000 0.042231895000
905.619995000  8.100000000 0.042403642100
905.644958000  8.100000000 0.042533516900
905.669983000  8.100000000 0.042621765300
905.695007000  8.100000000 0.042668942400
905.719971000  8.100000000 0.042675949600
905.744995000  8.100000000 0.042644009000
905.769958000  8.100000000 0.042574647800
905.794983000  8.100000000 0.042469572300
905.820007000  8.100000000 0.042330693500
905.844971000  8.100000000 0.042160023000
905.869995000  8.100000000 0.041959647100
905.894958000  8.100000000 0.041731722700
905.919983000  8.100000000 0.041478406600
905.945007000  8.100000000 0.041201829900
905.969971000  8.100000000 0.040904108400
905.994995000  8.100000000 0.040587272500
906.019958000  8.100000000 0.040253374700
906.044983000  8.100000000 0.039904408200
906.070007000  8.100000000 0.039542425400
906.094971000  8.100000000 0.039169456800
906.119995000  8.100000000 0.038787595900
906.144958000  8.100000000 0.038398947600
906.169983000  8.100000000 0.038005642600
906.195007000  8.100000000 0.037609849100
906.219971000  8.100000000 0.037213731600
906.244995000  8.100000000 0.036819484100
906.269958000  8.100000000 0.036429312100
906.294983000  8.100000000 0.036045368800
906.320007000  8.100000000 0.035669773800
906.344971000  8.100000000 0.035304546400
906.369995000  8.100000000 0.034951601200
906.394958000  8.100000000 0.034612696600
906.419983000  8.100000000 0.034289430800
906.445007000  8.100000000 0.033983182200
906.469971000  8.100000000 0.033695172500
906.494995000  8.100000000 0.033426422600
906.519958000  8.100000000 0.033177796800
906.544983000  8.100000000 0.032949980300
906.570007000  8.100000000 0.032743524800
906.594971000  8.100000000 0.032558746600
906.619995000  8.100000000 0.032395839700
906.644958000  8.100000000 0.032254777800
906.669983000  8.100000000 0.032135374800
906.695007000  8.100000000 0.032037247000
906.719971000  8.100000000 0.031959813100
906.744995000  8.100000000 0.031902235000
906.769958000  8.100000000 0.031863413800
906.794983000  8.100000000 0.031841948600
906.820007000  8.100000000 0.031836111100
906.844971000  8.100000000 0.031843867200
906.869995000  8.100000000 0.031862858700
906.894958000  8.100000000 0.031890425800
906.919983000  8.100000000 0.031923603300
906.945007000  8.100000000 0.031959217000
906.969971000  8.100000000 0.031993862200
906.994995000  8.100000000 0.032023992400
907.019958000  8.100000000 0.032045964200
907.044983000  8.100000000 0.032056067100
907.070007000  8.100000000 0.032050587200
907.094971000  8.100000000 0.032025884800
907.119995000  8.100000000 0.031978379900
907.144958000  8.100000000 0.031904630400
907.169983000  8.100000000 0.031801398800
907.195007000  8.100000000 0.031665593400
907.219971000  8.100000000 0.031494345500
907.244995000  8.100000000 0.031285055000
907.269958000  8.100000000 0.031035348800
907.294983000  8.100000000 0.030743205900
907.320007000  8.100000000 0.030406836400
907.344971000  8.100000000 0.030024820900
907.369995000  8.100000000 0.029596090300
907.394958000  8.100000000 0.029120011300
907.419983000  8.100000000 0.028596347200
907.445007000  8.100000000 0.028025379400
907.469971000  8.100000000 0.027407765400
907.494995000  8.100000000 0.026744600400
907.519958000  8.100000000 0.026037350300
907.544983000  8.100000000 0.025287793900
907.570007000  8.100000000 0.024498079000
907.594971000  8.100000000 0.023670608200
907.619995000  8.100000000 0.022808061900
907.644958000  8.100000000 0.021913355200
907.669983000  8.100000000 0.020989632200
907.695007000  8.100000000 0.020040223400
907.719971000  8.100000000 0.019068624800
907.744995000  8.100000000 0.018078425900
907.769958000  8.100000000 0.017073262500
907.794983000  8.100000000 0.016056841200
907.820007000  8.100000000 0.015032914500
907.844971000  8.100000000 0.014005263300
907.869995000  8.100000000 0.012977718400
907.894958000  8.100000000 0.011954082200
907.919983000  8.100000000 0.010938115400
907.945007000  8.100000000 0.009933483790
907.969971000  8.100000000 0.008943768220
907.994995000  8.100000000 0.007972474210
908.019958000  8.100000000 0.007023030430
908.044983000  8.100000000 0.006098805930
908.070007000  8.100000000 0.005203084550
908.094971000  8.100000000 0.004339093340
908.119995000  8.100000000 0.003509938720
908.144958000  8.100000000 0.002718602540
908.169983000  8.100000000 0.001967848280
908.195007000  8.100000000 0.001260149870
908.219971000  8.100000000 0.000597603852
908.244995000  8.100000000 -0.000018128465
908.269958000  8.100000000 -0.000585907896
908.294983000  8.100000000 -0.001105108530
908.320007000  8.100000000 -0.001575687200
908.344971000  8.100000000 -0.001998224530
908.369995000  8.100000000 -0.002373860680
908.394958000  8.100000000 -0.002704339570
908.419983000  8.100000000 -0.002991968530
908.445007000  8.100000000 -0.003239579730
908.469971000  8.100000000 -0.003450547580
908.494995000  8.100000000 -0.003628723090
908.519958000  8.100000000 -0.003778409680
908.544983000  8.100000000 -0.003904288870
908.570007000  8.100000000 -0.004011338580
908.594971000  8.100000000 -0.004104791210
908.619995000  8.100000000 -0.004190066360
908.644958000  8.100000000 -0.004272735680
908.669983000  8.100000000 -0.004358480220
908.695007000  8.100000000 -0.004453042060
908.719971000  8.100000000 -0.004562233570
908.744995000  8.100000000 -0.004691839220
908.769958000  8.100000000 -0.004847646690
908.794983000  8.100000000 -0.005035311910
908.820007000  8.100000000 -0.005260453090
908.844971000  8.100000000 -0.005528511480
908.869995000  8.100000000 -0.005844774660
908.894958000  8.100000000 -0.006214266640
908.919983000  8.100000000 -0.006641676180
908.945007000  8.100000000 -0.007131352560
908.969971000  8.100000000 -0.007687207310
908.994995000  8.100000000 -0.008312745950
909.019958000  8.100000000 -0.009011012500
909.044983000  8.100000000 -0.009784583930
909.070007000  8.100000000 -0.010635474700
909.094971000  8.100000000 -0.011565205600
909.119995000  8.100000000 -0.012574664300
909.144958000  8.100000000 -0.013664130100
909.169983000  8.100000000 -0.014833200700
909.195007000  8.100000000 -0.016080753900
909.219971000  8.100000000 -0.017404971600
909.244995000  8.100000000 -0.018803311500
909.269958000  8.100000000 -0.020272590200
909.294983000  8.100000000 -0.021809050800
909.320007000  8.100000000 -0.023408362600
909.344971000  8.100000000 -0.025065647400
909.369995000  8.100000000 -0.026775447700
909.394958000  8.100000000 -0.028531743200
909.419983000  8.100000000 -0.030327923600
909.445007000  8.100000000 -0.032156910700
909.469971000  8.100000000 -0.034011147900
909.494995000  8.100000000 -0.035882718900
909.519958000  8.100000000 -0.037763319900
909.544983000  8.100000000 -0.039644304700
909.570007000  8.100000000 -0.041516732400
909.594971000  8.100000000 -0.043371371900
909.619995000  8.100000000 -0.045198768400
909.644958000  8.100000000 -0.046989250900
909.669983000  8.100000000 -0.048733074200
909.695007000  8.100000000 -0.050420418400
909.719971000  8.100000000 -0.052041534300
909.744995000  8.100000000 -0.053586747500
909.769958000  8.100000000 -0.055046547200
909.794983000  8.100000000 -0.056411616500
909.820007000  8.100000000 -0.057672884300
909.844971000  8.100000000 -0.058821592500
909.869995000  8.100000000 -0.059849310700
909.894958000  8.100000000 -0.060748051900
909.919983000  8.100000000 -0.061510276000
909.945007000  8.100000000 -0.062128890300
909.969971000  8.100000000 -0.062597401400
909.994995000  8.100000000 -0.062909893700
910.019958000  8.100000000 -0.063061080900
910.044983000  8.100000000 -0.063046366000
910.070007000  8.100000000 -0.062861837400
910.094971000  8.100000000 -0.062504239400
910.119995000  8.100000000 -0.061971087000
910.144958000  8.100000000 -0.061260573600
910.169983000  8.100000000 -0.060371726800
910.195007000  8.100000000 -0.059304289500
910.219971000  8.100000000 -0.058058835600
910.244995000  8.100000000 -0.056636747000
910.269958000  8.100000000 -0.055040236600
910.294983000  8.100000000 -0.053272299500
910.320007000  8.100000000 -0.051336757800
910.344971000  8.100000000 -0.049238234800
910.369995000  8.100000000 -0.046982105800
910.394958000  8.100000000 -0.044574625800
910.419983000  8.100000000 -0.042022723700
910.445007000  8.100000000 -0.039334211500
910.469971000  8.100000000 -0.036517541900
910.494995000  8.100000000 -0.033581856600
910.519958000  8.100000000 -0.030536785700
910.544983000  8.100000000 -0.027392488000
910.570007000  8.100000000 -0.024159535800
910.594971000  8.100000000 -0.020848844200
910.619995000  8.100000000 -0.017471652500
910.644958000  8.100000000 -0.014039355300
910.669983000  8.100000000 -0.010563467600
910.695007000  8.100000000 -0.007055491670
910.719971000  8.100000000 -0.003526855960
910.744995000  8.100000000 0.000011216248
910.769958000  8.100000000 0.003547738540
910.794983000  8.100000000 0.007072100420
910.820007000  8.100000000 0.010574086600
910.844971000  8.100000000 0.014043987700
910.869995000  8.100000000 0.017472637800
910.894958000  8.100000000 0.020851442600
910.919983000  8.100000000 0.024172406600
910.945007000  8.100000000 0.027428053300
910.969971000  8.100000000 0.030611438700
910.994995000  8.100000000 0.033716071400
911.019958000  8.100000000 0.036735925800
911.044983000  8.100000000 0.039665445700
911.070007000  8.100000000 0.042499456600
911.094971000  8.100000000 0.045233152800
911.119995000  8.100000000 0.047862034300
911.144958000  8.100000000 0.050381783400
911.169983000  8.100000000 0.052788369400
911.195007000  8.100000000 0.055077876900
911.219971000  8.100000000 0.057246606800
911.244995000  8.100000000 0.059291049800
911.269958000  8.100000000 0.061207935200
911.294983000  8.100000000 0.062994256600
911.320007000  8.100000000 0.064647287100
911.344971000  8.100000000 0.066164650000
911.369995000  8.100000000 0.067544296400
911.394958000  8.100000000 0.068784445500
911.419983000  8.100000000 0.069883607300
911.445007000  8.100000000 0.070840634400
911.469971000  8.100000000 0.071654707200
911.494995000  8.100000000 0.072325259400
911.519958000  8.100000000 0.072852231600
911.544983000  8.100000000 0.073235817300
911.570007000  8.100000000 0.073476627500
911.594971000  8.100000000 0.073575556300
911.619995000  8.100000000 0.073533885200
911.644958000  8.100000000 0.073353223500
911.669983000  8.100000000 0.073035515800
911.695007000  8.100000000 0.072583198500
911.719971000  8.100000000 0.071999058100
911.744995000  8.100000000 0.071286439900
911.769958000  8.100000000 0.070449151100
911.794983000  8.100000000 0.069491565200
911.820007000  8.100000000 0.068418636900
911.844971000  8.100000000 0.067235909400
911.869995000  8.100000000 0.065949618800
911.894958000  8.100000000 0.064566567500
911.919983000  8.100000000 0.063094198700
911.945007000  8.100000000 0.061540678100
911.969971000  8.100000000 0.059914693200
911.994995000  8.100000000 0.058225389600
912.019958000  8.100000000 0.056482370900
912.044983000  8.100000000 0.054695606200
912.070007000  8.100000000 0.052875168600
912.094971000  8.100000000 0.051031343600
912.119995000  8.100000000 0.049174338600
912.144958000  8.100000000 0.047314282500
912.169983000  8.100000000 0.045461133100
912.195007000  8.100000000 0.043624538900
912.219971000  8.100000000 0.041813835500
912.244995000  8.100000000 0.040037885300
912.269958000  8.100000000 0.038305133600
912.294983000  8.100000000 0.036623463000
912.320007000  8.100000000 0.035000212500
912.344971000  8.100000000 0.033441983200
912.369995000  8.100000000 0.031954679600
912.394958000  8.100000000 0.030543409300
912.419983000  8.100000000 0.029212381700
912.445007000  8.100000000 0.027964931000
912.469971000  8.100000000 0.026803383600
912.494995000  8.100000000 0.025729171900
912.519958000  8.100000000 0.024742715100
912.544983000  8.100000000 0.023843569700
912.570007000  8.100000000 0.023030320200
912.594971000  8.100000000 0.022300731400
912.619995000  8.100000000 0.021651729900
912.644958000  8.100000000 0.021079571900
912.669983000  8.100000000 0.020579861500
912.695007000  8.100000000 0.020147718500
912.719971000  8.100000000 0.019777879100
912.744995000  8.100000000 0.019464818800
912.769958000  8.100000000 0.019202835900
912.794983000  8.100000000 0.018986137600
912.820007000  8.100000000 0.018808938600
912.844971000  8.100000000 0.018665542800
912.869995000  8.100000000 0.018550401600
912.894958000  8.100000000 0.018458234100
912.919983000  8.100000000 0.018384072900
912.945007000  8.100000000 0.018323354400
912.969971000  8.100000000 0.018272010600
912.994995000  8.100000000 0.018226536000
913.019958000  8.100000000 0.018183993200
913.044983000  8.100000000 0.018142044500
913.070007000  8.100000000 0.018099011900
913.094971000  8.100000000 0.018053880000
913.119995000  8.100000000 0.018006347100
913.144958000  8.100000000 0.017956817500
913.169983000  8.100000000 0.017906382700
913.195007000  8.100000000 0.017856787900
913.219971000  8.100000000 0.017810415500
913.244995000  8.100000000 0.017770191700
913.269958000  8.100000000 0.017739610700
913.294983000  8.100000000 0.017722571300
913.320007000  8.100000000 0.017723359200
913.344971000  8.100000000 0.017746482000
913.369995000  8.100000000 0.017796604000
913.394958000  8.100000000 0.017878474700
913.419983000  8.100000000 0.017996823400
913.445007000  8.100000000 0.018156293800
913.469971000  8.100000000 0.018361346800
913.494995000  8.100000000 0.018616203200
913.519958000  8.100000000 0.018924718700
913.544983000  8.100000000 0.019290354100
913.570007000  8.100000000 0.019716071000
913.594971000  8.100000000 0.020204227400
913.619995000  8.100000000 0.020756520300
913.644958000  8.100000000 0.021373862400
913.669983000  8.100000000 0.022056380300
913.695007000  8.100000000 0.022803369900
913.719971000  8.100000000 0.023613322500
913.744995000  8.100000000 0.024483937800
913.769958000  8.100000000 0.025412105000
913.794983000  8.100000000 0.026393856900
913.820007000  8.100000000 0.027424326200
913.844971000  8.100000000 0.028497707100
913.869995000  8.100000000 0.029607256900
913.894958000  8.100000000 0.030745351700
913.919983000  8.100000000 0.031903553800
913.945007000  8.100000000 0.033072780800
913.969971000  8.100000000 0.034243363900
913.994995000  8.100000000 0.035405203700
914.019958000  8.100000000 0.036547884300
914.044983000  8.100000000 0.037660751500
914.070007000  8.100000000 0.038733162000
914.094971000  8.100000000 0.039754524800
914.119995000  8.100000000 0.040714487400
914.144958000  8.100000000 0.041603103300
914.169983000  8.100000000 0.042410973500
914.195007000  8.100000000 0.043129369600
914.219971000  8.100000000 0.043750379200
914.244995000  8.100000000 0.044266924300
914.269958000  8.100000000 0.044672850500
914.294983000  8.100000000 0.044962957500
914.320007000  8.100000000 0.045132998400
914.344971000  8.100000000 0.045179706100
914.369995000  8.100000000 0.045100737400
914.394958000  8.100000000 0.044894658000
914.419983000  8.100000000 0.044560872000
914.445007000  8.100000000 0.044099591700
914.469971000  8.100000000 0.043511796700
914.494995000  8.100000000 0.042799197100
914.519958000  8.100000000 0.041964110000
914.544983000  8.100000000 0.041009463400
914.570007000  8.100000000 0.039938624900
914.594971000  8.100000000 0.038755394500
914.619995000  8.100000000 0.037463922100
914.644958000  8.100000000 0.036068663000
914.669983000  8.100000000 0.034574288900
914.695007000  8.100000000 0.032985672400
914.719971000  8.100000000 0.031307831400
914.744995000  8.100000000 0.029545899500
914.769958000  8.100000000 0.027705105000
914.794983000  8.100000000 0.025790741700
914.820007000  8.100000000 0.023808168200
914.844971000  8.100000000 0.021762810600
914.869995000  8.100000000 0.019660133900
914.894958000  8.100000000 0.017505662500
914.919983000  8.100000000 0.015304992000
914.945007000  8.100000000 0.013063775400
914.969971000  8.100000000 0.010787712400
914.994995000  8.100000000 0.008482517670
915.019958000  8.100000000 0.006153898780
915.044983000  8.100000000 0.003807513510
915.070007000  8.100000000 0.001448929540
915.094971000  8.100000000 -0.000916379329
915.119995000  8.100000000 -0.003283124880
915.144958000  8.100000000 -0.005646209230
915.169983000  8.100000000 -0.008000743580
915.195007000  8.100000000 -0.010342049400
915.219971000  8.100000000 -0.012665661100
915.244995000  8.100000000 -0.014967324200
915.269958000  8.100000000 -0.017242988600
915.294983000  8.100000000 -0.019488822700
915.320007000  8.100000000 -0.021701199900
915.344971000  8.100000000 -0.023876700600
915.369995000  8.100000000 -0.026012070500
915.394958000  8.100000000 -0.028104171200
915.419983000  8.100000000 -0.030149955300
915.445007000  8.100000000 -0.032146375600
915.469971000  8.100000000 -0.034090414600
915.494995000  8.100000000 -0.035978991500
915.519958000  8.100000000 -0.037809021800
915.544983000  8.100000000 -0.039577364900
915.570007000  8.100000000 -0.041280921500
915.594971000  8.100000000 -0.042916514000
915.619995000  8.100000000 -0.044481102400
915.644958000  8.100000000 -0.045971695300
915.669983000  8.100000000 -0.047385431800
915.695007000  8.100000000 -0.048719599800
915.719971000  8.100000000 -0.049971636400
915.744995000  8.100000000 -0.051139194500
915.769958000  8.100000000 -0.052220102400
915.794983000  8.100000000 -0.053212396800
915.820007000  8.100000000 -0.054114364100
915.844971000  8.100000000 -0.054924503000
915.869995000  8.100000000 -0.055641636300
915.894958000  8.100000000 -0.056264761800
915.919983000  8.100000000 -0.056793216600
915.945007000  8.100000000 -0.057226628100
915.969971000  8.100000000 -0.057564843400
915.994995000  8.100000000 -0.057808104900
916.019958000  8.100000000 -0.057956866900
916.044983000  8.100000000 -0.058011956500
916.070007000  8.100000000 -0.057974372100
916.094971000  8.100000000 -0.057845424900
916.119995000  8.100000000 -0.057626560300
916.144958000  8.100000000 -0.057319399000
916.169983000  8.100000000 -0.056925579900
916.195007000  8.100000000 -0.056446783200
916.219971000  8.100000000 -0.055884592200
916.244995000  8.100000000 -0.055240467200
916.269958000  8.100000000 -0.054515786500
916.294983000  8.100000000 -0.053711704900
916.320007000  8.100000000 -0.052829302800
916.344971000  8.100000000 -0.051869493000
916.369995000  8.100000000 -0.050833109800
916.394958000  8.100000000 -0.049720957900
916.419983000  8.100000000 -0.048533868000
916.445007000  8.100000000 -0.047272764100
916.469971000  8.100000000 -0.045938760000
916.494995000  8.100000000 -0.044533222900
916.519958000  8.100000000 -0.043057754600
916.544983000  8.100000000 -0.041514251400
916.570007000  8.100000000 -0.039904903600
916.594971000  8.100000000 -0.038232203600
916.619995000  8.100000000 -0.036498941500
916.644958000  8.100000000 -0.034708164600
916.669983000  8.100000000 -0.032863173600
916.695007000  8.100000000 -0.030967533600
916.719971000  8.100000000 -0.029024997700
916.744995000  8.100000000 -0.027039550200
916.769958000  8.100000000 -0.025015404400
916.794983000  8.100000000 -0.022956948700
916.820007000  8.100000000 -0.020868785700
916.844971000  8.100000000 -0.018755674400
916.869995000  8.100000000 -0.016622521000
916.894958000  8.100000000 -0.014474390100
916.919983000  8.100000000 -0.012316411400
916.945007000  8.100000000 -0.010153777000
916.969971000  8.100000000 -0.007991635240
916.994995000  8.100000000 -0.005835070740
917.019958000  8.100000000 -0.003689081870
917.044983000  8.100000000 -0.001558560990
917.070007000  8.100000000 0.000551686157
917.094971000  8.100000000 0.002636953960
917.119995000  8.100000000 0.004692621990
917.144958000  8.100000000 0.006714163350
917.169983000  8.100000000 0.008697122340
917.195007000  8.100000000 0.010637120300
917.219971000  8.100000000 0.012529830400
917.244995000  8.100000000 0.014370974200
917.269958000  8.100000000 0.016156302800
917.294983000  8.100000000 0.017881600200
917.320007000  8.100000000 0.019542688500
917.344971000  8.100000000 0.021135455000
917.369995000  8.100000000 0.022655865200
917.394958000  8.100000000 0.024099962800
917.419983000  8.100000000 0.025463858600
917.445007000  8.100000000 0.026743754700
917.469971000  8.100000000 0.027935925900
917.494995000  8.100000000 0.029036749200
917.519958000  8.100000000 0.030042709800
917.544983000  8.100000000 0.030950440100
917.570007000  8.100000000 0.031756769900
917.594971000  8.100000000 0.032458838100
917.619995000  8.100000000 0.033054105900
917.644958000  8.100000000 0.033540405300
917.669983000  8.100000000 0.033915974200
917.695007000  8.100000000 0.034179344800
917.719971000  8.100000000 0.034329485100
917.744995000  8.100000000 0.034365657700
917.769958000  8.100000000 0.034287523500
917.794983000  8.100000000 0.034095019100
917.820007000  8.100000000 0.033788446300
917.844971000  8.100000000 0.033368382600
917.869995000  8.100000000 0.032835606500
917.894958000  8.100000000 0.032191149900
917.919983000  8.100000000 0.031436257100
917.945007000  8.100000000 0.030572403200
917.969971000  8.100000000 0.029601343000
917.994995000  8.100000000 0.028525138300
918.019958000  8.100000000 0.027346121100
918.044983000  8.100000000 0.026066975700
918.070007000  8.100000000 0.024690803100
918.094971000  8.100000000 0.023221099700
918.119995000  8.100000000 0.021661780800
918.144958000  8.100000000 0.020017143300
918.169983000  8.100000000 0.018291898100
918.195007000  8.100000000 0.016491098300
918.219971000  8.100000000 0.014620158800
918.244995000  8.100000000 0.012684851900
918.269958000  8.100000000 0.010691252500
918.294983000  8.100000000 0.008645792490
918.320007000  8.100000000 0.006555240140
918.344971000  8.100000000 0.004426688890
918.369995000  8.100000000 0.002267559760
918.394958000  8.100000000 0.000085579530
918.419983000  8.100000000 -0.002111306410
918.445007000  8.100000000 -0.004314955790
918.469971000  8.100000000 -0.006517148110
918.494995000  8.100000000 -0.008709630000
918.519958000  8.100000000 -0.010884244000
918.544983000  8.100000000 -0.013033050100
918.570007000  8.100000000 -0.015148425500
918.594971000  8.100000000 -0.017223097400
918.619995000  8.100000000 -0.019250199200
918.644958000  8.100000000 -0.021223262000
918.669983000  8.100000000 -0.023136192900
918.695007000  8.100000000 -0.024983320400
918.719971000  8.100000000 -0.026759380500
918.744995000  8.100000000 -0.028459569400
918.769958000  8.100000000 -0.030079577100
918.794983000  8.100000000 -0.031615555300
918.820007000  8.100000000 -0.033064123200
918.844971000  8.100000000 -0.034422334300
918.869995000  8.100000000 -0.035687677600
918.894958000  8.100000000 -0.036858040800
918.919983000  8.100000000 -0.037931807300
918.945007000  8.100000000 -0.038907788700
918.969971000  8.100000000 -0.039785191400
918.994995000  8.100000000 -0.040563620600
919.019958000  8.100000000 -0.041243001800
919.044983000  8.100000000 -0.041823625600
919.070007000  8.100000000 -0.042306151200
919.094971000  8.100000000 -0.042691491500
919.119995000  8.100000000 -0.042980931700
919.144958000  8.100000000 -0.043175958100
919.169983000  8.100000000 -0.043278373800
919.195007000  8.100000000 -0.043290216500
919.219971000  8.100000000 -0.043213795900
919.244995000  8.100000000 -0.043051678700
919.269958000  8.100000000 -0.042806696100
919.294983000  8.100000000 -0.042481981200
919.320007000  8.100000000 -0.042080909000
919.344971000  8.100000000 -0.041607175000
919.369995000  8.100000000 -0.041064709400
919.394958000  8.100000000 -0.040457651000
919.419983000  8.100000000 -0.039790343500
919.445007000  8.100000000 -0.039067260900
919.469971000  8.100000000 -0.038292963100
919.494995000  8.100000000 -0.037472017100
919.519958000  8.100000000 -0.036608927000
919.544983000  8.100000000 -0.035708032500
919.570007000  8.100000000 -0.034773435400
919.594971000  8.100000000 -0.033808924300
919.619995000  8.100000000 -0.032817926300
919.644958000  8.100000000 -0.031803470100
919.669983000  8.100000000 -0.030768143000
919.695007000  8.100000000 -0.029714101900
919.719971000  8.100000000 -0.028643118200
919.744995000  8.100000000 -0.027556559100
919.769958000  8.100000000 -0.026455495500
919.794983000  8.100000000 -0.025340719100
919.820007000  8.100000000 -0.024212824200
919.844971000  8.100000000 -0.023072255800
919.869995000  8.100000000 -0.021919349200
919.894958000  8.100000000 -0.020754391300
919.919983000  8.100000000 -0.019577676400
919.945007000  8.100000000 -0.018389547200
919.969971000  8.100000000 -0.017190480600
919.994995000  8.100000000 -0.015981078100
920.019958000  8.100000000 -0.014762080300
920.044983000  8.100000000 -0.013534407100
920.070007000  8.100000000 -0.012299133500
920.094971000  8.100000000 -0.011057547300
920.119995000  8.100000000 -0.009811179710
920.144958000  8.100000000 -0.008561852390
920.169983000  8.100000000 -0.007311699450
920.195007000  8.100000000 -0.006063173060
920.219971000  8.100000000 -0.004819016440
920.244995000  8.100000000 -0.003582268250
920.269958000  8.100000000 -0.002356211650
920.294983000  8.100000000 -0.001144314770
920.320007000  8.100000000 0.000049845767
920.344971000  8.100000000 0.001222622930
920.369995000  8.100000000 0.002370340980
920.394958000  8.100000000 0.003489372790
920.419983000  8.100000000 0.004576105160
920.445007000  8.100000000 0.005626985340
920.469971000  8.100000000 0.006638512950
920.494995000  8.100000000 0.007607277020
920.519958000  8.100000000 0.008529923860
920.544983000  8.100000000 0.009403206410
920.570007000  8.100000000 0.010223994000
920.594971000  8.100000000 0.010989254300
920.619995000  8.100000000 0.011696078800
920.644958000  8.100000000 0.012341626000
920.669983000  8.100000000 0.012923163400
920.695007000  8.100000000 0.013438007800
920.719971000  8.100000000 0.013883544100
920.744995000  8.100000000 0.014257204700
920.769958000  8.100000000 0.014556461900
920.794983000  8.100000000 0.014778791000
920.820007000  8.100000000 0.014921683800
920.844971000  8.100000000 0.014982570900
920.869995000  8.100000000 0.014958891100
920.894958000  8.100000000 0.014848084200
920.919983000  8.100000000 0.014647709200
920.945007000  8.100000000 0.014355457400
920.969971000  8.100000000 0.013969277000
920.994995000  8.100000000 0.013487391200
921.019958000  8.100000000 0.012908410300
921.044983000  8.100000000 0.012231378800
921.070007000  8.100000000 0.011455889800
921.094971000  8.100000000 0.010582076400
921.119995000  8.100000000 0.009610712530
921.144958000  8.100000000 0.008543214760
921.169983000  8.100000000 0.007381668780
921.195007000  8.100000000 0.006128824780
921.219971000  8.100000000 0.004788109100
921.244995000  8.100000000 0.003363541330
921.269958000  8.100000000 0.001859771200
921.294983000  8.100000000 0.000282035122
921.320007000  8.100000000 -0.001363877210
921.344971000  8.100000000 -0.003071616870
921.369995000  8.100000000 -0.004834415860
921.394958000  8.100000000 -0.006645055490
921.419983000  8.100000000 -0.008495943620
921.445007000  8.100000000 -0.010379178400
921.469971000  8.100000000 -0.012286530800
921.494995000  8.100000000 -0.014209615100
921.519958000  8.100000000 -0.016139863100
921.544983000  8.100000000 -0.018068671200
921.570007000  8.100000000 -0.019987393200
921.594971000  8.100000000 -0.021887525900
921.619995000  8.100000000 -0.023760717400
921.644958000  8.100000000 -0.025598861300
921.669983000  8.100000000 -0.027394173700
921.695007000  8.100000000 -0.029139246800
921.719971000  8.100000000 -0.030827084600
921.744995000  8.100000000 -0.032451178900
921.769958000  8.100000000 -0.034005485500
921.794983000  8.100000000 -0.035484548700
921.820007000  8.100000000 -0.036883451000
921.844971000  8.100000000 -0.038197882500
921.869995000  8.100000000 -0.039424095300
921.894958000  8.100000000 -0.040559016200
921.919983000  8.100000000 -0.041600078300
921.945007000  8.100000000 -0.042545292500
921.969971000  8.100000000 -0.043393146200
921.994995000  8.100000000 -0.044142600100
922.019958000  8.100000000 -0.044792994900
922.044983000  8.100000000 -0.045344088200
922.070007000  8.100000000 -0.045796092600
922.094971000  8.100000000 -0.046149637600
922.119995000  8.100000000 -0.046405799700
922.144958000  8.100000000 -0.046566002100
922.169983000  8.100000000 -0.046632010500
922.195007000  8.100000000 -0.046605888800
922.219971000  8.100000000 -0.046489961400
922.244995000  8.100000000 -0.046286843700
922.269958000  8.100000000 -0.045999258800
922.294983000  8.100000000 -0.045630026600
922.320007000  8.100000000 -0.045182012000
922.344971000  8.100000000 -0.044657968000
922.369995000  8.100000000 -0.044060628900
922.394958000  8.100000000 -0.043392632200
922.419983000  8.100000000 -0.042656622800
922.445007000  8.100000000 -0.041855223500
922.469971000  8.100000000 -0.040991224300
922.494995000  8.100000000 -0.040067490200
922.519958000  8.100000000 -0.039087060800
922.544983000  8.100000000 -0.038053065500
922.570007000  8.100000000 -0.036968760200
922.594971000  8.100000000 -0.035837404400
922.619995000  8.100000000 -0.034662324900
922.644958000  8.100000000 -0.033446833500
922.669983000  8.100000000 -0.032194227000
922.695007000  8.100000000 -0.030907785500
922.719971000  8.100000000 -0.029590768700
922.744995000  8.100000000 -0.028246402700
922.769958000  8.100000000 -0.026877937800
922.794983000  8.100000000 -0.025488637400
922.820007000  8.100000000 -0.024081829900
922.844971000  8.100000000 -0.022660868200
922.869995000  8.100000000 -0.021229205700
922.894958000  8.100000000 -0.019790306700
922.919983000  8.100000000 -0.018347682400
922.945007000  8.100000000 -0.016904791800
922.969971000  8.100000000 -0.015465026700
922.994995000  8.100000000 -0.014031645800
923.019958000  8.100000000 -0.012607694600
923.044983000  8.100000000 -0.011195983700
923.070007000  8.100000000 -0.009798970070
923.094971000  8.100000000 -0.008418763060
923.119995000  8.100000000 -0.007057032080
923.144958000  8.100000000 -0.005715014410
923.169983000  8.100000000 -0.004393487700
923.195007000  8.100000000 -0.003092802830
923.219971000  8.100000000 -0.001812896460
923.244995000  8.100000000 -0.000553335878
923.269958000  8.100000000 0.000686640444
923.294983000  8.100000000 0.001908081700
923.320007000  8.100000000 0.003112278880
923.344971000  8.100000000 0.004300738680
923.369995000  8.100000000 0.005475122020
923.394958000  8.100000000 0.006637176960
923.419983000  8.100000000 0.007788653490
923.445007000  8.100000000 0.008931220510
923.469971000  8.100000000 0.010066393800
923.494995000  8.100000000 0.011195504100
923.519958000  8.100000000 0.012319613200
923.544983000  8.100000000 0.013439532400
923.570007000  8.100000000 0.014555761600
923.594971000  8.100000000 0.015668530000
923.619995000  8.100000000 0.016777796700
923.644958000  8.100000000 0.017883250500
923.669983000  8.100000000 0.018984327100
923.695007000  8.100000000 0.020080180800
923.719971000  8.100000000 0.021169679200
923.744995000  8.100000000 0.022251443900
923.769958000  8.100000000 0.023323813500
923.794983000  8.100000000 0.024384850600
923.820007000  8.100000000 0.025432324000
923.844971000  8.100000000 0.026463661300
923.869995000  8.100000000 0.027475940100
923.894958000  8.100000000 0.028465917300
923.919983000  8.100000000 0.029430011300
923.945007000  8.100000000 0.030364356900
923.969971000  8.100000000 0.031264830400
923.994995000  8.100000000 0.032127082300
924.019958000  8.100000000 0.032946515800
924.044983000  8.100000000 0.033718328900
924.070007000  8.100000000 0.034437559500
924.094971000  8.100000000 0.035099107800
924.119995000  8.100000000 0.035697858800
924.144958000  8.100000000 0.036228731300
924.169983000  8.100000000 0.036686752000
924.195007000  8.100000000 0.037067104100
924.219971000  8.100000000 0.037365194400
924.244995000  8.100000000 0.037576623300
924.269958000  8.100000000 0.037697285400
924.294983000  8.100000000 0.037723396000
924.320007000  8.100000000 0.037651564900
924.344971000  8.100000000 0.037478856700
924.369995000  8.100000000 0.037202753100
924.394958000  8.100000000 0.036821212600
924.419983000  8.100000000 0.036332670600
924.445007000  8.100000000 0.035736132400
924.469971000  8.100000000 0.035031177100
924.494995000  8.100000000 0.034217950000
924.519958000  8.100000000 0.033297222100
924.544983000  8.100000000 0.032270353300
924.570007000  8.100000000 0.031139327200
924.594971000  8.100000000 0.029906706900
924.619995000  8.100000000 0.028575653200
924.644958000  8.100000000 0.027149876600
924.669983000  8.100000000 0.025633655500
924.695007000  8.100000000 0.024031804900
924.719971000  8.100000000 0.022349700300
924.744995000  8.100000000 0.020593263200
924.769958000  8.100000000 0.018768964300
924.794983000  8.100000000 0.016883818400
924.820007000  8.100000000 0.014945321700
924.844971000  8.100000000 0.012961408100
924.869995000  8.100000000 0.010940383200
924.894958000  8.100000000 0.008890865370
924.919983000  8.100000000 0.006821717600
924.945007000  8.100000000 0.004741945770
924.969971000  8.100000000 0.002660678230
924.994995000  8.100000000 0.000587059127
925.019958000  8.100000000 -0.001469805840
925.044983000  8.100000000 -0.003500914900
925.070007000  8.100000000 -0.005497426730
925.094971000  8.100000000 -0.007450692820
925.119995000  8.100000000 -0.009352283550
925.144958000  8.100000000 -0.011193987900
925.169983000  8.100000000 -0.012967821200
925.195007000  8.100000000 -0.014666038600
925.219971000  8.100000000 -0.016281183800
925.244995000  8.100000000 -0.017806168600
925.269958000  8.100000000 -0.019234385300
925.294983000  8.100000000 -0.020559785900
925.320007000  8.100000000 -0.021776918300
925.344971000  8.100000000 -0.022880926700
925.369995000  8.100000000 -0.023867571700
925.394958000  8.100000000 -0.024733206300
925.419983000  8.100000000 -0.025474848200
925.445007000  8.100000000 -0.026090197300
925.469971000  8.100000000 -0.026577692500
925.494995000  8.100000000 -0.026936490100
925.519958000  8.100000000 -0.027166506300
925.544983000  8.100000000 -0.027268396700
925.570007000  8.100000000 -0.027243541600
925.594971000  8.100000000 -0.027094038200
925.619995000  8.100000000 -0.026822589300
925.644958000  8.100000000 -0.026432510500
925.669983000  8.100000000 -0.025927655400
925.695007000  8.100000000 -0.025312390200
925.719971000  8.100000000 -0.024591600500
925.744995000  8.100000000 -0.023770576300
925.769958000  8.100000000 -0.022855043400
925.794983000  8.100000000 -0.021851077700
925.820007000  8.100000000 -0.020765097800
925.844971000  8.100000000 -0.019603775800
925.869995000  8.100000000 -0.018373992300
925.894958000  8.100000000 -0.017082767600
925.919983000  8.100000000 -0.015737213200
925.945007000  8.100000000 -0.014344473400
925.969971000  8.100000000 -0.012911698800
925.994995000  8.100000000 -0.011445991700
926.019958000  8.100000000 -0.009954346340
926.044983000  8.100000000 -0.008443607020
926.070007000  8.100000000 -0.006920439660
926.094971000  8.100000000 -0.005391293210
926.119995000  8.100000000 -0.003862396810
926.144958000  8.100000000 -0.002339751460
926.169983000  8.100000000 -0.000829067663
926.195007000  8.100000000 0.000664213265
926.219971000  8.100000000 0.002134996000
926.244995000  8.100000000 0.003578513630
926.269958000  8.100000000 0.004990414250
926.294983000  8.100000000 0.006366725080
926.320007000  8.100000000 0.007703960870
926.344971000  8.100000000 0.008999113920
926.369995000  8.100000000 0.010249720900
926.394958000  8.100000000 0.011453818500
926.419983000  8.100000000 0.012610012700
926.445007000  8.100000000 0.013717356100
926.469971000  8.100000000 0.014775390700
926.494995000  8.100000000 0.015784086700
926.519958000  8.100000000 0.016743786600
926.544983000  8.100000000 0.017655191900
926.570007000  8.100000000 0.018519278600
926.594971000  8.100000000 0.019337214500
926.619995000  8.100000000 0.020110299800
926.644958000  8.100000000 0.020839894200
926.669983000  8.100000000 0.021527359300
926.695007000  8.100000000 0.022174002600
926.719971000  8.100000000 0.022781061000
926.744995000  8.100000000 0.023349644600
926.769958000  8.100000000 0.023880729500
926.794983000  8.100000000 0.024375071700
926.820007000  8.100000000 0.024833170700
926.844971000  8.100000000 0.025255313100
926.869995000  8.100000000 0.025641461800
926.894958000  8.100000000 0.025991335500
926.919983000  8.100000000 0.026304369800
926.945007000  8.100000000 0.026579711600
926.969971000  8.100000000 0.026816196700
926.994995000  8.100000000 0.027012374300
927.019958000  8.100000000 0.027166504400
927.044983000  8.100000000 0.027276651900
927.070007000  8.100000000 0.027340678500
927.094971000  8.100000000 0.027356354500
927.119995000  8.100000000 0.027321375900
927.144958000  8.100000000 0.027233399500
927.169983000  8.100000000 0.027090115500
927.195007000  8.100000000 0.026889335400
927.219971000  8.100000000 0.026629023300
927.244995000  8.100000000 0.026307363100
927.269958000  8.100000000 0.025922799500
927.294983000  8.100000000 0.025474079000
927.320007000  8.100000000 0.024960294400
927.344971000  8.100000000 0.024380903700
927.369995000  8.100000000 0.023735774700
927.394958000  8.100000000 0.023025173700
927.419983000  8.100000000 0.022249801100
927.445007000  8.100000000 0.021410817300
927.469971000  8.100000000 0.020509844600
927.494995000  8.100000000 0.019549014000
927.519958000  8.100000000 0.018530959300
927.544983000  8.100000000 0.017458811400
927.570007000  8.100000000 0.016336189600
927.594971000  8.100000000 0.015167155300
927.619995000  8.100000000 0.013956199400
927.644958000  8.100000000 0.012708216900
927.669983000  8.100000000 0.011428478200
927.695007000  8.100000000 0.010122578600
927.719971000  8.100000000 0.008796444160
927.744995000  8.100000000 0.007456271910
927.769958000  8.100000000 0.006108534990
927.794983000  8.100000000 0.004759929140
927.820007000  8.100000000 0.003417321950
927.844971000  8.100000000 0.002087653610
927.869995000  8.100000000 0.000777826703
927.894958000  8.100000000 -0.000505378353
927.919983000  8.100000000 -0.001755400560
927.945007000  8.100000000 -0.002965976480
927.969971000  8.100000000 -0.004131205850
927.994995000  8.100000000 -0.005245606410
928.019958000  8.100000000 -0.006304157430
928.044983000  8.100000000 -0.007302297740
928.070007000  8.100000000 -0.008235977030
928.094971000  8.100000000 -0.009101631120
928.119995000  8.100000000 -0.009896215050
928.144958000  8.100000000 -0.010617187200
928.169983000  8.100000000 -0.011262526700
928.195007000  8.100000000 -0.011830723800
928.219971000  8.100000000 -0.012320770000
928.244995000  8.100000000 -0.012732142600
928.269958000  8.100000000 -0.013064852000
928.294983000  8.100000000 -0.013319442000
928.320007000  8.100000000 -0.013497008900
928.344971000  8.100000000 -0.013599239300
928.369995000  8.100000000 -0.013628423200
928.394958000  8.100000000 -0.013587416100
928.419983000  8.100000000 -0.013479644400
928.445007000  8.100000000 -0.013309034500
928.469971000  8.100000000 -0.013079993400
928.494995000  8.100000000 -0.012797365000
928.519958000  8.100000000 -0.012466431600
928.544983000  8.100000000 -0.012092807300
928.570007000  8.100000000 -0.011682431200
928.594971000  8.100000000 -0.011241459300
928.619995000  8.100000000 -0.010776171500
928.644958000  8.100000000 -0.010292909100
928.669983000  8.100000000 -0.009797946550
928.695007000  8.100000000 -0.009297392330
928.719971000  8.100000000 -0.008797157560
928.744995000  8.100000000 -0.008302921430
928.769958000  8.100000000 -0.007820086550
928.794983000  8.100000000 -0.007353764030
928.820007000  8.100000000 -0.006908706860
928.844971000  8.100000000 -0.006489276890
928.869995000  8.100000000 -0.006099511400
928.894958000  8.100000000 -0.005743146410
928.919983000  8.100000000 -0.005423706490
928.945007000  8.100000000 -0.005144492720
928.969971000  8.100000000 -0.004908625500
928.994995000  8.100000000 -0.004718973770
929.019958000  8.100000000 -0.004578154530
929.044983000  8.100000000 -0.004488545000
929.070007000  8.100000000 -0.004452250430
929.094971000  8.100000000 -0.004471141840
929.119995000  8.100000000 -0.004546847660
929.144958000  8.100000000 -0.004680808170
929.169983000  8.100000000 -0.004874269940
929.195007000  8.100000000 -0.005128296560
929.219971000  8.100000000 -0.005443793260
929.244995000  8.100000000 -0.005821534900
929.269958000  8.100000000 -0.006262198560
929.294983000  8.100000000 -0.006766343490
929.320007000  8.100000000 -0.007334454450
929.344971000  8.100000000 -0.007966907690
929.369995000  8.100000000 -0.008663984950
929.394958000  8.100000000 -0.009425826370
929.419983000  8.100000000 -0.010252410500
929.445007000  8.100000000 -0.011143491600
929.469971000  8.100000000 -0.012098544300
929.494995000  8.100000000 -0.013116715500
929.519958000  8.100000000 -0.014196754400
929.544983000  8.100000000 -0.015336967100
929.570007000  8.100000000 -0.016535174100
929.594971000  8.100000000 -0.017788656100
929.619995000  8.100000000 -0.019094148700
929.644958000  8.100000000 -0.020447852100
929.669983000  8.100000000 -0.021845445000
929.695007000  8.100000000 -0.023282108800
929.719971000  8.100000000 -0.024752585200
929.744995000  8.100000000 -0.026251182000
929.769958000  8.100000000 -0.027771843600
929.794983000  8.100000000 -0.029308212900
929.820007000  8.100000000 -0.030853724100
929.844971000  8.100000000 -0.032401684700
929.869995000  8.100000000 -0.033945392800
929.894958000  8.100000000 -0.035478271500
929.919983000  8.100000000 -0.036994025100
929.945007000  8.100000000 -0.038486652100
929.969971000  8.100000000 -0.039950560800
929.994995000  8.100000000 -0.041380625200
930.019958000  8.100000000 -0.042772203700
930.044983000  8.100000000 -0.044121235600
930.070007000  8.100000000 -0.045424100000
930.094971000  8.100000000 -0.046677645300
930.119995000  8.100000000 -0.047879178100
930.144958000  8.100000000 -0.049026347700
930.169983000  8.100000000 -0.050117209600
930.195007000  8.100000000 -0.051150012800
930.219971000  8.100000000 -0.052123293300
930.244995000  8.100000000 -0.053035650400
930.269958000  8.100000000 -0.053885769100
930.294983000  8.100000000 -0.054672334300
930.320007000  8.100000000 -0.055394060900
930.344971000  8.100000000 -0.056049604000
930.369995000  8.100000000 -0.056637581400
930.394958000  8.100000000 -0.057156570300
930.419983000  8.100000000 -0.057605143600
930.445007000  8.100000000 -0.057981904600
930.469971000  8.100000000 -0.058285474800
930.494995000  8.100000000 -0.058514595000
930.519958000  8.100000000 -0.058668151500
930.544983000  8.100000000 -0.058745261300
930.570007000  8.100000000 -0.058745257600
930.594971000  8.100000000 -0.058667860900
930.619995000  8.100000000 -0.058513063900
930.644958000  8.100000000 -0.058281254000
930.669983000  8.100000000 -0.057973213500
930.695007000  8.100000000 -0.057590138200
930.719971000  8.100000000 -0.057133629900
930.744995000  8.100000000 -0.056605808400
930.769958000  8.100000000 -0.056009143600
930.794983000  8.100000000 -0.055346638000
930.820007000  8.100000000 -0.054621666700
930.844971000  8.100000000 -0.053838003400
930.869995000  8.100000000 -0.052999831700
930.894958000  8.100000000 -0.052111610800
930.919983000  8.100000000 -0.051178041800
930.945007000  8.100000000 -0.050203967800
930.969971000  8.100000000 -0.049194376900
930.994995000  8.100000000 -0.048154264700
931.019958000  8.100000000 -0.047088671500
931.044983000  8.100000000 -0.046002622700
931.070007000  8.100000000 -0.044901069300
931.094971000  8.100000000 -0.043788880100
931.119995000  8.100000000 -0.042670656000
931.144958000  8.100000000 -0.041550748100
931.169983000  8.100000000 -0.040433105100
931.195007000  8.100000000 -0.039321273600
931.219971000  8.100000000 -0.038218379000
931.244995000  8.100000000 -0.037127167000
931.269958000  8.100000000 -0.036049883800
931.294983000  8.100000000 -0.034988414500
931.320007000  8.100000000 -0.033944178400
931.344971000  8.100000000 -0.032918162600
931.369995000  8.100000000 -0.031910952200
931.394958000  8.100000000 -0.030922714600
931.419983000  8.100000000 -0.029953314000
931.445007000  8.100000000 -0.029002336800
931.469971000  8.100000000 -0.028069203700
931.494995000  8.100000000 -0.027153257300
931.519958000  8.100000000 -0.026253823200
931.544983000  8.100000000 -0.025370126600
931.570007000  8.100000000 -0.024501288300
931.594971000  8.100000000 -0.023646285800
931.619995000  8.100000000 -0.022803951100
931.644958000  8.100000000 -0.021972909600
931.669983000  8.100000000 -0.021151658100
931.695007000  8.100000000 -0.020338520400
931.719971000  8.100000000 -0.019531738000
931.744995000  8.100000000 -0.018729487400
931.769958000  8.100000000 -0.017929920900
931.794983000  8.100000000 -0.017131263400
931.820007000  8.100000000 -0.016331754600
931.844971000  8.100000000 -0.015529732200
931.869995000  8.100000000 -0.014723639000
931.894958000  8.100000000 -0.013912023000
931.919983000  8.100000000 -0.013093568400
931.945007000  8.100000000 -0.012267132300
931.969971000  8.100000000 -0.011431640900
931.994995000  8.100000000 -0.010586137000
932.019958000  8.100000000 -0.009729672220
932.044983000  8.100000000 -0.008861285630
932.070007000  8.100000000 -0.007979964840
932.094971000  8.100000000 -0.007084611800
932.119995000  8.100000000 -0.006173995790
932.144958000  8.100000000 -0.005246770570
932.169983000  8.100000000 -0.004301419480
932.195007000  8.100000000 -0.003336242170
932.219971000  8.100000000 -0.002349391110
932.244995000  8.100000000 -0.001338854430
932.269958000  8.100000000 -0.000302575296
932.294983000  8.100000000 0.000761590200
932.320007000  8.100000000 0.001855776650
932.344971000  8.100000000 0.002982103960
932.369995000  8.100000000 0.004142654130
932.394958000  8.100000000 0.005339437160
932.419983000  8.100000000 0.006574388590
932.445007000  8.100000000 0.007849330080
932.469971000  8.100000000 0.009165929630
932.494995000  8.100000000 0.010525616800
932.519958000  8.100000000 0.011929495300
932.544983000  8.100000000 0.013378302600
932.570007000  8.100000000 0.014872341400
932.594971000  8.100000000 0.016411406900
932.619995000  8.100000000 0.017994681400
932.644958000  8.100000000 0.019620688600
932.669983000  8.100000000 0.021287167400
932.695007000  8.100000000 0.022991051900
932.719971000  8.100000000 0.024728441600
932.744995000  8.100000000 0.026494590600
932.769958000  8.100000000 0.028283899600
932.794983000  8.100000000 0.030089931600
932.820007000  8.100000000 0.031905334400
932.844971000  8.100000000 0.033721886600
932.869995000  8.100000000 0.035530552300
932.894958000  8.100000000 0.037321601100
932.919983000  8.100000000 0.039084699000
932.945007000  8.100000000 0.040809053900
932.969971000  8.100000000 0.042483545800
932.994995000  8.100000000 0.044096898300
933.019958000  8.100000000 0.045637868300
933.044983000  8.100000000 0.047095365800
933.070007000  8.100000000 0.048458613500
933.094971000  8.100000000 0.049717299600
933.119995000  8.100000000 0.050861738600
933.144958000  8.100000000 0.051882989700
933.169983000  8.100000000 0.052773010000
933.195007000  8.100000000 0.053524784700
933.219971000  8.100000000 0.054132409400
933.244995000  8.100000000 0.054591212400
933.269958000  8.100000000 0.054897788900
933.294983000  8.100000000 0.055050045300
933.320007000  8.100000000 0.055047180500
933.344971000  8.100000000 0.054889679000
933.369995000  8.100000000 0.054579228200
933.394958000  8.100000000 0.054118659300
933.419983000  8.100000000 0.053511891500
933.445007000  8.100000000 0.052763920300
933.469971000  8.100000000 0.051880747100
933.494995000  8.100000000 0.050869341900
933.519958000  8.100000000 0.049737546600
933.544983000  8.100000000 0.048494037200
933.570007000  8.100000000 0.047148197900
933.594971000  8.100000000 0.045710116600
933.619995000  8.100000000 0.044190399300
933.644958000  8.100000000 0.042600106400
933.669983000  8.100000000 0.040950574000
933.695007000  8.100000000 0.039253421100
933.719971000  8.100000000 0.037520445900
933.744995000  8.100000000 0.035763599000
933.769958000  8.100000000 0.033994890700
933.794983000  8.100000000 0.032226201100
933.820007000  8.100000000 0.030469192200
933.844971000  8.100000000 0.028735162700
933.869995000  8.100000000 0.027034973700
933.894958000  8.100000000 0.025378968600
933.919983000  8.100000000 0.023776976400
933.945007000  8.100000000 0.022238226600
933.969971000  8.100000000 0.020771361900
933.994995000  8.100000000 0.019384300300
934.019958000  8.100000000 0.018084149800
934.044983000  8.100000000 0.016877120400
934.070007000  8.100000000 0.015768470200
934.094971000  8.100000000 0.014762471400
934.119995000  8.100000000 0.013862394700
934.144958000  8.100000000 0.013070474400
934.169983000  8.100000000 0.012387891300
934.195007000  8.100000000 0.011814795400
934.219971000  8.100000000 0.011350341100
934.244995000  8.100000000 0.010992729100
934.269958000  8.100000000 0.010739249200
934.294983000  8.100000000 0.010586377200
934.320007000  8.100000000 0.010529861800
934.344971000  8.100000000 0.010564873900
934.369995000  8.100000000 0.010686155400
934.394958000  8.100000000 0.010888125700
934.419983000  8.100000000 0.011164987500
934.445007000  8.100000000 0.011510839700
934.469971000  8.100000000 0.011919789000
934.494995000  8.100000000 0.012385993300
934.519958000  8.100000000 0.012903762000
934.544983000  8.100000000 0.013467527000
934.570007000  8.100000000 0.014071890200
934.594971000  8.100000000 0.014711608200
934.619995000  8.100000000 0.015381664000
934.644958000  8.100000000 0.016077330300
934.669983000  8.100000000 0.016794273600
934.695007000  8.100000000 0.017528627100
934.719971000  8.100000000 0.018276989500
934.744995000  8.100000000 0.019036520300
934.769958000  8.100000000 0.019804900500
934.794983000  8.100000000 0.020580420300
934.820007000  8.100000000 0.021361982400
934.844971000  8.100000000 0.022149190300
934.869995000  8.100000000 0.022942351200
934.894958000  8.100000000 0.023742459700
934.919983000  8.100000000 0.024551114100
934.945007000  8.100000000 0.025370417200
934.969971000  8.100000000 0.026202861200
934.994995000  8.100000000 0.027051210400
935.019958000  8.100000000 0.027918431900
935.044983000  8.100000000 0.028807589800
935.070007000  8.100000000 0.029721770400
935.094971000  8.100000000 0.030663928000
935.119995000  8.100000000 0.031636893700
935.144958000  8.100000000 0.032643266000
935.169983000  8.100000000 0.033685326600
935.195007000  8.100000000 0.034765027500
935.219971000  8.100000000 0.035883870000
935.244995000  8.100000000 0.037042927000
935.269958000  8.100000000 0.038242824400
935.294983000  8.100000000 0.039483789400
935.320007000  8.100000000 0.040765609600
935.344971000  8.100000000 0.042087670400
935.369995000  8.100000000 0.043448932500
935.394958000  8.100000000 0.044847995000
935.419983000  8.100000000 0.046283081200
935.445007000  8.100000000 0.047752056300
935.469971000  8.100000000 0.049252510100
935.494995000  8.100000000 0.050781764100
935.519958000  8.100000000 0.052336886500
935.544983000  8.100000000 0.053914681100
935.570007000  8.100000000 0.055511731700
935.594971000  8.100000000 0.057124409800
935.619995000  8.100000000 0.058748923200
935.644958000  8.100000000 0.060381416200
935.669983000  8.100000000 0.062017947400
935.695007000  8.100000000 0.063654542000
935.719971000  8.100000000 0.065287262200
935.744995000  8.100000000 0.066912248700
935.769958000  8.100000000 0.068525627300
935.794983000  8.100000000 0.070123732100
935.820007000  8.100000000 0.071703054000
935.844971000  8.100000000 0.073260262600
935.869995000  8.100000000 0.074792258400
935.894958000  8.100000000 0.076296165600
935.919983000  8.100000000 0.077769286900
935.945007000  8.100000000 0.079208999900
935.969971000  8.100000000 0.080612883000
935.994995000  8.100000000 0.081978462600
936.019958000  8.100000000 0.083303295100
936.044983000  8.100000000 0.084584884300
936.070007000  8.100000000 0.085820607800
936.094971000  8.100000000 0.087007813200
936.119995000  8.100000000 0.088143616900
936.144958000  8.100000000 0.089225113400
936.169983000  8.100000000 0.090249314900
936.195007000  8.100000000 0.091213047500
936.219971000  8.100000000 0.092113129800
936.244995000  8.100000000 0.092946246300
936.269958000  8.100000000 0.093708932400
936.294983000  8.100000000 0.094397746000
936.320007000  8.100000000 0.095009110900
936.344971000  8.100000000 0.095539480400
936.369995000  8.100000000 0.095985226300
936.394958000  8.100000000 0.096342787100
936.419983000  8.100000000 0.096608564300
936.445007000  8.100000000 0.096778921800
936.469971000  8.100000000 0.096850261100
936.494995000  8.100000000 0.096818998500
936.519958000  8.100000000 0.096681721500
936.544983000  8.100000000 0.096435062600
936.570007000  8.100000000 0.096075952100
936.594971000  8.100000000 0.095601573600
936.619995000  8.100000000 0.095009535600
936.644958000  8.100000000 0.094297818800
936.669983000  8.100000000 0.093464851400
936.695007000  8.100000000 0.092509605000
936.719971000  8.100000000 0.091431610300
936.744995000  8.100000000 0.090231031200
936.769958000  8.100000000 0.088908657400
936.794983000  8.100000000 0.087466031300
936.820007000  8.100000000 0.085905417800
936.844971000  8.100000000 0.084229752400
936.869995000  8.100000000 0.082442723200
936.894958000  8.100000000 0.080548651500
936.919983000  8.100000000 0.078552432400
936.945007000  8.100000000 0.076459504700
936.969971000  8.100000000 0.074275828900
936.994995000  8.100000000 0.072007834900
937.019958000  8.100000000 0.069662272900
937.044983000  8.100000000 0.067246370000
937.070007000  8.100000000 0.064767576800
937.094971000  8.100000000 0.062233682700
937.119995000  8.100000000 0.059652756900
937.144958000  8.100000000 0.057032983800
937.169983000  8.100000000 0.054382763800
937.195007000  8.100000000 0.051710516200
937.219971000  8.100000000 0.049024723500
937.244995000  8.100000000 0.046333883000
937.269958000  8.100000000 0.043646425000
937.294983000  8.100000000 0.040970820900
937.320007000  8.100000000 0.038315422800
937.344971000  8.100000000 0.035688456100
937.369995000  8.100000000 0.033098012200
937.394958000  8.100000000 0.030551979300
937.419983000  8.100000000 0.028057966400
937.445007000  8.100000000 0.025623386700
937.469971000  8.100000000 0.023255350100
937.494995000  8.100000000 0.020960688600
937.519958000  8.100000000 0.018745817200
937.544983000  8.100000000 0.016616819400
937.570007000  8.100000000 0.014579292400
937.594971000  8.100000000 0.012638496200
937.619995000  8.100000000 0.010799238500
937.644958000  8.100000000 0.009065892550
937.669983000  8.100000000 0.007442317440
937.695007000  8.100000000 0.005931791850
937.719971000  8.100000000 0.004537027790
937.744995000  8.100000000 0.003260148220
937.769958000  8.100000000 0.002102733590
937.794983000  8.100000000 0.001065816610
937.820007000  8.100000000 0.000149937405
937.844971000  8.100000000 -0.000644841522
937.869995000  8.100000000 -0.001318924360
937.894958000  8.100000000 -0.001873176890
937.919983000  8.100000000 -0.002308937260
937.945007000  8.100000000 -0.002628005580
937.969971000  8.100000000 -0.002832629020
937.994995000  8.100000000 -0.002925475830
938.019958000  8.100000000 -0.002909628440
938.044983000  8.100000000 -0.002788540440
938.070007000  8.100000000 -0.002565960870
938.094971000  8.100000000 -0.002245990790
938.119995000  8.100000000 -0.001832974730
938.144958000  8.100000000 -0.001331496170
938.169983000  8.100000000 -0.000746378500
938.195007000  8.100000000 -0.000082590886
938.219971000  8.100000000 0.000654729374
938.244995000  8.100000000 0.001460334750
938.269958000  8.100000000 0.002328751140
938.294983000  8.100000000 0.003254305800
938.320007000  8.100000000 0.004231005910
938.344971000  8.100000000 0.005252484230
938.369995000  8.100000000 0.006312147710
938.394958000  8.100000000 0.007403154390
938.419983000  8.100000000 0.008518522610
938.445007000  8.100000000 0.009651312600
938.469971000  8.100000000 0.010794509200
938.494995000  8.100000000 0.011941098600
938.519958000  8.100000000 0.013084109900
938.544983000  8.100000000 0.014216713600
938.570007000  8.100000000 0.015332278800
938.594971000  8.100000000 0.016424577700
938.619995000  8.100000000 0.017487753200
938.644958000  8.100000000 0.018516372900
938.669983000  8.100000000 0.019505444900
938.695007000  8.100000000 0.020450525000
938.719971000  8.100000000 0.021347668000
938.744995000  8.100000000 0.022193450500
938.769958000  8.100000000 0.022984830700
938.794983000  8.100000000 0.023719245600
938.820007000  8.100000000 0.024394493600
938.844971000  8.100000000 0.025008859100
938.869995000  8.100000000 0.025560962000
938.894958000  8.100000000 0.026049824400
938.919983000  8.100000000 0.026474796200
938.945007000  8.100000000 0.026835510500
938.969971000  8.100000000 0.027131907600
938.994995000  8.100000000 0.027364201800
939.019958000  8.100000000 0.027532879300
939.044983000  8.100000000 0.027638588100
939.070007000  8.100000000 0.027682101400
939.094971000  8.100000000 0.027664240400
939.119995000  8.100000000 0.027585815600
939.144958000  8.100000000 0.027447633400
939.169983000  8.100000000 0.027250589800
939.195007000  8.100000000 0.026995567600
939.219971000  8.100000000 0.026683472100
939.244995000  8.100000000 0.026315134000
939.269958000  8.100000000 0.025891292800
939.294983000  8.100000000 0.025412518500
939.320007000  8.100000000 0.024879284200
939.344971000  8.100000000 0.024291908400
939.369995000  8.100000000 0.023650566100
939.394958000  8.100000000 0.022955417600
939.419983000  8.100000000 0.022206544900
939.445007000  8.100000000 0.021403959000
939.469971000  8.100000000 0.020547624700
939.494995000  8.100000000 0.019637426400
939.519958000  8.100000000 0.018673164800
939.544983000  8.100000000 0.017654612700
939.570007000  8.100000000 0.016581472000
939.594971000  8.100000000 0.015453506300
939.619995000  8.100000000 0.014270422000
939.644958000  8.100000000 0.013031981000
939.669983000  8.100000000 0.011738100100
939.695007000  8.100000000 0.010388816700
939.719971000  8.100000000 0.008984415790
939.744995000  8.100000000 0.007525339720
939.769958000  8.100000000 0.006012279070
939.794983000  8.100000000 0.004446185190
939.820007000  8.100000000 0.002828216410
939.844971000  8.100000000 0.001159810690
939.869995000  8.100000000 -0.000557397143
939.894958000  8.100000000 -0.002321544800
939.919983000  8.100000000 -0.004130589310
939.945007000  8.100000000 -0.005982293280
939.969971000  8.100000000 -0.007874186150
939.994995000  8.100000000 -0.009803566150
940.019958000  8.100000000 -0.011767506600
940.044983000  8.100000000 -0.013762821400
940.070007000  8.100000000 -0.015786154200
940.094971000  8.100000000 -0.017833868000
940.119995000  8.100000000 -0.019902145500
940.144958000  8.100000000 -0.021986909200
940.169983000  8.100000000 -0.024083817400
940.195007000  8.100000000 -0.026188235700
940.219971000  8.100000000 -0.028295164900
940.244995000  8.100000000 -0.030399257300
940.269958000  8.100000000 -0.032494850500
940.294983000  8.100000000 -0.034575920600
940.320007000  8.100000000 -0.036636192400
940.344971000  8.100000000 -0.038669064600
940.369995000  8.100000000 -0.040667694100
940.394958000  8.100000000 -0.042625039800
940.419983000  8.100000000 -0.044533889700
940.445007000  8.100000000 -0.046387009300
940.469971000  8.100000000 -0.048177242300
940.494995000  8.100000000 -0.049897600000
940.519958000  8.100000000 -0.051541440200
940.544983000  8.100000000 -0.053102530500
940.570007000  8.100000000 -0.054575130300
940.594971000  8.100000000 -0.055954013000
940.619995000  8.100000000 -0.057234562900
940.644958000  8.100000000 -0.058412771700
940.669983000  8.100000000 -0.059485249200
940.695007000  8.100000000 -0.060449291000
940.719971000  8.100000000 -0.061302833300
940.744995000  8.100000000 -0.062044452900
940.769958000  8.100000000 -0.062673285600
940.794983000  8.100000000 -0.063189148900
940.820007000  8.100000000 -0.063592426500
940.844971000  8.100000000 -0.063884064600
940.869995000  8.100000000 -0.064065553200
940.894958000  8.100000000 -0.064138844600
940.919983000  8.100000000 -0.064106464400
940.945007000  8.100000000 -0.063971422600
940.969971000  8.100000000 -0.063737236000
940.994995000  8.100000000 -0.063407935200
941.019958000  8.100000000 -0.062987983200
941.044983000  8.100000000 -0.062482308600
941.070007000  8.100000000 -0.061896231000
941.094971000  8.100000000 -0.061235465100
941.119995000  8.100000000 -0.060505989900
941.144958000  8.100000000 -0.059714000700
941.169983000  8.100000000 -0.058865882500
941.195007000  8.100000000 -0.057968132200
941.219971000  8.100000000 -0.057027328800
941.244995000  8.100000000 -0.056050110600
941.269958000  8.100000000 -0.055043131100
941.294983000  8.100000000 -0.054013010100
941.320007000  8.100000000 -0.052966326500
941.344971000  8.100000000 -0.051909524900
941.369995000  8.100000000 -0.050848990700
941.394958000  8.100000000 -0.049790903900
941.419983000  8.100000000 -0.048741303400
941.445007000  8.100000000 -0.047705985600
941.469971000  8.100000000 -0.046690546000
941.494995000  8.100000000 -0.045700356400
941.519958000  8.100000000 -0.044740647100
941.544983000  8.100000000 -0.043816469600
941.570007000  8.100000000 -0.042932793500
941.594971000  8.100000000 -0.042094562200
941.619995000  8.100000000 -0.041306689400
941.644958000  8.100000000 -0.040574111000
941.669983000  8.100000000 -0.039901807900
941.695007000  8.100000000 -0.039294768100
941.719971000  8.100000000 -0.038758061800
941.744995000  8.100000000 -0.038296721900
941.769958000  8.100000000 -0.037915915300
941.794983000  8.100000000 -0.037620674800
941.820007000  8.100000000 -0.037416011100
941.844971000  8.100000000 -0.037306800500
941.869995000  8.100000000 -0.037297733100
941.894958000  8.100000000 -0.037393298000
941.919983000  8.100000000 -0.037597775500
941.945007000  8.100000000 -0.037915151600
941.969971000  8.100000000 -0.038349058500
941.994995000  8.100000000 -0.038902662700
942.019958000  8.100000000 -0.039578639000
942.044983000  8.100000000 -0.040379118200
942.070007000  8.100000000 -0.041305620200
942.094971000  8.100000000 -0.042359009400
942.119995000  8.100000000 -0.043539483100
942.144958000  8.100000000 -0.044846560800
942.169983000  8.100000000 -0.046279095100
942.195007000  8.100000000 -0.047835212200
942.219971000  8.100000000 -0.049512401200
942.244995000  8.100000000 -0.051307447300
942.269958000  8.100000000 -0.053216621300
942.294983000  8.100000000 -0.055235620600
942.320007000  8.100000000 -0.057359702900
942.344971000  8.100000000 -0.059583678800
942.369995000  8.100000000 -0.061901915800
942.394958000  8.100000000 -0.064308397500
942.419983000  8.100000000 -0.066796816900
942.445007000  8.100000000 -0.069360554200
942.469971000  8.100000000 -0.071992769800
942.494995000  8.100000000 -0.074686512400
942.519958000  8.100000000 -0.077434621800
942.544983000  8.100000000 -0.080229863500
942.570007000  8.100000000 -0.083065033000
942.594971000  8.100000000 -0.085932932800
942.619995000  8.100000000 -0.088826686100
942.644958000  8.100000000 -0.091739498100
942.669983000  8.100000000 -0.094664946200
942.695007000  8.100000000 -0.097596801800
942.719971000  8.100000000 -0.100529142000
942.744995000  8.100000000 -0.103456266000
942.769958000  8.100000000 -0.106372751000
942.794983000  8.100000000 -0.109273277000
942.820007000  8.100000000 -0.112152681000
942.844971000  8.100000000 -0.115005814000
942.869995000  8.100000000 -0.117827609000
942.894958000  8.100000000 -0.120612845000
942.919983000  8.100000000 -0.123356245000
942.945007000  8.100000000 -0.126052454000
942.969971000  8.100000000 -0.128695875000
942.994995000  8.100000000 -0.131280884000
943.019958000  8.100000000 -0.133801579000
943.044983000  8.100000000 -0.136252031000
943.070007000  8.100000000 -0.138626218000
943.094971000  8.100000000 -0.140918210000
943.119995000  8.100000000 -0.143122166000
943.144958000  8.100000000 -0.145232484000
943.169983000  8.100000000 -0.147243723000
943.195007000  8.100000000 -0.149150878000
943.219971000  8.100000000 -0.150949061000
943.244995000  8.100000000 -0.152634114000
943.269958000  8.100000000 -0.154202148000
943.294983000  8.100000000 -0.155649945000
943.320007000  8.100000000 -0.156974792000
943.344971000  8.100000000 -0.158174828000
943.369995000  8.100000000 -0.159248471000
943.394958000  8.100000000 -0.160195127000
943.419983000  8.100000000 -0.161014661000
943.445007000  8.100000000 -0.161707669000
943.469971000  8.100000000 -0.162275255000
943.494995000  8.100000000 -0.162719205000
943.519958000  8.100000000 -0.163041785000
943.544983000  8.100000000 -0.163245946000
943.570007000  8.100000000 -0.163334832000
943.594971000  8.100000000 -0.163312122000
943.619995000  8.100000000 -0.163181722000
943.644958000  8.100000000 -0.162947759000
943.669983000  8.100000000 -0.162614673000
943.695007000  8.100000000 -0.162186801000
943.719971000  8.100000000 -0.161668718000
943.744995000  8.100000000 -0.161064953000
943.769958000  8.100000000 -0.160379931000
943.794983000  8.100000000 -0.159617856000
943.820007000  8.100000000 -0.158782601000
943.844971000  8.100000000 -0.157877818000
943.869995000  8.100000000 -0.156906754000
943.894958000  8.100000000 -0.155872151000
943.919983000  8.100000000 -0.154776186000
943.945007000  8.100000000 -0.153620660000
943.969971000  8.100000000 -0.152406722000
943.994995000  8.100000000 -0.151135176000
944.019958000  8.100000000 -0.149806142000
944.044983000  8.100000000 -0.148419440000
944.070007000  8.100000000 -0.146974176000
944.094971000  8.100000000 -0.145469263000
944.119995000  8.100000000 -0.143903077000
944.144958000  8.100000000 -0.142273828000
944.169983000  8.100000000 -0.140579402000
944.195007000  8.100000000 -0.138817728000
944.219971000  8.100000000 -0.136986330000
944.244995000  8.100000000 -0.135083005000
944.269958000  8.100000000 -0.133105546000
944.294983000  8.100000000 -0.131051987000
944.320007000  8.100000000 -0.128920510000
944.344971000  8.100000000 -0.126709655000
944.369995000  8.100000000 -0.124418058000
944.394958000  8.100000000 -0.122044727000
944.419983000  8.100000000 -0.119589180000
944.445007000  8.100000000 -0.117051102000
944.469971000  8.100000000 -0.114430852000
944.494995000  8.100000000 -0.111729190000
944.519958000  8.100000000 -0.108947419000
944.544983000  8.100000000 -0.106087498000
944.570007000  8.100000000 -0.103151955000
944.594971000  8.100000000 -0.100143947000
944.619995000  8.100000000 -0.097067348700
944.644958000  8.100000000 -0.093926571300
944.669983000  8.100000000 -0.090726703400
944.695007000  8.100000000 -0.087473459500
944.719971000  8.100000000 -0.084173046100
944.744995000  8.100000000 -0.080832153600
944.769958000  8.100000000 -0.077457718600
944.794983000  8.100000000 -0.074056856300
944.820007000  8.100000000 -0.070636764200
944.844971000  8.100000000 -0.067204602100
944.869995000  8.100000000 -0.063767336300
944.894958000  8.100000000 -0.060331646400
944.919983000  8.100000000 -0.056903857700
944.945007000  8.100000000 -0.053489726000
944.969971000  8.100000000 -0.050094559800
944.994995000  8.100000000 -0.046723134800
945.019958000  8.100000000 -0.043379548900
945.044983000  8.100000000 -0.040067441800
945.070007000  8.100000000 -0.036789987200
945.094971000  8.100000000 -0.033549841500
945.119995000  8.100000000 -0.030349334700
945.144958000  8.100000000 -0.027190601500
945.169983000  8.100000000 -0.024075541600
945.195007000  8.100000000 -0.021006064500
945.219971000  8.100000000 -0.017984084800
945.244995000  8.100000000 -0.015011789300
945.269958000  8.100000000 -0.012091469000
945.294983000  8.100000000 -0.009225694460
945.320007000  8.100000000 -0.006417434660
945.344971000  8.100000000 -0.003669950650
945.369995000  8.100000000 -0.000986881088
945.394958000  8.100000000 0.001627850700
945.419983000  8.100000000 0.004170100670
945.445007000  8.100000000 0.006635618860
945.469971000  8.100000000 0.009020068680
945.494995000  8.100000000 0.011319104600
945.519958000  8.100000000 0.013528415900
945.544983000  8.100000000 0.015643689800
945.570007000  8.100000000 0.017660783600
945.594971000  8.100000000 0.019575707600
945.619995000  8.100000000 0.021384827800
945.644958000  8.100000000 0.023084921800
945.669983000  8.100000000 0.024673305500
945.695007000  8.100000000 0.026147965300
945.719971000  8.100000000 0.027507497000
945.744995000  8.100000000 0.028751254100
945.769958000  8.100000000 0.029879316700
945.794983000  8.100000000 0.030892610500
945.820007000  8.100000000 0.031792920100
945.844971000  8.100000000 0.032582975900
945.869995000  8.100000000 0.033266391600
945.894958000  8.100000000 0.033847712000
945.919983000  8.100000000 0.034332338700
945.945007000  8.100000000 0.034726329100
945.969971000  8.100000000 0.035036351500
945.994995000  8.100000000 0.035269636700
946.019958000  8.100000000 0.035433750600
946.044983000  8.100000000 0.035536713900
946.070007000  8.100000000 0.035586834000
946.094971000  8.100000000 0.035592693800
946.119995000  8.100000000 0.035563081500
946.144958000  8.100000000 0.035506885500
946.169983000  8.100000000 0.035433121000
946.195007000  8.100000000 0.035350792100
946.219971000  8.100000000 0.035268940000
946.244995000  8.100000000 0.035196539000
946.269958000  8.100000000 0.035142406800
946.294983000  8.100000000 0.035115126500
946.320007000  8.100000000 0.035123039000
946.344971000  8.100000000 0.035174150000
946.369995000  8.100000000 0.035276137300
946.394958000  8.100000000 0.035436313600
946.419983000  8.100000000 0.035661585600
946.445007000  8.100000000 0.035958353400
946.469971000  8.100000000 0.036332458300
946.494995000  8.100000000 0.036789078300
946.519958000  8.100000000 0.037332724800
946.544983000  8.100000000 0.037967190100
946.570007000  8.100000000 0.038695570100
946.594971000  8.100000000 0.039520248800
946.619995000  8.100000000 0.040442939800
946.644958000  8.100000000 0.041464682700
946.669983000  8.100000000 0.042585879600
946.695007000  8.100000000 0.043806336800
946.719971000  8.100000000 0.045125238600
946.744995000  8.100000000 0.046541258700
946.769958000  8.100000000 0.048052478600
946.794983000  8.100000000 0.049656409800
946.820007000  8.100000000 0.051349990100
946.844971000  8.100000000 0.053129639500
946.869995000  8.100000000 0.054991252700
946.894958000  8.100000000 0.056930299800
946.919983000  8.100000000 0.058941792700
946.945007000  8.100000000 0.061020370600
946.969971000  8.100000000 0.063160359900
946.994995000  8.100000000 0.065355807500
947.019958000  8.100000000 0.067600458900
947.044983000  8.100000000 0.069887906300
947.070007000  8.100000000 0.072211489100
947.094971000  8.100000000 0.074564442000
947.119995000  8.100000000 0.076939836100
947.144958000  8.100000000 0.079330772200
947.169983000  8.100000000 0.081730365800
947.195007000  8.100000000 0.084131844300
947.219971000  8.100000000 0.086528554600
947.244995000  8.100000000 0.088914133600
947.269958000  8.100000000 0.091282419900
947.294983000  8.100000000 0.093627654000
947.320007000  8.100000000 0.095944486600
947.344971000  8.100000000 0.098228126800
947.369995000  8.100000000 0.100474298000
947.394958000  8.100000000 0.102679417000
947.419983000  8.100000000 0.104840472000
947.445007000  8.100000000 0.106955111000
947.469971000  8.100000000 0.109021574000
947.494995000  8.100000000 0.111038752000
947.519958000  8.100000000 0.113006100000
947.544983000  8.100000000 0.114923559000
947.570007000  8.100000000 0.116791651000
947.594971000  8.100000000 0.118611149000
947.619995000  8.100000000 0.120383456000
947.644958000  8.100000000 0.122110076000
947.669983000  8.100000000 0.123792857000
947.695007000  8.100000000 0.125433818000
947.719971000  8.100000000 0.127035156000
947.744995000  8.100000000 0.128599137000
947.769958000  8.100000000 0.130128175000
947.794983000  8.100000000 0.131624609000
947.820007000  8.100000000 0.133090809000
947.844971000  8.100000000 0.134529084000
947.869995000  8.100000000 0.135941595000
947.894958000  8.100000000 0.137330383000
947.919983000  8.100000000 0.138697222000
947.945007000  8.100000000 0.140043840000
947.969971000  8.100000000 0.141371638000
947.994995000  8.100000000 0.142681882000
948.019958000  8.100000000 0.143975571000
948.044983000  8.100000000 0.145253539000
948.070007000  8.100000000 0.146516442000
948.094971000  8.100000000 0.147764847000
948.119995000  8.100000000 0.148999080000
948.144958000  8.100000000 0.150219306000
948.169983000  8.100000000 0.151425734000
948.195007000  8.100000000 0.152618110000
948.219971000  8.100000000 0.153796315000
948.244995000  8.100000000 0.154959798000
948.269958000  8.100000000 0.156107903000
948.294983000  8.100000000 0.157239810000
948.320007000  8.100000000 0.158354372000
948.344971000  8.100000000 0.159450173000
948.369995000  8.100000000 0.160525724000
948.394958000  8.100000000 0.161579058000
948.419983000  8.100000000 0.162608057000
948.445007000  8.100000000 0.163610175000
948.469971000  8.100000000 0.164582878000
948.494995000  8.100000000 0.165523097000
948.519958000  8.100000000 0.166427895000
948.544983000  8.100000000 0.167294011000
948.570007000  8.100000000 0.168118268000
948.594971000  8.100000000 0.168897420000
948.619995000  8.100000000 0.169628084000
948.644958000  8.100000000 0.170306787000
948.669983000  8.100000000 0.170930162000
948.695007000  8.100000000 0.171494499000
948.719971000  8.100000000 0.171996087000
948.744995000  8.100000000 0.172430977000
948.769958000  8.100000000 0.172795281000
948.794983000  8.100000000 0.173084795000
948.820007000  8.100000000 0.173295349000
948.844971000  8.100000000 0.173422500000
948.869995000  8.100000000 0.173461854000
948.894958000  8.100000000 0.173409015000
948.919983000  8.100000000 0.173259571000
948.945007000  8.100000000 0.173009455000
948.969971000  8.100000000 0.172654659000
948.994995000  8.100000000 0.172191516000
949.019958000  8.100000000 0.171616837000
949.044983000  8.100000000 0.170927599000
949.070007000  8.100000000 0.170121744000
949.094971000  8.100000000 0.169197410000
949.119995000  8.100000000 0.168153539000
949.144958000  8.100000000 0.166989580000
949.169983000  8.100000000 0.165705621000
949.195007000  8.100000000 0.164302468000
949.219971000  8.100000000 0.162781298000
949.244995000  8.100000000 0.161144033000
949.269958000  8.100000000 0.159393013000
949.294983000  8.100000000 0.157531351000
949.320007000  8.100000000 0.155562356000
949.344971000  8.100000000 0.153490230000
949.369995000  8.100000000 0.151319236000
949.394958000  8.100000000 0.149054378000
949.419983000  8.100000000 0.146700785000
949.445007000  8.100000000 0.144264057000
949.469971000  8.100000000 0.141750008000
949.494995000  8.100000000 0.139164954000
949.519958000  8.100000000 0.136515230000
949.544983000  8.100000000 0.133807674000
949.570007000  8.100000000 0.131049126000
949.594971000  8.100000000 0.128246978000
949.619995000  8.100000000 0.125408590000
949.644958000  8.100000000 0.122541614000
949.669983000  8.100000000 0.119653791000
949.695007000  8.100000000 0.116752848000
949.719971000  8.100000000 0.113846540000
949.744995000  8.100000000 0.110942416000
949.769958000  8.100000000 0.108047932000
949.794983000  8.100000000 0.105170250000
949.820007000  8.100000000 0.102316305000
949.844971000  8.100000000 0.099492751100
949.869995000  8.100000000 0.096705883700
949.894958000  8.100000000 0.093961626300
949.919983000  8.100000000 0.091265827400
949.945007000  8.100000000 0.088623814300
949.969971000  8.100000000 0.086040757600
949.994995000  8.100000000 0.083521507700
950.019958000  8.100000000 0.081070639200
950.044983000  8.100000000 0.078692391500
950.070007000  8.100000000 0.076390698600
950.094971000  8.100000000 0.074168965200
950.119995000  8.100000000 0.072030268600
950.144958000  8.100000000 0.069977231300
950.169983000  8.100000000 0.068011909700
950.195007000  8.100000000 0.066136032300
950.219971000  8.100000000 0.064350768900
950.244995000  8.100000000 0.062656767700
950.269958000  8.100000000 0.061054181300
950.294983000  8.100000000 0.059542492000
950.320007000  8.100000000 0.058120675400
950.344971000  8.100000000 0.056787006600
950.369995000  8.100000000 0.055539254100
950.394958000  8.100000000 0.054374575600
950.419983000  8.100000000 0.053289722700
950.445007000  8.100000000 0.052280899100
950.469971000  8.100000000 0.051344040800
950.494995000  8.100000000 0.050474640000
950.519958000  8.100000000 0.049667879900
950.544983000  8.100000000 0.048918597400
950.570007000  8.100000000 0.048221416800
950.594971000  8.100000000 0.047570694200
950.619995000  8.100000000 0.046960644400
950.644958000  8.100000000 0.046385366500
950.669983000  8.100000000 0.045838985600
950.695007000  8.100000000 0.045315589800
950.719971000  8.100000000 0.044809386100
950.744995000  8.100000000 0.044314730900
950.769958000  8.100000000 0.043826002600
950.794983000  8.100000000 0.043337751200
950.820007000  8.100000000 0.042844634500
950.844971000  8.100000000 0.042341403700
950.869995000  8.100000000 0.041822921500
950.894958000  8.100000000 0.041284173700
950.919983000  8.100000000 0.040720276500
950.945007000  8.100000000 0.040126469000
950.969971000  8.100000000 0.039498195100
950.994995000  8.100000000 0.038831103600
951.019958000  8.100000000 0.038121093100
951.044983000  8.100000000 0.037364449400
951.070007000  8.100000000 0.036557689300
951.094971000  8.100000000 0.035697821500
951.119995000  8.100000000 0.034782242000
951.144958000  8.100000000 0.033808745400
951.169983000  8.100000000 0.032775685200
951.195007000  8.100000000 0.031681787200
951.219971000  8.100000000 0.030526353000
951.244995000  8.100000000 0.029309099500
951.269958000  8.100000000 0.028030216700
951.294983000  8.100000000 0.026690281900
951.320007000  8.100000000 0.025290189300
951.344971000  8.100000000 0.023831132800
951.369995000  8.100000000 0.022314446000
951.394958000  8.100000000 0.020741624800
951.419983000  8.100000000 0.019114274500
951.445007000  8.100000000 0.017434107100
951.469971000  8.100000000 0.015702907000
951.494995000  8.100000000 0.013922560000
951.519958000  8.100000000 0.012095091900
951.544983000  8.100000000 0.010222647300
951.570007000  8.100000000 0.008307566870
951.594971000  8.100000000 0.006352290980
951.619995000  8.100000000 0.004359366370
951.644958000  8.100000000 0.002331357910
951.669983000  8.100000000 0.000270778139
951.695007000  8.100000000 -0.001819988600
951.719971000  8.100000000 -0.003938754550
951.744995000  8.100000000 -0.006083597890
951.769958000  8.100000000 -0.008252864700
951.794983000  8.100000000 -0.010445211100
951.820007000  8.100000000 -0.012659603700
951.844971000  8.100000000 -0.014895285500
951.869995000  8.100000000 -0.017151800900
951.894958000  8.100000000 -0.019428981500
951.919983000  8.100000000 -0.021727005000
951.945007000  8.100000000 -0.024046298100
951.969971000  8.100000000 -0.026387628200
951.994995000  8.100000000 -0.028752030800
952.019958000  8.100000000 -0.031140863900
952.044983000  8.100000000 -0.033555749800
952.070007000  8.100000000 -0.035998620100
952.094971000  8.100000000 -0.038471687600
952.119995000  8.100000000 -0.040977284300
952.144958000  8.100000000 -0.043517980700
952.169983000  8.100000000 -0.046096392000
952.195007000  8.100000000 -0.048715200300
952.219971000  8.100000000 -0.051377065500
952.244995000  8.100000000 -0.054084636300
952.269958000  8.100000000 -0.056840382500
952.294983000  8.100000000 -0.059646729400
952.320007000  8.100000000 -0.062505953000
952.344971000  8.100000000 -0.065420158200
952.369995000  8.100000000 -0.068391189000
952.394958000  8.100000000 -0.071420669600
952.419983000  8.100000000 -0.074509695200
952.445007000  8.100000000 -0.077658884200
952.469971000  8.100000000 -0.080868288900
952.494995000  8.100000000 -0.084137253500
952.519958000  8.100000000 -0.087464444300
952.544983000  8.100000000 -0.090847909500
952.570007000  8.100000000 -0.094284869700
952.594971000  8.100000000 -0.097772076700
952.619995000  8.100000000 -0.101305440000
952.644958000  8.100000000 -0.104880370000
952.669983000  8.100000000 -0.108491652000
952.695007000  8.100000000 -0.112133443000
952.719971000  8.100000000 -0.115799472000
952.744995000  8.100000000 -0.119483002000
952.769958000  8.100000000 -0.123176940000
952.794983000  8.100000000 -0.126873851000
952.820007000  8.100000000 -0.130566195000
952.844971000  8.100000000 -0.134246171000
952.869995000  8.100000000 -0.137905896000
952.894958000  8.100000000 -0.141537353000
952.919983000  8.100000000 -0.145132795000
952.945007000  8.100000000 -0.148684219000
952.969971000  8.100000000 -0.152183875000
952.994995000  8.100000000 -0.155624047000
953.019958000  8.100000000 -0.158997074000
953.044983000  8.100000000 -0.162295595000
953.070007000  8.100000000 -0.165512174000
953.094971000  8.100000000 -0.168639734000
953.119995000  8.100000000 -0.171671525000
953.144958000  8.100000000 -0.174600795000
953.169983000  8.100000000 -0.177421227000
953.195007000  8.100000000 -0.180126756000
953.219971000  8.100000000 -0.182711631000
953.244995000  8.100000000 -0.185170323000
953.269958000  8.100000000 -0.187497601000
953.294983000  8.100000000 -0.189688563000
953.320007000  8.100000000 -0.191738695000
953.344971000  8.100000000 -0.193643600000
953.369995000  8.100000000 -0.195399389000
953.394958000  8.100000000 -0.197002396000
953.419983000  8.100000000 -0.198449492000
953.445007000  8.100000000 -0.199737817000
953.469971000  8.100000000 -0.200864986000
953.494995000  8.100000000 -0.201828942000
953.519958000  8.100000000 -0.202628136000
953.544983000  8.100000000 -0.203261077000
953.570007000  8.100000000 -0.203726947000
953.594971000  8.100000000 -0.204025090000
953.619995000  8.100000000 -0.204155177000
953.644958000  8.100000000 -0.204117253000
953.669983000  8.100000000 -0.203911677000
953.695007000  8.100000000 -0.203538969000
953.719971000  8.100000000 -0.203000233000
953.744995000  8.100000000 -0.202296719000
953.769958000  8.100000000 -0.201430157000
953.794983000  8.100000000 -0.200402647000
953.820007000  8.100000000 -0.199216723000
953.844971000  8.100000000 -0.197875351000
953.869995000  8.100000000 -0.196381792000
953.894958000  8.100000000 -0.194739655000
953.919983000  8.100000000 -0.192952916000
953.945007000  8.100000000 -0.191025868000
953.969971000  8.100000000 -0.188963205000
953.994995000  8.100000000 -0.186769843000
954.019958000  8.100000000 -0.184451103000
954.044983000  8.100000000 -0.182012469000
954.070007000  8.100000000 -0.179459736000
954.094971000  8.100000000 -0.176798955000
954.119995000  8.100000000 -0.174036384000
954.144958000  8.100000000 -0.171178311000
954.169983000  8.100000000 -0.168231338000
954.195007000  8.100000000 -0.165202051000
954.219971000  8.100000000 -0.162096977000
954.244995000  8.100000000 -0.158922955000
954.269958000  8.100000000 -0.155686796000
954.294983000  8.100000000 -0.152395263000
954.320007000  8.100000000 -0.149055466000
954.344971000  8.100000000 -0.145674288000
954.369995000  8.100000000 -0.142258808000
954.394958000  8.100000000 -0.138816178000
954.419983000  8.100000000 -0.135353416000
954.445007000  8.100000000 -0.131877646000
954.469971000  8.100000000 -0.128395811000
954.494995000  8.100000000 -0.124914706000
954.519958000  8.100000000 -0.121440984000
954.544983000  8.100000000 -0.117981009000
954.570007000  8.100000000 -0.114540711000
954.594971000  8.100000000 -0.111125790000
954.619995000  8.100000000 -0.107741430000
954.644958000  8.100000000 -0.104392417000
954.669983000  8.100000000 -0.101082988000
954.695007000  8.100000000 -0.097816862200
954.719971000  8.100000000 -0.094597145900
954.744995000  8.100000000 -0.091426372500
954.769958000  8.100000000 -0.088306561100
954.794983000  8.100000000 -0.085239045300
954.820007000  8.100000000 -0.082224898000
954.844971000  8.100000000 -0.079264640800
954.869995000  8.100000000 -0.076358526900
954.894958000  8.100000000 -0.073506519200
954.919983000  8.100000000 -0.070708401500
954.945007000  8.100000000 -0.067963808800
954.969971000  8.100000000 -0.065272405700
954.994995000  8.100000000 -0.062633879500
955.019958000  8.100000000 -0.060047958000
955.044983000  8.100000000 -0.057514421600
955.070007000  8.100000000 -0.055033050500
955.094971000  8.100000000 -0.052603747700
955.119995000  8.100000000 -0.050226517000
955.144958000  8.100000000 -0.047901604300
955.169983000  8.100000000 -0.045629434300
955.195007000  8.100000000 -0.043410662600
955.219971000  8.100000000 -0.041246246500
955.244995000  8.100000000 -0.039137374600
955.269958000  8.100000000 -0.037085581600
955.294983000  8.100000000 -0.035092674200
955.320007000  8.100000000 -0.033160753500
955.344971000  8.100000000 -0.031292166600
955.369995000  8.100000000 -0.029489485500
955.394958000  8.100000000 -0.027755489600
955.419983000  8.100000000 -0.026093060200
955.445007000  8.100000000 -0.024505145800
955.469971000  8.100000000 -0.022994738100
955.494995000  8.100000000 -0.021564759300
955.519958000  8.100000000 -0.020218005400
955.544983000  8.100000000 -0.018957013300
955.570007000  8.100000000 -0.017783857900
955.594971000  8.100000000 -0.016700025600
955.619995000  8.100000000 -0.015706338000
955.644958000  8.100000000 -0.014802767000
955.669983000  8.100000000 -0.013988451100
955.695007000  8.100000000 -0.013261704700
955.719971000  8.100000000 -0.012620070000
955.744995000  8.100000000 -0.012060441100
955.769958000  8.100000000 -0.011579119600
955.794983000  8.100000000 -0.011171846700
955.820007000  8.100000000 -0.010833907900
955.844971000  8.100000000 -0.010560156800
955.869995000  8.100000000 -0.010345151600
955.894958000  8.100000000 -0.010183166700
955.919983000  8.100000000 -0.010068308600
955.945007000  8.100000000 -0.009994506840
955.969971000  8.100000000 -0.009955571960
955.994995000  8.100000000 -0.009945284580
956.019958000  8.100000000 -0.009957483970
956.044983000  8.100000000 -0.009986169640
956.070007000  8.100000000 -0.010025559900
956.094971000  8.100000000 -0.010070169300
956.119995000  8.100000000 -0.010114864400
956.144958000  8.100000000 -0.010154875900
956.169983000  8.100000000 -0.010185864800
956.195007000  8.100000000 -0.010203906300
956.219971000  8.100000000 -0.010205496100
956.244995000  8.100000000 -0.010187544900
956.269958000  8.100000000 -0.010147325700
956.294983000  8.100000000 -0.010082427400
956.320007000  8.100000000 -0.009990664200
956.344971000  8.100000000 -0.009870133360
956.369995000  8.100000000 -0.009719125930
956.394958000  8.100000000 -0.009536151770
956.419983000  8.100000000 -0.009319974110
956.445007000  8.100000000 -0.009069565680
956.469971000  8.100000000 -0.008784113450
956.494995000  8.100000000 -0.008463090290
956.519958000  8.100000000 -0.008106287570
956.544983000  8.100000000 -0.007713863160
956.570007000  8.100000000 -0.007286379580
956.594971000  8.100000000 -0.006824857090
956.619995000  8.100000000 -0.006330759730
956.644958000  8.100000000 -0.005806011610
956.669983000  8.100000000 -0.005252908450
956.695007000  8.100000000 -0.004674116620
956.719971000  8.100000000 -0.004072550680
956.744995000  8.100000000 -0.003451331750
956.769958000  8.100000000 -0.002813696860
956.794983000  8.100000000 -0.002162974790
956.820007000  8.100000000 -0.001502458590
956.844971000  8.100000000 -0.000835433370
956.869995000  8.100000000 -0.000165027959
956.894958000  8.100000000 0.000505716074
956.919983000  8.100000000 0.001173975760
956.945007000  8.100000000 0.001837134830
956.969971000  8.100000000 0.002492783590
956.994995000  8.100000000 0.003138809700
957.019958000  8.100000000 0.003773344680
957.044983000  8.100000000 0.004394868390
957.070007000  8.100000000 0.005002195020
957.094971000  8.100000000 0.005594546440
957.119995000  8.100000000 0.006171528720
957.144958000  8.100000000 0.006733175830
957.169983000  8.100000000 0.007279898040
957.195007000  8.100000000 0.007812567990
957.219971000  8.100000000 0.008332399650
957.244995000  8.100000000 0.008841004220
957.269958000  8.100000000 0.009340357970
957.294983000  8.100000000 0.009832677430
957.320007000  8.100000000 0.010320376600
957.344971000  8.100000000 0.010806005400
957.369995000  8.100000000 0.011292199600
957.394958000  8.100000000 0.011781659900
957.419983000  8.100000000 0.012277068600
957.445007000  8.100000000 0.012781070500
957.469971000  8.100000000 0.013296248400
957.494995000  8.100000000 0.013825096200
957.519958000  8.100000000 0.014370008400
957.544983000  8.100000000 0.014933188400
957.570007000  8.100000000 0.015516627600
957.594971000  8.100000000 0.016122002200
957.619995000  8.100000000 0.016750728700
957.644958000  8.100000000 0.017403822400
957.669983000  8.100000000 0.018082022700
957.695007000  8.100000000 0.018785817500
957.719971000  8.100000000 0.019515413800
957.744995000  8.100000000 0.020270817000
957.769958000  8.100000000 0.021051820400
957.794983000  8.100000000 0.021857950800
957.820007000  8.100000000 0.022688526700
957.844971000  8.100000000 0.023542668700
957.869995000  8.100000000 0.024419307700
957.894958000  8.100000000 0.025317188400
957.919983000  8.100000000 0.026234971400
957.945007000  8.100000000 0.027171127500
957.969971000  8.100000000 0.028124120100
957.994995000  8.100000000 0.029092354700
958.019958000  8.100000000 0.030074274200
958.044983000  8.100000000 0.031068466600
958.070007000  8.100000000 0.032073590900
958.094971000  8.100000000 0.033088501500
958.119995000  8.100000000 0.034112203900
958.144958000  8.100000000 0.035143859700
958.169983000  8.100000000 0.036182779800
958.195007000  8.100000000 0.037228446500
958.219971000  8.100000000 0.038280442400
958.244995000  8.100000000 0.039338473200
958.269958000  8.100000000 0.040402315600
958.294983000  8.100000000 0.041471805400
958.320007000  8.100000000 0.042546730500
958.344971000  8.100000000 0.043626830000
958.369995000  8.100000000 0.044711697800
958.394958000  8.100000000 0.045800793900
958.419983000  8.100000000 0.046893332200
958.445007000  8.100000000 0.047988295600
958.469971000  8.100000000 0.049084384000
958.494995000  8.100000000 0.050179958300
958.519958000  8.100000000 0.051273122400
958.544983000  8.100000000 0.052361745400
958.570007000  8.100000000 0.053443517500
958.594971000  8.100000000 0.054516028600
958.619995000  8.100000000 0.055576879500
958.644958000  8.100000000 0.056623745700
958.669983000  8.100000000 0.057654488800
958.695007000  8.100000000 0.058667201500
958.719971000  8.100000000 0.059660211200
958.744995000  8.100000000 0.060632105900
958.769958000  8.100000000 0.061581756900
958.794983000  8.100000000 0.062508337200
958.820007000  8.100000000 0.063411340100
958.844971000  8.100000000 0.064290553300
958.869995000  8.100000000 0.065146103500
958.894958000  8.100000000 0.065978363200
958.919983000  8.100000000 0.066788025200
958.945007000  8.100000000 0.067576013500
958.969971000  8.100000000 0.068343468000
958.994995000  8.100000000 0.069091752200
959.019958000  8.100000000 0.069822348700
959.044983000  8.100000000 0.070536956200
959.070007000  8.100000000 0.071237437400
959.094971000  8.100000000 0.071925871100
959.119995000  8.100000000 0.072604522100
959.144958000  8.100000000 0.073275774700
959.169983000  8.100000000 0.073942229200
959.195007000  8.100000000 0.074606619800
959.219971000  8.100000000 0.075271852300
959.244995000  8.100000000 0.075941003900
959.269958000  8.100000000 0.076617248400
959.294983000  8.100000000 0.077303938600
959.320007000  8.100000000 0.078004591200
959.344971000  8.100000000 0.078722745200
959.369995000  8.100000000 0.079462058800
959.394958000  8.100000000 0.080226235100
959.419983000  8.100000000 0.081018842800
959.445007000  8.100000000 0.081843510300
959.469971000  8.100000000 0.082703761800
959.494995000  8.100000000 0.083603113900
959.519958000  8.100000000 0.084544815100
959.544983000  8.100000000 0.085532113900
959.570007000  8.100000000 0.086568050100
959.594971000  8.100000000 0.087655335700
959.619995000  8.100000000 0.088796585800
959.644958000  8.100000000 0.089994035700
959.669983000  8.100000000 0.091249734200
959.695007000  8.100000000 0.092565327900
959.719971000  8.100000000 0.093942120700
959.744995000  8.100000000 0.095381014000
959.769958000  8.100000000 0.096882559400
959.794983000  8.100000000 0.098446756600
959.820007000  8.100000000 0.100073092000
959.844971000  8.100000000 0.101760559000
959.869995000  8.100000000 0.103507422000
959.894958000  8.100000000 0.105311289000
959.919983000  8.100000000 0.107169166000
959.945007000  8.100000000 0.109077223000
959.969971000  8.100000000 0.111031003000
959.994995000  8.100000000 0.113025367000
960.019958000  8.100000000 0.115054511000
960.044983000  8.100000000 0.117112130000
960.070007000  8.100000000 0.119191460000
960.094971000  8.100000000 0.121285297000
960.119995000  8.100000000 0.123386122000
960.144958000  8.100000000 0.125486150000
960.169983000  8.100000000 0.127577469000
960.195007000  8.100000000 0.129652143000
960.219971000  8.100000000 0.131702095000
960.244995000  8.100000000 0.133719429000
960.269958000  8.100000000 0.135696366000
960.294983000  8.100000000 0.137625232000
960.320007000  8.100000000 0.139498681000
960.344971000  8.100000000 0.141309649000
960.369995000  8.100000000 0.143051311000
960.394958000  8.100000000 0.144717440000
960.419983000  8.100000000 0.146302119000
960.445007000  8.100000000 0.147799909000
960.469971000  8.100000000 0.149206102000
960.494995000  8.100000000 0.150516629000
960.519958000  8.100000000 0.151728138000
960.544983000  8.100000000 0.152837932000
960.570007000  8.100000000 0.153844178000
960.594971000  8.100000000 0.154745743000
960.619995000  8.100000000 0.155542180000
960.644958000  8.100000000 0.156233609000
960.669983000  8.100000000 0.156820953000
960.695007000  8.100000000 0.157305554000
960.719971000  8.100000000 0.157689199000
960.744995000  8.100000000 0.157974169000
960.769958000  8.100000000 0.158162937000
960.794983000  8.100000000 0.158258259000
960.820007000  8.100000000 0.158262998000
960.844971000  8.100000000 0.158180177000
960.869995000  8.100000000 0.158012718000
960.894958000  8.100000000 0.157763556000
960.919983000  8.100000000 0.157435581000
960.945007000  8.100000000 0.157031268000
960.969971000  8.100000000 0.156552985000
960.994995000  8.100000000 0.156002611000
961.019958000  8.100000000 0.155381665000
961.044983000  8.100000000 0.154691041000
961.070007000  8.100000000 0.153931275000
961.094971000  8.100000000 0.153102443000
961.119995000  8.100000000 0.152204454000
961.144958000  8.100000000 0.151236504000
961.169983000  8.100000000 0.150197908000
961.195007000  8.100000000 0.149087802000
961.219971000  8.100000000 0.147905171000
961.244995000  8.100000000 0.146649212000
961.269958000  8.100000000 0.145319149000
961.294983000  8.100000000 0.143914387000
961.320007000  8.100000000 0.142434493000
961.344971000  8.100000000 0.140879348000
961.369995000  8.100000000 0.139249116000
961.394958000  8.100000000 0.137544200000
961.419983000  8.100000000 0.135765538000
961.445007000  8.100000000 0.133914113000
961.469971000  8.100000000 0.131991446000
961.494995000  8.100000000 0.129999369000
961.519958000  8.100000000 0.127939835000
961.544983000  8.100000000 0.125815034000
961.570007000  8.100000000 0.123627402000
961.594971000  8.100000000 0.121379189000
961.619995000  8.100000000 0.119072787000
961.644958000  8.100000000 0.116710462000
961.669983000  8.100000000 0.114294447000
961.695007000  8.100000000 0.111826673000
961.719971000  8.100000000 0.109309137000
961.744995000  8.100000000 0.106743664000
961.769958000  8.100000000 0.104132086000
961.794983000  8.100000000 0.101476192000
961.820007000  8.100000000 0.098777800800
961.844971000  8.100000000 0.096038945000
961.869995000  8.100000000 0.093261636800
961.894958000  8.100000000 0.090448193300
961.919983000  8.100000000 0.087601199700
961.945007000  8.100000000 0.084723472600
961.969971000  8.100000000 0.081818267700
961.994995000  8.100000000 0.078889109200
962.019958000  8.100000000 0.075939945900
962.044983000  8.100000000 0.072975143800
962.070007000  8.100000000 0.069999404300
962.094971000  8.100000000 0.067017823500
962.119995000  8.100000000 0.064035818000
962.144958000  8.100000000 0.061058964600
962.169983000  8.100000000 0.058093182700
962.195007000  8.100000000 0.055144280200
962.219971000  8.100000000 0.052218087000
962.244995000  8.100000000 0.049320232100
962.269958000  8.100000000 0.046455949500
962.294983000  8.100000000 0.043630123100
962.320007000  8.100000000 0.040847066800
962.344971000  8.100000000 0.038110539300
962.369995000  8.100000000 0.035423677400
962.394958000  8.100000000 0.032789073900
962.419983000  8.100000000 0.030208623000
962.445007000  8.100000000 0.027683707000
962.469971000  8.100000000 0.025215080000
962.494995000  8.100000000 0.022802934100
962.519958000  8.100000000 0.020447015800
962.544983000  8.100000000 0.018146611800
962.570007000  8.100000000 0.015900686400
962.594971000  8.100000000 0.013707970300
962.619995000  8.100000000 0.011567021700
962.644958000  8.100000000 0.009476327340
962.669983000  8.100000000 0.007434331810
962.695007000  8.100000000 0.005439474710
962.719971000  8.100000000 0.003490246600
962.744995000  8.100000000 0.001585230230
962.769958000  8.100000000 -0.000276888575
962.794983000  8.100000000 -0.002097269290
962.820007000  8.100000000 -0.003876924750
962.844971000  8.100000000 -0.005616662560
962.869995000  8.100000000 -0.007317129990
962.894958000  8.100000000 -0.008978789670
962.919983000  8.100000000 -0.010601935900
962.945007000  8.100000000 -0.012186719100
962.969971000  8.100000000 -0.013733100100
962.994995000  8.100000000 -0.015240900200
963.019958000  8.100000000 -0.016709759800
963.044983000  8.100000000 -0.018139200300
963.070007000  8.100000000 -0.019528595700
963.094971000  8.100000000 -0.020877230900
963.119995000  8.100000000 -0.022184297400
963.144958000  8.100000000 -0.023448918000
963.169983000  8.100000000 -0.024670220900
963.195007000  8.100000000 -0.025847269200
963.219971000  8.100000000 -0.026979120400
963.244995000  8.100000000 -0.028064811600
963.269958000  8.100000000 -0.029103318200
963.294983000  8.100000000 -0.030093571200
963.320007000  8.100000000 -0.031034408100
963.344971000  8.100000000 -0.031924638900
963.369995000  8.100000000 -0.032763004300
963.394958000  8.100000000 -0.033548183700
963.419983000  8.100000000 -0.034278791400
963.445007000  8.100000000 -0.034953422800
963.469971000  8.100000000 -0.035570573100
963.494995000  8.100000000 -0.036128744500
963.519958000  8.100000000 -0.036626361300
963.544983000  8.100000000 -0.037061903600
963.570007000  8.100000000 -0.037433873900
963.594971000  8.100000000 -0.037740912300
963.619995000  8.100000000 -0.037981797000
963.644958000  8.100000000 -0.038155607900
963.669983000  8.100000000 -0.038261689200
963.695007000  8.100000000 -0.038299806400
963.719971000  8.100000000 -0.038270205300
963.744995000  8.100000000 -0.038173526500
963.769958000  8.100000000 -0.038011003300
963.794983000  8.100000000 -0.037784431100
963.820007000  8.100000000 -0.037496216600
963.844971000  8.100000000 -0.037149459100
963.869995000  8.100000000 -0.036747973400
963.894958000  8.100000000 -0.036296274500
963.919983000  8.100000000 -0.035799615100
963.945007000  8.100000000 -0.035263948100
963.969971000  8.100000000 -0.034695807800
963.994995000  8.100000000 -0.034102223800
964.019958000  8.100000000 -0.033490594500
964.044983000  8.100000000 -0.032868679600
964.070007000  8.100000000 -0.032244421500
964.094971000  8.100000000 -0.031625941400
964.119995000  8.100000000 -0.031021425500
964.144958000  8.100000000 -0.030439099300
964.169983000  8.100000000 -0.029887162100
964.195007000  8.100000000 -0.029373804100
964.219971000  8.100000000 -0.028907176100
964.244995000  8.100000000 -0.028495339700
964.269958000  8.100000000 -0.028146324700
964.294983000  8.100000000 -0.027867978400
964.320007000  8.100000000 -0.027668032800
964.344971000  8.100000000 -0.027553996100
964.369995000  8.100000000 -0.027533179100
964.394958000  8.100000000 -0.027612650800
964.419983000  8.100000000 -0.027799226300
964.445007000  8.100000000 -0.028099464300
964.469971000  8.100000000 -0.028519628600
964.494995000  8.100000000 -0.029065655500
964.519958000  8.100000000 -0.029743082800
964.544983000  8.100000000 -0.030557012200
964.570007000  8.100000000 -0.031512051800
964.594971000  8.100000000 -0.032612267900
964.619995000  8.100000000 -0.033861104400
964.644958000  8.100000000 -0.035261377700
964.669983000  8.100000000 -0.036815248400
964.695007000  8.100000000 -0.038524162000
964.719971000  8.100000000 -0.040388900800
964.744995000  8.100000000 -0.042409546700
964.769958000  8.100000000 -0.044585458900
964.794983000  8.100000000 -0.046915289000
964.820007000  8.100000000 -0.049396976800
964.844971000  8.100000000 -0.052027702300
964.869995000  8.100000000 -0.054803919000
964.894958000  8.100000000 -0.057721249800
964.919983000  8.100000000 -0.060774590800
964.945007000  8.100000000 -0.063958063700
964.969971000  8.100000000 -0.067265033700
964.994995000  8.100000000 -0.070688158300
965.019958000  8.100000000 -0.074219420600
965.044983000  8.100000000 -0.077850155500
965.070007000  8.100000000 -0.081571169200
965.094971000  8.100000000 -0.085372701300
965.119995000  8.100000000 -0.089244633900
965.144958000  8.100000000 -0.093176417100
965.169983000  8.100000000 -0.097157128200
965.195007000  8.100000000 -0.101175554000
965.219971000  8.100000000 -0.105220310000
965.244995000  8.100000000 -0.109279834000
965.269958000  8.100000000 -0.113342442000
965.294983000  8.100000000 -0.117396399000
965.320007000  8.100000000 -0.121430144000
965.344971000  8.100000000 -0.125432014000
965.369995000  8.100000000 -0.129390761000
965.394958000  8.100000000 -0.133295119000
965.419983000  8.100000000 -0.137134343000
965.445007000  8.100000000 -0.140897855000
965.469971000  8.100000000 -0.144575611000
965.494995000  8.100000000 -0.148158044000
965.519958000  8.100000000 -0.151636124000
965.544983000  8.100000000 -0.155001536000
965.570007000  8.100000000 -0.158246607000
965.594971000  8.100000000 -0.161364287000
965.619995000  8.100000000 -0.164348319000
965.644958000  8.100000000 -0.167192921000
965.669983000  8.100000000 -0.169892862000
965.695007000  8.100000000 -0.172443286000
965.719971000  8.100000000 -0.174839690000
965.744995000  8.100000000 -0.177077964000
965.769958000  8.100000000 -0.179154277000
965.794983000  8.100000000 -0.181065112000
965.820007000  8.100000000 -0.182807371000
965.844971000  8.100000000 -0.184378266000
965.869995000  8.100000000 -0.185775638000
965.894958000  8.100000000 -0.186997637000
965.919983000  8.100000000 -0.188042954000
965.945007000  8.100000000 -0.188911036000
965.969971000  8.100000000 -0.189601630000
965.994995000  8.100000000 -0.190115362000
966.019958000  8.100000000 -0.190453351000
966.044983000  8.100000000 -0.190617368000
966.070007000  8.100000000 -0.190609947000
966.094971000  8.100000000 -0.190434039000
966.119995000  8.100000000 -0.190093443000
966.144958000  8.100000000 -0.189592272000
966.169983000  8.100000000 -0.188935459000
966.195007000  8.100000000 -0.188128397000
966.219971000  8.100000000 -0.187176868000
966.244995000  8.100000000 -0.186087072000
966.269958000  8.100000000 -0.184865415000
966.294983000  8.100000000 -0.183518559000
966.320007000  8.100000000 -0.182053268000
966.344971000  8.100000000 -0.180476338000
966.369995000  8.100000000 -0.178794682000
966.394958000  8.100000000 -0.177015185000
966.419983000  8.100000000 -0.175144687000
966.445007000  8.100000000 -0.173189968000
966.469971000  8.100000000 -0.171157688000
966.494995000  8.100000000 -0.169054493000
966.519958000  8.100000000 -0.166886821000
966.544983000  8.100000000 -0.164661303000
966.570007000  8.100000000 -0.162384301000
966.594971000  8.100000000 -0.160062432000
966.619995000  8.100000000 -0.157702163000
966.644958000  8.100000000 -0.155310005000
966.669983000  8.100000000 -0.152892500000
966.695007000  8.100000000 -0.150456280000
966.719971000  8.100000000 -0.148007706000
966.744995000  8.100000000 -0.145553082000
966.769958000  8.100000000 -0.143098533000
966.794983000  8.100000000 -0.140649870000
966.820007000  8.100000000 -0.138212711000
966.844971000  8.100000000 -0.135792419000
966.869995000  8.100000000 -0.133393958000
966.894958000  8.100000000 -0.131021991000
966.919983000  8.100000000 -0.128680676000
966.945007000  8.100000000 -0.126373872000
966.969971000  8.100000000 -0.124104813000
966.994995000  8.100000000 -0.121876262000
967.019958000  8.100000000 -0.119690515000
967.044983000  8.100000000 -0.117549375000
967.070007000  8.100000000 -0.115454070000
967.094971000  8.100000000 -0.113405488000
967.119995000  8.100000000 -0.111403912000
967.144958000  8.100000000 -0.109449327000
967.169983000  8.100000000 -0.107541241000
967.195007000  8.100000000 -0.105678961000
967.219971000  8.100000000 -0.103861496000
967.244995000  8.100000000 -0.102087706000
967.269958000  8.100000000 -0.100356273000
967.294983000  8.100000000 -0.098665803700
967.320007000  8.100000000 -0.097014896600
967.344971000  8.100000000 -0.095401808600
967.369995000  8.100000000 -0.093824885800
967.394958000  8.100000000 -0.092282250500
967.419983000  8.100000000 -0.090771943300
967.445007000  8.100000000 -0.089291870600
967.469971000  8.100000000 -0.087839879100
967.494995000  8.100000000 -0.086413703900
967.519958000  8.100000000 -0.085011042700
967.544983000  8.100000000 -0.083629526200
967.570007000  8.100000000 -0.082266785200
967.594971000  8.100000000 -0.080920472700
967.619995000  8.100000000 -0.079588308900
967.644958000  8.100000000 -0.078268028800
967.669983000  8.100000000 -0.076957531300
967.695007000  8.100000000 -0.075654752600
967.719971000  8.100000000 -0.074357852300
967.744995000  8.100000000 -0.073065124500
967.769958000  8.100000000 -0.071775019200
967.794983000  8.100000000 -0.070486150700
967.820007000  8.100000000 -0.069197446100
967.844971000  8.100000000 -0.067907914500
967.869995000  8.100000000 -0.066616945000
967.894958000  8.100000000 -0.065324008500
967.919983000  8.100000000 -0.064028881500
967.945007000  8.100000000 -0.062731422500
967.969971000  8.100000000 -0.061431665000
967.994995000  8.100000000 -0.060129709500
968.019958000  8.100000000 -0.058825630700
968.044983000  8.100000000 -0.057519529000
968.070007000  8.100000000 -0.056211337400
968.094971000  8.100000000 -0.054900884600
968.119995000  8.100000000 -0.053587812900
968.144958000  8.100000000 -0.052271556100
968.169983000  8.100000000 -0.050951253600
968.195007000  8.100000000 -0.049625828900
968.219971000  8.100000000 -0.048293873700
968.244995000  8.100000000 -0.046953801100
968.269958000  8.100000000 -0.045603789400
968.294983000  8.100000000 -0.044241894000
968.320007000  8.100000000 -0.042866058600
968.344971000  8.100000000 -0.041474007100
968.369995000  8.100000000 -0.040063425900
968.394958000  8.100000000 -0.038631923500
968.419983000  8.100000000 -0.037176955500
968.445007000  8.100000000 -0.035695936500
968.469971000  8.100000000 -0.034186326000
968.494995000  8.100000000 -0.032645538400
968.519958000  8.100000000 -0.031071148800
968.544983000  8.100000000 -0.029460921900
968.570007000  8.100000000 -0.027812754700
968.594971000  8.100000000 -0.026124820100
968.619995000  8.100000000 -0.024395650300
968.644958000  8.100000000 -0.022624112700
968.669983000  8.100000000 -0.020809562900
968.695007000  8.100000000 -0.018951792300
968.719971000  8.100000000 -0.017051065300
968.744995000  8.100000000 -0.015108100100
968.769958000  8.100000000 -0.013123962100
968.794983000  8.100000000 -0.011100131100
968.820007000  8.100000000 -0.009038419460
968.844971000  8.100000000 -0.006940995810
968.869995000  8.100000000 -0.004810303920
968.894958000  8.100000000 -0.002649126340
968.919983000  8.100000000 -0.000460536074
968.945007000  8.100000000 0.001752180630
968.969971000  8.100000000 0.003985402640
968.994995000  8.100000000 0.006235366690
969.019958000  8.100000000 0.008498161100
969.044983000  8.100000000 0.010769651300
969.070007000  8.100000000 0.013045717000
969.094971000  8.100000000 0.015322051000
969.119995000  8.100000000 0.017594326300
969.144958000  8.100000000 0.019858164700
969.169983000  8.100000000 0.022109156500
969.195007000  8.100000000 0.024342859200
969.219971000  8.100000000 0.026554891800
969.244995000  8.100000000 0.028740847500
969.269958000  8.100000000 0.030896375000
969.294983000  8.100000000 0.033017154800
969.320007000  8.100000000 0.035098958800
969.344971000  8.100000000 0.037137646200
969.369995000  8.100000000 0.039129115600
969.394958000  8.100000000 0.041069459200
969.419983000  8.100000000 0.042954791300
969.445007000  8.100000000 0.044781502300
969.469971000  8.100000000 0.046546153700
969.494995000  8.100000000 0.048245545500
969.519958000  8.100000000 0.049876742100
969.544983000  8.100000000 0.051437102300
969.570007000  8.100000000 0.052924271700
969.594971000  8.100000000 0.054336201400
969.619995000  8.100000000 0.055671203900
969.644958000  8.100000000 0.056927934300
969.669983000  8.100000000 0.058105424000
969.695007000  8.100000000 0.059203155300
969.719971000  8.100000000 0.060221076000
969.744995000  8.100000000 0.061159640600
969.769958000  8.100000000 0.062019705800
969.794983000  8.100000000 0.062802605300
969.820007000  8.100000000 0.063510023100
969.844971000  8.100000000 0.064143970600
969.869995000  8.100000000 0.064706780000
969.894958000  8.100000000 0.065201006800
969.919983000  8.100000000 0.065629459900
969.945007000  8.100000000 0.065995141900
969.969971000  8.100000000 0.066301189400
969.994995000  8.100000000 0.066550903000
970.019958000  8.100000000 0.066747628200
970.044983000  8.100000000 0.066894792000
970.070007000  8.100000000 0.066995888900
970.094971000  8.100000000 0.067054338800
970.119995000  8.100000000 0.067073546400
970.144958000  8.100000000 0.067056834700
970.169983000  8.100000000 0.067007437300
970.195007000  8.100000000 0.066928513300
970.219971000  8.100000000 0.066823095100
970.244995000  8.100000000 0.066694170200
970.269958000  8.100000000 0.066544562600
970.294983000  8.100000000 0.066377013900
970.320007000  8.100000000 0.066194109600
970.344971000  8.100000000 0.065998241300
970.369995000  8.100000000 0.065791651600
970.394958000  8.100000000 0.065576374500
970.419983000  8.100000000 0.065354317400
970.445007000  8.100000000 0.065127164100
970.469971000  8.100000000 0.064896456900
970.494995000  8.100000000 0.064663559200
970.519958000  8.100000000 0.064429618400
970.544983000  8.100000000 0.064195707400
970.570007000  8.100000000 0.063962705400
970.594971000  8.100000000 0.063731305300
970.619995000  8.100000000 0.063502095600
970.644958000  8.100000000 0.063275434100
970.669983000  8.100000000 0.063051559000
970.695007000  8.100000000 0.062830470500
970.719971000  8.100000000 0.062611982200
970.744995000  8.100000000 0.062395729100
970.769958000  8.100000000 0.062181156100
970.794983000  8.100000000 0.061967488400
970.820007000  8.100000000 0.061753835500
970.844971000  8.100000000 0.061539135900
970.869995000  8.100000000 0.061322219700
970.894958000  8.100000000 0.061101824000
970.919983000  8.100000000 0.060876641400
970.945007000  8.100000000 0.060645364200
970.969971000  8.100000000 0.060406629000
970.994995000  8.100000000 0.060159105800
971.019958000  8.100000000 0.059901479600
971.044983000  8.100000000 0.059632506200
971.070007000  8.100000000 0.059351064300
971.094971000  8.100000000 0.059056166600
971.119995000  8.100000000 0.058747019600
971.144958000  8.100000000 0.058422997600
971.169983000  8.100000000 0.058083780100
971.195007000  8.100000000 0.057729218200
971.219971000  8.100000000 0.057359430900
971.244995000  8.100000000 0.056974783500
971.269958000  8.100000000 0.056575816100
971.294983000  8.100000000 0.056163307300
971.320007000  8.100000000 0.055738125000
971.344971000  8.100000000 0.055301372000
971.369995000  8.100000000 0.054854199300
971.394958000  8.100000000 0.054397855000
971.419983000  8.100000000 0.053933695000
971.445007000  8.100000000 0.053463168400
971.469971000  8.100000000 0.052987787900
971.494995000  8.100000000 0.052509229600
971.519958000  8.100000000 0.052029252100
971.544983000  8.100000000 0.051549702900
971.570007000  8.100000000 0.051072556500
971.594971000  8.100000000 0.050599806000
971.619995000  8.100000000 0.050133459300
971.644958000  8.100000000 0.049675595000
971.669983000  8.100000000 0.049228273300
971.695007000  8.100000000 0.048793487300
971.719971000  8.100000000 0.048373166500
971.744995000  8.100000000 0.047969091700
971.769958000  8.100000000 0.047583017500
971.794983000  8.100000000 0.047216557000
971.820007000  8.100000000 0.046871267300
971.844971000  8.100000000 0.046548612400
971.869995000  8.100000000 0.046250011800
971.894958000  8.100000000 0.045976810200
971.919983000  8.100000000 0.045730352400
971.945007000  8.100000000 0.045511912600
971.969971000  8.100000000 0.045322720000
971.994995000  8.100000000 0.045163918300
972.019958000  8.100000000 0.045036647500
972.044983000  8.100000000 0.044941984100
972.070007000  8.100000000 0.044881086800
972.094971000  8.100000000 0.044855106600
972.119995000  8.100000000 0.044865265500
972.144958000  8.100000000 0.044912852300
972.169983000  8.100000000 0.044999208300
972.195007000  8.100000000 0.045125722900
972.219971000  8.100000000 0.045293860100
972.244995000  8.100000000 0.045505117600
972.269958000  8.100000000 0.045761056200
972.294983000  8.100000000 0.046063333700
972.320007000  8.100000000 0.046413682400
972.344971000  8.100000000 0.046813819600
972.369995000  8.100000000 0.047265660000
972.394958000  8.100000000 0.047770950900
972.419983000  8.100000000 0.048331584800
972.445007000  8.100000000 0.048949267700
972.469971000  8.100000000 0.049625791600
972.494995000  8.100000000 0.050362747200
972.519958000  8.100000000 0.051161702700
972.544983000  8.100000000 0.052023969600
972.570007000  8.100000000 0.052950780800
972.594971000  8.100000000 0.053942967200
972.619995000  8.100000000 0.055001258900
972.644958000  8.100000000 0.056126106500
972.669983000  8.100000000 0.057317614600
972.695007000  8.100000000 0.058575686100
972.719971000  8.100000000 0.059899918700
972.744995000  8.100000000 0.061289623400
972.769958000  8.100000000 0.062743879900
972.794983000  8.100000000 0.064261362000
972.820007000  8.100000000 0.065840400800
972.844971000  8.100000000 0.067478932400
972.869995000  8.100000000 0.069174498300
972.894958000  8.100000000 0.070924259700
972.919983000  8.100000000 0.072724916000
972.945007000  8.100000000 0.074572674900
972.969971000  8.100000000 0.076463230000
972.994995000  8.100000000 0.078391768000
973.019958000  8.100000000 0.080352783200
973.044983000  8.100000000 0.082340352200
973.070007000  8.100000000 0.084347896300
973.094971000  8.100000000 0.086368195700
973.119995000  8.100000000 0.088393650900
973.144958000  8.100000000 0.090416111100
973.169983000  8.100000000 0.092427000400
973.195007000  8.100000000 0.094417475200
973.219971000  8.100000000 0.096378348800
973.244995000  8.100000000 0.098300233500
973.269958000  8.100000000 0.100173503000
973.294983000  8.100000000 0.101988487000
973.320007000  8.100000000 0.103735484000
973.344971000  8.100000000 0.105404869000
973.369995000  8.100000000 0.106987223000
973.394958000  8.100000000 0.108473413000
973.419983000  8.100000000 0.109854721000
973.445007000  8.100000000 0.111122958000
973.469971000  8.100000000 0.112270586000
973.494995000  8.100000000 0.113290697000
973.519958000  8.100000000 0.114177331000
973.544983000  8.100000000 0.114925355000
973.570007000  8.100000000 0.115530632000
973.594971000  8.100000000 0.115990251000
973.619995000  8.100000000 0.116302431000
973.644958000  8.100000000 0.116466664000
973.669983000  8.100000000 0.116483681000
973.695007000  8.100000000 0.116355583000
973.719971000  8.100000000 0.116085619000
973.744995000  8.100000000 0.115678437000
973.769958000  8.100000000 0.115139827000
973.794983000  8.100000000 0.114476718000
973.820007000  8.100000000 0.113697194000
973.844971000  8.100000000 0.112810239000
973.869995000  8.100000000 0.111825809000
973.894958000  8.100000000 0.110754572000
973.919983000  8.100000000 0.109607764000
973.945007000  8.100000000 0.108397119000
973.969971000  8.100000000 0.107134685000
973.994995000  8.100000000 0.105832569000
974.019958000  8.100000000 0.104502968000
974.044983000  8.100000000 0.103157848000
974.070007000  8.100000000 0.101808876000
974.094971000  8.100000000 0.100467339000
974.119995000  8.100000000 0.099143914900
974.144958000  8.100000000 0.097848758100
974.169983000  8.100000000 0.096591286400
974.195007000  8.100000000 0.095380112500
974.219971000  8.100000000 0.094223126800
974.244995000  8.100000000 0.093127332600
974.269958000  8.100000000 0.092098817200
974.294983000  8.100000000 0.091142818300
974.320007000  8.100000000 0.090263553000
974.344971000  8.100000000 0.089464396200
974.369995000  8.100000000 0.088747821700
974.394958000  8.100000000 0.088115342000
974.419983000  8.100000000 0.087567709400
974.445007000  8.100000000 0.087104782500
974.469971000  8.100000000 0.086725711800
974.494995000  8.100000000 0.086428880700
974.519958000  8.100000000 0.086211927200
974.544983000  8.100000000 0.086071878700
974.570007000  8.100000000 0.086005069300
974.594971000  8.100000000 0.086007282100
974.619995000  8.100000000 0.086073815800
974.644958000  8.100000000 0.086199596500
974.669983000  8.100000000 0.086379177900
974.695007000  8.100000000 0.086606852700
974.719971000  8.100000000 0.086876824500
974.744995000  8.100000000 0.087183065700
974.769958000  8.100000000 0.087519601000
974.794983000  8.100000000 0.087880365600
974.820007000  8.100000000 0.088259376600
974.844971000  8.100000000 0.088650859900
974.869995000  8.100000000 0.089049205200
974.894958000  8.100000000 0.089449189600
974.919983000  8.100000000 0.089845962800
974.945007000  8.100000000 0.090235203500
974.969971000  8.100000000 0.090613000100
974.994995000  8.100000000 0.090976066900
975.019958000  8.100000000 0.091321602500
975.044983000  8.100000000 0.091647394000
975.070007000  8.100000000 0.091951735300
975.094971000  8.100000000 0.092233382200
975.119995000  8.100000000 0.092491589500
975.144958000  8.100000000 0.092725999700
975.169983000  8.100000000 0.092936649900
975.195007000  8.100000000 0.093123897900
975.219971000  8.100000000 0.093288362000
975.244995000  8.100000000 0.093430951200
975.269958000  8.100000000 0.093552745900
975.294983000  8.100000000 0.093654930600
975.320007000  8.100000000 0.093738891200
975.344971000  8.100000000 0.093805983700
975.369995000  8.100000000 0.093857601300
975.394958000  8.100000000 0.093895182000
975.419983000  8.100000000 0.093920052100
975.445007000  8.100000000 0.093933470500
975.469971000  8.100000000 0.093936532700
975.494995000  8.100000000 0.093930155000
975.519958000  8.100000000 0.093915022900
975.544983000  8.100000000 0.093891590800
975.570007000  8.100000000 0.093860037600
975.594971000  8.100000000 0.093820244100
975.619995000  8.100000000 0.093771852600
975.644958000  8.100000000 0.093714162700
975.669983000  8.100000000 0.093646287900
975.695007000  8.100000000 0.093567140400
975.719971000  8.100000000 0.093475349200
975.744995000  8.100000000 0.093369416900
975.769958000  8.100000000 0.093247607400
975.794983000  8.100000000 0.093108065400
975.820007000  8.100000000 0.092948772000
975.844971000  8.100000000 0.092767715500
975.869995000  8.100000000 0.092562727600
975.894958000  8.100000000 0.092331647900
975.919983000  8.100000000 0.092072241000
975.945007000  8.100000000 0.091782361300
975.969971000  8.100000000 0.091459825600
975.994995000  8.100000000 0.091102607500
976.019958000  8.100000000 0.090708710300
976.044983000  8.100000000 0.090276256200
976.070007000  8.100000000 0.089803434900
976.094971000  8.100000000 0.089288555100
976.119995000  8.100000000 0.088730037200
976.144958000  8.100000000 0.088126391200
976.169983000  8.100000000 0.087476231200
976.195007000  8.100000000 0.086778223500
976.219971000  8.100000000 0.086031086700
976.244995000  8.100000000 0.085233576600
976.269958000  8.100000000 0.084384515900
976.294983000  8.100000000 0.083482585800
976.320007000  8.100000000 0.082526557100
976.344971000  8.100000000 0.081514909900
976.369995000  8.100000000 0.080446116600
976.394958000  8.100000000 0.079318508500
976.419983000  8.100000000 0.078130267600
976.445007000  8.100000000 0.076879493900
976.469971000  8.100000000 0.075564287600
976.494995000  8.100000000 0.074182570000
976.519958000  8.100000000 0.072732374100
976.544983000  8.100000000 0.071211658400
976.570007000  8.100000000 0.069618530600
976.594971000  8.100000000 0.067951135300
976.619995000  8.100000000 0.066207796300
976.644958000  8.100000000 0.064387090500
976.669983000  8.100000000 0.062487799700
976.695007000  8.100000000 0.060509037200
976.719971000  8.100000000 0.058450181000
976.744995000  8.100000000 0.056310936800
976.769958000  8.100000000 0.054091300800
976.794983000  8.100000000 0.051791630700
976.820007000  8.100000000 0.049412656600
976.844971000  8.100000000 0.046955503500
976.869995000  8.100000000 0.044421680300
976.894958000  8.100000000 0.041813161200
976.919983000  8.100000000 0.039132248600
976.945007000  8.100000000 0.036381725200
976.969971000  8.100000000 0.033564742700
976.994995000  8.100000000 0.030684897700
977.019958000  8.100000000 0.027746243400
977.044983000  8.100000000 0.024753226000
977.070007000  8.100000000 0.021710695700
977.094971000  8.100000000 0.018623888500
977.119995000  8.100000000 0.015498377400
977.144958000  8.100000000 0.012339987800
977.169983000  8.100000000 0.009154750030
977.195007000  8.100000000 0.005948831790
977.219971000  8.100000000 0.002728496910
977.244995000  8.100000000 -0.000499984424
977.269958000  8.100000000 -0.003730306630
977.294983000  8.100000000 -0.006956245280
977.320007000  8.100000000 -0.010171668600
977.344971000  8.100000000 -0.013370594000
977.369995000  8.100000000 -0.016547212400
977.394958000  8.100000000 -0.019695963700
977.419983000  8.100000000 -0.022811560000
977.445007000  8.100000000 -0.025889033500
977.469971000  8.100000000 -0.028923727600
977.494995000  8.100000000 -0.031911362000
977.519958000  8.100000000 -0.034847997100
977.544983000  8.100000000 -0.037730015800
977.570007000  8.100000000 -0.040554121100
977.594971000  8.100000000 -0.043317362700
977.619995000  8.100000000 -0.046017136400
977.644958000  8.100000000 -0.048651192300
977.669983000  8.100000000 -0.051217660300
977.695007000  8.100000000 -0.053715068800
977.719971000  8.100000000 -0.056142263100
977.744995000  8.100000000 -0.058498546500
977.769958000  8.100000000 -0.060783546400
977.794983000  8.100000000 -0.062997274100
977.820007000  8.100000000 -0.065140061100
977.844971000  8.100000000 -0.067212559300
977.869995000  8.100000000 -0.069215625500
977.894958000  8.100000000 -0.071150384800
977.919983000  8.100000000 -0.073018245400
977.945007000  8.100000000 -0.074820682400
977.969971000  8.100000000 -0.076559320100
977.994995000  8.100000000 -0.078235968900
978.019958000  8.100000000 -0.079852476700
978.044983000  8.100000000 -0.081410780500
978.070007000  8.100000000 -0.082912698400
978.094971000  8.100000000 -0.084360130100
978.119995000  8.100000000 -0.085754856500
978.144958000  8.100000000 -0.087098643200
978.169983000  8.100000000 -0.088393159200
978.195007000  8.100000000 -0.089639976600
978.219971000  8.100000000 -0.090840637700
978.244995000  8.100000000 -0.091996341900
978.269958000  8.100000000 -0.093108154800
978.294983000  8.100000000 -0.094176918300
978.320007000  8.100000000 -0.095203168700
978.344971000  8.100000000 -0.096187286100
978.369995000  8.100000000 -0.097129344900
978.394958000  8.100000000 -0.098029233500
978.419983000  8.100000000 -0.098886646300
978.445007000  8.100000000 -0.099701084200
978.469971000  8.100000000 -0.100471862000
978.494995000  8.100000000 -0.101198122000
978.519958000  8.100000000 -0.101878896000
978.544983000  8.100000000 -0.102513142000
978.570007000  8.100000000 -0.103099778000
978.594971000  8.100000000 -0.103637755000
978.619995000  8.100000000 -0.104126222000
978.644958000  8.100000000 -0.104564488000
978.669983000  8.100000000 -0.104952089000
978.695007000  8.100000000 -0.105288833000
978.719971000  8.100000000 -0.105574831000
978.744995000  8.100000000 -0.105810508000
978.769958000  8.100000000 -0.105996802000
978.794983000  8.100000000 -0.106134921000
978.820007000  8.100000000 -0.106226608000
978.844971000  8.100000000 -0.106273971000
978.869995000  8.100000000 -0.106279559000
978.894958000  8.100000000 -0.106246218000
978.919983000  8.100000000 -0.106177174000
978.945007000  8.100000000 -0.106075861000
978.969971000  8.100000000 -0.105945952000
978.994995000  8.100000000 -0.105791241000
979.019958000  8.100000000 -0.105615675000
979.044983000  8.100000000 -0.105423369000
979.070007000  8.100000000 -0.105218470000
979.094971000  8.100000000 -0.105005085000
979.119995000  8.100000000 -0.104787320000
979.144958000  8.100000000 -0.104569115000
979.169983000  8.100000000 -0.104354285000
979.195007000  8.100000000 -0.104146436000
979.219971000  8.100000000 -0.103948869000
979.244995000  8.100000000 -0.103764601000
979.269958000  8.100000000 -0.103596315000
979.294983000  8.100000000 -0.103446431000
979.320007000  8.100000000 -0.103316970000
979.344971000  8.100000000 -0.103209727000
979.369995000  8.100000000 -0.103126131000
979.394958000  8.100000000 -0.103067368000
979.419983000  8.100000000 -0.103034370000
979.445007000  8.100000000 -0.103027895000
979.469971000  8.100000000 -0.103048474000
979.494995000  8.100000000 -0.103096537000
979.519958000  8.100000000 -0.103172399000
979.544983000  8.100000000 -0.103276230000
979.570007000  8.100000000 -0.103408106000
979.594971000  8.100000000 -0.103568025000
979.619995000  8.100000000 -0.103755817000
979.644958000  8.100000000 -0.103971288000
979.669983000  8.100000000 -0.104214087000
979.695007000  8.100000000 -0.104483813000
979.719971000  8.100000000 -0.104779974000
979.744995000  8.100000000 -0.105102032000
979.769958000  8.100000000 -0.105449311000
979.794983000  8.100000000 -0.105821133000
979.820007000  8.100000000 -0.106216691000
979.844971000  8.100000000 -0.106635138000
979.869995000  8.100000000 -0.107075617000
979.894958000  8.100000000 -0.107537255000
979.919983000  8.100000000 -0.108019218000
979.945007000  8.100000000 -0.108520694000
979.969971000  8.100000000 -0.109040968000
979.994995000  8.100000000 -0.109579273000
980.019958000  8.100000000 -0.110135004000
980.044983000  8.100000000 -0.110707462000
980.070007000  8.100000000 -0.111296028000
980.094971000  8.100000000 -0.111900121000
980.119995000  8.100000000 -0.112519160000
980.144958000  8.100000000 -0.113152646000
980.169983000  8.100000000 -0.113800034000
980.195007000  8.100000000 -0.114460856000
980.219971000  8.100000000 -0.115134604000
980.244995000  8.100000000 -0.115820691000
980.269958000  8.100000000 -0.116518535000
980.294983000  8.100000000 -0.117227547000
980.320007000  8.100000000 -0.117947161000
980.344971000  8.100000000 -0.118676797000
980.369995000  8.100000000 -0.119415931000
980.394958000  8.100000000 -0.120164163000
980.419983000  8.100000000 -0.120921224000
980.445007000  8.100000000 -0.121687047000
980.469971000  8.100000000 -0.122461930000
980.494995000  8.100000000 -0.123246387000
980.519958000  8.100000000 -0.124041550000
980.544983000  8.100000000 -0.124848925000
980.570007000  8.100000000 -0.125670612000
980.594971000  8.100000000 -0.126509175000
980.619995000  8.100000000 -0.127367809000
980.644958000  8.100000000 -0.128250018000
980.669983000  8.100000000 -0.129160002000
980.695007000  8.100000000 -0.130102158000
980.719971000  8.100000000 -0.131081432000
980.744995000  8.100000000 -0.132102996000
980.769958000  8.100000000 -0.133172318000
980.794983000  8.100000000 -0.134295031000
980.820007000  8.100000000 -0.135476977000
980.844971000  8.100000000 -0.136723980000
980.869995000  8.100000000 -0.138042048000
980.894958000  8.100000000 -0.139437050000
980.919983000  8.100000000 -0.140914842000
980.945007000  8.100000000 -0.142481118000
980.969971000  8.100000000 -0.144141257000
980.994995000  8.100000000 -0.145900562000
981.019958000  8.100000000 -0.147763908000
981.044983000  8.100000000 -0.149735913000
981.070007000  8.100000000 -0.151820630000
981.094971000  8.100000000 -0.154021800000
981.119995000  8.100000000 -0.156342864000
981.144958000  8.100000000 -0.158786654000
981.169983000  8.100000000 -0.161355749000
981.195007000  8.100000000 -0.164052367000
981.219971000  8.100000000 -0.166878387000
981.244995000  8.100000000 -0.169835463000
981.269958000  8.100000000 -0.172924951000
981.294983000  8.100000000 -0.176148102000
981.320007000  8.100000000 -0.179505929000
981.344971000  8.100000000 -0.182999253000
981.369995000  8.100000000 -0.186628729000
981.394958000  8.100000000 -0.190394893000
981.419983000  8.100000000 -0.194298312000
981.445007000  8.100000000 -0.198339313000
981.469971000  8.100000000 -0.202518210000
981.494995000  8.100000000 -0.206835404000
981.519958000  8.100000000 -0.211291119000
981.544983000  8.100000000 -0.215885580000
981.570007000  8.100000000 -0.220619082000
981.594971000  8.100000000 -0.225491822000
981.619995000  8.100000000 -0.230503917000
981.644958000  8.100000000 -0.235655472000
981.669983000  8.100000000 -0.240946338000
981.695007000  8.100000000 -0.246376172000
981.719971000  8.100000000 -0.251944631000
981.744995000  8.100000000 -0.257650793000
981.769958000  8.100000000 -0.263493568000
981.794983000  8.100000000 -0.269471318000
981.820007000  8.100000000 -0.275581956000
981.844971000  8.100000000 -0.281822801000
981.869995000  8.100000000 -0.288190633000
981.894958000  8.100000000 -0.294681728000
981.919983000  8.100000000 -0.301291615000
981.945007000  8.100000000 -0.308015436000
981.969971000  8.100000000 -0.314847320000
981.994995000  8.100000000 -0.321781069000
982.019958000  8.100000000 -0.328809649000
982.044983000  8.100000000 -0.335925609000
982.070007000  8.100000000 -0.343120575000
982.094971000  8.100000000 -0.350385725000
982.119995000  8.100000000 -0.357711732000
982.144958000  8.100000000 -0.365088671000
982.169983000  8.100000000 -0.372506201000
982.195007000  8.100000000 -0.379953295000
982.219971000  8.100000000 -0.387418896000
982.244995000  8.100000000 -0.394891292000
982.269958000  8.100000000 -0.402358830000
982.294983000  8.100000000 -0.409809411000
982.320007000  8.100000000 -0.417230844000
982.344971000  8.100000000 -0.424611002000
982.369995000  8.100000000 -0.431937844000
982.394958000  8.100000000 -0.439198822000
982.419983000  8.100000000 -0.446382135000
982.445007000  8.100000000 -0.453475505000
982.469971000  8.100000000 -0.460467458000
982.494995000  8.100000000 -0.467345923000
982.519958000  8.100000000 -0.474099457000
982.544983000  8.100000000 -0.480716497000
982.570007000  8.100000000 -0.487185508000
982.594971000  8.100000000 -0.493495196000
982.619995000  8.100000000 -0.499634057000
982.644958000  8.100000000 -0.505590677000
982.669983000  8.100000000 -0.511353731000
982.695007000  8.100000000 -0.516911685000
982.719971000  8.100000000 -0.522253156000
982.744995000  8.100000000 -0.527366698000
982.769958000  8.100000000 -0.532241106000
982.794983000  8.100000000 -0.536864936000
982.820007000  8.100000000 -0.541227281000
982.844971000  8.100000000 -0.545317531000
982.869995000  8.100000000 -0.549124956000
982.894958000  8.100000000 -0.552639127000
982.919983000  8.100000000 -0.555850387000
982.945007000  8.100000000 -0.558749259000
982.969971000  8.100000000 -0.561326206000
982.994995000  8.100000000 -0.563573003000
983.019958000  8.100000000 -0.565481067000
983.044983000  8.100000000 -0.567042708000
983.070007000  8.100000000 -0.568250597000
983.094971000  8.100000000 -0.569097757000
983.119995000  8.100000000 -0.569578171000
983.144958000  8.100000000 -0.569685876000
983.169983000  8.100000000 -0.569415987000
983.195007000  8.100000000 -0.568763673000
983.219971000  8.100000000 -0.567725241000
983.244995000  8.100000000 -0.566296995000
983.269958000  8.100000000 -0.564476192000
983.294983000  8.100000000 -0.562260687000
983.320007000  8.100000000 -0.559648633000
983.344971000  8.100000000 -0.556638718000
983.369995000  8.100000000 -0.553230047000
983.394958000  8.100000000 -0.549422622000
983.419983000  8.100000000 -0.545216441000
983.445007000  8.100000000 -0.540612519000
983.469971000  8.100000000 -0.535611749000
983.494995000  8.100000000 -0.530215800000
983.519958000  8.100000000 -0.524426579000
983.544983000  8.100000000 -0.518246412000
983.570007000  8.100000000 -0.511678338000
983.594971000  8.100000000 -0.504725397000
983.619995000  8.100000000 -0.497391135000
983.644958000  8.100000000 -0.489679515000
983.669983000  8.100000000 -0.481594831000
983.695007000  8.100000000 -0.473141819000
983.719971000  8.100000000 -0.464325368000
983.744995000  8.100000000 -0.455150753000
983.769958000  8.100000000 -0.445623398000
983.794983000  8.100000000 -0.435749024000
983.820007000  8.100000000 -0.425533384000
983.844971000  8.100000000 -0.414982170000
983.869995000  8.100000000 -0.404101282000
983.894958000  8.100000000 -0.392896771000
983.919983000  8.100000000 -0.381374508000
983.945007000  8.100000000 -0.369540364000
983.969971000  8.100000000 -0.357400149000
983.994995000  8.100000000 -0.344959885000
984.019958000  8.100000000 -0.332225204000
984.044983000  8.100000000 -0.319201916000
984.070007000  8.100000000 -0.305895686000
984.094971000  8.100000000 -0.292311937000
984.119995000  8.100000000 -0.278456181000
984.144958000  8.100000000 -0.264333695000
984.169983000  8.100000000 -0.249949500000
984.195007000  8.100000000 -0.235308588000
984.219971000  8.100000000 -0.220415697000
984.244995000  8.100000000 -0.205275416000
984.269958000  8.100000000 -0.189892009000
984.294983000  8.100000000 -0.174269646000
984.320007000  8.100000000 -0.158412158000
984.344971000  8.100000000 -0.142323226000
984.369995000  8.100000000 -0.126006335000
984.394958000  8.100000000 -0.109464735000
984.419983000  8.100000000 -0.092701427600
984.445007000  8.100000000 -0.075719282000
984.469971000  8.100000000 -0.058520868400
984.494995000  8.100000000 -0.041108720000
984.519958000  8.100000000 -0.023485178100
984.544983000  8.100000000 -0.005652525930
984.570007000  8.100000000 0.012386919900
984.594971000  8.100000000 0.030630787800
984.619995000  8.100000000 0.049076531100
984.644958000  8.100000000 0.067721337100
984.669983000  8.100000000 0.086562059800
984.695007000  8.100000000 0.105595112000
984.719971000  8.100000000 0.124816425000
984.744995000  8.100000000 0.144221306000
984.769958000  8.100000000 0.163804367000
984.794983000  8.100000000 0.183559448000
984.820007000  8.100000000 0.203479677000
984.844971000  8.100000000 0.223557159000
984.869995000  8.100000000 0.243782923000
984.894958000  8.100000000 0.264147222000
984.919983000  8.100000000 0.284638762000
984.945007000  8.100000000 0.305245310000
984.969971000  8.100000000 0.325953245000
984.994995000  8.100000000 0.346747667000
985.019958000  8.100000000 0.367612392000
985.044983000  8.100000000 0.388530076000
985.070007000  8.100000000 0.409481972000
985.094971000  8.100000000 0.430447966000
985.119995000  8.100000000 0.451407015000
985.144958000  8.100000000 0.472336262000
985.169983000  8.100000000 0.493212402000
985.195007000  8.100000000 0.514010787000
985.219971000  8.100000000 0.534705818000
985.244995000  8.100000000 0.555271089000
985.269958000  8.100000000 0.575679600000
985.294983000  8.100000000 0.595903933000
985.320007000  8.100000000 0.615916133000
985.344971000  8.100000000 0.635687649000
985.369995000  8.100000000 0.655190349000
985.394958000  8.100000000 0.674395978000
985.419983000  8.100000000 0.693276227000
985.445007000  8.100000000 0.711803675000
985.469971000  8.100000000 0.729951084000
985.494995000  8.100000000 0.747691929000
985.519958000  8.100000000 0.765000165000
985.544983000  8.100000000 0.781851411000
985.570007000  8.100000000 0.798221588000
985.594971000  8.100000000 0.814087629000
985.619995000  8.100000000 0.829428256000
985.644958000  8.100000000 0.844222426000
985.669983000  8.100000000 0.858451366000
985.695007000  8.100000000 0.872096896000
985.719971000  8.100000000 0.885142863000
985.744995000  8.100000000 0.897574246000
985.769958000  8.100000000 0.909377635000
985.794983000  8.100000000 0.920541108000
985.820007000  8.100000000 0.931054473000
985.844971000  8.100000000 0.940908730000
985.869995000  8.100000000 0.950096905000
985.894958000  8.100000000 0.958613515000
985.919983000  8.100000000 0.966454268000
985.945007000  8.100000000 0.973616719000
985.969971000  8.100000000 0.980100155000
985.994995000  8.100000000 0.985905051000
986.019958000  8.100000000 0.991033673000
986.044983000  8.100000000 0.995489299000
986.070007000  8.100000000 0.999276876000
986.094971000  8.100000000 1.002401830000
986.119995000  8.100000000 1.004872320000
986.144958000  8.100000000 1.006696580000
986.169983000  8.100000000 1.007884260000
986.195007000  8.100000000 1.008446220000
986.219971000  8.100000000 1.008394000000
986.244995000  8.100000000 1.007740860000
986.269958000  8.100000000 1.006499530000
986.294983000  8.100000000 1.004684930000
986.320007000  8.100000000 1.002311350000
986.344971000  8.100000000 0.999394596000
986.369995000  8.100000000 0.995949924000
986.394958000  8.100000000 0.991993368000
986.419983000  8.100000000 0.987541378000
986.445007000  8.100000000 0.982609510000
986.469971000  8.100000000 0.977213681000
986.494995000  8.100000000 0.971369803000
986.519958000  8.100000000 0.965092480000
986.544983000  8.100000000 0.958397031000
986.570007000  8.100000000 0.951297343000
986.594971000  8.100000000 0.943807185000
986.619995000  8.100000000 0.935939968000
986.644958000  8.100000000 0.927707851000
986.669983000  8.100000000 0.919123352000
986.695007000  8.100000000 0.910197079000
986.719971000  8.100000000 0.900940299000
986.744995000  8.100000000 0.891362786000
986.769958000  8.100000000 0.881473839000
986.794983000  8.100000000 0.871282279000
986.820007000  8.100000000 0.860795856000
986.844971000  8.100000000 0.850021720000
986.869995000  8.100000000 0.838966131000
986.894958000  8.100000000 0.827634752000
986.919983000  8.100000000 0.816032469000
986.945007000  8.100000000 0.804163039000
986.969971000  8.100000000 0.792029917000
986.994995000  8.100000000 0.779636204000
987.019958000  8.100000000 0.766983688000
987.044983000  8.100000000 0.754075110000
987.070007000  8.100000000 0.740911484000
987.094971000  8.100000000 0.727494836000
987.119995000  8.100000000 0.713826597000
987.144958000  8.100000000 0.699908495000
987.169983000  8.100000000 0.685741901000
987.195007000  8.100000000 0.671329439000
987.219971000  8.100000000 0.656673372000
987.244995000  8.100000000 0.641776800000
987.269958000  8.100000000 0.626643658000
987.294983000  8.100000000 0.611278415000
987.320007000  8.100000000 0.595686734000
987.344971000  8.100000000 0.579875410000
987.369995000  8.100000000 0.563851535000
987.394958000  8.100000000 0.547624111000
987.419983000  8.100000000 0.531202435000
987.445007000  8.100000000 0.514597535000
987.469971000  8.100000000 0.497821271000
987.494995000  8.100000000 0.480886459000
987.519958000  8.100000000 0.463806927000
987.544983000  8.100000000 0.446597546000
987.570007000  8.100000000 0.429274172000
987.594971000  8.100000000 0.411852837000
987.619995000  8.100000000 0.394351125000
987.644958000  8.100000000 0.376786917000
987.669983000  8.100000000 0.359178722000
987.695007000  8.100000000 0.341545731000
987.719971000  8.100000000 0.323907584000
987.744995000  8.100000000 0.306284487000
987.769958000  8.100000000 0.288696587000
987.794983000  8.100000000 0.271164566000
987.820007000  8.100000000 0.253709137000
987.844971000  8.100000000 0.236350745000
987.869995000  8.100000000 0.219110012000
987.894958000  8.100000000 0.202007011000
987.919983000  8.100000000 0.185061470000
987.945007000  8.100000000 0.168292537000
987.969971000  8.100000000 0.151718840000
987.994995000  8.100000000 0.135358170000
988.019958000  8.100000000 0.119227447000
988.044983000  8.100000000 0.103342853000
988.070007000  8.100000000 0.087719604400
988.094971000  8.100000000 0.072372026700
988.119995000  8.100000000 0.057313647100
988.144958000  8.100000000 0.042556986200
988.169983000  8.100000000 0.028113815900
988.195007000  8.100000000 0.013995000200
988.219971000  8.100000000 0.000210595841
988.244995000  8.100000000 -0.013230114200
988.269958000  8.100000000 -0.026318607900
988.294983000  8.100000000 -0.039047103400
988.320007000  8.100000000 -0.051408644800
988.344971000  8.100000000 -0.063396953000
988.369995000  8.100000000 -0.075006529700
988.394958000  8.100000000 -0.086232669700
988.419983000  8.100000000 -0.097071386900
988.445007000  8.100000000 -0.107519455000
988.469971000  8.100000000 -0.117574416000
988.494995000  8.100000000 -0.127234623000
988.519958000  8.100000000 -0.136499092000
988.544983000  8.100000000 -0.145367756000
988.570007000  8.100000000 -0.153841287000
988.594971000  8.100000000 -0.161921084000
988.619995000  8.100000000 -0.169609413000
988.644958000  8.100000000 -0.176909328000
988.669983000  8.100000000 -0.183824509000
988.695007000  8.100000000 -0.190359443000
988.719971000  8.100000000 -0.196519241000
988.744995000  8.100000000 -0.202309668000
988.769958000  8.100000000 -0.207737058000
988.794983000  8.100000000 -0.212808341000
988.820007000  8.100000000 -0.217530936000
988.844971000  8.100000000 -0.221912846000
988.869995000  8.100000000 -0.225962579000
988.894958000  8.100000000 -0.229688957000
988.919983000  8.100000000 -0.233101562000
988.945007000  8.100000000 -0.236210138000
988.969971000  8.100000000 -0.239024758000
988.994995000  8.100000000 -0.241555944000
989.019958000  8.100000000 -0.243814439000
989.044983000  8.100000000 -0.245811328000
989.070007000  8.100000000 -0.247557953000
989.094971000  8.100000000 -0.249065787000
989.119995000  8.100000000 -0.250346690000
989.144958000  8.100000000 -0.251412839000
989.169983000  8.100000000 -0.252276510000
989.195007000  8.100000000 -0.252950400000
989.219971000  8.100000000 -0.253447354000
989.244995000  8.100000000 -0.253780693000
989.269958000  8.100000000 -0.253963858000
989.294983000  8.100000000 -0.254010648000
989.320007000  8.100000000 -0.253934979000
989.344971000  8.100000000 -0.253750890000
989.369995000  8.100000000 -0.253472686000
989.394958000  8.100000000 -0.253114611000
989.419983000  8.100000000 -0.252690703000
989.445007000  8.100000000 -0.252215385000
989.469971000  8.100000000 -0.251702309000
989.494995000  8.100000000 -0.251165360000
989.519958000  8.100000000 -0.250618011000
989.544983000  8.100000000 -0.250073403000
989.570007000  8.100000000 -0.249544218000
989.594971000  8.100000000 -0.249042735000
989.619995000  8.100000000 -0.248580486000
989.644958000  8.100000000 -0.248168603000
989.669983000  8.100000000 -0.247817531000
989.695007000  8.100000000 -0.247536883000
989.719971000  8.100000000 -0.247335762000
989.744995000  8.100000000 -0.247222111000
989.769958000  8.100000000 -0.247203320000
989.794983000  8.100000000 -0.247285694000
989.820007000  8.100000000 -0.247474492000
989.844971000  8.100000000 -0.247774109000
989.869995000  8.100000000 -0.248187736000
989.894958000  8.100000000 -0.248717695000
989.919983000  8.100000000 -0.249365076000
989.945007000  8.100000000 -0.250129998000
989.969971000  8.100000000 -0.251011491000
989.994995000  8.100000000 -0.252007514000
990.019958000  8.100000000 -0.253114998000
990.044983000  8.100000000 -0.254329860000
990.070007000  8.100000000 -0.255647302000
990.094971000  8.100000000 -0.257061243000
990.119995000  8.100000000 -0.258565336000
990.144958000  8.100000000 -0.260152102000
990.169983000  8.100000000 -0.261813819000
990.195007000  8.100000000 -0.263541847000
990.219971000  8.100000000 -0.265327245000
990.244995000  8.100000000 -0.267160684000
990.269958000  8.100000000 -0.269032419000
990.294983000  8.100000000 -0.270932317000
990.320007000  8.100000000 -0.272850335000
990.344971000  8.100000000 -0.274776042000
990.369995000  8.100000000 -0.276699036000
990.394958000  8.100000000 -0.278608948000
990.419983000  8.100000000 -0.280495346000
990.445007000  8.100000000 -0.282347947000
990.469971000  8.100000000 -0.284156471000
990.494995000  8.100000000 -0.285910606000
990.519958000  8.100000000 -0.287600219000
990.544983000  8.100000000 -0.289215237000
990.570007000  8.100000000 -0.290745467000
990.594971000  8.100000000 -0.292180926000
990.619995000  8.100000000 -0.293511689000
990.644958000  8.100000000 -0.294727743000
990.669983000  8.100000000 -0.295819372000
990.695007000  8.100000000 -0.296776921000
990.719971000  8.100000000 -0.297590673000
990.744995000  8.100000000 -0.298251361000
990.769958000  8.100000000 -0.298749626000
990.794983000  8.100000000 -0.299076796000
990.820007000  8.100000000 -0.299224108000
990.844971000  8.100000000 -0.299183130000
990.869995000  8.100000000 -0.298945874000
990.894958000  8.100000000 -0.298504621000
990.919983000  8.100000000 -0.297851771000
990.945007000  8.100000000 -0.296980560000
990.969971000  8.100000000 -0.295884222000
990.994995000  8.100000000 -0.294556946000
991.019958000  8.100000000 -0.292993307000
991.044983000  8.100000000 -0.291188538000
991.070007000  8.100000000 -0.289138585000
991.094971000  8.100000000 -0.286840022000
991.119995000  8.100000000 -0.284290135000
991.144958000  8.100000000 -0.281486899000
991.169983000  8.100000000 -0.278429359000
991.195007000  8.100000000 -0.275116980000
991.219971000  8.100000000 -0.271550447000
991.244995000  8.100000000 -0.267731041000
991.269958000  8.100000000 -0.263661176000
991.294983000  8.100000000 -0.259343863000
991.320007000  8.100000000 -0.254783213000
991.344971000  8.100000000 -0.249983937000
991.369995000  8.100000000 -0.244951770000
991.394958000  8.100000000 -0.239693001000
991.419983000  8.100000000 -0.234214708000
991.445007000  8.100000000 -0.228524610000
991.469971000  8.100000000 -0.222631335000
991.494995000  8.100000000 -0.216544002000
991.519958000  8.100000000 -0.210272536000
991.544983000  8.100000000 -0.203827471000
991.570007000  8.100000000 -0.197219953000
991.594971000  8.100000000 -0.190461695000
991.619995000  8.100000000 -0.183564886000
991.644958000  8.100000000 -0.176542237000
991.669983000  8.100000000 -0.169406816000
991.695007000  8.100000000 -0.162171960000
991.719971000  8.100000000 -0.154851466000
991.744995000  8.100000000 -0.147459000000
991.769958000  8.100000000 -0.140008435000
991.794983000  8.100000000 -0.132513434000
991.820007000  8.100000000 -0.124987438000
991.844971000  8.100000000 -0.117443763000
991.869995000  8.100000000 -0.109895252000
991.894958000  8.100000000 -0.102354422000
991.919983000  8.100000000 -0.094833366600
991.945007000  8.100000000 -0.087343767300
991.969971000  8.100000000 -0.079896844900
991.994995000  8.100000000 -0.072503499700
992.019958000  8.100000000 -0.065174289000
992.044983000  8.100000000 -0.057919465000
992.070007000  8.100000000 -0.050749108200
992.094971000  8.100000000 -0.043673031000
992.119995000  8.100000000 -0.036700878300
992.144958000  8.100000000 -0.029842071200
992.169983000  8.100000000 -0.023105833700
992.195007000  8.100000000 -0.016501145400
992.219971000  8.100000000 -0.010036757200
992.244995000  8.100000000 -0.003721185260
992.269958000  8.100000000 0.002437346380
992.294983000  8.100000000 0.008430893530
992.320007000  8.100000000 0.014251839400
992.344971000  8.100000000 0.019892927300
992.369995000  8.100000000 0.025347257000
992.394958000  8.100000000 0.030608354100
992.419983000  8.100000000 0.035670142600
992.445007000  8.100000000 0.040526993600
992.469971000  8.100000000 0.045173749300
992.494995000  8.100000000 0.049605645200
992.519958000  8.100000000 0.053818419600
992.544983000  8.100000000 0.057808179400
992.570007000  8.100000000 0.061571475100
992.594971000  8.100000000 0.065105252000
992.619995000  8.100000000 0.068406842600
992.644958000  8.100000000 0.071473978500
992.669983000  8.100000000 0.074304804200
992.695007000  8.100000000 0.076897941500
992.719971000  8.100000000 0.079252474000
992.744995000  8.100000000 0.081367932300
992.769958000  8.100000000 0.083244346100
992.794983000  8.100000000 0.084882214700
992.820007000  8.100000000 0.086282551300
992.844971000  8.100000000 0.087446861000
992.869995000  8.100000000 0.088377200100
992.894958000  8.100000000 0.089076094300
992.919983000  8.100000000 0.089546598500
992.945007000  8.100000000 0.089792117500
992.969971000  8.100000000 0.089816495800
992.994995000  8.100000000 0.089623868500
993.019958000  8.100000000 0.089218698400
993.044983000  8.100000000 0.088605783900
993.070007000  8.100000000 0.087790176300
993.094971000  8.100000000 0.086777240000
993.119995000  8.100000000 0.085572592900
993.144958000  8.100000000 0.084182106000
993.169983000  8.100000000 0.082611821600
993.195007000  8.100000000 0.080867923800
993.219971000  8.100000000 0.078956686000
993.244995000  8.100000000 0.076884470900
993.269958000  8.100000000 0.074657723300
993.294983000  8.100000000 0.072283066800
993.320007000  8.100000000 0.069767244200
993.344971000  8.100000000 0.067117251500
993.369995000  8.100000000 0.064340315800
993.394958000  8.100000000 0.061443883900
993.419983000  8.100000000 0.058435555500
993.445007000  8.100000000 0.055323131400
993.469971000  8.100000000 0.052114568700
993.494995000  8.100000000 0.048817943800
993.519958000  8.100000000 0.045441500800
993.544983000  8.100000000 0.041993554700
993.570007000  8.100000000 0.038482476000
993.594971000  8.100000000 0.034916609500
993.619995000  8.100000000 0.031304262600
993.644958000  8.100000000 0.027653629000
993.669983000  8.100000000 0.023972820500
993.695007000  8.100000000 0.020269827900
993.719971000  8.100000000 0.016552534000
993.744995000  8.100000000 0.012828663900
993.769958000  8.100000000 0.009105832320
993.794983000  8.100000000 0.005391539070
993.820007000  8.100000000 0.001693149560
993.844971000  8.100000000 -0.001982057000
993.869995000  8.100000000 -0.005626866590
993.894958000  8.100000000 -0.009234146220
993.919983000  8.100000000 -0.012796839700
993.945007000  8.100000000 -0.016307950000
993.969971000  8.100000000 -0.019760631000
993.994995000  8.100000000 -0.023148141800
994.019958000  8.100000000 -0.026463903500
994.044983000  8.100000000 -0.029701473200
994.070007000  8.100000000 -0.032854508600
994.094971000  8.100000000 -0.035916786600
994.119995000  8.100000000 -0.038882132600
994.144958000  8.100000000 -0.041744463100
994.169983000  8.100000000 -0.044497728300
994.195007000  8.100000000 -0.047135971500
994.219971000  8.100000000 -0.049653183700
994.244995000  8.100000000 -0.052043397000
994.269958000  8.100000000 -0.054300539200
994.294983000  8.100000000 -0.056418567900
994.320007000  8.100000000 -0.058391332600
994.344971000  8.100000000 -0.060212675500
994.369995000  8.100000000 -0.061876460900
994.394958000  8.100000000 -0.063376538500
994.419983000  8.100000000 -0.064706899200
994.445007000  8.100000000 -0.065861649800
994.469971000  8.100000000 -0.066835083100
994.494995000  8.100000000 -0.067621670700
994.519958000  8.100000000 -0.068216167400
994.544983000  8.100000000 -0.068613551600
994.570007000  8.100000000 -0.068809144200
994.594971000  8.100000000 -0.068798676100
994.619995000  8.100000000 -0.068578288000
994.644958000  8.100000000 -0.068144545000
994.669983000  8.100000000 -0.067494437100
994.695007000  8.100000000 -0.066625461000
994.719971000  8.100000000 -0.065535523000
994.744995000  8.100000000 -0.064222961700
994.769958000  8.100000000 -0.062686622100
994.794983000  8.100000000 -0.060925804100
994.820007000  8.100000000 -0.058940362200
994.844971000  8.100000000 -0.056730669000
994.869995000  8.100000000 -0.054297808600
994.894958000  8.100000000 -0.051643412600
994.919983000  8.100000000 -0.048769757200
994.945007000  8.100000000 -0.045679818800
994.969971000  8.100000000 -0.042377248400
994.994995000  8.100000000 -0.038866452900
995.019958000  8.100000000 -0.035152677400
995.044983000  8.100000000 -0.031241994400
995.070007000  8.100000000 -0.027141319600
995.094971000  8.100000000 -0.022858453900
995.119995000  8.100000000 -0.018401939400
995.144958000  8.100000000 -0.013781159200
995.169983000  8.100000000 -0.009006256240
995.195007000  8.100000000 -0.004088210410
995.219971000  8.100000000 0.000961271988
995.244995000  8.100000000 0.006129701160
995.269958000  8.100000000 0.011403909000
995.294983000  8.100000000 0.016770029400
995.320007000  8.100000000 0.022213585700
995.344971000  8.100000000 0.027719454800
995.369995000  8.100000000 0.033272016800
995.394958000  8.100000000 0.038855139200
995.419983000  8.100000000 0.044452346900
995.445007000  8.100000000 0.050046924500
995.469971000  8.100000000 0.055622141800
995.494995000  8.100000000 0.061161335600
995.519958000  8.100000000 0.066647984100
995.544983000  8.100000000 0.072065919600
995.570007000  8.100000000 0.077399171900
995.594971000  8.100000000 0.082632310700
995.619995000  8.100000000 0.087750345500
995.644958000  8.100000000 0.092738956200
995.669983000  8.100000000 0.097584411500
995.695007000  8.100000000 0.102273747000
995.719971000  8.100000000 0.106794633000
995.744995000  8.100000000 0.111135460000
995.769958000  8.100000000 0.115285315000
995.794983000  8.100000000 0.119233936000
995.820007000  8.100000000 0.122971855000
995.844971000  8.100000000 0.126490235000
995.869995000  8.100000000 0.129780978000
995.894958000  8.100000000 0.132836804000
995.919983000  8.100000000 0.135651052000
995.945007000  8.100000000 0.138217896000
995.969971000  8.100000000 0.140532136000
995.994995000  8.100000000 0.142589286000
996.019958000  8.100000000 0.144385368000
996.044983000  8.100000000 0.145916939000
996.070007000  8.100000000 0.147180960000
996.094971000  8.100000000 0.148174703000
996.119995000  8.100000000 0.148895755000
996.144958000  8.100000000 0.149341851000
996.169983000  8.100000000 0.149510935000
996.195007000  8.100000000 0.149401128000
996.219971000  8.100000000 0.149010777000
996.244995000  8.100000000 0.148338288000
996.269958000  8.100000000 0.147382364000
996.294983000  8.100000000 0.146141872000
996.320007000  8.100000000 0.144615978000
996.344971000  8.100000000 0.142804205000
996.369995000  8.100000000 0.140706360000
996.394958000  8.100000000 0.138322756000
996.419983000  8.100000000 0.135653898000
996.445007000  8.100000000 0.132701039000
996.469971000  8.100000000 0.129465863000
996.494995000  8.100000000 0.125950709000
996.519958000  8.100000000 0.122158684000
996.544983000  8.100000000 0.118093647000
996.570007000  8.100000000 0.113760248000
996.594971000  8.100000000 0.109164074000
996.619995000  8.100000000 0.104311652000
996.644958000  8.100000000 0.099210500700
996.669983000  8.100000000 0.093869194400
996.695007000  8.100000000 0.088297374500
996.719971000  8.100000000 0.082505710400
996.744995000  8.100000000 0.076505854700
996.769958000  8.100000000 0.070310466000
996.794983000  8.100000000 0.063933089400
996.820007000  8.100000000 0.057388111900
996.844971000  8.100000000 0.050690654700
996.869995000  8.100000000 0.043856464300
996.894958000  8.100000000 0.036901872600
996.919983000  8.100000000 0.029843702900
996.945007000  8.100000000 0.022699138100
996.969971000  8.100000000 0.015485636000
996.994995000  8.100000000 0.008220862600
997.019958000  8.100000000 0.000922607607
997.044983000  8.100000000 -0.006391301750
997.070007000  8.100000000 -0.013703048200
997.094971000  8.100000000 -0.020995004100
997.119995000  8.100000000 -0.028249753600
997.144958000  8.100000000 -0.035450261100
997.169983000  8.100000000 -0.042580012200
997.195007000  8.100000000 -0.049623116900
997.219971000  8.100000000 -0.056564457700
997.244995000  8.100000000 -0.063389800500
997.269958000  8.100000000 -0.070086024700
997.294983000  8.100000000 -0.076641164700
997.320007000  8.100000000 -0.083044655600
997.344971000  8.100000000 -0.089287273600
997.369995000  8.100000000 -0.095361344500
997.394958000  8.100000000 -0.101260707000
997.419983000  8.100000000 -0.106980756000
997.445007000  8.100000000 -0.112518527000
997.469971000  8.100000000 -0.117872618000
997.494995000  8.100000000 -0.123043269000
997.519958000  8.100000000 -0.128032222000
997.544983000  8.100000000 -0.132842883000
997.570007000  8.100000000 -0.137479976000
997.594971000  8.100000000 -0.141949743000
997.619995000  8.100000000 -0.146259740000
997.644958000  8.100000000 -0.150418833000
997.669983000  8.100000000 -0.154437035000
997.695007000  8.100000000 -0.158325374000
997.719971000  8.100000000 -0.162095904000
997.744995000  8.100000000 -0.165761545000
997.769958000  8.100000000 -0.169335797000
997.794983000  8.100000000 -0.172832876000
997.820007000  8.100000000 -0.176267445000
997.844971000  8.100000000 -0.179654583000
997.869995000  8.100000000 -0.183009580000
997.894958000  8.100000000 -0.186347842000
997.919983000  8.100000000 -0.189684823000
997.945007000  8.100000000 -0.193035826000
997.969971000  8.100000000 -0.196415901000
997.994995000  8.100000000 -0.199839801000
998.019958000  8.100000000 -0.203321651000
998.044983000  8.100000000 -0.206874773000
998.070007000  8.100000000 -0.210511684000
998.094971000  8.100000000 -0.214243859000
998.119995000  8.100000000 -0.218081534000
998.144958000  8.100000000 -0.222033560000
998.169983000  8.100000000 -0.226107612000
998.195007000  8.100000000 -0.230309486000
998.219971000  8.100000000 -0.234643683000
998.244995000  8.100000000 -0.239112824000
998.269958000  8.100000000 -0.243718028000
998.294983000  8.100000000 -0.248458460000
998.320007000  8.100000000 -0.253331751000
998.344971000  8.100000000 -0.258333564000
998.369995000  8.100000000 -0.263458014000
998.394958000  8.100000000 -0.268697411000
998.419983000  8.100000000 -0.274042517000
998.445007000  8.100000000 -0.279482394000
998.469971000  8.100000000 -0.285004556000
998.494995000  8.100000000 -0.290595025000
998.519958000  8.100000000 -0.296238482000
998.544983000  8.100000000 -0.301918298000
998.570007000  8.100000000 -0.307616621000
998.594971000  8.100000000 -0.313314646000
998.619995000  8.100000000 -0.318992436000
998.644958000  8.100000000 -0.324629426000
998.669983000  8.100000000 -0.330204338000
998.695007000  8.100000000 -0.335695565000
998.719971000  8.100000000 -0.341081381000
998.744995000  8.100000000 -0.346339643000
998.769958000  8.100000000 -0.351448655000
998.794983000  8.100000000 -0.356386632000
998.820007000  8.100000000 -0.361132562000
998.844971000  8.100000000 -0.365665555000
998.869995000  8.100000000 -0.369965434000
998.894958000  8.100000000 -0.374012887000
998.919983000  8.100000000 -0.377789497000
998.945007000  8.100000000 -0.381277621000
998.969971000  8.100000000 -0.384460717000
998.994995000  8.100000000 -0.387323499000
999.019958000  8.100000000 -0.389851749000
999.044983000  8.100000000 -0.392032504000
999.070007000  8.100000000 -0.393854439000
999.094971000  8.100000000 -0.395307213000
999.119995000  8.100000000 -0.396382272000
999.144958000  8.100000000 -0.397072583000
999.169983000  8.100000000 -0.397372514000
999.195007000  8.100000000 -0.397278160000
999.219971000  8.100000000 -0.396786928000
999.244995000  8.100000000 -0.395898283000
999.269958000  8.100000000 -0.394613057000
999.294983000  8.100000000 -0.392933756000
999.320007000  8.100000000 -0.390864670000
999.344971000  8.100000000 -0.388411313000
999.369995000  8.100000000 -0.385580719000
999.394958000  8.100000000 -0.382381439000
999.419983000  8.100000000 -0.378822863000
999.445007000  8.100000000 -0.374915421000
999.469971000  8.100000000 -0.370670706000
999.494995000  8.100000000 -0.366100818000
999.519958000  8.100000000 -0.361218572000
999.544983000  8.100000000 -0.356037110000
999.570007000  8.100000000 -0.350570321000
999.594971000  8.100000000 -0.344831854000
999.619995000  8.100000000 -0.338835835000
999.644958000  8.100000000 -0.332596421000
999.669983000  8.100000000 -0.326127648000
999.695007000  8.100000000 -0.319443375000
999.719971000  8.100000000 -0.312557489000
999.744995000  8.100000000 -0.305483758000
999.769958000  8.100000000 -0.298235506000
999.794983000  8.100000000 -0.290825963000
999.820007000  8.100000000 -0.283268273000
999.844971000  8.100000000 -0.275574952000
999.869995000  8.100000000 -0.267758548000
999.894958000  8.100000000 -0.259830803000
999.919983000  8.100000000 -0.251803517000
999.945007000  8.100000000 -0.243687779000
999.969971000  8.100000000 -0.235494554000
999.994995000  8.100000000 -0.227234080000
1000.019960000  8.100000000 -0.218916565000
1000.044980000  8.100000000 -0.210551590000
1000.070010000  8.100000000 -0.202148512000
1000.094970000  8.100000000 -0.193716466000
1000.120000000  8.100000000 -0.185264096000
1000.144960000  8.100000000 -0.176800042000
1000.169980000  8.100000000 -0.168332830000
1000.195010000  8.100000000 -0.159870774000
1000.219970000  8.100000000 -0.151422396000
1000.245000000  8.100000000 -0.142996207000
1000.269960000  8.100000000 -0.134600773000
1000.294980000  8.100000000 -0.126244977000
1000.320010000  8.100000000 -0.117937885000
1000.344970000  8.100000000 -0.109688841000
1000.370000000  8.100000000 -0.101507619000
1000.394960000  8.100000000 -0.093404300500
1000.419980000  8.100000000 -0.085389502300
1000.445010000  8.100000000 -0.077474169400
1000.469970000  8.100000000 -0.069669775700
1000.495000000  8.100000000 -0.061988104100
1000.519960000  8.100000000 -0.054441317900
1000.544980000  8.100000000 -0.047041837100
1000.570010000  8.100000000 -0.039802290500
1000.594970000  8.100000000 -0.032735437200
1000.620000000  8.100000000 -0.025854099500
1000.644960000  8.100000000 -0.019171059100
1000.669980000  8.100000000 -0.012698954900
1000.695010000  8.100000000 -0.006450207440
1000.719970000  8.100000000 -0.000436891947
1000.745000000  8.100000000 0.005329345350
1000.769960000  8.100000000 0.010837389200
1000.794980000  8.100000000 0.016076734300
1000.820010000  8.100000000 0.021037591600
1000.844970000  8.100000000 0.025710951500
1000.870000000  8.100000000 0.030088609100
1000.894960000  8.100000000 0.034163266400
1000.919980000  8.100000000 0.037928540300
1000.945010000  8.100000000 0.041378926500
1000.969970000  8.100000000 0.044509995700
1000.995000000  8.100000000 0.047318305800
1001.019960000  8.100000000 0.049801379400
1001.044980000  8.100000000 0.051957860600
1001.070010000  8.100000000 0.053787346900
1001.094970000  8.100000000 0.055290464300
1001.120000000  8.100000000 0.056468773600
1001.144960000  8.100000000 0.057324785700
1001.169980000  8.100000000 0.057861890600
1001.195010000  8.100000000 0.058084342600
1001.219970000  8.100000000 0.057997331000
1001.245000000  8.100000000 0.057606831200
1001.269960000  8.100000000 0.056919716300
1001.294980000  8.100000000 0.055943694000
1001.320010000  8.100000000 0.054687198300
1001.344970000  8.100000000 0.053159490200
1001.370000000  8.100000000 0.051370568600
1001.394960000  8.100000000 0.049331195700
1001.419980000  8.100000000 0.047052852800
1001.445010000  8.100000000 0.044547792500
1001.469970000  8.100000000 0.041828975100
1001.495000000  8.100000000 0.038910087200
1001.519960000  8.100000000 0.035805534600
1001.544980000  8.100000000 0.032530438200
1001.570010000  8.100000000 0.029100650900
1001.594970000  8.100000000 0.025532707600
1001.620000000  8.100000000 0.021843818900
1001.644960000  8.100000000 0.018051870200
1001.669980000  8.100000000 0.014175362900
1001.695010000  8.100000000 0.010233354800
1001.719970000  8.100000000 0.006245464550
1001.745000000  8.100000000 0.002231706630
1001.769960000  8.100000000 -0.001787504410
1001.794980000  8.100000000 -0.005791491360
1001.820010000  8.100000000 -0.009759435430
1001.844970000  8.100000000 -0.013670462200
1001.870000000  8.100000000 -0.017503764500
1001.894960000  8.100000000 -0.021238764700
1001.919980000  8.100000000 -0.024855213200
1001.945010000  8.100000000 -0.028333369600
1001.969970000  8.100000000 -0.031654071100
1001.995000000  8.100000000 -0.034798875500
1002.019960000  8.100000000 -0.037750180800
1002.044980000  8.100000000 -0.040491405900
1002.070010000  8.100000000 -0.043006852300
1002.094970000  8.100000000 -0.045282181400
1002.120000000  8.100000000 -0.047304365800
1002.144960000  8.100000000 -0.049061857200
1002.169980000  8.100000000 -0.050544790900
1002.195010000  8.100000000 -0.051744960200
1002.219970000  8.100000000 -0.052655924100
1002.245000000  8.100000000 -0.053273100400
1002.269960000  8.100000000 -0.053593650500
1002.294980000  8.100000000 -0.053616628100
1002.320010000  8.100000000 -0.053342919800
1002.344970000  8.100000000 -0.052775248900
1002.370000000  8.100000000 -0.051918026100
1002.394960000  8.100000000 -0.050777472600
1002.419980000  8.100000000 -0.049361348200
1002.445010000  8.100000000 -0.047678917600
1002.469970000  8.100000000 -0.045740824200
1002.495000000  8.100000000 -0.043558925400
1002.519960000  8.100000000 -0.041146114500
1002.544980000  8.100000000 -0.038516119100
1002.570010000  8.100000000 -0.035683468000
1002.594970000  8.100000000 -0.032663233600
1002.620000000  8.100000000 -0.029470933600
1002.644960000  8.100000000 -0.026122290600
1002.669980000  8.100000000 -0.022633181900
1002.695010000  8.100000000 -0.019019438000
1002.719970000  8.100000000 -0.015296685500
1002.745000000  8.100000000 -0.011480290400
1002.769960000  8.100000000 -0.007585244250
1002.794980000  8.100000000 -0.003626071850
1002.820010000  8.100000000 0.000383243692
1002.844970000  8.100000000 0.004429236520
1002.870000000  8.100000000 0.008499149230
1002.894960000  8.100000000 0.012580927500
1002.919980000  8.100000000 0.016663303600
1002.945010000  8.100000000 0.020735831900
1002.969970000  8.100000000 0.024788992500
1002.995000000  8.100000000 0.028814118400
1003.019960000  8.100000000 0.032803379000
1003.044980000  8.100000000 0.036749813700
1003.070010000  8.100000000 0.040647313000
1003.094970000  8.100000000 0.044490560900
1003.120000000  8.100000000 0.048275139200
1003.144960000  8.100000000 0.051997505100
1003.169980000  8.100000000 0.055654905700
1003.195010000  8.100000000 0.059245433700
1003.219970000  8.100000000 0.062767826000
1003.245000000  8.100000000 0.066221505400
1003.269960000  8.100000000 0.069606535100
1003.294980000  8.100000000 0.072923600700
1003.320010000  8.100000000 0.076173961200
1003.344970000  8.100000000 0.079359494100
1003.370000000  8.100000000 0.082482591300
1003.394960000  8.100000000 0.085546083700
1003.419980000  8.100000000 0.088553227500
1003.445010000  8.100000000 0.091507583900
1003.469970000  8.100000000 0.094413027200
1003.495000000  8.100000000 0.097273692500
1003.519960000  8.100000000 0.100093953000
1003.544980000  8.100000000 0.102878466000
1003.570010000  8.100000000 0.105632097000
1003.594970000  8.100000000 0.108360007000
1003.620000000  8.100000000 0.111067563000
1003.644960000  8.100000000 0.113760449000
1003.669980000  8.100000000 0.116444454000
1003.695010000  8.100000000 0.119125679000
1003.719970000  8.100000000 0.121810414000
1003.745000000  8.100000000 0.124505237000
1003.769960000  8.100000000 0.127216950000
1003.794980000  8.100000000 0.129952624000
1003.820010000  8.100000000 0.132719576000
1003.844970000  8.100000000 0.135525286000
1003.870000000  8.100000000 0.138377354000
1003.894960000  8.100000000 0.141283587000
1003.919980000  8.100000000 0.144251674000
1003.945010000  8.100000000 0.147289261000
1003.969970000  8.100000000 0.150403887000
1003.995000000  8.100000000 0.153602719000
1004.019960000  8.100000000 0.156892702000
1004.044980000  8.100000000 0.160280272000
1004.070010000  8.100000000 0.163771451000
1004.094970000  8.100000000 0.167371631000
1004.120000000  8.100000000 0.171085641000
1004.144960000  8.100000000 0.174917504000
1004.169980000  8.100000000 0.178870484000
1004.195010000  8.100000000 0.182947144000
1004.219970000  8.100000000 0.187149033000
1004.245000000  8.100000000 0.191476852000
1004.269960000  8.100000000 0.195930406000
1004.294980000  8.100000000 0.200508490000
1004.320010000  8.100000000 0.205209062000
1004.344970000  8.100000000 0.210028931000
1004.370000000  8.100000000 0.214964196000
1004.394960000  8.100000000 0.220009938000
1004.419980000  8.100000000 0.225160539000
1004.445010000  8.100000000 0.230409622000
1004.469970000  8.100000000 0.235750079000
1004.495000000  8.100000000 0.241174281000
1004.519960000  8.100000000 0.246674240000
1004.544980000  8.100000000 0.252241164000
1004.570010000  8.100000000 0.257866234000
1004.594970000  8.100000000 0.263540268000
1004.620000000  8.100000000 0.269253910000
1004.644960000  8.100000000 0.274997532000
1004.669980000  8.100000000 0.280761719000
1004.695010000  8.100000000 0.286536813000
1004.719970000  8.100000000 0.292313427000
1004.745000000  8.100000000 0.298082352000
1004.769960000  8.100000000 0.303834558000
1004.794980000  8.100000000 0.309561372000
1004.820010000  8.100000000 0.315254331000
1004.844970000  8.100000000 0.320905656000
1004.870000000  8.100000000 0.326507807000
1004.894960000  8.100000000 0.332053602000
1004.919980000  8.100000000 0.337536305000
1004.945010000  8.100000000 0.342949659000
1004.969970000  8.100000000 0.348287493000
1004.995000000  8.100000000 0.353544086000
1005.019960000  8.100000000 0.358714134000
1005.044980000  8.100000000 0.363792241000
1005.070010000  8.100000000 0.368773311000
1005.094970000  8.100000000 0.373652369000
1005.120000000  8.100000000 0.378424585000
1005.144960000  8.100000000 0.383085370000
1005.169980000  8.100000000 0.387629837000
1005.195010000  8.100000000 0.392053574000
1005.219970000  8.100000000 0.396352321000
1005.245000000  8.100000000 0.400521517000
1005.269960000  8.100000000 0.404557437000
1005.294980000  8.100000000 0.408456028000
1005.320010000  8.100000000 0.412214100000
1005.344970000  8.100000000 0.415828288000
1005.370000000  8.100000000 0.419295698000
1005.394960000  8.100000000 0.422613770000
1005.419980000  8.100000000 0.425780267000
1005.445010000  8.100000000 0.428792864000
1005.469970000  8.100000000 0.431649953000
1005.495000000  8.100000000 0.434349597000
1005.519960000  8.100000000 0.436890513000
1005.544980000  8.100000000 0.439271212000
1005.570010000  8.100000000 0.441490829000
1005.594970000  8.100000000 0.443548173000
1005.620000000  8.100000000 0.445442647000
1005.644960000  8.100000000 0.447173804000
1005.669980000  8.100000000 0.448741168000
1005.695010000  8.100000000 0.450144708000
1005.719970000  8.100000000 0.451384485000
1005.745000000  8.100000000 0.452460617000
1005.769960000  8.100000000 0.453373224000
1005.794980000  8.100000000 0.454122543000
1005.820010000  8.100000000 0.454708964000
1005.844970000  8.100000000 0.455132514000
1005.870000000  8.100000000 0.455393493000
1005.894960000  8.100000000 0.455492049000
1005.919980000  8.100000000 0.455428302000
1005.945010000  8.100000000 0.455202281000
1005.969970000  8.100000000 0.454814285000
1005.995000000  8.100000000 0.454264224000
1006.019960000  8.100000000 0.453552037000
1006.044980000  8.100000000 0.452677667000
1006.070010000  8.100000000 0.451640904000
1006.094970000  8.100000000 0.450441629000
1006.120000000  8.100000000 0.449079305000
1006.144960000  8.100000000 0.447553515000
1006.169980000  8.100000000 0.445863515000
1006.195010000  8.100000000 0.444008797000
1006.219970000  8.100000000 0.441988587000
1006.245000000  8.100000000 0.439802080000
1006.269960000  8.100000000 0.437448561000
1006.294980000  8.100000000 0.434927166000
1006.320010000  8.100000000 0.432237446000
1006.344970000  8.100000000 0.429378659000
1006.370000000  8.100000000 0.426350266000
1006.394960000  8.100000000 0.423152119000
1006.419980000  8.100000000 0.419784039000
1006.445010000  8.100000000 0.416246444000
1006.469970000  8.100000000 0.412539691000
1006.495000000  8.100000000 0.408665001000
1006.519960000  8.100000000 0.404623568000
1006.544980000  8.100000000 0.400417268000
1006.570010000  8.100000000 0.396048337000
1006.594970000  8.100000000 0.391519636000
1006.620000000  8.100000000 0.386834294000
1006.644960000  8.100000000 0.381996214000
1006.669980000  8.100000000 0.377009630000
1006.695010000  8.100000000 0.371879518000
1006.719970000  8.100000000 0.366610914000
1006.745000000  8.100000000 0.361209840000
1006.769960000  8.100000000 0.355682284000
1006.794980000  8.100000000 0.350034714000
1006.820010000  8.100000000 0.344274014000
1006.844970000  8.100000000 0.338407099000
1006.870000000  8.100000000 0.332441300000
1006.894960000  8.100000000 0.326383710000
1006.919980000  8.100000000 0.320241660000
1006.945010000  8.100000000 0.314022422000
1006.969970000  8.100000000 0.307732910000
1006.995000000  8.100000000 0.301380068000
1007.019960000  8.100000000 0.294970483000
1007.044980000  8.100000000 0.288510561000
1007.070010000  8.100000000 0.282006234000
1007.094970000  8.100000000 0.275462985000
1007.120000000  8.100000000 0.268886000000
1007.144960000  8.100000000 0.262279719000
1007.169980000  8.100000000 0.255648166000
1007.195010000  8.100000000 0.248994559000
1007.219970000  8.100000000 0.242321596000
1007.245000000  8.100000000 0.235631242000
1007.269960000  8.100000000 0.228924617000
1007.294980000  8.100000000 0.222202361000
1007.320010000  8.100000000 0.215464309000
1007.344970000  8.100000000 0.208709732000
1007.370000000  8.100000000 0.201937184000
1007.394960000  8.100000000 0.195144832000
1007.419980000  8.100000000 0.188330159000
1007.445010000  8.100000000 0.181490332000
1007.469970000  8.100000000 0.174622148000
1007.495000000  8.100000000 0.167722225000
1007.519960000  8.100000000 0.160787031000
1007.544980000  8.100000000 0.153813109000
1007.570010000  8.100000000 0.146797031000
1007.594970000  8.100000000 0.139735624000
1007.620000000  8.100000000 0.132626221000
1007.644960000  8.100000000 0.125466540000
1007.669980000  8.100000000 0.118254967000
1007.695010000  8.100000000 0.110990591000
1007.719970000  8.100000000 0.103673354000
1007.745000000  8.100000000 0.096304029200
1007.769960000  8.100000000 0.088884308900
1007.794980000  8.100000000 0.081416785700
1007.820010000  8.100000000 0.073904968800
1007.844970000  8.100000000 0.066353298700
1007.870000000  8.100000000 0.058766994600
1007.894960000  8.100000000 0.051152128700
1007.919980000  8.100000000 0.043515507100
1007.945010000  8.100000000 0.035864643800
1007.969970000  8.100000000 0.028207764000
1007.995000000  8.100000000 0.020553698800
1008.019960000  8.100000000 0.012911906500
1008.044980000  8.100000000 0.005292366720
1008.070010000  8.100000000 -0.002294515960
1008.094970000  8.100000000 -0.009838026950
1008.120000000  8.100000000 -0.017327254600
1008.144960000  8.100000000 -0.024751212400
1008.169980000  8.100000000 -0.032098941500
1008.195010000  8.100000000 -0.039359632900
1008.219970000  8.100000000 -0.046522621100
1008.245000000  8.100000000 -0.053577624300
1008.269960000  8.100000000 -0.060514655000
1008.294980000  8.100000000 -0.067324221100
1008.320010000  8.100000000 -0.073997296400
1008.344970000  8.100000000 -0.080525428100
1008.370000000  8.100000000 -0.086900711100
1008.394960000  8.100000000 -0.093115933200
1008.419980000  8.100000000 -0.099164433800
1008.445010000  8.100000000 -0.105040170000
1008.469970000  8.100000000 -0.110737666000
1008.495000000  8.100000000 -0.116252050000
1008.519960000  8.100000000 -0.121579111000
1008.544980000  8.100000000 -0.126715153000
1008.570010000  8.100000000 -0.131657183000
1008.594970000  8.100000000 -0.136402726000
1008.620000000  8.100000000 -0.140949905000
1008.644960000  8.100000000 -0.145297438000
1008.669980000  8.100000000 -0.149444386000
1008.695010000  8.100000000 -0.153390452000
1008.719970000  8.100000000 -0.157135695000
1008.745000000  8.100000000 -0.160680413000
1008.769960000  8.100000000 -0.164025411000
1008.794980000  8.100000000 -0.167171851000
1008.820010000  8.100000000 -0.170120984000
1008.844970000  8.100000000 -0.172874406000
1008.870000000  8.100000000 -0.175434053000
1008.894960000  8.100000000 -0.177802101000
1008.919980000  8.100000000 -0.179980770000
1008.945010000  8.100000000 -0.181972623000
1008.969970000  8.100000000 -0.183780402000
1008.995000000  8.100000000 -0.185407043000
1009.019960000  8.100000000 -0.186855450000
1009.044980000  8.100000000 -0.188128889000
1009.070010000  8.100000000 -0.189230457000
1009.094970000  8.100000000 -0.190163434000
1009.120000000  8.100000000 -0.190930992000
1009.144960000  8.100000000 -0.191536248000
1009.169980000  8.100000000 -0.191982195000
1009.195010000  8.100000000 -0.192271516000
1009.219970000  8.100000000 -0.192406759000
1009.245000000  8.100000000 -0.192390159000
1009.269960000  8.100000000 -0.192223698000
1009.294980000  8.100000000 -0.191908926000
1009.320010000  8.100000000 -0.191447228000
1009.344970000  8.100000000 -0.190839678000
1009.370000000  8.100000000 -0.190087199000
1009.394960000  8.100000000 -0.189190537000
1009.419980000  8.100000000 -0.188150480000
1009.445010000  8.100000000 -0.186967745000
1009.469970000  8.100000000 -0.185643047000
1009.495000000  8.100000000 -0.184177190000
1009.519960000  8.100000000 -0.182571128000
1009.544980000  8.100000000 -0.180826008000
1009.570010000  8.100000000 -0.178943068000
1009.594970000  8.100000000 -0.176924080000
1009.620000000  8.100000000 -0.174770877000
1009.644960000  8.100000000 -0.172485754000
1009.669980000  8.100000000 -0.170071289000
1009.695010000  8.100000000 -0.167530566000
1009.719970000  8.100000000 -0.164867014000
1009.745000000  8.100000000 -0.162084565000
1009.769960000  8.100000000 -0.159187689000
1009.794980000  8.100000000 -0.156181380000
1009.820010000  8.100000000 -0.153071254000
1009.844970000  8.100000000 -0.149863452000
1009.870000000  8.100000000 -0.146564603000
1009.894960000  8.100000000 -0.143181860000
1009.919980000  8.100000000 -0.139723003000
1009.945010000  8.100000000 -0.136196122000
1009.969970000  8.100000000 -0.132609949000
1009.995000000  8.100000000 -0.128973439000
1010.019960000  8.100000000 -0.125296116000
1010.044980000  8.100000000 -0.121587701000
1010.070010000  8.100000000 -0.117858447000
1010.094970000  8.100000000 -0.114118710000
1010.120000000  8.100000000 -0.110379204000
1010.144960000  8.100000000 -0.106650785000
1010.169980000  8.100000000 -0.102944531000
1010.195010000  8.100000000 -0.099271535900
1010.219970000  8.100000000 -0.095643036100
1010.245000000  8.100000000 -0.092070318800
1010.269960000  8.100000000 -0.088564626900
1010.294980000  8.100000000 -0.085137307600
1010.320010000  8.100000000 -0.081799581600
1010.344970000  8.100000000 -0.078562624800
1010.370000000  8.100000000 -0.075437441500
1010.394960000  8.100000000 -0.072434842600
1010.419980000  8.100000000 -0.069565422800
1010.445010000  8.100000000 -0.066839508700
1010.469970000  8.100000000 -0.064267091500
1010.495000000  8.100000000 -0.061857875400
1010.519960000  8.100000000 -0.059621110600
1010.544980000  8.100000000 -0.057565707700
1010.570010000  8.100000000 -0.055699978000
1010.594970000  8.100000000 -0.054031863800
1010.620000000  8.100000000 -0.052568785800
1010.644960000  8.100000000 -0.051317669500
1010.669980000  8.100000000 -0.050285000400
1010.695010000  8.100000000 -0.049476731600
1010.719970000  8.100000000 -0.048898268500
1010.745000000  8.100000000 -0.048554461400
1010.769960000  8.100000000 -0.048449553500
1010.794980000  8.100000000 -0.048587173200
1010.820010000  8.100000000 -0.048970218700
1010.844970000  8.100000000 -0.049600951400
1010.870000000  8.100000000 -0.050480827700
1010.894960000  8.100000000 -0.051610618800
1010.919980000  8.100000000 -0.052990365800
1010.945010000  8.100000000 -0.054619308600
1010.969970000  8.100000000 -0.056496039000
1010.995000000  8.100000000 -0.058618426300
1011.019960000  8.100000000 -0.060983631800
1011.044980000  8.100000000 -0.063588269100
1011.070010000  8.100000000 -0.066428288800
1011.094970000  8.100000000 -0.069499097800
1011.120000000  8.100000000 -0.072795487900
1011.144960000  8.100000000 -0.076311692600
1011.169980000  8.100000000 -0.080041430900
1011.195010000  8.100000000 -0.083977803600
1011.219970000  8.100000000 -0.088113516600
1011.245000000  8.100000000 -0.092440716900
1011.269960000  8.100000000 -0.096951276100
1011.294980000  8.100000000 -0.101636678000
1011.320010000  8.100000000 -0.106488258000
1011.344970000  8.100000000 -0.111497089000
1011.370000000  8.100000000 -0.116654210000
1011.394960000  8.100000000 -0.121950530000
1011.419980000  8.100000000 -0.127377003000
1011.445010000  8.100000000 -0.132924572000
1011.469970000  8.100000000 -0.138584137000
1011.495000000  8.100000000 -0.144346699000
1011.519960000  8.100000000 -0.150203347000
1011.544980000  8.100000000 -0.156145141000
1011.570010000  8.100000000 -0.162163466000
1011.594970000  8.100000000 -0.168249726000
1011.620000000  8.100000000 -0.174395561000
1011.644960000  8.100000000 -0.180592820000
1011.669980000  8.100000000 -0.186833680000
1011.695010000  8.100000000 -0.193110362000
1011.719970000  8.100000000 -0.199415401000
1011.745000000  8.100000000 -0.205741525000
1011.769960000  8.100000000 -0.212081656000
1011.794980000  8.100000000 -0.218428895000
1011.820010000  8.100000000 -0.224776417000
1011.844970000  8.100000000 -0.231117621000
1011.870000000  8.100000000 -0.237445772000
1011.894960000  8.100000000 -0.243754223000
1011.919980000  8.100000000 -0.250036210000
1011.945010000  8.100000000 -0.256284863000
1011.969970000  8.100000000 -0.262493014000
1011.995000000  8.100000000 -0.268653333000
1012.019960000  8.100000000 -0.274758250000
1012.044980000  8.100000000 -0.280799866000
1012.070010000  8.100000000 -0.286770165000
1012.094970000  8.100000000 -0.292660952000
1012.120000000  8.100000000 -0.298464000000
1012.144960000  8.100000000 -0.304170936000
1012.169980000  8.100000000 -0.309773296000
1012.195010000  8.100000000 -0.315262914000
1012.219970000  8.100000000 -0.320631653000
1012.245000000  8.100000000 -0.325871378000
1012.269960000  8.100000000 -0.330974519000
1012.294980000  8.100000000 -0.335933477000
1012.320010000  8.100000000 -0.340741247000
1012.344970000  8.100000000 -0.345390975000
1012.370000000  8.100000000 -0.349876165000
1012.394960000  8.100000000 -0.354190856000
1012.419980000  8.100000000 -0.358329594000
1012.445010000  8.100000000 -0.362287313000
1012.469970000  8.100000000 -0.366059661000
1012.495000000  8.100000000 -0.369643122000
1012.519960000  8.100000000 -0.373034596000
1012.544980000  8.100000000 -0.376231968000
1012.570010000  8.100000000 -0.379233897000
1012.594970000  8.100000000 -0.382040024000
1012.620000000  8.100000000 -0.384650946000
1012.644960000  8.100000000 -0.387067914000
1012.669980000  8.100000000 -0.389293611000
1012.695010000  8.100000000 -0.391331345000
1012.719970000  8.100000000 -0.393185437000
1012.745000000  8.100000000 -0.394861132000
1012.769960000  8.100000000 -0.396364421000
1012.794980000  8.100000000 -0.397702157000
1012.820010000  8.100000000 -0.398881882000
1012.844970000  8.100000000 -0.399911731000
1012.870000000  8.100000000 -0.400800198000
1012.894960000  8.100000000 -0.401556700000
1012.919980000  8.100000000 -0.402190477000
1012.945010000  8.100000000 -0.402711630000
1012.969970000  8.100000000 -0.403130144000
1012.995000000  8.100000000 -0.403456181000
1013.019960000  8.100000000 -0.403700560000
1013.044980000  8.100000000 -0.403873563000
1013.070010000  8.100000000 -0.403986037000
1013.094970000  8.100000000 -0.404048383000
1013.120000000  8.100000000 -0.404071122000
1013.144960000  8.100000000 -0.404064238000
1013.169980000  8.100000000 -0.404037505000
1013.195010000  8.100000000 -0.403999835000
1013.219970000  8.100000000 -0.403959662000
1013.245000000  8.100000000 -0.403924644000
1013.269960000  8.100000000 -0.403901190000
1013.294980000  8.100000000 -0.403895319000
1013.320010000  8.100000000 -0.403911501000
1013.344970000  8.100000000 -0.403953493000
1013.370000000  8.100000000 -0.404023588000
1013.394960000  8.100000000 -0.404123187000
1013.419980000  8.100000000 -0.404252350000
1013.445010000  8.100000000 -0.404410243000
1013.469970000  8.100000000 -0.404594779000
1013.495000000  8.100000000 -0.404802620000
1013.519960000  8.100000000 -0.405029476000
1013.544980000  8.100000000 -0.405269891000
1013.570010000  8.100000000 -0.405517399000
1013.594970000  8.100000000 -0.405764401000
1013.620000000  8.100000000 -0.406002700000
1013.644960000  8.100000000 -0.406222731000
1013.669980000  8.100000000 -0.406414539000
1013.695010000  8.100000000 -0.406567127000
1013.719970000  8.100000000 -0.406668931000
1013.745000000  8.100000000 -0.406708121000
1013.769960000  8.100000000 -0.406672090000
1013.794980000  8.100000000 -0.406548262000
1013.820010000  8.100000000 -0.406323701000
1013.844970000  8.100000000 -0.405985504000
1013.870000000  8.100000000 -0.405520618000
1013.894960000  8.100000000 -0.404916108000
1013.919980000  8.100000000 -0.404159158000
1013.945010000  8.100000000 -0.403237075000
1013.969970000  8.100000000 -0.402137458000
1013.995000000  8.100000000 -0.400848389000
1014.019960000  8.100000000 -0.399358094000
1014.044980000  8.100000000 -0.397655636000
1014.070010000  8.100000000 -0.395730376000
1014.094970000  8.100000000 -0.393572450000
1014.120000000  8.100000000 -0.391172469000
1014.144960000  8.100000000 -0.388522089000
1014.169980000  8.100000000 -0.385613412000
1014.195010000  8.100000000 -0.382439822000
1014.219970000  8.100000000 -0.378995240000
1014.245000000  8.100000000 -0.375274539000
1014.269960000  8.100000000 -0.371273220000
1014.294980000  8.100000000 -0.366987944000
1014.320010000  8.100000000 -0.362415701000
1014.344970000  8.100000000 -0.357554495000
1014.370000000  8.100000000 -0.352403015000
1014.394960000  8.100000000 -0.346960515000
1014.419980000  8.100000000 -0.341226786000
1014.445010000  8.100000000 -0.335202396000
1014.469970000  8.100000000 -0.328888386000
1014.495000000  8.100000000 -0.322286457000
1014.519960000  8.100000000 -0.315398633000
1014.544980000  8.100000000 -0.308227897000
1014.570010000  8.100000000 -0.300777614000
1014.594970000  8.100000000 -0.293051839000
1014.620000000  8.100000000 -0.285055310000
1014.644960000  8.100000000 -0.276793420000
1014.669980000  8.100000000 -0.268272191000
1014.695010000  8.100000000 -0.259498537000
1014.719970000  8.100000000 -0.250479937000
1014.745000000  8.100000000 -0.241224512000
1014.769960000  8.100000000 -0.231740981000
1014.794980000  8.100000000 -0.222038612000
1014.820010000  8.100000000 -0.212127075000
1014.844970000  8.100000000 -0.202016637000
1014.870000000  8.100000000 -0.191717818000
1014.894960000  8.100000000 -0.181241721000
1014.919980000  8.100000000 -0.170599818000
1014.945010000  8.100000000 -0.159803972000
1014.969970000  8.100000000 -0.148866564000
1014.995000000  8.100000000 -0.137800395000
1015.019960000  8.100000000 -0.126618758000
1015.044980000  8.100000000 -0.115335435000
1015.070010000  8.100000000 -0.103964545000
1015.094970000  8.100000000 -0.092520616900
1015.120000000  8.100000000 -0.081018537300
1015.144960000  8.100000000 -0.069473415600
1015.169980000  8.100000000 -0.057900566600
1015.195010000  8.100000000 -0.046315465100
1015.219970000  8.100000000 -0.034733641900
1015.245000000  8.100000000 -0.023170668600
1015.269960000  8.100000000 -0.011642011800
1015.294980000  8.100000000 -0.000163152814
1015.320010000  8.100000000 0.011250730600
1015.344970000  8.100000000 0.022584324700
1015.370000000  8.100000000 0.033822760000
1015.394960000  8.100000000 0.044951077600
1015.419980000  8.100000000 0.055954586700
1015.445010000  8.100000000 0.066818758800
1015.469970000  8.100000000 0.077529288800
1015.495000000  8.100000000 0.088071905100
1015.519960000  8.100000000 0.098432689900
1015.544980000  8.100000000 0.108597793000
1015.570010000  8.100000000 0.118553579000
1015.594970000  8.100000000 0.128286779000
1015.620000000  8.100000000 0.137784317000
1015.644960000  8.100000000 0.147033468000
1015.669980000  8.100000000 0.156022012000
1015.695010000  8.100000000 0.164738044000
1015.719970000  8.100000000 0.173170149000
1015.745000000  8.100000000 0.181307435000
1015.769960000  8.100000000 0.189139590000
1015.794980000  8.100000000 0.196656793000
1015.820010000  8.100000000 0.203849971000
1015.844970000  8.100000000 0.210710645000
1015.870000000  8.100000000 0.217231140000
1015.894960000  8.100000000 0.223404437000
1015.919980000  8.100000000 0.229224235000
1015.945010000  8.100000000 0.234684899000
1015.969970000  8.100000000 0.239781290000
1015.995000000  8.100000000 0.244508997000
1016.019960000  8.100000000 0.248864204000
1016.044980000  8.100000000 0.252843469000
1016.070010000  8.100000000 0.256443828000
1016.094970000  8.100000000 0.259662777000
1016.120000000  8.100000000 0.262498409000
1016.144960000  8.100000000 0.264948785000
1016.169980000  8.100000000 0.267012596000
1016.195010000  8.100000000 0.268688858000
1016.219970000  8.100000000 0.269976974000
1016.245000000  8.100000000 0.270876884000
1016.269960000  8.100000000 0.271388888000
1016.294980000  8.100000000 0.271513879000
1016.320010000  8.100000000 0.271253526000
1016.344970000  8.100000000 0.270609915000
1016.370000000  8.100000000 0.269585997000
1016.394960000  8.100000000 0.268185556000
1016.419980000  8.100000000 0.266413033000
1016.445010000  8.100000000 0.264273763000
1016.469970000  8.100000000 0.261774063000
1016.495000000  8.100000000 0.258920997000
1016.519960000  8.100000000 0.255722493000
1016.544980000  8.100000000 0.252187282000
1016.570010000  8.100000000 0.248324811000
1016.594970000  8.100000000 0.244145423000
1016.620000000  8.100000000 0.239660010000
1016.644960000  8.100000000 0.234880224000
1016.669980000  8.100000000 0.229818091000
1016.695010000  8.100000000 0.224486545000
1016.719970000  8.100000000 0.218898550000
1016.745000000  8.100000000 0.213067979000
1016.769960000  8.100000000 0.207008630000
1016.794980000  8.100000000 0.200735137000
1016.820010000  8.100000000 0.194262400000
1016.844970000  8.100000000 0.187605709000
1016.870000000  8.100000000 0.180780888000
1016.894960000  8.100000000 0.173804238000
1016.919980000  8.100000000 0.166692421000
1016.945010000  8.100000000 0.159462869000
1016.969970000  8.100000000 0.152133241000
1016.995000000  8.100000000 0.144721821000
1017.019960000  8.100000000 0.137247428000
1017.044980000  8.100000000 0.129729167000
1017.070010000  8.100000000 0.122186773000
1017.094970000  8.100000000 0.114640377000
1017.120000000  8.100000000 0.107110493000
1017.144960000  8.100000000 0.099618189000
1017.169980000  8.100000000 0.092184774600
1017.195010000  8.100000000 0.084831975400
1017.219970000  8.100000000 0.077581830300
1017.245000000  8.100000000 0.070456579300
1017.269960000  8.100000000 0.063478685900
1017.294980000  8.100000000 0.056670811000
1017.320010000  8.100000000 0.050055548500
1017.344970000  8.100000000 0.043655637700
1017.370000000  8.100000000 0.037493601400
1017.394960000  8.100000000 0.031591750700
1017.419980000  8.100000000 0.025972101800
1017.445010000  8.100000000 0.020656082800
1017.469970000  8.100000000 0.015664577500
1017.495000000  8.100000000 0.011017593600
1017.519960000  8.100000000 0.006734200750
1017.544980000  8.100000000 0.002832370810
1017.570010000  8.100000000 -0.000671245740
1017.594970000  8.100000000 -0.003761328990
1017.620000000  8.100000000 -0.006424264520
1017.644960000  8.100000000 -0.008648090060
1017.669980000  8.100000000 -0.010422835100
1017.695010000  8.100000000 -0.011740405100
1017.719970000  8.100000000 -0.012594925200
1017.745000000  8.100000000 -0.012982574300
1017.769960000  8.100000000 -0.012901729000
1017.794980000  8.100000000 -0.012353014200
1017.820010000  8.100000000 -0.011339069300
1017.844970000  8.100000000 -0.009864705610
1017.870000000  8.100000000 -0.007936820390
1017.894960000  8.100000000 -0.005564210470
1017.919980000  8.100000000 -0.002757467100
1017.945010000  8.100000000 0.000471125561
1017.969970000  8.100000000 0.004107738380
1017.995000000  8.100000000 0.008137201890
1018.019960000  8.100000000 0.012543072900
1018.044980000  8.100000000 0.017307873800
1018.070010000  8.100000000 0.022413246300
1018.094970000  8.100000000 0.027840090900
1018.120000000  8.100000000 0.033568594600
1018.144960000  8.100000000 0.039578583100
1018.169980000  8.100000000 0.045849457400
1018.195010000  8.100000000 0.052360381900
1018.219970000  8.100000000 0.059090383400
1018.245000000  8.100000000 0.066018469600
1018.269960000  8.100000000 0.073123671100
1018.294980000  8.100000000 0.080385118700
1018.320010000  8.100000000 0.087782114700
1018.344970000  8.100000000 0.095294162600
1018.370000000  8.100000000 0.102900930000
1018.394960000  8.100000000 0.110582322000
1018.419980000  8.100000000 0.118318461000
1018.445010000  8.100000000 0.126089647000
1018.469970000  8.100000000 0.133876458000
1018.495000000  8.100000000 0.141659603000
1018.519960000  8.100000000 0.149420053000
1018.544980000  8.100000000 0.157138929000
1018.570010000  8.100000000 0.164797634000
1018.594970000  8.100000000 0.172377735000
1018.620000000  8.100000000 0.179861009000
1018.644960000  8.100000000 0.187229425000
1018.669980000  8.100000000 0.194465160000
1018.695010000  8.100000000 0.201550528000
1018.719970000  8.100000000 0.208468139000
1018.745000000  8.100000000 0.215200797000
1018.769960000  8.100000000 0.221731514000
1018.794980000  8.100000000 0.228043735000
1018.820010000  8.100000000 0.234121203000
1018.844970000  8.100000000 0.239948109000
1018.870000000  8.100000000 0.245509118000
1018.894960000  8.100000000 0.250789464000
1018.919980000  8.100000000 0.255775064000
1018.945010000  8.100000000 0.260452449000
1018.969970000  8.100000000 0.264808953000
1018.995000000  8.100000000 0.268832803000
1019.019960000  8.100000000 0.272513002000
1019.044980000  8.100000000 0.275839418000
1019.070010000  8.100000000 0.278802931000
1019.094970000  8.100000000 0.281395406000
1019.120000000  8.100000000 0.283609897000
1019.144960000  8.100000000 0.285440296000
1019.169980000  8.100000000 0.286881983000
1019.195010000  8.100000000 0.287931472000
1019.219970000  8.100000000 0.288586676000
1019.245000000  8.100000000 0.288846821000
1019.269960000  8.100000000 0.288712770000
1019.294980000  8.100000000 0.288186878000
1019.320010000  8.100000000 0.287273049000
1019.344970000  8.100000000 0.285976797000
1019.370000000  8.100000000 0.284305513000
1019.394960000  8.100000000 0.282268137000
1019.419980000  8.100000000 0.279875100000
1019.445010000  8.100000000 0.277138650000
1019.469970000  8.100000000 0.274072468000
1019.495000000  8.100000000 0.270691782000
1019.519960000  8.100000000 0.267013013000
1019.544980000  8.100000000 0.263054043000
1019.570010000  8.100000000 0.258833736000
1019.594970000  8.100000000 0.254371941000
1019.620000000  8.100000000 0.249689460000
1019.644960000  8.100000000 0.244807765000
1019.669980000  8.100000000 0.239748955000
1019.695010000  8.100000000 0.234535635000
1019.719970000  8.100000000 0.229190707000
1019.745000000  8.100000000 0.223737314000
1019.769960000  8.100000000 0.218198881000
1019.794980000  8.100000000 0.212598860000
1019.820010000  8.100000000 0.206960618000
1019.844970000  8.100000000 0.201307595000
1019.870000000  8.100000000 0.195662916000
1019.894960000  8.100000000 0.190049380000
1019.919980000  8.100000000 0.184489504000
1019.945010000  8.100000000 0.179005057000
1019.969970000  8.100000000 0.173617378000
1019.995000000  8.100000000 0.168346956000
1020.019960000  8.100000000 0.163213521000
1020.044980000  8.100000000 0.158235759000
1020.070010000  8.100000000 0.153431371000
1020.094970000  8.100000000 0.148817182000
1020.120000000  8.100000000 0.144408628000
1020.144960000  8.100000000 0.140220195000
1020.169980000  8.100000000 0.136265084000
1020.195010000  8.100000000 0.132555336000
1020.219970000  8.100000000 0.129101828000
1020.245000000  8.100000000 0.125914380000
1020.269960000  8.100000000 0.123001538000
1020.294980000  8.100000000 0.120370895000
1020.320010000  8.100000000 0.118028976000
1020.344970000  8.100000000 0.115981303000
1020.370000000  8.100000000 0.114232361000
1020.394960000  8.100000000 0.112785779000
1020.419980000  8.100000000 0.111644186000
1020.445010000  8.100000000 0.110809311000
1020.469970000  8.100000000 0.110281959000
1020.495000000  8.100000000 0.110062093000
1020.519960000  8.100000000 0.110148698000
1020.544980000  8.100000000 0.110540025000
1020.570010000  8.100000000 0.111233309000
1020.594970000  8.100000000 0.112225108000
1020.620000000  8.100000000 0.113511041000
1020.644960000  8.100000000 0.115085930000
1020.669980000  8.100000000 0.116943829000
1020.695010000  8.100000000 0.119077973000
1020.719970000  8.100000000 0.121480890000
1020.745000000  8.100000000 0.124144293000
1020.769960000  8.100000000 0.127059340000
1020.794980000  8.100000000 0.130216435000
1020.820010000  8.100000000 0.133605361000
1020.844970000  8.100000000 0.137215316000
1020.870000000  8.100000000 0.141034901000
1020.894960000  8.100000000 0.145052060000
1020.919980000  8.100000000 0.149254203000
1020.945010000  8.100000000 0.153628007000
1020.969970000  8.100000000 0.158159658000
1020.995000000  8.100000000 0.162834659000
1021.019960000  8.100000000 0.167637721000
1021.044980000  8.100000000 0.172553033000
1021.070010000  8.100000000 0.177564025000
1021.094970000  8.100000000 0.182653546000
1021.120000000  8.100000000 0.187803835000
1021.144960000  8.100000000 0.192996472000
1021.169980000  8.100000000 0.198212638000
1021.195010000  8.100000000 0.203433067000
1021.219970000  8.100000000 0.208638251000
1021.245000000  8.100000000 0.213808239000
1021.269960000  8.100000000 0.218923047000
1021.294980000  8.100000000 0.223962605000
1021.320010000  8.100000000 0.228906810000
1021.344970000  8.100000000 0.233735755000
1021.370000000  8.100000000 0.238429710000
1021.394960000  8.100000000 0.242969468000
1021.419980000  8.100000000 0.247335881000
1021.445010000  8.100000000 0.251510531000
1021.469970000  8.100000000 0.255475551000
1021.495000000  8.100000000 0.259213477000
1021.519960000  8.100000000 0.262707621000
1021.544980000  8.100000000 0.265941918000
1021.570010000  8.100000000 0.268900961000
1021.594970000  8.100000000 0.271569848000
1021.620000000  8.100000000 0.273934394000
1021.644960000  8.100000000 0.275980949000
1021.669980000  8.100000000 0.277696550000
1021.695010000  8.100000000 0.279068798000
1021.719970000  8.100000000 0.280085832000
1021.745000000  8.100000000 0.280736685000
1021.769960000  8.100000000 0.281010807000
1021.794980000  8.100000000 0.280898839000
1021.820010000  8.100000000 0.280392051000
1021.844970000  8.100000000 0.279482871000
1021.870000000  8.100000000 0.278164566000
1021.894960000  8.100000000 0.276431829000
1021.919980000  8.100000000 0.274280250000
1021.945010000  8.100000000 0.271706820000
1021.969970000  8.100000000 0.268709958000
1021.995000000  8.100000000 0.265289217000
1022.019960000  8.100000000 0.261445493000
1022.044980000  8.100000000 0.257181376000
1022.070010000  8.100000000 0.252500296000
1022.094970000  8.100000000 0.247407511000
1022.120000000  8.100000000 0.241909474000
1022.144960000  8.100000000 0.236013934000
1022.169980000  8.100000000 0.229729936000
1022.195010000  8.100000000 0.223067790000
1022.219970000  8.100000000 0.216039091000
1022.245000000  8.100000000 0.208656430000
1022.269960000  8.100000000 0.200933874000
1022.294980000  8.100000000 0.192886367000
1022.320010000  8.100000000 0.184530064000
1022.344970000  8.100000000 0.175882190000
1022.370000000  8.100000000 0.166960821000
1022.394960000  8.100000000 0.157785118000
1022.419980000  8.100000000 0.148375005000
1022.445010000  8.100000000 0.138751045000
1022.469970000  8.100000000 0.128934339000
1022.495000000  8.100000000 0.118946463000
1022.519960000  8.100000000 0.108809248000
1022.544980000  8.100000000 0.098544664700
1022.570010000  8.100000000 0.088174752900
1022.594970000  8.100000000 0.077721454200
1022.620000000  8.100000000 0.067206643500
1022.644960000  8.100000000 0.056651882800
1022.669980000  8.100000000 0.046078495700
1022.695010000  8.100000000 0.035507351200
1022.719970000  8.100000000 0.024958910400
1022.745000000  8.100000000 0.014453077700
1022.769960000  8.100000000 0.004009172320
1022.794980000  8.100000000 -0.006354173180
1022.820010000  8.100000000 -0.016618982000
1022.844970000  8.100000000 -0.026768082800
1022.870000000  8.100000000 -0.036785107100
1022.894960000  8.100000000 -0.046654500100
1022.919980000  8.100000000 -0.056361567200
1022.945010000  8.100000000 -0.065892465400
1022.969970000  8.100000000 -0.075234182200
1022.995000000  8.100000000 -0.084374517200
1023.019960000  8.100000000 -0.093302145600
1023.044980000  8.100000000 -0.102006480000
1023.070010000  8.100000000 -0.110477716000
1023.094970000  8.100000000 -0.118706770000
1023.120000000  8.100000000 -0.126685262000
1023.144960000  8.100000000 -0.134405479000
1023.169980000  8.100000000 -0.141860396000
1023.195010000  8.100000000 -0.149043486000
1023.219970000  8.100000000 -0.155948848000
1023.245000000  8.100000000 -0.162571043000
1023.269960000  8.100000000 -0.168905005000
1023.294980000  8.100000000 -0.174946144000
1023.320010000  8.100000000 -0.180690154000
1023.344970000  8.100000000 -0.186133057000
1023.370000000  8.100000000 -0.191271350000
1023.394960000  8.100000000 -0.196101725000
1023.419980000  8.100000000 -0.200621217000
1023.445010000  8.100000000 -0.204827204000
1023.469970000  8.100000000 -0.208717346000
1023.495000000  8.100000000 -0.212289616000
1023.519960000  8.100000000 -0.215542182000
1023.544980000  8.100000000 -0.218473643000
1023.570010000  8.100000000 -0.221082777000
1023.594970000  8.100000000 -0.223368496000
1023.620000000  8.100000000 -0.225329801000
1023.644960000  8.100000000 -0.226966083000
1023.669980000  8.100000000 -0.228276506000
1023.695010000  8.100000000 -0.229260370000
1023.719970000  8.100000000 -0.229916975000
1023.745000000  8.100000000 -0.230245546000
1023.769960000  8.100000000 -0.230245337000
1023.794980000  8.100000000 -0.229915708000
1023.820010000  8.100000000 -0.229256079000
1023.844970000  8.100000000 -0.228266120000
1023.870000000  8.100000000 -0.226945788000
1023.894960000  8.100000000 -0.225295320000
1023.919980000  8.100000000 -0.223315313000
1023.945010000  8.100000000 -0.221006975000
1023.969970000  8.100000000 -0.218371838000
1023.995000000  8.100000000 -0.215412140000
1024.020020000  8.100000000 -0.212130636000
1024.045040000  8.100000000 -0.208530739000
1024.069950000  8.100000000 -0.204616562000
1024.094970000  8.100000000 -0.200392738000
1024.120000000  8.100000000 -0.195864677000
1024.145020000  8.100000000 -0.191038311000
1024.170040000  8.100000000 -0.185920194000
1024.194950000  8.100000000 -0.180517286000
1024.219970000  8.100000000 -0.174837247000
1024.245000000  8.100000000 -0.168888032000
1024.270020000  8.100000000 -0.162678197000
1024.295040000  8.100000000 -0.156216592000
1024.319950000  8.100000000 -0.149512619000
1024.344970000  8.100000000 -0.142575890000
1024.370000000  8.100000000 -0.135416552000
1024.395020000  8.100000000 -0.128044948000
1024.420040000  8.100000000 -0.120471798000
1024.444950000  8.100000000 -0.112708032000
1024.469970000  8.100000000 -0.104764834000
1024.495000000  8.100000000 -0.096653543400
1024.520020000  8.100000000 -0.088385783100
1024.545040000  8.100000000 -0.079973347500
1024.569950000  8.100000000 -0.071428366000
1024.594970000  8.100000000 -0.062763348200
1024.620000000  8.100000000 -0.053991172500
1024.645020000  8.100000000 -0.045125231100
1024.670040000  8.100000000 -0.036179434500
1024.694950000  8.100000000 -0.027168216200
1024.719970000  8.100000000 -0.018106680400
1024.745000000  8.100000000 -0.009010545910
1024.770020000  8.100000000 0.000103722654
1024.795040000  8.100000000 0.009218947960
1024.819950000  8.100000000 0.018317176000
1024.844970000  8.100000000 0.027379766100
1024.870000000  8.100000000 0.036387372800
1024.895020000  8.100000000 0.045320056400
1024.920040000  8.100000000 0.054157335300
1024.944950000  8.100000000 0.062878228700
1024.969970000  8.100000000 0.071461416800
1024.995000000  8.100000000 0.079885378500
1025.020020000  8.100000000 0.088128402800
1025.045040000  8.100000000 0.096168823500
1025.069950000  8.100000000 0.103985220000
1025.094970000  8.100000000 0.111556344000
1025.120000000  8.100000000 0.118861370000
1025.145020000  8.100000000 0.125880107000
1025.170040000  8.100000000 0.132592797000
1025.194950000  8.100000000 0.138980523000
1025.219970000  8.100000000 0.145025104000
1025.245000000  8.100000000 0.150709301000
1025.270020000  8.100000000 0.156016812000
1025.295040000  8.100000000 0.160932541000
1025.319950000  8.100000000 0.165442392000
1025.344970000  8.100000000 0.169533595000
1025.370000000  8.100000000 0.173194915000
1025.395020000  8.100000000 0.176416203000
1025.420040000  8.100000000 0.179189086000
1025.444950000  8.100000000 0.181506634000
1025.469970000  8.100000000 0.183363572000
1025.495000000  8.100000000 0.184756264000
1025.520020000  8.100000000 0.185682699000
1025.545040000  8.100000000 0.186142474000
1025.569950000  8.100000000 0.186136857000
1025.594970000  8.100000000 0.185668573000
1025.620000000  8.100000000 0.184741989000
1025.645020000  8.100000000 0.183362886000
1025.670040000  8.100000000 0.181538373000
1025.694950000  8.100000000 0.179276839000
1025.719970000  8.100000000 0.176588029000
1025.745000000  8.100000000 0.173482791000
1025.770020000  8.100000000 0.169973001000
1025.795040000  8.100000000 0.166071787000
1025.819950000  8.100000000 0.161792964000
1025.844970000  8.100000000 0.157151580000
1025.870000000  8.100000000 0.152163237000
1025.895020000  8.100000000 0.146844640000
1025.920040000  8.100000000 0.141212940000
1025.944950000  8.100000000 0.135286018000
1025.969970000  8.100000000 0.129082367000
1025.995000000  8.100000000 0.122620881000
1026.020020000  8.100000000 0.115920909000
1026.045040000  8.100000000 0.109002173000
1026.069950000  8.100000000 0.101884611000
1026.094970000  8.100000000 0.094588227600
1026.120000000  8.100000000 0.087133035100
1026.145020000  8.100000000 0.079538963700
1026.170040000  8.100000000 0.071825772500
1026.194950000  8.100000000 0.064012982000
1026.219970000  8.100000000 0.056119822000
1026.245000000  8.100000000 0.048165254300
1026.270020000  8.100000000 0.040167897900
1026.295040000  8.100000000 0.032145898800
1026.319950000  8.100000000 0.024116966900
1026.344970000  8.100000000 0.016098324200
1026.370000000  8.100000000 0.008106684310
1026.395020000  8.100000000 0.000158243129
1026.420040000  8.100000000 -0.007731371560
1026.444950000  8.100000000 -0.015547029700
1026.469970000  8.100000000 -0.023274106900
1026.495000000  8.100000000 -0.030898466700
1026.520020000  8.100000000 -0.038406509900
1026.545040000  8.100000000 -0.045785035900
1026.569950000  8.100000000 -0.053021311800
1026.594970000  8.100000000 -0.060103040200
1026.620000000  8.100000000 -0.067018315200
1026.645020000  8.100000000 -0.073755614500
1026.670040000  8.100000000 -0.080303862700
1026.694950000  8.100000000 -0.086652360900
1026.719970000  8.100000000 -0.092790909100
1026.745000000  8.100000000 -0.098709672700
1026.770020000  8.100000000 -0.104399338000
1026.795040000  8.100000000 -0.109850980000
1026.819950000  8.100000000 -0.115056232000
1026.844970000  8.100000000 -0.120007135000
1026.870000000  8.100000000 -0.124696359000
1026.895020000  8.100000000 -0.129117027000
1026.920040000  8.100000000 -0.133262917000
1026.944950000  8.100000000 -0.137128368000
1026.969970000  8.100000000 -0.140708417000
1026.995000000  8.100000000 -0.143998876000
1027.020020000  8.100000000 -0.146996289000
1027.045040000  8.100000000 -0.149698108000
1027.069950000  8.100000000 -0.152102754000
1027.094970000  8.100000000 -0.154209659000
1027.120000000  8.100000000 -0.156019360000
1027.145020000  8.100000000 -0.157533452000
1027.170040000  8.100000000 -0.158754677000
1027.194950000  8.100000000 -0.159686998000
1027.219970000  8.100000000 -0.160335541000
1027.245000000  8.100000000 -0.160706609000
1027.270020000  8.100000000 -0.160807669000
1027.295040000  8.100000000 -0.160647288000
1027.319950000  8.100000000 -0.160235152000
1027.344970000  8.100000000 -0.159581840000
1027.370000000  8.100000000 -0.158698827000
1027.395020000  8.100000000 -0.157598540000
1027.420040000  8.100000000 -0.156293884000
1027.444950000  8.100000000 -0.154798508000
1027.469970000  8.100000000 -0.153126419000
1027.495000000  8.100000000 -0.151292056000
1027.520020000  8.100000000 -0.149310023000
1027.545040000  8.100000000 -0.147194877000
1027.569950000  8.100000000 -0.144961149000
1027.594970000  8.100000000 -0.142622963000
1027.620000000  8.100000000 -0.140194088000
1027.645020000  8.100000000 -0.137687698000
1027.670040000  8.100000000 -0.135116190000
1027.694950000  8.100000000 -0.132491305000
1027.719970000  8.100000000 -0.129823774000
1027.745000000  8.100000000 -0.127123401000
1027.770020000  8.100000000 -0.124399014000
1027.795040000  8.100000000 -0.121658415000
1027.819950000  8.100000000 -0.118908308000
1027.844970000  8.100000000 -0.116154492000
1027.870000000  8.100000000 -0.113401756000
1027.895020000  8.100000000 -0.110654011000
1027.920040000  8.100000000 -0.107914306000
1027.944950000  8.100000000 -0.105184942000
1027.969970000  8.100000000 -0.102467403000
1027.995000000  8.100000000 -0.099762596200
1028.020020000  8.100000000 -0.097070805700
1028.045040000  8.100000000 -0.094391785600
1028.069950000  8.100000000 -0.091724827900
1028.094970000  8.100000000 -0.089068800200
1028.120000000  8.100000000 -0.086422286900
1028.145020000  8.100000000 -0.083783596800
1028.170040000  8.100000000 -0.081150807400
1028.194950000  8.100000000 -0.078521840300
1028.219970000  8.100000000 -0.075894646300
1028.245000000  8.100000000 -0.073267117100
1028.270020000  8.100000000 -0.070637188900
1028.295040000  8.100000000 -0.068003021200
1028.319950000  8.100000000 -0.065362870700
1028.344970000  8.100000000 -0.062715232400
1028.370000000  8.100000000 -0.060058847100
1028.395020000  8.100000000 -0.057392813300
1028.420040000  8.100000000 -0.054716426900
1028.444950000  8.100000000 -0.052029490500
1028.469970000  8.100000000 -0.049332168000
1028.495000000  8.100000000 -0.046625111300
1028.520020000  8.100000000 -0.043909523600
1028.545040000  8.100000000 -0.041187148500
1028.569950000  8.100000000 -0.038460321700
1028.594970000  8.100000000 -0.035731993600
1028.620000000  8.100000000 -0.033005591500
1028.645020000  8.100000000 -0.030285054800
1028.670040000  8.100000000 -0.027574861400
1028.694950000  8.100000000 -0.024879800200
1028.719970000  8.100000000 -0.022205008200
1028.745000000  8.100000000 -0.019555838800
1028.770020000  8.100000000 -0.016937799800
1028.795040000  8.100000000 -0.014356539600
1028.819950000  8.100000000 -0.011817603400
1028.844970000  8.100000000 -0.009326577190
1028.870000000  8.100000000 -0.006888861770
1028.895020000  8.100000000 -0.004509608730
1028.920040000  8.100000000 -0.002193680730
1028.944950000  8.100000000 0.000054376742
1028.969970000  8.100000000 0.002230503830
1028.995000000  8.100000000 0.004331047180
1029.020020000  8.100000000 0.006352835330
1029.045040000  8.100000000 0.008293197490
1029.069950000  8.100000000 0.010149984600
1029.094970000  8.100000000 0.011921505400
1029.120000000  8.100000000 0.013606557600
1029.145020000  8.100000000 0.015204418500
1029.170040000  8.100000000 0.016714828100
1029.194950000  8.100000000 0.018137924400
1029.219970000  8.100000000 0.019474316400
1029.245000000  8.100000000 0.020724969000
1029.270020000  8.100000000 0.021891336900
1029.295040000  8.100000000 0.022975260400
1029.319950000  8.100000000 0.023979106900
1029.344970000  8.100000000 0.024905743100
1029.370000000  8.100000000 0.025758517900
1029.395020000  8.100000000 0.026541309400
1029.420040000  8.100000000 0.027258550700
1029.444950000  8.100000000 0.027915200200
1029.469970000  8.100000000 0.028516812300
1029.495000000  8.100000000 0.029069492600
1029.520020000  8.100000000 0.029579896500
1029.545040000  8.100000000 0.030055172700
1029.569950000  8.100000000 0.030502913500
1029.594970000  8.100000000 0.030931089100
1029.620000000  8.100000000 0.031348001200
1029.645020000  8.100000000 0.031762223700
1029.670040000  8.100000000 0.032182518400
1029.694950000  8.100000000 0.032617822300
1029.719970000  8.100000000 0.033077113300
1029.745000000  8.100000000 0.033569369500
1029.770020000  8.100000000 0.034103456900
1029.795040000  8.100000000 0.034688010800
1029.819950000  8.100000000 0.035331443000
1029.844970000  8.100000000 0.036041811100
1029.870000000  8.100000000 0.036826830400
1029.895020000  8.100000000 0.037693817200
1029.920040000  8.100000000 0.038649648400
1029.944950000  8.100000000 0.039700735400
1029.969970000  8.100000000 0.040852978800
1029.995000000  8.100000000 0.042111702300
1030.020020000  8.100000000 0.043481677800
1030.045040000  8.100000000 0.044967111200
1030.069950000  8.100000000 0.046571586300
1030.094970000  8.100000000 0.048298057200
1030.120000000  8.100000000 0.050148859600
1030.145020000  8.100000000 0.052125625300
1030.170040000  8.100000000 0.054229404800
1030.194950000  8.100000000 0.056460578000
1030.219970000  8.100000000 0.058818891600
1030.245000000  8.100000000 0.061303541100
1030.270020000  8.100000000 0.063913218700
1030.295040000  8.100000000 0.066646158700
1030.319950000  8.100000000 0.069500252600
1030.344970000  8.100000000 0.072473116200
1030.370000000  8.100000000 0.075562149300
1030.395020000  8.100000000 0.078764610000
1030.420040000  8.100000000 0.082077644800
1030.444950000  8.100000000 0.085498251000
1030.469970000  8.100000000 0.089023359100
1030.495000000  8.100000000 0.092649646100
1030.520020000  8.100000000 0.096373558000
1030.545040000  8.100000000 0.100191101000
1030.569950000  8.100000000 0.104098007000
1030.594970000  8.100000000 0.108089574000
1030.620000000  8.100000000 0.112160832000
1030.645020000  8.100000000 0.116306782000
1030.670040000  8.100000000 0.120522074000
1030.694950000  8.100000000 0.124801353000
1030.719970000  8.100000000 0.129139051000
1030.745000000  8.100000000 0.133529410000
1030.770020000  8.100000000 0.137966573000
1030.795040000  8.100000000 0.142444462000
1030.819950000  8.100000000 0.146956787000
1030.844970000  8.100000000 0.151496828000
1030.870000000  8.100000000 0.156057715000
1030.895020000  8.100000000 0.160632104000
1030.920040000  8.100000000 0.165212318000
1030.944950000  8.100000000 0.169790328000
1030.969970000  8.100000000 0.174357593000
1030.995000000  8.100000000 0.178905189000
1031.020020000  8.100000000 0.183423966000
1031.045040000  8.100000000 0.187904254000
1031.069950000  8.100000000 0.192336187000
1031.094970000  8.100000000 0.196709797000
1031.120000000  8.100000000 0.201014698000
1031.145020000  8.100000000 0.205240622000
1031.170040000  8.100000000 0.209376946000
1031.194950000  8.100000000 0.213413194000
1031.219970000  8.100000000 0.217338815000
1031.245000000  8.100000000 0.221143201000
1031.270020000  8.100000000 0.224816024000
1031.295040000  8.100000000 0.228346959000
1031.319950000  8.100000000 0.231725827000
1031.344970000  8.100000000 0.234942839000
1031.370000000  8.100000000 0.237988383000
1031.395020000  8.100000000 0.240853041000
1031.420040000  8.100000000 0.243528053000
1031.444950000  8.100000000 0.246004686000
1031.469970000  8.100000000 0.248274535000
1031.495000000  8.100000000 0.250329554000
1031.520020000  8.100000000 0.252161831000
1031.545040000  8.100000000 0.253763825000
1031.569950000  8.100000000 0.255127996000
1031.594970000  8.100000000 0.256247193000
1031.620000000  8.100000000 0.257114112000
1031.645020000  8.100000000 0.257721514000
1031.670040000  8.100000000 0.258062303000
1031.694950000  8.100000000 0.258129358000
1031.719970000  8.100000000 0.257915795000
1031.745000000  8.100000000 0.257414907000
1031.770020000  8.100000000 0.256620288000
1031.795040000  8.100000000 0.255526274000
1031.819950000  8.100000000 0.254127383000
1031.844970000  8.100000000 0.252418697000
1031.870000000  8.100000000 0.250395775000
1031.895020000  8.100000000 0.248054802000
1031.920040000  8.100000000 0.245392293000
1031.944950000  8.100000000 0.242405549000
1031.969970000  8.100000000 0.239092246000
1031.995000000  8.100000000 0.235450953000
1032.020020000  8.100000000 0.231480867000
1032.045040000  8.100000000 0.227181897000
1032.069950000  8.100000000 0.222554803000
1032.094970000  8.100000000 0.217601135000
1032.120000000  8.100000000 0.212323219000
1032.145020000  8.100000000 0.206724316000
1032.170040000  8.100000000 0.200808480000
1032.194950000  8.100000000 0.194580674000
1032.219970000  8.100000000 0.188046485000
1032.245000000  8.100000000 0.181212336000
1032.270020000  8.100000000 0.174085125000
1032.295040000  8.100000000 0.166672498000
1032.319950000  8.100000000 0.158982605000
1032.344970000  8.100000000 0.151024267000
1032.370000000  8.100000000 0.142806977000
1032.395020000  8.100000000 0.134340718000
1032.420040000  8.100000000 0.125636011000
1032.444950000  8.100000000 0.116703831000
1032.469970000  8.100000000 0.107555337000
1032.495000000  8.100000000 0.098201997600
1032.520020000  8.100000000 0.088655434500
1032.545040000  8.100000000 0.078927457300
1032.569950000  8.100000000 0.069030031600
1032.594970000  8.100000000 0.058975175000
1032.620000000  8.100000000 0.048774980000
1032.645020000  8.100000000 0.038441404700
1032.670040000  8.100000000 0.027986332800
1032.694950000  8.100000000 0.017421400200
1032.719970000  8.100000000 0.006758061700
1032.745000000  8.100000000 -0.003992531450
1032.770020000  8.100000000 -0.014819551300
1032.795040000  8.100000000 -0.025712607400
1032.819950000  8.100000000 -0.036661699400
1032.844970000  8.100000000 -0.047657396600
1032.870000000  8.100000000 -0.058690782600
1032.895020000  8.100000000 -0.069753438200
1032.920040000  8.100000000 -0.080837495600
1032.944950000  8.100000000 -0.091935634600
1032.969970000  8.100000000 -0.103041120000
1032.995000000  8.100000000 -0.114147656000
1033.020020000  8.100000000 -0.125249654000
1033.045040000  8.100000000 -0.136341780000
1033.069950000  8.100000000 -0.147419512000
1033.094970000  8.100000000 -0.158478394000
1033.120000000  8.100000000 -0.169514239000
1033.145020000  8.100000000 -0.180523187000
1033.170040000  8.100000000 -0.191501200000
1033.194950000  8.100000000 -0.202444255000
1033.219970000  8.100000000 -0.213348404000
1033.245000000  8.100000000 -0.224209458000
1033.270020000  8.100000000 -0.235023007000
1033.295040000  8.100000000 -0.245784581000
1033.319950000  8.100000000 -0.256489515000
1033.344970000  8.100000000 -0.267133087000
1033.370000000  8.100000000 -0.277710140000
1033.395020000  8.100000000 -0.288215607000
1033.420040000  8.100000000 -0.298643768000
1033.444950000  8.100000000 -0.308988780000
1033.469970000  8.100000000 -0.319244206000
1033.495000000  8.100000000 -0.329403222000
1033.520020000  8.100000000 -0.339458674000
1033.545040000  8.100000000 -0.349402666000
1033.569950000  8.100000000 -0.359227270000
1033.594970000  8.100000000 -0.368923813000
1033.620000000  8.100000000 -0.378483653000
1033.645020000  8.100000000 -0.387897551000
1033.670040000  8.100000000 -0.397156298000
1033.694950000  8.100000000 -0.406250417000
1033.719970000  8.100000000 -0.415170819000
1033.745000000  8.100000000 -0.423907787000
1033.770020000  8.100000000 -0.432451665000
1033.795040000  8.100000000 -0.440793127000
1033.819950000  8.100000000 -0.448922604000
1033.844970000  8.100000000 -0.456830770000
1033.870000000  8.100000000 -0.464508593000
1033.895020000  8.100000000 -0.471947521000
1033.920040000  8.100000000 -0.479139209000
1033.944950000  8.100000000 -0.486076117000
1033.969970000  8.100000000 -0.492751151000
1033.995000000  8.100000000 -0.499157786000
1034.020020000  8.100000000 -0.505290151000
1034.045040000  8.100000000 -0.511143148000
1034.069950000  8.100000000 -0.516712070000
1034.094970000  8.100000000 -0.521993041000
1034.120000000  8.100000000 -0.526982427000
1034.145020000  8.100000000 -0.531677663000
1034.170040000  8.100000000 -0.536076367000
1034.194950000  8.100000000 -0.540177047000
1034.219970000  8.100000000 -0.543978393000
1034.245000000  8.100000000 -0.547479987000
1034.270020000  8.100000000 -0.550681889000
1034.295040000  8.100000000 -0.553584516000
1034.319950000  8.100000000 -0.556189060000
1034.344970000  8.100000000 -0.558497548000
1034.370000000  8.100000000 -0.560511947000
1034.395020000  8.100000000 -0.562235177000
1034.420040000  8.100000000 -0.563670874000
1034.444950000  8.100000000 -0.564822614000
1034.469970000  8.100000000 -0.565694928000
1034.495000000  8.100000000 -0.566292703000
1034.520020000  8.100000000 -0.566621482000
1034.545040000  8.100000000 -0.566687286000
1034.569950000  8.100000000 -0.566496432000
1034.594970000  8.100000000 -0.566055715000
1034.620000000  8.100000000 -0.565372109000
1034.645020000  8.100000000 -0.564452529000
1034.670040000  8.100000000 -0.563304126000
1034.694950000  8.100000000 -0.561933458000
1034.719970000  8.100000000 -0.560347259000
1034.745000000  8.100000000 -0.558551967000
1034.770020000  8.100000000 -0.556553364000
1034.795040000  8.100000000 -0.554357350000
1034.819950000  8.100000000 -0.551969349000
1034.844970000  8.100000000 -0.549394190000
1034.870000000  8.100000000 -0.546636820000
1034.895020000  8.100000000 -0.543701470000
1034.920040000  8.100000000 -0.540592194000
1034.944950000  8.100000000 -0.537312746000
1034.969970000  8.100000000 -0.533866465000
1034.995000000  8.100000000 -0.530256450000
1035.020020000  8.100000000 -0.526485741000
1035.045040000  8.100000000 -0.522556961000
1035.069950000  8.100000000 -0.518472791000
1035.094970000  8.100000000 -0.514235377000
1035.120000000  8.100000000 -0.509847105000
1035.145020000  8.100000000 -0.505309939000
1035.170040000  8.100000000 -0.500625730000
1035.194950000  8.100000000 -0.495796293000
1035.219970000  8.100000000 -0.490823060000
1035.245000000  8.100000000 -0.485707313000
1035.270020000  8.100000000 -0.480450571000
1035.295040000  8.100000000 -0.475053757000
1035.319950000  8.100000000 -0.469518095000
1035.344970000  8.100000000 -0.463844895000
1035.370000000  8.100000000 -0.458035052000
1035.395020000  8.100000000 -0.452089638000
1035.420040000  8.100000000 -0.446009666000
1035.444950000  8.100000000 -0.439796001000
1035.469970000  8.100000000 -0.433449537000
1035.495000000  8.100000000 -0.426970840000
1035.520020000  8.100000000 -0.420360953000
1035.545040000  8.100000000 -0.413620502000
1035.569950000  8.100000000 -0.406750083000
1035.594970000  8.100000000 -0.399750382000
1035.620000000  8.100000000 -0.392621458000
1035.645020000  8.100000000 -0.385363609000
1035.670040000  8.100000000 -0.377976835000
1035.694950000  8.100000000 -0.370460927000
1035.719970000  8.100000000 -0.362815201000
1035.745000000  8.100000000 -0.355038822000
1035.770020000  8.100000000 -0.347130686000
1035.795040000  8.100000000 -0.339089215000
1035.819950000  8.100000000 -0.330912620000
1035.844970000  8.100000000 -0.322598577000
1035.870000000  8.100000000 -0.314144850000
1035.895020000  8.100000000 -0.305548638000
1035.920040000  8.100000000 -0.296807230000
1035.944950000  8.100000000 -0.287917584000
1035.969970000  8.100000000 -0.278876662000
1035.995000000  8.100000000 -0.269680917000
1036.020020000  8.100000000 -0.260326594000
1036.045040000  8.100000000 -0.250809938000
1036.069950000  8.100000000 -0.241126612000
1036.094970000  8.100000000 -0.231272519000
1036.120000000  8.100000000 -0.221243218000
1036.145020000  8.100000000 -0.211034492000
1036.170040000  8.100000000 -0.200642258000
1036.194950000  8.100000000 -0.190062463000
1036.219970000  8.100000000 -0.179291517000
1036.245000000  8.100000000 -0.168326288000
1036.270020000  8.100000000 -0.157163903000
1036.295040000  8.100000000 -0.145802215000
1036.319950000  8.100000000 -0.134239763000
1036.344970000  8.100000000 -0.122475751000
1036.370000000  8.100000000 -0.110510364000
1036.395020000  8.100000000 -0.098344788000
1036.420040000  8.100000000 -0.085981145500
1036.444950000  8.100000000 -0.073422633100
1036.469970000  8.100000000 -0.060673423100
1036.495000000  8.100000000 -0.047738719700
1036.520020000  8.100000000 -0.034624751700
1036.545040000  8.100000000 -0.021338695700
1036.569950000  8.100000000 -0.007888638410
1036.594970000  8.100000000 0.005716438410
1036.620000000  8.100000000 0.019466713100
1036.645020000  8.100000000 0.033351566600
1036.670040000  8.100000000 0.047359596900
1036.694950000  8.100000000 0.061478581300
1036.719970000  8.100000000 0.075695604100
1036.745000000  8.100000000 0.089996971200
1036.770020000  8.100000000 0.104368187000
1036.795040000  8.100000000 0.118794098000
1036.819950000  8.100000000 0.133258820000
1036.844970000  8.100000000 0.147745863000
1036.870000000  8.100000000 0.162238270000
1036.895020000  8.100000000 0.176718608000
1036.920040000  8.100000000 0.191169128000
1036.944950000  8.100000000 0.205571577000
1036.969970000  8.100000000 0.219907641000
1036.995000000  8.100000000 0.234158650000
1037.020020000  8.100000000 0.248305917000
1037.045040000  8.100000000 0.262330860000
1037.069950000  8.100000000 0.276214808000
1037.094970000  8.100000000 0.289939642000
1037.120000000  8.100000000 0.303487390000
1037.145020000  8.100000000 0.316840470000
1037.170040000  8.100000000 0.329981953000
1037.194950000  8.100000000 0.342895538000
1037.219970000  8.100000000 0.355565399000
1037.245000000  8.100000000 0.367976457000
1037.270020000  8.100000000 0.380114377000
1037.295040000  8.100000000 0.391965032000
1037.319950000  8.100000000 0.403515548000
1037.344970000  8.100000000 0.414753228000
1037.370000000  8.100000000 0.425666273000
1037.395020000  8.100000000 0.436243623000
1037.420040000  8.100000000 0.446474940000
1037.444950000  8.100000000 0.456350386000
1037.469970000  8.100000000 0.465861589000
1037.495000000  8.100000000 0.475000501000
1037.520020000  8.100000000 0.483760417000
1037.545040000  8.100000000 0.492135257000
1037.569950000  8.100000000 0.500120640000
1037.594970000  8.100000000 0.507712603000
1037.620000000  8.100000000 0.514908373000
1037.645020000  8.100000000 0.521706164000
1037.670040000  8.100000000 0.528105199000
1037.694950000  8.100000000 0.534105062000
1037.719970000  8.100000000 0.539706528000
1037.745000000  8.100000000 0.544910669000
1037.770020000  8.100000000 0.549719453000
1037.795040000  8.100000000 0.554135680000
1037.819950000  8.100000000 0.558161914000
1037.844970000  8.100000000 0.561801970000
1037.870000000  8.100000000 0.565059662000
1037.895020000  8.100000000 0.567939818000
1037.920040000  8.100000000 0.570447206000
1037.944950000  8.100000000 0.572586894000
1037.969970000  8.100000000 0.574365079000
1037.995000000  8.100000000 0.575787723000
1038.020020000  8.100000000 0.576861441000
1038.045040000  8.100000000 0.577593267000
1038.069950000  8.100000000 0.577990711000
1038.094970000  8.100000000 0.578061581000
1038.120000000  8.100000000 0.577814221000
1038.145020000  8.100000000 0.577257276000
1038.170040000  8.100000000 0.576400280000
1038.194950000  8.100000000 0.575252473000
1038.219970000  8.100000000 0.573823988000
1038.245000000  8.100000000 0.572125018000
1038.270020000  8.100000000 0.570165992000
1038.295040000  8.100000000 0.567957759000
1038.319950000  8.100000000 0.565510809000
1038.344970000  8.100000000 0.562836289000
1038.370000000  8.100000000 0.559944749000
1038.395020000  8.100000000 0.556847334000
1038.420040000  8.100000000 0.553554654000
1038.444950000  8.100000000 0.550077319000
1038.469970000  8.100000000 0.546425879000
1038.495000000  8.100000000 0.542610526000
1038.520020000  8.100000000 0.538641214000
1038.545040000  8.100000000 0.534527659000
1038.569950000  8.100000000 0.530279160000
1038.594970000  8.100000000 0.525904298000
1038.620000000  8.100000000 0.521411717000
1038.645020000  8.100000000 0.516809106000
1038.670040000  8.100000000 0.512103975000
1038.694950000  8.100000000 0.507302940000
1038.719970000  8.100000000 0.502412379000
1038.745000000  8.100000000 0.497438043000
1038.770020000  8.100000000 0.492384523000
1038.795040000  8.100000000 0.487256229000
1038.819950000  8.100000000 0.482056677000
1038.844970000  8.100000000 0.476788819000
1038.870000000  8.100000000 0.471454322000
1038.895020000  8.100000000 0.466054767000
1038.920040000  8.100000000 0.460590422000
1038.944950000  8.100000000 0.455061138000
1038.969970000  8.100000000 0.449465752000
1038.995000000  8.100000000 0.443802595000
1039.020020000  8.100000000 0.438068986000
1039.045040000  8.100000000 0.432261646000
1039.069950000  8.100000000 0.426376551000
1039.094970000  8.100000000 0.420408994000
1039.120000000  8.100000000 0.414353728000
1039.145020000  8.100000000 0.408204615000
1039.170040000  8.100000000 0.401955426000
1039.194950000  8.100000000 0.395598948000
1039.219970000  8.100000000 0.389127880000
1039.245000000  8.100000000 0.382534534000
1039.270020000  8.100000000 0.375810802000
1039.295040000  8.100000000 0.368948430000
1039.319950000  8.100000000 0.361939102000
1039.344970000  8.100000000 0.354774177000
1039.370000000  8.100000000 0.347445339000
1039.395020000  8.100000000 0.339944243000
1039.420040000  8.100000000 0.332262725000
1039.444950000  8.100000000 0.324392825000
1039.469970000  8.100000000 0.316326946000
1039.495000000  8.100000000 0.308057755000
1039.520020000  8.100000000 0.299578309000
1039.545040000  8.100000000 0.290882081000
1039.569950000  8.100000000 0.281963259000
1039.594970000  8.100000000 0.272816300000
1039.620000000  8.100000000 0.263436407000
1039.645020000  8.100000000 0.253819585000
1039.670040000  8.100000000 0.243962407000
1039.694950000  8.100000000 0.233862400000
1039.719970000  8.100000000 0.223517850000
1039.745000000  8.100000000 0.212928072000
1039.770020000  8.100000000 0.202093124000
1039.795040000  8.100000000 0.191014335000
1039.819950000  8.100000000 0.179693639000
1039.844970000  8.100000000 0.168134347000
1039.870000000  8.100000000 0.156340480000
1039.895020000  8.100000000 0.144316971000
1039.920040000  8.100000000 0.132069737000
1039.944950000  8.100000000 0.119605608000
1039.969970000  8.100000000 0.106932230000
1039.995000000  8.100000000 0.094058133700
1040.020020000  8.100000000 0.080992758300
1040.045040000  8.100000000 0.067746371000
1040.069950000  8.100000000 0.054330099400
1040.094970000  8.100000000 0.040755864200
1040.120000000  8.100000000 0.027036391200
1040.145020000  8.100000000 0.013185123000
1040.170040000  8.100000000 -0.000783777738
1040.194950000  8.100000000 -0.014855508700
1040.219970000  8.100000000 -0.029014686100
1040.245000000  8.100000000 -0.043245330500
1040.270020000  8.100000000 -0.057531006600
1040.295040000  8.100000000 -0.071854762700
1040.319950000  8.100000000 -0.086199298500
1040.344970000  8.100000000 -0.100546941000
1040.370000000  8.100000000 -0.114879765000
1040.395020000  8.100000000 -0.129179522000
1040.420040000  8.100000000 -0.143427834000
1040.444950000  8.100000000 -0.157606095000
1040.469970000  8.100000000 -0.171695620000
1040.495000000  8.100000000 -0.185677707000
1040.520020000  8.100000000 -0.199533626000
1040.545040000  8.100000000 -0.213244721000
1040.569950000  8.100000000 -0.226792648000
1040.594970000  8.100000000 -0.240159303000
1040.620000000  8.100000000 -0.253326952000
1040.645020000  8.100000000 -0.266278476000
1040.670040000  8.100000000 -0.278997123000
1040.694950000  8.100000000 -0.291466922000
1040.719970000  8.100000000 -0.303672552000
1040.745000000  8.100000000 -0.315599412000
1040.770020000  8.100000000 -0.327233970000
1040.795040000  8.100000000 -0.338563293000
1040.819950000  8.100000000 -0.349575639000
1040.844970000  8.100000000 -0.360260308000
1040.870000000  8.100000000 -0.370607883000
1040.895020000  8.100000000 -0.380609840000
1040.920040000  8.100000000 -0.390259176000
1040.944950000  8.100000000 -0.399549782000
1040.969970000  8.100000000 -0.408477038000
1040.995000000  8.100000000 -0.417037576000
1041.020020000  8.100000000 -0.425229162000
1041.045040000  8.100000000 -0.433050990000
1041.069950000  8.100000000 -0.440503508000
1041.094970000  8.100000000 -0.447588116000
1041.120000000  8.100000000 -0.454307705000
1041.145020000  8.100000000 -0.460666120000
1041.170040000  8.100000000 -0.466668338000
1041.194950000  8.100000000 -0.472320169000
1041.219970000  8.100000000 -0.477628559000
1041.245000000  8.100000000 -0.482601136000
1041.270020000  8.100000000 -0.487246335000
1041.295040000  8.100000000 -0.491573334000
1041.319950000  8.100000000 -0.495591551000
1041.344970000  8.100000000 -0.499311596000
1041.370000000  8.100000000 -0.502743900000
1041.395020000  8.100000000 -0.505899370000
1041.420040000  8.100000000 -0.508789778000
1041.444950000  8.100000000 -0.511426568000
1041.469970000  8.100000000 -0.513821840000
1041.495000000  8.100000000 -0.515987575000
1041.520020000  8.100000000 -0.517936110000
1041.545040000  8.100000000 -0.519679368000
1041.569950000  8.100000000 -0.521229148000
1041.594970000  8.100000000 -0.522597015000
1041.620000000  8.100000000 -0.523793995000
1041.645020000  8.100000000 -0.524830580000
1041.670040000  8.100000000 -0.525716722000
1041.694950000  8.100000000 -0.526461303000
1041.719970000  8.100000000 -0.527073324000
1041.745000000  8.100000000 -0.527560174000
1041.770020000  8.100000000 -0.527928770000
1041.795040000  8.100000000 -0.528185248000
1041.819950000  8.100000000 -0.528334677000
1041.844970000  8.100000000 -0.528381109000
1041.870000000  8.100000000 -0.528328121000
1041.895020000  8.100000000 -0.528177679000
1041.920040000  8.100000000 -0.527931273000
1041.944950000  8.100000000 -0.527589321000
1041.969970000  8.100000000 -0.527150810000
1041.995000000  8.100000000 -0.526614070000
1042.020020000  8.100000000 -0.525976717000
1042.045040000  8.100000000 -0.525234818000
1042.069950000  8.100000000 -0.524384141000
1042.094970000  8.100000000 -0.523419738000
1042.120000000  8.100000000 -0.522335768000
1042.145020000  8.100000000 -0.521126449000
1042.170040000  8.100000000 -0.519785166000
1042.194950000  8.100000000 -0.518305123000
1042.219970000  8.100000000 -0.516679525000
1042.245000000  8.100000000 -0.514900982000
1042.270020000  8.100000000 -0.512962759000
1042.295040000  8.100000000 -0.510857761000
1042.319950000  8.100000000 -0.508579075000
1042.344970000  8.100000000 -0.506120384000
1042.370000000  8.100000000 -0.503475308000
1042.395020000  8.100000000 -0.500638127000
1042.420040000  8.100000000 -0.497603476000
1042.444950000  8.100000000 -0.494366556000
1042.469970000  8.100000000 -0.490923136000
1042.495000000  8.100000000 -0.487269700000
1042.520020000  8.100000000 -0.483403444000
1042.545040000  8.100000000 -0.479322463000
1042.569950000  8.100000000 -0.475025445000
1042.594970000  8.100000000 -0.470512301000
1042.620000000  8.100000000 -0.465783358000
1042.645020000  8.100000000 -0.460840166000
1042.670040000  8.100000000 -0.455684841000
1042.694950000  8.100000000 -0.450320125000
1042.719970000  8.100000000 -0.444749624000
1042.745000000  8.100000000 -0.438977480000
1042.770020000  8.100000000 -0.433008552000
1042.795040000  8.100000000 -0.426848263000
1042.819950000  8.100000000 -0.420502484000
1042.844970000  8.100000000 -0.413977653000
1042.870000000  8.100000000 -0.407280266000
1042.895020000  8.100000000 -0.400417447000
1042.920040000  8.100000000 -0.393396378000
1042.944950000  8.100000000 -0.386224508000
1042.969970000  8.100000000 -0.378909111000
1042.995000000  8.100000000 -0.371457845000
1043.020020000  8.100000000 -0.363878280000
1043.045040000  8.100000000 -0.356177896000
1043.069950000  8.100000000 -0.348364592000
1043.094970000  8.100000000 -0.340446115000
1043.120000000  8.100000000 -0.332430094000
1043.145020000  8.100000000 -0.324324578000
1043.170040000  8.100000000 -0.316137522000
1043.194950000  8.100000000 -0.307876885000
1043.219970000  8.100000000 -0.299550712000
1043.245000000  8.100000000 -0.291166961000
1043.270020000  8.100000000 -0.282734007000
1043.295040000  8.100000000 -0.274259925000
1043.319950000  8.100000000 -0.265752763000
1043.344970000  8.100000000 -0.257221043000
1043.370000000  8.100000000 -0.248672798000
1043.395020000  8.100000000 -0.240116298000
1043.420040000  8.100000000 -0.231559694000
1043.444950000  8.100000000 -0.223011330000
1043.469970000  8.100000000 -0.214479297000
1043.495000000  8.100000000 -0.205971867000
1043.520020000  8.100000000 -0.197497115000
1043.545040000  8.100000000 -0.189062893000
1043.569950000  8.100000000 -0.180677012000
1043.594970000  8.100000000 -0.172346756000
1043.620000000  8.100000000 -0.164078981000
1043.645020000  8.100000000 -0.155880272000
1043.670040000  8.100000000 -0.147756517000
1043.694950000  8.100000000 -0.139712915000
1043.719970000  8.100000000 -0.131754056000
1043.745000000  8.100000000 -0.123883739000
1043.770020000  8.100000000 -0.116104826000
1043.795040000  8.100000000 -0.108419247000
1043.819950000  8.100000000 -0.100827970000
1043.844970000  8.100000000 -0.093330897400
1043.870000000  8.100000000 -0.085927031900
1043.895020000  8.100000000 -0.078614346700
1043.920040000  8.100000000 -0.071389943400
1043.944950000  8.100000000 -0.064250014700
1043.969970000  8.100000000 -0.057189989800
1043.995000000  8.100000000 -0.050204441000
1044.020020000  8.100000000 -0.043287340600
1044.045040000  8.100000000 -0.036432109800
1044.069950000  8.100000000 -0.029631622100
1044.094970000  8.100000000 -0.022878399100
1044.120000000  8.100000000 -0.016164662300
1044.145020000  8.100000000 -0.009482485240
1044.170040000  8.100000000 -0.002823964230
1044.194950000  8.100000000 0.003818814410
1044.219970000  8.100000000 0.010453591100
1044.245000000  8.100000000 0.017087867500
1044.270020000  8.100000000 0.023728832600
1044.295040000  8.100000000 0.030383197600
1044.319950000  8.100000000 0.037057150200
1044.344970000  8.100000000 0.043756272600
1044.370000000  8.100000000 0.050485558800
1044.395020000  8.100000000 0.057249236900
1044.420040000  8.100000000 0.064050890500
1044.444950000  8.100000000 0.070893287700
1044.469970000  8.100000000 0.077778480900
1044.495000000  8.100000000 0.084707744400
1044.520020000  8.100000000 0.091681532600
1044.545040000  8.100000000 0.098699592100
1044.569950000  8.100000000 0.105760969000
1044.594970000  8.100000000 0.112863973000
1044.620000000  8.100000000 0.120006464000
1044.645020000  8.100000000 0.127185702000
1044.670040000  8.100000000 0.134398580000
1044.694950000  8.100000000 0.141641572000
1044.719970000  8.100000000 0.148910820000
1044.745000000  8.100000000 0.156202257000
1044.770020000  8.100000000 0.163511455000
1044.795040000  8.100000000 0.170834050000
1044.819950000  8.100000000 0.178165436000
1044.844970000  8.100000000 0.185501009000
1044.870000000  8.100000000 0.192836210000
1044.895020000  8.100000000 0.200166449000
1044.920040000  8.100000000 0.207487330000
1044.944950000  8.100000000 0.214794546000
1044.969970000  8.100000000 0.222083911000
1044.995000000  8.100000000 0.229351416000
1045.020020000  8.100000000 0.236593217000
1045.045040000  8.100000000 0.243805707000
1045.069950000  8.100000000 0.250985295000
1045.094970000  8.100000000 0.258128762000
1045.120000000  8.100000000 0.265232742000
1045.145020000  8.100000000 0.272294283000
1045.170040000  8.100000000 0.279310197000
1045.194950000  8.100000000 0.286277533000
1045.219970000  8.100000000 0.293192983000
1045.245000000  8.100000000 0.300053567000
1045.270020000  8.100000000 0.306855947000
1045.295040000  8.100000000 0.313596845000
1045.319950000  8.100000000 0.320273131000
1045.344970000  8.100000000 0.326881528000
1045.370000000  8.100000000 0.333418876000
1045.395020000  8.100000000 0.339882165000
1045.420040000  8.100000000 0.346268475000
1045.444950000  8.100000000 0.352574676000
1045.469970000  8.100000000 0.358798116000
1045.495000000  8.100000000 0.364935666000
1045.520020000  8.100000000 0.370984614000
1045.545040000  8.100000000 0.376941860000
1045.569950000  8.100000000 0.382804543000
1045.594970000  8.100000000 0.388569593000
1045.620000000  8.100000000 0.394233942000
1045.645020000  8.100000000 0.399794340000
1045.670040000  8.100000000 0.405247509000
1045.694950000  8.100000000 0.410590291000
1045.719970000  8.100000000 0.415819377000
1045.745000000  8.100000000 0.420931518000
1045.770020000  8.100000000 0.425923288000
1045.795040000  8.100000000 0.430791318000
1045.819950000  8.100000000 0.435532421000
1045.844970000  8.100000000 0.440143526000
1045.870000000  8.100000000 0.444621325000
1045.895020000  8.100000000 0.448963135000
1045.920040000  8.100000000 0.453165799000
1045.944950000  8.100000000 0.457226455000
1045.969970000  8.100000000 0.461142302000
1045.995000000  8.100000000 0.464910418000
1046.020020000  8.100000000 0.468528122000
1046.045040000  8.100000000 0.471992463000
1046.069950000  8.100000000 0.475300848000
1046.094970000  8.100000000 0.478450775000
1046.120000000  8.100000000 0.481439680000
1046.145020000  8.100000000 0.484265447000
1046.170040000  8.100000000 0.486925840000
1046.194950000  8.100000000 0.489418894000
1046.219970000  8.100000000 0.491742909000
1046.245000000  8.100000000 0.493896216000
1046.270020000  8.100000000 0.495877564000
1046.295040000  8.100000000 0.497685879000
1046.319950000  8.100000000 0.499320477000
1046.344970000  8.100000000 0.500780821000
1046.370000000  8.100000000 0.502066791000
1046.395020000  8.100000000 0.503179073000
1046.420040000  8.100000000 0.504117966000
1046.444950000  8.100000000 0.504885077000
1046.469970000  8.100000000 0.505481720000
1046.495000000  8.100000000 0.505909979000
1046.520020000  8.100000000 0.506172240000
1046.545040000  8.100000000 0.506271064000
1046.569950000  8.100000000 0.506209373000
1046.594970000  8.100000000 0.505990386000
1046.620000000  8.100000000 0.505617380000
1046.645020000  8.100000000 0.505093634000
1046.670040000  8.100000000 0.504422665000
1046.694950000  8.100000000 0.503607929000
1046.719970000  8.100000000 0.502653003000
1046.745000000  8.100000000 0.501561105000
1046.770020000  8.100000000 0.500335515000
1046.795040000  8.100000000 0.498979658000
1046.819950000  8.100000000 0.497496486000
1046.844970000  8.100000000 0.495889246000
1046.870000000  8.100000000 0.494161069000
1046.895020000  8.100000000 0.492314905000
1046.920040000  8.100000000 0.490353584000
1046.944950000  8.100000000 0.488279939000
1046.969970000  8.100000000 0.486096650000
1046.995000000  8.100000000 0.483805984000
1047.020020000  8.100000000 0.481410712000
1047.045040000  8.100000000 0.478913009000
1047.069950000  8.100000000 0.476315409000
1047.094970000  8.100000000 0.473620325000
1047.120000000  8.100000000 0.470830351000
1047.145020000  8.100000000 0.467948109000
1047.170040000  8.100000000 0.464976519000
1047.194950000  8.100000000 0.461918116000
1047.219970000  8.100000000 0.458776146000
1047.245000000  8.100000000 0.455553442000
1047.270020000  8.100000000 0.452253222000
1047.295040000  8.100000000 0.448878944000
1047.319950000  8.100000000 0.445434242000
1047.344970000  8.100000000 0.441922724000
1047.370000000  8.100000000 0.438348651000
1047.395020000  8.100000000 0.434716463000
1047.420040000  8.100000000 0.431030869000
1047.444950000  8.100000000 0.427297175000
1047.469970000  8.100000000 0.423521012000
1047.495000000  8.100000000 0.419708192000
1047.520020000  8.100000000 0.415865034000
1047.545040000  8.100000000 0.411998630000
1047.569950000  8.100000000 0.408115804000
1047.594970000  8.100000000 0.404224098000
1047.620000000  8.100000000 0.400331199000
1047.645020000  8.100000000 0.396445036000
1047.670040000  8.100000000 0.392573684000
1047.694950000  8.100000000 0.388725519000
1047.719970000  8.100000000 0.384908617000
1047.745000000  8.100000000 0.381131411000
1047.770020000  8.100000000 0.377402157000
1047.795040000  8.100000000 0.373728722000
1047.819950000  8.100000000 0.370119214000
1047.844970000  8.100000000 0.366581380000
1047.870000000  8.100000000 0.363122761000
1047.895020000  8.100000000 0.359750807000
1047.920040000  8.100000000 0.356472254000
1047.944950000  8.100000000 0.353293538000
1047.969970000  8.100000000 0.350220531000
1047.995000000  8.100000000 0.347258061000
1048.020020000  8.100000000 0.344410449000
1048.045040000  8.100000000 0.341680765000
1048.069950000  8.100000000 0.339071572000
1048.094970000  8.100000000 0.336584359000
1048.120000000  8.100000000 0.334219545000
1048.145020000  8.100000000 0.331976920000
1048.170040000  8.100000000 0.329855174000
1048.194950000  8.100000000 0.327852160000
1048.219970000  8.100000000 0.325964719000
1048.245000000  8.100000000 0.324188858000
1048.270020000  8.100000000 0.322519839000
1048.295040000  8.100000000 0.320951849000
1048.319950000  8.100000000 0.319478542000
1048.344970000  8.100000000 0.318092704000
1048.370000000  8.100000000 0.316786408000
1048.395020000  8.100000000 0.315550953000
1048.420040000  8.100000000 0.314377338000
1048.444950000  8.100000000 0.313255459000
1048.469970000  8.100000000 0.312175214000
1048.495000000  8.100000000 0.311125904000
1048.520020000  8.100000000 0.310096204000
1048.545040000  8.100000000 0.309074610000
1048.569950000  8.100000000 0.308049202000
1048.594970000  8.100000000 0.307007968000
1048.620000000  8.100000000 0.305938780000
1048.645020000  8.100000000 0.304829478000
1048.670040000  8.100000000 0.303668171000
1048.694950000  8.100000000 0.302443147000
1048.719970000  8.100000000 0.301142871000
1048.745000000  8.100000000 0.299756646000
1048.770020000  8.100000000 0.298273832000
1048.795040000  8.100000000 0.296684623000
1048.819950000  8.100000000 0.294980049000
1048.844970000  8.100000000 0.293151885000
1048.870000000  8.100000000 0.291192889000
1048.895020000  8.100000000 0.289096564000
1048.920040000  8.100000000 0.286857635000
1048.944950000  8.100000000 0.284471840000
1048.969970000  8.100000000 0.281936020000
1048.995000000  8.100000000 0.279247940000
1049.020020000  8.100000000 0.276406586000
1049.045040000  8.100000000 0.273411959000
1049.069950000  8.100000000 0.270264864000
1049.094970000  8.100000000 0.266967267000
1049.120000000  8.100000000 0.263521880000
1049.145020000  8.100000000 0.259932160000
1049.170040000  8.100000000 0.256202161000
1049.194950000  8.100000000 0.252336740000
1049.219970000  8.100000000 0.248340815000
1049.245000000  8.100000000 0.244219929000
1049.270020000  8.100000000 0.239979759000
1049.295040000  8.100000000 0.235626295000
1049.319950000  8.100000000 0.231165633000
1049.344970000  8.100000000 0.226604030000
1049.370000000  8.100000000 0.221947700000
1049.395020000  8.100000000 0.217202827000
1049.420040000  8.100000000 0.212375507000
1049.444950000  8.100000000 0.207471520000
1049.469970000  8.100000000 0.202496409000
1049.495000000  8.100000000 0.197455317000
1049.520020000  8.100000000 0.192352995000
1049.545040000  8.100000000 0.187193692000
1049.569950000  8.100000000 0.181981072000
1049.594970000  8.100000000 0.176718280000
1049.620000000  8.100000000 0.171407580000
1049.645020000  8.100000000 0.166050553000
1049.670040000  8.100000000 0.160647914000
1049.694950000  8.100000000 0.155199498000
1049.719970000  8.100000000 0.149704382000
1049.745000000  8.100000000 0.144160762000
1049.770020000  8.100000000 0.138566241000
1049.795040000  8.100000000 0.132917628000
1049.819950000  8.100000000 0.127211154000
1049.844970000  8.100000000 0.121442489000
1049.870000000  8.100000000 0.115606882000
1049.895020000  8.100000000 0.109699219000
1049.920040000  8.100000000 0.103714257000
1049.944950000  8.100000000 0.097646527000
1049.969970000  8.100000000 0.091490611400
1049.995000000  8.100000000 0.085241287900
1050.020020000  8.100000000 0.078893519900
1050.045040000  8.100000000 0.072442710400
1050.069950000  8.100000000 0.065884873300
1050.094970000  8.100000000 0.059216633400
1050.120000000  8.100000000 0.052435334800
1050.145020000  8.100000000 0.045539092300
1050.170040000  8.100000000 0.038526829300
1050.194950000  8.100000000 0.031398449100
1050.219970000  8.100000000 0.024154711500
1050.245000000  8.100000000 0.016797438300
1050.270020000  8.100000000 0.009329435420
1050.295040000  8.100000000 0.001754518020
1050.319950000  8.100000000 -0.005922501440
1050.344970000  8.100000000 -0.013695822100
1050.370000000  8.100000000 -0.021558722500
1050.395020000  8.100000000 -0.029503570900
1050.420040000  8.100000000 -0.037521831700
1050.444950000  8.100000000 -0.045604232700
1050.469970000  8.100000000 -0.053740695100
1050.495000000  8.100000000 -0.061920501300
1050.520020000  8.100000000 -0.070132352400
1050.545040000  8.100000000 -0.078364476600
1050.569950000  8.100000000 -0.086604744200
1050.594970000  8.100000000 -0.094840765000
1050.620000000  8.100000000 -0.103060067000
1050.645020000  8.100000000 -0.111250132000
1050.670040000  8.100000000 -0.119398586000
1050.694950000  8.100000000 -0.127493218000
1050.719970000  8.100000000 -0.135522187000
1050.745000000  8.100000000 -0.143473893000
1050.770020000  8.100000000 -0.151337266000
1050.795040000  8.100000000 -0.159101844000
1050.819950000  8.100000000 -0.166757643000
1050.844970000  8.100000000 -0.174295351000
1050.870000000  8.100000000 -0.181706518000
1050.895020000  8.100000000 -0.188983336000
1050.920040000  8.100000000 -0.196118861000
1050.944950000  8.100000000 -0.203106955000
1050.969970000  8.100000000 -0.209942415000
1050.995000000  8.100000000 -0.216620892000
1051.020020000  8.100000000 -0.223139033000
1051.045040000  8.100000000 -0.229494467000
1051.069950000  8.100000000 -0.235685691000
1051.094970000  8.100000000 -0.241712227000
1051.120000000  8.100000000 -0.247574538000
1051.145020000  8.100000000 -0.253273904000
1051.170040000  8.100000000 -0.258812666000
1051.194950000  8.100000000 -0.264193773000
1051.219970000  8.100000000 -0.269421011000
1051.245000000  8.100000000 -0.274498791000
1051.270020000  8.100000000 -0.279432088000
1051.295040000  8.100000000 -0.284226567000
1051.319950000  8.100000000 -0.288888186000
1051.344970000  8.100000000 -0.293423355000
1051.370000000  8.100000000 -0.297838748000
1051.395020000  8.100000000 -0.302141309000
1051.420040000  8.100000000 -0.306337804000
1051.444950000  8.100000000 -0.310435444000
1051.469970000  8.100000000 -0.314440936000
1051.495000000  8.100000000 -0.318361074000
1051.520020000  8.100000000 -0.322202265000
1051.545040000  8.100000000 -0.325970829000
1051.569950000  8.100000000 -0.329672784000
1051.594970000  8.100000000 -0.333313644000
1051.620000000  8.100000000 -0.336898416000
1051.645020000  8.100000000 -0.340431541000
1051.670040000  8.100000000 -0.343916744000
1051.694950000  8.100000000 -0.347357035000
1051.719970000  8.100000000 -0.350754708000
1051.745000000  8.100000000 -0.354111284000
1051.770020000  8.100000000 -0.357427299000
1051.795040000  8.100000000 -0.360702813000
1051.819950000  8.100000000 -0.363937259000
1051.844970000  8.100000000 -0.367129326000
1051.870000000  8.100000000 -0.370277077000
1051.895020000  8.100000000 -0.373378217000
1051.920040000  8.100000000 -0.376430213000
1051.944950000  8.100000000 -0.379429698000
1051.969970000  8.100000000 -0.382373929000
1051.995000000  8.100000000 -0.385259271000
1052.020020000  8.100000000 -0.388082445000
1052.045040000  8.100000000 -0.390840173000
1052.069950000  8.100000000 -0.393529117000
1052.094970000  8.100000000 -0.396146417000
1052.120000000  8.100000000 -0.398689210000
1052.145020000  8.100000000 -0.401154906000
1052.170040000  8.100000000 -0.403541774000
1052.194950000  8.100000000 -0.405847937000
1052.219970000  8.100000000 -0.408072174000
1052.245000000  8.100000000 -0.410213798000
1052.270020000  8.100000000 -0.412272304000
1052.295040000  8.100000000 -0.414247513000
1052.319950000  8.100000000 -0.416139781000
1052.344970000  8.100000000 -0.417949617000
1052.370000000  8.100000000 -0.419677734000
1052.395020000  8.100000000 -0.421324909000
1052.420040000  8.100000000 -0.422892451000
1052.444950000  8.100000000 -0.424381435000
1052.469970000  8.100000000 -0.425793022000
1052.495000000  8.100000000 -0.427128434000
1052.520020000  8.100000000 -0.428388774000
1052.545040000  8.100000000 -0.429574937000
1052.569950000  8.100000000 -0.430687934000
1052.594970000  8.100000000 -0.431728214000
1052.620000000  8.100000000 -0.432696253000
1052.645020000  8.100000000 -0.433592141000
1052.670040000  8.100000000 -0.434415847000
1052.694950000  8.100000000 -0.435166955000
1052.719970000  8.100000000 -0.435844660000
1052.745000000  8.100000000 -0.436448395000
1052.770020000  8.100000000 -0.436977148000
1052.795040000  8.100000000 -0.437429368000
1052.819950000  8.100000000 -0.437803894000
1052.844970000  8.100000000 -0.438099205000
1052.870000000  8.100000000 -0.438313603000
1052.895020000  8.100000000 -0.438445359000
1052.920040000  8.100000000 -0.438492358000
1052.944950000  8.100000000 -0.438452661000
1052.969970000  8.100000000 -0.438324034000
1052.995000000  8.100000000 -0.438104093000
1053.020020000  8.100000000 -0.437790722000
1053.045040000  8.100000000 -0.437381327000
1053.069950000  8.100000000 -0.436873436000
1053.094970000  8.100000000 -0.436264724000
1053.120000000  8.100000000 -0.435552597000
1053.145020000  8.100000000 -0.434734464000
1053.170040000  8.100000000 -0.433807939000
1053.194950000  8.100000000 -0.432770550000
1053.219970000  8.100000000 -0.431619883000
1053.245000000  8.100000000 -0.430353910000
1053.270020000  8.100000000 -0.428970546000
1053.295040000  8.100000000 -0.427468091000
1053.319950000  8.100000000 -0.425845057000
1053.344970000  8.100000000 -0.424100637000
1053.370000000  8.100000000 -0.422233909000
1053.395020000  8.100000000 -0.420244843000
1053.420040000  8.100000000 -0.418133527000
1053.444950000  8.100000000 -0.415900499000
1053.469970000  8.100000000 -0.413546741000
1053.495000000  8.100000000 -0.411073476000
1053.520020000  8.100000000 -0.408482313000
1053.545040000  8.100000000 -0.405775219000
1053.569950000  8.100000000 -0.402954191000
1053.594970000  8.100000000 -0.400021553000
1053.620000000  8.100000000 -0.396979660000
1053.645020000  8.100000000 -0.393831164000
1053.670040000  8.100000000 -0.390578687000
1053.694950000  8.100000000 -0.387224585000
1053.719970000  8.100000000 -0.383771390000
1053.745000000  8.100000000 -0.380221516000
1053.770020000  8.100000000 -0.376577139000
1053.795040000  8.100000000 -0.372840285000
1053.819950000  8.100000000 -0.369012892000
1053.844970000  8.100000000 -0.365096956000
1053.870000000  8.100000000 -0.361093879000
1053.895020000  8.100000000 -0.357005447000
1053.920040000  8.100000000 -0.352833211000
1053.944950000  8.100000000 -0.348578423000
1053.969970000  8.100000000 -0.344242692000
1053.995000000  8.100000000 -0.339827448000
1054.020020000  8.100000000 -0.335334480000
1054.045040000  8.100000000 -0.330765605000
1054.069950000  8.100000000 -0.326122940000
1054.094970000  8.100000000 -0.321409047000
1054.120000000  8.100000000 -0.316626549000
1054.145020000  8.100000000 -0.311778396000
1054.170040000  8.100000000 -0.306868106000
1054.194950000  8.100000000 -0.301899076000
1054.219970000  8.100000000 -0.296875387000
1054.245000000  8.100000000 -0.291801006000
1054.270020000  8.100000000 -0.286680251000
1054.295040000  8.100000000 -0.281517357000
1054.319950000  8.100000000 -0.276316971000
1054.344970000  8.100000000 -0.271083683000
1054.370000000  8.100000000 -0.265822142000
1054.395020000  8.100000000 -0.260537297000
1054.420040000  8.100000000 -0.255233914000
1054.444950000  8.100000000 -0.249917105000
1054.469970000  8.100000000 -0.244591966000
1054.495000000  8.100000000 -0.239263505000
1054.520020000  8.100000000 -0.233937189000
1054.545040000  8.100000000 -0.228618175000
1054.569950000  8.100000000 -0.223311946000
1054.594970000  8.100000000 -0.218024030000
1054.620000000  8.100000000 -0.212759882000
1054.645020000  8.100000000 -0.207525283000
1054.670040000  8.100000000 -0.202325746000
1054.694950000  8.100000000 -0.197167039000
1054.719970000  8.100000000 -0.192054823000
1054.745000000  8.100000000 -0.186994642000
1054.770020000  8.100000000 -0.181992009000
1054.795040000  8.100000000 -0.177052096000
1054.819950000  8.100000000 -0.172179922000
1054.844970000  8.100000000 -0.167380303000
1054.870000000  8.100000000 -0.162657663000
1054.895020000  8.100000000 -0.158016086000
1054.920040000  8.100000000 -0.153459400000
1054.944950000  8.100000000 -0.148991019000
1054.969970000  8.100000000 -0.144613996000
1054.995000000  8.100000000 -0.140331045000
1055.020020000  8.100000000 -0.136144459000
1055.045040000  8.100000000 -0.132056281000
1055.069950000  8.100000000 -0.128068283000
1055.094970000  8.100000000 -0.124181844000
1055.120000000  8.100000000 -0.120398186000
1055.145020000  8.100000000 -0.116718225000
1055.170040000  8.100000000 -0.113142662000
1055.194950000  8.100000000 -0.109671965000
1055.219970000  8.100000000 -0.106306344000
1055.245000000  8.100000000 -0.103045814000
1055.270020000  8.100000000 -0.099890209700
1055.295040000  8.100000000 -0.096839055400
1055.319950000  8.100000000 -0.093891777100
1055.344970000  8.100000000 -0.091047585000
1055.370000000  8.100000000 -0.088305555300
1055.395020000  8.100000000 -0.085664503300
1055.420040000  8.100000000 -0.083123147500
1055.444950000  8.100000000 -0.080679968000
1055.469970000  8.100000000 -0.078333452300
1055.495000000  8.100000000 -0.076081946500
1055.520020000  8.100000000 -0.073923774100
1055.545040000  8.100000000 -0.071857295900
1055.569950000  8.100000000 -0.069880880400
1055.594970000  8.100000000 -0.067992940500
1055.620000000  8.100000000 -0.066191963900
1055.645020000  8.100000000 -0.064476631600
1055.670040000  8.100000000 -0.062845639900
1055.694950000  8.100000000 -0.061297789200
1055.719970000  8.100000000 -0.059832017900
1055.745000000  8.100000000 -0.058447327500
1055.770020000  8.100000000 -0.057142764300
1055.795040000  8.100000000 -0.055917393400
1055.819950000  8.100000000 -0.054770223800
1055.844970000  8.100000000 -0.053700160200
1055.870000000  8.100000000 -0.052706081400
1055.895020000  8.100000000 -0.051786545700
1055.920040000  8.100000000 -0.050940003200
1055.944950000  8.100000000 -0.050164680900
1055.969970000  8.100000000 -0.049458578200
1055.995000000  8.100000000 -0.048819433900
1056.020020000  8.100000000 -0.048244867500
1056.045040000  8.100000000 -0.047732226600
1056.069950000  8.100000000 -0.047278765600
1056.094970000  8.100000000 -0.046881645900
1056.120000000  8.100000000 -0.046537917100
1056.145020000  8.100000000 -0.046244576600
1056.170040000  8.100000000 -0.045998618000
1056.194950000  8.100000000 -0.045796893500
1056.219970000  8.100000000 -0.045636214300
1056.245000000  8.100000000 -0.045513238800
1056.270020000  8.100000000 -0.045424614100
1056.295040000  8.100000000 -0.045366928000
1056.319950000  8.100000000 -0.045336768000
1056.344970000  8.100000000 -0.045330669700
1056.370000000  8.100000000 -0.045345261700
1056.395020000  8.100000000 -0.045377098000
1056.420040000  8.100000000 -0.045422803600
1056.444950000  8.100000000 -0.045479040600
1056.469970000  8.100000000 -0.045542441300
1056.495000000  8.100000000 -0.045609671600
1056.520020000  8.100000000 -0.045677326600
1056.545040000  8.100000000 -0.045742053500
1056.569950000  8.100000000 -0.045800417700
1056.594970000  8.100000000 -0.045848887400
1056.620000000  8.100000000 -0.045883897700
1056.645020000  8.100000000 -0.045901618900
1056.670040000  8.100000000 -0.045898173000
1056.694950000  8.100000000 -0.045869384000
1056.719970000  8.100000000 -0.045810937900
1056.745000000  8.100000000 -0.045718286200
1056.770020000  8.100000000 -0.045586653100
1056.795040000  8.100000000 -0.045411024200
1056.819950000  8.100000000 -0.045186128500
1056.844970000  8.100000000 -0.044906552900
1056.870000000  8.100000000 -0.044566694600
1056.895020000  8.100000000 -0.044160828000
1056.920040000  8.100000000 -0.043683201100
1056.944950000  8.100000000 -0.043128024800
1056.969970000  8.100000000 -0.042489565900
1056.995000000  8.100000000 -0.041762135900
1057.020020000  8.100000000 -0.040940176700
1057.045040000  8.100000000 -0.040018234400
1057.069950000  8.100000000 -0.038991071300
1057.094970000  8.100000000 -0.037853587400
1057.120000000  8.100000000 -0.036600917600
1057.145020000  8.100000000 -0.035228367900
1057.170040000  8.100000000 -0.033731527600
1057.194950000  8.100000000 -0.032106168600
1057.219970000  8.100000000 -0.030348336300
1057.245000000  8.100000000 -0.028454298200
1057.270020000  8.100000000 -0.026420593300
1057.295040000  8.100000000 -0.024243893100
1057.319950000  8.100000000 -0.021921170900
1057.344970000  8.100000000 -0.019449593500
1057.370000000  8.100000000 -0.016826581200
1057.395020000  8.100000000 -0.014049829900
1057.420040000  8.100000000 -0.011117344700
1057.444950000  8.100000000 -0.008027488370
1057.469970000  8.100000000 -0.004778980740
1057.495000000  8.100000000 -0.001370907990
1057.520020000  8.100000000 0.002197277270
1057.545040000  8.100000000 0.005925773180
1057.569950000  8.100000000 0.009814371350
1057.594970000  8.100000000 0.013862516700
1057.620000000  8.100000000 0.018069258000
1057.645020000  8.100000000 0.022433295800
1057.670040000  8.100000000 0.026952985700
1057.694950000  8.100000000 0.031626381000
1057.719970000  8.100000000 0.036451283800
1057.745000000  8.100000000 0.041425202000
1057.770020000  8.100000000 0.046545442200
1057.795040000  8.100000000 0.051809091100
1057.819950000  8.100000000 0.057212945100
1057.844970000  8.100000000 0.062753602900
1057.870000000  8.100000000 0.068427383900
1057.895020000  8.100000000 0.074230298400
1057.920040000  8.100000000 0.080158107000
1057.944950000  8.100000000 0.086206302000
1057.969970000  8.100000000 0.092370100300
1057.995000000  8.100000000 0.098644301300
1058.020020000  8.100000000 0.105023451000
1058.045040000  8.100000000 0.111501649000
1058.069950000  8.100000000 0.118072495000
1058.094970000  8.100000000 0.124729156000
1058.120000000  8.100000000 0.131464273000
1058.145020000  8.100000000 0.138269916000
1058.170040000  8.100000000 0.145137638000
1058.194950000  8.100000000 0.152058244000
1058.219970000  8.100000000 0.159022167000
1058.245000000  8.100000000 0.166019052000
1058.270020000  8.100000000 0.173038065000
1058.295040000  8.100000000 0.180067748000
1058.319950000  8.100000000 0.187096283000
1058.344970000  8.100000000 0.194111079000
1058.370000000  8.100000000 0.201099619000
1058.395020000  8.100000000 0.208048642000
1058.420040000  8.100000000 0.214944765000
1058.444950000  8.100000000 0.221774399000
1058.469970000  8.100000000 0.228523999000
1058.495000000  8.100000000 0.235179737000
1058.520020000  8.100000000 0.241727948000
1058.545040000  8.100000000 0.248154908000
1058.569950000  8.100000000 0.254446864000
1058.594970000  8.100000000 0.260590345000
1058.620000000  8.100000000 0.266571969000
1058.645020000  8.100000000 0.272378653000
1058.670040000  8.100000000 0.277997553000
1058.694950000  8.100000000 0.283416569000
1058.719970000  8.100000000 0.288623691000
1058.745000000  8.100000000 0.293607831000
1058.770020000  8.100000000 0.298358619000
1058.795040000  8.100000000 0.302866042000
1058.819950000  8.100000000 0.307121396000
1058.844970000  8.100000000 0.311116397000
1058.870000000  8.100000000 0.314843774000
1058.895020000  8.100000000 0.318297118000
1058.920040000  8.100000000 0.321470976000
1058.944950000  8.100000000 0.324360877000
1058.969970000  8.100000000 0.326963693000
1058.995000000  8.100000000 0.329277307000
1059.020020000  8.100000000 0.331300676000
1059.045040000  8.100000000 0.333034009000
1059.069950000  8.100000000 0.334478527000
1059.094970000  8.100000000 0.335636735000
1059.120000000  8.100000000 0.336511731000
1059.145020000  8.100000000 0.337108344000
1059.170040000  8.100000000 0.337431639000
1059.194950000  8.100000000 0.337488294000
1059.219970000  8.100000000 0.337285489000
1059.245000000  8.100000000 0.336831540000
1059.270020000  8.100000000 0.336135238000
1059.295040000  8.100000000 0.335206479000
1059.319950000  8.100000000 0.334055543000
1059.344970000  8.100000000 0.332693249000
1059.370000000  8.100000000 0.331131041000
1059.395020000  8.100000000 0.329380453000
1059.420040000  8.100000000 0.327453285000
1059.444950000  8.100000000 0.325361371000
1059.469970000  8.100000000 0.323116541000
1059.495000000  8.100000000 0.320730507000
1059.520020000  8.100000000 0.318214655000
1059.545040000  8.100000000 0.315579921000
1059.569950000  8.100000000 0.312837034000
1059.594970000  8.100000000 0.309996337000
1059.620000000  8.100000000 0.307067841000
1059.645020000  8.100000000 0.304061145000
1059.670040000  8.100000000 0.300985664000
1059.694950000  8.100000000 0.297850370000
1059.719970000  8.100000000 0.294664145000
1059.745000000  8.100000000 0.291435510000
1059.770020000  8.100000000 0.288172781000
1059.795040000  8.100000000 0.284883887000
1059.819950000  8.100000000 0.281576723000
1059.844970000  8.100000000 0.278258324000
1059.870000000  8.100000000 0.274935842000
1059.895020000  8.100000000 0.271615863000
1059.920040000  8.100000000 0.268304586000
1059.944950000  8.100000000 0.265007883000
1059.969970000  8.100000000 0.261731178000
1059.995000000  8.100000000 0.258479565000
1060.020020000  8.100000000 0.255257845000
1060.045040000  8.100000000 0.252070367000
1060.069950000  8.100000000 0.248920977000
1060.094970000  8.100000000 0.245813489000
1060.120000000  8.100000000 0.242751017000
1060.145020000  8.100000000 0.239736557000
1060.170040000  8.100000000 0.236772493000
1060.194950000  8.100000000 0.233861178000
1060.219970000  8.100000000 0.231004417000
1060.245000000  8.100000000 0.228203893000
1060.270020000  8.100000000 0.225460678000
1060.295040000  8.100000000 0.222775847000
1060.319950000  8.100000000 0.220150113000
1060.344970000  8.100000000 0.217583701000
1060.370000000  8.100000000 0.215076596000
1060.395020000  8.100000000 0.212628528000
1060.420040000  8.100000000 0.210238785000
1060.444950000  8.100000000 0.207906246000
1060.469970000  8.100000000 0.205629423000
1060.495000000  8.100000000 0.203406513000
1060.520020000  8.100000000 0.201235458000
1060.545040000  8.100000000 0.199113846000
1060.569950000  8.100000000 0.197039187000
1060.594970000  8.100000000 0.195008799000
1060.620000000  8.100000000 0.193019986000
1060.645020000  8.100000000 0.191070288000
1060.670040000  8.100000000 0.189157099000
1060.694950000  8.100000000 0.187278181000
1060.719970000  8.100000000 0.185431585000
1060.745000000  8.100000000 0.183615610000
1060.770020000  8.100000000 0.181828856000
1060.795040000  8.100000000 0.180070326000
1060.819950000  8.100000000 0.178339258000
1060.844970000  8.100000000 0.176635042000
1060.870000000  8.100000000 0.174957573000
1060.895020000  8.100000000 0.173306838000
1060.920040000  8.100000000 0.171683133000
1060.944950000  8.100000000 0.170086965000
1060.969970000  8.100000000 0.168519080000
1060.995000000  8.100000000 0.166980401000
1061.020020000  8.100000000 0.165471867000
1061.045040000  8.100000000 0.163994730000
1061.069950000  8.100000000 0.162550002000
1061.094970000  8.100000000 0.161138862000
1061.120000000  8.100000000 0.159762308000
1061.145020000  8.100000000 0.158421248000
1061.170040000  8.100000000 0.157116517000
1061.194950000  8.100000000 0.155848712000
1061.219970000  8.100000000 0.154618233000
1061.245000000  8.100000000 0.153425276000
1061.270020000  8.100000000 0.152269974000
1061.295040000  8.100000000 0.151152074000
1061.319950000  8.100000000 0.150071278000
1061.344970000  8.100000000 0.149026901000
1061.370000000  8.100000000 0.148018226000
1061.395020000  8.100000000 0.147044256000
1061.420040000  8.100000000 0.146104023000
1061.444950000  8.100000000 0.145196274000
1061.469970000  8.100000000 0.144319579000
1061.495000000  8.100000000 0.143472522000
1061.520020000  8.100000000 0.142653376000
1061.545040000  8.100000000 0.141860336000
1061.569950000  8.100000000 0.141091302000
1061.594970000  8.100000000 0.140344024000
1061.620000000  8.100000000 0.139616027000
1061.645020000  8.100000000 0.138904676000
1061.670040000  8.100000000 0.138207108000
1061.694950000  8.100000000 0.137520358000
1061.719970000  8.100000000 0.136841342000
1061.745000000  8.100000000 0.136166781000
1061.770020000  8.100000000 0.135493293000
1061.795040000  8.100000000 0.134817302000
1061.819950000  8.100000000 0.134135202000
1061.844970000  8.100000000 0.133443043000
1061.870000000  8.100000000 0.132736981000
1061.895020000  8.100000000 0.132012889000
1061.920040000  8.100000000 0.131266683000
1061.944950000  8.100000000 0.130494133000
1061.969970000  8.100000000 0.129690975000
1061.995000000  8.100000000 0.128852949000
1062.020020000  8.100000000 0.127975896000
1062.045040000  8.100000000 0.127055660000
1062.069950000  8.100000000 0.126088172000
1062.094970000  8.100000000 0.125069499000
1062.120000000  8.100000000 0.123995826000
1062.145020000  8.100000000 0.122863457000
1062.170040000  8.100000000 0.121668927000
1062.194950000  8.100000000 0.120408989000
1062.219970000  8.100000000 0.119080685000
1062.245000000  8.100000000 0.117681421000
1062.270020000  8.100000000 0.116208993000
1062.295040000  8.100000000 0.114661656000
1062.319950000  8.100000000 0.113038115000
1062.344970000  8.100000000 0.111337639000
1062.370000000  8.100000000 0.109560035000
1062.395020000  8.100000000 0.107705623000
1062.420040000  8.100000000 0.105775207000
1062.444950000  8.100000000 0.103770211000
1062.469970000  8.100000000 0.101692408000
1062.495000000  8.100000000 0.099544122800
1062.520020000  8.100000000 0.097327977400
1062.545040000  8.100000000 0.095046959800
1062.569950000  8.100000000 0.092704281200
1062.594970000  8.100000000 0.090303465700
1062.620000000  8.100000000 0.087848134300
1062.645020000  8.100000000 0.085341997400
1062.670040000  8.100000000 0.082788907000
1062.694950000  8.100000000 0.080192618100
1062.719970000  8.100000000 0.077556908100
1062.745000000  8.100000000 0.074885495000
1062.770020000  8.100000000 0.072182014600
1062.795040000  8.100000000 0.069450058000
1062.819950000  8.100000000 0.066693060100
1062.844970000  8.100000000 0.063914388400
1062.870000000  8.100000000 0.061117243000
1062.895020000  8.100000000 0.058304745700
1062.920040000  8.100000000 0.055479880400
1062.944950000  8.100000000 0.052645459800
1062.969970000  8.100000000 0.049804188300
1062.995000000  8.100000000 0.046958565700
1063.020020000  8.100000000 0.044110976200
1063.045040000  8.100000000 0.041263684600
1063.069950000  8.100000000 0.038418825700
1063.094970000  8.100000000 0.035578481900
1063.120000000  8.100000000 0.032744638600
1063.145020000  8.100000000 0.029919317000
1063.170040000  8.100000000 0.027104465300
1063.194950000  8.100000000 0.024302098900
1063.219970000  8.100000000 0.021514179200
1063.245000000  8.100000000 0.018742729000
1063.270020000  8.100000000 0.015989758100
1063.295040000  8.100000000 0.013257249300
1063.319950000  8.100000000 0.010547175100
1063.344970000  8.100000000 0.007861433550
1063.370000000  8.100000000 0.005201866850
1063.395020000  8.100000000 0.002570234470
1063.420040000  8.100000000 -0.000031815904
1063.444950000  8.100000000 -0.002602750900
1063.469970000  8.100000000 -0.005141210280
1063.495000000  8.100000000 -0.007645993490
1063.520020000  8.100000000 -0.010116126400
1063.545040000  8.100000000 -0.012550799200
1063.569950000  8.100000000 -0.014949446500
1063.594970000  8.100000000 -0.017311746300
1063.620000000  8.100000000 -0.019637538100
1063.645020000  8.100000000 -0.021926963700
1063.670040000  8.100000000 -0.024180358300
1063.694950000  8.100000000 -0.026398321600
1063.719970000  8.100000000 -0.028581760800
1063.745000000  8.100000000 -0.030731856800
1063.770020000  8.100000000 -0.032850094100
1063.795040000  8.100000000 -0.034938205000
1063.819950000  8.100000000 -0.036998219800
1063.844970000  8.100000000 -0.039032347500
1063.870000000  8.100000000 -0.041043050600
1063.895020000  8.100000000 -0.043032981500
1063.920040000  8.100000000 -0.045004982500
1063.944950000  8.100000000 -0.046962101000
1063.969970000  8.100000000 -0.048907671100
1063.995000000  8.100000000 -0.050845112700
1064.020020000  8.100000000 -0.052778132300
1064.045040000  8.100000000 -0.054710507400
1064.069950000  8.100000000 -0.056646190600
1064.094970000  8.100000000 -0.058589115700
1064.120000000  8.100000000 -0.060543227900
1064.145020000  8.100000000 -0.062512405200
1064.170040000  8.100000000 -0.064500398900
1064.194950000  8.100000000 -0.066510759300
1064.219970000  8.100000000 -0.068546772000
1064.245000000  8.100000000 -0.070611506700
1064.270020000  8.100000000 -0.072707697700
1064.295040000  8.100000000 -0.074837811300
1064.319950000  8.100000000 -0.077003851500
1064.344970000  8.100000000 -0.079207532100
1064.370000000  8.100000000 -0.081450112200
1064.395020000  8.100000000 -0.083732418700
1064.420040000  8.100000000 -0.086054973300
1064.444950000  8.100000000 -0.088417671600
1064.469970000  8.100000000 -0.090820089000
1064.495000000  8.100000000 -0.093261309000
1064.520020000  8.100000000 -0.095739945800
1064.545040000  8.100000000 -0.098254241000
1064.569950000  8.100000000 -0.100801997000
1064.594970000  8.100000000 -0.103380494000
1064.620000000  8.100000000 -0.105986848000
1064.645020000  8.100000000 -0.108617641000
1064.670040000  8.100000000 -0.111269243000
1064.694950000  8.100000000 -0.113937698000
1064.719970000  8.100000000 -0.116618805000
1064.745000000  8.100000000 -0.119308189000
1064.770020000  8.100000000 -0.122001141000
1064.795040000  8.100000000 -0.124693021000
1064.819950000  8.100000000 -0.127378911000
1064.844970000  8.100000000 -0.130053982000
1064.870000000  8.100000000 -0.132713422000
1064.895020000  8.100000000 -0.135352477000
1064.920040000  8.100000000 -0.137966529000
1064.944950000  8.100000000 -0.140551135000
1064.969970000  8.100000000 -0.143102109000
1064.995000000  8.100000000 -0.145615533000
1065.020020000  8.100000000 -0.148087919000
1065.045040000  8.100000000 -0.150515854000
1065.069950000  8.100000000 -0.152896613000
1065.094970000  8.100000000 -0.155227527000
1065.120000000  8.100000000 -0.157506496000
1065.145020000  8.100000000 -0.159731477000
1065.170040000  8.100000000 -0.161900967000
1065.194950000  8.100000000 -0.164013565000
1065.219970000  8.100000000 -0.166068152000
1065.245000000  8.100000000 -0.168063834000
1065.270020000  8.100000000 -0.170000032000
1065.295040000  8.100000000 -0.171876252000
1065.319950000  8.100000000 -0.173692256000
1065.344970000  8.100000000 -0.175448000000
1065.370000000  8.100000000 -0.177143618000
1065.395020000  8.100000000 -0.178779379000
1065.420040000  8.100000000 -0.180355623000
1065.444950000  8.100000000 -0.181872755000
1065.469970000  8.100000000 -0.183331430000
1065.495000000  8.100000000 -0.184732184000
1065.520020000  8.100000000 -0.186075553000
1065.545040000  8.100000000 -0.187362134000
1065.569950000  8.100000000 -0.188592479000
1065.594970000  8.100000000 -0.189767137000
1065.620000000  8.100000000 -0.190886483000
1065.645020000  8.100000000 -0.191950977000
1065.670040000  8.100000000 -0.192961037000
1065.694950000  8.100000000 -0.193916976000
1065.719970000  8.100000000 -0.194819063000
1065.745000000  8.100000000 -0.195667580000
1065.770020000  8.100000000 -0.196462721000
1065.795040000  8.100000000 -0.197204798000
1065.819950000  8.100000000 -0.197894052000
1065.844970000  8.100000000 -0.198530480000
1065.870000000  8.100000000 -0.199114338000
1065.895020000  8.100000000 -0.199645862000
1065.920040000  8.100000000 -0.200124994000
1065.944950000  8.100000000 -0.200551927000
1065.969970000  8.100000000 -0.200926527000
1065.995000000  8.100000000 -0.201248676000
1066.020020000  8.100000000 -0.201517999000
1066.045040000  8.100000000 -0.201733947000
1066.069950000  8.100000000 -0.201895699000
1066.094970000  8.100000000 -0.202002242000
1066.120000000  8.100000000 -0.202052444000
1066.145020000  8.100000000 -0.202044547000
1066.170040000  8.100000000 -0.201977074000
1066.194950000  8.100000000 -0.201848045000
1066.219970000  8.100000000 -0.201655552000
1066.245000000  8.100000000 -0.201397449000
1066.270020000  8.100000000 -0.201071739000
1066.295040000  8.100000000 -0.200676233000
1066.319950000  8.100000000 -0.200209066000
1066.344970000  8.100000000 -0.199668422000
1066.370000000  8.100000000 -0.199052781000
1066.395020000  8.100000000 -0.198360920000
1066.420040000  8.100000000 -0.197591931000
1066.444950000  8.100000000 -0.196745202000
1066.469970000  8.100000000 -0.195820719000
1066.495000000  8.100000000 -0.194818825000
1066.520020000  8.100000000 -0.193740085000
1066.545040000  8.100000000 -0.192585796000
1066.569950000  8.100000000 -0.191357508000
1066.594970000  8.100000000 -0.190057248000
1066.620000000  8.100000000 -0.188687369000
1066.645020000  8.100000000 -0.187250674000
1066.670040000  8.100000000 -0.185750172000
1066.694950000  8.100000000 -0.184189379000
1066.719970000  8.100000000 -0.182571992000
1066.745000000  8.100000000 -0.180901974000
1066.770020000  8.100000000 -0.179183558000
1066.795040000  8.100000000 -0.177421212000
1066.819950000  8.100000000 -0.175619557000
1066.844970000  8.100000000 -0.173783407000
1066.870000000  8.100000000 -0.171917707000
1066.895020000  8.100000000 -0.170027345000
1066.920040000  8.100000000 -0.168117389000
1066.944950000  8.100000000 -0.166192681000
1066.969970000  8.100000000 -0.164258301000
1066.995000000  8.100000000 -0.162319094000
1067.020020000  8.100000000 -0.160379872000
1067.045040000  8.100000000 -0.158445373000
1067.069950000  8.100000000 -0.156520024000
1067.094970000  8.100000000 -0.154608265000
1067.120000000  8.100000000 -0.152714059000
1067.145020000  8.100000000 -0.150841147000
1067.170040000  8.100000000 -0.148993015000
1067.194950000  8.100000000 -0.147172511000
1067.219970000  8.100000000 -0.145382255000
1067.245000000  8.100000000 -0.143624261000
1067.270020000  8.100000000 -0.141900092000
1067.295040000  8.100000000 -0.140210792000
1067.319950000  8.100000000 -0.138557076000
1067.344970000  8.100000000 -0.136939004000
1067.370000000  8.100000000 -0.135356262000
1067.395020000  8.100000000 -0.133808121000
1067.420040000  8.100000000 -0.132293358000
1067.444950000  8.100000000 -0.130810425000
1067.469970000  8.100000000 -0.129357412000
1067.495000000  8.100000000 -0.127931997000
1067.520020000  8.100000000 -0.126531720000
1067.545040000  8.100000000 -0.125153795000
1067.569950000  8.100000000 -0.123795286000
1067.594970000  8.100000000 -0.122453153000
1067.620000000  8.100000000 -0.121124290000
1067.645020000  8.100000000 -0.119805612000
1067.670040000  8.100000000 -0.118494138000
1067.694950000  8.100000000 -0.117187031000
1067.719970000  8.100000000 -0.115881748000
1067.745000000  8.100000000 -0.114576027000
1067.770020000  8.100000000 -0.113267884000
1067.795040000  8.100000000 -0.111955799000
1067.819950000  8.100000000 -0.110638626000
1067.844970000  8.100000000 -0.109315604000
1067.870000000  8.100000000 -0.107986398000
1067.895020000  8.100000000 -0.106651038000
1067.920040000  8.100000000 -0.105309963000
1067.944950000  8.100000000 -0.103963889000
1067.969970000  8.100000000 -0.102613881000
1067.995000000  8.100000000 -0.101261176000
1068.020020000  8.100000000 -0.099907331200
1068.045040000  8.100000000 -0.098553970500
1068.069950000  8.100000000 -0.097202919400
1068.094970000  8.100000000 -0.095856040700
1068.120000000  8.100000000 -0.094515226800
1068.145020000  8.100000000 -0.093182414800
1068.170040000  8.100000000 -0.091859482200
1068.194950000  8.100000000 -0.090548224700
1068.219970000  8.100000000 -0.089250363400
1068.245000000  8.100000000 -0.087967552200
1068.270020000  8.100000000 -0.086701184500
1068.295040000  8.100000000 -0.085452511900
1068.319950000  8.100000000 -0.084222622200
1068.344970000  8.100000000 -0.083012357400
1068.370000000  8.100000000 -0.081822358100
1068.395020000  8.100000000 -0.080653116100
1068.420040000  8.100000000 -0.079504862400
1068.444950000  8.100000000 -0.078377701300
1068.469970000  8.100000000 -0.077271513600
1068.495000000  8.100000000 -0.076186142900
1068.520020000  8.100000000 -0.075121156900
1068.545040000  8.100000000 -0.074076041600
1068.569950000  8.100000000 -0.073050081700
1068.594970000  8.100000000 -0.072042502500
1068.620000000  8.100000000 -0.071052275600
1068.645020000  8.100000000 -0.070078328300
1068.670040000  8.100000000 -0.069119356600
1068.694950000  8.100000000 -0.068173922600
1068.719970000  8.100000000 -0.067240521300
1068.745000000  8.100000000 -0.066317491200
1068.770020000  8.100000000 -0.065403059100
1068.795040000  8.100000000 -0.064495511400
1068.819950000  8.100000000 -0.063593022500
1068.844970000  8.100000000 -0.062693812000
1068.870000000  8.100000000 -0.061796080300
1068.895020000  8.100000000 -0.060898136300
1068.920040000  8.100000000 -0.059998273800
1068.944950000  8.100000000 -0.059094898400
1068.969970000  8.100000000 -0.058186467700
1068.995000000  8.100000000 -0.057271573700
1069.020020000  8.100000000 -0.056348882600
1069.045040000  8.100000000 -0.055417198700
1069.069950000  8.100000000 -0.054475456500
1069.094970000  8.100000000 -0.053522687400
1069.120000000  8.100000000 -0.052558098000
1069.145020000  8.100000000 -0.051580935700
1069.170040000  8.100000000 -0.050590585900
1069.194950000  8.100000000 -0.049586456300
1069.219970000  8.100000000 -0.048568040100
1069.245000000  8.100000000 -0.047534830900
1069.270020000  8.100000000 -0.046486295800
1069.295040000  8.100000000 -0.045421950500
1069.319950000  8.100000000 -0.044341288500
1069.344970000  8.100000000 -0.043243769600
1069.370000000  8.100000000 -0.042128879600
1069.395020000  8.100000000 -0.040996030000
1069.420040000  8.100000000 -0.039844643300
1069.444950000  8.100000000 -0.038674093800
1069.469970000  8.100000000 -0.037483748000
1069.495000000  8.100000000 -0.036272957900
1069.520020000  8.100000000 -0.035041015600
1069.545040000  8.100000000 -0.033787235600
1069.569950000  8.100000000 -0.032510880400
1069.594970000  8.100000000 -0.031211188100
1069.620000000  8.100000000 -0.029887396800
1069.645020000  8.100000000 -0.028538735600
1069.670040000  8.100000000 -0.027164416400
1069.694950000  8.100000000 -0.025763675600
1069.719970000  8.100000000 -0.024335717800
1069.745000000  8.100000000 -0.022879760700
1069.770020000  8.100000000 -0.021395038800
1069.795040000  8.100000000 -0.019880805200
1069.819950000  8.100000000 -0.018336366900
1069.844970000  8.100000000 -0.016761092500
1069.870000000  8.100000000 -0.015154434400
1069.895020000  8.100000000 -0.013515951100
1069.920040000  8.100000000 -0.011845312100
1069.944950000  8.100000000 -0.010142286300
1069.969970000  8.100000000 -0.008406752720
1069.995000000  8.100000000 -0.006638719230
1070.020020000  8.100000000 -0.004838297610
1070.045040000  8.100000000 -0.003005729520
1070.069950000  8.100000000 -0.001141393670
1070.094970000  8.100000000 0.000754212728
1070.120000000  8.100000000 0.002680444860
1070.145020000  8.100000000 0.004636544730
1070.170040000  8.100000000 0.006621639710
1070.194950000  8.100000000 0.008634720930
1070.219970000  8.100000000 0.010674690800
1070.245000000  8.100000000 0.012740315900
1070.270020000  8.100000000 0.014830269900
1070.295040000  8.100000000 0.016943117600
1070.319950000  8.100000000 0.019077377400
1070.344970000  8.100000000 0.021231431500
1070.370000000  8.100000000 0.023403603600
1070.395020000  8.100000000 0.025592146400
1070.420040000  8.100000000 0.027795171400
1070.444950000  8.100000000 0.030010769100
1070.469970000  8.100000000 0.032236948600
1070.495000000  8.100000000 0.034471623600
1070.520020000  8.100000000 0.036712732200
1070.545040000  8.100000000 0.038958113600
1070.569950000  8.100000000 0.041205674400
1070.594970000  8.100000000 0.043453279900
1070.620000000  8.100000000 0.045698825300
1070.645020000  8.100000000 0.047940231900
1070.670040000  8.100000000 0.050175439600
1070.694950000  8.100000000 0.052402488900
1070.719970000  8.100000000 0.054619386800
1070.745000000  8.100000000 0.056824233400
1070.770020000  8.100000000 0.059015169700
1070.795040000  8.100000000 0.061190329500
1070.819950000  8.100000000 0.063347861200
1070.844970000  8.100000000 0.065485946800
1070.870000000  8.100000000 0.067602738700
1070.895020000  8.100000000 0.069696396600
1070.920040000  8.100000000 0.071765072600
1070.944950000  8.100000000 0.073806799900
1070.969970000  8.100000000 0.075819730800
1070.995000000  8.100000000 0.077801950300
1071.020020000  8.100000000 0.079751536300
1071.045040000  8.100000000 0.081666655800
1071.069950000  8.100000000 0.083545491100
1071.094970000  8.100000000 0.085386373100
1071.120000000  8.100000000 0.087187700000
1071.145020000  8.100000000 0.088948018800
1071.170040000  8.100000000 0.090666048200
1071.194950000  8.100000000 0.092340700300
1071.219970000  8.100000000 0.093971066200
1071.245000000  8.100000000 0.095556467800
1071.270020000  8.100000000 0.097096413400
1071.295040000  8.100000000 0.098590575200
1071.319950000  8.100000000 0.100038834000
1071.344970000  8.100000000 0.101441190000
1071.370000000  8.100000000 0.102797836000
1071.395020000  8.100000000 0.104108959000
1071.420040000  8.100000000 0.105374873000
1071.444950000  8.100000000 0.106595904000
1071.469970000  8.100000000 0.107772380000
1071.495000000  8.100000000 0.108904682000
1071.520020000  8.100000000 0.109993137000
1071.545040000  8.100000000 0.111038156000
1071.569950000  8.100000000 0.112040110000
1071.594970000  8.100000000 0.112999372000
1071.620000000  8.100000000 0.113916360000
1071.645020000  8.100000000 0.114791490000
1071.670040000  8.100000000 0.115625158000
1071.694950000  8.100000000 0.116417877000
1071.719970000  8.100000000 0.117170073000
1071.745000000  8.100000000 0.117882192000
1071.770020000  8.100000000 0.118554726000
1071.795040000  8.100000000 0.119188085000
1071.819950000  8.100000000 0.119782664000
1071.844970000  8.100000000 0.120338820000
1071.870000000  8.100000000 0.120856740000
1071.895020000  8.100000000 0.121336572000
1071.920040000  8.100000000 0.121778414000
1071.944950000  8.100000000 0.122182243000
1071.969970000  8.100000000 0.122548044000
1071.995000000  8.100000000 0.122875646000
1072.020020000  8.100000000 0.123164922000
1072.045040000  8.100000000 0.123415709000
1072.069950000  8.100000000 0.123627760000
1072.094970000  8.100000000 0.123800859000
1072.120000000  8.100000000 0.123934820000
1072.145020000  8.100000000 0.124029353000
1072.170040000  8.100000000 0.124084286000
1072.194950000  8.100000000 0.124099508000
1072.219970000  8.100000000 0.124074891000
1072.245000000  8.100000000 0.124010466000
1072.270020000  8.100000000 0.123906367000
1072.295040000  8.100000000 0.123762742000
1072.319950000  8.100000000 0.123580024000
1072.344970000  8.100000000 0.123358630000
1072.370000000  8.100000000 0.123099253000
1072.395020000  8.100000000 0.122802652000
1072.420040000  8.100000000 0.122469828000
1072.444950000  8.100000000 0.122101933000
1072.469970000  8.100000000 0.121700220000
1072.495000000  8.100000000 0.121266074000
1072.520020000  8.100000000 0.120801076000
1072.545040000  8.100000000 0.120306857000
1072.569950000  8.100000000 0.119785033000
1072.594970000  8.100000000 0.119237430000
1072.620000000  8.100000000 0.118665785000
1072.645020000  8.100000000 0.118071854000
1072.670040000  8.100000000 0.117457412000
1072.694950000  8.100000000 0.116824172000
1072.719970000  8.100000000 0.116173811000
1072.745000000  8.100000000 0.115507804000
1072.770020000  8.100000000 0.114827596000
1072.795040000  8.100000000 0.114134446000
1072.819950000  8.100000000 0.113429472000
1072.844970000  8.100000000 0.112713546000
1072.870000000  8.100000000 0.111987352000
1072.895020000  8.100000000 0.111251421000
1072.920040000  8.100000000 0.110505998000
1072.944950000  8.100000000 0.109751202000
1072.969970000  8.100000000 0.108986959000
1072.995000000  8.100000000 0.108213164000
1073.020020000  8.100000000 0.107429601000
1073.045040000  8.100000000 0.106636055000
1073.069950000  8.100000000 0.105832212000
1073.094970000  8.100000000 0.105017938000
1073.120000000  8.100000000 0.104193084000
1073.145020000  8.100000000 0.103357621000
1073.170040000  8.100000000 0.102511704000
1073.194950000  8.100000000 0.101655625000
1073.219970000  8.100000000 0.100789778000
1073.245000000  8.100000000 0.099914714700
1073.270020000  8.100000000 0.099031150300
1073.295040000  8.100000000 0.098139867200
1073.319950000  8.100000000 0.097241826400
1073.344970000  8.100000000 0.096337996400
1073.370000000  8.100000000 0.095429502400
1073.395020000  8.100000000 0.094517432200
1073.420040000  8.100000000 0.093603037300
1073.444950000  8.100000000 0.092687450300
1073.469970000  8.100000000 0.091771952800
1073.495000000  8.100000000 0.090857714400
1073.520020000  8.100000000 0.089945897500
1073.545040000  8.100000000 0.089037619500
1073.569950000  8.100000000 0.088133871600
1073.594970000  8.100000000 0.087235599800
1073.620000000  8.100000000 0.086343549200
1073.645020000  8.100000000 0.085458338300
1073.670040000  8.100000000 0.084580339500
1073.694950000  8.100000000 0.083709709300
1073.719970000  8.100000000 0.082846343500
1073.745000000  8.100000000 0.081989929100
1073.770020000  8.100000000 0.081139802900
1073.795040000  8.100000000 0.080295078500
1073.819950000  8.100000000 0.079454682800
1073.844970000  8.100000000 0.078617304600
1073.870000000  8.100000000 0.077781468600
1073.895020000  8.100000000 0.076945632700
1073.920040000  8.100000000 0.076108150200
1073.944950000  8.100000000 0.075267404300
1073.969970000  8.100000000 0.074421733600
1073.995000000  8.100000000 0.073569566000
1074.020020000  8.100000000 0.072709336900
1074.045040000  8.100000000 0.071839757300
1074.069950000  8.100000000 0.070959508400
1074.094970000  8.100000000 0.070067510000
1074.120000000  8.100000000 0.069162823300
1074.145020000  8.100000000 0.068244569000
1074.170040000  8.100000000 0.067312158600
1074.194950000  8.100000000 0.066365040800
1074.219970000  8.100000000 0.065402850500
1074.245000000  8.100000000 0.064425364100
1074.270020000  8.100000000 0.063432484900
1074.295040000  8.100000000 0.062424205200
1074.319950000  8.100000000 0.061400637000
1074.344970000  8.100000000 0.060361962800
1074.370000000  8.100000000 0.059308432000
1074.395020000  8.100000000 0.058240320500
1074.420040000  8.100000000 0.057157997000
1074.444950000  8.100000000 0.056061778200
1074.469970000  8.100000000 0.054952092500
1074.495000000  8.100000000 0.053829331000
1074.520020000  8.100000000 0.052693948100
1074.545040000  8.100000000 0.051546428400
1074.569950000  8.100000000 0.050387311700
1074.594970000  8.100000000 0.049217179400
1074.620000000  8.100000000 0.048036675900
1074.645020000  8.100000000 0.046846535100
1074.670040000  8.100000000 0.045647535500
1074.694950000  8.100000000 0.044440530200
1074.719970000  8.100000000 0.043226458100
1074.745000000  8.100000000 0.042006332400
1074.770020000  8.100000000 0.040781226000
1074.795040000  8.100000000 0.039552278800
1074.819950000  8.100000000 0.038320649400
1074.844970000  8.100000000 0.037087488900
1074.870000000  8.100000000 0.035853978200
1074.895020000  8.100000000 0.034621205200
1074.920040000  8.100000000 0.033390265000
1074.944950000  8.100000000 0.032162137300
1074.969970000  8.100000000 0.030937766700
1074.995000000  8.100000000 0.029718004200
1075.020020000  8.100000000 0.028503628400
1075.045040000  8.100000000 0.027295351000
1075.069950000  8.100000000 0.026093822000
1075.094970000  8.100000000 0.024899624300
1075.120000000  8.100000000 0.023713275800
1075.145020000  8.100000000 0.022535229100
1075.170040000  8.100000000 0.021365864200
1075.194950000  8.100000000 0.020205494000
1075.219970000  8.100000000 0.019054358800
1075.245000000  8.100000000 0.017912652300
1075.270020000  8.100000000 0.016780501200
1075.295040000  8.100000000 0.015657996800
1075.319950000  8.100000000 0.014545202300
1075.344970000  8.100000000 0.013442155900
1075.370000000  8.100000000 0.012348896800
1075.395020000  8.100000000 0.011265479000
1075.420040000  8.100000000 0.010191992900
1075.444950000  8.100000000 0.009128572420
1075.469970000  8.100000000 0.008075430060
1075.495000000  8.100000000 0.007032842380
1075.520020000  8.100000000 0.006001167470
1075.545040000  8.100000000 0.004980847710
1075.569950000  8.100000000 0.003972413020
1075.594970000  8.100000000 0.002976461310
1075.620000000  8.100000000 0.001993670830
1075.645020000  8.100000000 0.001024796390
1075.670040000  8.100000000 0.000070665679
1075.694950000  8.100000000 -0.000867823430
1075.719970000  8.100000000 -0.001789700940
1075.745000000  8.100000000 -0.002693945770
1075.770020000  8.100000000 -0.003579503390
1075.795040000  8.100000000 -0.004445284610
1075.819950000  8.100000000 -0.005290193480
1075.844970000  8.100000000 -0.006113150620
1075.870000000  8.100000000 -0.006913115270
1075.895020000  8.100000000 -0.007689120710
1075.920040000  8.100000000 -0.008440278470
1075.944950000  8.100000000 -0.009165846740
1075.969970000  8.100000000 -0.009865227160
1075.995000000  8.100000000 -0.010538005300
1076.020020000  8.100000000 -0.011183940800
1076.045040000  8.100000000 -0.011802983500
1076.069950000  8.100000000 -0.012395282300
1076.094970000  8.100000000 -0.012961179000
1076.120000000  8.100000000 -0.013501185000
1076.145020000  8.100000000 -0.014015984700
1076.170040000  8.100000000 -0.014506403400
1076.194950000  8.100000000 -0.014973376900
1076.219970000  8.100000000 -0.015417928800
1076.245000000  8.100000000 -0.015841124600
1076.270020000  8.100000000 -0.016244070600
1076.295040000  8.100000000 -0.016627838800
1076.319950000  8.100000000 -0.016993481700
1076.344970000  8.100000000 -0.017341954600
1076.370000000  8.100000000 -0.017674110800
1076.395020000  8.100000000 -0.017990689700
1076.420040000  8.100000000 -0.018292300400
1076.444950000  8.100000000 -0.018579417800
1076.469970000  8.100000000 -0.018852414600
1076.495000000  8.100000000 -0.019111536400
1076.520020000  8.100000000 -0.019356958600
1076.545040000  8.100000000 -0.019588792700
1076.569950000  8.100000000 -0.019807124500
1076.594970000  8.100000000 -0.020012017300
1076.620000000  8.100000000 -0.020203562500
1076.645020000  8.100000000 -0.020381879100
1076.670040000  8.100000000 -0.020547183200
1076.694950000  8.100000000 -0.020699726400
1076.719970000  8.100000000 -0.020839886700
1076.745000000  8.100000000 -0.020968115000
1076.770020000  8.100000000 -0.021084943800
1076.795040000  8.100000000 -0.021191004700
1076.819950000  8.100000000 -0.021287001700
1076.844970000  8.100000000 -0.021373709700
1076.870000000  8.100000000 -0.021451972400
1076.895020000  8.100000000 -0.021522674700
1076.920040000  8.100000000 -0.021586762700
1076.944950000  8.100000000 -0.021645201400
1076.969970000  8.100000000 -0.021698996400
1076.995000000  8.100000000 -0.021749144400
1077.020020000  8.100000000 -0.021796640000
1077.045040000  8.100000000 -0.021842464800
1077.069950000  8.100000000 -0.021887568800
1077.094970000  8.100000000 -0.021932883200
1077.120000000  8.100000000 -0.021979289100
1077.145020000  8.100000000 -0.022027643400
1077.170040000  8.100000000 -0.022078743200
1077.194950000  8.100000000 -0.022133324300
1077.219970000  8.100000000 -0.022192053500
1077.245000000  8.100000000 -0.022255539900
1077.270020000  8.100000000 -0.022324280800
1077.295040000  8.100000000 -0.022398712100
1077.319950000  8.100000000 -0.022479156000
1077.344970000  8.100000000 -0.022565869600
1077.370000000  8.100000000 -0.022659007500
1077.395020000  8.100000000 -0.022758614300
1077.420040000  8.100000000 -0.022864649100
1077.444950000  8.100000000 -0.022976981500
1077.469970000  8.100000000 -0.023095347000
1077.495000000  8.100000000 -0.023219388000
1077.520020000  8.100000000 -0.023348640700
1077.545040000  8.100000000 -0.023482512700
1077.569950000  8.100000000 -0.023620335400
1077.594970000  8.100000000 -0.023761326400
1077.620000000  8.100000000 -0.023904629100
1077.645020000  8.100000000 -0.024049282100
1077.670040000  8.100000000 -0.024194266600
1077.694950000  8.100000000 -0.024338504300
1077.719970000  8.100000000 -0.024480870000
1077.745000000  8.100000000 -0.024620236800
1077.770020000  8.100000000 -0.024755464900
1077.795040000  8.100000000 -0.024885453300
1077.819950000  8.100000000 -0.025009160900
1077.844970000  8.100000000 -0.025125626500
1077.870000000  8.100000000 -0.025233985900
1077.895020000  8.100000000 -0.025333453000
1077.920040000  8.100000000 -0.025423403800
1077.944950000  8.100000000 -0.025503318800
1077.969970000  8.100000000 -0.025572791700
1077.995000000  8.100000000 -0.025631586100
1078.020020000  8.100000000 -0.025679577100
1078.045040000  8.100000000 -0.025716746200
1078.069950000  8.100000000 -0.025743214400
1078.094970000  8.100000000 -0.025759166100
1078.120000000  8.100000000 -0.025764893700
1078.145020000  8.100000000 -0.025760710200
1078.170040000  8.100000000 -0.025746988100
1078.194950000  8.100000000 -0.025724094400
1078.219970000  8.100000000 -0.025692379100
1078.245000000  8.100000000 -0.025652192500
1078.270020000  8.100000000 -0.025603793600
1078.295040000  8.100000000 -0.025547416900
1078.319950000  8.100000000 -0.025483209600
1078.344970000  8.100000000 -0.025411279900
1078.370000000  8.100000000 -0.025331676000
1078.395020000  8.100000000 -0.025244390600
1078.420040000  8.100000000 -0.025149406900
1078.444950000  8.100000000 -0.025046713700
1078.469970000  8.100000000 -0.024936266200
1078.495000000  8.100000000 -0.024818066500
1078.520020000  8.100000000 -0.024692151700
1078.545040000  8.100000000 -0.024558600000
1078.569950000  8.100000000 -0.024417534500
1078.594970000  8.100000000 -0.024269131900
1078.620000000  8.100000000 -0.024113627200
1078.645020000  8.100000000 -0.023951295800
1078.670040000  8.100000000 -0.023782471200
1078.694950000  8.100000000 -0.023607507300
1078.719970000  8.100000000 -0.023426789800
1078.745000000  8.100000000 -0.023240706000
1078.770020000  8.100000000 -0.023049654400
1078.795040000  8.100000000 -0.022854039400
1078.819950000  8.100000000 -0.022654235400
1078.844970000  8.100000000 -0.022450640800
1078.870000000  8.100000000 -0.022243645000
1078.895020000  8.100000000 -0.022033656000
1078.920040000  8.100000000 -0.021821081600
1078.944950000  8.100000000 -0.021606385700
1078.969970000  8.100000000 -0.021390056200
1078.995000000  8.100000000 -0.021172622200
1079.020020000  8.100000000 -0.020954642400
1079.045040000  8.100000000 -0.020736733500
1079.069950000  8.100000000 -0.020519506200
1079.094970000  8.100000000 -0.020303612600
1079.120000000  8.100000000 -0.020089699000
1079.145020000  8.100000000 -0.019878383700
1079.170040000  8.100000000 -0.019670251800
1079.194950000  8.100000000 -0.019465865600
1079.219970000  8.100000000 -0.019265696400
1079.245000000  8.100000000 -0.019070189400
1079.270020000  8.100000000 -0.018879685600
1079.295040000  8.100000000 -0.018694477200
1079.319950000  8.100000000 -0.018514804500
1079.344970000  8.100000000 -0.018340807400
1079.370000000  8.100000000 -0.018172603100
1079.395020000  8.100000000 -0.018010271700
1079.420040000  8.100000000 -0.017853843000
1079.444950000  8.100000000 -0.017703346900
1079.469970000  8.100000000 -0.017558809400
1079.495000000  8.100000000 -0.017420275100
1079.520020000  8.100000000 -0.017287798200
1079.545040000  8.100000000 -0.017161471800
1079.569950000  8.100000000 -0.017041409400
1079.594970000  8.100000000 -0.016927750800
1079.620000000  8.100000000 -0.016820667300
1079.645020000  8.100000000 -0.016720369500
1079.670040000  8.100000000 -0.016627075200
1079.694950000  8.100000000 -0.016541030300
1079.719970000  8.100000000 -0.016462488100
1079.745000000  8.100000000 -0.016391702000
1079.770020000  8.100000000 -0.016328906600
1079.795040000  8.100000000 -0.016274314400
1079.819950000  8.100000000 -0.016228105900
1079.844970000  8.100000000 -0.016190409700
1079.870000000  8.100000000 -0.016161311400
1079.895020000  8.100000000 -0.016140826000
1079.920040000  8.100000000 -0.016128918200
1079.944950000  8.100000000 -0.016125492800
1079.969970000  8.100000000 -0.016130399000
1079.995000000  8.100000000 -0.016143441200
1080.020020000  8.100000000 -0.016164377300
1080.045040000  8.100000000 -0.016192928000
1080.069950000  8.100000000 -0.016228795100
1080.094970000  8.100000000 -0.016271637800
1080.120000000  8.100000000 -0.016321115200
1080.145020000  8.100000000 -0.016376864200
1080.170040000  8.100000000 -0.016438501000
1080.194950000  8.100000000 -0.016505645600
1080.219970000  8.100000000 -0.016577886400
1080.245000000  8.100000000 -0.016654821100
1080.270020000  8.100000000 -0.016736013800
1080.295040000  8.100000000 -0.016821036100
1080.319950000  8.100000000 -0.016909442800
1080.344970000  8.100000000 -0.017000788800
1080.370000000  8.100000000 -0.017094604700
1080.395020000  8.100000000 -0.017190445200
1080.420040000  8.100000000 -0.017287869000
1080.444950000  8.100000000 -0.017386429000
1080.469970000  8.100000000 -0.017485724800
1080.495000000  8.100000000 -0.017585370700
1080.520020000  8.100000000 -0.017685011000
1080.545040000  8.100000000 -0.017784310500
1080.569950000  8.100000000 -0.017882963600
1080.594970000  8.100000000 -0.017980689200
1080.620000000  8.100000000 -0.018077218900
1080.645020000  8.100000000 -0.018172290200
1080.670040000  8.100000000 -0.018265642200
1080.694950000  8.100000000 -0.018356999400
1080.719970000  8.100000000 -0.018446093400
1080.745000000  8.100000000 -0.018532618900
1080.770020000  8.100000000 -0.018616279600
1080.795040000  8.100000000 -0.018696738400
1080.819950000  8.100000000 -0.018773669400
1080.844970000  8.100000000 -0.018846692500
1080.870000000  8.100000000 -0.018915450200
1080.895020000  8.100000000 -0.018979532600
1080.920040000  8.100000000 -0.019038548700
1080.944950000  8.100000000 -0.019092086700
1080.969970000  8.100000000 -0.019139742500
1080.995000000  8.100000000 -0.019181110000
1081.020020000  8.100000000 -0.019215785000
1081.045040000  8.100000000 -0.019243391200
1081.069950000  8.100000000 -0.019263550600
1081.094970000  8.100000000 -0.019275911200
1081.120000000  8.100000000 -0.019280126300
1081.145020000  8.100000000 -0.019275870200
1081.170040000  8.100000000 -0.019262822300
1081.194950000  8.100000000 -0.019240653100
1081.219970000  8.100000000 -0.019209060800
1081.245000000  8.100000000 -0.019167713800
1081.270020000  8.100000000 -0.019116293600
1081.295040000  8.100000000 -0.019054481800
1081.319950000  8.100000000 -0.018981952200
1081.344970000  8.100000000 -0.018898392100
1081.370000000  8.100000000 -0.018803512700
1081.395020000  8.100000000 -0.018697045700
1081.420040000  8.100000000 -0.018578760300
1081.444950000  8.100000000 -0.018448485100
1081.469970000  8.100000000 -0.018306119400
1081.495000000  8.100000000 -0.018151631600
1081.520020000  8.100000000 -0.017985083200
1081.545040000  8.100000000 -0.017806606400
1081.569950000  8.100000000 -0.017616448900
1081.594970000  8.100000000 -0.017414944200
1081.620000000  8.100000000 -0.017202505800
1081.645020000  8.100000000 -0.016979625400
1081.670040000  8.100000000 -0.016746880500
1081.694950000  8.100000000 -0.016504898700
1081.719970000  8.100000000 -0.016254378500
1081.745000000  8.100000000 -0.015996029600
1081.770020000  8.100000000 -0.015730630600
1081.795040000  8.100000000 -0.015458959200
1081.819950000  8.100000000 -0.015181809700
1081.844970000  8.100000000 -0.014899968200
1081.870000000  8.100000000 -0.014614224400
1081.895020000  8.100000000 -0.014325344000
1081.920040000  8.100000000 -0.014034069100
1081.944950000  8.100000000 -0.013741117900
1081.969970000  8.100000000 -0.013447174800
1081.995000000  8.100000000 -0.013152891800
1082.020020000  8.100000000 -0.012858899300
1082.045040000  8.100000000 -0.012565785100
1082.069950000  8.100000000 -0.012274110700
1082.094970000  8.100000000 -0.011984412600
1082.120000000  8.100000000 -0.011697200100
1082.145020000  8.100000000 -0.011412952100
1082.170040000  8.100000000 -0.011132140600
1082.194950000  8.100000000 -0.010855209100
1082.219970000  8.100000000 -0.010582591400
1082.245000000  8.100000000 -0.010314718800
1082.270020000  8.100000000 -0.010051990900
1082.295040000  8.100000000 -0.009794817310
1082.319950000  8.100000000 -0.009543596770
1082.344970000  8.100000000 -0.009298695250
1082.370000000  8.100000000 -0.009060480630
1082.395020000  8.100000000 -0.008829282600
1082.420040000  8.100000000 -0.008605411280
1082.444950000  8.100000000 -0.008389136750
1082.469970000  8.100000000 -0.008180690000
1082.495000000  8.100000000 -0.007980261000
1082.520020000  8.100000000 -0.007787996440
1082.545040000  8.100000000 -0.007603993170
1082.569950000  8.100000000 -0.007428298240
1082.594970000  8.100000000 -0.007260914890
1082.620000000  8.100000000 -0.007101794240
1082.645020000  8.100000000 -0.006950843150
1082.670040000  8.100000000 -0.006807920520
1082.694950000  8.100000000 -0.006672842890
1082.719970000  8.100000000 -0.006545381150
1082.745000000  8.100000000 -0.006425269880
1082.770020000  8.100000000 -0.006312199870
1082.795040000  8.100000000 -0.006205821880
1082.819950000  8.100000000 -0.006105748470
1082.844970000  8.100000000 -0.006011533550
1082.870000000  8.100000000 -0.005922693760
1082.895020000  8.100000000 -0.005838695450
1082.920040000  8.100000000 -0.005758956070
1082.944950000  8.100000000 -0.005682850720
1082.969970000  8.100000000 -0.005609714890
1082.995000000  8.100000000 -0.005538844500
1083.020020000  8.100000000 -0.005469512660
1083.045040000  8.100000000 -0.005400964520
1083.069950000  8.100000000 -0.005332438280
1083.094970000  8.100000000 -0.005263168360
1083.120000000  8.100000000 -0.005192406940
1083.145020000  8.100000000 -0.005119420120
1083.170040000  8.100000000 -0.005043518730
1083.194950000  8.100000000 -0.004964054560
1083.219970000  8.100000000 -0.004880425990
1083.245000000  8.100000000 -0.004792089110
1083.270020000  8.100000000 -0.004698564760
1083.295040000  8.100000000 -0.004599428740
1083.319950000  8.100000000 -0.004494327120
1083.344970000  8.100000000 -0.004382962830
1083.370000000  8.100000000 -0.004265109080
1083.395020000  8.100000000 -0.004140600100
1083.420040000  8.100000000 -0.004009333900
1083.444950000  8.100000000 -0.003871270220
1083.469970000  8.100000000 -0.003726433500
1083.495000000  8.100000000 -0.003574911270
1083.520020000  8.100000000 -0.003416854660
1083.545040000  8.100000000 -0.003252479950
1083.569950000  8.100000000 -0.003082061650
1083.594970000  8.100000000 -0.002905938540
1083.620000000  8.100000000 -0.002724503630
1083.645020000  8.100000000 -0.002538205590
1083.670040000  8.100000000 -0.002347545700
1083.694950000  8.100000000 -0.002153077860
1083.719970000  8.100000000 -0.001955403250
1083.745000000  8.100000000 -0.001755170640
1083.770020000  8.100000000 -0.001553070150
1083.795040000  8.100000000 -0.001349832280
1083.819950000  8.100000000 -0.001146225380
1083.844970000  8.100000000 -0.000943049439
1083.870000000  8.100000000 -0.000741137716
1083.895020000  8.100000000 -0.000541351095
1083.920040000  8.100000000 -0.000344575907
1083.944950000  8.100000000 -0.000151721717
1083.969970000  8.100000000 0.000036283058
1083.995000000  8.100000000 0.000218491579
1084.020020000  8.100000000 0.000393943512
1084.045040000  8.100000000 0.000559578883
1084.069950000  8.100000000 0.000710714492
