744.150024000  8.300000000 0.000000000000
744.175049000  8.300000000 0.000000000000
744.200012000  8.300000000 -0.000620398205
744.225037000  8.300000000 -0.000608090369
744.250000000  8.300000000 -0.000593902194
744.275024000  8.300000000 -0.000578108826
744.300049000  8.300000000 -0.000560971152
744.325012000  8.300000000 -0.000542735797
744.350037000  8.300000000 -0.000523635186
744.375000000  8.300000000 -0.000503887888
744.400024000  8.300000000 -0.000483698328
744.425049000  8.300000000 -0.000463257660
744.450012000  8.300000000 -0.000442741875
744.475037000  8.300000000 -0.000422313053
744.500000000  8.300000000 -0.000402118923
744.525024000  8.300000000 -0.000382293423
744.550049000  8.300000000 -0.000362957799
744.575012000  8.300000000 -0.000344220432
744.600037000  8.300000000 -0.000326178008
744.625000000  8.300000000 -0.000308916147
744.650024000  8.300000000 -0.000292509998
744.675049000  8.300000000 -0.000277026062
744.700012000  8.300000000 -0.000262521877
744.725037000  8.300000000 -0.000249047007
744.750000000  8.300000000 -0.000236643391
744.775024000  8.300000000 -0.000225346579
744.800049000  8.300000000 -0.000215187058
744.825012000  8.300000000 -0.000206190583
744.850037000  8.300000000 -0.000198378286
744.875000000  8.300000000 -0.000191766521
744.900024000  8.300000000 -0.000186366771
744.925049000  8.300000000 -0.000182186195
744.950012000  8.300000000 -0.000179228096
744.975037000  8.300000000 -0.000177491776
745.000000000  8.300000000 -0.000176972433
745.025024000  8.300000000 -0.000177660957
745.050049000  8.300000000 -0.000179543640
745.075012000  8.300000000 -0.000182602394
745.100037000  8.300000000 -0.000186814766
745.125000000  8.300000000 -0.000192153471
745.150024000  8.300000000 -0.000198586436
745.175049000  8.300000000 -0.000206075492
745.200012000  8.300000000 -0.000214576197
745.225037000  8.300000000 -0.000224038580
745.250000000  8.300000000 -0.000234405714
745.275024000  8.300000000 -0.000245614676
745.300049000  8.300000000 -0.000257596286
745.325012000  8.300000000 -0.000270274904
745.350037000  8.300000000 -0.000283568981
745.375000000  8.300000000 -0.000297391962
745.400024000  8.300000000 -0.000311653217
745.425049000  8.300000000 -0.000326258159
745.450012000  8.300000000 -0.000341109117
745.475037000  8.300000000 -0.000356105593
745.500000000  8.300000000 -0.000371146336
745.525024000  8.300000000 -0.000386129686
745.550049000  8.300000000 -0.000400954828
745.575012000  8.300000000 -0.000415522722
745.600037000  8.300000000 -0.000429736683
745.625000000  8.300000000 -0.000443502300
745.650024000  8.300000000 -0.000456728536
745.675049000  8.300000000 -0.000469328661
745.700012000  8.300000000 -0.000481220864
745.725037000  8.300000000 -0.000492329593
745.750000000  8.300000000 -0.000502584735
745.775024000  8.300000000 -0.000511923223
745.800049000  8.300000000 -0.000520287897
745.825012000  8.300000000 -0.000527629862
745.850037000  8.300000000 -0.000533906685
745.875000000  8.300000000 -0.000539084838
745.900024000  8.300000000 -0.000543137547
745.925049000  8.300000000 -0.000546045369
745.950012000  8.300000000 -0.000547795498
745.975037000  8.300000000 -0.000548381009
746.000000000  8.300000000 -0.000547801494
746.025024000  8.300000000 -0.000546060968
746.050049000  8.300000000 -0.000543169212
746.075012000  8.300000000 -0.000539141241
746.100037000  8.300000000 -0.000533996092
746.125000000  8.300000000 -0.000527757220
746.150024000  8.300000000 -0.000520451867
746.175049000  8.300000000 -0.000512110128
746.200012000  8.300000000 -0.000502764771
746.225037000  8.300000000 -0.000492452586
746.250000000  8.300000000 -0.000481213006
746.275024000  8.300000000 -0.000469087187
746.300049000  8.300000000 -0.000456119858
746.325012000  8.300000000 -0.000442356104
746.350037000  8.300000000 -0.000427844003
746.375000000  8.300000000 -0.000412633817
746.400024000  8.300000000 -0.000396777585
746.425049000  8.300000000 -0.000380329380
746.450012000  8.300000000 -0.000363346015
746.475037000  8.300000000 -0.000345886161
746.500000000  8.300000000 -0.000328010676
746.525024000  8.300000000 -0.000309782830
746.550049000  8.300000000 -0.000291265227
746.575012000  8.300000000 -0.000272522564
746.600037000  8.300000000 -0.000253619626
746.625000000  8.300000000 -0.000234621213
746.650024000  8.300000000 -0.000215592590
746.675049000  8.300000000 -0.000196601541
746.700012000  8.300000000 -0.000177711408
746.725037000  8.300000000 -0.000158989555
746.750000000  8.300000000 -0.000140501434
746.775024000  8.300000000 -0.000122310841
746.800049000  8.300000000 -0.000104484192
746.825012000  8.300000000 -0.000087086599
746.850037000  8.300000000 -0.000070183662
746.875000000  8.300000000 -0.000053840326
746.900024000  8.300000000 -0.000038122354
746.925049000  8.300000000 -0.000023095829
746.950012000  8.300000000 -0.000008825860
746.975037000  8.300000000 0.000004619846
747.000000000  8.300000000 0.000017176504
747.025024000  8.300000000 0.000028776896
747.050049000  8.300000000 0.000039354614
747.075012000  8.300000000 0.000048842605
747.100037000  8.300000000 0.000057172518
747.125000000  8.300000000 0.000064276806
747.150024000  8.300000000 0.000070088259
747.175049000  8.300000000 0.000074540221
747.200012000  8.300000000 0.000077568970
747.225037000  8.300000000 0.000079111320
747.250000000  8.300000000 0.000079108562
747.275024000  8.300000000 0.000077505072
747.300049000  8.300000000 0.000074250624
747.325012000  8.300000000 0.000069299793
747.350037000  8.300000000 0.000062615167
747.375000000  8.300000000 0.000054165965
747.400024000  8.300000000 0.000043930322
747.425049000  8.300000000 0.000031895208
747.450012000  8.300000000 0.000018056644
747.475037000  8.300000000 0.000002420629
747.500000000  8.300000000 -0.000014995913
747.525024000  8.300000000 -0.000034165529
747.550049000  8.300000000 -0.000055050557
747.575012000  8.300000000 -0.000077603508
747.600037000  8.300000000 -0.000101765698
747.625000000  8.300000000 -0.000127468826
747.650024000  8.300000000 -0.000154635389
747.675049000  8.300000000 -0.000183179320
747.700012000  8.300000000 -0.000213007224
747.725037000  8.300000000 -0.000244019146
747.750000000  8.300000000 -0.000276109960
747.775024000  8.300000000 -0.000309169351
747.800049000  8.300000000 -0.000343083113
747.825012000  8.300000000 -0.000377734948
747.850037000  8.300000000 -0.000413006986
747.875000000  8.300000000 -0.000448781502
747.900024000  8.300000000 -0.000484941411
747.925049000  8.300000000 -0.000521370792
747.950012000  8.300000000 -0.000557956577
747.975037000  8.300000000 -0.000594588346
748.000000000  8.300000000 -0.000631159637
748.025024000  8.300000000 -0.000667566841
748.050049000  8.300000000 -0.000703711004
748.075012000  8.300000000 -0.000739496027
748.100037000  8.300000000 -0.000774831627
748.125000000  8.300000000 -0.000809631834
748.150024000  8.300000000 -0.000843815913
748.175049000  8.300000000 -0.000877308950
748.200012000  8.300000000 -0.000910041272
748.225037000  8.300000000 -0.000941948907
748.250000000  8.300000000 -0.000972971728
748.275024000  8.300000000 -0.001003055020
748.300049000  8.300000000 -0.001032147670
748.325012000  8.300000000 -0.001060201790
748.350037000  8.300000000 -0.001087172890
748.375000000  8.300000000 -0.001113020120
748.400024000  8.300000000 -0.001137704820
748.425049000  8.300000000 -0.001161190330
748.450012000  8.300000000 -0.001183441840
748.475037000  8.300000000 -0.001204426520
748.500000000  8.300000000 -0.001224113630
748.525024000  8.300000000 -0.001242473720
748.550049000  8.300000000 -0.001259478040
748.575012000  8.300000000 -0.001275097600
748.600037000  8.300000000 -0.001289304930
748.625000000  8.300000000 -0.001302071260
748.650024000  8.300000000 -0.001313367860
748.675049000  8.300000000 -0.001323165490
748.700012000  8.300000000 -0.001331433190
748.725037000  8.300000000 -0.001338138010
748.750000000  8.300000000 -0.001343246430
748.775024000  8.300000000 -0.001346723060
748.800049000  8.300000000 -0.001348532270
748.825012000  8.300000000 -0.001348637980
748.850037000  8.300000000 -0.001347002570
748.875000000  8.300000000 -0.001343589160
748.900024000  8.300000000 -0.001338361060
748.925049000  8.300000000 -0.001331282900
748.950012000  8.300000000 -0.001322321590
748.975037000  8.300000000 -0.001311444330
749.000000000  8.300000000 -0.001298620250
749.025024000  8.300000000 -0.001283820720
749.050049000  8.300000000 -0.001267020360
749.075012000  8.300000000 -0.001248198560
749.100037000  8.300000000 -0.001227340430
749.125000000  8.300000000 -0.001204436410
749.150024000  8.300000000 -0.001179481270
749.175049000  8.300000000 -0.001152475360
749.200012000  8.300000000 -0.001123425320
749.225037000  8.300000000 -0.001092344990
749.250000000  8.300000000 -0.001059255680
749.275024000  8.300000000 -0.001024185100
749.300049000  8.300000000 -0.000987168052
749.325012000  8.300000000 -0.000948245288
749.350037000  8.300000000 -0.000907463953
749.375000000  8.300000000 -0.000864878646
749.400024000  8.300000000 -0.000820549263
749.425049000  8.300000000 -0.000774539541
749.450012000  8.300000000 -0.000726917002
749.475037000  8.300000000 -0.000677750970
749.500000000  8.300000000 -0.000627114146
749.525024000  8.300000000 -0.000575081911
749.550049000  8.300000000 -0.000521731272
749.575012000  8.300000000 -0.000467140228
749.600037000  8.300000000 -0.000411387213
749.625000000  8.300000000 -0.000354550866
749.650024000  8.300000000 -0.000296710234
749.675049000  8.300000000 -0.000237944725
749.700012000  8.300000000 -0.000178333008
749.725037000  8.300000000 -0.000117952732
749.750000000  8.300000000 -0.000056879919
749.775024000  8.300000000 0.000004810635
749.800049000  8.300000000 0.000067045636
749.825012000  8.300000000 0.000129753433
749.850037000  8.300000000 0.000192864114
749.875000000  8.300000000 0.000256309228
749.900024000  8.300000000 0.000320021121
749.925049000  8.300000000 0.000383932842
749.950012000  8.300000000 0.000447977101
749.975037000  8.300000000 0.000512087136
750.000000000  8.300000000 0.000576196180
750.025024000  8.300000000 0.000640237413
750.050049000  8.300000000 0.000704145001
750.075012000  8.300000000 0.000767852645
750.100037000  8.300000000 0.000831294165
750.125000000  8.300000000 0.000894402212
750.150024000  8.300000000 0.000957110140
750.175049000  8.300000000 0.001019351530
750.200012000  8.300000000 0.001081060730
750.225037000  8.300000000 0.001142172380
750.250000000  8.300000000 0.001202622310
750.275024000  8.300000000 0.001262346630
750.300049000  8.300000000 0.001321282700
750.325012000  8.300000000 0.001379369760
750.350037000  8.300000000 0.001436548070
750.375000000  8.300000000 0.001492759560
750.400024000  8.300000000 0.001547947180
750.425049000  8.300000000 0.001602054570
750.450012000  8.300000000 0.001655026920
750.475037000  8.300000000 0.001706809270
750.500000000  8.300000000 0.001757347260
750.525024000  8.300000000 0.001806587680
750.550049000  8.300000000 0.001854476290
750.575012000  8.300000000 0.001900960570
750.600037000  8.300000000 0.001945986650
750.625000000  8.300000000 0.001989501990
750.650024000  8.300000000 0.002031452720
750.675049000  8.300000000 0.002071785040
750.700012000  8.300000000 0.002110445410
750.725037000  8.300000000 0.002147379560
750.750000000  8.300000000 0.002182532100
750.775024000  8.300000000 0.002215847610
750.800049000  8.300000000 0.002247268800
750.825012000  8.300000000 0.002276738170
750.850037000  8.300000000 0.002304198220
750.875000000  8.300000000 0.002329591430
750.900024000  8.300000000 0.002352862390
750.925049000  8.300000000 0.002373955910
750.950012000  8.300000000 0.002392816820
750.975037000  8.300000000 0.002409392970
751.000000000  8.300000000 0.002423633590
751.025024000  8.300000000 0.002435492120
751.050049000  8.300000000 0.002444924320
751.075012000  8.300000000 0.002451890380
751.100037000  8.300000000 0.002456352350
751.125000000  8.300000000 0.002458275760
751.150024000  8.300000000 0.002457631050
751.175049000  8.300000000 0.002454392150
751.200012000  8.300000000 0.002448540410
751.225037000  8.300000000 0.002440062350
751.250000000  8.300000000 0.002428951440
751.275024000  8.300000000 0.002415206980
751.300049000  8.300000000 0.002398835030
751.325012000  8.300000000 0.002379848850
751.350037000  8.300000000 0.002358270340
751.375000000  8.300000000 0.002334129070
751.400024000  8.300000000 0.002307464600
751.425049000  8.300000000 0.002278324450
751.450012000  8.300000000 0.002246767520
751.475037000  8.300000000 0.002212862480
751.500000000  8.300000000 0.002176690610
751.525024000  8.300000000 0.002138344800
751.550049000  8.300000000 0.002097929600
751.575012000  8.300000000 0.002055560940
751.600037000  8.300000000 0.002011366420
751.625000000  8.300000000 0.001965485280
751.650024000  8.300000000 0.001918066180
751.675049000  8.300000000 0.001869270350
751.700012000  8.300000000 0.001819268220
751.725037000  8.300000000 0.001768240820
751.750000000  8.300000000 0.001716376980
751.775024000  8.300000000 0.001663873320
751.800049000  8.300000000 0.001610932640
751.825012000  8.300000000 0.001557761220
751.850037000  8.300000000 0.001504569900
751.875000000  8.300000000 0.001451570080
751.900024000  8.300000000 0.001398973630
751.925049000  8.300000000 0.001346990470
751.950012000  8.300000000 0.001295828030
751.975037000  8.300000000 0.001245689460
752.000000000  8.300000000 0.001196772330
752.025024000  8.300000000 0.001149268010
752.050049000  8.300000000 0.001103362420
752.075012000  8.300000000 0.001059232160
752.100037000  8.300000000 0.001017047330
752.125000000  8.300000000 0.000976969139
752.150024000  8.300000000 0.000939150515
752.175049000  8.300000000 0.000903733715
752.200012000  8.300000000 0.000870853022
752.225037000  8.300000000 0.000840629393
752.250000000  8.300000000 0.000813174527
752.275024000  8.300000000 0.000788586680
752.300049000  8.300000000 0.000766952639
752.325012000  8.300000000 0.000748347957
752.350037000  8.300000000 0.000732836197
752.375000000  8.300000000 0.000720471493
752.400024000  8.300000000 0.000711296103
752.425049000  8.300000000 0.000705341983
752.450012000  8.300000000 0.000702633173
752.475037000  8.300000000 0.000703184400
752.500000000  8.300000000 0.000707002531
752.525024000  8.300000000 0.000714085938
752.550049000  8.300000000 0.000724426936
752.575012000  8.300000000 0.000738008006
752.600037000  8.300000000 0.000754806038
752.625000000  8.300000000 0.000774789951
752.650024000  8.300000000 0.000797918823
752.675049000  8.300000000 0.000824145158
752.700012000  8.300000000 0.000853412668
752.725037000  8.300000000 0.000885654881
752.750000000  8.300000000 0.000920801365
752.775024000  8.300000000 0.000958770979
752.800049000  8.300000000 0.000999474782
752.825012000  8.300000000 0.001042815270
752.850037000  8.300000000 0.001088687450
752.875000000  8.300000000 0.001136980250
752.900024000  8.300000000 0.001187573650
752.925049000  8.300000000 0.001240345420
752.950012000  8.300000000 0.001295164580
752.975037000  8.300000000 0.001351897020
753.000000000  8.300000000 0.001410403290
753.025024000  8.300000000 0.001470540070
753.050049000  8.300000000 0.001532164290
753.075012000  8.300000000 0.001595126700
753.100037000  8.300000000 0.001659282480
753.125000000  8.300000000 0.001724483100
753.150024000  8.300000000 0.001790580920
753.175049000  8.300000000 0.001857428580
753.200012000  8.300000000 0.001924879500
753.225037000  8.300000000 0.001992788400
753.250000000  8.300000000 0.002061012900
753.275024000  8.300000000 0.002129408300
753.300049000  8.300000000 0.002197836060
753.325012000  8.300000000 0.002266156020
753.350037000  8.300000000 0.002334236870
753.375000000  8.300000000 0.002401948670
753.400024000  8.300000000 0.002469169910
753.425049000  8.300000000 0.002535783450
753.450012000  8.300000000 0.002601679180
753.475037000  8.300000000 0.002666756280
753.500000000  8.300000000 0.002730920680
753.525024000  8.300000000 0.002794082510
753.550049000  8.300000000 0.002856164940
753.575012000  8.300000000 0.002917095320
753.600037000  8.300000000 0.002976813120
753.625000000  8.300000000 0.003035260360
753.650024000  8.300000000 0.003092392580
753.675049000  8.300000000 0.003148166000
753.700012000  8.300000000 0.003202549410
753.725037000  8.300000000 0.003255513730
753.750000000  8.300000000 0.003307037990
753.775024000  8.300000000 0.003357101930
753.800049000  8.300000000 0.003405693220
753.825012000  8.300000000 0.003452799980
753.850037000  8.300000000 0.003498412900
753.875000000  8.300000000 0.003542529190
753.900024000  8.300000000 0.003585137190
753.925049000  8.300000000 0.003626235060
753.950012000  8.300000000 0.003665813240
753.975037000  8.300000000 0.003703866390
754.000000000  8.300000000 0.003740382850
754.025024000  8.300000000 0.003775350750
754.050049000  8.300000000 0.003808757290
754.075012000  8.300000000 0.003840583840
754.100037000  8.300000000 0.003870813180
754.125000000  8.300000000 0.003899422010
754.150024000  8.300000000 0.003926385190
754.175049000  8.300000000 0.003951673400
754.200012000  8.300000000 0.003975254480
754.225037000  8.300000000 0.003997092140
754.250000000  8.300000000 0.004017145840
754.275024000  8.300000000 0.004035373220
754.300049000  8.300000000 0.004051731430
754.325012000  8.300000000 0.004066175320
754.350037000  8.300000000 0.004078655040
754.375000000  8.300000000 0.004089121240
754.400024000  8.300000000 0.004097520840
754.425049000  8.300000000 0.004103797490
754.450012000  8.300000000 0.004107895310
754.475037000  8.300000000 0.004109748170
754.500000000  8.300000000 0.004109291830
754.525024000  8.300000000 0.004106455480
754.550049000  8.300000000 0.004101164170
754.575012000  8.300000000 0.004093341060
754.600037000  8.300000000 0.004082903730
754.625000000  8.300000000 0.004069765560
754.650024000  8.300000000 0.004053838090
754.675049000  8.300000000 0.004035029560
754.700012000  8.300000000 0.004013244990
754.725037000  8.300000000 0.003988387990
754.750000000  8.300000000 0.003960363100
754.775024000  8.300000000 0.003929080440
754.800049000  8.300000000 0.003894453170
754.825012000  8.300000000 0.003856405850
754.850037000  8.300000000 0.003814872820
754.875000000  8.300000000 0.003769802630
754.900024000  8.300000000 0.003721158490
754.925049000  8.300000000 0.003668922700
754.950012000  8.300000000 0.003613095500
754.975037000  8.300000000 0.003553696210
755.000000000  8.300000000 0.003490764880
755.025024000  8.300000000 0.003424359950
755.050049000  8.300000000 0.003354559890
755.075012000  8.300000000 0.003281462470
755.100037000  8.300000000 0.003205183430
755.125000000  8.300000000 0.003125856860
755.150024000  8.300000000 0.003043635980
755.175049000  8.300000000 0.002958693540
755.200012000  8.300000000 0.002871219300
755.225037000  8.300000000 0.002781423970
755.250000000  8.300000000 0.002689532240
755.275024000  8.300000000 0.002595784840
755.300049000  8.300000000 0.002500436500
755.325012000  8.300000000 0.002403753580
755.350037000  8.300000000 0.002306012670
755.375000000  8.300000000 0.002207499700
755.400024000  8.300000000 0.002108507090
755.425049000  8.300000000 0.002009331250
755.450012000  8.300000000 0.001910275080
755.475037000  8.300000000 0.001811646860
755.500000000  8.300000000 0.001713758450
755.525024000  8.300000000 0.001616925470
755.550049000  8.300000000 0.001521466420
755.575012000  8.300000000 0.001427700980
755.600037000  8.300000000 0.001335947080
755.625000000  8.300000000 0.001246522650
755.650024000  8.300000000 0.001159741780
755.675049000  8.300000000 0.001075917160
755.700012000  8.300000000 0.000995357754
755.725037000  8.300000000 0.000918369100
755.750000000  8.300000000 0.000845253468
755.775024000  8.300000000 0.000776309869
755.800049000  8.300000000 0.000711831206
755.825012000  8.300000000 0.000652106304
755.850037000  8.300000000 0.000597418752
755.875000000  8.300000000 0.000548047246
755.900024000  8.300000000 0.000504263153
755.925049000  8.300000000 0.000466334313
755.950012000  8.300000000 0.000434515503
755.975037000  8.300000000 0.000409052911
756.000000000  8.300000000 0.000390181842
756.025024000  8.300000000 0.000378121651
756.050049000  8.300000000 0.000373077899
756.075012000  8.300000000 0.000375235686
756.100037000  8.300000000 0.000384760730
756.125000000  8.300000000 0.000401797617
756.150024000  8.300000000 0.000426467013
756.175049000  8.300000000 0.000458866853
756.200012000  8.300000000 0.000499069749
756.225037000  8.300000000 0.000547121163
756.250000000  8.300000000 0.000603040738
756.275024000  8.300000000 0.000666821550
756.300049000  8.300000000 0.000738428032
756.325012000  8.300000000 0.000817798427
756.350037000  8.300000000 0.000904842862
756.375000000  8.300000000 0.000999443582
756.400024000  8.300000000 0.001101456350
756.425049000  8.300000000 0.001210711550
756.450012000  8.300000000 0.001327013480
756.475037000  8.300000000 0.001450141780
756.500000000  8.300000000 0.001579852430
756.525024000  8.300000000 0.001715878960
756.550049000  8.300000000 0.001857935220
756.575012000  8.300000000 0.002005715160
756.600037000  8.300000000 0.002158896530
756.625000000  8.300000000 0.002317136620
756.650024000  8.300000000 0.002480077090
756.675049000  8.300000000 0.002647344260
756.700012000  8.300000000 0.002818548820
756.725037000  8.300000000 0.002993285660
756.750000000  8.300000000 0.003171142420
756.775024000  8.300000000 0.003351690710
756.800049000  8.300000000 0.003534490710
756.825012000  8.300000000 0.003719095840
756.850037000  8.300000000 0.003905050220
756.875000000  8.300000000 0.004091890060
756.900024000  8.300000000 0.004279141780
756.925049000  8.300000000 0.004466332030
756.950012000  8.300000000 0.004652977920
756.975037000  8.300000000 0.004838597960
757.000000000  8.300000000 0.005022711590
757.025024000  8.300000000 0.005204843360
757.050049000  8.300000000 0.005384515510
757.075012000  8.300000000 0.005561262830
757.100037000  8.300000000 0.005734622480
757.125000000  8.300000000 0.005904143210
757.150024000  8.300000000 0.006069388240
757.175049000  8.300000000 0.006229936610
757.200012000  8.300000000 0.006385386460
757.225037000  8.300000000 0.006535351280
757.250000000  8.300000000 0.006679472050
757.275024000  8.300000000 0.006817405110
757.300049000  8.300000000 0.006948843130
757.325012000  8.300000000 0.007073489950
757.350037000  8.300000000 0.007191083390
757.375000000  8.300000000 0.007301381790
757.400024000  8.300000000 0.007404172330
757.425049000  8.300000000 0.007499262220
757.450012000  8.300000000 0.007586484310
757.475037000  8.300000000 0.007665698880
757.500000000  8.300000000 0.007736786730
757.525024000  8.300000000 0.007799648210
757.550049000  8.300000000 0.007854210210
757.575012000  8.300000000 0.007900416850
757.600037000  8.300000000 0.007938226680
757.625000000  8.300000000 0.007967623880
757.650024000  8.300000000 0.007988605650
757.675049000  8.300000000 0.008001177570
757.700012000  8.300000000 0.008005361070
757.725037000  8.300000000 0.008001192470
757.750000000  8.300000000 0.007988714610
757.775024000  8.300000000 0.007967979650
757.800049000  8.300000000 0.007939049970
757.825012000  8.300000000 0.007901987060
757.850037000  8.300000000 0.007856857030
757.875000000  8.300000000 0.007803723680
757.900024000  8.300000000 0.007742656860
757.925049000  8.300000000 0.007673718500
757.950012000  8.300000000 0.007596977520
757.975037000  8.300000000 0.007512501440
758.000000000  8.300000000 0.007420354990
758.025024000  8.300000000 0.007320620590
758.050049000  8.300000000 0.007213373670
758.075012000  8.300000000 0.007098705970
758.100037000  8.300000000 0.006976705980
758.125000000  8.300000000 0.006847477050
758.150024000  8.300000000 0.006711125370
758.175049000  8.300000000 0.006567775740
758.200012000  8.300000000 0.006417555730
758.225037000  8.300000000 0.006260612050
758.250000000  8.300000000 0.006097101610
758.275024000  8.300000000 0.005927199030
758.300049000  8.300000000 0.005751098040
758.325012000  8.300000000 0.005569013770
758.350037000  8.300000000 0.005381176710
758.375000000  8.300000000 0.005187846250
758.400024000  8.300000000 0.004989297590
758.425049000  8.300000000 0.004785829220
758.450012000  8.300000000 0.004577758260
758.475037000  8.300000000 0.004365422760
758.500000000  8.300000000 0.004149178040
758.525024000  8.300000000 0.003929395690
758.550049000  8.300000000 0.003706464540
758.575012000  8.300000000 0.003480792050
758.600037000  8.300000000 0.003252804050
758.625000000  8.300000000 0.003022943160
758.650024000  8.300000000 0.002791666430
758.675049000  8.300000000 0.002559442540
758.700012000  8.300000000 0.002326755780
758.725037000  8.300000000 0.002094100460
758.750000000  8.300000000 0.001861983560
758.775024000  8.300000000 0.001630919990
758.800049000  8.300000000 0.001401431860
758.825012000  8.300000000 0.001174045840
758.850037000  8.300000000 0.000949290115
758.875000000  8.300000000 0.000727692212
758.900024000  8.300000000 0.000509779260
758.925049000  8.300000000 0.000296075159
758.950012000  8.300000000 0.000087097469
758.975037000  8.300000000 -0.000116644813
759.000000000  8.300000000 -0.000314650941
759.025024000  8.300000000 -0.000506431214
759.050049000  8.300000000 -0.000691508059
759.075012000  8.300000000 -0.000869417214
759.100037000  8.300000000 -0.001039708380
759.125000000  8.300000000 -0.001201949550
759.150024000  8.300000000 -0.001355725340
759.175049000  8.300000000 -0.001500642160
759.200012000  8.300000000 -0.001636327940
759.225037000  8.300000000 -0.001762434840
759.250000000  8.300000000 -0.001878640030
759.275024000  8.300000000 -0.001984650730
759.300049000  8.300000000 -0.002080200470
759.325012000  8.300000000 -0.002165058160
759.350037000  8.300000000 -0.002239024270
759.375000000  8.300000000 -0.002301927890
759.400024000  8.300000000 -0.002353633290
759.425049000  8.300000000 -0.002394037550
759.450012000  8.300000000 -0.002423075490
759.475037000  8.300000000 -0.002440715670
759.500000000  8.300000000 -0.002446962050
759.525024000  8.300000000 -0.002441850260
759.550049000  8.300000000 -0.002425452000
759.575012000  8.300000000 -0.002397872970
759.600037000  8.300000000 -0.002359249630
759.625000000  8.300000000 -0.002309749600
759.650024000  8.300000000 -0.002249570800
759.675049000  8.300000000 -0.002178937900
759.700012000  8.300000000 -0.002098096530
759.725037000  8.300000000 -0.002007322850
759.750000000  8.300000000 -0.001906909400
759.775024000  8.300000000 -0.001797168520
759.800049000  8.300000000 -0.001678427910
759.825012000  8.300000000 -0.001551032880
759.850037000  8.300000000 -0.001415339650
759.875000000  8.300000000 -0.001271716440
759.900024000  8.300000000 -0.001120541710
759.925049000  8.300000000 -0.000962201098
759.950012000  8.300000000 -0.000797088549
759.975037000  8.300000000 -0.000625603891
760.000000000  8.300000000 -0.000448154373
760.025024000  8.300000000 -0.000265150302
760.050049000  8.300000000 -0.000077009041
760.075012000  8.300000000 0.000115848430
760.100037000  8.300000000 0.000312996941
760.125000000  8.300000000 0.000514008105
760.150024000  8.300000000 0.000718450232
760.175049000  8.300000000 0.000925887376
760.200012000  8.300000000 0.001135879890
760.225037000  8.300000000 0.001347986400
760.250000000  8.300000000 0.001561757530
760.275024000  8.300000000 0.001776737390
760.300049000  8.300000000 0.001992460570
760.325012000  8.300000000 0.002208451040
760.350037000  8.300000000 0.002424227540
760.375000000  8.300000000 0.002639297400
760.400024000  8.300000000 0.002853158400
760.425049000  8.300000000 0.003065301110
760.450012000  8.300000000 0.003275208180
760.475037000  8.300000000 0.003482349450
760.500000000  8.300000000 0.003686187090
760.525024000  8.300000000 0.003886170450
760.550049000  8.300000000 0.004081737720
760.575012000  8.300000000 0.004272319840
760.600037000  8.300000000 0.004457328000
760.625000000  8.300000000 0.004636168010
760.650024000  8.300000000 0.004808234050
760.675049000  8.300000000 0.004972917490
760.700012000  8.300000000 0.005129599010
760.725037000  8.300000000 0.005277668590
760.750000000  8.300000000 0.005416513890
760.775024000  8.300000000 0.005545529540
760.800049000  8.300000000 0.005664121830
760.825012000  8.300000000 0.005771719850
760.850037000  8.300000000 0.005867767610
760.875000000  8.300000000 0.005951731000
760.900024000  8.300000000 0.006023115480
760.925049000  8.300000000 0.006081461910
760.950012000  8.300000000 0.006126339550
760.975037000  8.300000000 0.006157367960
761.000000000  8.300000000 0.006174209530
761.025024000  8.300000000 0.006176576480
761.050049000  8.300000000 0.006164235060
761.075012000  8.300000000 0.006137008310
761.100037000  8.300000000 0.006094777030
761.125000000  8.300000000 0.006037475080
761.150024000  8.300000000 0.005965099200
761.175049000  8.300000000 0.005877704830
761.200012000  8.300000000 0.005775407420
761.225037000  8.300000000 0.005658377890
761.250000000  8.300000000 0.005526843480
761.275024000  8.300000000 0.005381083120
761.300049000  8.300000000 0.005221424620
761.325012000  8.300000000 0.005048240530
761.350037000  8.300000000 0.004861951340
761.375000000  8.300000000 0.004663008730
761.400024000  8.300000000 0.004451905840
761.425049000  8.300000000 0.004229167480
761.450012000  8.300000000 0.003995343580
761.475037000  8.300000000 0.003751012260
761.500000000  8.300000000 0.003496764230
761.525024000  8.300000000 0.003233206230
761.550049000  8.300000000 0.002960956660
761.575012000  8.300000000 0.002680632980
761.600037000  8.300000000 0.002392856170
761.625000000  8.300000000 0.002098245310
761.650024000  8.300000000 0.001797411130
761.675049000  8.300000000 0.001490960480
761.700012000  8.300000000 0.001179481970
761.725037000  8.300000000 0.000863553549
761.750000000  8.300000000 0.000543736736
761.775024000  8.300000000 0.000220577029
761.800049000  8.300000000 -0.000105394131
761.825012000  8.300000000 -0.000433663954
761.850037000  8.300000000 -0.000763738120
761.875000000  8.300000000 -0.001095138370
761.900024000  8.300000000 -0.001427405400
761.925049000  8.300000000 -0.001760094540
761.950012000  8.300000000 -0.002092774260
761.975037000  8.300000000 -0.002425027550
762.000000000  8.300000000 -0.002756446600
762.025024000  8.300000000 -0.003086633750
762.050049000  8.300000000 -0.003415197830
762.075012000  8.300000000 -0.003741752820
762.100037000  8.300000000 -0.004065919200
762.125000000  8.300000000 -0.004387319090
762.150024000  8.300000000 -0.004705579490
762.175049000  8.300000000 -0.005020328330
762.200012000  8.300000000 -0.005331197750
762.225037000  8.300000000 -0.005637822670
762.250000000  8.300000000 -0.005939839410
762.275024000  8.300000000 -0.006236889870
762.300049000  8.300000000 -0.006528621070
762.325012000  8.300000000 -0.006814683320
762.350037000  8.300000000 -0.007094730620
762.375000000  8.300000000 -0.007368425840
762.400024000  8.300000000 -0.007635440680
762.425049000  8.300000000 -0.007895451970
762.450012000  8.300000000 -0.008148150520
762.475037000  8.300000000 -0.008393241090
762.500000000  8.300000000 -0.008630438710
762.525024000  8.300000000 -0.008859474210
762.550049000  8.300000000 -0.009080096150
762.575012000  8.300000000 -0.009292060510
762.600037000  8.300000000 -0.009495153090
762.625000000  8.300000000 -0.009689169940
762.650024000  8.300000000 -0.009873935950
762.675049000  8.300000000 -0.010049301200
762.700012000  8.300000000 -0.010215132500
762.725037000  8.300000000 -0.010371335800
762.750000000  8.300000000 -0.010517836500
762.775024000  8.300000000 -0.010654597500
762.800049000  8.300000000 -0.010781603900
762.825012000  8.300000000 -0.010898885300
762.850037000  8.300000000 -0.011006492200
762.875000000  8.300000000 -0.011104523200
762.900024000  8.300000000 -0.011193104100
762.925049000  8.300000000 -0.011272412700
762.950012000  8.300000000 -0.011342660500
762.975037000  8.300000000 -0.011404112900
763.000000000  8.300000000 -0.011457072600
763.025024000  8.300000000 -0.011501886000
763.050049000  8.300000000 -0.011538939600
763.075012000  8.300000000 -0.011568648700
763.100037000  8.300000000 -0.011591483800
763.125000000  8.300000000 -0.011607931000
763.150024000  8.300000000 -0.011618528500
763.175049000  8.300000000 -0.011623843600
763.200012000  8.300000000 -0.011624471300
763.225037000  8.300000000 -0.011621041200
763.250000000  8.300000000 -0.011614200700
763.275024000  8.300000000 -0.011604612700
763.300049000  8.300000000 -0.011592955300
763.325012000  8.300000000 -0.011579911200
763.350037000  8.300000000 -0.011566169600
763.375000000  8.300000000 -0.011552411100
763.400024000  8.300000000 -0.011539317700
763.425049000  8.300000000 -0.011527555100
763.450012000  8.300000000 -0.011517775200
763.475037000  8.300000000 -0.011510603100
763.500000000  8.300000000 -0.011506649700
763.525024000  8.300000000 -0.011506488500
763.550049000  8.300000000 -0.011510666500
763.575012000  8.300000000 -0.011519699400
763.600037000  8.300000000 -0.011534059400
763.625000000  8.300000000 -0.011554193700
763.650024000  8.300000000 -0.011580497000
763.675049000  8.300000000 -0.011613326100
763.700012000  8.300000000 -0.011652995800
763.725037000  8.300000000 -0.011699765000
763.750000000  8.300000000 -0.011753857100
763.775024000  8.300000000 -0.011815452000
763.800049000  8.300000000 -0.011884679100
763.825012000  8.300000000 -0.011961625900
763.850037000  8.300000000 -0.012046337100
763.875000000  8.300000000 -0.012138825800
763.900024000  8.300000000 -0.012239038000
763.925049000  8.300000000 -0.012346900100
763.950012000  8.300000000 -0.012462278800
763.975037000  8.300000000 -0.012585001100
764.000000000  8.300000000 -0.012714845100
764.025024000  8.300000000 -0.012851539100
764.050049000  8.300000000 -0.012994779300
764.075012000  8.300000000 -0.013144212800
764.100037000  8.300000000 -0.013299452100
764.125000000  8.300000000 -0.013460086700
764.150024000  8.300000000 -0.013625664600
764.175049000  8.300000000 -0.013795723200
764.200012000  8.300000000 -0.013969773400
764.225037000  8.300000000 -0.014147312400
764.250000000  8.300000000 -0.014327829700
764.275024000  8.300000000 -0.014510794500
764.300049000  8.300000000 -0.014695693700
764.325012000  8.300000000 -0.014881994600
764.350037000  8.300000000 -0.015069186700
764.375000000  8.300000000 -0.015256768100
764.400024000  8.300000000 -0.015444262000
764.425049000  8.300000000 -0.015631210100
764.450012000  8.300000000 -0.015817180300
764.475037000  8.300000000 -0.016001775900
764.500000000  8.300000000 -0.016184635500
764.525024000  8.300000000 -0.016365433100
764.550049000  8.300000000 -0.016543885700
764.575012000  8.300000000 -0.016719764100
764.600037000  8.300000000 -0.016892867200
764.625000000  8.300000000 -0.017063062600
764.650024000  8.300000000 -0.017230242500
764.675049000  8.300000000 -0.017394362000
764.700012000  8.300000000 -0.017555423100
764.725037000  8.300000000 -0.017713472200
764.750000000  8.300000000 -0.017868610100
764.775024000  8.300000000 -0.018020976300
764.800049000  8.300000000 -0.018170759100
764.825012000  8.300000000 -0.018318193000
764.850037000  8.300000000 -0.018463537100
764.875000000  8.300000000 -0.018607106100
764.900024000  8.300000000 -0.018749229600
764.925049000  8.300000000 -0.018890259800
764.950012000  8.300000000 -0.019030587700
764.975037000  8.300000000 -0.019170600900
765.000000000  8.300000000 -0.019310711000
765.025024000  8.300000000 -0.019451344400
765.050049000  8.300000000 -0.019592935200
765.075012000  8.300000000 -0.019735900700
765.100037000  8.300000000 -0.019880682200
765.125000000  8.300000000 -0.020027710100
765.150024000  8.300000000 -0.020177375500
765.175049000  8.300000000 -0.020330095700
765.200012000  8.300000000 -0.020486233800
765.225037000  8.300000000 -0.020646149300
765.250000000  8.300000000 -0.020810175700
765.275024000  8.300000000 -0.020978624000
765.300049000  8.300000000 -0.021151792300
765.325012000  8.300000000 -0.021329931900
765.350037000  8.300000000 -0.021513296300
765.375000000  8.300000000 -0.021702097700
765.400024000  8.300000000 -0.021896526200
765.425049000  8.300000000 -0.022096738200
765.450012000  8.300000000 -0.022302873400
765.475037000  8.300000000 -0.022515064100
765.500000000  8.300000000 -0.022733401500
765.525024000  8.300000000 -0.022957969500
765.550049000  8.300000000 -0.023188853600
765.575012000  8.300000000 -0.023426096900
765.600037000  8.300000000 -0.023669758800
765.625000000  8.300000000 -0.023919867400
765.650024000  8.300000000 -0.024176454200
765.675049000  8.300000000 -0.024439541600
765.700012000  8.300000000 -0.024709133400
765.725037000  8.300000000 -0.024985251900
765.750000000  8.300000000 -0.025267871100
765.775024000  8.300000000 -0.025556968500
765.800049000  8.300000000 -0.025852514400
765.825012000  8.300000000 -0.026154452900
765.850037000  8.300000000 -0.026462733700
765.875000000  8.300000000 -0.026777291700
765.900024000  8.300000000 -0.027098039200
765.925049000  8.300000000 -0.027424896100
765.950012000  8.300000000 -0.027757756400
765.975037000  8.300000000 -0.028096512000
766.000000000  8.300000000 -0.028441010000
766.025024000  8.300000000 -0.028791103500
766.050049000  8.300000000 -0.029146580000
766.075012000  8.300000000 -0.029507244000
766.100037000  8.300000000 -0.029872829100
766.125000000  8.300000000 -0.030243052200
766.150024000  8.300000000 -0.030617576100
766.175049000  8.300000000 -0.030996045100
766.200012000  8.300000000 -0.031378034500
766.225037000  8.300000000 -0.031763088000
766.250000000  8.300000000 -0.032150700700
766.275024000  8.300000000 -0.032540332500
766.300049000  8.300000000 -0.032931372500
766.325012000  8.300000000 -0.033323172500
766.350037000  8.300000000 -0.033715013400
766.375000000  8.300000000 -0.034106165200
766.400024000  8.300000000 -0.034495815600
766.425049000  8.300000000 -0.034883130300
766.450012000  8.300000000 -0.035267204000
766.475037000  8.300000000 -0.035647131500
766.500000000  8.300000000 -0.036021951600
766.525024000  8.300000000 -0.036390654700
766.550049000  8.300000000 -0.036752227700
766.575012000  8.300000000 -0.037105608700
766.600037000  8.300000000 -0.037449713800
766.625000000  8.300000000 -0.037783432800
766.650024000  8.300000000 -0.038105659200
766.675049000  8.300000000 -0.038415264300
766.700012000  8.300000000 -0.038711115700
766.725037000  8.300000000 -0.038992110600
766.750000000  8.300000000 -0.039257165000
766.775024000  8.300000000 -0.039505220900
766.800049000  8.300000000 -0.039735239000
766.825012000  8.300000000 -0.039946258100
766.850037000  8.300000000 -0.040137343100
766.875000000  8.300000000 -0.040307663400
766.900024000  8.300000000 -0.040456414200
766.925049000  8.300000000 -0.040582910200
766.950012000  8.300000000 -0.040686540300
766.975037000  8.300000000 -0.040766768200
767.000000000  8.300000000 -0.040823198900
767.025024000  8.300000000 -0.040855530600
767.050049000  8.300000000 -0.040863547500
767.075012000  8.300000000 -0.040847167400
767.100037000  8.300000000 -0.040806416400
767.125000000  8.300000000 -0.040741395200
767.150024000  8.300000000 -0.040652353300
767.175049000  8.300000000 -0.040539626000
767.200012000  8.300000000 -0.040403626900
767.225037000  8.300000000 -0.040244888500
767.250000000  8.300000000 -0.040064014500
767.275024000  8.300000000 -0.039861653000
767.300049000  8.300000000 -0.039638508100
767.325012000  8.300000000 -0.039395280200
767.350037000  8.300000000 -0.039132718000
767.375000000  8.300000000 -0.038851510700
767.400024000  8.300000000 -0.038552302900
767.425049000  8.300000000 -0.038235694200
767.450012000  8.300000000 -0.037902157800
767.475037000  8.300000000 -0.037552095900
767.500000000  8.300000000 -0.037185732300
767.525024000  8.300000000 -0.036803171000
767.550049000  8.300000000 -0.036404341500
767.575012000  8.300000000 -0.035989008800
767.600037000  8.300000000 -0.035556737300
767.625000000  8.300000000 -0.035106897400
767.650024000  8.300000000 -0.034638680500
767.675049000  8.300000000 -0.034151047500
767.700012000  8.300000000 -0.033642772600
767.725037000  8.300000000 -0.033112410500
767.750000000  8.300000000 -0.032558281000
767.775024000  8.300000000 -0.031978525200
767.800049000  8.300000000 -0.031371101700
767.825012000  8.300000000 -0.030733743700
767.850037000  8.300000000 -0.030064057600
767.875000000  8.300000000 -0.029359491500
767.900024000  8.300000000 -0.028617393200
767.925049000  8.300000000 -0.027835024500
767.950012000  8.300000000 -0.027009587700
767.975037000  8.300000000 -0.026138279600
768.000000000  8.300000000 -0.025218352700
768.025024000  8.300000000 -0.024247085700
768.050049000  8.300000000 -0.023221902500
768.075012000  8.300000000 -0.022140419100
768.100037000  8.300000000 -0.021000420700
768.125000000  8.300000000 -0.019800027800
768.150024000  8.300000000 -0.018537616400
768.175049000  8.300000000 -0.017211962500
768.200012000  8.300000000 -0.015822218700
768.225037000  8.300000000 -0.014367996700
768.250000000  8.300000000 -0.012849363500
768.275024000  8.300000000 -0.011266860200
768.300049000  8.300000000 -0.009621523320
768.325012000  8.300000000 -0.007914897050
768.350037000  8.300000000 -0.006149026570
768.375000000  8.300000000 -0.004326444580
768.400024000  8.300000000 -0.002450160450
768.425049000  8.300000000 -0.000523652707
768.450012000  8.300000000 0.001449162490
768.475037000  8.300000000 0.003463952340
768.500000000  8.300000000 0.005516010800
768.525024000  8.300000000 0.007600259500
768.550049000  8.300000000 0.009711315860
768.575012000  8.300000000 0.011843515600
768.600037000  8.300000000 0.013990946100
768.625000000  8.300000000 0.016147520400
768.650024000  8.300000000 0.018306972500
768.675049000  8.300000000 0.020462945100
768.700012000  8.300000000 0.022609021500
768.725037000  8.300000000 0.024738760700
768.750000000  8.300000000 0.026845766200
768.775024000  8.300000000 0.028923697800
768.800049000  8.300000000 0.030966356400
768.825012000  8.300000000 0.032967709000
768.850037000  8.300000000 0.034921940400
768.875000000  8.300000000 0.036823514800
768.900024000  8.300000000 0.038667190800
768.925049000  8.300000000 0.040448095600
768.950012000  8.300000000 0.042161740400
768.975037000  8.300000000 0.043804075600
769.000000000  8.300000000 0.045371495200
769.025024000  8.300000000 0.046860892300
769.050049000  8.300000000 0.048269592200
769.075012000  8.300000000 0.049595464000
769.100037000  8.300000000 0.050836760600
769.125000000  8.300000000 0.051992200300
769.150024000  8.300000000 0.053060874300
769.175049000  8.300000000 0.054042197800
769.200012000  8.300000000 0.054935902400
769.225037000  8.300000000 0.055741891300
769.250000000  8.300000000 0.056460272500
769.275024000  8.300000000 0.057091247300
769.300049000  8.300000000 0.057635083800
769.325012000  8.300000000 0.058092087500
769.350037000  8.300000000 0.058462552700
769.375000000  8.300000000 0.058746773700
769.400024000  8.300000000 0.058945011300
769.425049000  8.300000000 0.059057526300
769.450012000  8.300000000 0.059084560700
769.475037000  8.300000000 0.059026416400
769.500000000  8.300000000 0.058883417400
769.525024000  8.300000000 0.058656007100
769.550049000  8.300000000 0.058344721800
769.575012000  8.300000000 0.057950288100
769.600037000  8.300000000 0.057473607400
769.625000000  8.300000000 0.056915842000
769.650024000  8.300000000 0.056278388900
769.675049000  8.300000000 0.055562891100
769.700012000  8.300000000 0.054771300400
769.725037000  8.300000000 0.053905859600
769.750000000  8.300000000 0.052969075700
769.775024000  8.300000000 0.051963776400
769.800049000  8.300000000 0.050893057100
769.825012000  8.300000000 0.049760311800
769.850037000  8.300000000 0.048569191200
769.875000000  8.300000000 0.047323662800
769.900024000  8.300000000 0.046027950900
769.925049000  8.300000000 0.044686570800
769.950012000  8.300000000 0.043304339100
769.975037000  8.300000000 0.041886340800
770.000000000  8.300000000 0.040437933100
770.025024000  8.300000000 0.038964737200
770.050049000  8.300000000 0.037472534900
770.075012000  8.300000000 0.035967320200
770.100037000  8.300000000 0.034455150400
770.125000000  8.300000000 0.032942142300
770.150024000  8.300000000 0.031434360900
770.175049000  8.300000000 0.029937755300
770.200012000  8.300000000 0.028458040200
770.225037000  8.300000000 0.027000624700
770.250000000  8.300000000 0.025570506200
770.275024000  8.300000000 0.024172199900
770.300049000  8.300000000 0.022809566900
770.325012000  8.300000000 0.021485840900
770.350037000  8.300000000 0.020203556900
770.375000000  8.300000000 0.018964435900
770.400024000  8.300000000 0.017769577000
770.425049000  8.300000000 0.016619296700
770.450012000  8.300000000 0.015513308300
770.475037000  8.300000000 0.014450708400
770.500000000  8.300000000 0.013430124100
770.525024000  8.300000000 0.012449674300
770.550049000  8.300000000 0.011507246600
770.575012000  8.300000000 0.010600370400
770.600037000  8.300000000 0.009726416320
770.625000000  8.300000000 0.008882635270
770.650024000  8.300000000 0.008066168050
770.675049000  8.300000000 0.007274140600
770.700012000  8.300000000 0.006503664420
770.725037000  8.300000000 0.005751845430
770.750000000  8.300000000 0.005015860310
770.775024000  8.300000000 0.004292838740
770.800049000  8.300000000 0.003579935990
770.825012000  8.300000000 0.002874301750
770.850037000  8.300000000 0.002173081740
770.875000000  8.300000000 0.001473403770
770.900024000  8.300000000 0.000772380969
770.925049000  8.300000000 0.000067120011
770.950012000  8.300000000 -0.000645238732
770.975037000  8.300000000 -0.001367466640
771.000000000  8.300000000 -0.002102201570
771.025024000  8.300000000 -0.002851866190
771.050049000  8.300000000 -0.003618522780
771.075012000  8.300000000 -0.004403852390
771.100037000  8.300000000 -0.005208994260
771.125000000  8.300000000 -0.006034523710
771.150024000  8.300000000 -0.006880365780
771.175049000  8.300000000 -0.007745742800
771.200012000  8.300000000 -0.008629214020
771.225037000  8.300000000 -0.009528681640
771.250000000  8.300000000 -0.010441453200
771.275024000  8.300000000 -0.011364323100
771.300049000  8.300000000 -0.012293709400
771.325012000  8.300000000 -0.013225697900
771.350037000  8.300000000 -0.014156219500
771.375000000  8.300000000 -0.015081100200
771.400024000  8.300000000 -0.015996133900
771.425049000  8.300000000 -0.016897173600
771.450012000  8.300000000 -0.017780127000
771.475037000  8.300000000 -0.018640970800
771.500000000  8.300000000 -0.019475780400
771.525024000  8.300000000 -0.020280683400
771.550049000  8.300000000 -0.021051857600
771.575012000  8.300000000 -0.021785525600
771.600037000  8.300000000 -0.022477893200
771.625000000  8.300000000 -0.023125212600
771.650024000  8.300000000 -0.023723715900
771.675049000  8.300000000 -0.024269659100
771.700012000  8.300000000 -0.024759337300
771.725037000  8.300000000 -0.025189125900
771.750000000  8.300000000 -0.025555480300
771.775024000  8.300000000 -0.025855045800
771.800049000  8.300000000 -0.026084655900
771.825012000  8.300000000 -0.026241449600
771.850037000  8.300000000 -0.026322901200
771.875000000  8.300000000 -0.026326900300
771.900024000  8.300000000 -0.026251852500
771.925049000  8.300000000 -0.026096699800
771.950012000  8.300000000 -0.025861056500
771.975037000  8.300000000 -0.025545192900
772.000000000  8.300000000 -0.025150120300
772.025024000  8.300000000 -0.024677613800
772.050049000  8.300000000 -0.024130204700
772.075012000  8.300000000 -0.023511186200
772.100037000  8.300000000 -0.022824579800
772.125000000  8.300000000 -0.022075096100
772.150024000  8.300000000 -0.021268067900
772.175049000  8.300000000 -0.020409373600
772.200012000  8.300000000 -0.019505439300
772.225037000  8.300000000 -0.018563089900
772.250000000  8.300000000 -0.017589615700
772.275024000  8.300000000 -0.016592668400
772.300049000  8.300000000 -0.015580246200
772.325012000  8.300000000 -0.014560741400
772.350037000  8.300000000 -0.013542820700
772.375000000  8.300000000 -0.012535478900
772.400024000  8.300000000 -0.011547998500
772.425049000  8.300000000 -0.010589855700
772.450012000  8.300000000 -0.009670695290
772.475037000  8.300000000 -0.008800275620
772.500000000  8.300000000 -0.007988376540
772.525024000  8.300000000 -0.007244685200
772.550049000  8.300000000 -0.006578746250
772.575012000  8.300000000 -0.005999789110
772.600037000  8.300000000 -0.005516703240
772.625000000  8.300000000 -0.005137767640
772.650024000  8.300000000 -0.004870648500
772.675049000  8.300000000 -0.004722186830
772.700012000  8.300000000 -0.004698319830
772.725037000  8.300000000 -0.004803946710
772.750000000  8.300000000 -0.005042938520
772.775024000  8.300000000 -0.005417987240
772.800049000  8.300000000 -0.005930707320
772.825012000  8.300000000 -0.006581557910
772.850037000  8.300000000 -0.007369851230
772.875000000  8.300000000 -0.008293899710
772.900024000  8.300000000 -0.009350906130
772.925049000  8.300000000 -0.010537153100
772.950012000  8.300000000 -0.011847955200
772.975037000  8.300000000 -0.013277758800
773.000000000  8.300000000 -0.014820261900
773.025024000  8.300000000 -0.016468344300
773.050049000  8.300000000 -0.018214270500
773.075012000  8.300000000 -0.020049653900
773.100037000  8.300000000 -0.021965529800
773.125000000  8.300000000 -0.023952430100
773.150024000  8.300000000 -0.026000348900
773.175049000  8.300000000 -0.028098883100
773.200012000  8.300000000 -0.030237197900
773.225037000  8.300000000 -0.032404150800
773.250000000  8.300000000 -0.034588314600
773.275024000  8.300000000 -0.036778137100
773.300049000  8.300000000 -0.038962017700
773.325012000  8.300000000 -0.041128430500
773.350037000  8.300000000 -0.043266095200
773.375000000  8.300000000 -0.045364085600
773.400024000  8.300000000 -0.047411982000
773.425049000  8.300000000 -0.049399968200
773.450012000  8.300000000 -0.051318954700
773.475037000  8.300000000 -0.053160637600
773.500000000  8.300000000 -0.054917544100
773.525024000  8.300000000 -0.056583050600
773.550049000  8.300000000 -0.058151442600
773.575012000  8.300000000 -0.059617810000
773.600037000  8.300000000 -0.060978040100
773.625000000  8.300000000 -0.062228869600
773.650024000  8.300000000 -0.063367702100
773.675049000  8.300000000 -0.064392663500
773.700012000  8.300000000 -0.065302476300
773.725037000  8.300000000 -0.066096492100
773.750000000  8.300000000 -0.066774599300
773.775024000  8.300000000 -0.067337140400
773.800049000  8.300000000 -0.067784935200
773.825012000  8.300000000 -0.068119242800
773.850037000  8.300000000 -0.068341657500
773.875000000  8.300000000 -0.068454153800
773.900024000  8.300000000 -0.068459063800
773.925049000  8.300000000 -0.068359002500
773.950012000  8.300000000 -0.068156905500
773.975037000  8.300000000 -0.067855998900
774.000000000  8.300000000 -0.067459799300
774.025024000  8.300000000 -0.066972069400
774.050049000  8.300000000 -0.066396772900
774.075012000  8.300000000 -0.065738089400
774.100037000  8.300000000 -0.065000273300
774.125000000  8.300000000 -0.064187690600
774.150024000  8.300000000 -0.063304603100
774.175049000  8.300000000 -0.062355186800
774.200012000  8.300000000 -0.061343409100
774.225037000  8.300000000 -0.060272961900
774.250000000  8.300000000 -0.059147171700
774.275024000  8.300000000 -0.057969011400
774.300049000  8.300000000 -0.056741040200
774.325012000  8.300000000 -0.055465500800
774.350037000  8.300000000 -0.054144267000
774.375000000  8.300000000 -0.052779015200
774.400024000  8.300000000 -0.051371231700
774.425049000  8.300000000 -0.049922343300
774.450012000  8.300000000 -0.048433709900
774.475037000  8.300000000 -0.046906773000
774.500000000  8.300000000 -0.045343045100
774.525024000  8.300000000 -0.043744098400
774.550049000  8.300000000 -0.042111598000
774.575012000  8.300000000 -0.040447276100
774.600037000  8.300000000 -0.038752865000
774.625000000  8.300000000 -0.037030048700
774.650024000  8.300000000 -0.035280436300
774.675049000  8.300000000 -0.033505480700
774.700012000  8.300000000 -0.031706493300
774.725037000  8.300000000 -0.029884535800
774.750000000  8.300000000 -0.028040487300
774.775024000  8.300000000 -0.026175022100
774.800049000  8.300000000 -0.024288673000
774.825012000  8.300000000 -0.022381868200
774.850037000  8.300000000 -0.020455017700
774.875000000  8.300000000 -0.018508613100
774.900024000  8.300000000 -0.016543228200
774.925049000  8.300000000 -0.014559642400
774.950012000  8.300000000 -0.012558868200
774.975037000  8.300000000 -0.010542156200
775.000000000  8.300000000 -0.008511022660
775.025024000  8.300000000 -0.006467259020
775.050049000  8.300000000 -0.004412857820
775.075012000  8.300000000 -0.002350072140
775.100037000  8.300000000 -0.000281330373
775.125000000  8.300000000 0.001790732150
775.150024000  8.300000000 0.003863347000
775.175049000  8.300000000 0.005933556710
775.200012000  8.300000000 0.007998317480
775.225037000  8.300000000 0.010054457000
775.250000000  8.300000000 0.012098709100
775.275024000  8.300000000 0.014127775100
775.300049000  8.300000000 0.016138283500
775.325012000  8.300000000 0.018126916100
775.350037000  8.300000000 0.020090380700
775.375000000  8.300000000 0.022025525600
775.400024000  8.300000000 0.023929316600
775.425049000  8.300000000 0.025798928000
775.450012000  8.300000000 0.027631759600
775.475037000  8.300000000 0.029425520400
775.500000000  8.300000000 0.031178208100
775.525024000  8.300000000 0.032888174100
775.550049000  8.300000000 0.034554127600
775.575012000  8.300000000 0.036175150400
775.600037000  8.300000000 0.037750661400
775.625000000  8.300000000 0.039280403400
775.650024000  8.300000000 0.040764462200
775.675049000  8.300000000 0.042203147000
775.700012000  8.300000000 0.043597020200
775.725037000  8.300000000 0.044946860500
775.750000000  8.300000000 0.046253629000
775.775024000  8.300000000 0.047518465700
775.800049000  8.300000000 0.048742692900
775.825012000  8.300000000 0.049927800900
775.850037000  8.300000000 0.051075436200
775.875000000  8.300000000 0.052187349600
775.900024000  8.300000000 0.053265508300
775.925049000  8.300000000 0.054311927400
775.950012000  8.300000000 0.055328737900
775.975037000  8.300000000 0.056318134100
776.000000000  8.300000000 0.057282324900
776.025024000  8.300000000 0.058223575400
776.050049000  8.300000000 0.059144150500
776.075012000  8.300000000 0.060046326400
776.100037000  8.300000000 0.060932420200
776.125000000  8.300000000 0.061804782600
776.150024000  8.300000000 0.062665827600
776.175049000  8.300000000 0.063518002600
776.200012000  8.300000000 0.064363881900
776.225037000  8.300000000 0.065206140300
776.250000000  8.300000000 0.066047541800
776.275024000  8.300000000 0.066890955000
776.300049000  8.300000000 0.067739449400
776.325012000  8.300000000 0.068596221500
776.350037000  8.300000000 0.069464676100
776.375000000  8.300000000 0.070348396900
776.400024000  8.300000000 0.071251213600
776.425049000  8.300000000 0.072177186600
776.450012000  8.300000000 0.073130570400
776.475037000  8.300000000 0.074115768100
776.500000000  8.300000000 0.075137391700
776.525024000  8.300000000 0.076200112700
776.550049000  8.300000000 0.077308677100
776.575012000  8.300000000 0.078467816100
776.600037000  8.300000000 0.079682208600
776.625000000  8.300000000 0.080956369600
776.650024000  8.300000000 0.082294642900
776.675049000  8.300000000 0.083701081600
776.700012000  8.300000000 0.085179418300
776.725037000  8.300000000 0.086732998500
776.750000000  8.300000000 0.088364757600
776.775024000  8.300000000 0.090077079800
776.800049000  8.300000000 0.091871850200
776.825012000  8.300000000 0.093750283100
776.850037000  8.300000000 0.095712892700
776.875000000  8.300000000 0.097759380900
776.900024000  8.300000000 0.099888637700
776.925049000  8.300000000 0.102098495000
776.950012000  8.300000000 0.104385898000
776.975037000  8.300000000 0.106746674000
777.000000000  8.300000000 0.109175555000
777.025024000  8.300000000 0.111666262000
777.050049000  8.300000000 0.114211395000
777.075012000  8.300000000 0.116802514000
777.100037000  8.300000000 0.119430199000
777.125000000  8.300000000 0.122084081000
777.150024000  8.300000000 0.124752939000
777.175049000  8.300000000 0.127424732000
777.200012000  8.300000000 0.130086705000
777.225037000  8.300000000 0.132725522000
777.250000000  8.300000000 0.135327294000
777.275024000  8.300000000 0.137877703000
777.300049000  8.300000000 0.140362069000
777.325012000  8.300000000 0.142765537000
777.350037000  8.300000000 0.145073071000
777.375000000  8.300000000 0.147269681000
777.400024000  8.300000000 0.149340376000
777.425049000  8.300000000 0.151270464000
777.450012000  8.300000000 0.153045505000
777.475037000  8.300000000 0.154651448000
777.500000000  8.300000000 0.156074986000
777.525024000  8.300000000 0.157303303000
777.550049000  8.300000000 0.158324629000
777.575012000  8.300000000 0.159128085000
777.600037000  8.300000000 0.159703955000
777.625000000  8.300000000 0.160043746000
777.650024000  8.300000000 0.160140499000
777.675049000  8.300000000 0.159988642000
777.700012000  8.300000000 0.159584269000
777.725037000  8.300000000 0.158925176000
777.750000000  8.300000000 0.158010975000
777.775024000  8.300000000 0.156843036000
777.800049000  8.300000000 0.155424803000
777.825012000  8.300000000 0.153761491000
777.850037000  8.300000000 0.151860446000
777.875000000  8.300000000 0.149730831000
777.900024000  8.300000000 0.147383884000
777.925049000  8.300000000 0.144832730000
777.950012000  8.300000000 0.142092317000
777.975037000  8.300000000 0.139179379000
778.000000000  8.300000000 0.136112258000
778.025024000  8.300000000 0.132910758000
778.050049000  8.300000000 0.129595995000
778.075012000  8.300000000 0.126190141000
778.100037000  8.300000000 0.122716285000
778.125000000  8.300000000 0.119198106000
778.150024000  8.300000000 0.115659736000
778.175049000  8.300000000 0.112125523000
778.200012000  8.300000000 0.108619742000
778.225037000  8.300000000 0.105166413000
778.250000000  8.300000000 0.101789206000
778.275024000  8.300000000 0.098511040200
778.300049000  8.300000000 0.095354087700
778.325012000  8.300000000 0.092339627400
778.350037000  8.300000000 0.089487761300
778.375000000  8.300000000 0.086817413600
778.400024000  8.300000000 0.084346130500
778.425049000  8.300000000 0.082090079800
778.450012000  8.300000000 0.080063864600
778.475037000  8.300000000 0.078280583000
778.500000000  8.300000000 0.076751500400
778.525024000  8.300000000 0.075486414100
778.550049000  8.300000000 0.074493221900
778.575012000  8.300000000 0.073778204600
778.600037000  8.300000000 0.073345944300
778.625000000  8.300000000 0.073199220000
778.650024000  8.300000000 0.073339171700
778.675049000  8.300000000 0.073765285300
778.700012000  8.300000000 0.074475415100
778.725037000  8.300000000 0.075465694100
778.750000000  8.300000000 0.076730795200
778.775024000  8.300000000 0.078263737300
778.800049000  8.300000000 0.080055922300
778.825012000  8.300000000 0.082097232300
778.850037000  8.300000000 0.084376066900
778.875000000  8.300000000 0.086879141600
778.900024000  8.300000000 0.089591711800
778.925049000  8.300000000 0.092497490300
778.950012000  8.300000000 0.095578834400
778.975037000  8.300000000 0.098816469300
779.000000000  8.300000000 0.102189854000
779.025024000  8.300000000 0.105677053000
779.050049000  8.300000000 0.109254777000
779.075012000  8.300000000 0.112898611000
779.100037000  8.300000000 0.116582923000
779.125000000  8.300000000 0.120281078000
779.150024000  8.300000000 0.123965576000
779.175049000  8.300000000 0.127608210000
779.200012000  8.300000000 0.131180257000
779.225037000  8.300000000 0.134652600000
779.250000000  8.300000000 0.137996048000
779.275024000  8.300000000 0.141181707000
779.300049000  8.300000000 0.144181028000
779.325012000  8.300000000 0.146966279000
779.350037000  8.300000000 0.149510726000
779.375000000  8.300000000 0.151788995000
779.400024000  8.300000000 0.153777406000
779.425049000  8.300000000 0.155454144000
779.450012000  8.300000000 0.156799480000
779.475037000  8.300000000 0.157796025000
779.500000000  8.300000000 0.158428892000
779.525024000  8.300000000 0.158685789000
779.550049000  8.300000000 0.158557117000
779.575012000  8.300000000 0.158036143000
779.600037000  8.300000000 0.157118887000
779.625000000  8.300000000 0.155804306000
779.650024000  8.300000000 0.154094353000
779.675049000  8.300000000 0.151993766000
779.700012000  8.300000000 0.149510235000
779.725037000  8.300000000 0.146654218000
779.750000000  8.300000000 0.143439069000
779.775024000  8.300000000 0.139880776000
779.800049000  8.300000000 0.135997981000
779.825012000  8.300000000 0.131811887000
779.850037000  8.300000000 0.127346128000
779.875000000  8.300000000 0.122626588000
779.900024000  8.300000000 0.117681377000
779.925049000  8.300000000 0.112540483000
779.950012000  8.300000000 0.107235648000
779.975037000  8.300000000 0.101800144000
780.000000000  8.300000000 0.096268370700
780.025024000  8.300000000 0.090675644600
780.050049000  8.300000000 0.085057809900
780.075012000  8.300000000 0.079450957500
780.100037000  8.300000000 0.073891043700
780.125000000  8.300000000 0.068413525800
780.150024000  8.300000000 0.063053019300
780.175049000  8.300000000 0.057843010900
780.200012000  8.300000000 0.052815504400
780.225037000  8.300000000 0.048000771600
780.250000000  8.300000000 0.043427027800
780.275024000  8.300000000 0.039120286700
780.300049000  8.300000000 0.035103995400
780.325012000  8.300000000 0.031399037700
780.350037000  8.300000000 0.028023434800
780.375000000  8.300000000 0.024992339300
780.400024000  8.300000000 0.022317944100
780.425049000  8.300000000 0.020009350000
780.450012000  8.300000000 0.018072718800
780.475037000  8.300000000 0.016511125500
780.500000000  8.300000000 0.015324649400
780.525024000  8.300000000 0.014510383800
780.550049000  8.300000000 0.014062474500
780.575012000  8.300000000 0.013972221900
780.600037000  8.300000000 0.014228115800
780.625000000  8.300000000 0.014815922800
780.650024000  8.300000000 0.015718864300
780.675049000  8.300000000 0.016917634800
780.700012000  8.300000000 0.018390726300
780.725037000  8.300000000 0.020114364100
780.750000000  8.300000000 0.022062938700
780.775024000  8.300000000 0.024208970400
780.800049000  8.300000000 0.026523426200
780.825012000  8.300000000 0.028975868600
780.850037000  8.300000000 0.031534705300
780.875000000  8.300000000 0.034167368000
780.900024000  8.300000000 0.036840621400
780.925049000  8.300000000 0.039520751700
780.950012000  8.300000000 0.042173825200
780.975037000  8.300000000 0.044765893400
781.000000000  8.300000000 0.047263279600
781.025024000  8.300000000 0.049632843600
781.050049000  8.300000000 0.051842078600
781.075012000  8.300000000 0.053859528200
781.100037000  8.300000000 0.055654827500
781.125000000  8.300000000 0.057199068400
781.150024000  8.300000000 0.058464855000
781.175049000  8.300000000 0.059426613200
781.200012000  8.300000000 0.060060780500
781.225037000  8.300000000 0.060345836000
781.250000000  8.300000000 0.060262512400
781.275024000  8.300000000 0.059794019900
781.300049000  8.300000000 0.058926116700
781.325012000  8.300000000 0.057647191000
781.350037000  8.300000000 0.055948443700
781.375000000  8.300000000 0.053823866000
781.400024000  8.300000000 0.051270362000
781.425049000  8.300000000 0.048287708300
781.450012000  8.300000000 0.044878631800
781.475037000  8.300000000 0.041048742800
781.500000000  8.300000000 0.036806520100
781.525024000  8.300000000 0.032163199000
781.550049000  8.300000000 0.027132736500
781.575012000  8.300000000 0.021731650500
781.600037000  8.300000000 0.015978829900
781.625000000  8.300000000 0.009895510970
781.650024000  8.300000000 0.003504963130
781.675049000  8.300000000 -0.003167622720
781.700012000  8.300000000 -0.010095249900
781.725037000  8.300000000 -0.017249329000
781.750000000  8.300000000 -0.024599779400
781.775024000  8.300000000 -0.032115180000
781.800049000  8.300000000 -0.039762858300
781.825012000  8.300000000 -0.047509059300
781.850037000  8.300000000 -0.055319041000
781.875000000  8.300000000 -0.063157223200
781.900024000  8.300000000 -0.070987395900
781.925049000  8.300000000 -0.078772805600
781.950012000  8.300000000 -0.086476407900
781.975037000  8.300000000 -0.094061061700
782.000000000  8.300000000 -0.101489723000
782.025024000  8.300000000 -0.108725764000
782.050049000  8.300000000 -0.115733124000
782.075012000  8.300000000 -0.122476660000
782.100037000  8.300000000 -0.128922343000
782.125000000  8.300000000 -0.135037661000
782.150024000  8.300000000 -0.140791833000
782.175049000  8.300000000 -0.146156058000
782.200012000  8.300000000 -0.151103795000
782.225037000  8.300000000 -0.155611157000
782.250000000  8.300000000 -0.159656972000
782.275024000  8.300000000 -0.163223043000
782.300049000  8.300000000 -0.166294307000
782.325012000  8.300000000 -0.168859005000
782.350037000  8.300000000 -0.170908689000
782.375000000  8.300000000 -0.172438398000
782.400024000  8.300000000 -0.173446432000
782.425049000  8.300000000 -0.173934579000
782.450012000  8.300000000 -0.173907951000
782.475037000  8.300000000 -0.173374891000
782.500000000  8.300000000 -0.172346875000
782.525024000  8.300000000 -0.170838535000
782.550049000  8.300000000 -0.168867365000
782.575012000  8.300000000 -0.166453719000
782.600037000  8.300000000 -0.163620651000
782.625000000  8.300000000 -0.160393789000
782.650024000  8.300000000 -0.156801134000
782.675049000  8.300000000 -0.152872890000
782.700012000  8.300000000 -0.148641244000
782.725037000  8.300000000 -0.144140139000
782.750000000  8.300000000 -0.139404923000
782.775024000  8.300000000 -0.134472236000
782.800049000  8.300000000 -0.129379421000
782.825012000  8.300000000 -0.124164581000
782.850037000  8.300000000 -0.118865997000
782.875000000  8.300000000 -0.113522083000
782.900024000  8.300000000 -0.108170912000
782.925049000  8.300000000 -0.102850102000
782.950012000  8.300000000 -0.097596548500
782.975037000  8.300000000 -0.092446029200
783.000000000  8.300000000 -0.087433055000
783.025024000  8.300000000 -0.082590609800
783.050049000  8.300000000 -0.077949903900
783.075012000  8.300000000 -0.073540076600
783.100037000  8.300000000 -0.069388091600
783.125000000  8.300000000 -0.065518505900
783.150024000  8.300000000 -0.061953358400
783.175049000  8.300000000 -0.058712076400
783.200012000  8.300000000 -0.055811394000
783.225037000  8.300000000 -0.053265396500
783.250000000  8.300000000 -0.051085472100
783.275024000  8.300000000 -0.049280427400
783.300049000  8.300000000 -0.047856520900
783.325012000  8.300000000 -0.046817503900
783.350037000  8.300000000 -0.046164672800
783.375000000  8.300000000 -0.045897007000
783.400024000  8.300000000 -0.046011157300
783.425049000  8.300000000 -0.046501569400
783.450012000  8.300000000 -0.047360654900
783.475037000  8.300000000 -0.048578776400
783.500000000  8.300000000 -0.050144515900
783.525024000  8.300000000 -0.052044693400
783.550049000  8.300000000 -0.054264586400
783.575012000  8.300000000 -0.056788031000
783.600037000  8.300000000 -0.059597548100
783.625000000  8.300000000 -0.062674596900
783.650024000  8.300000000 -0.065999515400
783.675049000  8.300000000 -0.069551780800
783.700012000  8.300000000 -0.073310062300
783.725037000  8.300000000 -0.077252276200
783.750000000  8.300000000 -0.081355653700
783.775024000  8.300000000 -0.085596725300
783.800049000  8.300000000 -0.089951351300
783.825012000  8.300000000 -0.094394765800
783.850037000  8.300000000 -0.098901480400
783.875000000  8.300000000 -0.103445530000
783.900024000  8.300000000 -0.108000457000
783.925049000  8.300000000 -0.112539344000
783.950012000  8.300000000 -0.117035255000
783.975037000  8.300000000 -0.121461108000
784.000000000  8.300000000 -0.125790074000
784.025024000  8.300000000 -0.129995704000
784.050049000  8.300000000 -0.134052262000
784.075012000  8.300000000 -0.137934834000
784.100037000  8.300000000 -0.141619697000
784.125000000  8.300000000 -0.145084396000
784.150024000  8.300000000 -0.148308098000
784.175049000  8.300000000 -0.151271701000
784.200012000  8.300000000 -0.153958142000
784.225037000  8.300000000 -0.156352445000
784.250000000  8.300000000 -0.158442020000
784.275024000  8.300000000 -0.160216630000
784.300049000  8.300000000 -0.161668792000
784.325012000  8.300000000 -0.162793517000
784.350037000  8.300000000 -0.163588643000
784.375000000  8.300000000 -0.164054871000
784.400024000  8.300000000 -0.164195478000
784.425049000  8.300000000 -0.164016634000
784.450012000  8.300000000 -0.163527101000
784.475037000  8.300000000 -0.162738308000
784.500000000  8.300000000 -0.161664084000
784.525024000  8.300000000 -0.160320535000
784.550049000  8.300000000 -0.158725962000
784.575012000  8.300000000 -0.156900525000
784.600037000  8.300000000 -0.154866144000
784.625000000  8.300000000 -0.152646109000
784.650024000  8.300000000 -0.150264964000
784.675049000  8.300000000 -0.147748098000
784.700012000  8.300000000 -0.145121604000
784.725037000  8.300000000 -0.142411858000
784.750000000  8.300000000 -0.139645383000
784.775024000  8.300000000 -0.136848539000
784.800049000  8.300000000 -0.134047285000
784.825012000  8.300000000 -0.131266937000
784.850037000  8.300000000 -0.128532007000
784.875000000  8.300000000 -0.125866115000
784.900024000  8.300000000 -0.123291649000
784.925049000  8.300000000 -0.120829828000
784.950012000  8.300000000 -0.118500657000
784.975037000  8.300000000 -0.116322644000
785.000000000  8.300000000 -0.114312991000
785.025024000  8.300000000 -0.112487525000
785.050049000  8.300000000 -0.110860489000
785.075012000  8.300000000 -0.109444641000
785.100037000  8.300000000 -0.108251140000
785.125000000  8.300000000 -0.107289426000
785.150024000  8.300000000 -0.106567279000
785.175049000  8.300000000 -0.106090620000
785.200012000  8.300000000 -0.105863728000
785.225037000  8.300000000 -0.105889022000
785.250000000  8.300000000 -0.106167309000
785.275024000  8.300000000 -0.106697701000
785.300049000  8.300000000 -0.107477851000
785.325012000  8.300000000 -0.108503871000
785.350037000  8.300000000 -0.109770432000
785.375000000  8.300000000 -0.111270897000
785.400024000  8.300000000 -0.112997249000
785.425049000  8.300000000 -0.114940137000
785.450012000  8.300000000 -0.117088854000
785.475037000  8.300000000 -0.119431473000
785.500000000  8.300000000 -0.121954620000
785.525024000  8.300000000 -0.124643669000
785.550049000  8.300000000 -0.127482712000
785.575012000  8.300000000 -0.130454570000
785.600037000  8.300000000 -0.133540854000
785.625000000  8.300000000 -0.136722043000
785.650024000  8.300000000 -0.139977649000
785.675049000  8.300000000 -0.143286273000
785.700012000  8.300000000 -0.146626040000
785.725037000  8.300000000 -0.149974480000
785.750000000  8.300000000 -0.153309152000
785.775024000  8.300000000 -0.156607613000
785.800049000  8.300000000 -0.159847721000
785.825012000  8.300000000 -0.163007781000
785.850037000  8.300000000 -0.166066796000
785.875000000  8.300000000 -0.169004619000
785.900024000  8.300000000 -0.171801940000
785.925049000  8.300000000 -0.174440578000
785.950012000  8.300000000 -0.176903635000
785.975037000  8.300000000 -0.179175571000
786.000000000  8.300000000 -0.181242213000
786.025024000  8.300000000 -0.183091179000
786.050049000  8.300000000 -0.184711441000
786.075012000  8.300000000 -0.186093807000
786.100037000  8.300000000 -0.187230870000
786.125000000  8.300000000 -0.188116744000
786.150024000  8.300000000 -0.188747242000
786.175049000  8.300000000 -0.189119875000
786.200012000  8.300000000 -0.189233452000
786.225037000  8.300000000 -0.189088300000
786.250000000  8.300000000 -0.188685834000
786.275024000  8.300000000 -0.188028872000
786.300049000  8.300000000 -0.187120929000
786.325012000  8.300000000 -0.185966596000
786.350037000  8.300000000 -0.184571072000
786.375000000  8.300000000 -0.182940230000
786.400024000  8.300000000 -0.181080535000
786.425049000  8.300000000 -0.178998679000
786.450012000  8.300000000 -0.176701903000
786.475037000  8.300000000 -0.174197674000
786.500000000  8.300000000 -0.171493843000
786.525024000  8.300000000 -0.168598533000
786.550049000  8.300000000 -0.165520310000
786.575012000  8.300000000 -0.162268043000
786.600037000  8.300000000 -0.158851162000
786.625000000  8.300000000 -0.155279517000
786.650024000  8.300000000 -0.151563540000
786.675049000  8.300000000 -0.147714153000
786.700012000  8.300000000 -0.143742889000
786.725037000  8.300000000 -0.139661625000
786.750000000  8.300000000 -0.135482863000
786.775024000  8.300000000 -0.131219387000
786.800049000  8.300000000 -0.126884326000
786.825012000  8.300000000 -0.122491017000
786.850037000  8.300000000 -0.118052915000
786.875000000  8.300000000 -0.113583520000
786.900024000  8.300000000 -0.109096147000
786.925049000  8.300000000 -0.104603902000
786.950012000  8.300000000 -0.100119546000
786.975037000  8.300000000 -0.095655202900
787.000000000  8.300000000 -0.091222502300
787.025024000  8.300000000 -0.086832329600
787.050049000  8.300000000 -0.082494787900
787.075012000  8.300000000 -0.078219242400
787.100037000  8.300000000 -0.074014246500
787.125000000  8.300000000 -0.069887615700
787.150024000  8.300000000 -0.065846368700
787.175049000  8.300000000 -0.061896838200
787.200012000  8.300000000 -0.058044634800
787.225037000  8.300000000 -0.054294757500
787.250000000  8.300000000 -0.050651565200
787.275024000  8.300000000 -0.047118786700
787.300049000  8.300000000 -0.043699644500
787.325012000  8.300000000 -0.040396735100
787.350037000  8.300000000 -0.037212114800
787.375000000  8.300000000 -0.034147251400
787.400024000  8.300000000 -0.031203026000
787.425049000  8.300000000 -0.028379732700
787.450012000  8.300000000 -0.025677105400
787.475037000  8.300000000 -0.023094328100
787.500000000  8.300000000 -0.020630074700
787.525024000  8.300000000 -0.018282620200
787.550049000  8.300000000 -0.016049776200
787.575012000  8.300000000 -0.013929029900
787.600037000  8.300000000 -0.011917560400
787.625000000  8.300000000 -0.010012261600
787.650024000  8.300000000 -0.008209850640
787.675049000  8.300000000 -0.006506836970
787.700012000  8.300000000 -0.004899613090
787.725037000  8.300000000 -0.003384492360
787.750000000  8.300000000 -0.001957712230
787.775024000  8.300000000 -0.000615487283
787.800049000  8.300000000 0.000645958877
787.825012000  8.300000000 0.001830373770
787.850037000  8.300000000 0.002941457790
787.875000000  8.300000000 0.003982835450
787.900024000  8.300000000 0.004958071280
787.925049000  8.300000000 0.005870667290
787.950012000  8.300000000 0.006724044680
787.975037000  8.300000000 0.007521554360
788.000000000  8.300000000 0.008266435000
788.025024000  8.300000000 0.008961804210
788.050049000  8.300000000 0.009610635230
788.075012000  8.300000000 0.010215741600
788.100037000  8.300000000 0.010779727300
788.125000000  8.300000000 0.011305013700
788.150024000  8.300000000 0.011793756900
788.175049000  8.300000000 0.012247897700
788.200012000  8.300000000 0.012669083700
788.225037000  8.300000000 0.013058702500
788.250000000  8.300000000 0.013417864200
788.275024000  8.300000000 0.013747406200
788.300049000  8.300000000 0.014047921600
788.325012000  8.300000000 0.014319798000
788.350037000  8.300000000 0.014563275500
788.375000000  8.300000000 0.014778492000
788.400024000  8.300000000 0.014965546300
788.425049000  8.300000000 0.015124602200
788.450012000  8.300000000 0.015255945700
788.475037000  8.300000000 0.015360064800
788.500000000  8.300000000 0.015437704500
788.525024000  8.300000000 0.015489892100
788.550049000  8.300000000 0.015517967800
788.575012000  8.300000000 0.015523628300
788.600037000  8.300000000 0.015508916200
788.625000000  8.300000000 0.015476236100
788.650024000  8.300000000 0.015428381000
788.675049000  8.300000000 0.015368503500
788.700012000  8.300000000 0.015300109100
788.725037000  8.300000000 0.015227056100
788.750000000  8.300000000 0.015153511400
788.775024000  8.300000000 0.015083937900
788.800049000  8.300000000 0.015023047100
788.825012000  8.300000000 0.014975818800
788.850037000  8.300000000 0.014947361300
788.875000000  8.300000000 0.014942958000
788.900024000  8.300000000 0.014967904400
788.925049000  8.300000000 0.015027476500
788.950012000  8.300000000 0.015126808500
788.975037000  8.300000000 0.015270799400
789.000000000  8.300000000 0.015464011600
789.025024000  8.300000000 0.015710581100
789.050049000  8.300000000 0.016014102800
789.075012000  8.300000000 0.016377598000
789.100037000  8.300000000 0.016803415500
789.125000000  8.300000000 0.017293205500
789.150024000  8.300000000 0.017847929100
789.175049000  8.300000000 0.018467845400
789.200012000  8.300000000 0.019152546300
789.225037000  8.300000000 0.019900988800
789.250000000  8.300000000 0.020711539300
789.275024000  8.300000000 0.021581985100
789.300049000  8.300000000 0.022509580500
789.325012000  8.300000000 0.023491051000
789.350037000  8.300000000 0.024522597000
789.375000000  8.300000000 0.025599889500
789.400024000  8.300000000 0.026718068900
789.425049000  8.300000000 0.027871739100
789.450012000  8.300000000 0.029054965800
789.475037000  8.300000000 0.030261259500
789.500000000  8.300000000 0.031483627900
789.525024000  8.300000000 0.032714564400
789.550049000  8.300000000 0.033946175100
789.575012000  8.300000000 0.035170197500
789.600037000  8.300000000 0.036378167600
789.625000000  8.300000000 0.037561506000
789.650024000  8.300000000 0.038711696900
789.675049000  8.300000000 0.039820395400
789.700012000  8.300000000 0.040879681700
789.725037000  8.300000000 0.041882116300
789.750000000  8.300000000 0.042820949100
789.775024000  8.300000000 0.043690219500
789.800049000  8.300000000 0.044484831400
789.825012000  8.300000000 0.045200657100
789.850037000  8.300000000 0.045834526400
789.875000000  8.300000000 0.046384241400
789.900024000  8.300000000 0.046848561600
789.925049000  8.300000000 0.047227174000
789.950012000  8.300000000 0.047520518300
789.975037000  8.300000000 0.047729820000
790.000000000  8.300000000 0.047856859900
790.025024000  8.300000000 0.047903899100
790.050049000  8.300000000 0.047873538000
790.075012000  8.300000000 0.047768577900
790.100037000  8.300000000 0.047591935800
790.125000000  8.300000000 0.047346539800
790.150024000  8.300000000 0.047035284300
790.175049000  8.300000000 0.046660982100
790.200012000  8.300000000 0.046226408300
790.225037000  8.300000000 0.045734196900
790.250000000  8.300000000 0.045186955500
790.275024000  8.300000000 0.044587224700
790.300049000  8.300000000 0.043937496800
790.325012000  8.300000000 0.043240245400
790.350037000  8.300000000 0.042497947800
790.375000000  8.300000000 0.041713114800
790.400024000  8.300000000 0.040888354200
790.425049000  8.300000000 0.040026463600
790.450012000  8.300000000 0.039130505200
790.475037000  8.300000000 0.038203854100
790.500000000  8.300000000 0.037250317600
790.525024000  8.300000000 0.036274172400
790.550049000  8.300000000 0.035280246300
790.575012000  8.300000000 0.034273907500
790.600037000  8.300000000 0.033261138900
790.625000000  8.300000000 0.032248467200
790.650024000  8.300000000 0.031243020700
790.675049000  8.300000000 0.030252410100
790.700012000  8.300000000 0.029284764100
790.725037000  8.300000000 0.028348622800
790.750000000  8.300000000 0.027452914000
790.775024000  8.300000000 0.026606883900
790.800049000  8.300000000 0.025820035500
790.825012000  8.300000000 0.025102032300
790.850037000  8.300000000 0.024462612300
790.875000000  8.300000000 0.023911474300
790.900024000  8.300000000 0.023458141800
790.925049000  8.300000000 0.023111885400
790.950012000  8.300000000 0.022881621500
790.975037000  8.300000000 0.022775754300
791.000000000  8.300000000 0.022802155500
791.025024000  8.300000000 0.022967986800
791.050049000  8.300000000 0.023279601700
791.075012000  8.300000000 0.023742443000
791.100037000  8.300000000 0.024360906300
791.125000000  8.300000000 0.025138272000
791.150024000  8.300000000 0.026076575700
791.175049000  8.300000000 0.027176525400
791.200012000  8.300000000 0.028437510100
791.225037000  8.300000000 0.029857480900
791.250000000  8.300000000 0.031433027200
791.275024000  8.300000000 0.033159352800
791.300049000  8.300000000 0.035030368700
791.325012000  8.300000000 0.037038765800
791.350037000  8.300000000 0.039176084100
791.375000000  8.300000000 0.041432846300
791.400024000  8.300000000 0.043798662700
791.425049000  8.300000000 0.046262286600
791.450012000  8.300000000 0.048811752300
791.475037000  8.300000000 0.051434502000
791.500000000  8.300000000 0.054117482200
791.525024000  8.300000000 0.056847240800
791.550049000  8.300000000 0.059610035300
791.575012000  8.300000000 0.062391996400
791.600037000  8.300000000 0.065179154300
791.625000000  8.300000000 0.067957475800
791.650024000  8.300000000 0.070713058100
791.675049000  8.300000000 0.073432162400
791.700012000  8.300000000 0.076101198800
791.725037000  8.300000000 0.078706935000
791.750000000  8.300000000 0.081236451900
791.775024000  8.300000000 0.083677269500
791.800049000  8.300000000 0.086017385100
791.825012000  8.300000000 0.088245414200
791.850037000  8.300000000 0.090350575700
791.875000000  8.300000000 0.092322781700
791.900024000  8.300000000 0.094152689000
791.925049000  8.300000000 0.095831729500
791.950012000  8.300000000 0.097352132200
791.975037000  8.300000000 0.098706916000
792.000000000  8.300000000 0.099889911700
792.025024000  8.300000000 0.100895695000
792.050049000  8.300000000 0.101719625000
792.075012000  8.300000000 0.102357805000
792.100037000  8.300000000 0.102807097000
792.125000000  8.300000000 0.103065059000
792.150024000  8.300000000 0.103130005000
792.175049000  8.300000000 0.103000991000
792.200012000  8.300000000 0.102677874000
792.225037000  8.300000000 0.102161378000
792.250000000  8.300000000 0.101453140000
792.275024000  8.300000000 0.100555785000
792.300049000  8.300000000 0.099473021900
792.325012000  8.300000000 0.098209716400
792.350037000  8.300000000 0.096771925700
792.375000000  8.300000000 0.095166981200
792.400024000  8.300000000 0.093403525700
792.425049000  8.300000000 0.091491520400
792.450012000  8.300000000 0.089442230800
792.475037000  8.300000000 0.087268158800
792.500000000  8.300000000 0.084982968900
792.525024000  8.300000000 0.082601442900
792.550049000  8.300000000 0.080139286800
792.575012000  8.300000000 0.077612973700
792.600037000  8.300000000 0.075039669900
792.625000000  8.300000000 0.072437010700
792.650024000  8.300000000 0.069823004300
792.675049000  8.300000000 0.067215725800
792.700012000  8.300000000 0.064633309800
792.725037000  8.300000000 0.062093704900
792.750000000  8.300000000 0.059614509300
792.775024000  8.300000000 0.057212948800
792.800049000  8.300000000 0.054905518900
792.825012000  8.300000000 0.052708059500
792.850037000  8.300000000 0.050635524100
792.875000000  8.300000000 0.048701882400
792.900024000  8.300000000 0.046920072300
792.925049000  8.300000000 0.045301985000
792.950012000  8.300000000 0.043858371700
792.975037000  8.300000000 0.042598843600
793.000000000  8.300000000 0.041531898100
793.025024000  8.300000000 0.040664896400
793.050049000  8.300000000 0.040004011200
793.075012000  8.300000000 0.039554260700
793.100037000  8.300000000 0.039319507800
793.125000000  8.300000000 0.039302419900
793.150024000  8.300000000 0.039504539200
793.175049000  8.300000000 0.039926242100
793.200012000  8.300000000 0.040566790800
793.225037000  8.300000000 0.041424360100
793.250000000  8.300000000 0.042496062800
793.275024000  8.300000000 0.043777938900
793.300049000  8.300000000 0.045264970500
793.325012000  8.300000000 0.046951066700
793.350037000  8.300000000 0.048828959500
793.375000000  8.300000000 0.050890181200
793.400024000  8.300000000 0.053124941900
793.425049000  8.300000000 0.055522136400
793.450012000  8.300000000 0.058069270100
793.475037000  8.300000000 0.060752470000
793.500000000  8.300000000 0.063556477400
793.525024000  8.300000000 0.066464722200
793.550049000  8.300000000 0.069459378700
793.575012000  8.300000000 0.072521403400
793.600037000  8.300000000 0.075630694600
793.625000000  8.300000000 0.078766152300
793.650024000  8.300000000 0.081905901400
793.675049000  8.300000000 0.085027344500
793.700012000  8.300000000 0.088107444300
793.725037000  8.300000000 0.091122806100
793.750000000  8.300000000 0.094049848600
793.775024000  8.300000000 0.096865169700
793.800049000  8.300000000 0.099545635300
793.825012000  8.300000000 0.102068774000
793.850037000  8.300000000 0.104412876000
793.875000000  8.300000000 0.106557503000
793.900024000  8.300000000 0.108483523000
793.925049000  8.300000000 0.110173471000
793.950012000  8.300000000 0.111611761000
793.975037000  8.300000000 0.112784870000
794.000000000  8.300000000 0.113681495000
794.025024000  8.300000000 0.114292763000
794.050049000  8.300000000 0.114612289000
794.075012000  8.300000000 0.114636175000
794.100037000  8.300000000 0.114363119000
794.125000000  8.300000000 0.113794491000
794.150024000  8.300000000 0.112934165000
794.175049000  8.300000000 0.111788534000
794.200012000  8.300000000 0.110366479000
794.225037000  8.300000000 0.108679287000
794.250000000  8.300000000 0.106740527000
794.275024000  8.300000000 0.104565911000
794.300049000  8.300000000 0.102173187000
794.325012000  8.300000000 0.099581956900
794.350037000  8.300000000 0.096813470100
794.375000000  8.300000000 0.093890436000
794.400024000  8.300000000 0.090836770800
794.425049000  8.300000000 0.087677396800
794.450012000  8.300000000 0.084437832200
794.475037000  8.300000000 0.081144087000
794.500000000  8.300000000 0.077822201000
794.525024000  8.300000000 0.074497975400
794.550049000  8.300000000 0.071196712600
794.575012000  8.300000000 0.067942872600
794.600037000  8.300000000 0.064759858000
794.625000000  8.300000000 0.061669804200
794.650024000  8.300000000 0.058693360500
794.675049000  8.300000000 0.055849578200
794.700012000  8.300000000 0.053155791000
794.725037000  8.300000000 0.050627518400
794.750000000  8.300000000 0.048278372700
794.775024000  8.300000000 0.046120062500
794.800049000  8.300000000 0.044162303200
794.825012000  8.300000000 0.042412873400
794.850037000  8.300000000 0.040877532200
794.875000000  8.300000000 0.039560150400
794.900024000  8.300000000 0.038462694700
794.925049000  8.300000000 0.037585295700
794.950012000  8.300000000 0.036926370100
794.975037000  8.300000000 0.036482647100
795.000000000  8.300000000 0.036249343300
795.025024000  8.300000000 0.036220200400
795.050049000  8.300000000 0.036387611200
795.075012000  8.300000000 0.036742769200
795.100037000  8.300000000 0.037275824700
795.125000000  8.300000000 0.037975970700
795.150024000  8.300000000 0.038831669800
795.175049000  8.300000000 0.039830744300
795.200012000  8.300000000 0.040960546600
795.225037000  8.300000000 0.042208071800
795.250000000  8.300000000 0.043560147300
795.275024000  8.300000000 0.045003496100
795.300049000  8.300000000 0.046524886000
795.325012000  8.300000000 0.048111222700
795.350037000  8.300000000 0.049749683600
795.375000000  8.300000000 0.051427695900
795.400024000  8.300000000 0.053133104000
795.425049000  8.300000000 0.054854143400
795.450012000  8.300000000 0.056579429700
795.475037000  8.300000000 0.058298111000
795.500000000  8.300000000 0.059999734200
795.525024000  8.300000000 0.061674274500
795.550049000  8.300000000 0.063312210100
795.575012000  8.300000000 0.064904443900
795.600037000  8.300000000 0.066442415100
795.625000000  8.300000000 0.067918032400
795.650024000  8.300000000 0.069323733400
795.675049000  8.300000000 0.070652544500
795.700012000  8.300000000 0.071898043200
795.725037000  8.300000000 0.073054440300
795.750000000  8.300000000 0.074116468400
795.775024000  8.300000000 0.075079515600
795.800049000  8.300000000 0.075939476500
795.825012000  8.300000000 0.076692760000
795.850037000  8.300000000 0.077336348600
795.875000000  8.300000000 0.077867664400
795.900024000  8.300000000 0.078284561600
795.925049000  8.300000000 0.078585326700
795.950012000  8.300000000 0.078768618400
795.975037000  8.300000000 0.078833408700
796.000000000  8.300000000 0.078779049200
796.025024000  8.300000000 0.078605063300
796.050049000  8.300000000 0.078311383700
796.075012000  8.300000000 0.077898137300
796.100037000  8.300000000 0.077365830500
796.125000000  8.300000000 0.076715275600
796.150024000  8.300000000 0.075947545500
796.175049000  8.300000000 0.075064070500
796.200012000  8.300000000 0.074066594200
796.225037000  8.300000000 0.072957098500
796.250000000  8.300000000 0.071737766300
796.275024000  8.300000000 0.070411071200
796.300049000  8.300000000 0.068979613500
796.325012000  8.300000000 0.067446135000
796.350037000  8.300000000 0.065813586100
796.375000000  8.300000000 0.064085021600
796.400024000  8.300000000 0.062263757000
796.425049000  8.300000000 0.060353294000
796.450012000  8.300000000 0.058357454800
796.475037000  8.300000000 0.056280411800
796.500000000  8.300000000 0.054126661300
796.525024000  8.300000000 0.051901198900
796.550049000  8.300000000 0.049609411500
796.575012000  8.300000000 0.047257162600
796.600037000  8.300000000 0.044850777800
796.625000000  8.300000000 0.042397093000
796.650024000  8.300000000 0.039903413500
796.675049000  8.300000000 0.037377566100
796.700012000  8.300000000 0.034827854500
796.725037000  8.300000000 0.032263051700
796.750000000  8.300000000 0.029692370400
796.775024000  8.300000000 0.027125405100
796.800049000  8.300000000 0.024572080000
796.825012000  8.300000000 0.022042570600
796.850037000  8.300000000 0.019547212900
796.875000000  8.300000000 0.017096445000
796.900024000  8.300000000 0.014700660500
796.925049000  8.300000000 0.012370099300
796.950012000  8.300000000 0.010114732200
796.975037000  8.300000000 0.007944101470
797.000000000  8.300000000 0.005867142230
797.025024000  8.300000000 0.003892055010
797.050049000  8.300000000 0.002026151630
797.075012000  8.300000000 0.000275718776
797.100037000  8.300000000 -0.001354075040
797.125000000  8.300000000 -0.002859262280
797.150024000  8.300000000 -0.004237108400
797.175049000  8.300000000 -0.005486126060
797.200012000  8.300000000 -0.006606048900
797.225037000  8.300000000 -0.007597782650
797.250000000  8.300000000 -0.008463311010
797.275024000  8.300000000 -0.009205627260
797.300049000  8.300000000 -0.009828597310
797.325012000  8.300000000 -0.010336867500
797.350037000  8.300000000 -0.010735728800
797.375000000  8.300000000 -0.011031031600
797.400024000  8.300000000 -0.011229062500
797.425049000  8.300000000 -0.011336458800
797.450012000  8.300000000 -0.011360101400
797.475037000  8.300000000 -0.011307021600
797.500000000  8.300000000 -0.011184327300
797.525024000  8.300000000 -0.010999103100
797.550049000  8.300000000 -0.010758384100
797.575012000  8.300000000 -0.010469101400
797.600037000  8.300000000 -0.010138065600
797.625000000  8.300000000 -0.009771990590
797.650024000  8.300000000 -0.009377463720
797.675049000  8.300000000 -0.008960990240
797.700012000  8.300000000 -0.008528965530
797.725037000  8.300000000 -0.008087681610
797.750000000  8.300000000 -0.007643320130
797.775024000  8.300000000 -0.007201924450
797.800049000  8.300000000 -0.006769377740
797.825012000  8.300000000 -0.006351381070
797.850037000  8.300000000 -0.005953411570
797.875000000  8.300000000 -0.005580698610
797.900024000  8.300000000 -0.005238163750
797.925049000  8.300000000 -0.004930390980
797.950012000  8.300000000 -0.004661589400
797.975037000  8.300000000 -0.004435563930
798.000000000  8.300000000 -0.004255710170
798.025024000  8.300000000 -0.004125008830
798.050049000  8.300000000 -0.004046037330
798.075012000  8.300000000 -0.004020978230
798.100037000  8.300000000 -0.004051627130
798.125000000  8.300000000 -0.004139408470
798.150024000  8.300000000 -0.004285380240
798.175049000  8.300000000 -0.004490247460
798.200012000  8.300000000 -0.004754377530
798.225037000  8.300000000 -0.005077809100
798.250000000  8.300000000 -0.005460266020
798.275024000  8.300000000 -0.005901141090
798.300049000  8.300000000 -0.006399509500
798.325012000  8.300000000 -0.006954116750
798.350037000  8.300000000 -0.007563371210
798.375000000  8.300000000 -0.008225352500
798.400024000  8.300000000 -0.008937831970
798.425049000  8.300000000 -0.009698265230
798.450012000  8.300000000 -0.010503828500
798.475037000  8.300000000 -0.011351429900
798.500000000  8.300000000 -0.012237735100
798.525024000  8.300000000 -0.013159178200
798.550049000  8.300000000 -0.014112031100
798.575012000  8.300000000 -0.015092399000
798.600037000  8.300000000 -0.016096266000
798.625000000  8.300000000 -0.017119510100
798.650024000  8.300000000 -0.018157945900
798.675049000  8.300000000 -0.019207330400
798.700012000  8.300000000 -0.020263336600
798.725037000  8.300000000 -0.021321589100
798.750000000  8.300000000 -0.022377662400
798.775024000  8.300000000 -0.023427071000
798.800049000  8.300000000 -0.024465316900
798.825012000  8.300000000 -0.025487864400
798.850037000  8.300000000 -0.026490218900
798.875000000  8.300000000 -0.027467906500
798.900024000  8.300000000 -0.028416546100
798.925049000  8.300000000 -0.029331861100
798.950012000  8.300000000 -0.030209701500
798.975037000  8.300000000 -0.031046120400
799.000000000  8.300000000 -0.031837374000
799.025024000  8.300000000 -0.032580040400
799.050049000  8.300000000 -0.033270988600
799.075012000  8.300000000 -0.033907447000
799.100037000  8.300000000 -0.034487068700
799.125000000  8.300000000 -0.035007957400
799.150024000  8.300000000 -0.035468634200
799.175049000  8.300000000 -0.035868123200
799.200012000  8.300000000 -0.036205913900
799.225037000  8.300000000 -0.036481957900
799.250000000  8.300000000 -0.036696676200
799.275024000  8.300000000 -0.036850959100
799.300049000  8.300000000 -0.036946125300
799.325012000  8.300000000 -0.036983914700
799.350037000  8.300000000 -0.036966439300
799.375000000  8.300000000 -0.036896172900
799.400024000  8.300000000 -0.036775898200
799.425049000  8.300000000 -0.036608707200
799.450012000  8.300000000 -0.036397941400
799.475037000  8.300000000 -0.036147147400
799.500000000  8.300000000 -0.035860098900
799.525024000  8.300000000 -0.035540662700
799.550049000  8.300000000 -0.035192843500
799.575012000  8.300000000 -0.034820713100
799.600037000  8.300000000 -0.034428387900
799.625000000  8.300000000 -0.034020047600
799.650024000  8.300000000 -0.033599894500
799.675049000  8.300000000 -0.033172141800
799.700012000  8.300000000 -0.032740976700
799.725037000  8.300000000 -0.032310582700
799.750000000  8.300000000 -0.031885061400
799.775024000  8.300000000 -0.031468447300
799.800049000  8.300000000 -0.031064670500
799.825012000  8.300000000 -0.030677495500
799.850037000  8.300000000 -0.030310504100
799.875000000  8.300000000 -0.029967067800
799.900024000  8.300000000 -0.029650289600
799.925049000  8.300000000 -0.029362974700
799.950012000  8.300000000 -0.029107641400
799.975037000  8.300000000 -0.028886463500
800.000000000  8.300000000 -0.028701316600
800.025024000  8.300000000 -0.028553735500
800.050049000  8.300000000 -0.028444970000
800.075012000  8.300000000 -0.028375962700
800.100037000  8.300000000 -0.028347399100
800.125000000  8.300000000 -0.028359692500
800.150024000  8.300000000 -0.028413057300
800.175049000  8.300000000 -0.028507491600
800.200012000  8.300000000 -0.028642831400
800.225037000  8.300000000 -0.028818801000
800.250000000  8.300000000 -0.029035065300
800.275024000  8.300000000 -0.029291311300
800.300049000  8.300000000 -0.029587267000
800.325012000  8.300000000 -0.029922811300
800.350037000  8.300000000 -0.030297992800
800.375000000  8.300000000 -0.030713096300
800.400024000  8.300000000 -0.031168675100
800.425049000  8.300000000 -0.031665578500
800.450012000  8.300000000 -0.032204955800
800.475037000  8.300000000 -0.032788239400
800.500000000  8.300000000 -0.033417116900
800.525024000  8.300000000 -0.034093488000
800.550049000  8.300000000 -0.034819420400
800.575012000  8.300000000 -0.035597033800
800.600037000  8.300000000 -0.036428421700
800.625000000  8.300000000 -0.037315618200
800.650024000  8.300000000 -0.038260415200
800.675049000  8.300000000 -0.039264317600
800.700012000  8.300000000 -0.040328372300
800.725037000  8.300000000 -0.041453123100
800.750000000  8.300000000 -0.042638495600
800.775024000  8.300000000 -0.043883707400
800.800049000  8.300000000 -0.045187220000
800.825012000  8.300000000 -0.046546712500
800.850037000  8.300000000 -0.047959078100
800.875000000  8.300000000 -0.049420397700
800.900024000  8.300000000 -0.050926007300
800.925049000  8.300000000 -0.052470542500
800.950012000  8.300000000 -0.054047942200
800.975037000  8.300000000 -0.055651597700
801.000000000  8.300000000 -0.057274412400
801.025024000  8.300000000 -0.058908823900
801.050049000  8.300000000 -0.060546964400
801.075012000  8.300000000 -0.062180679300
801.100037000  8.300000000 -0.063801690900
801.125000000  8.300000000 -0.065401569000
801.150024000  8.300000000 -0.066971920400
801.175049000  8.300000000 -0.068504415500
801.200012000  8.300000000 -0.069990828600
801.225037000  8.300000000 -0.071423187900
801.250000000  8.300000000 -0.072793826500
801.275024000  8.300000000 -0.074095428000
801.300049000  8.300000000 -0.075321070800
801.325012000  8.300000000 -0.076464317700
801.350037000  8.300000000 -0.077519089000
801.375000000  8.300000000 -0.078479878600
801.400024000  8.300000000 -0.079341583000
801.425049000  8.300000000 -0.080099530500
801.450012000  8.300000000 -0.080749519200
801.475037000  8.300000000 -0.081287719300
801.500000000  8.300000000 -0.081710703700
801.525024000  8.300000000 -0.082015417500
801.550049000  8.300000000 -0.082199156300
801.575012000  8.300000000 -0.082259610300
801.600037000  8.300000000 -0.082194849800
801.625000000  8.300000000 -0.082003332700
801.650024000  8.300000000 -0.081683956100
801.675049000  8.300000000 -0.081236086800
801.700012000  8.300000000 -0.080659672600
801.725037000  8.300000000 -0.079955212800
801.750000000  8.300000000 -0.079123854600
801.775024000  8.300000000 -0.078167483200
801.800049000  8.300000000 -0.077088691300
801.825012000  8.300000000 -0.075890831600
801.850037000  8.300000000 -0.074578076600
801.875000000  8.300000000 -0.073155343500
801.900024000  8.300000000 -0.071628443900
801.925049000  8.300000000 -0.070003807500
801.950012000  8.300000000 -0.068288758400
801.975037000  8.300000000 -0.066491290900
802.000000000  8.300000000 -0.064620025500
802.025024000  8.300000000 -0.062684238000
802.050049000  8.300000000 -0.060693755700
802.075012000  8.300000000 -0.058658864300
802.100037000  8.300000000 -0.056590270300
802.125000000  8.300000000 -0.054498974200
802.150024000  8.300000000 -0.052396204300
802.175049000  8.300000000 -0.050293270500
802.200012000  8.300000000 -0.048201471600
802.225037000  8.300000000 -0.046131983400
802.250000000  8.300000000 -0.044095702500
802.275024000  8.300000000 -0.042103156400
802.300049000  8.300000000 -0.040164381300
802.325012000  8.300000000 -0.038288872700
802.350037000  8.300000000 -0.036485489500
802.375000000  8.300000000 -0.034762356400
802.400024000  8.300000000 -0.033126935400
802.425049000  8.300000000 -0.031585879600
802.450012000  8.300000000 -0.030145075200
802.475037000  8.300000000 -0.028809601400
802.500000000  8.300000000 -0.027583729500
802.525024000  8.300000000 -0.026470912600
802.550049000  8.300000000 -0.025473797700
802.575012000  8.300000000 -0.024594226900
802.600037000  8.300000000 -0.023833209600
802.625000000  8.300000000 -0.023190995700
802.650024000  8.300000000 -0.022666985200
802.675049000  8.300000000 -0.022259820300
802.700012000  8.300000000 -0.021967336500
802.725037000  8.300000000 -0.021786602200
802.750000000  8.300000000 -0.021713927400
802.775024000  8.300000000 -0.021744908800
802.800049000  8.300000000 -0.021874515300
802.825012000  8.300000000 -0.022097069800
802.850037000  8.300000000 -0.022406371300
802.875000000  8.300000000 -0.022795718200
802.900024000  8.300000000 -0.023257944700
802.925049000  8.300000000 -0.023785486800
802.950012000  8.300000000 -0.024370390900
802.975037000  8.300000000 -0.025004392500
803.000000000  8.300000000 -0.025678968100
803.025024000  8.300000000 -0.026385387400
803.050049000  8.300000000 -0.027114767600
803.075012000  8.300000000 -0.027858195800
803.100037000  8.300000000 -0.028606783600
803.125000000  8.300000000 -0.029351739200
803.150024000  8.300000000 -0.030084451700
803.175049000  8.300000000 -0.030796509200
803.200012000  8.300000000 -0.031479746100
803.225037000  8.300000000 -0.032126240400
803.250000000  8.300000000 -0.032728344200
803.275024000  8.300000000 -0.033278681300
803.300049000  8.300000000 -0.033770144000
803.325012000  8.300000000 -0.034195940900
803.350037000  8.300000000 -0.034549590200
803.375000000  8.300000000 -0.034825008400
803.400024000  8.300000000 -0.035016540400
803.425049000  8.300000000 -0.035119015700
803.450012000  8.300000000 -0.035127878200
803.475037000  8.300000000 -0.035039216300
803.500000000  8.300000000 -0.034849885900
803.525024000  8.300000000 -0.034557510200
803.550049000  8.300000000 -0.034160599100
803.575012000  8.300000000 -0.033658508200
803.600037000  8.300000000 -0.033051528000
803.625000000  8.300000000 -0.032340887900
803.650024000  8.300000000 -0.031528733700
803.675049000  8.300000000 -0.030618106900
803.700012000  8.300000000 -0.029612992000
803.725037000  8.300000000 -0.028518231600
803.750000000  8.300000000 -0.027339536700
803.775024000  8.300000000 -0.026083422800
803.800049000  8.300000000 -0.024757187800
803.825012000  8.300000000 -0.023368820500
803.850037000  8.300000000 -0.021926939500
803.875000000  8.300000000 -0.020440699500
803.900024000  8.300000000 -0.018919706300
803.925049000  8.300000000 -0.017373934400
803.950012000  8.300000000 -0.015813587200
803.975037000  8.300000000 -0.014249032400
804.000000000  8.300000000 -0.012690653100
804.025024000  8.300000000 -0.011148728400
804.050049000  8.300000000 -0.009633335280
804.075012000  8.300000000 -0.008154230190
804.100037000  8.300000000 -0.006720731500
804.125000000  8.300000000 -0.005341650920
804.150024000  8.300000000 -0.004025199920
804.175049000  8.300000000 -0.002778943400
804.200012000  8.300000000 -0.001609723200
804.225037000  8.300000000 -0.000523655966
804.250000000  8.300000000 0.000473846565
804.275024000  8.300000000 0.001378124810
804.300049000  8.300000000 0.002185191260
804.325012000  8.300000000 0.002891717010
804.350037000  8.300000000 0.003494998440
804.375000000  8.300000000 0.003992881630
804.400024000  8.300000000 0.004383745600
804.425049000  8.300000000 0.004666449040
804.450012000  8.300000000 0.004840259440
804.475037000  8.300000000 0.004904866220
804.500000000  8.300000000 0.004860290790
804.525024000  8.300000000 0.004706912210
804.550049000  8.300000000 0.004445394970
804.575012000  8.300000000 0.004076689950
804.600037000  8.300000000 0.003602024630
804.625000000  8.300000000 0.003022885420
804.650024000  8.300000000 0.002341019220
804.675049000  8.300000000 0.001558440160
804.700012000  8.300000000 0.000677414413
804.725037000  8.300000000 -0.000299508480
804.750000000  8.300000000 -0.001369537200
804.775024000  8.300000000 -0.002529651390
804.800049000  8.300000000 -0.003776598260
804.825012000  8.300000000 -0.005106907800
804.850037000  8.300000000 -0.006516981400
804.875000000  8.300000000 -0.008003035560
804.900024000  8.300000000 -0.009561163370
804.925049000  8.300000000 -0.011187361600
804.950012000  8.300000000 -0.012877456800
804.975037000  8.300000000 -0.014627170700
805.000000000  8.300000000 -0.016432050600
805.025024000  8.300000000 -0.018287489200
805.050049000  8.300000000 -0.020188691100
805.075012000  8.300000000 -0.022130673800
805.100037000  8.300000000 -0.024108264600
805.125000000  8.300000000 -0.026116060100
805.150024000  8.300000000 -0.028148464900
805.175049000  8.300000000 -0.030199660000
805.200012000  8.300000000 -0.032263580700
805.225037000  8.300000000 -0.034333951800
805.250000000  8.300000000 -0.036404203600
805.275024000  8.300000000 -0.038467556200
805.300049000  8.300000000 -0.040516957600
805.325012000  8.300000000 -0.042545128600
805.350037000  8.300000000 -0.044544562700
805.375000000  8.300000000 -0.046507559700
805.400024000  8.300000000 -0.048426292800
805.425049000  8.300000000 -0.050292845800
805.450012000  8.300000000 -0.052099257700
805.475037000  8.300000000 -0.053837668200
805.500000000  8.300000000 -0.055500291300
805.525024000  8.300000000 -0.057079602000
805.550049000  8.300000000 -0.058568347200
805.575012000  8.300000000 -0.059959635100
805.600037000  8.300000000 -0.061247061900
805.625000000  8.300000000 -0.062424659700
805.650024000  8.300000000 -0.063487060400
805.675049000  8.300000000 -0.064429529000
805.700012000  8.300000000 -0.065247952900
805.725037000  8.300000000 -0.065938904900
805.750000000  8.300000000 -0.066499687700
805.775024000  8.300000000 -0.066928260000
805.800049000  8.300000000 -0.067223347700
805.825012000  8.300000000 -0.067384325000
805.850037000  8.300000000 -0.067411281200
805.875000000  8.300000000 -0.067304909200
805.900024000  8.300000000 -0.067066624800
805.925049000  8.300000000 -0.066698424500
805.950012000  8.300000000 -0.066202975800
805.975037000  8.300000000 -0.065583497300
806.000000000  8.300000000 -0.064843803600
806.025024000  8.300000000 -0.063988320500
806.050049000  8.300000000 -0.063021935500
806.075012000  8.300000000 -0.061950102400
806.100037000  8.300000000 -0.060778673700
806.125000000  8.300000000 -0.059514004700
806.150024000  8.300000000 -0.058162786100
806.175049000  8.300000000 -0.056732047300
806.200012000  8.300000000 -0.055229052900
806.225037000  8.300000000 -0.053661257000
806.250000000  8.300000000 -0.052036237000
806.275024000  8.300000000 -0.050361592300
806.300049000  8.300000000 -0.048644948800
806.325012000  8.300000000 -0.046893838800
806.350037000  8.300000000 -0.045115739100
806.375000000  8.300000000 -0.043317996000
806.400024000  8.300000000 -0.041507784300
806.425049000  8.300000000 -0.039692141100
806.450012000  8.300000000 -0.037877932200
806.475037000  8.300000000 -0.036071833200
806.500000000  8.300000000 -0.034280363500
806.525024000  8.300000000 -0.032509833600
806.550049000  8.300000000 -0.030766403300
806.575012000  8.300000000 -0.029056085300
806.600037000  8.300000000 -0.027384683500
806.625000000  8.300000000 -0.025757834300
806.650024000  8.300000000 -0.024180982300
806.675049000  8.300000000 -0.022659374400
806.700012000  8.300000000 -0.021198045500
806.725037000  8.300000000 -0.019801802900
806.750000000  8.300000000 -0.018475208400
806.775024000  8.300000000 -0.017222538600
806.800049000  8.300000000 -0.016047800000
806.825012000  8.300000000 -0.014954630300
806.850037000  8.300000000 -0.013946353500
806.875000000  8.300000000 -0.013025877100
806.900024000  8.300000000 -0.012195742700
806.925049000  8.300000000 -0.011458045800
806.950012000  8.300000000 -0.010814460900
806.975037000  8.300000000 -0.010266199700
807.000000000  8.300000000 -0.009813964370
807.025024000  8.300000000 -0.009457992390
807.050049000  8.300000000 -0.009197994140
807.075012000  8.300000000 -0.009033206850
807.100037000  8.300000000 -0.008962366730
807.125000000  8.300000000 -0.008983747100
807.150024000  8.300000000 -0.009095195680
807.175049000  8.300000000 -0.009294187650
807.200012000  8.300000000 -0.009577837770
807.225037000  8.300000000 -0.009943002830
807.250000000  8.300000000 -0.010386308700
807.275024000  8.300000000 -0.010904192900
807.300049000  8.300000000 -0.011492976900
807.325012000  8.300000000 -0.012148884100
807.350037000  8.300000000 -0.012868085900
807.375000000  8.300000000 -0.013646704100
807.400024000  8.300000000 -0.014480858100
807.425049000  8.300000000 -0.015366623200
807.450012000  8.300000000 -0.016300106400
807.475037000  8.300000000 -0.017277367400
807.500000000  8.300000000 -0.018294466700
807.525024000  8.300000000 -0.019347406900
807.550049000  8.300000000 -0.020432176100
807.575012000  8.300000000 -0.021544680000
807.600037000  8.300000000 -0.022680727800
807.625000000  8.300000000 -0.023836044600
807.650024000  8.300000000 -0.025006273800
807.675049000  8.300000000 -0.026186989600
807.700012000  8.300000000 -0.027373742300
807.725037000  8.300000000 -0.028562076400
807.750000000  8.300000000 -0.029747545700
807.775024000  8.300000000 -0.030925750700
807.800049000  8.300000000 -0.032092362600
807.825012000  8.300000000 -0.033243142100
807.850037000  8.300000000 -0.034373961400
807.875000000  8.300000000 -0.035480842000
807.900024000  8.300000000 -0.036559950600
807.925049000  8.300000000 -0.037607666100
807.950012000  8.300000000 -0.038620550200
807.975037000  8.300000000 -0.039595432600
808.000000000  8.300000000 -0.040529388900
808.025024000  8.300000000 -0.041419766800
808.050049000  8.300000000 -0.042264226800
808.075012000  8.300000000 -0.043060701300
808.100037000  8.300000000 -0.043807458100
808.125000000  8.300000000 -0.044502995900
808.150024000  8.300000000 -0.045146092800
808.175049000  8.300000000 -0.045735731700
808.200012000  8.300000000 -0.046271070800
808.225037000  8.300000000 -0.046751383700
808.250000000  8.300000000 -0.047176040700
808.275024000  8.300000000 -0.047544408600
808.300049000  8.300000000 -0.047855842900
808.325012000  8.300000000 -0.048109687900
808.350037000  8.300000000 -0.048305202300
808.375000000  8.300000000 -0.048441570300
808.400024000  8.300000000 -0.048517905200
808.425049000  8.300000000 -0.048533253400
808.450012000  8.300000000 -0.048486601600
808.475037000  8.300000000 -0.048376888000
808.500000000  8.300000000 -0.048203054800
808.525024000  8.300000000 -0.047964066300
808.550049000  8.300000000 -0.047658950100
808.575012000  8.300000000 -0.047286853200
808.600037000  8.300000000 -0.046846989500
808.625000000  8.300000000 -0.046338785400
808.650024000  8.300000000 -0.045761834800
808.675049000  8.300000000 -0.045115932800
808.700012000  8.300000000 -0.044401120400
808.725037000  8.300000000 -0.043617714200
808.750000000  8.300000000 -0.042766239500
808.775024000  8.300000000 -0.041847560600
808.800049000  8.300000000 -0.040862735400
808.825012000  8.300000000 -0.039813149700
808.850037000  8.300000000 -0.038700405500
808.875000000  8.300000000 -0.037526328100
808.900024000  8.300000000 -0.036293000000
808.925049000  8.300000000 -0.035002630200
808.950012000  8.300000000 -0.033657610400
808.975037000  8.300000000 -0.032260388100
809.000000000  8.300000000 -0.030813563600
809.025024000  8.300000000 -0.029319731500
809.050049000  8.300000000 -0.027781561000
809.075012000  8.300000000 -0.026201739900
809.100037000  8.300000000 -0.024582922500
809.125000000  8.300000000 -0.022927774100
809.150024000  8.300000000 -0.021238910000
809.175049000  8.300000000 -0.019518898800
809.200012000  8.300000000 -0.017770249400
809.225037000  8.300000000 -0.015995401900
809.250000000  8.300000000 -0.014196716200
809.275024000  8.300000000 -0.012376514300
809.300049000  8.300000000 -0.010537020900
809.325012000  8.300000000 -0.008680447000
809.350037000  8.300000000 -0.006809001320
809.375000000  8.300000000 -0.004924900830
809.400024000  8.300000000 -0.003030429830
809.425049000  8.300000000 -0.001127936300
809.450012000  8.300000000 0.000780101691
809.475037000  8.300000000 0.002691080330
809.500000000  8.300000000 0.004602257160
809.525024000  8.300000000 0.006510749920
809.550049000  8.300000000 0.008413570930
809.575012000  8.300000000 0.010307564400
809.600037000  8.300000000 0.012189521500
809.625000000  8.300000000 0.014056123800
809.650024000  8.300000000 0.015904007500
809.675049000  8.300000000 0.017729809500
809.700012000  8.300000000 0.019530152900
809.725037000  8.300000000 0.021301733300
809.750000000  8.300000000 0.023041315400
809.775024000  8.300000000 0.024745769800
809.800049000  8.300000000 0.026412103300
809.825012000  8.300000000 0.028037473600
809.850037000  8.300000000 0.029619257900
809.875000000  8.300000000 0.031154990200
809.900024000  8.300000000 0.032642483700
809.925049000  8.300000000 0.034079786400
809.950012000  8.300000000 0.035465236800
809.975037000  8.300000000 0.036797381900
810.000000000  8.300000000 0.038075111800
810.025024000  8.300000000 0.039297517400
810.050049000  8.300000000 0.040464043600
810.075012000  8.300000000 0.041574422300
810.100037000  8.300000000 0.042628660800
810.125000000  8.300000000 0.043627165300
810.150024000  8.300000000 0.044570658400
810.175049000  8.300000000 0.045460194300
810.200012000  8.300000000 0.046297155300
810.225037000  8.300000000 0.047083236300
810.250000000  8.300000000 0.047820400400
810.275024000  8.300000000 0.048510845800
810.300049000  8.300000000 0.049157034600
810.325012000  8.300000000 0.049761589600
810.350037000  8.300000000 0.050327301000
810.375000000  8.300000000 0.050857096900
810.400024000  8.300000000 0.051354046900
810.425049000  8.300000000 0.051821328700
810.450012000  8.300000000 0.052262239200
810.475037000  8.300000000 0.052680183200
810.500000000  8.300000000 0.053078722200
810.525024000  8.300000000 0.053461540500
810.550049000  8.300000000 0.053832516100
810.575012000  8.300000000 0.054195672300
810.600037000  8.300000000 0.054555241000
810.625000000  8.300000000 0.054915558500
810.650024000  8.300000000 0.055281139900
810.675049000  8.300000000 0.055656619400
810.700012000  8.300000000 0.056046653500
810.725037000  8.300000000 0.056455969800
810.750000000  8.300000000 0.056889321700
810.775024000  8.300000000 0.057351443900
810.800049000  8.300000000 0.057847019300
810.825012000  8.300000000 0.058380696900
810.850037000  8.300000000 0.058957003100
810.875000000  8.300000000 0.059580314900
810.900024000  8.300000000 0.060254797300
810.925049000  8.300000000 0.060984294900
810.950012000  8.300000000 0.061772324100
810.975037000  8.300000000 0.062621980900
811.000000000  8.300000000 0.063535809500
811.025024000  8.300000000 0.064515836500
811.050049000  8.300000000 0.065563403100
811.075012000  8.300000000 0.066679216900
811.100037000  8.300000000 0.067863218500
811.125000000  8.300000000 0.069114737200
811.150024000  8.300000000 0.070432290400
811.175049000  8.300000000 0.071813724900
811.200012000  8.300000000 0.073256164800
811.225037000  8.300000000 0.074756078400
811.250000000  8.300000000 0.076309293500
811.275024000  8.300000000 0.077911034200
811.300049000  8.300000000 0.079556085200
811.325012000  8.300000000 0.081238798800
811.350037000  8.300000000 0.082953192300
811.375000000  8.300000000 0.084693059300
811.400024000  8.300000000 0.086452014700
811.425049000  8.300000000 0.088223643600
811.450012000  8.300000000 0.090001553300
811.475037000  8.300000000 0.091779388500
811.500000000  8.300000000 0.093550995000
811.525024000  8.300000000 0.095310375100
811.550049000  8.300000000 0.097051814200
811.575012000  8.300000000 0.098769873400
811.600037000  8.300000000 0.100459419000
811.625000000  8.300000000 0.102115773000
811.650024000  8.300000000 0.103734605000
811.675049000  8.300000000 0.105312012000
811.700012000  8.300000000 0.106844530000
811.725037000  8.300000000 0.108329102000
811.750000000  8.300000000 0.109763041000
811.775024000  8.300000000 0.111144111000
811.800049000  8.300000000 0.112470344000
811.825012000  8.300000000 0.113740213000
811.850037000  8.300000000 0.114952423000
811.875000000  8.300000000 0.116105951000
811.900024000  8.300000000 0.117200062000
811.925049000  8.300000000 0.118234269000
811.950012000  8.300000000 0.119208232000
811.975037000  8.300000000 0.120121934000
812.000000000  8.300000000 0.120975442000
812.025024000  8.300000000 0.121769115000
812.050049000  8.300000000 0.122503415000
812.075012000  8.300000000 0.123179086000
812.100037000  8.300000000 0.123796917000
812.125000000  8.300000000 0.124357983000
812.150024000  8.300000000 0.124863490000
812.175049000  8.300000000 0.125314906000
812.200012000  8.300000000 0.125713870000
812.225037000  8.300000000 0.126062185000
812.250000000  8.300000000 0.126361862000
812.275024000  8.300000000 0.126615033000
812.300049000  8.300000000 0.126823902000
812.325012000  8.300000000 0.126990855000
812.350037000  8.300000000 0.127118260000
812.375000000  8.300000000 0.127208591000
812.400024000  8.300000000 0.127264291000
812.425049000  8.300000000 0.127287865000
812.450012000  8.300000000 0.127281860000
812.475037000  8.300000000 0.127248779000
812.500000000  8.300000000 0.127191216000
812.525024000  8.300000000 0.127111569000
812.550049000  8.300000000 0.127012402000
812.575012000  8.300000000 0.126896068000
812.600037000  8.300000000 0.126764938000
812.625000000  8.300000000 0.126621231000
812.650024000  8.300000000 0.126467094000
812.675049000  8.300000000 0.126304567000
812.700012000  8.300000000 0.126135468000
812.725037000  8.300000000 0.125961453000
812.750000000  8.300000000 0.125783965000
812.775024000  8.300000000 0.125604182000
812.800049000  8.300000000 0.125422955000
812.825012000  8.300000000 0.125240818000
812.850037000  8.300000000 0.125057966000
812.875000000  8.300000000 0.124874167000
812.900024000  8.300000000 0.124688871000
812.925049000  8.300000000 0.124501087000
812.950012000  8.300000000 0.124309331000
812.975037000  8.300000000 0.124111891000
813.000000000  8.300000000 0.123906486000
813.025024000  8.300000000 0.123690605000
813.050049000  8.300000000 0.123461373000
813.075012000  8.300000000 0.123215541000
813.100037000  8.300000000 0.122949645000
813.125000000  8.300000000 0.122660004000
813.150024000  8.300000000 0.122342780000
813.175049000  8.300000000 0.121994011000
813.200012000  8.300000000 0.121609576000
813.225037000  8.300000000 0.121185489000
813.250000000  8.300000000 0.120717719000
813.275024000  8.300000000 0.120202273000
813.300049000  8.300000000 0.119635284000
813.325012000  8.300000000 0.119013079000
813.350037000  8.300000000 0.118332095000
813.375000000  8.300000000 0.117589049000
813.400024000  8.300000000 0.116780855000
813.425049000  8.300000000 0.115904756000
813.450012000  8.300000000 0.114958398000
813.475037000  8.300000000 0.113939732000
813.500000000  8.300000000 0.112847246000
813.525024000  8.300000000 0.111679845000
813.550049000  8.300000000 0.110436909000
813.575012000  8.300000000 0.109118402000
813.600037000  8.300000000 0.107724801000
813.625000000  8.300000000 0.106257223000
813.650024000  8.300000000 0.104717284000
813.675049000  8.300000000 0.103107326000
813.700012000  8.300000000 0.101430304000
813.725037000  8.300000000 0.099689774200
813.750000000  8.300000000 0.097889974700
813.775024000  8.300000000 0.096035823200
813.800049000  8.300000000 0.094132922600
813.825012000  8.300000000 0.092187508900
813.850037000  8.300000000 0.090206578400
813.875000000  8.300000000 0.088197678300
813.900024000  8.300000000 0.086169026800
813.925049000  8.300000000 0.084129333500
813.950012000  8.300000000 0.082087934000
813.975037000  8.300000000 0.080054529000
814.000000000  8.300000000 0.078039228900
814.025024000  8.300000000 0.076052449600
814.050049000  8.300000000 0.074104748700
814.075012000  8.300000000 0.072206847400
814.100037000  8.300000000 0.070369444800
814.125000000  8.300000000 0.068603180300
814.150024000  8.300000000 0.066918589200
814.175049000  8.300000000 0.065325848800
814.200012000  8.300000000 0.063834942900
814.225037000  8.300000000 0.062455348700
814.250000000  8.300000000 0.061195995700
814.275024000  8.300000000 0.060065247100
814.300049000  8.300000000 0.059070695200
814.325012000  8.300000000 0.058219086400
814.350037000  8.300000000 0.057516258200
814.375000000  8.300000000 0.056966997700
814.400024000  8.300000000 0.056575018900
814.425049000  8.300000000 0.056342870000
814.450012000  8.300000000 0.056271858500
814.475037000  8.300000000 0.056362081300
814.500000000  8.300000000 0.056612350000
814.525024000  8.300000000 0.057020176200
814.550049000  8.300000000 0.057581812100
814.575012000  8.300000000 0.058292202700
814.600037000  8.300000000 0.059145122800
814.625000000  8.300000000 0.060133036200
814.650024000  8.300000000 0.061247292900
814.675049000  8.300000000 0.062478113900
814.700012000  8.300000000 0.063814647500
814.725037000  8.300000000 0.065245017400
814.750000000  8.300000000 0.066756494300
814.775024000  8.300000000 0.068335436300
814.800049000  8.300000000 0.069967486000
814.825012000  8.300000000 0.071637675200
814.850037000  8.300000000 0.073330447100
814.875000000  8.300000000 0.075029864900
814.900024000  8.300000000 0.076719664000
814.925049000  8.300000000 0.078383393600
814.950012000  8.300000000 0.080004617600
814.975037000  8.300000000 0.081566989400
815.000000000  8.300000000 0.083054468000
815.025024000  8.300000000 0.084451466800
815.050049000  8.300000000 0.085742972800
815.075012000  8.300000000 0.086914658500
815.100037000  8.300000000 0.087953090700
815.125000000  8.300000000 0.088845722400
815.150024000  8.300000000 0.089581035100
815.175049000  8.300000000 0.090148687400
815.200012000  8.300000000 0.090539448000
815.225037000  8.300000000 0.090745389500
815.250000000  8.300000000 0.090759858500
815.275024000  8.300000000 0.090577580000
815.300049000  8.300000000 0.090194761800
815.325012000  8.300000000 0.089608989700
815.350037000  8.300000000 0.088819347300
815.375000000  8.300000000 0.087826445700
815.400024000  8.300000000 0.086632348600
815.425049000  8.300000000 0.085240624800
815.450012000  8.300000000 0.083656370600
815.475037000  8.300000000 0.081886008400
815.500000000  8.300000000 0.079937517600
815.525024000  8.300000000 0.077820189300
815.550049000  8.300000000 0.075544580800
815.575012000  8.300000000 0.073122538600
815.600037000  8.300000000 0.070566982000
815.625000000  8.300000000 0.067891858500
815.650024000  8.300000000 0.065112046900
815.675049000  8.300000000 0.062243100300
815.700012000  8.300000000 0.059301216200
815.725037000  8.300000000 0.056303080200
815.750000000  8.300000000 0.053265620000
815.775024000  8.300000000 0.050206027900
815.800049000  8.300000000 0.047141458800
815.825012000  8.300000000 0.044089064000
815.850037000  8.300000000 0.041065689200
815.875000000  8.300000000 0.038087952900
815.900024000  8.300000000 0.035171996800
815.925049000  8.300000000 0.032333418700
815.950012000  8.300000000 0.029587250200
815.975037000  8.300000000 0.026947736700
816.000000000  8.300000000 0.024428321000
816.025024000  8.300000000 0.022041497800
816.050049000  8.300000000 0.019798755600
816.075012000  8.300000000 0.017710413800
816.100037000  8.300000000 0.015785547000
816.125000000  8.300000000 0.014031933600
816.150024000  8.300000000 0.012455893700
816.175049000  8.300000000 0.011062271900
816.200012000  8.300000000 0.009854312990
816.225037000  8.300000000 0.008833649570
816.250000000  8.300000000 0.008000211790
816.275024000  8.300000000 0.007352248300
816.300049000  8.300000000 0.006886324850
816.325012000  8.300000000 0.006597366180
816.350037000  8.300000000 0.006478676110
816.375000000  8.300000000 0.006522028240
816.400024000  8.300000000 0.006717716810
816.425049000  8.300000000 0.007054664660
816.450012000  8.300000000 0.007520539690
816.475037000  8.300000000 0.008101870310
816.500000000  8.300000000 0.008784196340
816.525024000  8.300000000 0.009552170520
816.550049000  8.300000000 0.010389774100
816.575012000  8.300000000 0.011280407200
816.600037000  8.300000000 0.012207080600
816.625000000  8.300000000 0.013152530400
816.650024000  8.300000000 0.014099355800
816.675049000  8.300000000 0.015030166100
816.700012000  8.300000000 0.015927685400
816.725037000  8.300000000 0.016774887200
816.750000000  8.300000000 0.017555095300
816.775024000  8.300000000 0.018252151100
816.800049000  8.300000000 0.018850458800
816.825012000  8.300000000 0.019335130200
816.850037000  8.300000000 0.019692074500
816.875000000  8.300000000 0.019908068700
816.900024000  8.300000000 0.019970905000
816.925049000  8.300000000 0.019869418800
816.950012000  8.300000000 0.019593596500
816.975037000  8.300000000 0.019134653700
817.000000000  8.300000000 0.018485082300
817.025024000  8.300000000 0.017638696400
817.050049000  8.300000000 0.016590694000
817.075012000  8.300000000 0.015337679500
817.100037000  8.300000000 0.013877661000
817.125000000  8.300000000 0.012210088800
817.150024000  8.300000000 0.010335789100
817.175049000  8.300000000 0.008256971840
817.200012000  8.300000000 0.005977225020
817.225037000  8.300000000 0.003501434580
817.250000000  8.300000000 0.000835764047
817.275024000  8.300000000 -0.002012361540
817.300049000  8.300000000 -0.005034339610
817.325012000  8.300000000 -0.008220393210
817.350037000  8.300000000 -0.011559632600
817.375000000  8.300000000 -0.015040060500
817.400024000  8.300000000 -0.018648689600
817.425049000  8.300000000 -0.022371541700
817.450012000  8.300000000 -0.026193795700
817.475037000  8.300000000 -0.030099770100
817.500000000  8.300000000 -0.034073073400
817.525024000  8.300000000 -0.038096681200
817.550049000  8.300000000 -0.042153030600
817.575012000  8.300000000 -0.046224139600
817.600037000  8.300000000 -0.050291787800
817.625000000  8.300000000 -0.054337583500
817.650024000  8.300000000 -0.058343194400
817.675049000  8.300000000 -0.062290407700
817.700012000  8.300000000 -0.066161386700
817.725037000  8.300000000 -0.069938674600
817.750000000  8.300000000 -0.073605462900
817.775024000  8.300000000 -0.077145673300
817.800049000  8.300000000 -0.080544069400
817.825012000  8.300000000 -0.083786390700
817.850037000  8.300000000 -0.086859390100
817.875000000  8.300000000 -0.089751064800
817.900024000  8.300000000 -0.092450588900
817.925049000  8.300000000 -0.094948470600
817.950012000  8.300000000 -0.097236558800
817.975037000  8.300000000 -0.099308230000
818.000000000  8.300000000 -0.101158276000
818.025024000  8.300000000 -0.102783062000
818.050049000  8.300000000 -0.104180515000
818.075012000  8.300000000 -0.105350100000
818.100037000  8.300000000 -0.106292903000
818.125000000  8.300000000 -0.107011557000
818.150024000  8.300000000 -0.107510284000
818.175049000  8.300000000 -0.107794859000
818.200012000  8.300000000 -0.107872456000
818.225037000  8.300000000 -0.107751742000
818.250000000  8.300000000 -0.107442729000
818.275024000  8.300000000 -0.106956713000
818.300049000  8.300000000 -0.106306136000
818.325012000  8.300000000 -0.105504557000
818.350037000  8.300000000 -0.104566433000
818.375000000  8.300000000 -0.103507072000
818.400024000  8.300000000 -0.102342501000
818.425049000  8.300000000 -0.101089209000
818.450012000  8.300000000 -0.099764116100
818.475037000  8.300000000 -0.098384358000
818.500000000  8.300000000 -0.096967175600
818.525024000  8.300000000 -0.095529638200
818.550049000  8.300000000 -0.094088658700
818.575012000  8.300000000 -0.092660605900
818.600037000  8.300000000 -0.091261394300
818.625000000  8.300000000 -0.089906215700
818.650024000  8.300000000 -0.088609449600
818.675049000  8.300000000 -0.087384589000
818.700012000  8.300000000 -0.086244113700
818.725037000  8.300000000 -0.085199452900
818.750000000  8.300000000 -0.084260858600
818.775024000  8.300000000 -0.083437450200
818.800049000  8.300000000 -0.082737110600
818.825012000  8.300000000 -0.082166463100
818.850037000  8.300000000 -0.081730932000
818.875000000  8.300000000 -0.081434615000
818.900024000  8.300000000 -0.081280402800
818.925049000  8.300000000 -0.081269919900
818.950012000  8.300000000 -0.081403546000
818.975037000  8.300000000 -0.081680476700
819.000000000  8.300000000 -0.082098700100
819.025024000  8.300000000 -0.082655072200
819.050049000  8.300000000 -0.083345286500
819.075012000  8.300000000 -0.084164030800
819.100037000  8.300000000 -0.085104897600
819.125000000  8.300000000 -0.086160533100
819.150024000  8.300000000 -0.087322659800
819.175049000  8.300000000 -0.088582113400
819.200012000  8.300000000 -0.089928858000
819.225037000  8.300000000 -0.091352112600
819.250000000  8.300000000 -0.092840336300
819.275024000  8.300000000 -0.094381406900
819.300049000  8.300000000 -0.095962598900
819.325012000  8.300000000 -0.097570702400
819.350037000  8.300000000 -0.099192224400
819.375000000  8.300000000 -0.100813329000
819.400024000  8.300000000 -0.102420188000
819.425049000  8.300000000 -0.103998818000
819.450012000  8.300000000 -0.105535425000
819.475037000  8.300000000 -0.107016377000
819.500000000  8.300000000 -0.108428404000
819.525024000  8.300000000 -0.109758645000
819.550049000  8.300000000 -0.110994689000
819.575012000  8.300000000 -0.112124726000
819.600037000  8.300000000 -0.113137536000
819.625000000  8.300000000 -0.114022687000
819.650024000  8.300000000 -0.114770457000
819.675049000  8.300000000 -0.115371898000
819.700012000  8.300000000 -0.115819000000
819.725037000  8.300000000 -0.116104573000
819.750000000  8.300000000 -0.116222382000
819.775024000  8.300000000 -0.116167128000
819.800049000  8.300000000 -0.115934484000
819.825012000  8.300000000 -0.115521118000
819.850037000  8.300000000 -0.114924863000
819.875000000  8.300000000 -0.114144422000
819.900024000  8.300000000 -0.113179766000
819.925049000  8.300000000 -0.112031810000
819.950012000  8.300000000 -0.110702619000
819.975037000  8.300000000 -0.109195210000
820.000000000  8.300000000 -0.107513674000
820.025024000  8.300000000 -0.105663091000
820.050049000  8.300000000 -0.103649437000
820.075012000  8.300000000 -0.101479538000
820.100037000  8.300000000 -0.099161014000
820.125000000  8.300000000 -0.096702277700
820.150024000  8.300000000 -0.094112351500
820.175049000  8.300000000 -0.091400891500
820.200012000  8.300000000 -0.088578060300
820.225037000  8.300000000 -0.085654474800
820.250000000  8.300000000 -0.082641243900
820.275024000  8.300000000 -0.079549744700
820.300049000  8.300000000 -0.076391860800
820.325012000  8.300000000 -0.073179647300
820.350037000  8.300000000 -0.069925554100
820.375000000  8.300000000 -0.066642224800
820.400024000  8.300000000 -0.063342660700
820.425049000  8.300000000 -0.060039971000
820.450012000  8.300000000 -0.056747432800
820.475037000  8.300000000 -0.053478535300
820.500000000  8.300000000 -0.050246857100
820.525024000  8.300000000 -0.047066051500
820.550049000  8.300000000 -0.043949753000
820.575012000  8.300000000 -0.040911540400
820.600037000  8.300000000 -0.037964750100
820.625000000  8.300000000 -0.035122610600
820.650024000  8.300000000 -0.032397877400
820.675049000  8.300000000 -0.029802952000
820.700012000  8.300000000 -0.027349602400
820.725037000  8.300000000 -0.025048986100
820.750000000  8.300000000 -0.022911563500
820.775024000  8.300000000 -0.020946908700
820.800049000  8.300000000 -0.019163655100
820.825012000  8.300000000 -0.017569495400
820.850037000  8.300000000 -0.016171053100
820.875000000  8.300000000 -0.014973845300
820.900024000  8.300000000 -0.013982236400
820.925049000  8.300000000 -0.013199413200
820.950012000  8.300000000 -0.012627324100
820.975037000  8.300000000 -0.012266659200
821.000000000  8.300000000 -0.012116795400
821.025024000  8.300000000 -0.012175875700
821.050049000  8.300000000 -0.012440682400
821.075012000  8.300000000 -0.012906722700
821.100037000  8.300000000 -0.013568240200
821.125000000  8.300000000 -0.014418254600
821.150024000  8.300000000 -0.015448573000
821.175049000  8.300000000 -0.016649935400
821.200012000  8.300000000 -0.018012018900
821.225037000  8.300000000 -0.019523521900
821.250000000  8.300000000 -0.021172231100
821.275024000  8.300000000 -0.022945087400
821.300049000  8.300000000 -0.024828312900
821.325012000  8.300000000 -0.026807438600
821.350037000  8.300000000 -0.028867449600
821.375000000  8.300000000 -0.030992867400
821.400024000  8.300000000 -0.033167835300
821.425049000  8.300000000 -0.035376235800
821.450012000  8.300000000 -0.037601839800
821.475037000  8.300000000 -0.039828397300
821.500000000  8.300000000 -0.042039733400
821.525024000  8.300000000 -0.044219940900
821.550049000  8.300000000 -0.046353437000
821.575012000  8.300000000 -0.048425100700
821.600037000  8.300000000 -0.050420306600
821.625000000  8.300000000 -0.052325092300
821.650024000  8.300000000 -0.054126221700
821.675049000  8.300000000 -0.055811233800
821.700012000  8.300000000 -0.057368528100
821.725037000  8.300000000 -0.058787453900
821.750000000  8.300000000 -0.060058377700
821.775024000  8.300000000 -0.061172746100
821.800049000  8.300000000 -0.062123142200
821.825012000  8.300000000 -0.062903344600
821.850037000  8.300000000 -0.063508451000
821.875000000  8.300000000 -0.063934810500
821.900024000  8.300000000 -0.064180158100
821.925049000  8.300000000 -0.064243577400
821.950012000  8.300000000 -0.064125508100
821.975037000  8.300000000 -0.063827686000
822.000000000  8.300000000 -0.063353218100
822.025024000  8.300000000 -0.062706418300
822.050049000  8.300000000 -0.061892725500
822.075012000  8.300000000 -0.060918666400
822.100037000  8.300000000 -0.059791721400
822.125000000  8.300000000 -0.058520115900
822.150024000  8.300000000 -0.057112876300
822.175049000  8.300000000 -0.055579502100
822.200012000  8.300000000 -0.053930055400
822.225037000  8.300000000 -0.052174899700
822.250000000  8.300000000 -0.050324648600
822.275024000  8.300000000 -0.048390071800
822.300049000  8.300000000 -0.046381961600
822.325012000  8.300000000 -0.044311035400
822.350037000  8.300000000 -0.042187906800
822.375000000  8.300000000 -0.040022920800
822.400024000  8.300000000 -0.037826098500
822.425049000  8.300000000 -0.035607088400
822.450012000  8.300000000 -0.033375054600
822.475037000  8.300000000 -0.031138632400
822.500000000  8.300000000 -0.028905848000
822.525024000  8.300000000 -0.026684103500
822.550049000  8.300000000 -0.024480052300
822.575012000  8.300000000 -0.022299679000
822.600037000  8.300000000 -0.020148143200
822.625000000  8.300000000 -0.018029913300
822.650024000  8.300000000 -0.015948621600
822.675049000  8.300000000 -0.013907157800
822.700012000  8.300000000 -0.011907670600
822.725037000  8.300000000 -0.009951576590
822.750000000  8.300000000 -0.008039602080
822.775024000  8.300000000 -0.006171810440
822.800049000  8.300000000 -0.004347624260
822.825012000  8.300000000 -0.002565907310
822.850037000  8.300000000 -0.000825013791
822.875000000  8.300000000 0.000877154933
822.900024000  8.300000000 0.002543071750
822.925049000  8.300000000 0.004175589890
822.950012000  8.300000000 0.005777732000
822.975037000  8.300000000 0.007352772170
823.000000000  8.300000000 0.008904073390
823.025024000  8.300000000 0.010435048500
823.050049000  8.300000000 0.011949092100
823.075012000  8.300000000 0.013449503100
823.100037000  8.300000000 0.014939513100
823.125000000  8.300000000 0.016422137600
823.150024000  8.300000000 0.017900211700
823.175049000  8.300000000 0.019376313300
823.200012000  8.300000000 0.020852727800
823.225037000  8.300000000 0.022331442700
823.250000000  8.300000000 0.023814108200
823.275024000  8.300000000 0.025301991000
823.300049000  8.300000000 0.026795968400
823.325012000  8.300000000 0.028296502300
823.350037000  8.300000000 0.029803602000
823.375000000  8.300000000 0.031316794500
823.400024000  8.300000000 0.032835096100
823.425049000  8.300000000 0.034356992700
823.450012000  8.300000000 0.035880420400
823.475037000  8.300000000 0.037402749100
823.500000000  8.300000000 0.038920745300
823.525024000  8.300000000 0.040430601700
823.550049000  8.300000000 0.041927944900
823.575012000  8.300000000 0.043407820200
823.600037000  8.300000000 0.044864777500
823.625000000  8.300000000 0.046292845200
823.650024000  8.300000000 0.047685675300
823.675049000  8.300000000 0.049036528900
823.700012000  8.300000000 0.050338391200
823.725037000  8.300000000 0.051584016500
823.750000000  8.300000000 0.052765939400
823.775024000  8.300000000 0.053876597400
823.800049000  8.300000000 0.054908346400
823.825012000  8.300000000 0.055853523300
823.850037000  8.300000000 0.056704495100
823.875000000  8.300000000 0.057453714300
823.900024000  8.300000000 0.058093823500
823.925049000  8.300000000 0.058617644000
823.950012000  8.300000000 0.059018336200
823.975037000  8.300000000 0.059289492700
824.000000000  8.300000000 0.059425115600
824.025024000  8.300000000 0.059419751200
824.050049000  8.300000000 0.059268545400
824.075012000  8.300000000 0.058967329600
824.100037000  8.300000000 0.058512594600
824.125000000  8.300000000 0.057901635800
824.150024000  8.300000000 0.057132512300
824.175049000  8.300000000 0.056204110400
824.200012000  8.300000000 0.055116191500
824.225037000  8.300000000 0.053869314500
824.250000000  8.300000000 0.052464950800
824.275024000  8.300000000 0.050905399000
824.300049000  8.300000000 0.049193829300
824.325012000  8.300000000 0.047334246300
824.350037000  8.300000000 0.045331407300
824.375000000  8.300000000 0.043190844400
824.400024000  8.300000000 0.040918711600
824.425049000  8.300000000 0.038521826300
824.450012000  8.300000000 0.036007467700
824.475037000  8.300000000 0.033383395500
824.500000000  8.300000000 0.030657716100
824.525024000  8.300000000 0.027838792700
824.550049000  8.300000000 0.024935184000
824.575012000  8.300000000 0.021955583200
824.600037000  8.300000000 0.018908694400
824.625000000  8.300000000 0.015803219800
824.650024000  8.300000000 0.012647815000
824.675049000  8.300000000 0.009451004680
824.700012000  8.300000000 0.006221163550
824.725037000  8.300000000 0.002966541330
824.750000000  8.300000000 -0.000304866087
824.775024000  8.300000000 -0.003585210300
824.800049000  8.300000000 -0.006866852750
824.825012000  8.300000000 -0.010142380400
824.850037000  8.300000000 -0.013404617100
824.875000000  8.300000000 -0.016646603100
824.900024000  8.300000000 -0.019861623600
824.925049000  8.300000000 -0.023043254400
824.950012000  8.300000000 -0.026185292800
824.975037000  8.300000000 -0.029281782000
825.000000000  8.300000000 -0.032327011200
825.025024000  8.300000000 -0.035315536000
825.050049000  8.300000000 -0.038242101700
825.075012000  8.300000000 -0.041101750000
825.100037000  8.300000000 -0.043889764700
825.125000000  8.300000000 -0.046601701500
825.150024000  8.300000000 -0.049233384400
825.175049000  8.300000000 -0.051780968900
825.200012000  8.300000000 -0.054240886100
825.225037000  8.300000000 -0.056609854100
825.250000000  8.300000000 -0.058885000600
825.275024000  8.300000000 -0.061063688200
825.300049000  8.300000000 -0.063143655700
825.325012000  8.300000000 -0.065122902400
825.350037000  8.300000000 -0.066999793100
825.375000000  8.300000000 -0.068772986500
825.400024000  8.300000000 -0.070441439700
825.425049000  8.300000000 -0.072004444900
825.450012000  8.300000000 -0.073461607100
825.475037000  8.300000000 -0.074812799700
825.500000000  8.300000000 -0.076058208900
825.525024000  8.300000000 -0.077198311700
825.550049000  8.300000000 -0.078233912600
825.575012000  8.300000000 -0.079166092000
825.600037000  8.300000000 -0.079996250600
825.625000000  8.300000000 -0.080726094500
825.650024000  8.300000000 -0.081357590900
825.675049000  8.300000000 -0.081893093900
825.700012000  8.300000000 -0.082335226200
825.725037000  8.300000000 -0.082687012900
825.750000000  8.300000000 -0.082951732000
825.775024000  8.300000000 -0.083133086600
825.800049000  8.300000000 -0.083235047800
825.825012000  8.300000000 -0.083261974200
825.850037000  8.300000000 -0.083218485100
825.875000000  8.300000000 -0.083109535300
825.900024000  8.300000000 -0.082940347500
825.925049000  8.300000000 -0.082716383000
825.950012000  8.300000000 -0.082443349100
825.975037000  8.300000000 -0.082127071900
826.000000000  8.300000000 -0.081773459900
826.025024000  8.300000000 -0.081388481000
826.050049000  8.300000000 -0.080978177500
826.075012000  8.300000000 -0.080548532300
826.100037000  8.300000000 -0.080105461200
826.125000000  8.300000000 -0.079654827700
826.150024000  8.300000000 -0.079202376300
826.175049000  8.300000000 -0.078753680000
826.200012000  8.300000000 -0.078314177700
826.225037000  8.300000000 -0.077889144400
826.250000000  8.300000000 -0.077483646600
826.275024000  8.300000000 -0.077102616400
826.300049000  8.300000000 -0.076750747900
826.325012000  8.300000000 -0.076432563400
826.350037000  8.300000000 -0.076152347000
826.375000000  8.300000000 -0.075914062600
826.400024000  8.300000000 -0.075721494900
826.425049000  8.300000000 -0.075578101000
826.450012000  8.300000000 -0.075486972900
826.475037000  8.300000000 -0.075450904700
826.500000000  8.300000000 -0.075472205900
826.525024000  8.300000000 -0.075552806300
826.550049000  8.300000000 -0.075694136300
826.575012000  8.300000000 -0.075897179500
826.600037000  8.300000000 -0.076162427700
826.625000000  8.300000000 -0.076489865800
826.650024000  8.300000000 -0.076878979800
826.675049000  8.300000000 -0.077328756500
826.700012000  8.300000000 -0.077837623700
826.725037000  8.300000000 -0.078403525100
826.750000000  8.300000000 -0.079023934900
826.775024000  8.300000000 -0.079695917700
826.800049000  8.300000000 -0.080416105700
826.825012000  8.300000000 -0.081180833300
826.850037000  8.300000000 -0.081986099500
826.875000000  8.300000000 -0.082827717100
826.900024000  8.300000000 -0.083701312500
826.925049000  8.300000000 -0.084602415600
826.950012000  8.300000000 -0.085526526000
826.975037000  8.300000000 -0.086469143600
827.000000000  8.300000000 -0.087425872700
827.025024000  8.300000000 -0.088392399300
827.050049000  8.300000000 -0.089364603200
827.075012000  8.300000000 -0.090338595200
827.100037000  8.300000000 -0.091310709700
827.125000000  8.300000000 -0.092277631200
827.150024000  8.300000000 -0.093236334600
827.175049000  8.300000000 -0.094184160200
827.200012000  8.300000000 -0.095118761100
827.225037000  8.300000000 -0.096038214900
827.250000000  8.300000000 -0.096940890000
827.275024000  8.300000000 -0.097825527200
827.300049000  8.300000000 -0.098691195200
827.325012000  8.300000000 -0.099537290600
827.350037000  8.300000000 -0.100363411000
827.375000000  8.300000000 -0.101169489000
827.400024000  8.300000000 -0.101955652000
827.425049000  8.300000000 -0.102722213000
827.450012000  8.300000000 -0.103469618000
827.475037000  8.300000000 -0.104198553000
827.500000000  8.300000000 -0.104909718000
827.525024000  8.300000000 -0.105603904000
827.550049000  8.300000000 -0.106281914000
827.575012000  8.300000000 -0.106944658000
827.600037000  8.300000000 -0.107592963000
827.625000000  8.300000000 -0.108227648000
827.650024000  8.300000000 -0.108849451000
827.675049000  8.300000000 -0.109459005000
827.700012000  8.300000000 -0.110056765000
827.725037000  8.300000000 -0.110643089000
827.750000000  8.300000000 -0.111218072000
827.775024000  8.300000000 -0.111781619000
827.800049000  8.300000000 -0.112333424000
827.825012000  8.300000000 -0.112872884000
827.850037000  8.300000000 -0.113399185000
827.875000000  8.300000000 -0.113911264000
827.900024000  8.300000000 -0.114407837000
827.925049000  8.300000000 -0.114887267000
827.950012000  8.300000000 -0.115347922000
827.975037000  8.300000000 -0.115787819000
828.000000000  8.300000000 -0.116204880000
828.025024000  8.300000000 -0.116597019000
828.050049000  8.300000000 -0.116961934000
828.075012000  8.300000000 -0.117297336000
828.100037000  8.300000000 -0.117600948000
828.125000000  8.300000000 -0.117870487000
828.150024000  8.300000000 -0.118103795000
828.175049000  8.300000000 -0.118298844000
828.200012000  8.300000000 -0.118453711000
828.225037000  8.300000000 -0.118566692000
828.250000000  8.300000000 -0.118636265000
828.275024000  8.300000000 -0.118661158000
828.300049000  8.300000000 -0.118640348000
828.325012000  8.300000000 -0.118573047000
828.350037000  8.300000000 -0.118458740000
828.375000000  8.300000000 -0.118297197000
828.400024000  8.300000000 -0.118088432000
828.425049000  8.300000000 -0.117832817000
828.450012000  8.300000000 -0.117530927000
828.475037000  8.300000000 -0.117183745000
828.500000000  8.300000000 -0.116792537000
828.525024000  8.300000000 -0.116358943000
828.550049000  8.300000000 -0.115884960000
828.575012000  8.300000000 -0.115372956000
828.600037000  8.300000000 -0.114825696000
828.625000000  8.300000000 -0.114246339000
828.650024000  8.300000000 -0.113638349000
828.675049000  8.300000000 -0.113005564000
828.700012000  8.300000000 -0.112352192000
828.725037000  8.300000000 -0.111682683000
828.750000000  8.300000000 -0.111001708000
828.775024000  8.300000000 -0.110314243000
828.800049000  8.300000000 -0.109625317000
828.825012000  8.300000000 -0.108940125000
828.850037000  8.300000000 -0.108263865000
828.875000000  8.300000000 -0.107601717000
828.900024000  8.300000000 -0.106958807000
828.925049000  8.300000000 -0.106340013000
828.950012000  8.300000000 -0.105749980000
828.975037000  8.300000000 -0.105193116000
829.000000000  8.300000000 -0.104673363000
829.025024000  8.300000000 -0.104194298000
829.050049000  8.300000000 -0.103758939000
829.075012000  8.300000000 -0.103369765000
829.100037000  8.300000000 -0.103028722000
829.125000000  8.300000000 -0.102737010000
829.150024000  8.300000000 -0.102495335000
829.175049000  8.300000000 -0.102303565000
829.200012000  8.300000000 -0.102161035000
829.225037000  8.300000000 -0.102066375000
829.250000000  8.300000000 -0.102017589000
829.275024000  8.300000000 -0.102012053000
829.300049000  8.300000000 -0.102046594000
829.325012000  8.300000000 -0.102117509000
829.350037000  8.300000000 -0.102220662000
829.375000000  8.300000000 -0.102351405000
829.400024000  8.300000000 -0.102504812000
829.425049000  8.300000000 -0.102675542000
829.450012000  8.300000000 -0.102857970000
829.475037000  8.300000000 -0.103046201000
829.500000000  8.300000000 -0.103234075000
829.525024000  8.300000000 -0.103415273000
829.550049000  8.300000000 -0.103583306000
829.575012000  8.300000000 -0.103731588000
829.600037000  8.300000000 -0.103853516000
829.625000000  8.300000000 -0.103942476000
829.650024000  8.300000000 -0.103991963000
829.675049000  8.300000000 -0.103995606000
829.700012000  8.300000000 -0.103947207000
829.725037000  8.300000000 -0.103840835000
829.750000000  8.300000000 -0.103670806000
829.775024000  8.300000000 -0.103431724000
829.800049000  8.300000000 -0.103118576000
829.825012000  8.300000000 -0.102726616000
829.850037000  8.300000000 -0.102251589000
829.875000000  8.300000000 -0.101689547000
829.900024000  8.300000000 -0.101036981000
829.925049000  8.300000000 -0.100290850000
829.950012000  8.300000000 -0.099448569100
829.975037000  8.300000000 -0.098507992900
830.000000000  8.300000000 -0.097467504400
830.025024000  8.300000000 -0.096326030800
830.050049000  8.300000000 -0.095082968500
830.075012000  8.300000000 -0.093738265300
830.100037000  8.300000000 -0.092292435500
830.125000000  8.300000000 -0.090746447400
830.150024000  8.300000000 -0.089101888200
830.175049000  8.300000000 -0.087360814200
830.200012000  8.300000000 -0.085525885200
830.225037000  8.300000000 -0.083600200700
830.250000000  8.300000000 -0.081587344400
830.275024000  8.300000000 -0.079491406700
830.300049000  8.300000000 -0.077316902600
830.325012000  8.300000000 -0.075068727100
830.350037000  8.300000000 -0.072752185200
830.375000000  8.300000000 -0.070372872100
830.400024000  8.300000000 -0.067936673800
830.425049000  8.300000000 -0.065449707200
830.450012000  8.300000000 -0.062918186200
830.475037000  8.300000000 -0.060348484700
830.500000000  8.300000000 -0.057746872300
830.525024000  8.300000000 -0.055119637400
830.550049000  8.300000000 -0.052472829800
830.575012000  8.300000000 -0.049812253600
830.600037000  8.300000000 -0.047143407200
830.625000000  8.300000000 -0.044471368200
830.650024000  8.300000000 -0.041800800700
830.675049000  8.300000000 -0.039135824900
830.700012000  8.300000000 -0.036480013300
830.725037000  8.300000000 -0.033836320000
830.750000000  8.300000000 -0.031207032500
830.775024000  8.300000000 -0.028593799100
830.800049000  8.300000000 -0.025997553000
830.825012000  8.300000000 -0.023418521500
830.850037000  8.300000000 -0.020856183000
830.875000000  8.300000000 -0.018309319400
830.900024000  8.300000000 -0.015776012100
830.925049000  8.300000000 -0.013253613400
830.950012000  8.300000000 -0.010738903700
830.975037000  8.300000000 -0.008228051480
831.000000000  8.300000000 -0.005716709890
831.025024000  8.300000000 -0.003200108650
831.050049000  8.300000000 -0.000673080271
831.075012000  8.300000000 0.001869718660
831.100037000  8.300000000 0.004433913160
831.125000000  8.300000000 0.007025143600
831.150024000  8.300000000 0.009649058800
831.175049000  8.300000000 0.012311250900
831.200012000  8.300000000 0.015017086600
831.225037000  8.300000000 0.017771685500
831.250000000  8.300000000 0.020579826100
831.275024000  8.300000000 0.023445818600
831.300049000  8.300000000 0.026373464600
831.325012000  8.300000000 0.029365908400
831.350037000  8.300000000 0.032425683000
831.375000000  8.300000000 0.035554479800
831.400024000  8.300000000 0.038753248800
831.425049000  8.300000000 0.042022131400
831.450012000  8.300000000 0.045360367700
831.475037000  8.300000000 0.048766396900
831.500000000  8.300000000 0.052237723000
831.525024000  8.300000000 0.055770982100
831.550049000  8.300000000 0.059361957000
831.575012000  8.300000000 0.063005559100
831.600037000  8.300000000 0.066695921100
831.625000000  8.300000000 0.070426344900
831.650024000  8.300000000 0.074189499000
831.675049000  8.300000000 0.077977269900
831.700012000  8.300000000 0.081781014800
831.725037000  8.300000000 0.085591509900
831.750000000  8.300000000 0.089399069500
831.775024000  8.300000000 0.093193531000
831.800049000  8.300000000 0.096964493400
831.825012000  8.300000000 0.100701220000
831.850037000  8.300000000 0.104392841000
831.875000000  8.300000000 0.108028285000
831.900024000  8.300000000 0.111596681000
831.925049000  8.300000000 0.115087062000
831.950012000  8.300000000 0.118488684000
831.975037000  8.300000000 0.121791027000
832.000000000  8.300000000 0.124983869000
832.025024000  8.300000000 0.128057435000
832.050049000  8.300000000 0.131002352000
832.075012000  8.300000000 0.133809924000
832.100037000  8.300000000 0.136471942000
832.125000000  8.300000000 0.138980925000
832.150024000  8.300000000 0.141330123000
832.175049000  8.300000000 0.143513486000
832.200012000  8.300000000 0.145525709000
832.225037000  8.300000000 0.147362351000
832.250000000  8.300000000 0.149019733000
832.275024000  8.300000000 0.150495097000
832.300049000  8.300000000 0.151786521000
832.325012000  8.300000000 0.152892947000
832.350037000  8.300000000 0.153814360000
832.375000000  8.300000000 0.154551670000
832.400024000  8.300000000 0.155106798000
832.425049000  8.300000000 0.155482695000
832.450012000  8.300000000 0.155683324000
832.475037000  8.300000000 0.155713752000
832.500000000  8.300000000 0.155580088000
832.525024000  8.300000000 0.155289322000
832.550049000  8.300000000 0.154849753000
832.575012000  8.300000000 0.154270232000
832.600037000  8.300000000 0.153560892000
832.625000000  8.300000000 0.152732566000
832.650024000  8.300000000 0.151796773000
832.675049000  8.300000000 0.150765792000
832.700012000  8.300000000 0.149652436000
832.725037000  8.300000000 0.148469925000
832.750000000  8.300000000 0.147231832000
832.775024000  8.300000000 0.145951897000
832.800049000  8.300000000 0.144643933000
832.825012000  8.300000000 0.143321842000
832.850037000  8.300000000 0.141999170000
832.875000000  8.300000000 0.140689313000
832.900024000  8.300000000 0.139405236000
832.925049000  8.300000000 0.138159394000
832.950012000  8.300000000 0.136963710000
832.975037000  8.300000000 0.135829434000
833.000000000  8.300000000 0.134767175000
833.025024000  8.300000000 0.133786738000
833.050049000  8.300000000 0.132897153000
833.075012000  8.300000000 0.132106736000
833.100037000  8.300000000 0.131422892000
833.125000000  8.300000000 0.130852327000
833.150024000  8.300000000 0.130400911000
833.175049000  8.300000000 0.130073830000
833.200012000  8.300000000 0.129875541000
833.225037000  8.300000000 0.129809812000
833.250000000  8.300000000 0.129879728000
833.275024000  8.300000000 0.130087912000
833.300049000  8.300000000 0.130436316000
833.325012000  8.300000000 0.130926430000
833.350037000  8.300000000 0.131559208000
833.375000000  8.300000000 0.132335141000
833.400024000  8.300000000 0.133254230000
833.425049000  8.300000000 0.134316102000
833.450012000  8.300000000 0.135519758000
833.475037000  8.300000000 0.136863798000
833.500000000  8.300000000 0.138346151000
833.525024000  8.300000000 0.139964342000
833.550049000  8.300000000 0.141715124000
833.575012000  8.300000000 0.143594727000
833.600037000  8.300000000 0.145598754000
833.625000000  8.300000000 0.147722006000
833.650024000  8.300000000 0.149958760000
833.675049000  8.300000000 0.152302518000
833.700012000  8.300000000 0.154746130000
833.725037000  8.300000000 0.157281846000
833.750000000  8.300000000 0.159901366000
833.775024000  8.300000000 0.162595838000
833.800049000  8.300000000 0.165356010000
833.825012000  8.300000000 0.168172210000
833.850037000  8.300000000 0.171034485000
833.875000000  8.300000000 0.173932612000
833.900024000  8.300000000 0.176856250000
833.925049000  8.300000000 0.179794937000
833.950012000  8.300000000 0.182738259000
833.975037000  8.300000000 0.185675979000
834.000000000  8.300000000 0.188597932000
834.025024000  8.300000000 0.191494197000
834.050049000  8.300000000 0.194355369000
834.075012000  8.300000000 0.197172269000
834.100037000  8.300000000 0.199936181000
834.125000000  8.300000000 0.202639014000
834.150024000  8.300000000 0.205273166000
834.175049000  8.300000000 0.207831800000
834.200012000  8.300000000 0.210308507000
834.225037000  8.300000000 0.212697715000
834.250000000  8.300000000 0.214994371000
834.275024000  8.300000000 0.217194229000
834.300049000  8.300000000 0.219293684000
834.325012000  8.300000000 0.221289575000
834.350037000  8.300000000 0.223179504000
834.375000000  8.300000000 0.224961534000
834.400024000  8.300000000 0.226634294000
834.425049000  8.300000000 0.228196949000
834.450012000  8.300000000 0.229649007000
834.475037000  8.300000000 0.230990469000
834.500000000  8.300000000 0.232221603000
834.525024000  8.300000000 0.233343080000
834.550049000  8.300000000 0.234355867000
834.575012000  8.300000000 0.235261083000
834.600037000  8.300000000 0.236060098000
834.625000000  8.300000000 0.236754626000
834.650024000  8.300000000 0.237346277000
834.675049000  8.300000000 0.237837106000
834.700012000  8.300000000 0.238229126000
834.725037000  8.300000000 0.238524541000
834.750000000  8.300000000 0.238725677000
834.775024000  8.300000000 0.238835022000
834.800049000  8.300000000 0.238855079000
834.825012000  8.300000000 0.238788456000
834.850037000  8.300000000 0.238637879000
834.875000000  8.300000000 0.238406196000
834.900024000  8.300000000 0.238096327000
834.925049000  8.300000000 0.237711206000
834.950012000  8.300000000 0.237253979000
834.975037000  8.300000000 0.236727864000
835.000000000  8.300000000 0.236136213000
835.025024000  8.300000000 0.235482544000
835.050049000  8.300000000 0.234770626000
835.075012000  8.300000000 0.234004185000
835.100037000  8.300000000 0.233187303000
835.125000000  8.300000000 0.232324123000
835.150024000  8.300000000 0.231419027000
835.175049000  8.300000000 0.230476588000
835.200012000  8.300000000 0.229501367000
835.225037000  8.300000000 0.228498191000
835.250000000  8.300000000 0.227471724000
835.275024000  8.300000000 0.226426661000
835.300049000  8.300000000 0.225367755000
835.325012000  8.300000000 0.224299490000
835.350037000  8.300000000 0.223226175000
835.375000000  8.300000000 0.222151980000
835.400024000  8.300000000 0.221080631000
835.425049000  8.300000000 0.220015585000
835.450012000  8.300000000 0.218959764000
835.475037000  8.300000000 0.217915818000
835.500000000  8.300000000 0.216885835000
835.525024000  8.300000000 0.215871498000
835.550049000  8.300000000 0.214873910000
835.575012000  8.300000000 0.213893771000
835.600037000  8.300000000 0.212931141000
835.625000000  8.300000000 0.211985543000
835.650024000  8.300000000 0.211056009000
835.675049000  8.300000000 0.210141033000
835.700012000  8.300000000 0.209238574000
835.725037000  8.300000000 0.208345994000
835.750000000  8.300000000 0.207460240000
835.775024000  8.300000000 0.206577525000
835.800049000  8.300000000 0.205693722000
835.825012000  8.300000000 0.204803988000
835.850037000  8.300000000 0.203903213000
835.875000000  8.300000000 0.202985659000
835.900024000  8.300000000 0.202045381000
835.925049000  8.300000000 0.201075837000
835.950012000  8.300000000 0.200070292000
835.975037000  8.300000000 0.199021801000
836.000000000  8.300000000 0.197923064000
836.025024000  8.300000000 0.196766898000
836.050049000  8.300000000 0.195546150000
836.075012000  8.300000000 0.194253504000
836.100037000  8.300000000 0.192882061000
836.125000000  8.300000000 0.191425055000
836.150024000  8.300000000 0.189876184000
836.175049000  8.300000000 0.188229457000
836.200012000  8.300000000 0.186479419000
836.225037000  8.300000000 0.184621319000
836.250000000  8.300000000 0.182650894000
836.275024000  8.300000000 0.180564627000
836.300049000  8.300000000 0.178359777000
836.325012000  8.300000000 0.176034257000
836.350037000  8.300000000 0.173586860000
836.375000000  8.300000000 0.171017155000
836.400024000  8.300000000 0.168325618000
836.425049000  8.300000000 0.165513530000
836.450012000  8.300000000 0.162583023000
836.475037000  8.300000000 0.159536958000
836.500000000  8.300000000 0.156379029000
836.525024000  8.300000000 0.153113693000
836.550049000  8.300000000 0.149746150000
836.575012000  8.300000000 0.146282315000
836.600037000  8.300000000 0.142728850000
836.625000000  8.300000000 0.139092922000
836.650024000  8.300000000 0.135382503000
836.675049000  8.300000000 0.131606057000
836.700012000  8.300000000 0.127772659000
836.725037000  8.300000000 0.123891994000
836.750000000  8.300000000 0.119974270000
836.775024000  8.300000000 0.116030209000
836.800049000  8.300000000 0.112070896000
836.825012000  8.300000000 0.108107939000
836.850037000  8.300000000 0.104153074000
836.875000000  8.300000000 0.100218348000
836.900024000  8.300000000 0.096315853300
836.925049000  8.300000000 0.092457719100
836.950012000  8.300000000 0.088655956100
836.975037000  8.300000000 0.084922246600
837.000000000  8.300000000 0.081267878400
837.025024000  8.300000000 0.077703639900
837.050049000  8.300000000 0.074239566900
837.075012000  8.300000000 0.070885047300
837.100037000  8.300000000 0.067648589600
837.125000000  8.300000000 0.064537815700
837.150024000  8.300000000 0.061559330700
837.175049000  8.300000000 0.058718670200
837.200012000  8.300000000 0.056020297100
837.225037000  8.300000000 0.053467463700
837.250000000  8.300000000 0.051062282200
837.275024000  8.300000000 0.048805687600
837.300049000  8.300000000 0.046697363300
837.325012000  8.300000000 0.044735830300
837.350037000  8.300000000 0.042918425100
837.375000000  8.300000000 0.041241303100
837.400024000  8.300000000 0.039699535800
837.425049000  8.300000000 0.038287200000
837.450012000  8.300000000 0.036997444900
837.475037000  8.300000000 0.035822615000
837.500000000  8.300000000 0.034754261400
837.525024000  8.300000000 0.033783339000
837.550049000  8.300000000 0.032900240300
837.575012000  8.300000000 0.032094873500
837.600037000  8.300000000 0.031356774300
837.625000000  8.300000000 0.030675139300
837.650024000  8.300000000 0.030038941700
837.675049000  8.300000000 0.029436925400
837.700012000  8.300000000 0.028857667000
837.725037000  8.300000000 0.028289683200
837.750000000  8.300000000 0.027721436700
837.775024000  8.300000000 0.027141451800
837.800049000  8.300000000 0.026538291900
837.825012000  8.300000000 0.025900766300
837.850037000  8.300000000 0.025217859100
837.875000000  8.300000000 0.024478884400
837.900024000  8.300000000 0.023673592100
837.925049000  8.300000000 0.022792106500
837.950012000  8.300000000 0.021825209300
837.975037000  8.300000000 0.020764263300
838.000000000  8.300000000 0.019601343200
838.025024000  8.300000000 0.018329322300
838.050049000  8.300000000 0.016941936700
838.075012000  8.300000000 0.015433847900
838.100037000  8.300000000 0.013800660100
838.125000000  8.300000000 0.012039091400
838.150024000  8.300000000 0.010146876800
838.175049000  8.300000000 0.008122945200
838.200012000  8.300000000 0.005967254280
838.225037000  8.300000000 0.003680934430
838.250000000  8.300000000 0.001266195090
838.275024000  8.300000000 -0.001273685130
838.300049000  8.300000000 -0.003934402020
838.325012000  8.300000000 -0.006710719780
838.350037000  8.300000000 -0.009596466090
838.375000000  8.300000000 -0.012584676000
838.400024000  8.300000000 -0.015667662000
838.425049000  8.300000000 -0.018837003000
838.450012000  8.300000000 -0.022083748100
838.475037000  8.300000000 -0.025398379200
838.500000000  8.300000000 -0.028770996300
838.525024000  8.300000000 -0.032191366000
838.550049000  8.300000000 -0.035648971800
838.575012000  8.300000000 -0.039133142700
838.600037000  8.300000000 -0.042633116200
838.625000000  8.300000000 -0.046138104100
838.650024000  8.300000000 -0.049637433100
838.675049000  8.300000000 -0.053120490200
838.700012000  8.300000000 -0.056576941200
838.725037000  8.300000000 -0.059996753900
838.750000000  8.300000000 -0.063370250200
838.775024000  8.300000000 -0.066688194900
838.800049000  8.300000000 -0.069941826200
838.825012000  8.300000000 -0.073122948400
838.850037000  8.300000000 -0.076223947100
838.875000000  8.300000000 -0.079237870900
838.900024000  8.300000000 -0.082158498500
838.925049000  8.300000000 -0.084980309000
838.950012000  8.300000000 -0.087698593700
838.975037000  8.300000000 -0.090309388900
839.000000000  8.300000000 -0.092809543000
839.025024000  8.300000000 -0.095196694100
839.050049000  8.300000000 -0.097469233000
839.075012000  8.300000000 -0.099626354900
839.100037000  8.300000000 -0.101667933000
839.125000000  8.300000000 -0.103594549000
839.150024000  8.300000000 -0.105407484000
839.175049000  8.300000000 -0.107108563000
839.200012000  8.300000000 -0.108700149000
839.225037000  8.300000000 -0.110185191000
839.250000000  8.300000000 -0.111566961000
839.275024000  8.300000000 -0.112849191000
839.300049000  8.300000000 -0.114035837000
839.325012000  8.300000000 -0.115131170000
839.350037000  8.300000000 -0.116139658000
839.375000000  8.300000000 -0.117065847000
839.400024000  8.300000000 -0.117914379000
839.425049000  8.300000000 -0.118689910000
839.450012000  8.300000000 -0.119397081000
839.475037000  8.300000000 -0.120040335000
839.500000000  8.300000000 -0.120624065000
839.525024000  8.300000000 -0.121152394000
839.550049000  8.300000000 -0.121629268000
839.575012000  8.300000000 -0.122058295000
839.600037000  8.300000000 -0.122442931000
839.625000000  8.300000000 -0.122786172000
839.650024000  8.300000000 -0.123090871000
839.675049000  8.300000000 -0.123359494000
839.700012000  8.300000000 -0.123594292000
839.725037000  8.300000000 -0.123797365000
839.750000000  8.300000000 -0.123970516000
839.775024000  8.300000000 -0.124115489000
839.800049000  8.300000000 -0.124233969000
839.825012000  8.300000000 -0.124327600000
839.850037000  8.300000000 -0.124397948000
839.875000000  8.300000000 -0.124446757000
839.900024000  8.300000000 -0.124475814000
839.925049000  8.300000000 -0.124486968000
839.950012000  8.300000000 -0.124482185000
839.975037000  8.300000000 -0.124463633000
840.000000000  8.300000000 -0.124433488000
840.025024000  8.300000000 -0.124394104000
840.050049000  8.300000000 -0.124347895000
840.075012000  8.300000000 -0.124297298000
840.100037000  8.300000000 -0.124244832000
840.125000000  8.300000000 -0.124192998000
840.150024000  8.300000000 -0.124144256000
840.175049000  8.300000000 -0.124100976000
840.200012000  8.300000000 -0.124065511000
840.225037000  8.300000000 -0.124039993000
840.250000000  8.300000000 -0.124026492000
840.275024000  8.300000000 -0.124026902000
840.300049000  8.300000000 -0.124042980000
840.325012000  8.300000000 -0.124076262000
840.350037000  8.300000000 -0.124128200000
840.375000000  8.300000000 -0.124200054000
840.400024000  8.300000000 -0.124292955000
840.425049000  8.300000000 -0.124407798000
840.450012000  8.300000000 -0.124545448000
840.475037000  8.300000000 -0.124706529000
840.500000000  8.300000000 -0.124891564000
840.525024000  8.300000000 -0.125100985000
840.550049000  8.300000000 -0.125335097000
840.575012000  8.300000000 -0.125594139000
840.600037000  8.300000000 -0.125878245000
840.625000000  8.300000000 -0.126187518000
840.650024000  8.300000000 -0.126521945000
840.675049000  8.300000000 -0.126881495000
840.700012000  8.300000000 -0.127266034000
840.725037000  8.300000000 -0.127675340000
840.750000000  8.300000000 -0.128109068000
840.775024000  8.300000000 -0.128566772000
840.800049000  8.300000000 -0.129047990000
840.825012000  8.300000000 -0.129551992000
840.850037000  8.300000000 -0.130078018000
840.875000000  8.300000000 -0.130625159000
840.900024000  8.300000000 -0.131192461000
840.925049000  8.300000000 -0.131778836000
840.950012000  8.300000000 -0.132383019000
840.975037000  8.300000000 -0.133003861000
841.000000000  8.300000000 -0.133640006000
841.025024000  8.300000000 -0.134290099000
841.050049000  8.300000000 -0.134952888000
841.075012000  8.300000000 -0.135627046000
841.100037000  8.300000000 -0.136311337000
841.125000000  8.300000000 -0.137004599000
841.150024000  8.300000000 -0.137705788000
841.175049000  8.300000000 -0.138413921000
841.200012000  8.300000000 -0.139128149000
841.225037000  8.300000000 -0.139847681000
841.250000000  8.300000000 -0.140571818000
841.275024000  8.300000000 -0.141299918000
841.300049000  8.300000000 -0.142031431000
841.325012000  8.300000000 -0.142765775000
841.350037000  8.300000000 -0.143502429000
841.375000000  8.300000000 -0.144240767000
841.400024000  8.300000000 -0.144980147000
841.425049000  8.300000000 -0.145719752000
841.450012000  8.300000000 -0.146458641000
841.475037000  8.300000000 -0.147195622000
841.500000000  8.300000000 -0.147929341000
841.525024000  8.300000000 -0.148658127000
841.550049000  8.300000000 -0.149379984000
841.575012000  8.300000000 -0.150092721000
841.600037000  8.300000000 -0.150793687000
841.625000000  8.300000000 -0.151480034000
841.650024000  8.300000000 -0.152148485000
841.675049000  8.300000000 -0.152795538000
841.700012000  8.300000000 -0.153417304000
841.725037000  8.300000000 -0.154009700000
841.750000000  8.300000000 -0.154568240000
841.775024000  8.300000000 -0.155088291000
841.800049000  8.300000000 -0.155564860000
841.825012000  8.300000000 -0.155992746000
841.850037000  8.300000000 -0.156366572000
841.875000000  8.300000000 -0.156680644000
841.900024000  8.300000000 -0.156929210000
841.925049000  8.300000000 -0.157106280000
841.950012000  8.300000000 -0.157205820000
841.975037000  8.300000000 -0.157221749000
842.000000000  8.300000000 -0.157147959000
842.025024000  8.300000000 -0.156978428000
842.050049000  8.300000000 -0.156707272000
842.075012000  8.300000000 -0.156328797000
842.100037000  8.300000000 -0.155837625000
842.125000000  8.300000000 -0.155228734000
842.150024000  8.300000000 -0.154497534000
842.175049000  8.300000000 -0.153639987000
842.200012000  8.300000000 -0.152652726000
842.225037000  8.300000000 -0.151532978000
842.250000000  8.300000000 -0.150278717000
842.275024000  8.300000000 -0.148888648000
842.300049000  8.300000000 -0.147362366000
842.325012000  8.300000000 -0.145700142000
842.350037000  8.300000000 -0.143903241000
842.375000000  8.300000000 -0.141973644000
842.400024000  8.300000000 -0.139914155000
842.425049000  8.300000000 -0.137728453000
842.450012000  8.300000000 -0.135420859000
842.475037000  8.300000000 -0.132996544000
842.500000000  8.300000000 -0.130461305000
842.525024000  8.300000000 -0.127821609000
842.550049000  8.300000000 -0.125084504000
842.575012000  8.300000000 -0.122257687000
842.600037000  8.300000000 -0.119349219000
842.625000000  8.300000000 -0.116367742000
842.650024000  8.300000000 -0.113322236000
842.675049000  8.300000000 -0.110222094000
842.700012000  8.300000000 -0.107077129000
842.725037000  8.300000000 -0.103897393000
842.750000000  8.300000000 -0.100693285000
842.775024000  8.300000000 -0.097475364800
842.800049000  8.300000000 -0.094254411800
842.825012000  8.300000000 -0.091041430800
842.850037000  8.300000000 -0.087847419100
842.875000000  8.300000000 -0.084683492800
842.900024000  8.300000000 -0.081560738400
842.925049000  8.300000000 -0.078490123200
842.950012000  8.300000000 -0.075482480200
842.975037000  8.300000000 -0.072548352200
843.000000000  8.300000000 -0.069697998500
843.025024000  8.300000000 -0.066941201700
843.050049000  8.300000000 -0.064287312300
843.075012000  8.300000000 -0.061745096000
843.100037000  8.300000000 -0.059322688700
843.125000000  8.300000000 -0.057027488900
843.150024000  8.300000000 -0.054866157500
843.175049000  8.300000000 -0.052844502000
843.200012000  8.300000000 -0.050967495900
843.225037000  8.300000000 -0.049239214500
843.250000000  8.300000000 -0.047662772200
843.275024000  8.300000000 -0.046240385600
843.300049000  8.300000000 -0.044973343600
843.325012000  8.300000000 -0.043861944200
843.350037000  8.300000000 -0.042905546700
843.375000000  8.300000000 -0.042102597700
843.400024000  8.300000000 -0.041450612200
843.425049000  8.300000000 -0.040946222800
843.450012000  8.300000000 -0.040585171400
843.475037000  8.300000000 -0.040362369300
843.500000000  8.300000000 -0.040271911800
843.525024000  8.300000000 -0.040307153000
843.550049000  8.300000000 -0.040460716900
843.575012000  8.300000000 -0.040724583000
843.600037000  8.300000000 -0.041090149400
843.625000000  8.300000000 -0.041548289400
843.650024000  8.300000000 -0.042089395200
843.675049000  8.300000000 -0.042703498200
843.700012000  8.300000000 -0.043380297700
843.725037000  8.300000000 -0.044109247600
843.750000000  8.300000000 -0.044879660000
843.775024000  8.300000000 -0.045680772500
843.800049000  8.300000000 -0.046501833900
843.825012000  8.300000000 -0.047332156400
843.850037000  8.300000000 -0.048161257100
843.875000000  8.300000000 -0.048978909900
843.900024000  8.300000000 -0.049775242800
843.925049000  8.300000000 -0.050540801100
843.950012000  8.300000000 -0.051266670200
843.975037000  8.300000000 -0.051944468200
844.000000000  8.300000000 -0.052566506000
844.025024000  8.300000000 -0.053125739100
844.050049000  8.300000000 -0.053615890400
844.075012000  8.300000000 -0.054031487600
844.100037000  8.300000000 -0.054367888700
844.125000000  8.300000000 -0.054621327700
844.150024000  8.300000000 -0.054788950800
844.175049000  8.300000000 -0.054868776400
844.200012000  8.300000000 -0.054859716400
844.225037000  8.300000000 -0.054761596000
844.250000000  8.300000000 -0.054575115400
844.275024000  8.300000000 -0.054301854200
844.300049000  8.300000000 -0.053944245000
844.325012000  8.300000000 -0.053505525000
844.350037000  8.300000000 -0.052989691500
844.375000000  8.300000000 -0.052401460700
844.400024000  8.300000000 -0.051746159800
844.425049000  8.300000000 -0.051029667300
844.450012000  8.300000000 -0.050258345900
844.475037000  8.300000000 -0.049438942200
844.500000000  8.300000000 -0.048578478400
844.525024000  8.300000000 -0.047684140500
844.550049000  8.300000000 -0.046763178000
844.575012000  8.300000000 -0.045822829000
844.600037000  8.300000000 -0.044870190300
844.625000000  8.300000000 -0.043912213300
844.650024000  8.300000000 -0.042955547600
844.675049000  8.300000000 -0.042006585700
844.700012000  8.300000000 -0.041071299500
844.725037000  8.300000000 -0.040155302700
844.750000000  8.300000000 -0.039263740200
844.775024000  8.300000000 -0.038401249800
844.800049000  8.300000000 -0.037572003900
844.825012000  8.300000000 -0.036779593700
844.850037000  8.300000000 -0.036027085000
844.875000000  8.300000000 -0.035316888200
844.900024000  8.300000000 -0.034650843600
844.925049000  8.300000000 -0.034030083600
844.950012000  8.300000000 -0.033455126000
844.975037000  8.300000000 -0.032925758500
845.000000000  8.300000000 -0.032441098200
845.025024000  8.300000000 -0.031999576800
845.050049000  8.300000000 -0.031598951700
845.075012000  8.300000000 -0.031236238800
845.100037000  8.300000000 -0.030907869300
845.125000000  8.300000000 -0.030609572300
845.150024000  8.300000000 -0.030336523400
845.175049000  8.300000000 -0.030083343400
845.200012000  8.300000000 -0.029844129500
845.225037000  8.300000000 -0.029612567300
845.250000000  8.300000000 -0.029381925200
845.275024000  8.300000000 -0.029145129000
845.300049000  8.300000000 -0.028894823000
845.325012000  8.300000000 -0.028623433800
845.350037000  8.300000000 -0.028323268500
845.375000000  8.300000000 -0.027986547000
845.400024000  8.300000000 -0.027605501900
845.425049000  8.300000000 -0.027172405300
845.450012000  8.300000000 -0.026679692800
845.475037000  8.300000000 -0.026119967900
845.500000000  8.300000000 -0.025486143300
845.525024000  8.300000000 -0.024771543200
845.550049000  8.300000000 -0.023969857000
845.575012000  8.300000000 -0.023075377600
845.600037000  8.300000000 -0.022082898800
845.625000000  8.300000000 -0.020987886900
845.650024000  8.300000000 -0.019786462200
845.675049000  8.300000000 -0.018475471100
845.700012000  8.300000000 -0.017052521900
845.725037000  8.300000000 -0.015516059500
845.750000000  8.300000000 -0.013865299500
845.775024000  8.300000000 -0.012100336100
845.800049000  8.300000000 -0.010222063400
845.825012000  8.300000000 -0.008232219140
845.850037000  8.300000000 -0.006133383610
845.875000000  8.300000000 -0.003928889990
845.900024000  8.300000000 -0.001622901650
845.925049000  8.300000000 0.000779677008
845.950012000  8.300000000 0.003273258680
845.975037000  8.300000000 0.005851565390
846.000000000  8.300000000 0.008507752790
846.025024000  8.300000000 0.011234403600
846.050049000  8.300000000 0.014023637400
846.075012000  8.300000000 0.016867149600
846.100037000  8.300000000 0.019756285500
846.125000000  8.300000000 0.022682070700
846.150024000  8.300000000 0.025635346800
846.175049000  8.300000000 0.028606787300
846.200012000  8.300000000 0.031586974900
846.225037000  8.300000000 0.034566439700
846.250000000  8.300000000 0.037535790400
846.275024000  8.300000000 0.040485613000
846.300049000  8.300000000 0.043406676500
846.325012000  8.300000000 0.046289850000
846.350037000  8.300000000 0.049126241400
846.375000000  8.300000000 0.051907181700
846.400024000  8.300000000 0.054624330300
846.425049000  8.300000000 0.057269707300
846.450012000  8.300000000 0.059835657500
846.475037000  8.300000000 0.062315039300
846.500000000  8.300000000 0.064701125000
846.525024000  8.300000000 0.066987708200
846.550049000  8.300000000 0.069169141400
846.575012000  8.300000000 0.071240387900
846.600037000  8.300000000 0.073196962500
846.625000000  8.300000000 0.075034990900
846.650024000  8.300000000 0.076751239600
846.675049000  8.300000000 0.078343033800
846.700012000  8.300000000 0.079808317100
846.725037000  8.300000000 0.081145599500
846.750000000  8.300000000 0.082353971900
846.775024000  8.300000000 0.083433091600
846.800049000  8.300000000 0.084383137500
846.825012000  8.300000000 0.085204772700
846.850037000  8.300000000 0.085899181700
846.875000000  8.300000000 0.086467981300
846.900024000  8.300000000 0.086913287600
846.925049000  8.300000000 0.087237596500
846.950012000  8.300000000 0.087443903100
846.975037000  8.300000000 0.087535545200
847.000000000  8.300000000 0.087516263100
847.025024000  8.300000000 0.087390162100
847.050049000  8.300000000 0.087161637800
847.075012000  8.300000000 0.086835429100
847.100037000  8.300000000 0.086416542500
847.125000000  8.300000000 0.085910208500
847.150024000  8.300000000 0.085321843600
847.175049000  8.300000000 0.084657035800
847.200012000  8.300000000 0.083921454800
847.225037000  8.300000000 0.083120845300
847.250000000  8.300000000 0.082260929000
847.275024000  8.300000000 0.081347450600
847.300049000  8.300000000 0.080385983000
847.325012000  8.300000000 0.079382084300
847.350037000  8.300000000 0.078341104100
847.375000000  8.300000000 0.077268272600
847.400024000  8.300000000 0.076168596700
847.425049000  8.300000000 0.075046978900
847.450012000  8.300000000 0.073908060800
847.475037000  8.300000000 0.072756350000
847.500000000  8.300000000 0.071596205200
847.525024000  8.300000000 0.070431768900
847.550049000  8.300000000 0.069267042000
847.575012000  8.300000000 0.068105846600
847.600037000  8.300000000 0.066951856000
847.625000000  8.300000000 0.065808564400
847.650024000  8.300000000 0.064679309700
847.675049000  8.300000000 0.063567258400
847.700012000  8.300000000 0.062475454100
847.725037000  8.300000000 0.061406727900
847.750000000  8.300000000 0.060363791900
847.775024000  8.300000000 0.059349227700
847.800049000  8.300000000 0.058365490300
847.825012000  8.300000000 0.057414911700
847.850037000  8.300000000 0.056499771800
847.875000000  8.300000000 0.055622246100
847.900024000  8.300000000 0.054784454400
847.925049000  8.300000000 0.053988408300
847.950012000  8.300000000 0.053236056100
847.975037000  8.300000000 0.052529282900
848.000000000  8.300000000 0.051869906500
848.025024000  8.300000000 0.051259677900
848.050049000  8.300000000 0.050700280800
848.075012000  8.300000000 0.050193298600
848.100037000  8.300000000 0.049740284700
848.125000000  8.300000000 0.049342643500
848.150024000  8.300000000 0.049001716100
848.175049000  8.300000000 0.048718713200
848.200012000  8.300000000 0.048494733900
848.225037000  8.300000000 0.048330731700
848.250000000  8.300000000 0.048227518800
848.275024000  8.300000000 0.048185721000
848.300049000  8.300000000 0.048205770600
848.325012000  8.300000000 0.048287909500
848.350037000  8.300000000 0.048432160200
848.375000000  8.300000000 0.048638295400
848.400024000  8.300000000 0.048905879300
848.425049000  8.300000000 0.049234174200
848.450012000  8.300000000 0.049622163200
848.475037000  8.300000000 0.050068564700
848.500000000  8.300000000 0.050571773200
848.525024000  8.300000000 0.051129907400
848.550049000  8.300000000 0.051740780500
848.575012000  8.300000000 0.052401900300
848.600037000  8.300000000 0.053110469100
848.625000000  8.300000000 0.053863395000
848.650024000  8.300000000 0.054657302800
848.675049000  8.300000000 0.055488515600
848.700012000  8.300000000 0.056353054900
848.725037000  8.300000000 0.057246696200
848.750000000  8.300000000 0.058164883400
848.775024000  8.300000000 0.059102840700
848.800049000  8.300000000 0.060055509200
848.825012000  8.300000000 0.061017606400
848.850037000  8.300000000 0.061983633800
848.875000000  8.300000000 0.062947943800
848.900024000  8.300000000 0.063904769700
848.925049000  8.300000000 0.064848274000
848.950012000  8.300000000 0.065772615400
848.975037000  8.300000000 0.066671989900
849.000000000  8.300000000 0.067540668000
849.025024000  8.300000000 0.068373039400
849.050049000  8.300000000 0.069163702400
849.075012000  8.300000000 0.069907426800
849.100037000  8.300000000 0.070599295200
849.125000000  8.300000000 0.071234650900
849.150024000  8.300000000 0.071809195000
849.175049000  8.300000000 0.072318986100
849.200012000  8.300000000 0.072760455300
849.225037000  8.300000000 0.073130413900
849.250000000  8.300000000 0.073426105100
849.275024000  8.300000000 0.073645152200
849.300049000  8.300000000 0.073785588100
849.325012000  8.300000000 0.073845848400
849.350037000  8.300000000 0.073824822900
849.375000000  8.300000000 0.073721788800
849.400024000  8.300000000 0.073536470500
849.425049000  8.300000000 0.073269009600
849.450012000  8.300000000 0.072920031800
849.475037000  8.300000000 0.072490587800
849.500000000  8.300000000 0.071982242200
849.525024000  8.300000000 0.071396976700
849.550049000  8.300000000 0.070737302300
849.575012000  8.300000000 0.070006169400
849.600037000  8.300000000 0.069206945600
849.625000000  8.300000000 0.068343475500
849.650024000  8.300000000 0.067419923800
849.675049000  8.300000000 0.066440783400
849.700012000  8.300000000 0.065410800300
849.725037000  8.300000000 0.064334869400
849.750000000  8.300000000 0.063217960300
849.775024000  8.300000000 0.062065061200
849.800049000  8.300000000 0.060881085700
849.825012000  8.300000000 0.059670817100
849.850037000  8.300000000 0.058438845000
849.875000000  8.300000000 0.057189501800
849.900024000  8.300000000 0.055926814700
849.925049000  8.300000000 0.054654542400
849.950012000  8.300000000 0.053376030200
849.975037000  8.300000000 0.052094310500
850.000000000  8.300000000 0.050812020900
850.025024000  8.300000000 0.049531471000
850.050049000  8.300000000 0.048254586800
850.075012000  8.300000000 0.046982977500
850.100037000  8.300000000 0.045717913700
850.125000000  8.300000000 0.044460360000
850.150024000  8.300000000 0.043211035400
850.175049000  8.300000000 0.041970383400
850.200012000  8.300000000 0.040738605000
850.225037000  8.300000000 0.039515718800
850.250000000  8.300000000 0.038301557300
850.275024000  8.300000000 0.037095777700
850.300049000  8.300000000 0.035897880800
850.325012000  8.300000000 0.034707240800
850.350037000  8.300000000 0.033523108800
850.375000000  8.300000000 0.032344609500
850.400024000  8.300000000 0.031170770500
850.425049000  8.300000000 0.030000539500
850.450012000  8.300000000 0.028832780200
850.475037000  8.300000000 0.027666304300
850.500000000  8.300000000 0.026499861900
850.525024000  8.300000000 0.025332188200
850.550049000  8.300000000 0.024162001900
850.575012000  8.300000000 0.022988062400
850.600037000  8.300000000 0.021809149500
850.625000000  8.300000000 0.020624099300
850.650024000  8.300000000 0.019431840600
850.675049000  8.300000000 0.018231350900
850.700012000  8.300000000 0.017021691400
850.725037000  8.300000000 0.015802001600
850.750000000  8.300000000 0.014571500900
850.775024000  8.300000000 0.013329463100
850.800049000  8.300000000 0.012075215600
850.825012000  8.300000000 0.010808115800
850.850037000  8.300000000 0.009527586400
850.875000000  8.300000000 0.008233054540
850.900024000  8.300000000 0.006924007090
850.925049000  8.300000000 0.005599990490
850.950012000  8.300000000 0.004260635470
850.975037000  8.300000000 0.002905665430
851.000000000  8.300000000 0.001534918670
851.025024000  8.300000000 0.000148376042
851.050049000  8.300000000 -0.001253835860
851.075012000  8.300000000 -0.002671413120
851.100037000  8.300000000 -0.004103886890
851.125000000  8.300000000 -0.005550612700
851.150024000  8.300000000 -0.007010773290
851.175049000  8.300000000 -0.008483402430
851.200012000  8.300000000 -0.009967380200
851.225037000  8.300000000 -0.011461467500
851.250000000  8.300000000 -0.012964308300
851.275024000  8.300000000 -0.014474465500
851.300049000  8.300000000 -0.015990445400
851.325012000  8.300000000 -0.017510736400
851.350037000  8.300000000 -0.019033867900
851.375000000  8.300000000 -0.020558424300
851.400024000  8.300000000 -0.022083070100
851.425049000  8.300000000 -0.023606611400
851.450012000  8.300000000 -0.025127979000
851.475037000  8.300000000 -0.026646256400
851.500000000  8.300000000 -0.028160683800
851.525024000  8.300000000 -0.029670624100
851.550049000  8.300000000 -0.031175566800
851.575012000  8.300000000 -0.032675091200
851.600037000  8.300000000 -0.034168854400
851.625000000  8.300000000 -0.035656523000
851.650024000  8.300000000 -0.037137784100
851.675049000  8.300000000 -0.038612302400
851.700012000  8.300000000 -0.040079649500
851.725037000  8.300000000 -0.041539367300
851.750000000  8.300000000 -0.042990848400
851.775024000  8.300000000 -0.044433426100
851.800049000  8.300000000 -0.045866314300
851.825012000  8.300000000 -0.047288633900
851.850037000  8.300000000 -0.048699442300
851.875000000  8.300000000 -0.050097692800
851.900024000  8.300000000 -0.051482267700
851.925049000  8.300000000 -0.052851993600
851.950012000  8.300000000 -0.054205592700
851.975037000  8.300000000 -0.055541724000
852.000000000  8.300000000 -0.056858919600
852.025024000  8.300000000 -0.058155652100
852.050049000  8.300000000 -0.059430245300
852.075012000  8.300000000 -0.060680948200
852.100037000  8.300000000 -0.061905860900
852.125000000  8.300000000 -0.063102968000
852.150024000  8.300000000 -0.064270138700
852.175049000  8.300000000 -0.065405160200
852.200012000  8.300000000 -0.066505692900
852.225037000  8.300000000 -0.067569352700
852.250000000  8.300000000 -0.068593643600
852.275024000  8.300000000 -0.069576047400
852.300049000  8.300000000 -0.070514008400
852.325012000  8.300000000 -0.071404993500
852.350037000  8.300000000 -0.072246491900
852.375000000  8.300000000 -0.073036029900
852.400024000  8.300000000 -0.073771245800
852.425049000  8.300000000 -0.074449852100
852.450012000  8.300000000 -0.075069740400
852.475037000  8.300000000 -0.075628921400
852.500000000  8.300000000 -0.076125614300
852.525024000  8.300000000 -0.076558269600
852.550049000  8.300000000 -0.076925575700
852.575012000  8.300000000 -0.077226512100
852.600037000  8.300000000 -0.077460408200
852.625000000  8.300000000 -0.077626876500
852.650024000  8.300000000 -0.077725961800
852.675049000  8.300000000 -0.077758006800
852.700012000  8.300000000 -0.077723883100
852.725037000  8.300000000 -0.077624782900
852.750000000  8.300000000 -0.077462405000
852.775024000  8.300000000 -0.077238895000
852.800049000  8.300000000 -0.076956801100
852.825012000  8.300000000 -0.076619200400
852.850037000  8.300000000 -0.076229564800
852.875000000  8.300000000 -0.075791865600
852.900024000  8.300000000 -0.075310491000
852.925049000  8.300000000 -0.074790202100
852.950012000  8.300000000 -0.074236251400
852.975037000  8.300000000 -0.073654182300
853.000000000  8.300000000 -0.073049865700
853.025024000  8.300000000 -0.072429470700
853.050049000  8.300000000 -0.071799367700
853.075012000  8.300000000 -0.071166105600
853.100037000  8.300000000 -0.070536300500
853.125000000  8.300000000 -0.069916613400
853.150024000  8.300000000 -0.069313637900
853.175049000  8.300000000 -0.068733848600
853.200012000  8.300000000 -0.068183504000
853.225037000  8.300000000 -0.067668572100
853.250000000  8.300000000 -0.067194618300
853.275024000  8.300000000 -0.066766798500
853.300049000  8.300000000 -0.066389687400
853.325012000  8.300000000 -0.066067293300
853.350037000  8.300000000 -0.065802924300
853.375000000  8.300000000 -0.065599225500
853.400024000  8.300000000 -0.065458051900
853.425049000  8.300000000 -0.065380461500
853.450012000  8.300000000 -0.065366700300
853.475037000  8.300000000 -0.065416194500
853.500000000  8.300000000 -0.065527461500
853.525024000  8.300000000 -0.065698236200
853.550049000  8.300000000 -0.065925382100
853.575012000  8.300000000 -0.066204965100
853.600037000  8.300000000 -0.066532298900
853.625000000  8.300000000 -0.066901952000
853.650024000  8.300000000 -0.067307822400
853.675049000  8.300000000 -0.067743226900
853.700012000  8.300000000 -0.068200901200
853.725037000  8.300000000 -0.068673111500
853.750000000  8.300000000 -0.069151721900
853.775024000  8.300000000 -0.069628268500
853.800049000  8.300000000 -0.070094019200
853.825012000  8.300000000 -0.070540092900
853.850037000  8.300000000 -0.070957496800
853.875000000  8.300000000 -0.071337230500
853.900024000  8.300000000 -0.071670375800
853.925049000  8.300000000 -0.071948103600
853.950012000  8.300000000 -0.072161890600
853.975037000  8.300000000 -0.072303444100
854.000000000  8.300000000 -0.072364933800
854.025024000  8.300000000 -0.072338968500
854.050049000  8.300000000 -0.072218753400
854.075012000  8.300000000 -0.071998164100
854.100037000  8.300000000 -0.071671843500
854.125000000  8.300000000 -0.071235261900
854.150024000  8.300000000 -0.070684865100
854.175049000  8.300000000 -0.070018112700
854.200012000  8.300000000 -0.069233536700
854.225037000  8.300000000 -0.068330794600
854.250000000  8.300000000 -0.067310720700
854.275024000  8.300000000 -0.066175341600
854.300049000  8.300000000 -0.064927853600
854.325012000  8.300000000 -0.063572570700
854.350037000  8.300000000 -0.062114980100
854.375000000  8.300000000 -0.060561627100
854.400024000  8.300000000 -0.058920022100
854.425049000  8.300000000 -0.057198606400
854.450012000  8.300000000 -0.055406633800
854.475037000  8.300000000 -0.053554046900
854.500000000  8.300000000 -0.051651395900
854.525024000  8.300000000 -0.049709629300
854.550049000  8.300000000 -0.047740116700
854.575012000  8.300000000 -0.045754324600
854.600037000  8.300000000 -0.043763890900
854.625000000  8.300000000 -0.041780408500
854.650024000  8.300000000 -0.039815295500
854.675049000  8.300000000 -0.037879753900
854.700012000  8.300000000 -0.035984613000
854.725037000  8.300000000 -0.034140281400
854.750000000  8.300000000 -0.032356649600
854.775024000  8.300000000 -0.030643025400
854.800049000  8.300000000 -0.029008030900
854.825012000  8.300000000 -0.027459634500
854.850037000  8.300000000 -0.026004968200
854.875000000  8.300000000 -0.024650422900
854.900024000  8.300000000 -0.023401496900
854.925049000  8.300000000 -0.022262819100
854.950012000  8.300000000 -0.021238133300
854.975037000  8.300000000 -0.020330270800
855.000000000  8.300000000 -0.019541073600
855.025024000  8.300000000 -0.018871491800
855.050049000  8.300000000 -0.018321495500
855.075012000  8.300000000 -0.017890108700
855.100037000  8.300000000 -0.017575422300
855.125000000  8.300000000 -0.017374580700
855.150024000  8.300000000 -0.017283830800
855.175049000  8.300000000 -0.017298551300
855.200012000  8.300000000 -0.017413249200
855.225037000  8.300000000 -0.017621662500
855.250000000  8.300000000 -0.017916774400
855.275024000  8.300000000 -0.018290894100
855.300049000  8.300000000 -0.018735740300
855.325012000  8.300000000 -0.019242510200
855.350037000  8.300000000 -0.019801963100
855.375000000  8.300000000 -0.020404528800
855.400024000  8.300000000 -0.021040368800
855.425049000  8.300000000 -0.021699497500
855.450012000  8.300000000 -0.022371830400
855.475037000  8.300000000 -0.023047326100
855.500000000  8.300000000 -0.023715987800
855.525024000  8.300000000 -0.024368036500
855.550049000  8.300000000 -0.024993894600
855.575012000  8.300000000 -0.025584299100
855.600037000  8.300000000 -0.026130402500
855.625000000  8.300000000 -0.026623759400
855.650024000  8.300000000 -0.027056455600
855.675049000  8.300000000 -0.027421157800
855.700012000  8.300000000 -0.027711140000
855.725037000  8.300000000 -0.027920378400
855.750000000  8.300000000 -0.028043555100
855.775024000  8.300000000 -0.028076157000
855.800049000  8.300000000 -0.028014449400
855.825012000  8.300000000 -0.027855567600
855.850037000  8.300000000 -0.027597475800
855.875000000  8.300000000 -0.027239009700
855.900024000  8.300000000 -0.026779850900
855.925049000  8.300000000 -0.026220526500
855.950012000  8.300000000 -0.025562359000
855.975037000  8.300000000 -0.024807460600
856.000000000  8.300000000 -0.023958664400
856.025024000  8.300000000 -0.023019481500
856.050049000  8.300000000 -0.021994061800
856.075012000  8.300000000 -0.020887091800
856.100037000  8.300000000 -0.019703792400
856.125000000  8.300000000 -0.018449802000
856.150024000  8.300000000 -0.017131168400
856.175049000  8.300000000 -0.015754247100
856.200012000  8.300000000 -0.014325652300
856.225037000  8.300000000 -0.012852186300
856.250000000  8.300000000 -0.011340787600
856.275024000  8.300000000 -0.009798454120
856.300049000  8.300000000 -0.008232193070
856.325012000  8.300000000 -0.006648974030
856.350037000  8.300000000 -0.005055652470
856.375000000  8.300000000 -0.003458949970
856.400024000  8.300000000 -0.001865377530
856.425049000  8.300000000 -0.000281216984
856.450012000  8.300000000 0.001287521560
856.475037000  8.300000000 0.002835138000
856.500000000  8.300000000 0.004356271120
856.525024000  8.300000000 0.005845914590
856.550049000  8.300000000 0.007299446040
856.575012000  8.300000000 0.008712646550
856.600037000  8.300000000 0.010081718700
856.625000000  8.300000000 0.011403282200
856.650024000  8.300000000 0.012674385700
856.675049000  8.300000000 0.013892523900
856.700012000  8.300000000 0.015055632200
856.725037000  8.300000000 0.016162097500
856.750000000  8.300000000 0.017210749900
856.775024000  8.300000000 0.018200863200
856.800049000  8.300000000 0.019132118700
856.825012000  8.300000000 0.020004622600
856.850037000  8.300000000 0.020818850000
856.875000000  8.300000000 0.021575661400
856.900024000  8.300000000 0.022276228300
856.925049000  8.300000000 0.022922031600
856.950012000  8.300000000 0.023514812800
856.975037000  8.300000000 0.024056559400
857.000000000  8.300000000 0.024549445100
857.025024000  8.300000000 0.024995842900
857.050049000  8.300000000 0.025398241400
857.075012000  8.300000000 0.025759248100
857.100037000  8.300000000 0.026081534100
857.125000000  8.300000000 0.026367817100
857.150024000  8.300000000 0.026620831300
857.175049000  8.300000000 0.026843311300
857.200012000  8.300000000 0.027037944600
857.225037000  8.300000000 0.027207369000
857.250000000  8.300000000 0.027354154700
857.275024000  8.300000000 0.027480786700
857.300049000  8.300000000 0.027589654500
857.325012000  8.300000000 0.027683051300
857.350037000  8.300000000 0.027763174800
857.375000000  8.300000000 0.027832135600
857.400024000  8.300000000 0.027891928300
857.425049000  8.300000000 0.027944479100
857.450012000  8.300000000 0.027991579800
857.475037000  8.300000000 0.028034925500
857.500000000  8.300000000 0.028076084300
857.525024000  8.300000000 0.028116496300
857.550049000  8.300000000 0.028157461400
857.575012000  8.300000000 0.028200108600
857.600037000  8.300000000 0.028245408100
857.625000000  8.300000000 0.028294159100
857.650024000  8.300000000 0.028347007900
857.675049000  8.300000000 0.028404422100
857.700012000  8.300000000 0.028466725700
857.725037000  8.300000000 0.028534067800
857.750000000  8.300000000 0.028606476300
857.775024000  8.300000000 0.028683843100
857.800049000  8.300000000 0.028765922400
857.825012000  8.300000000 0.028852349100
857.850037000  8.300000000 0.028942657600
857.875000000  8.300000000 0.029036250000
857.900024000  8.300000000 0.029132485400
857.925049000  8.300000000 0.029230594600
857.950012000  8.300000000 0.029329782400
857.975037000  8.300000000 0.029429210300
858.000000000  8.300000000 0.029527997600
858.025024000  8.300000000 0.029625302200
858.050049000  8.300000000 0.029720278500
858.075012000  8.300000000 0.029812092000
858.100037000  8.300000000 0.029899969700
858.125000000  8.300000000 0.029983162900
858.150024000  8.300000000 0.030060958100
858.175049000  8.300000000 0.030132670000
858.200012000  8.300000000 0.030197655800
858.225037000  8.300000000 0.030255297200
858.250000000  8.300000000 0.030305016800
858.275024000  8.300000000 0.030346285600
858.300049000  8.300000000 0.030378578200
858.325012000  8.300000000 0.030401436600
858.350037000  8.300000000 0.030414450900
858.375000000  8.300000000 0.030417250500
858.400024000  8.300000000 0.030409513000
858.425049000  8.300000000 0.030390979700
858.450012000  8.300000000 0.030361445600
858.475037000  8.300000000 0.030320737500
858.500000000  8.300000000 0.030268777200
858.525024000  8.300000000 0.030205514300
858.550049000  8.300000000 0.030130920900
858.575012000  8.300000000 0.030045017600
858.600037000  8.300000000 0.029947817300
858.625000000  8.300000000 0.029839331300
858.650024000  8.300000000 0.029719576200
858.675049000  8.300000000 0.029588544700
858.700012000  8.300000000 0.029446199500
858.725037000  8.300000000 0.029292505200
858.750000000  8.300000000 0.029127430200
858.775024000  8.300000000 0.028950935200
858.800049000  8.300000000 0.028763053900
858.825012000  8.300000000 0.028563855200
858.850037000  8.300000000 0.028353540200
858.875000000  8.300000000 0.028132399500
858.900024000  8.300000000 0.027900887700
858.925049000  8.300000000 0.027659623000
858.950012000  8.300000000 0.027409387800
858.975037000  8.300000000 0.027151187900
859.000000000  8.300000000 0.026886206100
859.025024000  8.300000000 0.026615859900
859.050049000  8.300000000 0.026341777300
859.075012000  8.300000000 0.026065759400
859.100037000  8.300000000 0.025789845700
859.125000000  8.300000000 0.025516236200
859.150024000  8.300000000 0.025247309400
859.175049000  8.300000000 0.024985583500
859.200012000  8.300000000 0.024733714800
859.225037000  8.300000000 0.024494430100
859.250000000  8.300000000 0.024270555000
859.275024000  8.300000000 0.024064919000
859.300049000  8.300000000 0.023880396000
859.325012000  8.300000000 0.023719802500
859.350037000  8.300000000 0.023585936100
859.375000000  8.300000000 0.023481514300
859.400024000  8.300000000 0.023409163600
859.425049000  8.300000000 0.023371417100
859.450012000  8.300000000 0.023370668300
859.475037000  8.300000000 0.023409187800
859.500000000  8.300000000 0.023489076600
859.525024000  8.300000000 0.023612266400
859.550049000  8.300000000 0.023780483800
859.575012000  8.300000000 0.023995254200
859.600037000  8.300000000 0.024257870400
859.625000000  8.300000000 0.024569366100
859.650024000  8.300000000 0.024930534900
859.675049000  8.300000000 0.025341874000
859.700012000  8.300000000 0.025803593900
859.725037000  8.300000000 0.026315609000
859.750000000  8.300000000 0.026877533600
859.775024000  8.300000000 0.027488635900
859.800049000  8.300000000 0.028147904200
859.825012000  8.300000000 0.028853965900
859.850037000  8.300000000 0.029605088800
859.875000000  8.300000000 0.030399244300
859.900024000  8.300000000 0.031234046400
859.925049000  8.300000000 0.032106746000
859.950012000  8.300000000 0.033014275100
859.975037000  8.300000000 0.033953256900
860.000000000  8.300000000 0.034919980900
860.025024000  8.300000000 0.035910420100
860.050049000  8.300000000 0.036920301600
860.075012000  8.300000000 0.037945058200
860.100037000  8.300000000 0.038979891700
860.125000000  8.300000000 0.040019843700
860.150024000  8.300000000 0.041059762200
860.175049000  8.300000000 0.042094357300
860.200012000  8.300000000 0.043118264500
860.225037000  8.300000000 0.044126063600
860.250000000  8.300000000 0.045112274600
860.275024000  8.300000000 0.046071488400
860.300049000  8.300000000 0.046998288500
860.325012000  8.300000000 0.047887414700
860.350037000  8.300000000 0.048733700100
860.375000000  8.300000000 0.049532186200
860.400024000  8.300000000 0.050278186800
860.425049000  8.300000000 0.050967264900
860.450012000  8.300000000 0.051595293000
860.475037000  8.300000000 0.052158571800
860.500000000  8.300000000 0.052653763400
860.525024000  8.300000000 0.053077992100
860.550049000  8.300000000 0.053428817500
860.575012000  8.300000000 0.053704287900
860.600037000  8.300000000 0.053902994800
860.625000000  8.300000000 0.054024007200
860.650024000  8.300000000 0.054066963500
860.675049000  8.300000000 0.054032072400
860.700012000  8.300000000 0.053920041800
860.725037000  8.300000000 0.053732186600
860.750000000  8.300000000 0.053470332200
860.775024000  8.300000000 0.053136825600
860.800049000  8.300000000 0.052734471900
860.825012000  8.300000000 0.052266571700
860.850037000  8.300000000 0.051736820500
860.875000000  8.300000000 0.051149249100
860.900024000  8.300000000 0.050508208600
860.925049000  8.300000000 0.049818240100
860.950012000  8.300000000 0.049084104600
860.975037000  8.300000000 0.048310611400
861.000000000  8.300000000 0.047502636900
861.025024000  8.300000000 0.046665020300
861.050049000  8.300000000 0.045802496400
861.075012000  8.300000000 0.044919688300
861.100037000  8.300000000 0.044020999200
861.125000000  8.300000000 0.043110620200
861.150024000  8.300000000 0.042192414400
861.175049000  8.300000000 0.041269991500
861.200012000  8.300000000 0.040346592700
861.225037000  8.300000000 0.039425142100
861.250000000  8.300000000 0.038508206600
861.275024000  8.300000000 0.037597976600
861.300049000  8.300000000 0.036696307400
861.325012000  8.300000000 0.035804685200
861.350037000  8.300000000 0.034924268700
861.375000000  8.300000000 0.034055870000
861.400024000  8.300000000 0.033199999500
861.425049000  8.300000000 0.032356854500
861.450012000  8.300000000 0.031526401600
861.475037000  8.300000000 0.030708365100
861.500000000  8.300000000 0.029902303600
861.525024000  8.300000000 0.029107622800
861.550049000  8.300000000 0.028323663400
861.575012000  8.300000000 0.027549715700
861.600037000  8.300000000 0.026785099900
861.625000000  8.300000000 0.026029201200
861.650024000  8.300000000 0.025281522400
861.675049000  8.300000000 0.024541702100
861.700012000  8.300000000 0.023809559600
861.725037000  8.300000000 0.023085093100
861.750000000  8.300000000 0.022368485100
861.775024000  8.300000000 0.021660110000
861.800049000  8.300000000 0.020960487400
861.825012000  8.300000000 0.020270289900
861.850037000  8.300000000 0.019590297700
861.875000000  8.300000000 0.018921364100
861.900024000  8.300000000 0.018264390500
861.925049000  8.300000000 0.017620287800
861.950012000  8.300000000 0.016989944500
861.975037000  8.300000000 0.016374170800
862.000000000  8.300000000 0.015773696800
862.025024000  8.300000000 0.015189125200
862.050049000  8.300000000 0.014620905700
862.075012000  8.300000000 0.014069318800
862.100037000  8.300000000 0.013534447200
862.125000000  8.300000000 0.013016156900
862.150024000  8.300000000 0.012514081800
862.175049000  8.300000000 0.012027615700
862.200012000  8.300000000 0.011555899900
862.225037000  8.300000000 0.011097830700
862.250000000  8.300000000 0.010652052200
862.275024000  8.300000000 0.010216981200
862.300049000  8.300000000 0.009790801440
862.325012000  8.300000000 0.009371492080
862.350037000  8.300000000 0.008956848640
862.375000000  8.300000000 0.008544535380
862.400024000  8.300000000 0.008132090790
862.425049000  8.300000000 0.007717000320
862.450012000  8.300000000 0.007296739610
862.475037000  8.300000000 0.006868826230
862.500000000  8.300000000 0.006430896000
862.525024000  8.300000000 0.005980763580
862.550049000  8.300000000 0.005516489040
862.575012000  8.300000000 0.005036457910
862.600037000  8.300000000 0.004539430610
862.625000000  8.300000000 0.004024618770
862.650024000  8.300000000 0.003491728100
862.675049000  8.300000000 0.002941023790
862.700012000  8.300000000 0.002373337510
862.725037000  8.300000000 0.001790100480
862.750000000  8.300000000 0.001193331900
862.775024000  8.300000000 0.000585633446
862.800049000  8.300000000 -0.000029848321
862.825012000  8.300000000 -0.000649448950
862.850037000  8.300000000 -0.001269062630
862.875000000  8.300000000 -0.001884173140
862.900024000  8.300000000 -0.002489946080
862.925049000  8.300000000 -0.003081286090
862.950012000  8.300000000 -0.003652912800
862.975037000  8.300000000 -0.004199442450
863.000000000  8.300000000 -0.004715431480
863.025024000  8.300000000 -0.005195465400
863.050049000  8.300000000 -0.005634224510
863.075012000  8.300000000 -0.006026532500
863.100037000  8.300000000 -0.006367416590
863.125000000  8.300000000 -0.006652169400
863.150024000  8.300000000 -0.006876384370
863.175049000  8.300000000 -0.007035993510
863.200012000  8.300000000 -0.007127299440
863.225037000  8.300000000 -0.007147007160
863.250000000  8.300000000 -0.007092233750
863.275024000  8.300000000 -0.006960524710
863.300049000  8.300000000 -0.006749880500
863.325012000  8.300000000 -0.006458713210
863.350037000  8.300000000 -0.006085899190
863.375000000  8.300000000 -0.005630751610
863.400024000  8.300000000 -0.005093026440
863.425049000  8.300000000 -0.004472894590
863.450012000  8.300000000 -0.003770984480
863.475037000  8.300000000 -0.002988315890
863.500000000  8.300000000 -0.002126325150
863.525024000  8.300000000 -0.001186843850
863.550049000  8.300000000 -0.000172094165
863.575012000  8.300000000 0.000915346609
863.600037000  8.300000000 0.002072567820
863.625000000  8.300000000 0.003296336620
863.650024000  8.300000000 0.004583139440
863.675049000  8.300000000 0.005929205570
863.700012000  8.300000000 0.007330533580
863.725037000  8.300000000 0.008782897140
863.750000000  8.300000000 0.010281897100
863.775024000  8.300000000 0.011822935200
863.800049000  8.300000000 0.013401256900
863.825012000  8.300000000 0.015011935500
863.850037000  8.300000000 0.016649890700
863.875000000  8.300000000 0.018309876300
863.900024000  8.300000000 0.019986482300
863.925049000  8.300000000 0.021674161800
863.950012000  8.300000000 0.023367187000
863.975037000  8.300000000 0.025059681400
864.000000000  8.300000000 0.026745585700
864.025024000  8.300000000 0.028418686200
864.050049000  8.300000000 0.030072597800
864.075012000  8.300000000 0.031700827200
864.100037000  8.300000000 0.033296726600
864.125000000  8.300000000 0.034853573900
864.150024000  8.300000000 0.036364622400
864.175049000  8.300000000 0.037823092200
864.200012000  8.300000000 0.039222281400
864.225037000  8.300000000 0.040555596400
864.250000000  8.300000000 0.041816614600
864.275024000  8.300000000 0.042999193100
864.300049000  8.300000000 0.044097513000
864.325012000  8.300000000 0.045106150200
864.350037000  8.300000000 0.046020161400
864.375000000  8.300000000 0.046835131900
864.400024000  8.300000000 0.047547269600
864.425049000  8.300000000 0.048153404100
864.450012000  8.300000000 0.048651076900
864.475037000  8.300000000 0.049038581600
864.500000000  8.300000000 0.049314923600
864.525024000  8.300000000 0.049479924100
864.550049000  8.300000000 0.049534164400
864.575012000  8.300000000 0.049478944400
864.600037000  8.300000000 0.049316339200
864.625000000  8.300000000 0.049049127800
864.650024000  8.300000000 0.048680733900
864.675049000  8.300000000 0.048215206700
864.700012000  8.300000000 0.047657184300
864.725037000  8.300000000 0.047011788900
864.750000000  8.300000000 0.046284623400
864.775024000  8.300000000 0.045481696700
864.800049000  8.300000000 0.044609349200
864.825012000  8.300000000 0.043674189600
864.850037000  8.300000000 0.042683027700
864.875000000  8.300000000 0.041642755300
864.900024000  8.300000000 0.040560331200
864.925049000  8.300000000 0.039442695700
864.950012000  8.300000000 0.038296677200
864.975037000  8.300000000 0.037128962600
865.000000000  8.300000000 0.035946060000
865.025024000  8.300000000 0.034754227800
865.050049000  8.300000000 0.033559478800
865.075012000  8.300000000 0.032367527500
865.100037000  8.300000000 0.031183792300
865.125000000  8.300000000 0.030013334000
865.150024000  8.300000000 0.028860880100
865.175049000  8.300000000 0.027730802100
865.200012000  8.300000000 0.026627074900
865.225037000  8.300000000 0.025553312200
865.250000000  8.300000000 0.024512710000
865.275024000  8.300000000 0.023508086800
865.300049000  8.300000000 0.022541862000
865.325012000  8.300000000 0.021616039800
865.350037000  8.300000000 0.020732237000
865.375000000  8.300000000 0.019891668100
865.400024000  8.300000000 0.019095156300
865.425049000  8.300000000 0.018343143200
865.450012000  8.300000000 0.017635649100
865.475037000  8.300000000 0.016972344400
865.500000000  8.300000000 0.016352502600
865.525024000  8.300000000 0.015775017400
865.550049000  8.300000000 0.015238422000
865.575012000  8.300000000 0.014740884300
865.600037000  8.300000000 0.014280210200
865.625000000  8.300000000 0.013853855400
865.650024000  8.300000000 0.013458946700
865.675049000  8.300000000 0.013092272000
865.700012000  8.300000000 0.012750330400
865.725037000  8.300000000 0.012429336100
865.750000000  8.300000000 0.012125253700
865.775024000  8.300000000 0.011833820500
865.800049000  8.300000000 0.011550595100
865.825012000  8.300000000 0.011270977600
865.850037000  8.300000000 0.010990258300
865.875000000  8.300000000 0.010703662400
865.900024000  8.300000000 0.010406377700
865.925049000  8.300000000 0.010093623800
865.950012000  8.300000000 0.009760658260
865.975037000  8.300000000 0.009402869270
866.000000000  8.300000000 0.009015778080
866.025024000  8.300000000 0.008595120160
866.050049000  8.300000000 0.008136875930
866.075012000  8.300000000 0.007637332190
866.100037000  8.300000000 0.007093148310
866.125000000  8.300000000 0.006501391530
866.150024000  8.300000000 0.005859600380
866.175049000  8.300000000 0.005165826530
866.200012000  8.300000000 0.004418689760
866.225037000  8.300000000 0.003617377490
866.250000000  8.300000000 0.002761713230
866.275024000  8.300000000 0.001852149260
866.300049000  8.300000000 0.000889786868
866.325012000  8.300000000 -0.000123624573
866.350037000  8.300000000 -0.001185678290
866.375000000  8.300000000 -0.002293324330
866.400024000  8.300000000 -0.003442887920
866.425049000  8.300000000 -0.004630098590
866.450012000  8.300000000 -0.005850110200
866.475037000  8.300000000 -0.007097565570
866.500000000  8.300000000 -0.008366618310
866.525024000  8.300000000 -0.009650995020
866.550049000  8.300000000 -0.010944065600
866.575012000  8.300000000 -0.012238903000
866.600037000  8.300000000 -0.013528340500
866.625000000  8.300000000 -0.014805078500
866.650024000  8.300000000 -0.016061717600
866.675049000  8.300000000 -0.017290862300
866.700012000  8.300000000 -0.018485188500
866.725037000  8.300000000 -0.019637506500
866.750000000  8.300000000 -0.020740829400
866.775024000  8.300000000 -0.021788425700
866.800049000  8.300000000 -0.022773869300
866.825012000  8.300000000 -0.023691097300
866.850037000  8.300000000 -0.024534432200
866.875000000  8.300000000 -0.025298649400
866.900024000  8.300000000 -0.025979001100
866.925049000  8.300000000 -0.026571258900
866.950012000  8.300000000 -0.027071753500
866.975037000  8.300000000 -0.027477383600
867.000000000  8.300000000 -0.027785670000
867.025024000  8.300000000 -0.027994753800
867.050049000  8.300000000 -0.028103444700
867.075012000  8.300000000 -0.028111238000
867.100037000  8.300000000 -0.028018306900
867.125000000  8.300000000 -0.027825539900
867.150024000  8.300000000 -0.027534538900
867.175049000  8.300000000 -0.027147624600
867.200012000  8.300000000 -0.026667831500
867.225037000  8.300000000 -0.026098862300
867.250000000  8.300000000 -0.025445157700
867.275024000  8.300000000 -0.024711752300
867.300049000  8.300000000 -0.023904321700
867.325012000  8.300000000 -0.023029100100
867.350037000  8.300000000 -0.022092839700
867.375000000  8.300000000 -0.021102765600
867.400024000  8.300000000 -0.020066507200
867.425049000  8.300000000 -0.018992034700
867.450012000  8.300000000 -0.017887586700
867.475037000  8.300000000 -0.016761615900
867.500000000  8.300000000 -0.015622693100
867.525024000  8.300000000 -0.014479445300
867.550049000  8.300000000 -0.013340452700
867.575012000  8.300000000 -0.012214212700
867.600037000  8.300000000 -0.011109015000
867.625000000  8.300000000 -0.010032932300
867.650024000  8.300000000 -0.008993724360
867.675049000  8.300000000 -0.007998804560
867.700012000  8.300000000 -0.007055197840
867.725037000  8.300000000 -0.006169509610
867.750000000  8.300000000 -0.005347894970
867.775024000  8.300000000 -0.004596015900
867.800049000  8.300000000 -0.003919043580
867.825012000  8.300000000 -0.003321608530
867.850037000  8.300000000 -0.002807804150
867.875000000  8.300000000 -0.002381162250
867.900024000  8.300000000 -0.002044636290
867.925049000  8.300000000 -0.001800621040
867.950012000  8.300000000 -0.001650909660
867.975037000  8.300000000 -0.001596724960
868.000000000  8.300000000 -0.001638715970
868.025024000  8.300000000 -0.001776968710
868.050049000  8.300000000 -0.002011048370
868.075012000  8.300000000 -0.002339995930
868.100037000  8.300000000 -0.002762375400
868.125000000  8.300000000 -0.003276305040
868.150024000  8.300000000 -0.003879476110
868.175049000  8.300000000 -0.004569185430
868.200012000  8.300000000 -0.005342375490
868.225037000  8.300000000 -0.006195644380
868.250000000  8.300000000 -0.007125284520
868.275024000  8.300000000 -0.008127302860
868.300049000  8.300000000 -0.009197434410
868.325012000  8.300000000 -0.010331204200
868.350037000  8.300000000 -0.011523892200
868.375000000  8.300000000 -0.012770632300
868.400024000  8.300000000 -0.014066387900
868.425049000  8.300000000 -0.015406012500
868.450012000  8.300000000 -0.016784275000
868.475037000  8.300000000 -0.018195880600
868.500000000  8.300000000 -0.019635502200
868.525024000  8.300000000 -0.021097833300
868.550049000  8.300000000 -0.022577617300
868.575012000  8.300000000 -0.024069653800
868.600037000  8.300000000 -0.025568895000
868.625000000  8.300000000 -0.027070403100
868.650024000  8.300000000 -0.028569424500
868.675049000  8.300000000 -0.030061429400
868.700012000  8.300000000 -0.031542092600
868.725037000  8.300000000 -0.033007323700
868.750000000  8.300000000 -0.034453284000
868.775024000  8.300000000 -0.035876367200
868.800049000  8.300000000 -0.037273217000
868.825012000  8.300000000 -0.038640674200
868.850037000  8.300000000 -0.039975814500
868.875000000  8.300000000 -0.041275877500
868.900024000  8.300000000 -0.042538303900
868.925049000  8.300000000 -0.043760608900
868.950012000  8.300000000 -0.044940494000
868.975037000  8.300000000 -0.046075679400
869.000000000  8.300000000 -0.047163985700
869.025024000  8.300000000 -0.048203218700
869.050049000  8.300000000 -0.049191292400
869.075012000  8.300000000 -0.050126053400
869.100037000  8.300000000 -0.051005460300
869.125000000  8.300000000 -0.051827434500
869.150024000  8.300000000 -0.052590034900
869.175049000  8.300000000 -0.053291335700
869.200012000  8.300000000 -0.053929556200
869.225037000  8.300000000 -0.054503027300
869.250000000  8.300000000 -0.055010214400
869.275024000  8.300000000 -0.055449772600
869.300049000  8.300000000 -0.055820506100
869.325012000  8.300000000 -0.056121401500
869.350037000  8.300000000 -0.056351676600
869.375000000  8.300000000 -0.056510735300
869.400024000  8.300000000 -0.056598253500
869.425049000  8.300000000 -0.056614130700
869.450012000  8.300000000 -0.056558542000
869.475037000  8.300000000 -0.056431915600
869.500000000  8.300000000 -0.056234981900
869.525024000  8.300000000 -0.055968757700
869.550049000  8.300000000 -0.055634602900
869.575012000  8.300000000 -0.055234164000
869.600037000  8.300000000 -0.054769448900
869.625000000  8.300000000 -0.054242745000
869.650024000  8.300000000 -0.053656693500
869.675049000  8.300000000 -0.053014252300
869.700012000  8.300000000 -0.052318718300
869.725037000  8.300000000 -0.051573645300
869.750000000  8.300000000 -0.050782918900
869.775024000  8.300000000 -0.049950666700
869.800049000  8.300000000 -0.049081277100
869.825012000  8.300000000 -0.048179358200
869.850037000  8.300000000 -0.047249686000
869.875000000  8.300000000 -0.046297155300
869.900024000  8.300000000 -0.045326806600
869.925049000  8.300000000 -0.044343695000
869.950012000  8.300000000 -0.043352890800
869.975037000  8.300000000 -0.042359408000
870.000000000  8.300000000 -0.041368138000
870.025024000  8.300000000 -0.040383886500
870.050049000  8.300000000 -0.039411224400
870.075012000  8.300000000 -0.038454510300
870.100037000  8.300000000 -0.037517827000
870.125000000  8.300000000 -0.036604981900
870.150024000  8.300000000 -0.035719450600
870.175049000  8.300000000 -0.034864354900
870.200012000  8.300000000 -0.034042500000
870.225037000  8.300000000 -0.033256281200
870.250000000  8.300000000 -0.032507740000
870.275024000  8.300000000 -0.031798537800
870.300049000  8.300000000 -0.031129935800
870.325012000  8.300000000 -0.030502814800
870.350037000  8.300000000 -0.029917655500
870.375000000  8.300000000 -0.029374558500
870.400024000  8.300000000 -0.028873210800
870.425049000  8.300000000 -0.028412953000
870.450012000  8.300000000 -0.027992770100
870.475037000  8.300000000 -0.027611291000
870.500000000  8.300000000 -0.027266847000
870.525024000  8.300000000 -0.026957459700
870.550049000  8.300000000 -0.026680868100
870.575012000  8.300000000 -0.026434576100
870.600037000  8.300000000 -0.026215832700
870.625000000  8.300000000 -0.026021704100
870.650024000  8.300000000 -0.025849070400
870.675049000  8.300000000 -0.025694701800
870.700012000  8.300000000 -0.025555240000
870.725037000  8.300000000 -0.025427270700
870.750000000  8.300000000 -0.025307331200
870.775024000  8.300000000 -0.025191918000
870.800049000  8.300000000 -0.025077596300
870.825012000  8.300000000 -0.024960950000
870.850037000  8.300000000 -0.024838678500
870.875000000  8.300000000 -0.024707580000
870.900024000  8.300000000 -0.024564584700
870.925049000  8.300000000 -0.024406803800
870.950012000  8.300000000 -0.024231500900
870.975037000  8.300000000 -0.024036150400
871.000000000  8.300000000 -0.023818420200
871.025024000  8.300000000 -0.023576207500
871.050049000  8.300000000 -0.023307662500
871.075012000  8.300000000 -0.023011161000
871.100037000  8.300000000 -0.022685321000
871.125000000  8.300000000 -0.022329060400
871.150024000  8.300000000 -0.021941566800
871.175049000  8.300000000 -0.021522287300
871.200012000  8.300000000 -0.021070994400
871.225037000  8.300000000 -0.020587740500
871.250000000  8.300000000 -0.020072845700
871.275024000  8.300000000 -0.019526917500
871.300049000  8.300000000 -0.018950881400
871.325012000  8.300000000 -0.018345903600
871.350037000  8.300000000 -0.017713438700
871.375000000  8.300000000 -0.017055202300
871.400024000  8.300000000 -0.016373155600
871.425049000  8.300000000 -0.015669468800
871.450012000  8.300000000 -0.014946517500
871.475037000  8.300000000 -0.014206839700
871.500000000  8.300000000 -0.013453092400
871.525024000  8.300000000 -0.012688058400
871.550049000  8.300000000 -0.011914581100
871.575012000  8.300000000 -0.011135517600
871.600037000  8.300000000 -0.010353719800
871.625000000  8.300000000 -0.009571996520
871.650024000  8.300000000 -0.008793080230
871.675049000  8.300000000 -0.008019563740
871.700012000  8.300000000 -0.007253917870
871.725037000  8.300000000 -0.006498411300
871.750000000  8.300000000 -0.005755118090
871.775024000  8.300000000 -0.005025900430
871.800049000  8.300000000 -0.004312381150
871.825012000  8.300000000 -0.003615956290
871.850037000  8.300000000 -0.002937794430
871.875000000  8.300000000 -0.002278838540
871.900024000  8.300000000 -0.001639792810
871.925049000  8.300000000 -0.001021176340
871.950012000  8.300000000 -0.000423280610
871.975037000  8.300000000 0.000153760062
872.000000000  8.300000000 0.000709984801
872.025024000  8.300000000 0.001245581780
872.050049000  8.300000000 0.001760844610
872.075012000  8.300000000 0.002256187840
872.100037000  8.300000000 0.002732096710
872.125000000  8.300000000 0.003189124170
872.150024000  8.300000000 0.003627876980
872.175049000  8.300000000 0.004048984960
872.200012000  8.300000000 0.004453076980
872.225037000  8.300000000 0.004840803330
872.250000000  8.300000000 0.005212766120
872.275024000  8.300000000 0.005569580940
872.300049000  8.300000000 0.005911807530
872.325012000  8.300000000 0.006239980460
872.350037000  8.300000000 0.006554608700
872.375000000  8.300000000 0.006856168150
872.400024000  8.300000000 0.007145111910
872.425049000  8.300000000 0.007421904710
872.450012000  8.300000000 0.007687002420
872.475037000  8.300000000 0.007940866050
872.500000000  8.300000000 0.008183993400
872.525024000  8.300000000 0.008416885510
872.550049000  8.300000000 0.008640082550
872.575012000  8.300000000 0.008854156360
872.600037000  8.300000000 0.009059703910
872.625000000  8.300000000 0.009257352910
872.650024000  8.300000000 0.009447769260
872.675049000  8.300000000 0.009631639350
872.700012000  8.300000000 0.009809671900
872.725037000  8.300000000 0.009982591490
872.750000000  8.300000000 0.010151146900
872.775024000  8.300000000 0.010316094400
872.800049000  8.300000000 0.010478199500
872.825012000  8.300000000 0.010638246300
872.850037000  8.300000000 0.010797034900
872.875000000  8.300000000 0.010955372800
872.900024000  8.300000000 0.011114110200
872.925049000  8.300000000 0.011274096600
872.950012000  8.300000000 0.011436208200
872.975037000  8.300000000 0.011601338200
873.000000000  8.300000000 0.011770380700
873.025024000  8.300000000 0.011944241800
873.050049000  8.300000000 0.012123826000
873.075012000  8.300000000 0.012310022500
873.100037000  8.300000000 0.012503717100
873.125000000  8.300000000 0.012705776800
873.150024000  8.300000000 0.012917047400
873.175049000  8.300000000 0.013138334300
873.200012000  8.300000000 0.013370411500
873.225037000  8.300000000 0.013613996100
873.250000000  8.300000000 0.013869745700
873.275024000  8.300000000 0.014138245000
873.300049000  8.300000000 0.014419975700
873.325012000  8.300000000 0.014715320400
873.350037000  8.300000000 0.015024540000
873.375000000  8.300000000 0.015347768600
873.400024000  8.300000000 0.015684993900
873.425049000  8.300000000 0.016036069000
873.450012000  8.300000000 0.016400679900
873.475037000  8.300000000 0.016778376000
873.500000000  8.300000000 0.017168562900
873.525024000  8.300000000 0.017570491900
873.550049000  8.300000000 0.017983270800
873.575012000  8.300000000 0.018405860300
873.600037000  8.300000000 0.018837058900
873.625000000  8.300000000 0.019275525600
873.650024000  8.300000000 0.019719760900
873.675049000  8.300000000 0.020168107000
873.700012000  8.300000000 0.020618762800
873.725037000  8.300000000 0.021069798600
873.750000000  8.300000000 0.021519156200
873.775024000  8.300000000 0.021964658100
873.800049000  8.300000000 0.022404039300
873.825012000  8.300000000 0.022834930600
873.850037000  8.300000000 0.023254925400
873.875000000  8.300000000 0.023661559400
873.900024000  8.300000000 0.024052340500
873.925049000  8.300000000 0.024424802500
873.950012000  8.300000000 0.024776473600
873.975037000  8.300000000 0.025104925000
874.000000000  8.300000000 0.025407766900
874.025024000  8.300000000 0.025682676600
874.050049000  8.300000000 0.025927418800
874.075012000  8.300000000 0.026139810700
874.100037000  8.300000000 0.026317829300
874.125000000  8.300000000 0.026459543000
874.150024000  8.300000000 0.026563141500
874.175049000  8.300000000 0.026626979900
874.200012000  8.300000000 0.026649514200
874.225037000  8.300000000 0.026629377200
874.250000000  8.300000000 0.026565354300
874.275024000  8.300000000 0.026456367200
874.300049000  8.300000000 0.026301479000
874.325012000  8.300000000 0.026099914700
874.350037000  8.300000000 0.025851009400
874.375000000  8.300000000 0.025554206200
874.400024000  8.300000000 0.025209087900
874.425049000  8.300000000 0.024815328400
874.450012000  8.300000000 0.024372711800
874.475037000  8.300000000 0.023881131800
874.500000000  8.300000000 0.023340595900
874.525024000  8.300000000 0.022751232600
874.550049000  8.300000000 0.022113291500
874.575012000  8.300000000 0.021427182500
874.600037000  8.300000000 0.020693466100
874.625000000  8.300000000 0.019912850100
874.650024000  8.300000000 0.019086217500
874.675049000  8.300000000 0.018214646700
874.700012000  8.300000000 0.017299402500
874.725037000  8.300000000 0.016341973100
874.750000000  8.300000000 0.015344084200
874.775024000  8.300000000 0.014307714100
874.800049000  8.300000000 0.013235098700
874.825012000  8.300000000 0.012128757300
874.850037000  8.300000000 0.010991494200
874.875000000  8.300000000 0.009826397520
874.900024000  8.300000000 0.008636853660
874.925049000  8.300000000 0.007426559460
874.950012000  8.300000000 0.006199482360
874.975037000  8.300000000 0.004959891550
875.000000000  8.300000000 0.003712323730
875.025024000  8.300000000 0.002461578000
875.050049000  8.300000000 0.001212675940
875.075012000  8.300000000 -0.000029146671
875.100037000  8.300000000 -0.001258489910
875.125000000  8.300000000 -0.002469800410
875.150024000  8.300000000 -0.003657455790
875.175049000  8.300000000 -0.004815783350
875.200012000  8.300000000 -0.005939122290
875.225037000  8.300000000 -0.007021891880
875.250000000  8.300000000 -0.008058638310
875.275024000  8.300000000 -0.009044095870
875.300049000  8.300000000 -0.009973263370
875.325012000  8.300000000 -0.010841456200
875.350037000  8.300000000 -0.011644349400
875.375000000  8.300000000 -0.012378050000
875.400024000  8.300000000 -0.013039145600
875.425049000  8.300000000 -0.013624714700
875.450012000  8.300000000 -0.014132387900
875.475037000  8.300000000 -0.014560354900
875.500000000  8.300000000 -0.014907388900
875.525024000  8.300000000 -0.015172823300
875.550049000  8.300000000 -0.015356587200
875.575012000  8.300000000 -0.015459140800
875.600037000  8.300000000 -0.015481524200
875.625000000  8.300000000 -0.015425277900
875.650024000  8.300000000 -0.015292465700
875.675049000  8.300000000 -0.015085598500
875.700012000  8.300000000 -0.014807624700
875.725037000  8.300000000 -0.014461878700
875.750000000  8.300000000 -0.014052015700
875.775024000  8.300000000 -0.013581996800
875.800049000  8.300000000 -0.013056004400
875.825012000  8.300000000 -0.012478416800
875.850037000  8.300000000 -0.011853734000
875.875000000  8.300000000 -0.011186547600
875.900024000  8.300000000 -0.010481493500
875.925049000  8.300000000 -0.009743205270
875.950012000  8.300000000 -0.008976277900
875.975037000  8.300000000 -0.008185251620
876.000000000  8.300000000 -0.007374570240
876.025024000  8.300000000 -0.006548576990
876.050049000  8.300000000 -0.005711477720
876.075012000  8.300000000 -0.004867348820
876.100037000  8.300000000 -0.004020127930
876.125000000  8.300000000 -0.003173593660
876.150024000  8.300000000 -0.002331376310
876.175049000  8.300000000 -0.001496966810
876.200012000  8.300000000 -0.000673669332
876.225037000  8.300000000 0.000135349197
876.250000000  8.300000000 0.000927058398
876.275024000  8.300000000 0.001698572310
876.300049000  8.300000000 0.002447120150
876.325012000  8.300000000 0.003170034150
876.350037000  8.300000000 0.003864753530
876.375000000  8.300000000 0.004528792580
876.400024000  8.300000000 0.005159779450
876.425049000  8.300000000 0.005755429620
876.450012000  8.300000000 0.006313561930
876.475037000  8.300000000 0.006832107440
876.500000000  8.300000000 0.007309105710
876.525024000  8.300000000 0.007742731370
876.550049000  8.300000000 0.008131278680
876.575012000  8.300000000 0.008473184890
876.600037000  8.300000000 0.008767029270
876.625000000  8.300000000 0.009011542420
876.650024000  8.300000000 0.009205606770
876.675049000  8.300000000 0.009348279800
876.700012000  8.300000000 0.009438764300
876.725037000  8.300000000 0.009476426990
876.750000000  8.300000000 0.009460792880
876.775024000  8.300000000 0.009391532280
876.800049000  8.300000000 0.009268455210
876.825012000  8.300000000 0.009091508570
876.850037000  8.300000000 0.008860765960
876.875000000  8.300000000 0.008576413620
876.900024000  8.300000000 0.008238739330
876.925049000  8.300000000 0.007848128680
876.950012000  8.300000000 0.007405043110
876.975037000  8.300000000 0.006910012570
877.000000000  8.300000000 0.006363621910
877.025024000  8.300000000 0.005766532850
877.050049000  8.300000000 0.005119453650
877.075012000  8.300000000 0.004423163370
877.100037000  8.300000000 0.003678517180
877.125000000  8.300000000 0.002886447590
877.150024000  8.300000000 0.002047961810
877.175049000  8.300000000 0.001164182550
877.200012000  8.300000000 0.000236329506
877.225037000  8.300000000 -0.000734228699
877.250000000  8.300000000 -0.001745988500
877.275024000  8.300000000 -0.002797276480
877.300049000  8.300000000 -0.003886213760
877.325012000  8.300000000 -0.005010722670
877.350037000  8.300000000 -0.006168466530
877.375000000  8.300000000 -0.007356850900
877.400024000  8.300000000 -0.008572998460
877.425049000  8.300000000 -0.009813736190
877.450012000  8.300000000 -0.011075606600
877.475037000  8.300000000 -0.012354836800
877.500000000  8.300000000 -0.013647378400
877.525024000  8.300000000 -0.014948878400
877.550049000  8.300000000 -0.016254738000
877.575012000  8.300000000 -0.017560096500
877.600037000  8.300000000 -0.018859878200
877.625000000  8.300000000 -0.020148824900
877.650024000  8.300000000 -0.021421505100
877.675049000  8.300000000 -0.022672379400
877.700012000  8.300000000 -0.023895820600
877.725037000  8.300000000 -0.025086183100
877.750000000  8.300000000 -0.026237793300
877.775024000  8.300000000 -0.027345055700
877.800049000  8.300000000 -0.028402460700
877.825012000  8.300000000 -0.029404671900
877.850037000  8.300000000 -0.030346507200
877.875000000  8.300000000 -0.031223056800
877.900024000  8.300000000 -0.032029654800
877.925049000  8.300000000 -0.032761987300
877.950012000  8.300000000 -0.033416073800
877.975037000  8.300000000 -0.033988326800
878.000000000  8.300000000 -0.034475583600
878.025024000  8.300000000 -0.034875128400
878.050049000  8.300000000 -0.035184681400
878.075012000  8.300000000 -0.035402454400
878.100037000  8.300000000 -0.035527132500
878.125000000  8.300000000 -0.035557895900
878.150024000  8.300000000 -0.035494398300
878.175049000  8.300000000 -0.035336788700
878.200012000  8.300000000 -0.035085689300
878.225037000  8.300000000 -0.034742206300
878.250000000  8.300000000 -0.034307885900
878.275024000  8.300000000 -0.033784743400
878.300049000  8.300000000 -0.033175174100
878.325012000  8.300000000 -0.032482005700
878.350037000  8.300000000 -0.031708411900
878.375000000  8.300000000 -0.030857892700
878.400024000  8.300000000 -0.029934246100
878.425049000  8.300000000 -0.028941556800
878.450012000  8.300000000 -0.027884140600
878.475037000  8.300000000 -0.026766512500
878.500000000  8.300000000 -0.025593401900
878.525024000  8.300000000 -0.024369668200
878.550049000  8.300000000 -0.023100335200
878.575012000  8.300000000 -0.021790510000
878.600037000  8.300000000 -0.020445408300
878.625000000  8.300000000 -0.019070282600
878.650024000  8.300000000 -0.017670417200
878.675049000  8.300000000 -0.016251122600
878.700012000  8.300000000 -0.014817660700
878.725037000  8.300000000 -0.013375266500
878.750000000  8.300000000 -0.011929093900
878.775024000  8.300000000 -0.010484181300
878.800049000  8.300000000 -0.009045458400
878.825012000  8.300000000 -0.007617697590
878.850037000  8.300000000 -0.006205510810
878.875000000  8.300000000 -0.004813308830
878.900024000  8.300000000 -0.003445293990
878.925049000  8.300000000 -0.002105470980
878.950012000  8.300000000 -0.000797592162
878.975037000  8.300000000 0.000474813773
879.000000000  8.300000000 0.001708458290
879.025024000  8.300000000 0.002900286810
879.050049000  8.300000000 0.004047504160
879.075012000  8.300000000 0.005147526510
879.100037000  8.300000000 0.006198023910
879.125000000  8.300000000 0.007196892050
879.150024000  8.300000000 0.008142256180
879.175049000  8.300000000 0.009032479490
879.200012000  8.300000000 0.009866149160
879.225037000  8.300000000 0.010642102000
879.250000000  8.300000000 0.011359420600
879.275024000  8.300000000 0.012017455000
879.300049000  8.300000000 0.012615828800
879.325012000  8.300000000 0.013154464800
879.350037000  8.300000000 0.013633607900
879.375000000  8.300000000 0.014053847600
879.400024000  8.300000000 0.014416137700
879.425049000  8.300000000 0.014721818300
879.450012000  8.300000000 0.014972639300
879.475037000  8.300000000 0.015170758600
879.500000000  8.300000000 0.015318733600
879.525024000  8.300000000 0.015419532500
879.550049000  8.300000000 0.015476502500
879.575012000  8.300000000 0.015493362200
879.600037000  8.300000000 0.015474136900
879.625000000  8.300000000 0.015423161900
879.650024000  8.300000000 0.015344959700
879.675049000  8.300000000 0.015244255800
879.700012000  8.300000000 0.015125838100
879.725037000  8.300000000 0.014994525400
879.750000000  8.300000000 0.014855103600
879.775024000  8.300000000 0.014712217300
879.800049000  8.300000000 0.014570361000
879.825012000  8.300000000 0.014433755500
879.850037000  8.300000000 0.014306346900
879.875000000  8.300000000 0.014191716000
879.900024000  8.300000000 0.014093064700
879.925049000  8.300000000 0.014013165600
879.950012000  8.300000000 0.013954341400
879.975037000  8.300000000 0.013918422200
880.000000000  8.300000000 0.013906776900
880.025024000  8.300000000 0.013920273600
880.050049000  8.300000000 0.013959296000
880.075012000  8.300000000 0.014023770600
880.100037000  8.300000000 0.014113157100
880.125000000  8.300000000 0.014226502700
880.150024000  8.300000000 0.014362438600
880.175049000  8.300000000 0.014519221100
880.200012000  8.300000000 0.014694741000
880.225037000  8.300000000 0.014886582300
880.250000000  8.300000000 0.015092041300
880.275024000  8.300000000 0.015308162200
880.300049000  8.300000000 0.015531748500
880.325012000  8.300000000 0.015759442000
880.350037000  8.300000000 0.015987709200
880.375000000  8.300000000 0.016212936500
880.400024000  8.300000000 0.016431370800
880.425049000  8.300000000 0.016639277300
880.450012000  8.300000000 0.016832877000
880.475037000  8.300000000 0.017008408900
880.500000000  8.300000000 0.017162179600
880.525024000  8.300000000 0.017290590300
880.550049000  8.300000000 0.017390150600
880.575012000  8.300000000 0.017457533600
880.600037000  8.300000000 0.017489600900
880.625000000  8.300000000 0.017483454200
880.650024000  8.300000000 0.017436413100
880.675049000  8.300000000 0.017346058000
880.700012000  8.300000000 0.017210306600
880.725037000  8.300000000 0.017027339000
880.750000000  8.300000000 0.016795663200
880.775024000  8.300000000 0.016514122500
880.800049000  8.300000000 0.016181919700
880.825012000  8.300000000 0.015798594800
880.850037000  8.300000000 0.015364068600
880.875000000  8.300000000 0.014878629700
880.900024000  8.300000000 0.014342969300
880.925049000  8.300000000 0.013758105200
880.950012000  8.300000000 0.013125471800
880.975037000  8.300000000 0.012446859900
881.000000000  8.300000000 0.011724406900
881.025024000  8.300000000 0.010960626400
881.050049000  8.300000000 0.010158363700
881.075012000  8.300000000 0.009320839310
881.100037000  8.300000000 0.008451594040
881.125000000  8.300000000 0.007554532960
881.150024000  8.300000000 0.006633836780
881.175049000  8.300000000 0.005694048010
881.200012000  8.300000000 0.004739958790
881.225037000  8.300000000 0.003776652740
881.250000000  8.300000000 0.002809441650
881.275024000  8.300000000 0.001843861890
881.300049000  8.300000000 0.000885614892
881.325012000  8.300000000 -0.000059455633
881.350037000  8.300000000 -0.000985395978
881.375000000  8.300000000 -0.001886199690
881.400024000  8.300000000 -0.002755851950
881.425049000  8.300000000 -0.003588376570
881.450012000  8.300000000 -0.004377878270
881.475037000  8.300000000 -0.005118576810
881.500000000  8.300000000 -0.005804838610
881.525024000  8.300000000 -0.006431225690
881.550049000  8.300000000 -0.006992530080
881.575012000  8.300000000 -0.007483801800
881.600037000  8.300000000 -0.007900399160
881.625000000  8.300000000 -0.008237995210
881.650024000  8.300000000 -0.008492625320
881.675049000  8.300000000 -0.008660680610
881.700012000  8.300000000 -0.008738942440
881.725037000  8.300000000 -0.008724579590
881.750000000  8.300000000 -0.008615162220
881.775024000  8.300000000 -0.008408651690
881.800049000  8.300000000 -0.008103421890
881.825012000  8.300000000 -0.007698232770
881.850037000  8.300000000 -0.007192260590
881.875000000  8.300000000 -0.006585061080
881.900024000  8.300000000 -0.005876592830
881.925049000  8.300000000 -0.005067201330
881.950012000  8.300000000 -0.004157633990
881.975037000  8.300000000 -0.003149033290
882.000000000  8.300000000 -0.002042940350
882.025024000  8.300000000 -0.000841310830
882.050049000  8.300000000 0.000453474000
882.075012000  8.300000000 0.001838584780
882.100037000  8.300000000 0.003310722760
882.125000000  8.300000000 0.004866105970
882.150024000  8.300000000 0.006500459740
882.175049000  8.300000000 0.008208979850
882.200012000  8.300000000 0.009986361490
882.225037000  8.300000000 0.011826759200
882.250000000  8.300000000 0.013723834400
882.275024000  8.300000000 0.015670757700
882.300049000  8.300000000 0.017660234100
882.325012000  8.300000000 0.019684545700
882.350037000  8.300000000 0.021735610400
882.375000000  8.300000000 0.023804986800
882.400024000  8.300000000 0.025883965200
882.425049000  8.300000000 0.027963612200
882.450012000  8.300000000 0.030034821500
882.475037000  8.300000000 0.032088402700
882.500000000  8.300000000 0.034115139400
882.525024000  8.300000000 0.036105848800
882.550049000  8.300000000 0.038051448800
882.575012000  8.300000000 0.039943002200
882.600037000  8.300000000 0.041771803100
882.625000000  8.300000000 0.043529380100
882.650024000  8.300000000 0.045207597300
882.675049000  8.300000000 0.046798676300
882.700012000  8.300000000 0.048295196100
882.725037000  8.300000000 0.049690198200
882.750000000  8.300000000 0.050977166700
882.775024000  8.300000000 0.052150052000
882.800049000  8.300000000 0.053203314500
882.825012000  8.300000000 0.054131906500
882.850037000  8.300000000 0.054931376100
882.875000000  8.300000000 0.055597759800
882.900024000  8.300000000 0.056127723300
882.925049000  8.300000000 0.056518513700
882.950012000  8.300000000 0.056767962900
882.975037000  8.300000000 0.056874528500
883.000000000  8.300000000 0.056837320300
883.025024000  8.300000000 0.056656032800
883.050049000  8.300000000 0.056330975100
883.075012000  8.300000000 0.055863089900
883.100037000  8.300000000 0.055253885700
883.125000000  8.300000000 0.054505493500
883.150024000  8.300000000 0.053620573100
883.175049000  8.300000000 0.052602369300
883.200012000  8.300000000 0.051454626000
883.225037000  8.300000000 0.050181601200
883.250000000  8.300000000 0.048788059500
883.275024000  8.300000000 0.047279171600
883.300049000  8.300000000 0.045660585200
883.325012000  8.300000000 0.043938342500
883.350037000  8.300000000 0.042118866000
883.375000000  8.300000000 0.040208961800
883.400024000  8.300000000 0.038215737800
883.425049000  8.300000000 0.036146637100
883.450012000  8.300000000 0.034009363500
883.475037000  8.300000000 0.031811878100
883.500000000  8.300000000 0.029562339200
883.525024000  8.300000000 0.027269125000
883.550049000  8.300000000 0.024940757100
883.575012000  8.300000000 0.022585900500
883.600037000  8.300000000 0.020213320900
883.625000000  8.300000000 0.017831854500
883.650024000  8.300000000 0.015450370500
883.675049000  8.300000000 0.013077741500
883.700012000  8.300000000 0.010722777800
883.725037000  8.300000000 0.008394237610
883.750000000  8.300000000 0.006100741220
883.775024000  8.300000000 0.003850786480
883.800049000  8.300000000 0.001652658920
883.825012000  8.300000000 -0.000485571829
883.850037000  8.300000000 -0.002556100250
883.875000000  8.300000000 -0.004551410680
883.900024000  8.300000000 -0.006464309520
883.925049000  8.300000000 -0.008287961590
883.950012000  8.300000000 -0.010015910500
883.975037000  8.300000000 -0.011642111500
884.000000000  8.300000000 -0.013160973800
884.025024000  8.300000000 -0.014567388200
884.050049000  8.300000000 -0.015856752200
884.075012000  8.300000000 -0.017025008800
884.100037000  8.300000000 -0.018068676800
884.125000000  8.300000000 -0.018984867300
884.150024000  8.300000000 -0.019771335600
884.175049000  8.300000000 -0.020426487600
884.200012000  8.300000000 -0.020949434500
884.225037000  8.300000000 -0.021339951100
884.250000000  8.300000000 -0.021598549600
884.275024000  8.300000000 -0.021726442500
884.300049000  8.300000000 -0.021725585700
884.325012000  8.300000000 -0.021598639000
884.350037000  8.300000000 -0.021348975600
884.375000000  8.300000000 -0.020980663600
884.400024000  8.300000000 -0.020498450800
884.425049000  8.300000000 -0.019907724100
884.450012000  8.300000000 -0.019214479300
884.475037000  8.300000000 -0.018425297000
884.500000000  8.300000000 -0.017547277700
884.525024000  8.300000000 -0.016587991300
884.550049000  8.300000000 -0.015555431100
884.575012000  8.300000000 -0.014457941100
884.600037000  8.300000000 -0.013304174900
884.625000000  8.300000000 -0.012103003400
884.650024000  8.300000000 -0.010863483900
884.675049000  8.300000000 -0.009594768290
884.700012000  8.300000000 -0.008306065570
884.725037000  8.300000000 -0.007006550670
884.750000000  8.300000000 -0.005705335640
884.775024000  8.300000000 -0.004411393780
884.800049000  8.300000000 -0.003133500690
884.825012000  8.300000000 -0.001880205470
884.850037000  8.300000000 -0.000659759913
884.875000000  8.300000000 0.000519923400
884.900024000  8.300000000 0.001651302450
884.925049000  8.300000000 0.002727274080
884.950012000  8.300000000 0.003741182620
884.975037000  8.300000000 0.004686887380
885.000000000  8.300000000 0.005558774340
885.025024000  8.300000000 0.006351792250
885.050049000  8.300000000 0.007061474960
885.075012000  8.300000000 0.007683961190
885.100037000  8.300000000 0.008216014130
885.125000000  8.300000000 0.008655034940
885.150024000  8.300000000 0.008999086920
885.175049000  8.300000000 0.009246896950
885.200012000  8.300000000 0.009397860620
885.225037000  8.300000000 0.009452046830
885.250000000  8.300000000 0.009410187600
885.275024000  8.300000000 0.009273654780
885.300049000  8.300000000 0.009044460950
885.325012000  8.300000000 0.008725208230
885.350037000  8.300000000 0.008319054730
885.375000000  8.300000000 0.007829675450
885.400024000  8.300000000 0.007261199880
885.425049000  8.300000000 0.006618158890
885.450012000  8.300000000 0.005905436350
885.475037000  8.300000000 0.005128191320
885.500000000  8.300000000 0.004291811030
885.525024000  8.300000000 0.003401868280
885.550049000  8.300000000 0.002464021790
885.575012000  8.300000000 0.001484010830
885.600037000  8.300000000 0.000467571546
885.625000000  8.300000000 -0.000579593470
885.650024000  8.300000000 -0.001651872760
885.675049000  8.300000000 -0.002743766410
885.700012000  8.300000000 -0.003849945030
885.725037000  8.300000000 -0.004965260160
885.750000000  8.300000000 -0.006084799300
885.775024000  8.300000000 -0.007203911900
885.800049000  8.300000000 -0.008318231440
885.825012000  8.300000000 -0.009423708540
885.850037000  8.300000000 -0.010516617400
885.875000000  8.300000000 -0.011593557000
885.900024000  8.300000000 -0.012651455600
885.925049000  8.300000000 -0.013687561300
885.950012000  8.300000000 -0.014699430200
885.975037000  8.300000000 -0.015684923200
886.000000000  8.300000000 -0.016642166300
886.025024000  8.300000000 -0.017569541900
886.050049000  8.300000000 -0.018465671700
886.075012000  8.300000000 -0.019329376500
886.100037000  8.300000000 -0.020159663600
886.125000000  8.300000000 -0.020955709700
886.150024000  8.300000000 -0.021716844300
886.175049000  8.300000000 -0.022442506600
886.200012000  8.300000000 -0.023132257200
886.225037000  8.300000000 -0.023785756900
886.250000000  8.300000000 -0.024402737600
886.275024000  8.300000000 -0.024983022400
886.300049000  8.300000000 -0.025526490100
886.325012000  8.300000000 -0.026033090400
886.350037000  8.300000000 -0.026502842100
886.375000000  8.300000000 -0.026935836300
886.400024000  8.300000000 -0.027332235100
886.425049000  8.300000000 -0.027692286300
886.450012000  8.300000000 -0.028016317600
886.475037000  8.300000000 -0.028304757600
886.500000000  8.300000000 -0.028558136900
886.525024000  8.300000000 -0.028777081500
886.550049000  8.300000000 -0.028962334600
886.575012000  8.300000000 -0.029114751100
886.600037000  8.300000000 -0.029235264300
886.625000000  8.300000000 -0.029324909700
886.650024000  8.300000000 -0.029384767600
886.675049000  8.300000000 -0.029415980000
886.700012000  8.300000000 -0.029419686600
886.725037000  8.300000000 -0.029397023800
886.750000000  8.300000000 -0.029349081200
886.775024000  8.300000000 -0.029276888800
886.800049000  8.300000000 -0.029181379800
886.825012000  8.300000000 -0.029063401700
886.850037000  8.300000000 -0.028923662400
886.875000000  8.300000000 -0.028762722400
886.900024000  8.300000000 -0.028580987800
886.925049000  8.300000000 -0.028378713900
886.950012000  8.300000000 -0.028155982500
886.975037000  8.300000000 -0.027912702400
887.000000000  8.300000000 -0.027648620300
887.025024000  8.300000000 -0.027363298500
887.050049000  8.300000000 -0.027056196700
887.075012000  8.300000000 -0.026726618400
887.100037000  8.300000000 -0.026373764500
887.125000000  8.300000000 -0.025996746500
887.150024000  8.300000000 -0.025594636800
887.175049000  8.300000000 -0.025166457500
887.200012000  8.300000000 -0.024711275500
887.225037000  8.300000000 -0.024228170500
887.250000000  8.300000000 -0.023716349200
887.275024000  8.300000000 -0.023175101700
887.300049000  8.300000000 -0.022603917900
887.325012000  8.300000000 -0.022002453000
887.350037000  8.300000000 -0.021370600900
887.375000000  8.300000000 -0.020708503200
887.400024000  8.300000000 -0.020016552900
887.425049000  8.300000000 -0.019295437300
887.450012000  8.300000000 -0.018546113700
887.475037000  8.300000000 -0.017769815400
887.500000000  8.300000000 -0.016968045400
887.525024000  8.300000000 -0.016142536000
887.550049000  8.300000000 -0.015295249400
887.575012000  8.300000000 -0.014428343600
887.600037000  8.300000000 -0.013544134800
887.625000000  8.300000000 -0.012645045300
887.650024000  8.300000000 -0.011733588800
887.675049000  8.300000000 -0.010812321700
887.700012000  8.300000000 -0.009883826600
887.725037000  8.300000000 -0.008950649760
887.750000000  8.300000000 -0.008015305740
887.775024000  8.300000000 -0.007080255540
887.800049000  8.300000000 -0.006147876380
887.825012000  8.300000000 -0.005220498890
887.850037000  8.300000000 -0.004300348930
887.875000000  8.300000000 -0.003389616730
887.900024000  8.300000000 -0.002490419200
887.925049000  8.300000000 -0.001604822700
887.950012000  8.300000000 -0.000734877191
887.975037000  8.300000000 0.000117407464
888.000000000  8.300000000 0.000950011599
888.025024000  8.300000000 0.001760921670
888.050049000  8.300000000 0.002548104380
888.075012000  8.300000000 0.003309497140
888.100037000  8.300000000 0.004043012860
888.125000000  8.300000000 0.004746511580
888.150024000  8.300000000 0.005417815880
888.175049000  8.300000000 0.006054702210
888.200012000  8.300000000 0.006654907950
888.225037000  8.300000000 0.007216149480
888.250000000  8.300000000 0.007736126890
888.275024000  8.300000000 0.008212535640
888.300049000  8.300000000 0.008643098180
888.325012000  8.300000000 0.009025570940
888.350037000  8.300000000 0.009357770900
888.375000000  8.300000000 0.009637597950
888.400024000  8.300000000 0.009863065560
888.425049000  8.300000000 0.010032302700
888.450012000  8.300000000 0.010143595700
888.475037000  8.300000000 0.010195396800
888.500000000  8.300000000 0.010186344400
888.525024000  8.300000000 0.010115274200
888.550049000  8.300000000 0.009981238280
888.575012000  8.300000000 0.009783526880
888.600037000  8.300000000 0.009521651080
888.625000000  8.300000000 0.009195396680
888.650024000  8.300000000 0.008804792540
888.675049000  8.300000000 0.008350143210
888.700012000  8.300000000 0.007832014000
888.725037000  8.300000000 0.007251267790
888.750000000  8.300000000 0.006609040780
888.775024000  8.300000000 0.005906765350
888.800049000  8.300000000 0.005146143490
888.825012000  8.300000000 0.004329196180
888.850037000  8.300000000 0.003458212600
888.875000000  8.300000000 0.002535790900
888.900024000  8.300000000 0.001564819480
888.925049000  8.300000000 0.000548465759
888.950012000  8.300000000 -0.000509804697
888.975037000  8.300000000 -0.001606290110
889.000000000  8.300000000 -0.002737016180
889.025024000  8.300000000 -0.003897792660
889.050049000  8.300000000 -0.005084207750
889.075012000  8.300000000 -0.006291664210
889.100037000  8.300000000 -0.007515418340
889.125000000  8.300000000 -0.008750603530
889.150024000  8.300000000 -0.009992244650
889.175049000  8.300000000 -0.011235284600
889.200012000  8.300000000 -0.012474632800
889.225037000  8.300000000 -0.013705156700
889.250000000  8.300000000 -0.014921704300
889.275024000  8.300000000 -0.016119170900
889.300049000  8.300000000 -0.017292466000
889.325012000  8.300000000 -0.018436573400
889.350037000  8.300000000 -0.019546553500
889.375000000  8.300000000 -0.020617555800
889.400024000  8.300000000 -0.021644858600
889.425049000  8.300000000 -0.022623850000
889.450012000  8.300000000 -0.023550100600
889.475037000  8.300000000 -0.024419305800
889.500000000  8.300000000 -0.025227373500
889.525024000  8.300000000 -0.025970365900
889.550049000  8.300000000 -0.026644574500
889.575012000  8.300000000 -0.027246482700
889.600037000  8.300000000 -0.027772855000
889.625000000  8.300000000 -0.028220659100
889.650024000  8.300000000 -0.028587181100
889.675049000  8.300000000 -0.028869984700
889.700012000  8.300000000 -0.029066938900
889.725037000  8.300000000 -0.029176279900
889.750000000  8.300000000 -0.029196566000
889.775024000  8.300000000 -0.029126755900
889.800049000  8.300000000 -0.028966222000
889.825012000  8.300000000 -0.028714770500
889.850037000  8.300000000 -0.028372621200
889.875000000  8.300000000 -0.027940532200
889.900024000  8.300000000 -0.027419647200
889.925049000  8.300000000 -0.026811694700
889.950012000  8.300000000 -0.026118841000
889.975037000  8.300000000 -0.025343744100
890.000000000  8.300000000 -0.024489548100
890.025024000  8.300000000 -0.023559827400
890.050049000  8.300000000 -0.022558597800
890.075012000  8.300000000 -0.021490275900
890.100037000  8.300000000 -0.020359600000
890.125000000  8.300000000 -0.019171688700
890.150024000  8.300000000 -0.017931900900
890.175049000  8.300000000 -0.016645865500
890.200012000  8.300000000 -0.015319380000
890.225037000  8.300000000 -0.013958407600
890.250000000  8.300000000 -0.012568998200
890.275024000  8.300000000 -0.011157294700
890.300049000  8.300000000 -0.009729445910
890.325012000  8.300000000 -0.008291584440
890.350037000  8.300000000 -0.006849800700
890.375000000  8.300000000 -0.005410088230
890.400024000  8.300000000 -0.003978293390
890.425049000  8.300000000 -0.002560112160
890.450012000  8.300000000 -0.001161020710
890.475037000  8.300000000 0.000213735781
890.500000000  8.300000000 0.001559188940
890.525024000  8.300000000 0.002870685420
890.550049000  8.300000000 0.004143917470
890.575012000  8.300000000 0.005374938250
890.600037000  8.300000000 0.006560196170
890.625000000  8.300000000 0.007696541960
890.650024000  8.300000000 0.008781244980
890.675049000  8.300000000 0.009812001140
890.700012000  8.300000000 0.010786923600
890.725037000  8.300000000 0.011704547300
890.750000000  8.300000000 0.012563792100
890.775024000  8.300000000 0.013363977900
890.800049000  8.300000000 0.014104795600
890.825012000  8.300000000 0.014786283500
890.850037000  8.300000000 0.015408816700
890.875000000  8.300000000 0.015973083700
890.900024000  8.300000000 0.016480075200
890.925049000  8.300000000 0.016931049500
890.950012000  8.300000000 0.017327513500
890.975037000  8.300000000 0.017671203200
891.000000000  8.300000000 0.017964063200
891.025024000  8.300000000 0.018208202000
891.050049000  8.300000000 0.018405901300
891.075012000  8.300000000 0.018559550900
891.100037000  8.300000000 0.018671678400
891.125000000  8.300000000 0.018744885900
891.150024000  8.300000000 0.018781852000
891.175049000  8.300000000 0.018785281100
891.200012000  8.300000000 0.018757911400
891.225037000  8.300000000 0.018702471600
891.250000000  8.300000000 0.018621668200
891.275024000  8.300000000 0.018518140500
891.300049000  8.300000000 0.018394440400
891.325012000  8.300000000 0.018253030300
891.350037000  8.300000000 0.018096221600
891.375000000  8.300000000 0.017926206800
891.400024000  8.300000000 0.017745012400
891.425049000  8.300000000 0.017554495500
891.450012000  8.300000000 0.017356349200
891.475037000  8.300000000 0.017152108300
891.500000000  8.300000000 0.016943121300
891.525024000  8.300000000 0.016730561900
891.550049000  8.300000000 0.016515431900
891.575012000  8.300000000 0.016298577200
891.600037000  8.300000000 0.016080671900
891.625000000  8.300000000 0.015862245100
891.650024000  8.300000000 0.015643669300
891.675049000  8.300000000 0.015425217300
891.700012000  8.300000000 0.015207019600
891.725037000  8.300000000 0.014989154400
891.750000000  8.300000000 0.014771603000
891.775024000  8.300000000 0.014554314300
891.800049000  8.300000000 0.014337192300
891.825012000  8.300000000 0.014120151300
891.850037000  8.300000000 0.013903110300
891.875000000  8.300000000 0.013686019000
891.900024000  8.300000000 0.013468879300
891.925049000  8.300000000 0.013251752600
891.950012000  8.300000000 0.013034757200
891.975037000  8.300000000 0.012818110200
892.000000000  8.300000000 0.012602088000
892.025024000  8.300000000 0.012387087600
892.050049000  8.300000000 0.012173580900
892.075012000  8.300000000 0.011962158600
892.100037000  8.300000000 0.011753489300
892.125000000  8.300000000 0.011548357100
892.150024000  8.300000000 0.011347629100
892.175049000  8.300000000 0.011152287900
892.200012000  8.300000000 0.010963396200
892.225037000  8.300000000 0.010782114200
892.250000000  8.300000000 0.010609674300
892.275024000  8.300000000 0.010447370800
892.300049000  8.300000000 0.010296546900
892.325012000  8.300000000 0.010158592800
892.350037000  8.300000000 0.010034922500
892.375000000  8.300000000 0.009926941250
892.400024000  8.300000000 0.009836050680
892.425049000  8.300000000 0.009763607760
892.450012000  8.300000000 0.009710937740
892.475037000  8.300000000 0.009679258800
892.500000000  8.300000000 0.009669730440
892.525024000  8.300000000 0.009683383630
892.550049000  8.300000000 0.009721146900
892.575012000  8.300000000 0.009783810000
892.600037000  8.300000000 0.009871998800
892.625000000  8.300000000 0.009986211550
892.650024000  8.300000000 0.010126742500
892.675049000  8.300000000 0.010293758500
892.700012000  8.300000000 0.010487229600
892.725037000  8.300000000 0.010706964900
892.750000000  8.300000000 0.010952608700
892.775024000  8.300000000 0.011223634700
892.800049000  8.300000000 0.011519376200
892.825012000  8.300000000 0.011839012600
892.850037000  8.300000000 0.012181603300
892.875000000  8.300000000 0.012546104400
892.900024000  8.300000000 0.012931380400
892.925049000  8.300000000 0.013336225400
892.950012000  8.300000000 0.013759390500
892.975037000  8.300000000 0.014199571700
893.000000000  8.300000000 0.014655442000
893.025024000  8.300000000 0.015125659300
893.050049000  8.300000000 0.015608861100
893.075012000  8.300000000 0.016103681200
893.100037000  8.300000000 0.016608716900
893.125000000  8.300000000 0.017122561100
893.150024000  8.300000000 0.017643747900
893.175049000  8.300000000 0.018170785200
893.200012000  8.300000000 0.018702108400
893.225037000  8.300000000 0.019236104600
893.250000000  8.300000000 0.019771074900
893.275024000  8.300000000 0.020305234900
893.300049000  8.300000000 0.020836705300
893.325012000  8.300000000 0.021363532200
893.350037000  8.300000000 0.021883633000
893.375000000  8.300000000 0.022394854600
893.400024000  8.300000000 0.022894945000
893.425049000  8.300000000 0.023381557300
893.450012000  8.300000000 0.023852277500
893.475037000  8.300000000 0.024304622800
893.500000000  8.300000000 0.024736067300
893.525024000  8.300000000 0.025144059200
893.550049000  8.300000000 0.025526013200
893.575012000  8.300000000 0.025879368200
893.600037000  8.300000000 0.026201585300
893.625000000  8.300000000 0.026490166800
893.650024000  8.300000000 0.026742676300
893.675049000  8.300000000 0.026956791100
893.700012000  8.300000000 0.027130277800
893.725037000  8.300000000 0.027261033700
893.750000000  8.300000000 0.027347100900
893.775024000  8.300000000 0.027386700700
893.800049000  8.300000000 0.027378242500
893.825012000  8.300000000 0.027320338400
893.850037000  8.300000000 0.027211803900
893.875000000  8.300000000 0.027051694700
893.900024000  8.300000000 0.026839280500
893.925049000  8.300000000 0.026574090100
893.950012000  8.300000000 0.026255887000
893.975037000  8.300000000 0.025884676700
894.000000000  8.300000000 0.025460744300
894.025024000  8.300000000 0.024984605600
894.050049000  8.300000000 0.024457031900
894.075012000  8.300000000 0.023879056800
894.100037000  8.300000000 0.023251943300
894.125000000  8.300000000 0.022577187000
894.150024000  8.300000000 0.021856559400
894.175049000  8.300000000 0.021091977100
894.200012000  8.300000000 0.020285645500
894.225037000  8.300000000 0.019439909600
894.250000000  8.300000000 0.018557328700
894.275024000  8.300000000 0.017640629800
894.300049000  8.300000000 0.016692662600
894.325012000  8.300000000 0.015716396300
894.350037000  8.300000000 0.014714893900
894.375000000  8.300000000 0.013691277200
894.400024000  8.300000000 0.012648661600
894.425049000  8.300000000 0.011590172500
894.450012000  8.300000000 0.010518884300
894.475037000  8.300000000 0.009437796660
894.500000000  8.300000000 0.008349807930
894.525024000  8.300000000 0.007257707880
894.550049000  8.300000000 0.006164144720
894.575012000  8.300000000 0.005071640480
894.600037000  8.300000000 0.003982554190
894.625000000  8.300000000 0.002899084710
894.650024000  8.300000000 0.001823271040
894.675049000  8.300000000 0.000756973634
894.700012000  8.300000000 -0.000298111991
894.725037000  8.300000000 -0.001340457240
894.750000000  8.300000000 -0.002368711630
894.775024000  8.300000000 -0.003381691640
894.800049000  8.300000000 -0.004378383510
894.825012000  8.300000000 -0.005357946270
894.850037000  8.300000000 -0.006319717970
894.875000000  8.300000000 -0.007263211530
894.900024000  8.300000000 -0.008188114500
894.925049000  8.300000000 -0.009094280190
894.950012000  8.300000000 -0.009981727230
894.975037000  8.300000000 -0.010850606500
895.000000000  8.300000000 -0.011701227200
895.025024000  8.300000000 -0.012534004600
895.050049000  8.300000000 -0.013349457600
895.075012000  8.300000000 -0.014148183200
895.100037000  8.300000000 -0.014930838700
895.125000000  8.300000000 -0.015698110700
895.150024000  8.300000000 -0.016450706900
895.175049000  8.300000000 -0.017189338800
895.200012000  8.300000000 -0.017914697500
895.225037000  8.300000000 -0.018627462900
895.250000000  8.300000000 -0.019328270100
895.275024000  8.300000000 -0.020017715200
895.300049000  8.300000000 -0.020696330800
895.325012000  8.300000000 -0.021364593900
895.350037000  8.300000000 -0.022022908600
895.375000000  8.300000000 -0.022671621300
895.400024000  8.300000000 -0.023311011500
895.425049000  8.300000000 -0.023941280300
895.450012000  8.300000000 -0.024562556300
895.475037000  8.300000000 -0.025174867400
895.500000000  8.300000000 -0.025778176300
895.525024000  8.300000000 -0.026372347000
895.550049000  8.300000000 -0.026957172900
895.575012000  8.300000000 -0.027532346500
895.600037000  8.300000000 -0.028097486100
895.625000000  8.300000000 -0.028652137100
895.650024000  8.300000000 -0.029195778100
895.675049000  8.300000000 -0.029727805400
895.700012000  8.300000000 -0.030247580300
895.725037000  8.300000000 -0.030754400400
895.750000000  8.300000000 -0.031247511500
895.775024000  8.300000000 -0.031726129400
895.800049000  8.300000000 -0.032189458600
895.825012000  8.300000000 -0.032636653600
895.850037000  8.300000000 -0.033066894900
895.875000000  8.300000000 -0.033479373900
895.900024000  8.300000000 -0.033873301000
895.925049000  8.300000000 -0.034247946000
895.950012000  8.300000000 -0.034602608500
895.975037000  8.300000000 -0.034936685100
896.000000000  8.300000000 -0.035249579700
896.025024000  8.300000000 -0.035540811700
896.050049000  8.300000000 -0.035809919200
896.075012000  8.300000000 -0.036056548400
896.100037000  8.300000000 -0.036280378700
896.125000000  8.300000000 -0.036481153200
896.150024000  8.300000000 -0.036658644700
896.175049000  8.300000000 -0.036812689200
896.200012000  8.300000000 -0.036943133900
896.225037000  8.300000000 -0.037049859800
896.250000000  8.300000000 -0.037132773500
896.275024000  8.300000000 -0.037191759800
896.300049000  8.300000000 -0.037226755200
896.325012000  8.300000000 -0.037237655400
896.350037000  8.300000000 -0.037224363500
896.375000000  8.300000000 -0.037186805200
896.400024000  8.300000000 -0.037124842400
896.425049000  8.300000000 -0.037038367200
896.450012000  8.300000000 -0.036927234400
896.475037000  8.300000000 -0.036791287400
896.500000000  8.300000000 -0.036630358500
896.525024000  8.300000000 -0.036444265400
896.550049000  8.300000000 -0.036232847700
896.575012000  8.300000000 -0.035995956500
896.600037000  8.300000000 -0.035733439000
896.625000000  8.300000000 -0.035445224500
896.650024000  8.300000000 -0.035131264500
896.675049000  8.300000000 -0.034791570200
896.700012000  8.300000000 -0.034426190000
896.725037000  8.300000000 -0.034035246800
896.750000000  8.300000000 -0.033618938200
896.775024000  8.300000000 -0.033177498700
896.800049000  8.300000000 -0.032711248800
896.825012000  8.300000000 -0.032220590900
896.850037000  8.300000000 -0.031705986700
896.875000000  8.300000000 -0.031168008200
896.900024000  8.300000000 -0.030607285000
896.925049000  8.300000000 -0.030024575100
896.950012000  8.300000000 -0.029420692500
896.975037000  8.300000000 -0.028796540600
897.000000000  8.300000000 -0.028153108400
897.025024000  8.300000000 -0.027491450300
897.050049000  8.300000000 -0.026812661400
897.075012000  8.300000000 -0.026117887300
897.100037000  8.300000000 -0.025408282900
897.125000000  8.300000000 -0.024685001000
897.150024000  8.300000000 -0.023949194700
897.175049000  8.300000000 -0.023201977800
897.200012000  8.300000000 -0.022444414000
897.225037000  8.300000000 -0.021677510800
897.250000000  8.300000000 -0.020902225700
897.275024000  8.300000000 -0.020119424900
897.300049000  8.300000000 -0.019329886900
897.325012000  8.300000000 -0.018534291500
897.350037000  8.300000000 -0.017733236800
897.375000000  8.300000000 -0.016927190100
897.400024000  8.300000000 -0.016116548300
897.425049000  8.300000000 -0.015301584300
897.450012000  8.300000000 -0.014482501900
897.475037000  8.300000000 -0.013659410200
897.500000000  8.300000000 -0.012832327700
897.525024000  8.300000000 -0.012001222000
897.550049000  8.300000000 -0.011165992400
897.575012000  8.300000000 -0.010326507500
897.600037000  8.300000000 -0.009482623080
897.625000000  8.300000000 -0.008634175170
897.650024000  8.300000000 -0.007781013850
897.675049000  8.300000000 -0.006923039440
897.700012000  8.300000000 -0.006060189100
897.725037000  8.300000000 -0.005192486570
897.750000000  8.300000000 -0.004320051520
897.775024000  8.300000000 -0.003443107010
897.800049000  8.300000000 -0.002562021370
897.825012000  8.300000000 -0.001677314870
897.850037000  8.300000000 -0.000789669517
897.875000000  8.300000000 0.000100034085
897.900024000  8.300000000 0.000990708242
897.925049000  8.300000000 0.001881046800
897.950012000  8.300000000 0.002769523770
897.975037000  8.300000000 0.003654378930
898.000000000  8.300000000 0.004533631260
898.025024000  8.300000000 0.005405095410
898.050049000  8.300000000 0.006266386710
898.075012000  8.300000000 0.007114966400
898.100037000  8.300000000 0.007948157380
898.125000000  8.300000000 0.008763174530
898.150024000  8.300000000 0.009557160550
898.175049000  8.300000000 0.010327219000
898.200012000  8.300000000 0.011070430300
898.225037000  8.300000000 0.011783897900
898.250000000  8.300000000 0.012464747800
898.275024000  8.300000000 0.013110163600
898.300049000  8.300000000 0.013717389700
898.325012000  8.300000000 0.014283742800
898.350037000  8.300000000 0.014806627300
898.375000000  8.300000000 0.015283515700
898.400024000  8.300000000 0.015711978100
898.425049000  8.300000000 0.016089651700
898.450012000  8.300000000 0.016414266100
898.475037000  8.300000000 0.016683640000
898.500000000  8.300000000 0.016895679800
898.525024000  8.300000000 0.017048381300
898.550049000  8.300000000 0.017139837100
898.575012000  8.300000000 0.017168251800
898.600037000  8.300000000 0.017131950700
898.625000000  8.300000000 0.017029369200
898.650024000  8.300000000 0.016859095500
898.675049000  8.300000000 0.016619842500
898.700012000  8.300000000 0.016310488800
898.725037000  8.300000000 0.015930075200
898.750000000  8.300000000 0.015477809100
898.775024000  8.300000000 0.014953082400
898.800049000  8.300000000 0.014355475100
898.825012000  8.300000000 0.013684767300
898.850037000  8.300000000 0.012940963700
898.875000000  8.300000000 0.012124282300
898.900024000  8.300000000 0.011235190600
898.925049000  8.300000000 0.010274409300
898.950012000  8.300000000 0.009242920200
898.975037000  8.300000000 0.008141975850
899.000000000  8.300000000 0.006973130630
899.025024000  8.300000000 0.005738211800
899.050049000  8.300000000 0.004439332990
899.075012000  8.300000000 0.003078912850
899.100037000  8.300000000 0.001659647330
899.125000000  8.300000000 0.000184512654
899.150024000  8.300000000 -0.001343232810
899.175049000  8.300000000 -0.002920063210
899.200012000  8.300000000 -0.004542225510
899.225037000  8.300000000 -0.006205723160
899.250000000  8.300000000 -0.007906334470
899.275024000  8.300000000 -0.009639646860
899.300049000  8.300000000 -0.011401030200
899.325012000  8.300000000 -0.013185672500
899.350037000  8.300000000 -0.014988577000
899.375000000  8.300000000 -0.016804587100
899.400024000  8.300000000 -0.018628381200
899.425049000  8.300000000 -0.020454490600
899.450012000  8.300000000 -0.022277297500
899.475037000  8.300000000 -0.024091083600
899.500000000  8.300000000 -0.025889992700
899.525024000  8.300000000 -0.027668099900
899.550049000  8.300000000 -0.029419414700
899.575012000  8.300000000 -0.031137891100
899.600037000  8.300000000 -0.032817479200
899.625000000  8.300000000 -0.034452129200
899.650024000  8.300000000 -0.036035843200
899.675049000  8.300000000 -0.037562683200
899.700012000  8.300000000 -0.039026856400
899.725037000  8.300000000 -0.040422674300
899.750000000  8.300000000 -0.041744653100
899.775024000  8.300000000 -0.042987521700
899.800049000  8.300000000 -0.044146269600
899.825012000  8.300000000 -0.045216132000
899.850037000  8.300000000 -0.046192716800
899.875000000  8.300000000 -0.047071944900
899.900024000  8.300000000 -0.047850091000
899.925049000  8.300000000 -0.048523820900
899.950012000  8.300000000 -0.049090188000
899.975037000  8.300000000 -0.049546651500
900.000000000  8.300000000 -0.049891099300
900.025024000  8.300000000 -0.050121814000
900.050049000  8.300000000 -0.050237551300
900.075012000  8.300000000 -0.050237439600
900.100037000  8.300000000 -0.050121080100
900.125000000  8.300000000 -0.049888443200
900.150024000  8.300000000 -0.049539964600
900.175049000  8.300000000 -0.049076434200
900.200012000  8.300000000 -0.048499051500
900.225037000  8.300000000 -0.047809366100
900.250000000  8.300000000 -0.047009285500
900.275024000  8.300000000 -0.046101030000
900.300049000  8.300000000 -0.045087121400
900.325012000  8.300000000 -0.043970335300
900.350037000  8.300000000 -0.042753711300
900.375000000  8.300000000 -0.041440498100
900.400024000  8.300000000 -0.040034145100
900.425049000  8.300000000 -0.038538243600
900.450012000  8.300000000 -0.036956589700
900.475037000  8.300000000 -0.035293091100
900.500000000  8.300000000 -0.033551789800
900.525024000  8.300000000 -0.031736869400
900.550049000  8.300000000 -0.029852613800
900.575012000  8.300000000 -0.027903458100
900.600037000  8.300000000 -0.025893926600
900.625000000  8.300000000 -0.023828677800
900.650024000  8.300000000 -0.021712482000
900.675049000  8.300000000 -0.019550252700
900.700012000  8.300000000 -0.017347019200
900.725037000  8.300000000 -0.015107930600
900.750000000  8.300000000 -0.012838278000
900.775024000  8.300000000 -0.010543456300
900.800049000  8.300000000 -0.008229001430
900.825012000  8.300000000 -0.005900533400
900.850037000  8.300000000 -0.003563763110
900.875000000  8.300000000 -0.001224488720
900.900024000  8.300000000 0.001111475980
900.925049000  8.300000000 0.003438289980
900.950012000  8.300000000 0.005750138310
900.975037000  8.300000000 0.008041277530
901.000000000  8.300000000 0.010306029600
901.025024000  8.300000000 0.012538870800
901.050049000  8.300000000 0.014734420000
901.075012000  8.300000000 0.016887491600
901.100037000  8.300000000 0.018993156000
901.125000000  8.300000000 0.021046739100
901.150024000  8.300000000 0.023043895100
901.175049000  8.300000000 0.024980597200
901.200012000  8.300000000 0.026853203800
901.225037000  8.300000000 0.028658488800
901.250000000  8.300000000 0.030393639600
901.275024000  8.300000000 0.032056327900
901.300049000  8.300000000 0.033644679900
901.325012000  8.300000000 0.035157300500
901.350037000  8.300000000 0.036593273300
901.375000000  8.300000000 0.037952154900
901.400024000  8.300000000 0.039233956500
901.425049000  8.300000000 0.040439125200
901.450012000  8.300000000 0.041568540000
901.475037000  8.300000000 0.042623467700
901.500000000  8.300000000 0.043605554800
901.525024000  8.300000000 0.044516801800
901.550049000  8.300000000 0.045359518400
901.575012000  8.300000000 0.046136330800
901.600037000  8.300000000 0.046850100200
901.625000000  8.300000000 0.047503959400
901.650024000  8.300000000 0.048101212800
901.675049000  8.300000000 0.048645362300
901.700012000  8.300000000 0.049140032400
901.725037000  8.300000000 0.049588959700
901.750000000  8.300000000 0.049995921600
901.775024000  8.300000000 0.050364706700
901.800049000  8.300000000 0.050699088700
901.825012000  8.300000000 0.051002763200
901.850037000  8.300000000 0.051279284100
901.875000000  8.300000000 0.051532067400
901.900024000  8.300000000 0.051764320600
901.925049000  8.300000000 0.051979009100
901.950012000  8.300000000 0.052178829900
901.975037000  8.300000000 0.052366193400
902.000000000  8.300000000 0.052543204300
902.025024000  8.300000000 0.052711635800
902.050049000  8.300000000 0.052872967000
902.075012000  8.300000000 0.053028315300
902.100037000  8.300000000 0.053178526500
902.125000000  8.300000000 0.053324159200
902.150024000  8.300000000 0.053465459500
902.175049000  8.300000000 0.053602453300
902.200012000  8.300000000 0.053734913500
902.225037000  8.300000000 0.053862452500
902.250000000  8.300000000 0.053984474400
902.275024000  8.300000000 0.054100249000
902.300049000  8.300000000 0.054208926900
902.325012000  8.300000000 0.054309565600
902.350037000  8.300000000 0.054401107100
902.375000000  8.300000000 0.054482456300
902.400024000  8.300000000 0.054552450800
902.425049000  8.300000000 0.054609879900
902.450012000  8.300000000 0.054653484400
902.475037000  8.300000000 0.054681949300
902.500000000  8.300000000 0.054693959700
902.525024000  8.300000000 0.054688151900
902.550049000  8.300000000 0.054663166400
902.575012000  8.300000000 0.054617602400
902.600037000  8.300000000 0.054550122500
902.625000000  8.300000000 0.054459381800
902.650024000  8.300000000 0.054344069200
902.675049000  8.300000000 0.054202910500
902.700012000  8.300000000 0.054034687600
902.725037000  8.300000000 0.053838267900
902.750000000  8.300000000 0.053612541400
902.775024000  8.300000000 0.053356543200
902.800049000  8.300000000 0.053069338200
902.825012000  8.300000000 0.052750136700
902.850037000  8.300000000 0.052398257000
902.875000000  8.300000000 0.052013170000
902.900024000  8.300000000 0.051594466000
902.925049000  8.300000000 0.051141914000
902.950012000  8.300000000 0.050655484200
902.975037000  8.300000000 0.050135284700
903.000000000  8.300000000 0.049581687900
903.025024000  8.300000000 0.048995226600
903.050049000  8.300000000 0.048376701800
903.075012000  8.300000000 0.047727145300
903.100037000  8.300000000 0.047047849700
903.125000000  8.300000000 0.046340283000
903.150024000  8.300000000 0.045606251800
903.175049000  8.300000000 0.044847726800
903.200012000  8.300000000 0.044066943200
903.225037000  8.300000000 0.043266318700
903.250000000  8.300000000 0.042448468500
903.275024000  8.300000000 0.041616153000
903.300049000  8.300000000 0.040772263000
903.325012000  8.300000000 0.039919771300
903.350037000  8.300000000 0.039061691600
903.375000000  8.300000000 0.038201067600
903.400024000  8.300000000 0.037340883200
903.425049000  8.300000000 0.036484066400
903.450012000  8.300000000 0.035633433600
903.475037000  8.300000000 0.034791626000
903.500000000  8.300000000 0.033961135900
903.525024000  8.300000000 0.033144239300
903.550049000  8.300000000 0.032342974100
903.575012000  8.300000000 0.031559128300
903.600037000  8.300000000 0.030794175300
903.625000000  8.300000000 0.030049344500
903.650024000  8.300000000 0.029325505700
903.675049000  8.300000000 0.028623255000
903.700012000  8.300000000 0.027942864200
903.725037000  8.300000000 0.027284298100
903.750000000  8.300000000 0.026647236200
903.775024000  8.300000000 0.026031071300
903.800049000  8.300000000 0.025434957800
903.825012000  8.300000000 0.024857761300
903.850037000  8.300000000 0.024298206000
903.875000000  8.300000000 0.023754768100
903.900024000  8.300000000 0.023225816000
903.925049000  8.300000000 0.022709574600
903.950012000  8.300000000 0.022204207300
903.975037000  8.300000000 0.021707795600
904.000000000  8.300000000 0.021218370600
904.025024000  8.300000000 0.020733991600
904.050049000  8.300000000 0.020252706500
904.075012000  8.300000000 0.019772620900
904.100037000  8.300000000 0.019291916900
904.125000000  8.300000000 0.018808893900
904.150024000  8.300000000 0.018321959300
904.175049000  8.300000000 0.017829705000
904.200012000  8.300000000 0.017330883100
904.225037000  8.300000000 0.016824493200
904.250000000  8.300000000 0.016309708400
904.275024000  8.300000000 0.015785981000
904.300049000  8.300000000 0.015253010200
904.325012000  8.300000000 0.014710750400
904.350037000  8.300000000 0.014159417700
904.375000000  8.300000000 0.013599474900
904.400024000  8.300000000 0.013031641000
904.425049000  8.300000000 0.012456863200
904.450012000  8.300000000 0.011876313900
904.475037000  8.300000000 0.011291370700
904.500000000  8.300000000 0.010703614000
904.525024000  8.300000000 0.010114779700
904.550049000  8.300000000 0.009526745420
904.575012000  8.300000000 0.008941504170
904.600037000  8.300000000 0.008361138400
904.625000000  8.300000000 0.007787799000
904.650024000  8.300000000 0.007223659660
904.675049000  8.300000000 0.006670901090
904.700012000  8.300000000 0.006131671830
904.725037000  8.300000000 0.005608077160
904.750000000  8.300000000 0.005102157130
904.775024000  8.300000000 0.004615865180
904.800049000  8.300000000 0.004151046740
904.825012000  8.300000000 0.003709438720
904.850037000  8.300000000 0.003292653480
904.875000000  8.300000000 0.002902170880
904.900024000  8.300000000 0.002539315730
904.925049000  8.300000000 0.002205264060
904.950012000  8.300000000 0.001901030540
904.975037000  8.300000000 0.001627454300
905.000000000  8.300000000 0.001385213570
905.025024000  8.300000000 0.001174797890
905.050049000  8.300000000 0.000996540650
905.075012000  8.300000000 0.000850585231
905.100037000  8.300000000 0.000736899674
905.125000000  8.300000000 0.000655274198
905.150024000  8.300000000 0.000605305482
905.175049000  8.300000000 0.000586385780
905.200012000  8.300000000 0.000597734761
905.225037000  8.300000000 0.000638355152
905.250000000  8.300000000 0.000707056024
905.275024000  8.300000000 0.000802444643
905.300049000  8.300000000 0.000922904641
905.325012000  8.300000000 0.001066631870
905.350037000  8.300000000 0.001231606700
905.375000000  8.300000000 0.001415592150
905.400024000  8.300000000 0.001616156430
905.425049000  8.300000000 0.001830655970
905.450012000  8.300000000 0.002056262460
905.475037000  8.300000000 0.002289951550
905.500000000  8.300000000 0.002528519840
905.525024000  8.300000000 0.002768603620
905.550049000  8.300000000 0.003006689250
905.575012000  8.300000000 0.003239126410
905.600037000  8.300000000 0.003462152320
905.625000000  8.300000000 0.003671922720
905.650024000  8.300000000 0.003864511850
905.675049000  8.300000000 0.004035970660
905.700012000  8.300000000 0.004182346630
905.725037000  8.300000000 0.004299714700
905.750000000  8.300000000 0.004384215920
905.775024000  8.300000000 0.004432091020
905.800049000  8.300000000 0.004439719950
905.825012000  8.300000000 0.004403643780
905.850037000  8.300000000 0.004320632670
905.875000000  8.300000000 0.004187684510
905.900024000  8.300000000 0.004002091470
905.925049000  8.300000000 0.003761449600
905.950012000  8.300000000 0.003463688070
905.975037000  8.300000000 0.003107106780
906.000000000  8.300000000 0.002690397200
906.025024000  8.300000000 0.002212663880
906.050049000  8.300000000 0.001673438470
906.075012000  8.300000000 0.001072680580
906.100037000  8.300000000 0.000410777517
906.125000000  8.300000000 -0.000311450742
906.150024000  8.300000000 -0.001092772350
906.175049000  8.300000000 -0.001931550100
906.200012000  8.300000000 -0.002825746780
906.225037000  8.300000000 -0.003772944440
906.250000000  8.300000000 -0.004770366010
906.275024000  8.300000000 -0.005814886650
906.300049000  8.300000000 -0.006903071890
906.325012000  8.300000000 -0.008031190370
906.350037000  8.300000000 -0.009195246730
906.375000000  8.300000000 -0.010391007200
906.400024000  8.300000000 -0.011614036700
906.425049000  8.300000000 -0.012859718900
906.450012000  8.300000000 -0.014123290800
906.475037000  8.300000000 -0.015399891000
906.500000000  8.300000000 -0.016684573100
906.525024000  8.300000000 -0.017972352000
906.550049000  8.300000000 -0.019258255100
906.575012000  8.300000000 -0.020537331700
906.600037000  8.300000000 -0.021804703400
906.625000000  8.300000000 -0.023055581400
906.650024000  8.300000000 -0.024285292300
906.675049000  8.300000000 -0.025489315400
906.700012000  8.300000000 -0.026663258700
906.725037000  8.300000000 -0.027802933000
906.750000000  8.300000000 -0.028904343000
906.775024000  8.300000000 -0.029963674000
906.800049000  8.300000000 -0.030977360900
906.825012000  8.300000000 -0.031942073300
906.850037000  8.300000000 -0.032854739600
906.875000000  8.300000000 -0.033712554700
906.900024000  8.300000000 -0.034513019000
906.925049000  8.300000000 -0.035253904800
906.950012000  8.300000000 -0.035933293400
906.975037000  8.300000000 -0.036549598000
907.000000000  8.300000000 -0.037101496000
907.025024000  8.300000000 -0.037587989100
907.050049000  8.300000000 -0.038008362100
907.075012000  8.300000000 -0.038362179000
907.100037000  8.300000000 -0.038649272200
907.125000000  8.300000000 -0.038869731100
907.150024000  8.300000000 -0.039023842700
907.175049000  8.300000000 -0.039112161800
907.200012000  8.300000000 -0.039135392800
907.225037000  8.300000000 -0.039094451800
907.250000000  8.300000000 -0.038990404500
907.275024000  8.300000000 -0.038824446500
907.300049000  8.300000000 -0.038597922800
907.325012000  8.300000000 -0.038312263800
907.350037000  8.300000000 -0.037969004400
907.375000000  8.300000000 -0.037569757600
907.400024000  8.300000000 -0.037116196000
907.425049000  8.300000000 -0.036610063200
907.450012000  8.300000000 -0.036053139700
907.475037000  8.300000000 -0.035447288300
907.500000000  8.300000000 -0.034794423700
907.525024000  8.300000000 -0.034096516700
907.550049000  8.300000000 -0.033355619800
907.575012000  8.300000000 -0.032573863900
907.600037000  8.300000000 -0.031753480400
907.625000000  8.300000000 -0.030896807100
907.650024000  8.300000000 -0.030006308100
907.675049000  8.300000000 -0.029084568800
907.700012000  8.300000000 -0.028134288300
907.725037000  8.300000000 -0.027158308800
907.750000000  8.300000000 -0.026159584500
907.775024000  8.300000000 -0.025141181400
907.800049000  8.300000000 -0.024106295800
907.825012000  8.300000000 -0.023058222600
907.850037000  8.300000000 -0.022000338900
907.875000000  8.300000000 -0.020936109100
907.900024000  8.300000000 -0.019869053700
907.925049000  8.300000000 -0.018802702400
907.950012000  8.300000000 -0.017740609100
907.975037000  8.300000000 -0.016686296100
908.000000000  8.300000000 -0.015643214800
908.025024000  8.300000000 -0.014614745000
908.050049000  8.300000000 -0.013604154800
908.075012000  8.300000000 -0.012614555700
908.100037000  8.300000000 -0.011648909200
908.125000000  8.300000000 -0.010709974000
908.150024000  8.300000000 -0.009800292550
908.175049000  8.300000000 -0.008922183890
908.200012000  8.300000000 -0.008077700620
908.225037000  8.300000000 -0.007268617860
908.250000000  8.300000000 -0.006496419200
908.275024000  8.300000000 -0.005762270190
908.300049000  8.300000000 -0.005067028570
908.325012000  8.300000000 -0.004411224740
908.350037000  8.300000000 -0.003795087340
908.375000000  8.300000000 -0.003218537200
908.400024000  8.300000000 -0.002681201790
908.425049000  8.300000000 -0.002182444090
908.450012000  8.300000000 -0.001721381210
908.475037000  8.300000000 -0.001296921630
908.500000000  8.300000000 -0.000907790731
908.525024000  8.300000000 -0.000552568003
908.550049000  8.300000000 -0.000229723140
908.575012000  8.300000000 0.000062336010
908.600037000  8.300000000 0.000325236208
908.625000000  8.300000000 0.000560591870
908.650024000  8.300000000 0.000769981358
908.675049000  8.300000000 0.000954915187
908.700012000  8.300000000 0.001116824220
908.725037000  8.300000000 0.001257009690
908.750000000  8.300000000 0.001376662520
908.775024000  8.300000000 0.001476834180
908.800049000  8.300000000 0.001558432700
908.825012000  8.300000000 0.001622228650
908.850037000  8.300000000 0.001668838900
908.875000000  8.300000000 0.001698750650
908.900024000  8.300000000 0.001712323170
908.925049000  8.300000000 0.001709812090
908.950012000  8.300000000 0.001691362470
908.975037000  8.300000000 0.001657042770
909.000000000  8.300000000 0.001606836920
909.025024000  8.300000000 0.001540663070
909.050049000  8.300000000 0.001458383400
909.075012000  8.300000000 0.001359804180
909.100037000  8.300000000 0.001244691080
909.125000000  8.300000000 0.001112766910
909.150024000  8.300000000 0.000963719329
909.175049000  8.300000000 0.000797209213
909.200012000  8.300000000 0.000612869509
909.225037000  8.300000000 0.000410298613
909.250000000  8.300000000 0.000189079539
909.275024000  8.300000000 -0.000051227602
909.300049000  8.300000000 -0.000311077951
909.325012000  8.300000000 -0.000590940530
909.350037000  8.300000000 -0.000891287986
909.375000000  8.300000000 -0.001212581640
909.400024000  8.300000000 -0.001555264000
909.425049000  8.300000000 -0.001919750240
909.450012000  8.300000000 -0.002306396610
909.475037000  8.300000000 -0.002715494250
909.500000000  8.300000000 -0.003147250970
909.525024000  8.300000000 -0.003601772250
909.550049000  8.300000000 -0.004079032220
909.575012000  8.300000000 -0.004578885620
909.600037000  8.300000000 -0.005101031620
909.625000000  8.300000000 -0.005645035300
909.650024000  8.300000000 -0.006210289430
909.675049000  8.300000000 -0.006796024270
909.700012000  8.300000000 -0.007401302920
909.725037000  8.300000000 -0.008025029670
909.750000000  8.300000000 -0.008665931410
909.775024000  8.300000000 -0.009322565980
909.800049000  8.300000000 -0.009993317540
909.825012000  8.300000000 -0.010676416600
909.850037000  8.300000000 -0.011369930600
909.875000000  8.300000000 -0.012071793900
909.900024000  8.300000000 -0.012779771400
909.925049000  8.300000000 -0.013491521600
909.950012000  8.300000000 -0.014204565400
909.975037000  8.300000000 -0.014916303600
910.000000000  8.300000000 -0.015624034200
910.025024000  8.300000000 -0.016324985800
910.050049000  8.300000000 -0.017016280400
910.075012000  8.300000000 -0.017694989200
910.100037000  8.300000000 -0.018358141200
910.125000000  8.300000000 -0.019002726300
910.150024000  8.300000000 -0.019625743900
910.175049000  8.300000000 -0.020224193100
910.200012000  8.300000000 -0.020795108800
910.225037000  8.300000000 -0.021335626000
910.250000000  8.300000000 -0.021842921200
910.275024000  8.300000000 -0.022314271000
910.300049000  8.300000000 -0.022747099400
910.325012000  8.300000000 -0.023138932900
910.350037000  8.300000000 -0.023487459900
910.375000000  8.300000000 -0.023790525300
910.400024000  8.300000000 -0.024046104400
910.425049000  8.300000000 -0.024252370000
910.450012000  8.300000000 -0.024407640100
910.475037000  8.300000000 -0.024510411500
910.500000000  8.300000000 -0.024559354400
910.525024000  8.300000000 -0.024553351100
910.550049000  8.300000000 -0.024491457300
910.575012000  8.300000000 -0.024372935300
910.600037000  8.300000000 -0.024197273000
910.625000000  8.300000000 -0.023964155500
910.650024000  8.300000000 -0.023673467300
910.675049000  8.300000000 -0.023325329600
910.700012000  8.300000000 -0.022920066500
910.725037000  8.300000000 -0.022458234800
910.750000000  8.300000000 -0.021940602000
910.775024000  8.300000000 -0.021368170200
910.800049000  8.300000000 -0.020742144400
910.825012000  8.300000000 -0.020063990700
910.850037000  8.300000000 -0.019335357500
910.875000000  8.300000000 -0.018558168800
910.900024000  8.300000000 -0.017734548100
910.925049000  8.300000000 -0.016866870200
910.950012000  8.300000000 -0.015957705700
910.975037000  8.300000000 -0.015009854000
911.000000000  8.300000000 -0.014026341000
911.025024000  8.300000000 -0.013010390100
911.050049000  8.300000000 -0.011965420100
911.075012000  8.300000000 -0.010895052900
911.100037000  8.300000000 -0.009803073480
911.125000000  8.300000000 -0.008693418470
911.150024000  8.300000000 -0.007570175450
911.175049000  8.300000000 -0.006437532140
911.200012000  8.300000000 -0.005299767940
911.225037000  8.300000000 -0.004161219110
911.250000000  8.300000000 -0.003026241200
911.275024000  8.300000000 -0.001899199680
911.300049000  8.300000000 -0.000784412376
911.325012000  8.300000000 0.000313854078
911.350037000  8.300000000 0.001391433180
911.375000000  8.300000000 0.002444284740
911.400024000  8.300000000 0.003468531650
911.425049000  8.300000000 0.004460473540
911.450012000  8.300000000 0.005416640550
911.475037000  8.300000000 0.006333798170
911.500000000  8.300000000 0.007208969440
911.525024000  8.300000000 0.008039454000
911.550049000  8.300000000 0.008822850880
911.575012000  8.300000000 0.009557067420
911.600037000  8.300000000 0.010240340600
911.625000000  8.300000000 0.010871226000
911.650024000  8.300000000 0.011448620800
911.675049000  8.300000000 0.011971732600
911.700012000  8.300000000 0.012440101200
911.725037000  8.300000000 0.012853580500
911.750000000  8.300000000 0.013212315700
911.775024000  8.300000000 0.013516754800
911.800049000  8.300000000 0.013767600100
911.825012000  8.300000000 0.013965805100
911.850037000  8.300000000 0.014112539600
911.875000000  8.300000000 0.014209193200
911.900024000  8.300000000 0.014257342600
911.925049000  8.300000000 0.014258733000
911.950012000  8.300000000 0.014215260700
911.975037000  8.300000000 0.014128960700
912.000000000  8.300000000 0.014001978600
912.025024000  8.300000000 0.013836550500
912.050049000  8.300000000 0.013634990000
912.075012000  8.300000000 0.013399704400
912.100037000  8.300000000 0.013133138400
912.125000000  8.300000000 0.012837794600
912.150024000  8.300000000 0.012516221000
912.175049000  8.300000000 0.012170992800
912.200012000  8.300000000 0.011804720400
912.225037000  8.300000000 0.011420040400
912.250000000  8.300000000 0.011019601500
912.275024000  8.300000000 0.010606057900
912.300049000  8.300000000 0.010182048200
912.325012000  8.300000000 0.009750169700
912.350037000  8.300000000 0.009312977080
912.375000000  8.300000000 0.008872931820
912.400024000  8.300000000 0.008432389240
912.425049000  8.300000000 0.007993588220
912.450012000  8.300000000 0.007558595850
912.475037000  8.300000000 0.007129310160
912.500000000  8.300000000 0.006707421040
912.525024000  8.300000000 0.006294386000
912.550049000  8.300000000 0.005891442300
912.575012000  8.300000000 0.005499541760
912.600037000  8.300000000 0.005119391720
912.625000000  8.300000000 0.004751411270
912.650024000  8.300000000 0.004395747090
912.675049000  8.300000000 0.004052270670
912.700012000  8.300000000 0.003720578970
912.725037000  8.300000000 0.003400018900
912.750000000  8.300000000 0.003089703390
912.775024000  8.300000000 0.002788525310
912.800049000  8.300000000 0.002495182680
912.825012000  8.300000000 0.002208201680
912.850037000  8.300000000 0.001925951220
912.875000000  8.300000000 0.001646689720
912.900024000  8.300000000 0.001368571420
912.925049000  8.300000000 0.001089671980
912.950012000  8.300000000 0.000808022101
912.975037000  8.300000000 0.000521619979
913.000000000  8.300000000 0.000228466059
913.025024000  8.300000000 -0.000073438430
913.050049000  8.300000000 -0.000386057334
913.075012000  8.300000000 -0.000711331551
913.100037000  8.300000000 -0.001051150610
913.125000000  8.300000000 -0.001407360540
913.150024000  8.300000000 -0.001781749660
913.175049000  8.300000000 -0.002176053590
913.200012000  8.300000000 -0.002591942900
913.225037000  8.300000000 -0.003031025180
913.250000000  8.300000000 -0.003494847100
913.275024000  8.300000000 -0.003984901590
913.300049000  8.300000000 -0.004502617290
913.325012000  8.300000000 -0.005049360450
913.350037000  8.300000000 -0.005626442840
913.375000000  8.300000000 -0.006235101730
913.400024000  8.300000000 -0.006876498460
913.425049000  8.300000000 -0.007551714310
913.450012000  8.300000000 -0.008261728100
913.475037000  8.300000000 -0.009007417600
913.500000000  8.300000000 -0.009789527390
913.525024000  8.300000000 -0.010608649800
913.550049000  8.300000000 -0.011465227200
913.575012000  8.300000000 -0.012359520400
913.600037000  8.300000000 -0.013291607600
913.625000000  8.300000000 -0.014261364900
913.650024000  8.300000000 -0.015268452500
913.675049000  8.300000000 -0.016312314200
913.700012000  8.300000000 -0.017392152900
913.725037000  8.300000000 -0.018506912500
913.750000000  8.300000000 -0.019655281700
913.775024000  8.300000000 -0.020835682700
913.800049000  8.300000000 -0.022046243800
913.825012000  8.300000000 -0.023284826400
913.850037000  8.300000000 -0.024549018600
913.875000000  8.300000000 -0.025836112000
913.900024000  8.300000000 -0.027143172900
913.925049000  8.300000000 -0.028466997700
913.950012000  8.300000000 -0.029804181300
913.975037000  8.300000000 -0.031151117800
914.000000000  8.300000000 -0.032504029600
914.025024000  8.300000000 -0.033859010800
914.050049000  8.300000000 -0.035212028800
914.075012000  8.300000000 -0.036559004300
914.100037000  8.300000000 -0.037895776300
914.125000000  8.300000000 -0.039218183600
914.150024000  8.300000000 -0.040522094800
914.175049000  8.300000000 -0.041803393500
914.200012000  8.300000000 -0.043058067600
914.225037000  8.300000000 -0.044282212900
914.250000000  8.300000000 -0.045472040800
914.275024000  8.300000000 -0.046623930300
914.300049000  8.300000000 -0.047734405800
914.325012000  8.300000000 -0.048800226300
914.350037000  8.300000000 -0.049818299700
914.375000000  8.300000000 -0.050785783700
914.400024000  8.300000000 -0.051700022100
914.425049000  8.300000000 -0.052558612100
914.450012000  8.300000000 -0.053359363200
914.475037000  8.300000000 -0.054100323500
914.500000000  8.300000000 -0.054779768000
914.525024000  8.300000000 -0.055396195500
914.550049000  8.300000000 -0.055948339400
914.575012000  8.300000000 -0.056435138000
914.600037000  8.300000000 -0.056855708400
914.625000000  8.300000000 -0.057209402300
914.650024000  8.300000000 -0.057495690900
914.675049000  8.300000000 -0.057714246200
914.700012000  8.300000000 -0.057864848500
914.725037000  8.300000000 -0.057947427000
914.750000000  8.300000000 -0.057962033900
914.775024000  8.300000000 -0.057908747300
914.800049000  8.300000000 -0.057787839300
914.825012000  8.300000000 -0.057599529600
914.850037000  8.300000000 -0.057344194500
914.875000000  8.300000000 -0.057022262400
914.900024000  8.300000000 -0.056634172800
914.925049000  8.300000000 -0.056180506900
914.950012000  8.300000000 -0.055661879500
914.975037000  8.300000000 -0.055079005700
915.000000000  8.300000000 -0.054432660300
915.025024000  8.300000000 -0.053723741300
915.050049000  8.300000000 -0.052953232100
915.075012000  8.300000000 -0.052122235300
915.100037000  8.300000000 -0.051231954200
915.125000000  8.300000000 -0.050283711400
915.150024000  8.300000000 -0.049278970800
915.175049000  8.300000000 -0.048219282200
915.200012000  8.300000000 -0.047106355400
915.225037000  8.300000000 -0.045942027100
915.250000000  8.300000000 -0.044728264200
915.275024000  8.300000000 -0.043467145400
915.300049000  8.300000000 -0.042160917100
915.325012000  8.300000000 -0.040811918700
915.350037000  8.300000000 -0.039422653600
915.375000000  8.300000000 -0.037995759400
915.400024000  8.300000000 -0.036533989000
915.425049000  8.300000000 -0.035040222100
915.450012000  8.300000000 -0.033517438900
915.475037000  8.300000000 -0.031968753800
915.500000000  8.300000000 -0.030397383500
915.525024000  8.300000000 -0.028806628700
915.550049000  8.300000000 -0.027199884900
915.575012000  8.300000000 -0.025580642700
915.600037000  8.300000000 -0.023952458100
915.625000000  8.300000000 -0.022318964800
915.650024000  8.300000000 -0.020683834300
915.675049000  8.300000000 -0.019050760200
915.700012000  8.300000000 -0.017423449100
915.725037000  8.300000000 -0.015805559200
915.750000000  8.300000000 -0.014200730200
915.775024000  8.300000000 -0.012612478800
915.800049000  8.300000000 -0.011044221900
915.825012000  8.300000000 -0.009499236010
915.850037000  8.300000000 -0.007980634460
915.875000000  8.300000000 -0.006491333250
915.900024000  8.300000000 -0.005034042060
915.925049000  8.300000000 -0.003611236810
915.950012000  8.300000000 -0.002225130560
915.975037000  8.300000000 -0.000877668674
916.000000000  8.300000000 0.000429502979
916.025024000  8.300000000 0.001695027810
916.050049000  8.300000000 0.002917848760
916.075012000  8.300000000 0.004097219560
916.100037000  8.300000000 0.005232681520
916.125000000  8.300000000 0.006324072830
916.150024000  8.300000000 0.007371515040
916.175049000  8.300000000 0.008375402540
916.200012000  8.300000000 0.009336372840
916.225037000  8.300000000 0.010255307900
916.250000000  8.300000000 0.011133313200
916.275024000  8.300000000 0.011971691600
916.300049000  8.300000000 0.012771920300
916.325012000  8.300000000 0.013535616000
916.350037000  8.300000000 0.014264521200
916.375000000  8.300000000 0.014960455700
916.400024000  8.300000000 0.015625296200
916.425049000  8.300000000 0.016260946200
916.450012000  8.300000000 0.016869306600
916.475037000  8.300000000 0.017452232500
916.500000000  8.300000000 0.018011525300
916.525024000  8.300000000 0.018548900300
916.550049000  8.300000000 0.019065955700
916.575012000  8.300000000 0.019564159200
916.600037000  8.300000000 0.020044827800
916.625000000  8.300000000 0.020509105200
916.650024000  8.300000000 0.020957980300
916.675049000  8.300000000 0.021392254200
916.700012000  8.300000000 0.021812565600
916.725037000  8.300000000 0.022219404600
916.750000000  8.300000000 0.022613095100
916.775024000  8.300000000 0.022993834700
916.800049000  8.300000000 0.023361714600
916.825012000  8.300000000 0.023716727300
916.850037000  8.300000000 0.024058794600
916.875000000  8.300000000 0.024387778700
916.900024000  8.300000000 0.024703528700
916.925049000  8.300000000 0.025005869600
916.950012000  8.300000000 0.025294655900
916.975037000  8.300000000 0.025569777900
917.000000000  8.300000000 0.025831174100
917.025024000  8.300000000 0.026078844400
917.050049000  8.300000000 0.026312867200
917.075012000  8.300000000 0.026533432300
917.100037000  8.300000000 0.026740783800
917.125000000  8.300000000 0.026935277500
917.150024000  8.300000000 0.027117332400
917.175049000  8.300000000 0.027287455300
917.200012000  8.300000000 0.027446236500
917.225037000  8.300000000 0.027594313000
917.250000000  8.300000000 0.027732377900
917.275024000  8.300000000 0.027861183500
917.300049000  8.300000000 0.027981508500
917.325012000  8.300000000 0.028094165000
917.350037000  8.300000000 0.028199998700
917.375000000  8.300000000 0.028299856900
917.400024000  8.300000000 0.028394581800
917.425049000  8.300000000 0.028485007600
917.450012000  8.300000000 0.028571924200
917.475037000  8.300000000 0.028656089700
917.500000000  8.300000000 0.028738182000
917.525024000  8.300000000 0.028818825300
917.550049000  8.300000000 0.028898516700
917.575012000  8.300000000 0.028977667900
917.600037000  8.300000000 0.029056554700
917.625000000  8.300000000 0.029135312900
917.650024000  8.300000000 0.029213963100
917.675049000  8.300000000 0.029292356200
917.700012000  8.300000000 0.029370196200
917.725037000  8.300000000 0.029447071300
917.750000000  8.300000000 0.029522398500
917.775024000  8.300000000 0.029595509200
917.800049000  8.300000000 0.029665624700
917.825012000  8.300000000 0.029731858500
917.850037000  8.300000000 0.029793303500
917.875000000  8.300000000 0.029849054300
917.900024000  8.300000000 0.029898161100
917.925049000  8.300000000 0.029939776300
917.950012000  8.300000000 0.029973100900
917.975037000  8.300000000 0.029997456800
918.000000000  8.300000000 0.030012290900
918.025024000  8.300000000 0.030017228800
918.050049000  8.300000000 0.030012058100
918.075012000  8.300000000 0.029996765800
918.100037000  8.300000000 0.029971540000
918.125000000  8.300000000 0.029936764400
918.150024000  8.300000000 0.029893038800
918.175049000  8.300000000 0.029841149200
918.200012000  8.300000000 0.029782071700
918.225037000  8.300000000 0.029716953600
918.250000000  8.300000000 0.029647124900
918.275024000  8.300000000 0.029574042200
918.300049000  8.300000000 0.029499281200
918.325012000  8.300000000 0.029424563100
918.350037000  8.300000000 0.029351679600
918.375000000  8.300000000 0.029282508400
918.400024000  8.300000000 0.029218990400
918.425049000  8.300000000 0.029163086800
918.450012000  8.300000000 0.029116798200
918.475037000  8.300000000 0.029082099000
918.500000000  8.300000000 0.029060928200
918.525024000  8.300000000 0.029055172600
918.550049000  8.300000000 0.029066661400
918.575012000  8.300000000 0.029097078400
918.600037000  8.300000000 0.029148023600
918.625000000  8.300000000 0.029220972200
918.650024000  8.300000000 0.029317252300
918.675049000  8.300000000 0.029438039300
918.700012000  8.300000000 0.029584376100
918.725037000  8.300000000 0.029757114100
918.750000000  8.300000000 0.029956944300
918.775024000  8.300000000 0.030184406800
918.800049000  8.300000000 0.030439809000
918.825012000  8.300000000 0.030723333400
918.850037000  8.300000000 0.031034946400
918.875000000  8.300000000 0.031374443300
918.900024000  8.300000000 0.031741410500
918.925049000  8.300000000 0.032135255600
918.950012000  8.300000000 0.032555196400
918.975037000  8.300000000 0.033000260600
919.000000000  8.300000000 0.033469293300
919.025024000  8.300000000 0.033960979400
919.050049000  8.300000000 0.034473836400
919.075012000  8.300000000 0.035006210200
919.100037000  8.300000000 0.035556316400
919.125000000  8.300000000 0.036122258800
919.150024000  8.300000000 0.036702025700
919.175049000  8.300000000 0.037293482600
919.200012000  8.300000000 0.037894468800
919.225037000  8.300000000 0.038502730400
919.250000000  8.300000000 0.039115987700
919.275024000  8.300000000 0.039731916000
919.300049000  8.300000000 0.040348205700
919.325012000  8.300000000 0.040962539600
919.350037000  8.300000000 0.041572593200
919.375000000  8.300000000 0.042176116300
919.400024000  8.300000000 0.042770877500
919.425049000  8.300000000 0.043354727300
919.450012000  8.300000000 0.043925587100
919.475037000  8.300000000 0.044481437700
919.500000000  8.300000000 0.045020390300
919.525024000  8.300000000 0.045540627100
919.550049000  8.300000000 0.046040438100
919.575012000  8.300000000 0.046518210300
919.600037000  8.300000000 0.046972461000
919.625000000  8.300000000 0.047401770900
919.650024000  8.300000000 0.047804828700
919.675049000  8.300000000 0.048180431100
919.700012000  8.300000000 0.048527453100
919.725037000  8.300000000 0.048844851600
919.750000000  8.300000000 0.049131687700
919.775024000  8.300000000 0.049387101100
919.800049000  8.300000000 0.049610320500
919.825012000  8.300000000 0.049800664200
919.850037000  8.300000000 0.049957510100
919.875000000  8.300000000 0.050080336600
919.900024000  8.300000000 0.050168637200
919.925049000  8.300000000 0.050221998200
919.950012000  8.300000000 0.050240051000
919.975037000  8.300000000 0.050222452700
920.000000000  8.300000000 0.050168883100
920.025024000  8.300000000 0.050079092400
920.050049000  8.300000000 0.049952816200
920.075012000  8.300000000 0.049789745400
920.100037000  8.300000000 0.049589619000
920.125000000  8.300000000 0.049352139200
920.150024000  8.300000000 0.049076929700
920.175049000  8.300000000 0.048763606700
920.200012000  8.300000000 0.048411700900
920.225037000  8.300000000 0.048020683200
920.250000000  8.300000000 0.047589961400
920.275024000  8.300000000 0.047118846300
920.300049000  8.300000000 0.046606622600
920.325012000  8.300000000 0.046052493200
920.350037000  8.300000000 0.045455679300
920.375000000  8.300000000 0.044815324200
920.400024000  8.300000000 0.044130642000
920.425049000  8.300000000 0.043400853900
920.450012000  8.300000000 0.042625259600
920.475037000  8.300000000 0.041803240800
920.500000000  8.300000000 0.040934320500
920.525024000  8.300000000 0.040018189700
920.550049000  8.300000000 0.039054688100
920.575012000  8.300000000 0.038043867800
920.600037000  8.300000000 0.036986041800
920.625000000  8.300000000 0.035881761500
920.650024000  8.300000000 0.034731842600
920.675049000  8.300000000 0.033537365500
920.700012000  8.300000000 0.032299723500
920.725037000  8.300000000 0.031020574300
920.750000000  8.300000000 0.029701864300
920.775024000  8.300000000 0.028345825200
920.800049000  8.300000000 0.026954982400
920.825012000  8.300000000 0.025532124600
920.850037000  8.300000000 0.024080317500
920.875000000  8.300000000 0.022602884100
920.900024000  8.300000000 0.021103370900
920.925049000  8.300000000 0.019585549800
920.950012000  8.300000000 0.018053377000
920.975037000  8.300000000 0.016510995100
921.000000000  8.300000000 0.014962676900
921.025024000  8.300000000 0.013412827600
921.050049000  8.300000000 0.011865926000
921.075012000  8.300000000 0.010326514000
921.100037000  8.300000000 0.008799171080
921.125000000  8.300000000 0.007288466210
921.150024000  8.300000000 0.005798955450
921.175049000  8.300000000 0.004335146400
921.200012000  8.300000000 0.002901473080
921.225037000  8.300000000 0.001502276170
921.250000000  8.300000000 0.000141792407
921.275024000  8.300000000 -0.001175875660
921.300049000  8.300000000 -0.002446760190
921.325012000  8.300000000 -0.003667055860
921.350037000  8.300000000 -0.004833132960
921.375000000  8.300000000 -0.005941569810
921.400024000  8.300000000 -0.006989161020
921.425049000  8.300000000 -0.007972943600
921.450012000  8.300000000 -0.008890209720
921.475037000  8.300000000 -0.009738548660
921.500000000  8.300000000 -0.010515858400
921.525024000  8.300000000 -0.011220379700
921.550049000  8.300000000 -0.011850721200
921.575012000  8.300000000 -0.012405868600
921.600037000  8.300000000 -0.012885225000
921.625000000  8.300000000 -0.013288588300
921.650024000  8.300000000 -0.013616178200
921.675049000  8.300000000 -0.013868619700
921.700012000  8.300000000 -0.014046943700
921.725037000  8.300000000 -0.014152574400
921.750000000  8.300000000 -0.014187295900
921.775024000  8.300000000 -0.014153239300
921.800049000  8.300000000 -0.014052860400
921.825012000  8.300000000 -0.013888875000
921.850037000  8.300000000 -0.013664271700
921.875000000  8.300000000 -0.013382242100
921.900024000  8.300000000 -0.013046152900
921.925049000  8.300000000 -0.012659513400
921.950012000  8.300000000 -0.012225918500
921.975037000  8.300000000 -0.011749022600
922.000000000  8.300000000 -0.011232498100
922.025024000  8.300000000 -0.010680007700
922.050049000  8.300000000 -0.010095165100
922.075012000  8.300000000 -0.009481509220
922.100037000  8.300000000 -0.008842495270
922.125000000  8.300000000 -0.008181462060
922.150024000  8.300000000 -0.007501605900
922.175049000  8.300000000 -0.006805970800
922.200012000  8.300000000 -0.006097432690
922.225037000  8.300000000 -0.005378688690
922.250000000  8.300000000 -0.004652256150
922.275024000  8.300000000 -0.003920468970
922.300049000  8.300000000 -0.003185471750
922.325012000  8.300000000 -0.002449225870
922.350037000  8.300000000 -0.001713501990
922.375000000  8.300000000 -0.000979888020
922.400024000  8.300000000 -0.000249795936
922.425049000  8.300000000 0.000475533307
922.450012000  8.300000000 0.001195019810
922.475037000  8.300000000 0.001907744680
922.500000000  8.300000000 0.002612922110
922.525024000  8.300000000 0.003309881550
922.550049000  8.300000000 0.003998067700
922.575012000  8.300000000 0.004676983230
922.600037000  8.300000000 0.005346206020
922.625000000  8.300000000 0.006005358420
922.650024000  8.300000000 0.006654057650
922.675049000  8.300000000 0.007291940970
922.700012000  8.300000000 0.007918609310
922.725037000  8.300000000 0.008533637970
922.750000000  8.300000000 0.009136530570
922.775024000  8.300000000 0.009726723660
922.800049000  8.300000000 0.010303557900
922.825012000  8.300000000 0.010866271300
922.850037000  8.300000000 0.011413968200
922.875000000  8.300000000 0.011945635100
922.900024000  8.300000000 0.012460115400
922.925049000  8.300000000 0.012956125700
922.950012000  8.300000000 0.013432241000
922.975037000  8.300000000 0.013886921100
923.000000000  8.300000000 0.014318503400
923.025024000  8.300000000 0.014725255800
923.050049000  8.300000000 0.015105367600
923.075012000  8.300000000 0.015456995000
923.100037000  8.300000000 0.015778264000
923.125000000  8.300000000 0.016067333500
923.150024000  8.300000000 0.016322396700
923.175049000  8.300000000 0.016541721300
923.200012000  8.300000000 0.016723679400
923.225037000  8.300000000 0.016866767800
923.250000000  8.300000000 0.016969649100
923.275024000  8.300000000 0.017031157400
923.300049000  8.300000000 0.017050331500
923.325012000  8.300000000 0.017026415100
923.350037000  8.300000000 0.016958877400
923.375000000  8.300000000 0.016847407400
923.400024000  8.300000000 0.016691934300
923.425049000  8.300000000 0.016492603300
923.450012000  8.300000000 0.016249794500
923.475037000  8.300000000 0.015964103900
923.500000000  8.300000000 0.015636337900
923.525024000  8.300000000 0.015267522100
923.550049000  8.300000000 0.014858859600
923.575012000  8.300000000 0.014411757700
923.600037000  8.300000000 0.013927796900
923.625000000  8.300000000 0.013408714900
923.650024000  8.300000000 0.012856408000
923.675049000  8.300000000 0.012272897200
923.700012000  8.300000000 0.011660334700
923.725037000  8.300000000 0.011020971500
923.750000000  8.300000000 0.010357142400
923.775024000  8.300000000 0.009671260600
923.800049000  8.300000000 0.008965774440
923.825012000  8.300000000 0.008243162180
923.850037000  8.300000000 0.007505902550
923.875000000  8.300000000 0.006756456570
923.900024000  8.300000000 0.005997226110
923.925049000  8.300000000 0.005230577200
923.950012000  8.300000000 0.004458784130
923.975037000  8.300000000 0.003684032240
924.000000000  8.300000000 0.002908388850
924.025024000  8.300000000 0.002133782490
924.050049000  8.300000000 0.001361992330
924.075012000  8.300000000 0.000594628218
924.100037000  8.300000000 -0.000166880054
924.125000000  8.300000000 -0.000921291474
924.150024000  8.300000000 -0.001667566950
924.175049000  8.300000000 -0.002404860220
924.200012000  8.300000000 -0.003132538870
924.225037000  8.300000000 -0.003850182520
924.250000000  8.300000000 -0.004557565320
924.275024000  8.300000000 -0.005254653280
924.300049000  8.300000000 -0.005941621490
924.325012000  8.300000000 -0.006618797780
924.350037000  8.300000000 -0.007286693900
924.375000000  8.300000000 -0.007945951070
924.400024000  8.300000000 -0.008597334850
924.425049000  8.300000000 -0.009241714140
924.450012000  8.300000000 -0.009880025870
924.475037000  8.300000000 -0.010513261900
924.500000000  8.300000000 -0.011142458800
924.525024000  8.300000000 -0.011768675400
924.550049000  8.300000000 -0.012392954900
924.575012000  8.300000000 -0.013016319800
924.600037000  8.300000000 -0.013639751800
924.625000000  8.300000000 -0.014264179400
924.650024000  8.300000000 -0.014890465000
924.675049000  8.300000000 -0.015519374100
924.700012000  8.300000000 -0.016151603300
924.725037000  8.300000000 -0.016787748800
924.750000000  8.300000000 -0.017428292000
924.775024000  8.300000000 -0.018073644500
924.800049000  8.300000000 -0.018724089500
924.825012000  8.300000000 -0.019379830000
924.850037000  8.300000000 -0.020040957300
924.875000000  8.300000000 -0.020707462000
924.900024000  8.300000000 -0.021379247300
924.925049000  8.300000000 -0.022056108300
924.950012000  8.300000000 -0.022737762000
924.975037000  8.300000000 -0.023423815100
925.000000000  8.300000000 -0.024113794800
925.025024000  8.300000000 -0.024807140200
925.050049000  8.300000000 -0.025503197700
925.075012000  8.300000000 -0.026201240700
925.100037000  8.300000000 -0.026900451600
925.125000000  8.300000000 -0.027599943800
925.150024000  8.300000000 -0.028298756100
925.175049000  8.300000000 -0.028995858500
925.200012000  8.300000000 -0.029690178100
925.225037000  8.300000000 -0.030380591800
925.250000000  8.300000000 -0.031065935300
925.275024000  8.300000000 -0.031744990500
925.300049000  8.300000000 -0.032416522500
925.325012000  8.300000000 -0.033079247900
925.350037000  8.300000000 -0.033731866600
925.375000000  8.300000000 -0.034373045000
925.400024000  8.300000000 -0.035001404600
925.425049000  8.300000000 -0.035615570800
925.450012000  8.300000000 -0.036214131900
925.475037000  8.300000000 -0.036795627300
925.500000000  8.300000000 -0.037358600600
925.525024000  8.300000000 -0.037901543100
925.550049000  8.300000000 -0.038422945900
925.575012000  8.300000000 -0.038921251900
925.600037000  8.300000000 -0.039394903900
925.625000000  8.300000000 -0.039842322500
925.650024000  8.300000000 -0.040261924300
925.675049000  8.300000000 -0.040652133500
925.700012000  8.300000000 -0.041011381900
925.725037000  8.300000000 -0.041338127100
925.750000000  8.300000000 -0.041630856700
925.775024000  8.300000000 -0.041888140100
925.800049000  8.300000000 -0.042108591600
925.825012000  8.300000000 -0.042290903600
925.850037000  8.300000000 -0.042433898900
925.875000000  8.300000000 -0.042536456100
925.900024000  8.300000000 -0.042597625400
925.925049000  8.300000000 -0.042616549900
925.950012000  8.300000000 -0.042592521800
925.975037000  8.300000000 -0.042524963600
926.000000000  8.300000000 -0.042413458200
926.025024000  8.300000000 -0.042257726200
926.050049000  8.300000000 -0.042057637100
926.075012000  8.300000000 -0.041813217100
926.100037000  8.300000000 -0.041524637500
926.125000000  8.300000000 -0.041192211200
926.150024000  8.300000000 -0.040816433700
926.175049000  8.300000000 -0.040397912300
926.200012000  8.300000000 -0.039937440300
926.225037000  8.300000000 -0.039435919400
926.250000000  8.300000000 -0.038894452200
926.275024000  8.300000000 -0.038314212100
926.300049000  8.300000000 -0.037696555300
926.325012000  8.300000000 -0.037042923300
926.350037000  8.300000000 -0.036354877100
926.375000000  8.300000000 -0.035634063200
926.400024000  8.300000000 -0.034882240000
926.425049000  8.300000000 -0.034101199400
926.450012000  8.300000000 -0.033292822500
926.475037000  8.300000000 -0.032459039200
926.500000000  8.300000000 -0.031601816400
926.525024000  8.300000000 -0.030723182500
926.550049000  8.300000000 -0.029825218000
926.575012000  8.300000000 -0.028910046400
926.600037000  8.300000000 -0.027979865700
926.625000000  8.300000000 -0.027036938800
926.650024000  8.300000000 -0.026083612800
926.675049000  8.300000000 -0.025122305400
926.700012000  8.300000000 -0.024155529200
926.725037000  8.300000000 -0.023185873400
926.750000000  8.300000000 -0.022216010800
926.775024000  8.300000000 -0.021248726200
926.800049000  8.300000000 -0.020286859900
926.825012000  8.300000000 -0.019333357000
926.850037000  8.300000000 -0.018391197500
926.875000000  8.300000000 -0.017463427000
926.900024000  8.300000000 -0.016553111400
926.925049000  8.300000000 -0.015663325800
926.950012000  8.300000000 -0.014797117600
926.975037000  8.300000000 -0.013957487400
927.000000000  8.300000000 -0.013147361600
927.025024000  8.300000000 -0.012369556400
927.050049000  8.300000000 -0.011626738100
927.075012000  8.300000000 -0.010921418700
927.100037000  8.300000000 -0.010255890900
927.125000000  8.300000000 -0.009632223290
927.150024000  8.300000000 -0.009052232840
927.175049000  8.300000000 -0.008517427370
927.200012000  8.300000000 -0.008029051130
927.225037000  8.300000000 -0.007588001900
927.250000000  8.300000000 -0.007194870620
927.275024000  8.300000000 -0.006849891510
927.300049000  8.300000000 -0.006552970970
927.325012000  8.300000000 -0.006303686180
927.350037000  8.300000000 -0.006101267410
927.375000000  8.300000000 -0.005944652480
927.400024000  8.300000000 -0.005832459780
927.425049000  8.300000000 -0.005763039460
927.450012000  8.300000000 -0.005734459030
927.475037000  8.300000000 -0.005744575060
927.500000000  8.300000000 -0.005791015460
927.525024000  8.300000000 -0.005871253090
927.550049000  8.300000000 -0.005982611330
927.575012000  8.300000000 -0.006122327410
927.600037000  8.300000000 -0.006287571970
927.625000000  8.300000000 -0.006475487260
927.650024000  8.300000000 -0.006683207120
927.675049000  8.300000000 -0.006907878910
927.700012000  8.300000000 -0.007146701680
927.725037000  8.300000000 -0.007396915460
927.750000000  8.300000000 -0.007655845960
927.775024000  8.300000000 -0.007920888250
927.800049000  8.300000000 -0.008189543150
927.825012000  8.300000000 -0.008459412490
927.850037000  8.300000000 -0.008728185670
927.875000000  8.300000000 -0.008993678730
927.900024000  8.300000000 -0.009253798050
927.925049000  8.300000000 -0.009506552480
927.950012000  8.300000000 -0.009750058870
927.975037000  8.300000000 -0.009982531890
928.000000000  8.300000000 -0.010202296100
928.025024000  8.300000000 -0.010407795200
928.050049000  8.300000000 -0.010597568900
928.075012000  8.300000000 -0.010770281800
928.100037000  8.300000000 -0.010924696900
928.125000000  8.300000000 -0.011059681000
928.150024000  8.300000000 -0.011174212200
928.175049000  8.300000000 -0.011267383600
928.200012000  8.300000000 -0.011338399700
928.225037000  8.300000000 -0.011386591000
928.250000000  8.300000000 -0.011411415400
928.275024000  8.300000000 -0.011412461300
928.300049000  8.300000000 -0.011389465100
928.325012000  8.300000000 -0.011342301000
928.350037000  8.300000000 -0.011271015700
928.375000000  8.300000000 -0.011175815000
928.400024000  8.300000000 -0.011057079800
928.425049000  8.300000000 -0.010915379000
928.450012000  8.300000000 -0.010751468100
928.475037000  8.300000000 -0.010566291400
928.500000000  8.300000000 -0.010360972000
928.525024000  8.300000000 -0.010136840900
928.550049000  8.300000000 -0.009895391760
928.575012000  8.300000000 -0.009638302030
928.600037000  8.300000000 -0.009367399850
928.625000000  8.300000000 -0.009084669870
928.650024000  8.300000000 -0.008792227130
928.675049000  8.300000000 -0.008492287250
928.700012000  8.300000000 -0.008187156170
928.725037000  8.300000000 -0.007879177110
928.750000000  8.300000000 -0.007570737510
928.775024000  8.300000000 -0.007264182440
928.800049000  8.300000000 -0.006961827630
928.825012000  8.300000000 -0.006665894300
928.850037000  8.300000000 -0.006378483490
928.875000000  8.300000000 -0.006101543550
928.900024000  8.300000000 -0.005836839790
928.925049000  8.300000000 -0.005585934970
928.950012000  8.300000000 -0.005350176710
928.975037000  8.300000000 -0.005130666310
929.000000000  8.300000000 -0.004928264770
929.025024000  8.300000000 -0.004743597470
929.050049000  8.300000000 -0.004577021580
929.075012000  8.300000000 -0.004428654910
929.100037000  8.300000000 -0.004298377780
929.125000000  8.300000000 -0.004185835830
929.150024000  8.300000000 -0.004090470730
929.175049000  8.300000000 -0.004011506680
929.200012000  8.300000000 -0.003947997930
929.225037000  8.300000000 -0.003898839230
929.250000000  8.300000000 -0.003862775160
929.275024000  8.300000000 -0.003838425740
929.300049000  8.300000000 -0.003824338320
929.325012000  8.300000000 -0.003818986940
929.350037000  8.300000000 -0.003820823510
929.375000000  8.300000000 -0.003828285260
929.400024000  8.300000000 -0.003839839720
929.425049000  8.300000000 -0.003853997220
929.450012000  8.300000000 -0.003869340060
929.475037000  8.300000000 -0.003884539940
929.500000000  8.300000000 -0.003898378000
929.525024000  8.300000000 -0.003909752240
929.550049000  8.300000000 -0.003917719240
929.575012000  8.300000000 -0.003921472930
929.600037000  8.300000000 -0.003920372110
929.625000000  8.300000000 -0.003913954830
929.650024000  8.300000000 -0.003901901890
929.675049000  8.300000000 -0.003884086850
929.700012000  8.300000000 -0.003860536260
929.725037000  8.300000000 -0.003831428710
929.750000000  8.300000000 -0.003797095040
929.775024000  8.300000000 -0.003757998110
929.800049000  8.300000000 -0.003714743540
929.825012000  8.300000000 -0.003668043300
929.850037000  8.300000000 -0.003618733030
929.875000000  8.300000000 -0.003567726350
929.900024000  8.300000000 -0.003516046800
929.925049000  8.300000000 -0.003464755140
929.950012000  8.300000000 -0.003414969660
929.975037000  8.300000000 -0.003367834720
930.000000000  8.300000000 -0.003324498890
930.025024000  8.300000000 -0.003286105810
930.050049000  8.300000000 -0.003253798700
930.075012000  8.300000000 -0.003228669520
930.100037000  8.300000000 -0.003211797680
930.125000000  8.300000000 -0.003204222070
930.150024000  8.300000000 -0.003206939900
930.175049000  8.300000000 -0.003220912530
930.200012000  8.300000000 -0.003247049170
930.225037000  8.300000000 -0.003286210820
930.250000000  8.300000000 -0.003339219140
930.275024000  8.300000000 -0.003406842010
930.300049000  8.300000000 -0.003489789320
930.325012000  8.300000000 -0.003588728370
930.350037000  8.300000000 -0.003704260340
930.375000000  8.300000000 -0.003836920020
930.400024000  8.300000000 -0.003987193570
930.425049000  8.300000000 -0.004155471460
930.450012000  8.300000000 -0.004342069850
930.475037000  8.300000000 -0.004547190850
930.500000000  8.300000000 -0.004770932250
930.525024000  8.300000000 -0.005013271700
930.550049000  8.300000000 -0.005274045750
930.575012000  8.300000000 -0.005552947990
930.600037000  8.300000000 -0.005849513690
930.625000000  8.300000000 -0.006163112350
930.650024000  8.300000000 -0.006492926270
930.675049000  8.300000000 -0.006837938910
930.700012000  8.300000000 -0.007196934430
930.725037000  8.300000000 -0.007568506520
930.750000000  8.300000000 -0.007951058450
930.775024000  8.300000000 -0.008342796940
930.800049000  8.300000000 -0.008741767150
930.825012000  8.300000000 -0.009145841000
930.850037000  8.300000000 -0.009552752600
930.875000000  8.300000000 -0.009960101920
930.900024000  8.300000000 -0.010365387400
930.925049000  8.300000000 -0.010766015400
930.950012000  8.300000000 -0.011159347400
930.975037000  8.300000000 -0.011542713300
931.000000000  8.300000000 -0.011913449500
931.025024000  8.300000000 -0.012268907400
931.050049000  8.300000000 -0.012606501600
931.075012000  8.300000000 -0.012923703500
931.100037000  8.300000000 -0.013218084400
931.125000000  8.300000000 -0.013487309200
931.150024000  8.300000000 -0.013729168100
931.175049000  8.300000000 -0.013941586900
931.200012000  8.300000000 -0.014122637900
931.225037000  8.300000000 -0.014270520800
931.250000000  8.300000000 -0.014383608500
931.275024000  8.300000000 -0.014460424000
931.300049000  8.300000000 -0.014499641000
931.325012000  8.300000000 -0.014500097400
931.350037000  8.300000000 -0.014460777900
931.375000000  8.300000000 -0.014380830300
931.400024000  8.300000000 -0.014259533000
931.425049000  8.300000000 -0.014096323400
931.450012000  8.300000000 -0.013890790800
931.475037000  8.300000000 -0.013642663100
931.500000000  8.300000000 -0.013351835300
931.525024000  8.300000000 -0.013018346400
931.550049000  8.300000000 -0.012642396600
931.575012000  8.300000000 -0.012224358500
931.600037000  8.300000000 -0.011764744300
931.625000000  8.300000000 -0.011264246900
931.650024000  8.300000000 -0.010723702600
931.675049000  8.300000000 -0.010144119200
931.700012000  8.300000000 -0.009526643900
931.725037000  8.300000000 -0.008872576060
931.750000000  8.300000000 -0.008183347990
931.775024000  8.300000000 -0.007460511290
931.800049000  8.300000000 -0.006705719510
931.825012000  8.300000000 -0.005920745900
931.850037000  8.300000000 -0.005107433070
931.875000000  8.300000000 -0.004267717250
931.900024000  8.300000000 -0.003403591460
931.925049000  8.300000000 -0.002517114860
931.950012000  8.300000000 -0.001610393050
931.975037000  8.300000000 -0.000685564824
932.000000000  8.300000000 0.000255211227
932.025024000  8.300000000 0.001209735520
932.050049000  8.300000000 0.002175822620
932.075012000  8.300000000 0.003151271960
932.100037000  8.300000000 0.004133893640
932.125000000  8.300000000 0.005121520720
932.150024000  8.300000000 0.006112003230
932.175049000  8.300000000 0.007103213570
932.200012000  8.300000000 0.008093059990
932.225037000  8.300000000 0.009079475890
932.250000000  8.300000000 0.010060432400
932.275024000  8.300000000 0.011033916800
932.300049000  8.300000000 0.011997964200
932.325012000  8.300000000 0.012950631800
932.350037000  8.300000000 0.013890005600
932.375000000  8.300000000 0.014814191500
932.400024000  8.300000000 0.015721289400
932.425049000  8.300000000 0.016609408000
932.450012000  8.300000000 0.017476640600
932.475037000  8.300000000 0.018321069000
932.500000000  8.300000000 0.019140755800
932.525024000  8.300000000 0.019933752700
932.550049000  8.300000000 0.020698096600
932.575012000  8.300000000 0.021431811200
932.600037000  8.300000000 0.022132925700
932.625000000  8.300000000 0.022799471400
932.650024000  8.300000000 0.023429486900
932.675049000  8.300000000 0.024021055500
932.700012000  8.300000000 0.024572297900
932.725037000  8.300000000 0.025081420300
932.750000000  8.300000000 0.025546684900
932.775024000  8.300000000 0.025966484100
932.800049000  8.300000000 0.026339333500
932.825012000  8.300000000 0.026663893800
932.850037000  8.300000000 0.026938993500
932.875000000  8.300000000 0.027163649000
932.900024000  8.300000000 0.027337059400
932.925049000  8.300000000 0.027458636100
932.950012000  8.300000000 0.027528019600
932.975037000  8.300000000 0.027545075900
933.000000000  8.300000000 0.027509922200
933.025024000  8.300000000 0.027422944100
933.050049000  8.300000000 0.027284760000
933.075012000  8.300000000 0.027096286400
933.100037000  8.300000000 0.026858706000
933.125000000  8.300000000 0.026573455000
933.150024000  8.300000000 0.026242237500
933.175049000  8.300000000 0.025867005800
933.200012000  8.300000000 0.025449950200
933.225037000  8.300000000 0.024993479300
933.250000000  8.300000000 0.024500237800
933.275024000  8.300000000 0.023973034700
933.300049000  8.300000000 0.023414874400
933.325012000  8.300000000 0.022828897500
933.350037000  8.300000000 0.022218365200
933.375000000  8.300000000 0.021586613700
933.400024000  8.300000000 0.020937066500
933.425049000  8.300000000 0.020273137800
933.450012000  8.300000000 0.019598273600
933.475037000  8.300000000 0.018915891600
933.500000000  8.300000000 0.018229348600
933.525024000  8.300000000 0.017541917000
933.550049000  8.300000000 0.016856761600
933.575012000  8.300000000 0.016176931600
933.600037000  8.300000000 0.015505310100
933.625000000  8.300000000 0.014844618700
933.650024000  8.300000000 0.014197382100
933.675049000  8.300000000 0.013565941700
933.700012000  8.300000000 0.012952429200
933.725037000  8.300000000 0.012358749300
933.750000000  8.300000000 0.011786597800
933.775024000  8.300000000 0.011237432200
933.800049000  8.300000000 0.010712482000
933.825012000  8.300000000 0.010212760400
933.850037000  8.300000000 0.009739037600
933.875000000  8.300000000 0.009291874240
933.900024000  8.300000000 0.008871625180
933.925049000  8.300000000 0.008478450590
933.950012000  8.300000000 0.008112323470
933.975037000  8.300000000 0.007773065470
934.000000000  8.300000000 0.007460329680
934.025024000  8.300000000 0.007173642980
934.050049000  8.300000000 0.006912401410
934.075012000  8.300000000 0.006675908810
934.100037000  8.300000000 0.006463385190
934.125000000  8.300000000 0.006273984910
934.150024000  8.300000000 0.006106813440
934.175049000  8.300000000 0.005960931540
934.200012000  8.300000000 0.005835382730
934.225037000  8.300000000 0.005729193330
934.250000000  8.300000000 0.005641356580
934.275024000  8.300000000 0.005570883400
934.300049000  8.300000000 0.005516744220
934.325012000  8.300000000 0.005477932280
934.350037000  8.300000000 0.005453398920
934.375000000  8.300000000 0.005442084280
934.400024000  8.300000000 0.005442888010
934.425049000  8.300000000 0.005454692990
934.450012000  8.300000000 0.005476310850
934.475037000  8.300000000 0.005506514110
934.500000000  8.300000000 0.005544013810
934.525024000  8.300000000 0.005587462340
934.550049000  8.300000000 0.005635461300
934.575012000  8.300000000 0.005686542950
934.600037000  8.300000000 0.005739196670
934.625000000  8.300000000 0.005791873210
934.650024000  8.300000000 0.005842972550
934.675049000  8.300000000 0.005890896080
934.700012000  8.300000000 0.005934031680
934.725037000  8.300000000 0.005970787260
934.750000000  8.300000000 0.005999587940
934.775024000  8.300000000 0.006018915680
934.800049000  8.300000000 0.006027311090
934.825012000  8.300000000 0.006023369260
934.850037000  8.300000000 0.006005769130
934.875000000  8.300000000 0.005973274350
934.900024000  8.300000000 0.005924710540
934.925049000  8.300000000 0.005859001070
934.950012000  8.300000000 0.005775138270
934.975037000  8.300000000 0.005672201980
935.000000000  8.300000000 0.005549329800
935.025024000  8.300000000 0.005405744070
935.050049000  8.300000000 0.005240722560
935.075012000  8.300000000 0.005053587720
935.100037000  8.300000000 0.004843725820
935.125000000  8.300000000 0.004610586910
935.150024000  8.300000000 0.004353648520
935.175049000  8.300000000 0.004072460810
935.200012000  8.300000000 0.003766623090
935.225037000  8.300000000 0.003435809400
935.250000000  8.300000000 0.003079776420
935.275024000  8.300000000 0.002698354660
935.300049000  8.300000000 0.002291494050
935.325012000  8.300000000 0.001859254440
935.350037000  8.300000000 0.001401848160
935.375000000  8.300000000 0.000919629994
935.400024000  8.300000000 0.000413116883
935.425049000  8.300000000 -0.000116982861
935.450012000  8.300000000 -0.000669794914
935.475037000  8.300000000 -0.001244249520
935.500000000  8.300000000 -0.001839086760
935.525024000  8.300000000 -0.002452851270
935.550049000  8.300000000 -0.003083900550
935.575012000  8.300000000 -0.003730414900
935.600037000  8.300000000 -0.004390385000
935.625000000  8.300000000 -0.005061638540
935.650024000  8.300000000 -0.005741838370
935.675049000  8.300000000 -0.006428515070
935.700012000  8.300000000 -0.007119066080
935.725037000  8.300000000 -0.007810781710
935.750000000  8.300000000 -0.008500858210
935.775024000  8.300000000 -0.009186419660
935.800049000  8.300000000 -0.009864520280
935.825012000  8.300000000 -0.010532173300
935.850037000  8.300000000 -0.011186366900
935.875000000  8.300000000 -0.011824080700
935.900024000  8.300000000 -0.012442306600
935.925049000  8.300000000 -0.013038065300
935.950012000  8.300000000 -0.013608423100
935.975037000  8.300000000 -0.014150503100
936.000000000  8.300000000 -0.014661498400
936.025024000  8.300000000 -0.015138701500
936.050049000  8.300000000 -0.015579504000
936.075012000  8.300000000 -0.015981417100
936.100037000  8.300000000 -0.016342084900
936.125000000  8.300000000 -0.016659306400
936.150024000  8.300000000 -0.016931025300
936.175049000  8.300000000 -0.017155369700
936.200012000  8.300000000 -0.017330614800
936.225037000  8.300000000 -0.017455218400
936.250000000  8.300000000 -0.017527824300
936.275024000  8.300000000 -0.017547251700
936.300049000  8.300000000 -0.017512528200
936.325012000  8.300000000 -0.017422886600
936.350037000  8.300000000 -0.017277753000
936.375000000  8.300000000 -0.017076784700
936.400024000  8.300000000 -0.016819872000
936.425049000  8.300000000 -0.016507120800
936.450012000  8.300000000 -0.016138892600
936.475037000  8.300000000 -0.015715789000
936.500000000  8.300000000 -0.015238665000
936.525024000  8.300000000 -0.014708634500
936.550049000  8.300000000 -0.014127069200
936.575012000  8.300000000 -0.013495634300
936.600037000  8.300000000 -0.012816262400
936.625000000  8.300000000 -0.012091173800
936.650024000  8.300000000 -0.011322878300
936.675049000  8.300000000 -0.010514163400
936.700012000  8.300000000 -0.009668106210
936.725037000  8.300000000 -0.008788034320
936.750000000  8.300000000 -0.007877551020
936.775024000  8.300000000 -0.006940493830
936.800049000  8.300000000 -0.005980910730
936.825012000  8.300000000 -0.005003076510
936.850037000  8.300000000 -0.004011421000
936.875000000  8.300000000 -0.003010553770
936.900024000  8.300000000 -0.002005180340
936.925049000  8.300000000 -0.001000122630
936.950012000  8.300000000 -0.000000238743
936.975037000  8.300000000 0.000989585184
937.000000000  8.300000000 0.001964489000
937.025024000  8.300000000 0.002919662280
937.050049000  8.300000000 0.003850383220
937.075012000  8.300000000 0.004752058540
937.100037000  8.300000000 0.005620231390
937.125000000  8.300000000 0.006450633520
937.150024000  8.300000000 0.007239198780
937.175049000  8.300000000 0.007982089180
937.200012000  8.300000000 0.008675727060
937.225037000  8.300000000 0.009316811340
937.250000000  8.300000000 0.009902328250
937.275024000  8.300000000 0.010429566700
937.300049000  8.300000000 0.010896151900
937.325012000  8.300000000 0.011300043200
937.350037000  8.300000000 0.011639570800
937.375000000  8.300000000 0.011913422500
937.400024000  8.300000000 0.012120696700
937.425049000  8.300000000 0.012260858000
937.450012000  8.300000000 0.012333781500
937.475037000  8.300000000 0.012339756800
937.500000000  8.300000000 0.012279443400
937.525024000  8.300000000 0.012153916100
937.550049000  8.300000000 0.011964616400
937.575012000  8.300000000 0.011713353000
937.600037000  8.300000000 0.011402279100
937.625000000  8.300000000 0.011033879600
937.650024000  8.300000000 0.010610951100
937.675049000  8.300000000 0.010136582000
937.700012000  8.300000000 0.009614118370
937.725037000  8.300000000 0.009047140370
937.750000000  8.300000000 0.008439442140
937.775024000  8.300000000 0.007794981360
937.800049000  8.300000000 0.007117862350
937.825012000  8.300000000 0.006412294690
937.850037000  8.300000000 0.005682554100
937.875000000  8.300000000 0.004932950250
937.900024000  8.300000000 0.004167790060
937.925049000  8.300000000 0.003391349460
937.950012000  8.300000000 0.002607834760
937.975037000  8.300000000 0.001821365210
938.000000000  8.300000000 0.001035931170
938.025024000  8.300000000 0.000255403487
938.050049000  8.300000000 -0.000516502943
938.075012000  8.300000000 -0.001276232770
938.100037000  8.300000000 -0.002020407470
938.125000000  8.300000000 -0.002745833710
938.150024000  8.300000000 -0.003449512650
938.175049000  8.300000000 -0.004128628410
938.200012000  8.300000000 -0.004780563990
938.225037000  8.300000000 -0.005402876530
938.250000000  8.300000000 -0.005993300120
938.275024000  8.300000000 -0.006549745800
938.300049000  8.300000000 -0.007070288060
938.325012000  8.300000000 -0.007553168110
938.350037000  8.300000000 -0.007996787320
938.375000000  8.300000000 -0.008399695160
938.400024000  8.300000000 -0.008760585450
938.425049000  8.300000000 -0.009078299630
938.450012000  8.300000000 -0.009351797400
938.475037000  8.300000000 -0.009580187500
938.500000000  8.300000000 -0.009762703440
938.525024000  8.300000000 -0.009898708200
938.550049000  8.300000000 -0.009987699800
938.575012000  8.300000000 -0.010029305700
938.600037000  8.300000000 -0.010023284700
938.625000000  8.300000000 -0.009969538080
938.650024000  8.300000000 -0.009868086320
938.675049000  8.300000000 -0.009719100780
938.700012000  8.300000000 -0.009522881360
938.725037000  8.300000000 -0.009279853660
938.750000000  8.300000000 -0.008990582080
938.775024000  8.300000000 -0.008655764160
938.800049000  8.300000000 -0.008276217620
938.825012000  8.300000000 -0.007852897980
938.850037000  8.300000000 -0.007386876270
938.875000000  8.300000000 -0.006879334340
938.900024000  8.300000000 -0.006331568120
938.925049000  8.300000000 -0.005744965750
938.950012000  8.300000000 -0.005121020600
938.975037000  8.300000000 -0.004461298230
939.000000000  8.300000000 -0.003767452900
939.025024000  8.300000000 -0.003041210350
939.050049000  8.300000000 -0.002284349870
939.075012000  8.300000000 -0.001498705010
939.100037000  8.300000000 -0.000686157669
939.125000000  8.300000000 0.000151395798
939.150024000  8.300000000 0.001012043450
939.175049000  8.300000000 0.001893862380
939.200012000  8.300000000 0.002794958420
939.225037000  8.300000000 0.003713447830
939.250000000  8.300000000 0.004647483580
939.275024000  8.300000000 0.005595261700
939.300049000  8.300000000 0.006555021270
939.325012000  8.300000000 0.007525048680
939.350037000  8.300000000 0.008503684770
939.375000000  8.300000000 0.009489310910
939.400024000  8.300000000 0.010480361100
939.425049000  8.300000000 0.011475317200
939.450012000  8.300000000 0.012472703100
939.475037000  8.300000000 0.013471069700
939.500000000  8.300000000 0.014468990300
939.525024000  8.300000000 0.015465051900
939.550049000  8.300000000 0.016457861300
939.575012000  8.300000000 0.017446022500
939.600037000  8.300000000 0.018428131900
939.625000000  8.300000000 0.019402798300
939.650024000  8.300000000 0.020368604000
939.675049000  8.300000000 0.021324124200
939.700012000  8.300000000 0.022267922800
939.725037000  8.300000000 0.023198533800
939.750000000  8.300000000 0.024114504500
939.775024000  8.300000000 0.025014342700
939.800049000  8.300000000 0.025896549200
939.825012000  8.300000000 0.026759613300
939.850037000  8.300000000 0.027602065400
939.875000000  8.300000000 0.028422376100
939.900024000  8.300000000 0.029219090900
939.925049000  8.300000000 0.029990740100
939.950012000  8.300000000 0.030735924800
939.975037000  8.300000000 0.031453281600
940.000000000  8.300000000 0.032141510400
940.025024000  8.300000000 0.032799404100
940.050049000  8.300000000 0.033425845200
940.075012000  8.300000000 0.034019816700
940.100037000  8.300000000 0.034580409500
940.125000000  8.300000000 0.035106875000
940.150024000  8.300000000 0.035598613300
940.175049000  8.300000000 0.036055136500
940.200012000  8.300000000 0.036476142700
940.225037000  8.300000000 0.036861509100
940.250000000  8.300000000 0.037211243100
940.275024000  8.300000000 0.037525523500
940.300049000  8.300000000 0.037804719100
940.325012000  8.300000000 0.038049314200
940.350037000  8.300000000 0.038259923500
940.375000000  8.300000000 0.038437329200
940.400024000  8.300000000 0.038582362200
940.425049000  8.300000000 0.038695953800
940.450012000  8.300000000 0.038779057600
940.475037000  8.300000000 0.038832660800
940.500000000  8.300000000 0.038857769200
940.525024000  8.300000000 0.038855325400
940.550049000  8.300000000 0.038826242100
940.575012000  8.300000000 0.038771387200
940.600037000  8.300000000 0.038691543000
940.625000000  8.300000000 0.038587391400
940.650024000  8.300000000 0.038459513300
940.675049000  8.300000000 0.038308404400
940.700012000  8.300000000 0.038134411000
940.725037000  8.300000000 0.037937767800
940.750000000  8.300000000 0.037718597800
940.775024000  8.300000000 0.037476923300
940.800049000  8.300000000 0.037212610200
940.825012000  8.300000000 0.036925479800
940.850037000  8.300000000 0.036615189200
940.875000000  8.300000000 0.036281392000
940.900024000  8.300000000 0.035923641200
940.925049000  8.300000000 0.035541437600
940.950012000  8.300000000 0.035134259600
940.975037000  8.300000000 0.034701608100
941.000000000  8.300000000 0.034242939200
941.025024000  8.300000000 0.033757802100
941.050049000  8.300000000 0.033245746000
941.075012000  8.300000000 0.032706413400
941.100037000  8.300000000 0.032139495000
941.125000000  8.300000000 0.031544782200
941.150024000  8.300000000 0.030922154000
941.175049000  8.300000000 0.030271602800
941.200012000  8.300000000 0.029593214400
941.225037000  8.300000000 0.028887230900
941.250000000  8.300000000 0.028153974600
941.275024000  8.300000000 0.027393925900
941.300049000  8.300000000 0.026607653100
941.325012000  8.300000000 0.025795823000
941.350037000  8.300000000 0.024959217800
941.375000000  8.300000000 0.024098692500
941.400024000  8.300000000 0.023215169100
941.425049000  8.300000000 0.022309612500
941.450012000  8.300000000 0.021383030300
941.475037000  8.300000000 0.020436424800
941.500000000  8.300000000 0.019470810900
941.525024000  8.300000000 0.018487179700
941.550049000  8.300000000 0.017486481000
941.575012000  8.300000000 0.016469633200
941.600037000  8.300000000 0.015437491200
941.625000000  8.300000000 0.014390843900
941.650024000  8.300000000 0.013330402800
941.675049000  8.300000000 0.012256814200
941.700012000  8.300000000 0.011170637800
941.725037000  8.300000000 0.010072347700
941.750000000  8.300000000 0.008962347170
941.775024000  8.300000000 0.007840940730
941.800049000  8.300000000 0.006708387290
941.825012000  8.300000000 0.005564850290
941.850037000  8.300000000 0.004410444290
941.875000000  8.300000000 0.003245217030
941.900024000  8.300000000 0.002069174540
941.925049000  8.300000000 0.000882277673
941.950012000  8.300000000 -0.000315526908
941.975037000  8.300000000 -0.001524320800
942.000000000  8.300000000 -0.002744186900
942.025024000  8.300000000 -0.003975189290
942.050049000  8.300000000 -0.005217413420
942.075012000  8.300000000 -0.006470900030
942.100037000  8.300000000 -0.007735660770
942.125000000  8.300000000 -0.009011680260
942.150024000  8.300000000 -0.010298877000
942.175049000  8.300000000 -0.011597126700
942.200012000  8.300000000 -0.012906222600
942.225037000  8.300000000 -0.014225866600
942.250000000  8.300000000 -0.015555669600
942.275024000  8.300000000 -0.016895134000
942.300049000  8.300000000 -0.018243623900
942.325012000  8.300000000 -0.019600389500
942.350037000  8.300000000 -0.020964557300
942.375000000  8.300000000 -0.022335073000
942.400024000  8.300000000 -0.023710779800
942.425049000  8.300000000 -0.025090342400
942.450012000  8.300000000 -0.026472309600
942.475037000  8.300000000 -0.027855057300
942.500000000  8.300000000 -0.029236841900
942.525024000  8.300000000 -0.030615771200
942.550049000  8.300000000 -0.031989842700
942.575012000  8.300000000 -0.033356916200
942.600037000  8.300000000 -0.034714780700
942.625000000  8.300000000 -0.036061137900
942.650024000  8.300000000 -0.037393637000
942.675049000  8.300000000 -0.038709893800
942.700012000  8.300000000 -0.040007483200
942.725037000  8.300000000 -0.041283994900
942.750000000  8.300000000 -0.042537003800
942.775024000  8.300000000 -0.043764151600
942.800049000  8.300000000 -0.044963084200
942.825012000  8.300000000 -0.046131558700
942.850037000  8.300000000 -0.047267373700
942.875000000  8.300000000 -0.048368465200
942.900024000  8.300000000 -0.049432802900
942.925049000  8.300000000 -0.050458528100
942.950012000  8.300000000 -0.051443841300
942.975037000  8.300000000 -0.052387114600
943.000000000  8.300000000 -0.053286779700
943.025024000  8.300000000 -0.054141432000
943.050049000  8.300000000 -0.054949771600
943.075012000  8.300000000 -0.055710606300
943.100037000  8.300000000 -0.056422866900
943.125000000  8.300000000 -0.057085581100
943.150024000  8.300000000 -0.057697895900
943.175049000  8.300000000 -0.058259032700
943.200012000  8.300000000 -0.058768294800
943.225037000  8.300000000 -0.059225041400
943.250000000  8.300000000 -0.059628672900
943.275024000  8.300000000 -0.059978723500
943.300049000  8.300000000 -0.060274642000
943.325012000  8.300000000 -0.060515973700
943.350037000  8.300000000 -0.060702275500
943.375000000  8.300000000 -0.060833118900
943.400024000  8.300000000 -0.060908012100
943.425049000  8.300000000 -0.060926526800
943.450012000  8.300000000 -0.060888197300
943.475037000  8.300000000 -0.060792509500
943.500000000  8.300000000 -0.060638941800
943.525024000  8.300000000 -0.060426935600
943.550049000  8.300000000 -0.060155924400
943.575012000  8.300000000 -0.059825301200
943.600037000  8.300000000 -0.059434484700
943.625000000  8.300000000 -0.058982875200
943.650024000  8.300000000 -0.058469906400
943.675049000  8.300000000 -0.057895068100
943.700012000  8.300000000 -0.057257887000
943.725037000  8.300000000 -0.056557957100
943.750000000  8.300000000 -0.055794965500
943.775024000  8.300000000 -0.054968725900
943.800049000  8.300000000 -0.054079163800
943.825012000  8.300000000 -0.053126346300
943.850037000  8.300000000 -0.052110504400
943.875000000  8.300000000 -0.051032066300
943.900024000  8.300000000 -0.049891632100
943.925049000  8.300000000 -0.048689983800
943.950012000  8.300000000 -0.047428105000
943.975037000  8.300000000 -0.046107187900
944.000000000  8.300000000 -0.044728588300
944.025024000  8.300000000 -0.043293882200
944.050049000  8.300000000 -0.041804853800
944.075012000  8.300000000 -0.040263414400
944.100037000  8.300000000 -0.038671743100
944.125000000  8.300000000 -0.037032093900
944.150024000  8.300000000 -0.035346895500
944.175049000  8.300000000 -0.033618729600
944.200012000  8.300000000 -0.031850248600
944.225037000  8.300000000 -0.030044212900
944.250000000  8.300000000 -0.028203448300
944.275024000  8.300000000 -0.026330823100
944.300049000  8.300000000 -0.024429237500
944.325012000  8.300000000 -0.022501632600
944.350037000  8.300000000 -0.020550930900
944.375000000  8.300000000 -0.018580092100
944.400024000  8.300000000 -0.016592036900
944.425049000  8.300000000 -0.014589723200
944.450012000  8.300000000 -0.012576099500
944.475037000  8.300000000 -0.010554110600
944.500000000  8.300000000 -0.008526726630
944.525024000  8.300000000 -0.006496928170
944.550049000  8.300000000 -0.004467736930
944.575012000  8.300000000 -0.002442206950
944.600037000  8.300000000 -0.000423430756
944.625000000  8.300000000 0.001585444670
944.650024000  8.300000000 0.003581214930
944.675049000  8.300000000 0.005560635120
944.700012000  8.300000000 0.007520412560
944.725037000  8.300000000 0.009457231500
944.750000000  8.300000000 0.011367709400
944.775024000  8.300000000 0.013248472500
944.800049000  8.300000000 0.015096127100
944.825012000  8.300000000 0.016907269100
944.850037000  8.300000000 0.018678540400
944.875000000  8.300000000 0.020406631800
944.900024000  8.300000000 0.022088287400
944.925049000  8.300000000 0.023720363200
944.950012000  8.300000000 0.025299806100
944.975037000  8.300000000 0.026823718100
945.000000000  8.300000000 0.028289349700
945.025024000  8.300000000 0.029694115700
945.050049000  8.300000000 0.031035659800
945.075012000  8.300000000 0.032311823200
945.100037000  8.300000000 0.033520694800
945.125000000  8.300000000 0.034660600100
945.150024000  8.300000000 0.035730145900
945.175049000  8.300000000 0.036728180900
945.200012000  8.300000000 0.037653859700
945.225037000  8.300000000 0.038506601000
945.250000000  8.300000000 0.039286147800
945.275024000  8.300000000 0.039992503800
945.300049000  8.300000000 0.040625985700
945.325012000  8.300000000 0.041187189500
945.350037000  8.300000000 0.041677001900
945.375000000  8.300000000 0.042096562700
945.400024000  8.300000000 0.042447306200
945.425049000  8.300000000 0.042730897700
945.450012000  8.300000000 0.042949259300
945.475037000  8.300000000 0.043104533100
945.500000000  8.300000000 0.043199058600
945.525024000  8.300000000 0.043235387700
945.550049000  8.300000000 0.043216228500
945.575012000  8.300000000 0.043144423500
945.600037000  8.300000000 0.043022967900
945.625000000  8.300000000 0.042854957300
945.650024000  8.300000000 0.042643543300
945.675049000  8.300000000 0.042391963300
945.700012000  8.300000000 0.042103476800
945.725037000  8.300000000 0.041781377000
945.750000000  8.300000000 0.041428923600
945.775024000  8.300000000 0.041049387300
945.800049000  8.300000000 0.040645975600
945.825012000  8.300000000 0.040221858800
945.850037000  8.300000000 0.039780139900
945.875000000  8.300000000 0.039323862600
945.900024000  8.300000000 0.038855988500
945.925049000  8.300000000 0.038379401000
945.950012000  8.300000000 0.037896897600
945.975037000  8.300000000 0.037411164500
946.000000000  8.300000000 0.036924824100
946.025024000  8.300000000 0.036440357600
946.050049000  8.300000000 0.035960149000
946.075012000  8.300000000 0.035486474600
946.100037000  8.300000000 0.035021502500
946.125000000  8.300000000 0.034567277900
946.150024000  8.300000000 0.034125767600
946.175049000  8.300000000 0.033698815900
946.200012000  8.300000000 0.033288169700
946.225037000  8.300000000 0.032895498000
946.250000000  8.300000000 0.032522335600
946.275024000  8.300000000 0.032170154200
946.300049000  8.300000000 0.031840309500
946.325012000  8.300000000 0.031534042200
946.350037000  8.300000000 0.031252518300
946.375000000  8.300000000 0.030996793900
946.400024000  8.300000000 0.030767804000
946.425049000  8.300000000 0.030566381300
946.450012000  8.300000000 0.030393241000
946.475037000  8.300000000 0.030248954900
946.500000000  8.300000000 0.030133996200
946.525024000  8.300000000 0.030048687000
946.550049000  8.300000000 0.029993223000
946.575012000  8.300000000 0.029967684300
946.600037000  8.300000000 0.029971970200
946.625000000  8.300000000 0.030005890900
946.650024000  8.300000000 0.030069094200
946.675049000  8.300000000 0.030161110700
946.700012000  8.300000000 0.030281366800
946.725037000  8.300000000 0.030429143500
946.750000000  8.300000000 0.030603606300
946.775024000  8.300000000 0.030803840600
946.800049000  8.300000000 0.031028822100
946.825012000  8.300000000 0.031277444200
946.850037000  8.300000000 0.031548515000
946.875000000  8.300000000 0.031840775200
946.900024000  8.300000000 0.032152887400
946.925049000  8.300000000 0.032483428700
946.950012000  8.300000000 0.032830897700
946.975037000  8.300000000 0.033193722400
947.000000000  8.300000000 0.033570233700
947.025024000  8.300000000 0.033958669800
947.050049000  8.300000000 0.034357164100
947.075012000  8.300000000 0.034763742200
947.100037000  8.300000000 0.035176340500
947.125000000  8.300000000 0.035592764600
947.150024000  8.300000000 0.036010742200
947.175049000  8.300000000 0.036427859200
947.200012000  8.300000000 0.036841649600
947.225037000  8.300000000 0.037249531600
947.250000000  8.300000000 0.037648882700
947.275024000  8.300000000 0.038036998400
947.300049000  8.300000000 0.038411136700
947.325012000  8.300000000 0.038768529900
947.350037000  8.300000000 0.039106413700
947.375000000  8.300000000 0.039422038900
947.400024000  8.300000000 0.039712704700
947.425049000  8.300000000 0.039975784700
947.450012000  8.300000000 0.040208753200
947.475037000  8.300000000 0.040409177500
947.500000000  8.300000000 0.040574785300
947.525024000  8.300000000 0.040703456800
947.550049000  8.300000000 0.040793221400
947.575012000  8.300000000 0.040842331900
947.600037000  8.300000000 0.040849208800
947.625000000  8.300000000 0.040812496100
947.650024000  8.300000000 0.040731042600
947.675049000  8.300000000 0.040603939400
947.700012000  8.300000000 0.040430463900
947.725037000  8.300000000 0.040210161400
947.750000000  8.300000000 0.039942774900
947.775024000  8.300000000 0.039628282200
947.800049000  8.300000000 0.039266850800
947.825012000  8.300000000 0.038858890500
947.850037000  8.300000000 0.038404971400
947.875000000  8.300000000 0.037905890500
947.900024000  8.300000000 0.037362586700
947.925049000  8.300000000 0.036776214800
947.950012000  8.300000000 0.036148056400
947.975037000  8.300000000 0.035479579100
948.000000000  8.300000000 0.034772396100
948.025024000  8.300000000 0.034028273100
948.050049000  8.300000000 0.033249139800
948.075012000  8.300000000 0.032437000400
948.100037000  8.300000000 0.031594067800
948.125000000  8.300000000 0.030722618100
948.150024000  8.300000000 0.029825076500
948.175049000  8.300000000 0.028903966800
948.200012000  8.300000000 0.027961928400
948.225037000  8.300000000 0.027001684500
948.250000000  8.300000000 0.026026036600
948.275024000  8.300000000 0.025037853000
948.300049000  8.300000000 0.024040043400
948.325012000  8.300000000 0.023035546800
948.350037000  8.300000000 0.022027282000
948.375000000  8.300000000 0.021018156800
948.400024000  8.300000000 0.020011005900
948.425049000  8.300000000 0.019008591800
948.450012000  8.300000000 0.018013564900
948.475037000  8.300000000 0.017028445400
948.500000000  8.300000000 0.016055595100
948.525024000  8.300000000 0.015097204600
948.550049000  8.300000000 0.014155274300
948.575012000  8.300000000 0.013231581100
948.600037000  8.300000000 0.012327674800
948.625000000  8.300000000 0.011444859200
948.650024000  8.300000000 0.010584184900
948.675049000  8.300000000 0.009746431370
948.700012000  8.300000000 0.008932119240
948.725037000  8.300000000 0.008141487840
948.750000000  8.300000000 0.007374527860
948.775024000  8.300000000 0.006630958520
948.800049000  8.300000000 0.005910275970
948.825012000  8.300000000 0.005211733280
948.850037000  8.300000000 0.004534380040
948.875000000  8.300000000 0.003877045350
948.900024000  8.300000000 0.003238402070
948.925049000  8.300000000 0.002616935410
948.950012000  8.300000000 0.002010992960
948.975037000  8.300000000 0.001418779370
949.000000000  8.300000000 0.000838390843
949.025024000  8.300000000 0.000267827709
949.050049000  8.300000000 -0.000294983300
949.075012000  8.300000000 -0.000852166151
949.100037000  8.300000000 -0.001405874850
949.125000000  8.300000000 -0.001958266370
949.150024000  8.300000000 -0.002511495720
949.175049000  8.300000000 -0.003067677140
949.200012000  8.300000000 -0.003628875590
949.225037000  8.300000000 -0.004197096920
949.250000000  8.300000000 -0.004774262200
949.275024000  8.300000000 -0.005362206140
949.300049000  8.300000000 -0.005962646570
949.325012000  8.300000000 -0.006577181630
949.350037000  8.300000000 -0.007207295390
949.375000000  8.300000000 -0.007854335010
949.400024000  8.300000000 -0.008519509810
949.425049000  8.300000000 -0.009203886610
949.450012000  8.300000000 -0.009908395820
949.475037000  8.300000000 -0.010633819700
949.500000000  8.300000000 -0.011380786100
949.525024000  8.300000000 -0.012149770700
949.550049000  8.300000000 -0.012941097800
949.575012000  8.300000000 -0.013754958300
949.600037000  8.300000000 -0.014591380000
949.625000000  8.300000000 -0.015450259700
949.650024000  8.300000000 -0.016331359700
949.675049000  8.300000000 -0.017234308600
949.700012000  8.300000000 -0.018158627700
949.725037000  8.300000000 -0.019103715200
949.750000000  8.300000000 -0.020068882000
949.775024000  8.300000000 -0.021053325400
949.800049000  8.300000000 -0.022056154900
949.825012000  8.300000000 -0.023076389000
949.850037000  8.300000000 -0.024112965900
949.875000000  8.300000000 -0.025164755100
949.900024000  8.300000000 -0.026230540100
949.925049000  8.300000000 -0.027309078700
949.950012000  8.300000000 -0.028399026000
949.975037000  8.300000000 -0.029499029700
950.000000000  8.300000000 -0.030607668700
950.025024000  8.300000000 -0.031723465800
950.050049000  8.300000000 -0.032844919700
950.075012000  8.300000000 -0.033970486400
950.100037000  8.300000000 -0.035098601100
950.125000000  8.300000000 -0.036227684500
950.150024000  8.300000000 -0.037356138200
950.175049000  8.300000000 -0.038482356800
950.200012000  8.300000000 -0.039604745800
950.225037000  8.300000000 -0.040721703300
950.250000000  8.300000000 -0.041831649800
950.275024000  8.300000000 -0.042933054300
950.300049000  8.300000000 -0.044024411600
950.325012000  8.300000000 -0.045104242900
950.350037000  8.300000000 -0.046171177200
950.375000000  8.300000000 -0.047223836200
950.400024000  8.300000000 -0.048260983100
950.425049000  8.300000000 -0.049281399700
950.450012000  8.300000000 -0.050283979600
950.475037000  8.300000000 -0.051267694700
950.500000000  8.300000000 -0.052231580000
950.525024000  8.300000000 -0.053174782500
950.550049000  8.300000000 -0.054096490100
950.575012000  8.300000000 -0.054996013600
950.600037000  8.300000000 -0.055872716000
950.625000000  8.300000000 -0.056726027300
950.650024000  8.300000000 -0.057555440800
950.675049000  8.300000000 -0.058360554300
950.700012000  8.300000000 -0.059141013800
950.725037000  8.300000000 -0.059896510100
950.750000000  8.300000000 -0.060626860700
950.775024000  8.300000000 -0.061331935200
950.800049000  8.300000000 -0.062011677800
950.825012000  8.300000000 -0.062666118100
950.850037000  8.300000000 -0.063295379300
950.875000000  8.300000000 -0.063899673500
950.900024000  8.300000000 -0.064479298900
950.925049000  8.300000000 -0.065034672600
950.950012000  8.300000000 -0.065566279000
950.975037000  8.300000000 -0.066074751300
951.000000000  8.300000000 -0.066560804800
951.025024000  8.300000000 -0.067025229300
951.050049000  8.300000000 -0.067468933800
951.075012000  8.300000000 -0.067892916500
951.100037000  8.300000000 -0.068298235500
951.125000000  8.300000000 -0.068686008500
951.150024000  8.300000000 -0.069057427300
951.175049000  8.300000000 -0.069413706700
951.200012000  8.300000000 -0.069756127900
951.225037000  8.300000000 -0.070085905500
951.250000000  8.300000000 -0.070404343300
951.275024000  8.300000000 -0.070712655800
951.300049000  8.300000000 -0.071012049900
951.325012000  8.300000000 -0.071303658200
951.350037000  8.300000000 -0.071588583300
951.375000000  8.300000000 -0.071867808700
951.400024000  8.300000000 -0.072142273200
951.425049000  8.300000000 -0.072412751600
951.450012000  8.300000000 -0.072679951800
951.475037000  8.300000000 -0.072944425000
951.500000000  8.300000000 -0.073206581200
951.525024000  8.300000000 -0.073466680900
951.550049000  8.300000000 -0.073724865900
951.575012000  8.300000000 -0.073981031800
951.600037000  8.300000000 -0.074234962500
951.625000000  8.300000000 -0.074486255600
951.650024000  8.300000000 -0.074734322700
951.675049000  8.300000000 -0.074978448500
951.700012000  8.300000000 -0.075217701500
951.725037000  8.300000000 -0.075451009000
951.750000000  8.300000000 -0.075677163900
951.775024000  8.300000000 -0.075894802800
951.800049000  8.300000000 -0.076102390900
951.825012000  8.300000000 -0.076298281600
951.850037000  8.300000000 -0.076480716500
951.875000000  8.300000000 -0.076647773400
951.900024000  8.300000000 -0.076797440600
951.925049000  8.300000000 -0.076927594800
951.950012000  8.300000000 -0.077035985900
951.975037000  8.300000000 -0.077120333900
952.000000000  8.300000000 -0.077178247300
952.025024000  8.300000000 -0.077207319400
952.050049000  8.300000000 -0.077205039600
952.075012000  8.300000000 -0.077168971300
952.100037000  8.300000000 -0.077096648500
952.125000000  8.300000000 -0.076985597600
952.150024000  8.300000000 -0.076833456800
952.175049000  8.300000000 -0.076637856700
952.200012000  8.300000000 -0.076396569600
952.225037000  8.300000000 -0.076107457300
952.250000000  8.300000000 -0.075768448400
952.275024000  8.300000000 -0.075377643100
952.300049000  8.300000000 -0.074933253200
952.325012000  8.300000000 -0.074433654500
952.350037000  8.300000000 -0.073877394200
952.375000000  8.300000000 -0.073263160900
952.400024000  8.300000000 -0.072589829600
952.425049000  8.300000000 -0.071856468900
952.450012000  8.300000000 -0.071062341300
952.475037000  8.300000000 -0.070206888000
952.500000000  8.300000000 -0.069289781200
952.525024000  8.300000000 -0.068310849400
952.550049000  8.300000000 -0.067270144800
952.575012000  8.300000000 -0.066167891000
952.600037000  8.300000000 -0.065004535000
952.625000000  8.300000000 -0.063780605800
952.650024000  8.300000000 -0.062496885700
952.675049000  8.300000000 -0.061154235200
952.700012000  8.300000000 -0.059753641500
952.725037000  8.300000000 -0.058296255800
952.750000000  8.300000000 -0.056783270100
952.775024000  8.300000000 -0.055216021800
952.800049000  8.300000000 -0.053595911700
952.825012000  8.300000000 -0.051924463400
952.850037000  8.300000000 -0.050203230200
952.875000000  8.300000000 -0.048433877500
952.900024000  8.300000000 -0.046618145000
952.925049000  8.300000000 -0.044757846700
952.950012000  8.300000000 -0.042854875300
952.975037000  8.300000000 -0.040911175300
953.000000000  8.300000000 -0.038928758400
953.025024000  8.300000000 -0.036909755300
953.050049000  8.300000000 -0.034856326900
953.075012000  8.300000000 -0.032770723100
953.100037000  8.300000000 -0.030655264900
953.125000000  8.300000000 -0.028512353100
953.150024000  8.300000000 -0.026344452100
953.175049000  8.300000000 -0.024154098700
953.200012000  8.300000000 -0.021943891400
953.225037000  8.300000000 -0.019716512400
953.250000000  8.300000000 -0.017474722100
953.275024000  8.300000000 -0.015221356400
953.300049000  8.300000000 -0.012959332200
953.325012000  8.300000000 -0.010691649300
953.350037000  8.300000000 -0.008421367970
953.375000000  8.300000000 -0.006151651500
953.400024000  8.300000000 -0.003885710380
953.425049000  8.300000000 -0.001626837880
953.450012000  8.300000000 0.000621622021
953.475037000  8.300000000 0.002856252710
953.500000000  8.300000000 0.005073606040
953.525024000  8.300000000 0.007270167580
953.550049000  8.300000000 0.009442391810
953.575012000  8.300000000 0.011586671700
953.600037000  8.300000000 0.013699377000
953.625000000  8.300000000 0.015776814900
953.650024000  8.300000000 0.017815247200
953.675049000  8.300000000 0.019810905700
953.700012000  8.300000000 0.021759979400
953.725037000  8.300000000 0.023658609000
953.750000000  8.300000000 0.025502935100
953.775024000  8.300000000 0.027289068300
953.800049000  8.300000000 0.029013151300
953.825012000  8.300000000 0.030671345100
953.850037000  8.300000000 0.032259870300
953.875000000  8.300000000 0.033775024100
953.900024000  8.300000000 0.035213220900
953.925049000  8.300000000 0.036571037000
953.950012000  8.300000000 0.037845183200
953.975037000  8.300000000 0.039032626900
954.000000000  8.300000000 0.040130537000
954.025024000  8.300000000 0.041136372800
954.050049000  8.300000000 0.042047891800
954.075012000  8.300000000 0.042863186400
954.100037000  8.300000000 0.043580677400
954.125000000  8.300000000 0.044199191000
954.150024000  8.300000000 0.044717930300
954.175049000  8.300000000 0.045136481500
954.200012000  8.300000000 0.045454870900
954.225037000  8.300000000 0.045673511900
954.250000000  8.300000000 0.045793231600
954.275024000  8.300000000 0.045815285300
954.300049000  8.300000000 0.045741319700
954.325012000  8.300000000 0.045573353800
954.350037000  8.300000000 0.045313809100
954.375000000  8.300000000 0.044965449700
954.400024000  8.300000000 0.044531360300
954.425049000  8.300000000 0.044014968000
954.450012000  8.300000000 0.043419983200
954.475037000  8.300000000 0.042750351100
954.500000000  8.300000000 0.042010270100
954.525024000  8.300000000 0.041204109800
954.550049000  8.300000000 0.040336407700
954.575012000  8.300000000 0.039411820500
954.600037000  8.300000000 0.038435105200
954.625000000  8.300000000 0.037411052700
954.650024000  8.300000000 0.036344490900
954.675049000  8.300000000 0.035240244100
954.700012000  8.300000000 0.034103114200
954.725037000  8.300000000 0.032937835900
954.750000000  8.300000000 0.031749084600
954.775024000  8.300000000 0.030541455400
954.800049000  8.300000000 0.029319444700
954.825012000  8.300000000 0.028087412900
954.850037000  8.300000000 0.026849621900
954.875000000  8.300000000 0.025610193600
954.900024000  8.300000000 0.024373093600
954.925049000  8.300000000 0.023142153400
954.950012000  8.300000000 0.021921027500
954.975037000  8.300000000 0.020713208200
955.000000000  8.300000000 0.019522003800
955.025024000  8.300000000 0.018350530400
955.050049000  8.300000000 0.017201727300
955.075012000  8.300000000 0.016078310100
955.100037000  8.300000000 0.014982795300
955.125000000  8.300000000 0.013917495500
955.150024000  8.300000000 0.012884510700
955.175049000  8.300000000 0.011885732400
955.200012000  8.300000000 0.010922841700
955.225037000  8.300000000 0.009997308250
955.250000000  8.300000000 0.009110406970
955.275024000  8.300000000 0.008263201450
955.300049000  8.300000000 0.007456559220
955.325012000  8.300000000 0.006691152700
955.350037000  8.300000000 0.005967448470
955.375000000  8.300000000 0.005285755270
955.400024000  8.300000000 0.004646189510
955.425049000  8.300000000 0.004048689730
955.450012000  8.300000000 0.003493064550
955.475037000  8.300000000 0.002978965640
955.500000000  8.300000000 0.002505907790
955.525024000  8.300000000 0.002073316140
955.550049000  8.300000000 0.001680491380
955.575012000  8.300000000 0.001326680530
955.600037000  8.300000000 0.001011065440
955.625000000  8.300000000 0.000732787303
955.650024000  8.300000000 0.000490973180
955.675049000  8.300000000 0.000284767681
955.700012000  8.300000000 0.000113300004
955.725037000  8.300000000 -0.000024244837
955.750000000  8.300000000 -0.000128626823
955.775024000  8.300000000 -0.000200562499
955.800049000  8.300000000 -0.000240669309
955.825012000  8.300000000 -0.000249509583
955.850037000  8.300000000 -0.000227546567
955.875000000  8.300000000 -0.000175156674
955.900024000  8.300000000 -0.000092641167
955.925049000  8.300000000 0.000019806883
955.950012000  8.300000000 0.000162074095
955.975037000  8.300000000 0.000334147539
956.000000000  8.300000000 0.000536099717
956.025024000  8.300000000 0.000768073252
956.050049000  8.300000000 0.001030305170
956.075012000  8.300000000 0.001323076310
956.100037000  8.300000000 0.001646751890
956.125000000  8.300000000 0.002001707910
956.150024000  8.300000000 0.002388384430
956.175049000  8.300000000 0.002807215550
956.200012000  8.300000000 0.003258642970
956.225037000  8.300000000 0.003743068780
956.250000000  8.300000000 0.004260864110
956.275024000  8.300000000 0.004812309980
956.300049000  8.300000000 0.005397636910
956.325012000  8.300000000 0.006016931960
956.350037000  8.300000000 0.006670166740
956.375000000  8.300000000 0.007357193160
956.400024000  8.300000000 0.008077680130
956.425049000  8.300000000 0.008831148970
956.450012000  8.300000000 0.009616908620
956.475037000  8.300000000 0.010434113400
956.500000000  8.300000000 0.011281685000
956.525024000  8.300000000 0.012158381800
956.550049000  8.300000000 0.013062714600
956.575012000  8.300000000 0.013992995000
956.600037000  8.300000000 0.014947324100
956.625000000  8.300000000 0.015923595100
956.650024000  8.300000000 0.016919495500
956.675049000  8.300000000 0.017932502600
956.700012000  8.300000000 0.018959924600
956.725037000  8.300000000 0.019998902500
956.750000000  8.300000000 0.021046405700
956.775024000  8.300000000 0.022099310500
956.800049000  8.300000000 0.023154351900
956.825012000  8.300000000 0.024208232800
956.850037000  8.300000000 0.025257581800
956.875000000  8.300000000 0.026299044500
956.900024000  8.300000000 0.027329251200
956.925049000  8.300000000 0.028344901300
956.950012000  8.300000000 0.029342735200
956.975037000  8.300000000 0.030319616200
957.000000000  8.300000000 0.031272500800
957.025024000  8.300000000 0.032198507300
957.050049000  8.300000000 0.033094909000
957.075012000  8.300000000 0.033959135400
957.100037000  8.300000000 0.034788843200
957.125000000  8.300000000 0.035581838300
957.150024000  8.300000000 0.036336187300
957.175049000  8.300000000 0.037050120500
957.200012000  8.300000000 0.037722133100
957.225037000  8.300000000 0.038350943500
957.250000000  8.300000000 0.038935471300
957.275024000  8.300000000 0.039474882200
957.300049000  8.300000000 0.039968568800
957.325012000  8.300000000 0.040416110300
957.350037000  8.300000000 0.040817350100
957.375000000  8.300000000 0.041172292100
957.400024000  8.300000000 0.041481148500
957.425049000  8.300000000 0.041744321600
957.450012000  8.300000000 0.041962388900
957.475037000  8.300000000 0.042136110400
957.500000000  8.300000000 0.042266394900
957.525024000  8.300000000 0.042354315500
957.550049000  8.300000000 0.042401094000
957.575012000  8.300000000 0.042408101300
957.600037000  8.300000000 0.042376846100
957.625000000  8.300000000 0.042308975000
957.650024000  8.300000000 0.042206276200
957.675049000  8.300000000 0.042070630900
957.700012000  8.300000000 0.041904069500
957.725037000  8.300000000 0.041708692900
957.750000000  8.300000000 0.041486699100
957.775024000  8.300000000 0.041240379200
957.800049000  8.300000000 0.040972065200
957.825012000  8.300000000 0.040684185900
957.850037000  8.300000000 0.040379189000
957.875000000  8.300000000 0.040059555300
957.900024000  8.300000000 0.039727781000
957.925049000  8.300000000 0.039386339500
957.950012000  8.300000000 0.039037708200
957.975037000  8.300000000 0.038684319700
958.000000000  8.300000000 0.038328573100
958.025024000  8.300000000 0.037972774400
958.050049000  8.300000000 0.037619225700
958.075012000  8.300000000 0.037270087700
958.100037000  8.300000000 0.036927484000
958.125000000  8.300000000 0.036593444600
958.150024000  8.300000000 0.036269910600
958.175049000  8.300000000 0.035958729700
958.200012000  8.300000000 0.035661656400
958.225037000  8.300000000 0.035380363500
958.250000000  8.300000000 0.035116408000
958.275024000  8.300000000 0.034871261600
958.300049000  8.300000000 0.034646261500
958.325012000  8.300000000 0.034442614800
958.350037000  8.300000000 0.034261435300
958.375000000  8.300000000 0.034103687900
958.400024000  8.300000000 0.033970166000
958.425049000  8.300000000 0.033861544000
958.450012000  8.300000000 0.033778298600
958.475037000  8.300000000 0.033720742900
958.500000000  8.300000000 0.033688981100
958.525024000  8.300000000 0.033682879100
958.550049000  8.300000000 0.033702164900
958.575012000  8.300000000 0.033746242500
958.600037000  8.300000000 0.033814322200
958.625000000  8.300000000 0.033905364600
958.650024000  8.300000000 0.034018077000
958.675049000  8.300000000 0.034150902200
958.700012000  8.300000000 0.034302067000
958.725037000  8.300000000 0.034469541200
958.750000000  8.300000000 0.034651041000
958.775024000  8.300000000 0.034844119100
958.800049000  8.300000000 0.035046059600
958.825012000  8.300000000 0.035254005300
958.850037000  8.300000000 0.035464949900
958.875000000  8.300000000 0.035675715700
958.900024000  8.300000000 0.035883043000
958.925049000  8.300000000 0.036083601400
958.950012000  8.300000000 0.036274023400
958.975037000  8.300000000 0.036450933700
959.000000000  8.300000000 0.036611005700
959.025024000  8.300000000 0.036750968500
959.050049000  8.300000000 0.036867652100
959.075012000  8.300000000 0.036958042500
959.100037000  8.300000000 0.037019312400
959.125000000  8.300000000 0.037048831600
959.150024000  8.300000000 0.037044253200
959.175049000  8.300000000 0.037003491100
959.200012000  8.300000000 0.036924783100
959.225037000  8.300000000 0.036806762200
959.250000000  8.300000000 0.036648348000
959.275024000  8.300000000 0.036448899700
959.300049000  8.300000000 0.036208175100
959.325012000  8.300000000 0.035926304800
959.350037000  8.300000000 0.035603825000
959.375000000  8.300000000 0.035241685800
959.400024000  8.300000000 0.034841131400
959.425049000  8.300000000 0.034403830800
959.450012000  8.300000000 0.033931747100
959.475037000  8.300000000 0.033427126700
959.500000000  8.300000000 0.032892521500
959.525024000  8.300000000 0.032330695500
959.550049000  8.300000000 0.031744621700
959.575012000  8.300000000 0.031137432900
959.600037000  8.300000000 0.030512407400
959.625000000  8.300000000 0.029872912900
959.650024000  8.300000000 0.029222400900
959.675049000  8.300000000 0.028564322700
959.700012000  8.300000000 0.027902167300
959.725037000  8.300000000 0.027239317100
959.750000000  8.300000000 0.026579149100
959.775024000  8.300000000 0.025924861400
959.800049000  8.300000000 0.025279570400
959.825012000  8.300000000 0.024646194700
959.850037000  8.300000000 0.024027440700
959.875000000  8.300000000 0.023425802600
959.900024000  8.300000000 0.022843474500
959.925049000  8.300000000 0.022282414100
959.950012000  8.300000000 0.021744204700
959.975037000  8.300000000 0.021230127700
960.000000000  8.300000000 0.020741088300
960.025024000  8.300000000 0.020277632400
960.050049000  8.300000000 0.019839918200
960.075012000  8.300000000 0.019427746500
960.100037000  8.300000000 0.019040504500
960.125000000  8.300000000 0.018677232800
960.150024000  8.300000000 0.018336618300
960.175049000  8.300000000 0.018017007000
960.200012000  8.300000000 0.017716409600
960.225037000  8.300000000 0.017432574200
960.250000000  8.300000000 0.017162976800
960.275024000  8.300000000 0.016904884900
960.300049000  8.300000000 0.016655389200
960.325012000  8.300000000 0.016411444200
960.350037000  8.300000000 0.016169970900
960.375000000  8.300000000 0.015927815800
960.400024000  8.300000000 0.015681851700
960.425049000  8.300000000 0.015429026400
960.450012000  8.300000000 0.015166387900
960.475037000  8.300000000 0.014891118700
960.500000000  8.300000000 0.014600614100
960.525024000  8.300000000 0.014292479500
960.550049000  8.300000000 0.013964583200
960.575012000  8.300000000 0.013615051300
960.600037000  8.300000000 0.013242350900
960.625000000  8.300000000 0.012845241500
960.650024000  8.300000000 0.012422853100
960.675049000  8.300000000 0.011974635500
960.700012000  8.300000000 0.011500418200
960.725037000  8.300000000 0.011000352900
960.750000000  8.300000000 0.010474959400
960.775024000  8.300000000 0.009925084190
960.800049000  8.300000000 0.009351892400
960.825012000  8.300000000 0.008756853640
960.850037000  8.300000000 0.008141709490
960.875000000  8.300000000 0.007508437150
960.900024000  8.300000000 0.006859216370
960.925049000  8.300000000 0.006196422970
960.950012000  8.300000000 0.005522547290
960.975037000  8.300000000 0.004840183540
961.000000000  8.300000000 0.004151995290
961.025024000  8.300000000 0.003460646370
961.050049000  8.300000000 0.002768819690
961.075012000  8.300000000 0.002079155760
961.100037000  8.300000000 0.001394219350
961.125000000  8.300000000 0.000716495153
961.150024000  8.300000000 0.000048376944
961.175049000  8.300000000 -0.000607892871
961.200012000  8.300000000 -0.001250197060
961.225037000  8.300000000 -0.001876575170
961.250000000  8.300000000 -0.002485229170
961.275024000  8.300000000 -0.003074536570
961.300049000  8.300000000 -0.003643063130
961.325012000  8.300000000 -0.004189548080
961.350037000  8.300000000 -0.004712930410
961.375000000  8.300000000 -0.005212340500
961.400024000  8.300000000 -0.005687113850
961.425049000  8.300000000 -0.006136755460
961.450012000  8.300000000 -0.006560995710
961.475037000  8.300000000 -0.006959719580
961.500000000  8.300000000 -0.007333011830
961.525024000  8.300000000 -0.007681128570
961.550049000  8.300000000 -0.008004495870
961.575012000  8.300000000 -0.008303707470
961.600037000  8.300000000 -0.008579520510
961.625000000  8.300000000 -0.008832859810
961.650024000  8.300000000 -0.009064747950
961.675049000  8.300000000 -0.009276367720
961.700012000  8.300000000 -0.009469020180
961.725037000  8.300000000 -0.009644083680
961.750000000  8.300000000 -0.009803039020
961.775024000  8.300000000 -0.009947448040
961.800049000  8.300000000 -0.010078931200
961.825012000  8.300000000 -0.010199156600
961.850037000  8.300000000 -0.010309848000
961.875000000  8.300000000 -0.010412738700
961.900024000  8.300000000 -0.010509602700
961.925049000  8.300000000 -0.010602198500
961.950012000  8.300000000 -0.010692298400
961.975037000  8.300000000 -0.010781638300
962.000000000  8.300000000 -0.010871931000
962.025024000  8.300000000 -0.010964844400
962.050049000  8.300000000 -0.011061978500
962.075012000  8.300000000 -0.011164841200
962.100037000  8.300000000 -0.011274856500
962.125000000  8.300000000 -0.011393295600
962.150024000  8.300000000 -0.011521321700
962.175049000  8.300000000 -0.011659942600
962.200012000  8.300000000 -0.011810022400
962.225037000  8.300000000 -0.011972268100
962.250000000  8.300000000 -0.012147221700
962.275024000  8.300000000 -0.012335287400
962.300049000  8.300000000 -0.012536710100
962.325012000  8.300000000 -0.012751584900
962.350037000  8.300000000 -0.012979855800
962.375000000  8.300000000 -0.013221339300
962.400024000  8.300000000 -0.013475721700
962.425049000  8.300000000 -0.013742565200
962.450012000  8.300000000 -0.014021329600
962.475037000  8.300000000 -0.014311374200
962.500000000  8.300000000 -0.014611985500
962.525024000  8.300000000 -0.014922387000
962.550049000  8.300000000 -0.015241735600
962.575012000  8.300000000 -0.015569157900
962.600037000  8.300000000 -0.015903752300
962.625000000  8.300000000 -0.016244581000
962.650024000  8.300000000 -0.016590716300
962.675049000  8.300000000 -0.016941225200
962.700012000  8.300000000 -0.017295166900
962.725037000  8.300000000 -0.017651632400
962.750000000  8.300000000 -0.018009709200
962.775024000  8.300000000 -0.018368512400
962.800049000  8.300000000 -0.018727164700
962.825012000  8.300000000 -0.019084809300
962.850037000  8.300000000 -0.019440578300
962.875000000  8.300000000 -0.019793629600
962.900024000  8.300000000 -0.020143110300
962.925049000  8.300000000 -0.020488206300
962.950012000  8.300000000 -0.020828094300
962.975037000  8.300000000 -0.021161997700
963.000000000  8.300000000 -0.021489167600
963.025024000  8.300000000 -0.021808898100
963.050049000  8.300000000 -0.022120529800
963.075012000  8.300000000 -0.022423453600
963.100037000  8.300000000 -0.022717118300
963.125000000  8.300000000 -0.023001017000
963.150024000  8.300000000 -0.023274708500
963.175049000  8.300000000 -0.023537790400
963.200012000  8.300000000 -0.023789908700
963.225037000  8.300000000 -0.024030759900
963.250000000  8.300000000 -0.024260079500
963.275024000  8.300000000 -0.024477627100
963.300049000  8.300000000 -0.024683183100
963.325012000  8.300000000 -0.024876583400
963.350037000  8.300000000 -0.025057658600
963.375000000  8.300000000 -0.025226255900
963.400024000  8.300000000 -0.025382239400
963.425049000  8.300000000 -0.025525465600
963.450012000  8.300000000 -0.025655781900
963.475037000  8.300000000 -0.025773046500
963.500000000  8.300000000 -0.025877093900
963.525024000  8.300000000 -0.025967752600
963.550049000  8.300000000 -0.026044819500
963.575012000  8.300000000 -0.026108099100
963.600037000  8.300000000 -0.026157364200
963.625000000  8.300000000 -0.026192368900
963.650024000  8.300000000 -0.026212889700
963.675049000  8.300000000 -0.026218673200
963.700012000  8.300000000 -0.026209473600
963.725037000  8.300000000 -0.026185061800
963.750000000  8.300000000 -0.026145234700
963.775024000  8.300000000 -0.026089808000
963.800049000  8.300000000 -0.026018613900
963.825012000  8.300000000 -0.025931537200
963.850037000  8.300000000 -0.025828488200
963.875000000  8.300000000 -0.025709416700
963.900024000  8.300000000 -0.025574311600
963.925049000  8.300000000 -0.025423215700
963.950012000  8.300000000 -0.025256197900
963.975037000  8.300000000 -0.025073383000
964.000000000  8.300000000 -0.024874931200
964.025024000  8.300000000 -0.024661043700
964.050049000  8.300000000 -0.024431942000
964.075012000  8.300000000 -0.024187887100
964.100037000  8.300000000 -0.023929145200
964.125000000  8.300000000 -0.023655982700
964.150024000  8.300000000 -0.023368675300
964.175049000  8.300000000 -0.023067481800
964.200012000  8.300000000 -0.022752663100
964.225037000  8.300000000 -0.022424446400
964.250000000  8.300000000 -0.022083055200
964.275024000  8.300000000 -0.021728701900
964.300049000  8.300000000 -0.021361578300
964.325012000  8.300000000 -0.020981887400
964.350037000  8.300000000 -0.020589809900
964.375000000  8.300000000 -0.020185537600
964.400024000  8.300000000 -0.019769270000
964.425049000  8.300000000 -0.019341215500
964.450012000  8.300000000 -0.018901567900
964.475037000  8.300000000 -0.018450565600
964.500000000  8.300000000 -0.017988421000
964.525024000  8.300000000 -0.017515385500
964.550049000  8.300000000 -0.017031701300
964.575012000  8.300000000 -0.016537671900
964.600037000  8.300000000 -0.016033588000
964.625000000  8.300000000 -0.015519780100
964.650024000  8.300000000 -0.014996611500
964.675049000  8.300000000 -0.014464458500
964.700012000  8.300000000 -0.013923743700
964.725037000  8.300000000 -0.013374905100
964.750000000  8.300000000 -0.012818422200
964.775024000  8.300000000 -0.012254792300
964.800049000  8.300000000 -0.011684552800
964.825012000  8.300000000 -0.011108248500
964.850037000  8.300000000 -0.010526461500
964.875000000  8.300000000 -0.009939792570
964.900024000  8.300000000 -0.009348876770
964.925049000  8.300000000 -0.008754380050
964.950012000  8.300000000 -0.008156999010
964.975037000  8.300000000 -0.007557491770
965.000000000  8.300000000 -0.006956659720
965.025024000  8.300000000 -0.006355373650
965.050049000  8.300000000 -0.005754568150
965.075012000  8.300000000 -0.005155257420
965.100037000  8.300000000 -0.004558524580
965.125000000  8.300000000 -0.003965549640
965.150024000  8.300000000 -0.003377580080
965.175049000  8.300000000 -0.002795961920
965.200012000  8.300000000 -0.002222130540
965.225037000  8.300000000 -0.001657625890
965.250000000  8.300000000 -0.001104075000
965.275024000  8.300000000 -0.000563193287
965.300049000  8.300000000 -0.000036792910
965.325012000  8.300000000 0.000473228167
965.350037000  8.300000000 0.000964924693
965.375000000  8.300000000 0.001436272750
965.400024000  8.300000000 0.001885230770
965.425049000  8.300000000 0.002309724690
965.450012000  8.300000000 0.002707648560
965.475037000  8.300000000 0.003076921680
965.500000000  8.300000000 0.003415478390
965.525024000  8.300000000 0.003721276300
965.550049000  8.300000000 0.003992298150
965.575012000  8.300000000 0.004226624030
965.600037000  8.300000000 0.004422357770
965.625000000  8.300000000 0.004577711690
965.650024000  8.300000000 0.004690976350
965.675049000  8.300000000 0.004760562440
965.700012000  8.300000000 0.004784978460
965.725037000  8.300000000 0.004762870260
965.750000000  8.300000000 0.004693032710
965.775024000  8.300000000 0.004574385470
965.800049000  8.300000000 0.004406011660
965.825012000  8.300000000 0.004187141550
965.850037000  8.300000000 0.003917189780
965.875000000  8.300000000 0.003595720740
965.900024000  8.300000000 0.003222488800
965.925049000  8.300000000 0.002797424790
965.950012000  8.300000000 0.002320679140
965.975037000  8.300000000 0.001792582450
966.000000000  8.300000000 0.001213678970
966.025024000  8.300000000 0.000584731635
966.050049000  8.300000000 -0.000093299088
966.075012000  8.300000000 -0.000819220906
966.100037000  8.300000000 -0.001591644370
966.125000000  8.300000000 -0.002408976430
966.150024000  8.300000000 -0.003269405570
966.175049000  8.300000000 -0.004170943050
966.200012000  8.300000000 -0.005111411680
966.225037000  8.300000000 -0.006088471970
966.250000000  8.300000000 -0.007099632170
966.275024000  8.300000000 -0.008142260830
966.300049000  8.300000000 -0.009213604960
966.325012000  8.300000000 -0.010310796100
966.350037000  8.300000000 -0.011430906100
966.375000000  8.300000000 -0.012570901800
966.400024000  8.300000000 -0.013727724600
966.425049000  8.300000000 -0.014898296400
966.450012000  8.300000000 -0.016079517100
966.475037000  8.300000000 -0.017268298200
966.500000000  8.300000000 -0.018461613000
966.525024000  8.300000000 -0.019656481200
966.550049000  8.300000000 -0.020849991600
966.575012000  8.300000000 -0.022039320300
966.600037000  8.300000000 -0.023221783300
966.625000000  8.300000000 -0.024394778500
966.650024000  8.300000000 -0.025555890100
966.675049000  8.300000000 -0.026702797000
966.700012000  8.300000000 -0.027833350000
966.725037000  8.300000000 -0.028945537300
966.750000000  8.300000000 -0.030037483200
966.775024000  8.300000000 -0.031107474100
966.800049000  8.300000000 -0.032153915600
966.825012000  8.300000000 -0.033175386500
966.850037000  8.300000000 -0.034170568000
966.875000000  8.300000000 -0.035138290400
966.900024000  8.300000000 -0.036077480800
966.925049000  8.300000000 -0.036987207800
966.950012000  8.300000000 -0.037866588700
966.975037000  8.300000000 -0.038714841000
967.000000000  8.300000000 -0.039531257000
967.025024000  8.300000000 -0.040315147500
967.050049000  8.300000000 -0.041065882900
967.075012000  8.300000000 -0.041782852300
967.100037000  8.300000000 -0.042465463300
967.125000000  8.300000000 -0.043113149700
967.150024000  8.300000000 -0.043725334100
967.175049000  8.300000000 -0.044301483800
967.200012000  8.300000000 -0.044841066000
967.225037000  8.300000000 -0.045343596500
967.250000000  8.300000000 -0.045808631900
967.275024000  8.300000000 -0.046235770000
967.300049000  8.300000000 -0.046624697700
967.325012000  8.300000000 -0.046975150700
967.350037000  8.300000000 -0.047286998500
967.375000000  8.300000000 -0.047560185200
967.400024000  8.300000000 -0.047794777900
967.425049000  8.300000000 -0.047990985200
967.450012000  8.300000000 -0.048149105200
967.475037000  8.300000000 -0.048269592200
967.500000000  8.300000000 -0.048353049900
967.525024000  8.300000000 -0.048400174800
967.550049000  8.300000000 -0.048411808900
967.575012000  8.300000000 -0.048388905800
967.600037000  8.300000000 -0.048332504900
967.625000000  8.300000000 -0.048243738700
967.650024000  8.300000000 -0.048123810400
967.675049000  8.300000000 -0.047973953200
967.700012000  8.300000000 -0.047795437300
967.725037000  8.300000000 -0.047589518100
967.750000000  8.300000000 -0.047357387800
967.775024000  8.300000000 -0.047100201200
967.800049000  8.300000000 -0.046819023800
967.825012000  8.300000000 -0.046514749500
967.850037000  8.300000000 -0.046188205500
967.875000000  8.300000000 -0.045839957900
967.900024000  8.300000000 -0.045470420300
967.925049000  8.300000000 -0.045079764000
967.950012000  8.300000000 -0.044667929400
967.975037000  8.300000000 -0.044234585000
968.000000000  8.300000000 -0.043779164600
968.025024000  8.300000000 -0.043300837300
968.050049000  8.300000000 -0.042798504200
968.075012000  8.300000000 -0.042270824300
968.100037000  8.300000000 -0.041716232900
968.125000000  8.300000000 -0.041132949300
968.150024000  8.300000000 -0.040518995400
968.175049000  8.300000000 -0.039872225400
968.200012000  8.300000000 -0.039190359400
968.225037000  8.300000000 -0.038470979800
968.250000000  8.300000000 -0.037711616600
968.275024000  8.300000000 -0.036909718100
968.300049000  8.300000000 -0.036062691400
968.325012000  8.300000000 -0.035167943700
968.350037000  8.300000000 -0.034222912000
968.375000000  8.300000000 -0.033225059500
968.400024000  8.300000000 -0.032171949700
968.425049000  8.300000000 -0.031061219100
968.450012000  8.300000000 -0.029890650900
968.475037000  8.300000000 -0.028658133000
968.500000000  8.300000000 -0.027361758100
968.525024000  8.300000000 -0.025999724900
968.550049000  8.300000000 -0.024570453900
968.575012000  8.300000000 -0.023072540800
968.600037000  8.300000000 -0.021504817500
968.625000000  8.300000000 -0.019866319400
968.650024000  8.300000000 -0.018156331000
968.675049000  8.300000000 -0.016374381300
968.700012000  8.300000000 -0.014520281900
968.725037000  8.300000000 -0.012594106600
968.750000000  8.300000000 -0.010596267900
968.775024000  8.300000000 -0.008527461440
968.800049000  8.300000000 -0.006388752260
968.825012000  8.300000000 -0.004181574100
968.850037000  8.300000000 -0.001907714180
968.875000000  8.300000000 0.000430592365
968.900024000  8.300000000 0.002830732150
968.925049000  8.300000000 0.005289655640
968.950012000  8.300000000 0.007803858720
968.975037000  8.300000000 0.010369407900
969.000000000  8.300000000 0.012981914000
969.025024000  8.300000000 0.015636559600
969.050049000  8.300000000 0.018328117200
969.075012000  8.300000000 0.021050944900
969.100037000  8.300000000 0.023799026400
969.125000000  8.300000000 0.026566026700
969.150024000  8.300000000 0.029345275800
969.175049000  8.300000000 0.032129861400
969.200012000  8.300000000 0.034912642100
969.225037000  8.300000000 0.037686325600
969.250000000  8.300000000 0.040443465100
969.275024000  8.300000000 0.043176602600
969.300049000  8.300000000 0.045878242700
969.325012000  8.300000000 0.048540964700
969.350037000  8.300000000 0.051157437300
969.375000000  8.300000000 0.053720463100
969.400024000  8.300000000 0.056223057200
969.425049000  8.300000000 0.058658424800
969.450012000  8.300000000 0.061020065100
969.475037000  8.300000000 0.063301794200
969.500000000  8.300000000 0.065497718800
969.525024000  8.300000000 0.067602336400
969.550049000  8.300000000 0.069610536100
969.575012000  8.300000000 0.071517571800
969.600037000  8.300000000 0.073319159400
969.625000000  8.300000000 0.075011432200
969.650024000  8.300000000 0.076590985100
969.675049000  8.300000000 0.078054897500
969.700012000  8.300000000 0.079400651200
969.725037000  8.300000000 0.080626301500
969.750000000  8.300000000 0.081730336000
969.775024000  8.300000000 0.082711748800
969.800049000  8.300000000 0.083570025900
969.825012000  8.300000000 0.084305159700
969.850037000  8.300000000 0.084917642200
969.875000000  8.300000000 0.085408441700
969.900024000  8.300000000 0.085779048500
969.925049000  8.300000000 0.086031444400
969.950012000  8.300000000 0.086168050800
969.975037000  8.300000000 0.086191803200
970.000000000  8.300000000 0.086106061900
970.025024000  8.300000000 0.085914649100
970.050049000  8.300000000 0.085621774200
970.075012000  8.300000000 0.085232064100
970.100037000  8.300000000 0.084750443700
970.125000000  8.300000000 0.084182202800
970.150024000  8.300000000 0.083532847500
970.175049000  8.300000000 0.082808159300
970.200012000  8.300000000 0.082014083900
970.225037000  8.300000000 0.081156738100
970.250000000  8.300000000 0.080242291100
970.275024000  8.300000000 0.079277016200
970.300049000  8.300000000 0.078267179400
970.325012000  8.300000000 0.077218987000
970.350037000  8.300000000 0.076138593300
970.375000000  8.300000000 0.075032025600
970.400024000  8.300000000 0.073905155100
970.425049000  8.300000000 0.072763606900
970.450012000  8.300000000 0.071612805100
970.475037000  8.300000000 0.070457890600
970.500000000  8.300000000 0.069303721200
970.525024000  8.300000000 0.068154767200
970.550049000  8.300000000 0.067015238100
970.575012000  8.300000000 0.065888933800
970.600037000  8.300000000 0.064779289100
970.625000000  8.300000000 0.063689358500
970.650024000  8.300000000 0.062621817000
970.675049000  8.300000000 0.061578948100
970.700012000  8.300000000 0.060562633000
970.725037000  8.300000000 0.059574388000
970.750000000  8.300000000 0.058615330600
970.775024000  8.300000000 0.057686224600
970.800049000  8.300000000 0.056787502000
970.825012000  8.300000000 0.055919211400
970.850037000  8.300000000 0.055081117900
970.875000000  8.300000000 0.054272651700
970.900024000  8.300000000 0.053492985700
970.925049000  8.300000000 0.052741013500
970.950012000  8.300000000 0.052015412600
970.975037000  8.300000000 0.051314644500
971.000000000  8.300000000 0.050636995600
971.025024000  8.300000000 0.049980618100
971.050049000  8.300000000 0.049343545000
971.075012000  8.300000000 0.048723746100
971.100037000  8.300000000 0.048119109100
971.125000000  8.300000000 0.047527551700
971.150024000  8.300000000 0.046946976300
971.175049000  8.300000000 0.046375345400
971.200012000  8.300000000 0.045810710600
971.225037000  8.300000000 0.045251183200
971.250000000  8.300000000 0.044695057000
971.275024000  8.300000000 0.044140722600
971.300049000  8.300000000 0.043586812900
971.325012000  8.300000000 0.043032102300
971.350037000  8.300000000 0.042475592300
971.375000000  8.300000000 0.041916519400
971.400024000  8.300000000 0.041354320900
971.425049000  8.300000000 0.040788661700
971.450012000  8.300000000 0.040219452200
971.475037000  8.300000000 0.039646796900
971.500000000  8.300000000 0.039071016000
971.525024000  8.300000000 0.038492653500
971.550049000  8.300000000 0.037912443300
971.575012000  8.300000000 0.037331294300
971.600037000  8.300000000 0.036750294300
971.625000000  8.300000000 0.036170654000
971.650024000  8.300000000 0.035593725700
971.675049000  8.300000000 0.035020977300
971.700012000  8.300000000 0.034453954500
971.725037000  8.300000000 0.033894244600
971.750000000  8.300000000 0.033343493900
971.775024000  8.300000000 0.032803349200
971.800049000  8.300000000 0.032275427100
971.825012000  8.300000000 0.031761314700
971.850037000  8.300000000 0.031262517000
971.875000000  8.300000000 0.030780445800
971.900024000  8.300000000 0.030316378900
971.925049000  8.300000000 0.029871482400
971.950012000  8.300000000 0.029446721100
971.975037000  8.300000000 0.029042907100
972.000000000  8.300000000 0.028660653200
972.025024000  8.300000000 0.028300371000
972.050049000  8.300000000 0.027962228300
972.075012000  8.300000000 0.027646182100
972.100037000  8.300000000 0.027351968000
972.125000000  8.300000000 0.027079105400
972.150024000  8.300000000 0.026826866000
972.175049000  8.300000000 0.026594355700
972.200012000  8.300000000 0.026380440200
972.225037000  8.300000000 0.026183825000
972.250000000  8.300000000 0.026003003100
972.275024000  8.300000000 0.025836283300
972.300049000  8.300000000 0.025681845800
972.325012000  8.300000000 0.025537675200
972.350037000  8.300000000 0.025401610900
972.375000000  8.300000000 0.025271380300
972.400024000  8.300000000 0.025144565900
972.425049000  8.300000000 0.025018634300
972.450012000  8.300000000 0.024890974200
972.475037000  8.300000000 0.024758882800
972.500000000  8.300000000 0.024619640800
972.525024000  8.300000000 0.024470455900
972.550049000  8.300000000 0.024308575300
972.575012000  8.300000000 0.024131262700
972.600037000  8.300000000 0.023935873100
972.625000000  8.300000000 0.023719828600
972.650024000  8.300000000 0.023480733900
972.675049000  8.300000000 0.023216299700
972.700012000  8.300000000 0.022924464200
972.725037000  8.300000000 0.022603346000
972.750000000  8.300000000 0.022251296800
972.775024000  8.300000000 0.021866919500
972.800049000  8.300000000 0.021449083500
972.825012000  8.300000000 0.020996913300
972.850037000  8.300000000 0.020509842800
972.875000000  8.300000000 0.019987585000
972.900024000  8.300000000 0.019430145600
972.925049000  8.300000000 0.018837837500
972.950012000  8.300000000 0.018211223200
972.975037000  8.300000000 0.017551193000
973.000000000  8.300000000 0.016858834800
973.025024000  8.300000000 0.016135545400
973.050049000  8.300000000 0.015382903600
973.075012000  8.300000000 0.014602746800
973.100037000  8.300000000 0.013797056900
973.125000000  8.300000000 0.012968017700
973.150024000  8.300000000 0.012117940000
973.175049000  8.300000000 0.011249244200
973.200012000  8.300000000 0.010364442100
973.225037000  8.300000000 0.009466089310
973.250000000  8.300000000 0.008556763640
973.275024000  8.300000000 0.007639042570
973.300049000  8.300000000 0.006715427150
973.325012000  8.300000000 0.005788361190
973.350037000  8.300000000 0.004860173910
973.375000000  8.300000000 0.003933039960
973.400024000  8.300000000 0.003008958650
973.425049000  8.300000000 0.002089724880
973.450012000  8.300000000 0.001176881020
973.475037000  8.300000000 0.000271718134
973.500000000  8.300000000 -0.000624747074
973.525024000  8.300000000 -0.001511810230
973.550049000  8.300000000 -0.002389066620
973.575012000  8.300000000 -0.003256421070
973.600037000  8.300000000 -0.004114088600
973.625000000  8.300000000 -0.004962592850
973.650024000  8.300000000 -0.005802740340
973.675049000  8.300000000 -0.006635628170
973.700012000  8.300000000 -0.007462600710
973.725037000  8.300000000 -0.008285260760
973.750000000  8.300000000 -0.009105406700
973.775024000  8.300000000 -0.009925035760
973.800049000  8.300000000 -0.010746284400
973.825012000  8.300000000 -0.011571420400
973.850037000  8.300000000 -0.012402783100
973.875000000  8.300000000 -0.013242775600
973.900024000  8.300000000 -0.014093812600
973.925049000  8.300000000 -0.014958278300
973.950012000  8.300000000 -0.015838535500
973.975037000  8.300000000 -0.016736837100
974.000000000  8.300000000 -0.017655316700
974.025024000  8.300000000 -0.018595997200
974.050049000  8.300000000 -0.019560713300
974.075012000  8.300000000 -0.020551117100
974.100037000  8.300000000 -0.021568659700
974.125000000  8.300000000 -0.022614566600
974.150024000  8.300000000 -0.023689840000
974.175049000  8.300000000 -0.024795267700
974.200012000  8.300000000 -0.025931397500
974.225037000  8.300000000 -0.027098568200
974.250000000  8.300000000 -0.028296914000
974.275024000  8.300000000 -0.029526367800
974.300049000  8.300000000 -0.030786693100
974.325012000  8.300000000 -0.032077446600
974.350037000  8.300000000 -0.033398047100
974.375000000  8.300000000 -0.034747745800
974.400024000  8.300000000 -0.036125667400
974.425049000  8.300000000 -0.037530787300
974.450012000  8.300000000 -0.038961969300
974.475037000  8.300000000 -0.040417999000
974.500000000  8.300000000 -0.041897524100
974.525024000  8.300000000 -0.043399125300
974.550049000  8.300000000 -0.044921290100
974.575012000  8.300000000 -0.046462412900
974.600037000  8.300000000 -0.048020828500
974.625000000  8.300000000 -0.049594789700
974.650024000  8.300000000 -0.051182445100
974.675049000  8.300000000 -0.052781928300
974.700012000  8.300000000 -0.054391253700
974.725037000  8.300000000 -0.056008406000
974.750000000  8.300000000 -0.057631276500
974.775024000  8.300000000 -0.059257723400
974.800049000  8.300000000 -0.060885570900
974.825012000  8.300000000 -0.062512531900
974.850037000  8.300000000 -0.064136311400
974.875000000  8.300000000 -0.065754517900
974.900024000  8.300000000 -0.067364737400
974.925049000  8.300000000 -0.068964436700
974.950012000  8.300000000 -0.070551037800
974.975037000  8.300000000 -0.072121888400
975.000000000  8.300000000 -0.073674194500
975.025024000  8.300000000 -0.075205110000
975.050049000  8.300000000 -0.076711699400
975.075012000  8.300000000 -0.078190870600
975.100037000  8.300000000 -0.079639457200
975.125000000  8.300000000 -0.081054218100
975.150024000  8.300000000 -0.082431748500
975.175049000  8.300000000 -0.083768583800
975.200012000  8.300000000 -0.085061170200
975.225037000  8.300000000 -0.086305849300
975.250000000  8.300000000 -0.087498955400
975.275024000  8.300000000 -0.088636748500
975.300049000  8.300000000 -0.089715458500
975.325012000  8.300000000 -0.090731352600
975.350037000  8.300000000 -0.091680690600
975.375000000  8.300000000 -0.092559844300
975.400024000  8.300000000 -0.093365199900
975.425049000  8.300000000 -0.094093352600
975.450012000  8.300000000 -0.094740979400
975.475037000  8.300000000 -0.095304973400
975.500000000  8.300000000 -0.095782436400
975.525024000  8.300000000 -0.096170738300
975.550049000  8.300000000 -0.096467487500
975.575012000  8.300000000 -0.096670620100
975.600037000  8.300000000 -0.096778370400
975.625000000  8.300000000 -0.096789352600
975.650024000  8.300000000 -0.096702553300
975.675049000  8.300000000 -0.096517324400
975.700012000  8.300000000 -0.096233449900
975.725037000  8.300000000 -0.095851078600
975.750000000  8.300000000 -0.095370799300
975.775024000  8.300000000 -0.094793602800
975.800049000  8.300000000 -0.094120897400
975.825012000  8.300000000 -0.093354515700
975.850037000  8.300000000 -0.092496678200
975.875000000  8.300000000 -0.091550000000
975.900024000  8.300000000 -0.090517491100
975.925049000  8.300000000 -0.089402571300
975.950012000  8.300000000 -0.088209010700
975.975037000  8.300000000 -0.086940966500
976.000000000  8.300000000 -0.085602901900
976.025024000  8.300000000 -0.084199592500
976.050049000  8.300000000 -0.082736112200
976.075012000  8.300000000 -0.081217773300
976.100037000  8.300000000 -0.079650089100
976.125000000  8.300000000 -0.078038722300
976.150024000  8.300000000 -0.076389506500
976.175049000  8.300000000 -0.074708327700
976.200012000  8.300000000 -0.073001109100
976.225037000  8.300000000 -0.071273773900
976.250000000  8.300000000 -0.069532185800
976.275024000  8.300000000 -0.067782163600
976.300049000  8.300000000 -0.066029377300
976.325012000  8.300000000 -0.064279362600
976.350037000  8.300000000 -0.062537454100
976.375000000  8.300000000 -0.060808815100
976.400024000  8.300000000 -0.059098348000
976.425049000  8.300000000 -0.057410687200
976.450012000  8.300000000 -0.055750202400
976.475037000  8.300000000 -0.054120961600
976.500000000  8.300000000 -0.052526708700
976.525024000  8.300000000 -0.050970830000
976.550049000  8.300000000 -0.049456387800
976.575012000  8.300000000 -0.047986030600
976.600037000  8.300000000 -0.046562060700
976.625000000  8.300000000 -0.045186374300
976.650024000  8.300000000 -0.043860457800
976.675049000  8.300000000 -0.042585413900
976.700012000  8.300000000 -0.041361939200
976.725037000  8.300000000 -0.040190339100
976.750000000  8.300000000 -0.039070505600
976.775024000  8.300000000 -0.038001958300
976.800049000  8.300000000 -0.036983877400
976.825012000  8.300000000 -0.036015082200
976.850037000  8.300000000 -0.035094093500
976.875000000  8.300000000 -0.034219138300
976.900024000  8.300000000 -0.033388193700
976.925049000  8.300000000 -0.032599017000
976.950012000  8.300000000 -0.031849168200
976.975037000  8.300000000 -0.031136049000
977.000000000  8.300000000 -0.030456965800
977.025024000  8.300000000 -0.029809124800
977.050049000  8.300000000 -0.029189694700
977.075012000  8.300000000 -0.028595844300
977.100037000  8.300000000 -0.028024792700
977.125000000  8.300000000 -0.027473831500
977.150024000  8.300000000 -0.026940377400
977.175049000  8.300000000 -0.026422012600
977.200012000  8.300000000 -0.025916537300
977.225037000  8.300000000 -0.025421982600
977.250000000  8.300000000 -0.024936644400
977.275024000  8.300000000 -0.024459134800
977.300049000  8.300000000 -0.023988364300
977.325012000  8.300000000 -0.023523604500
977.350037000  8.300000000 -0.023064473600
977.375000000  8.300000000 -0.022610962400
977.400024000  8.300000000 -0.022163426500
977.425049000  8.300000000 -0.021722590600
977.450012000  8.300000000 -0.021289564700
977.475037000  8.300000000 -0.020865825900
977.500000000  8.300000000 -0.020453162500
977.525024000  8.300000000 -0.020053725700
977.550049000  8.300000000 -0.019669914600
977.575012000  8.300000000 -0.019304443200
977.600037000  8.300000000 -0.018960269200
977.625000000  8.300000000 -0.018640572200
977.650024000  8.300000000 -0.018348736700
977.675049000  8.300000000 -0.018088314700
977.700012000  8.300000000 -0.017862990500
977.725037000  8.300000000 -0.017676563900
977.750000000  8.300000000 -0.017532913000
977.775024000  8.300000000 -0.017435926900
977.800049000  8.300000000 -0.017389508000
977.825012000  8.300000000 -0.017397489400
977.850037000  8.300000000 -0.017463643100
977.875000000  8.300000000 -0.017591575200
977.900024000  8.300000000 -0.017784748200
977.925049000  8.300000000 -0.018046382800
977.950012000  8.300000000 -0.018379438700
977.975037000  8.300000000 -0.018786560700
978.000000000  8.300000000 -0.019270034500
978.025024000  8.300000000 -0.019831748700
978.050049000  8.300000000 -0.020473169200
978.075012000  8.300000000 -0.021195277600
978.100037000  8.300000000 -0.021998552600
978.125000000  8.300000000 -0.022882940200
978.150024000  8.300000000 -0.023847833300
978.175049000  8.300000000 -0.024892017200
978.200012000  8.300000000 -0.026013705900
978.225037000  8.300000000 -0.027210520600
978.250000000  8.300000000 -0.028479462500
978.275024000  8.300000000 -0.029816957200
978.300049000  8.300000000 -0.031218819300
978.325012000  8.300000000 -0.032680328900
978.350037000  8.300000000 -0.034196209200
978.375000000  8.300000000 -0.035760652300
978.400024000  8.300000000 -0.037367425900
978.425049000  8.300000000 -0.039009831800
978.450012000  8.300000000 -0.040680799600
978.475037000  8.300000000 -0.042372942000
978.500000000  8.300000000 -0.044078577300
978.525024000  8.300000000 -0.045789826700
978.550049000  8.300000000 -0.047498647100
978.575012000  8.300000000 -0.049196861700
978.600037000  8.300000000 -0.050876256100
978.625000000  8.300000000 -0.052528649600
978.650024000  8.300000000 -0.054145894900
978.675049000  8.300000000 -0.055719941900
978.700012000  8.300000000 -0.057242959700
978.725037000  8.300000000 -0.058707326700
978.750000000  8.300000000 -0.060105666500
978.775024000  8.300000000 -0.061430942300
978.800049000  8.300000000 -0.062676452100
978.825012000  8.300000000 -0.063835866700
978.850037000  8.300000000 -0.064903296500
978.875000000  8.300000000 -0.065873228000
978.900024000  8.300000000 -0.066740691700
978.925049000  8.300000000 -0.067501097900
978.950012000  8.300000000 -0.068150423500
978.975037000  8.300000000 -0.068685144200
979.000000000  8.300000000 -0.069102227700
979.025024000  8.300000000 -0.069399245100
979.050049000  8.300000000 -0.069574281600
979.075012000  8.300000000 -0.069625958800
979.100037000  8.300000000 -0.069553501900
979.125000000  8.300000000 -0.069356657600
979.150024000  8.300000000 -0.069035761100
979.175049000  8.300000000 -0.068591669200
979.200012000  8.300000000 -0.068025849800
979.225037000  8.300000000 -0.067340262200
979.250000000  8.300000000 -0.066537424900
979.275024000  8.300000000 -0.065620310600
979.300049000  8.300000000 -0.064592458300
979.325012000  8.300000000 -0.063457794500
979.350037000  8.300000000 -0.062220688900
979.375000000  8.300000000 -0.060885883900
979.400024000  8.300000000 -0.059458542600
979.425049000  8.300000000 -0.057944018400
979.450012000  8.300000000 -0.056348033200
979.475037000  8.300000000 -0.054676454500
979.500000000  8.300000000 -0.052935320900
979.525024000  8.300000000 -0.051130771600
979.550049000  8.300000000 -0.049268998200
979.575012000  8.300000000 -0.047356184600
979.600037000  8.300000000 -0.045398443900
979.625000000  8.300000000 -0.043401774000
979.650024000  8.300000000 -0.041372049600
979.675049000  8.300000000 -0.039314888400
979.700012000  8.300000000 -0.037235647400
979.725037000  8.300000000 -0.035139378200
979.750000000  8.300000000 -0.033030811700
979.775024000  8.300000000 -0.030914260100
979.800049000  8.300000000 -0.028793627400
979.825012000  8.300000000 -0.026672398700
979.850037000  8.300000000 -0.024553595100
979.875000000  8.300000000 -0.022439776000
979.900024000  8.300000000 -0.020333012600
979.925049000  8.300000000 -0.018234923500
979.950012000  8.300000000 -0.016146654300
979.975037000  8.300000000 -0.014068870800
980.000000000  8.300000000 -0.012001792900
980.025024000  8.300000000 -0.009945195170
980.050049000  8.300000000 -0.007898444310
980.075012000  8.300000000 -0.005860510280
980.100037000  8.300000000 -0.003830008210
980.125000000  8.300000000 -0.001805207920
980.150024000  8.300000000 0.000215932887
980.175049000  8.300000000 0.002235747870
980.200012000  8.300000000 0.004256821240
980.225037000  8.300000000 0.006281925830
980.250000000  8.300000000 0.008314047010
980.275024000  8.300000000 0.010356276300
980.300049000  8.300000000 0.012411822600
980.325012000  8.300000000 0.014483952900
980.350037000  8.300000000 0.016575958600
980.375000000  8.300000000 0.018691098300
980.400024000  8.300000000 0.020832615000
980.425049000  8.300000000 0.023003639700
980.450012000  8.300000000 0.025207186100
980.475037000  8.300000000 0.027446115400
980.500000000  8.300000000 0.029723092900
980.525024000  8.300000000 0.032040566200
980.550049000  8.300000000 0.034400701500
980.575012000  8.300000000 0.036805413700
980.600037000  8.300000000 0.039256263500
980.625000000  8.300000000 0.041754514000
980.650024000  8.300000000 0.044301059100
980.675049000  8.300000000 0.046896405500
980.700012000  8.300000000 0.049540694800
980.725037000  8.300000000 0.052233602900
980.750000000  8.300000000 0.054974440500
980.775024000  8.300000000 0.057762049100
980.800049000  8.300000000 0.060594797100
980.825012000  8.300000000 0.063470624400
980.850037000  8.300000000 0.066387012600
980.875000000  8.300000000 0.069340989000
980.900024000  8.300000000 0.072329141200
980.925049000  8.300000000 0.075347565100
980.950012000  8.300000000 0.078392021400
980.975037000  8.300000000 0.081457808600
981.000000000  8.300000000 0.084539845600
981.025024000  8.300000000 0.087632753000
981.050049000  8.300000000 0.090730764000
981.075012000  8.300000000 0.093827858600
981.100037000  8.300000000 0.096917741000
981.125000000  8.300000000 0.099993936700
981.150024000  8.300000000 0.103049703000
981.175049000  8.300000000 0.106078275000
981.200012000  8.300000000 0.109072685000
981.225037000  8.300000000 0.112026036000
981.250000000  8.300000000 0.114931338000
981.275024000  8.300000000 0.117781684000
981.300049000  8.300000000 0.120570280000
981.325012000  8.300000000 0.123290405000
981.350037000  8.300000000 0.125935614000
981.375000000  8.300000000 0.128499612000
981.400024000  8.300000000 0.130976453000
981.425049000  8.300000000 0.133360401000
981.450012000  8.300000000 0.135646120000
981.475037000  8.300000000 0.137828603000
981.500000000  8.300000000 0.139903292000
981.525024000  8.300000000 0.141865999000
981.550049000  8.300000000 0.143712968000
981.575012000  8.300000000 0.145440936000
981.600037000  8.300000000 0.147047102000
981.625000000  8.300000000 0.148529142000
981.650024000  8.300000000 0.149885222000
981.675049000  8.300000000 0.151114032000
981.700012000  8.300000000 0.152214691000
981.725037000  8.300000000 0.153186858000
981.750000000  8.300000000 0.154030710000
981.775024000  8.300000000 0.154746845000
981.800049000  8.300000000 0.155336335000
981.825012000  8.300000000 0.155800745000
981.850037000  8.300000000 0.156142071000
981.875000000  8.300000000 0.156362683000
981.900024000  8.300000000 0.156465352000
981.925049000  8.300000000 0.156453222000
981.950012000  8.300000000 0.156329781000
981.975037000  8.300000000 0.156098753000
982.000000000  8.300000000 0.155764237000
982.025024000  8.300000000 0.155330464000
982.050049000  8.300000000 0.154801905000
982.075012000  8.300000000 0.154183179000
982.100037000  8.300000000 0.153478980000
982.125000000  8.300000000 0.152694106000
982.150024000  8.300000000 0.151833415000
982.175049000  8.300000000 0.150901705000
982.200012000  8.300000000 0.149903789000
982.225037000  8.300000000 0.148844317000
982.250000000  8.300000000 0.147728026000
982.275024000  8.300000000 0.146559313000
982.300049000  8.300000000 0.145342514000
982.325012000  8.300000000 0.144081846000
982.350037000  8.300000000 0.142781258000
982.375000000  8.300000000 0.141444460000
982.400024000  8.300000000 0.140074983000
982.425049000  8.300000000 0.138676152000
982.450012000  8.300000000 0.137251005000
982.475037000  8.300000000 0.135802388000
982.500000000  8.300000000 0.134332910000
982.525024000  8.300000000 0.132844970000
982.550049000  8.300000000 0.131340727000
982.575012000  8.300000000 0.129822195000
982.600037000  8.300000000 0.128291145000
982.625000000  8.300000000 0.126749203000
982.650024000  8.300000000 0.125197858000
982.675049000  8.300000000 0.123638436000
982.700012000  8.300000000 0.122072190000
982.725037000  8.300000000 0.120500185000
982.750000000  8.300000000 0.118923523000
982.775024000  8.300000000 0.117343143000
982.800049000  8.300000000 0.115760036000
982.825012000  8.300000000 0.114175156000
982.850037000  8.300000000 0.112589441000
982.875000000  8.300000000 0.111003816000
982.900024000  8.300000000 0.109419234000
982.925049000  8.300000000 0.107836716000
982.950012000  8.300000000 0.106257230000
982.975037000  8.300000000 0.104681872000
983.000000000  8.300000000 0.103111774000
983.025024000  8.300000000 0.101548068000
983.050049000  8.300000000 0.099991940000
983.075012000  8.300000000 0.098444640600
983.100037000  8.300000000 0.096907451700
983.125000000  8.300000000 0.095381602600
983.150024000  8.300000000 0.093868412100
983.175049000  8.300000000 0.092369206200
983.200012000  8.300000000 0.090885222000
983.225037000  8.300000000 0.089417770500
983.250000000  8.300000000 0.087968066300
983.275024000  8.300000000 0.086537301500
983.300049000  8.300000000 0.085126549000
983.325012000  8.300000000 0.083736896500
983.350037000  8.300000000 0.082369253000
983.375000000  8.300000000 0.081024505200
983.400024000  8.300000000 0.079703323500
983.425049000  8.300000000 0.078406326500
983.450012000  8.300000000 0.077133953600
983.475037000  8.300000000 0.075886480500
983.500000000  8.300000000 0.074664041400
983.525024000  8.300000000 0.073466539400
983.550049000  8.300000000 0.072293780700
983.575012000  8.300000000 0.071145393000
983.600037000  8.300000000 0.070020802300
983.625000000  8.300000000 0.068919315900
983.650024000  8.300000000 0.067840039700
983.675049000  8.300000000 0.066781960400
983.700012000  8.300000000 0.065743938100
983.725037000  8.300000000 0.064724683800
983.750000000  8.300000000 0.063722826500
983.775024000  8.300000000 0.062736846500
983.800049000  8.300000000 0.061765257300
983.825012000  8.300000000 0.060806490500
983.850037000  8.300000000 0.059859011300
983.875000000  8.300000000 0.058921299900
983.900024000  8.300000000 0.057991929400
983.925049000  8.300000000 0.057069536300
983.950012000  8.300000000 0.056152898800
983.975037000  8.300000000 0.055240906800
984.000000000  8.300000000 0.054332681000
984.025024000  8.300000000 0.053427495100
984.050049000  8.300000000 0.052524820000
984.075012000  8.300000000 0.051624406100
984.100037000  8.300000000 0.050726164100
984.125000000  8.300000000 0.049830265300
984.150024000  8.300000000 0.048937123300
984.175049000  8.300000000 0.048047356300
984.200012000  8.300000000 0.047161795200
984.225037000  8.300000000 0.046281505400
984.250000000  8.300000000 0.045407708700
984.275024000  8.300000000 0.044541861900
984.300049000  8.300000000 0.043685503300
984.325012000  8.300000000 0.042840376500
984.350037000  8.300000000 0.042008269600
984.375000000  8.300000000 0.041191078700
984.400024000  8.300000000 0.040390778300
984.425049000  8.300000000 0.039609316700
984.450012000  8.300000000 0.038848675800
984.475037000  8.300000000 0.038110811300
984.500000000  8.300000000 0.037397626800
984.525024000  8.300000000 0.036710962700
984.550049000  8.300000000 0.036052562300
984.575012000  8.300000000 0.035424031300
984.600037000  8.300000000 0.034826837500
984.625000000  8.300000000 0.034262321900
984.650024000  8.300000000 0.033731587200
984.675049000  8.300000000 0.033235576000
984.700012000  8.300000000 0.032775033300
984.725037000  8.300000000 0.032350450800
984.750000000  8.300000000 0.031962126500
984.775024000  8.300000000 0.031610101500
984.800049000  8.300000000 0.031294222900
984.825012000  8.300000000 0.031014053200
984.850037000  8.300000000 0.030768971900
984.875000000  8.300000000 0.030558127900
984.900024000  8.300000000 0.030380455800
984.925049000  8.300000000 0.030234733600
984.950012000  8.300000000 0.030119577400
984.975037000  8.300000000 0.030033422600
985.000000000  8.300000000 0.029974637600
985.025024000  8.300000000 0.029941510400
985.050049000  8.300000000 0.029932206500
985.075012000  8.300000000 0.029944956300
985.100037000  8.300000000 0.029977859900
985.125000000  8.300000000 0.030029138600
985.150024000  8.300000000 0.030096981700
985.175049000  8.300000000 0.030179671900
985.200012000  8.300000000 0.030275523700
985.225037000  8.300000000 0.030382920100
985.250000000  8.300000000 0.030500331900
985.275024000  8.300000000 0.030626270900
985.300049000  8.300000000 0.030759327100
985.325012000  8.300000000 0.030898096000
985.350037000  8.300000000 0.031041240300
985.375000000  8.300000000 0.031187415100
985.400024000  8.300000000 0.031335290500
985.425049000  8.300000000 0.031483471400
985.450012000  8.300000000 0.031630538400
985.475037000  8.300000000 0.031775001400
985.500000000  8.300000000 0.031915266100
985.525024000  8.300000000 0.032049629800
985.550049000  8.300000000 0.032176293400
985.575012000  8.300000000 0.032293282400
985.600037000  8.300000000 0.032398484600
985.625000000  8.300000000 0.032489668600
985.650024000  8.300000000 0.032564442600
985.675049000  8.300000000 0.032620314500
985.700012000  8.300000000 0.032654661700
985.725037000  8.300000000 0.032664798200
985.750000000  8.300000000 0.032647948700
985.775024000  8.300000000 0.032601300600
985.800049000  8.300000000 0.032522060000
985.825012000  8.300000000 0.032407403000
985.850037000  8.300000000 0.032254576700
985.875000000  8.300000000 0.032060891400
985.900024000  8.300000000 0.031823799000
985.925049000  8.300000000 0.031540874400
985.950012000  8.300000000 0.031209878600
985.975037000  8.300000000 0.030828755300
986.000000000  8.300000000 0.030395694100
986.025024000  8.300000000 0.029909109700
986.050049000  8.300000000 0.029367717000
986.075012000  8.300000000 0.028770478400
986.100037000  8.300000000 0.028116691900
986.125000000  8.300000000 0.027405941900
986.150024000  8.300000000 0.026638157700
986.175049000  8.300000000 0.025813592600
986.200012000  8.300000000 0.024932812900
986.225037000  8.300000000 0.023996716400
986.250000000  8.300000000 0.023006506300
986.275024000  8.300000000 0.021963700700
986.300049000  8.300000000 0.020870104400
986.325012000  8.300000000 0.019727790700
986.350037000  8.300000000 0.018539069200
986.375000000  8.300000000 0.017306525300
986.400024000  8.300000000 0.016032896900
986.425049000  8.300000000 0.014721134700
986.450012000  8.300000000 0.013374324900
986.475037000  8.300000000 0.011995689000
986.500000000  8.300000000 0.010588549100
986.525024000  8.300000000 0.009156310930
986.550049000  8.300000000 0.007702421400
986.575012000  8.300000000 0.006230361290
986.600037000  8.300000000 0.004743597470
986.625000000  8.300000000 0.003245571630
986.650024000  8.300000000 0.001739672390
986.675049000  8.300000000 0.000229197190
986.700012000  8.300000000 -0.001282640270
986.725037000  8.300000000 -0.002792767250
986.750000000  8.300000000 -0.004298242740
986.775024000  8.300000000 -0.005796281620
986.800049000  8.300000000 -0.007284280840
986.825012000  8.300000000 -0.008759803140
986.850037000  8.300000000 -0.010220603100
986.875000000  8.300000000 -0.011664629900
986.900024000  8.300000000 -0.013090017300
986.925049000  8.300000000 -0.014495085000
986.950012000  8.300000000 -0.015878340200
986.975037000  8.300000000 -0.017238453000
987.000000000  8.300000000 -0.018574249000
987.025024000  8.300000000 -0.019884692500
987.050049000  8.300000000 -0.021168891300
987.075012000  8.300000000 -0.022426061300
987.100037000  8.300000000 -0.023655507700
987.125000000  8.300000000 -0.024856619500
987.150024000  8.300000000 -0.026028847300
987.175049000  8.300000000 -0.027171691900
987.200012000  8.300000000 -0.028284708000
987.225037000  8.300000000 -0.029367446900
987.250000000  8.300000000 -0.030419521000
987.275024000  8.300000000 -0.031440511300
987.300049000  8.300000000 -0.032430075100
987.325012000  8.300000000 -0.033387843500
987.350037000  8.300000000 -0.034313477600
987.375000000  8.300000000 -0.035206690400
987.400024000  8.300000000 -0.036067195200
987.425049000  8.300000000 -0.036894753600
987.450012000  8.300000000 -0.037689160600
987.475037000  8.300000000 -0.038450270900
987.500000000  8.300000000 -0.039177961600
987.525024000  8.300000000 -0.039872199300
987.550049000  8.300000000 -0.040532957800
987.575012000  8.300000000 -0.041160255700
987.600037000  8.300000000 -0.041754175000
987.625000000  8.300000000 -0.042314805100
987.650024000  8.300000000 -0.042842257800
987.675049000  8.300000000 -0.043336667100
987.700012000  8.300000000 -0.043798178400
987.725037000  8.300000000 -0.044226907200
987.750000000  8.300000000 -0.044622976300
987.775024000  8.300000000 -0.044986475300
987.800049000  8.300000000 -0.045317500800
987.825012000  8.300000000 -0.045616067900
987.850037000  8.300000000 -0.045882187800
987.875000000  8.300000000 -0.046115845400
987.900024000  8.300000000 -0.046316977600
987.925049000  8.300000000 -0.046485494800
987.950012000  8.300000000 -0.046621281700
987.975037000  8.300000000 -0.046724200200
988.000000000  8.300000000 -0.046794083000
988.025024000  8.300000000 -0.046830825500
988.050049000  8.300000000 -0.046834234100
988.075012000  8.300000000 -0.046804230700
988.100037000  8.300000000 -0.046740703300
988.125000000  8.300000000 -0.046643562600
988.150024000  8.300000000 -0.046512816100
988.175049000  8.300000000 -0.046348474900
988.200012000  8.300000000 -0.046150568900
988.225037000  8.300000000 -0.045919243200
988.250000000  8.300000000 -0.045654613500
988.275024000  8.300000000 -0.045356869700
988.300049000  8.300000000 -0.045026198000
988.325012000  8.300000000 -0.044662848100
988.350037000  8.300000000 -0.044267028600
988.375000000  8.300000000 -0.043838977800
988.400024000  8.300000000 -0.043378945400
988.425049000  8.300000000 -0.042887181000
988.450012000  8.300000000 -0.042363919300
988.475037000  8.300000000 -0.041809395000
988.500000000  8.300000000 -0.041223812800
988.525024000  8.300000000 -0.040607363000
988.550049000  8.300000000 -0.039960265200
988.575012000  8.300000000 -0.039282668400
988.600037000  8.300000000 -0.038574717900
988.625000000  8.300000000 -0.037836529300
988.650024000  8.300000000 -0.037068210500
988.675049000  8.300000000 -0.036269843600
988.700012000  8.300000000 -0.035441469400
988.725037000  8.300000000 -0.034583181100
988.750000000  8.300000000 -0.033695034700
988.775024000  8.300000000 -0.032777134300
988.800049000  8.300000000 -0.031829603000
988.825012000  8.300000000 -0.030852640000
988.850037000  8.300000000 -0.029846508100
988.875000000  8.300000000 -0.028811613100
988.900024000  8.300000000 -0.027748478600
988.925049000  8.300000000 -0.026657806700
988.950012000  8.300000000 -0.025540528800
988.975037000  8.300000000 -0.024397756900
989.000000000  8.300000000 -0.023230938200
989.025024000  8.300000000 -0.022041739900
989.050049000  8.300000000 -0.020832158600
989.075012000  8.300000000 -0.019604494800
989.100037000  8.300000000 -0.018361365400
989.125000000  8.300000000 -0.017105709800
989.150024000  8.300000000 -0.015840767000
989.175049000  8.300000000 -0.014570100200
989.200012000  8.300000000 -0.013297545700
989.225037000  8.300000000 -0.012027217100
989.250000000  8.300000000 -0.010763471000
989.275024000  8.300000000 -0.009510901760
989.300049000  8.300000000 -0.008274294440
989.325012000  8.300000000 -0.007058608350
989.350037000  8.300000000 -0.005868910350
989.375000000  8.300000000 -0.004710397220
989.400024000  8.300000000 -0.003588315570
989.425049000  8.300000000 -0.002507953900
989.450012000  8.300000000 -0.001474596090
989.475037000  8.300000000 -0.000493495550
989.500000000  8.300000000 0.000430163840
989.525024000  8.300000000 0.001291288410
989.550049000  8.300000000 0.002084925070
989.575012000  8.300000000 0.002806250470
989.600037000  8.300000000 0.003450641870
989.625000000  8.300000000 0.004013664550
989.650024000  8.300000000 0.004491114520
989.675049000  8.300000000 0.004879051820
989.700012000  8.300000000 0.005173798180
989.725037000  8.300000000 0.005371971060
989.750000000  8.300000000 0.005470508240
989.775024000  8.300000000 0.005466664680
989.800049000  8.300000000 0.005358044990
989.825012000  8.300000000 0.005142629150
989.850037000  8.300000000 0.004818769170
989.875000000  8.300000000 0.004385219420
989.900024000  8.300000000 0.003841127970
989.925049000  8.300000000 0.003186103420
989.950012000  8.300000000 0.002420151610
989.975037000  8.300000000 0.001543748190
990.000000000  8.300000000 0.000557825784
990.025024000  8.300000000 -0.000536234002
990.050049000  8.300000000 -0.001736583420
990.075012000  8.300000000 -0.003040890910
990.100037000  8.300000000 -0.004446379370
990.125000000  8.300000000 -0.005949777550
990.150024000  8.300000000 -0.007547367360
990.175049000  8.300000000 -0.009234981610
990.200012000  8.300000000 -0.011008036300
990.225037000  8.300000000 -0.012861537700
990.250000000  8.300000000 -0.014790110300
990.275024000  8.300000000 -0.016788033800
990.300049000  8.300000000 -0.018849261100
990.325012000  8.300000000 -0.020967466800
990.350037000  8.300000000 -0.023136060700
990.375000000  8.300000000 -0.025348244200
990.400024000  8.300000000 -0.027597028800
990.425049000  8.300000000 -0.029875310100
990.450012000  8.300000000 -0.032175909700
990.475037000  8.300000000 -0.034491576300
990.500000000  8.300000000 -0.036815084500
990.525024000  8.300000000 -0.039139285700
990.550049000  8.300000000 -0.041457105400
990.575012000  8.300000000 -0.043761640800
990.600037000  8.300000000 -0.046046175100
990.625000000  8.300000000 -0.048304256100
990.650024000  8.300000000 -0.050529707200
990.675049000  8.300000000 -0.052716694800
990.700012000  8.300000000 -0.054859746200
990.725037000  8.300000000 -0.056953799000
990.750000000  8.300000000 -0.058994222400
990.775024000  8.300000000 -0.060976892700
990.800049000  8.300000000 -0.062898151600
990.825012000  8.300000000 -0.064754858600
990.850037000  8.300000000 -0.066544435900
990.875000000  8.300000000 -0.068264819700
990.900024000  8.300000000 -0.069914519800
990.925049000  8.300000000 -0.071492590000
990.950012000  8.300000000 -0.072998620600
990.975037000  8.300000000 -0.074432745600
991.000000000  8.300000000 -0.075795657900
991.025024000  8.300000000 -0.077088549700
991.050049000  8.300000000 -0.078313075000
991.075012000  8.300000000 -0.079471431700
991.100037000  8.300000000 -0.080566264700
991.125000000  8.300000000 -0.081600643700
991.150024000  8.300000000 -0.082578055600
991.175049000  8.300000000 -0.083502374600
991.200012000  8.300000000 -0.084377870000
991.225037000  8.300000000 -0.085209064200
991.250000000  8.300000000 -0.086000897000
991.275024000  8.300000000 -0.086758486900
991.300049000  8.300000000 -0.087487213300
991.325012000  8.300000000 -0.088192723700
991.350037000  8.300000000 -0.088880755000
991.375000000  8.300000000 -0.089557245400
991.400024000  8.300000000 -0.090228185100
991.425049000  8.300000000 -0.090899609000
991.450012000  8.300000000 -0.091577574600
991.475037000  8.300000000 -0.092268049700
991.500000000  8.300000000 -0.092976950100
991.525024000  8.300000000 -0.093709990400
991.550049000  8.300000000 -0.094472691400
991.575012000  8.300000000 -0.095270268600
991.600037000  8.300000000 -0.096107728800
991.625000000  8.300000000 -0.096989609300
991.650024000  8.300000000 -0.097920045300
991.675049000  8.300000000 -0.098902784300
991.700012000  8.300000000 -0.099940985400
991.725037000  8.300000000 -0.101037398000
991.750000000  8.300000000 -0.102194101000
991.775024000  8.300000000 -0.103412628000
991.800049000  8.300000000 -0.104693994000
991.825012000  8.300000000 -0.106038474000
991.850037000  8.300000000 -0.107445955000
991.875000000  8.300000000 -0.108915545000
991.900024000  8.300000000 -0.110445924000
991.925049000  8.300000000 -0.112035222000
991.950012000  8.300000000 -0.113681085000
991.975037000  8.300000000 -0.115380682000
992.000000000  8.300000000 -0.117130883000
992.025024000  8.300000000 -0.118928112000
992.050049000  8.300000000 -0.120768569000
992.075012000  8.300000000 -0.122648291000
992.100037000  8.300000000 -0.124563105000
992.125000000  8.300000000 -0.126508698000
992.150024000  8.300000000 -0.128480837000
992.175049000  8.300000000 -0.130475238000
992.200012000  8.300000000 -0.132487684000
992.225037000  8.300000000 -0.134514213000
992.250000000  8.300000000 -0.136550888000
992.275024000  8.300000000 -0.138594136000
992.300049000  8.300000000 -0.140640602000
992.325012000  8.300000000 -0.142687276000
992.350037000  8.300000000 -0.144731507000
992.375000000  8.300000000 -0.146770939000
992.400024000  8.300000000 -0.148803711000
992.425049000  8.300000000 -0.150828332000
992.450012000  8.300000000 -0.152843729000
992.475037000  8.300000000 -0.154849365000
992.500000000  8.300000000 -0.156845003000
992.525024000  8.300000000 -0.158830926000
992.550049000  8.300000000 -0.160807833000
992.575012000  8.300000000 -0.162776783000
992.600037000  8.300000000 -0.164739311000
992.625000000  8.300000000 -0.166697249000
992.650024000  8.300000000 -0.168652877000
992.675049000  8.300000000 -0.170608759000
992.700012000  8.300000000 -0.172567800000
992.725037000  8.300000000 -0.174533218000
992.750000000  8.300000000 -0.176508546000
992.775024000  8.300000000 -0.178497538000
992.800049000  8.300000000 -0.180504277000
992.825012000  8.300000000 -0.182533070000
992.850037000  8.300000000 -0.184588581000
992.875000000  8.300000000 -0.186675563000
992.900024000  8.300000000 -0.188799188000
992.925049000  8.300000000 -0.190964907000
992.950012000  8.300000000 -0.193178326000
992.975037000  8.300000000 -0.195445448000
993.000000000  8.300000000 -0.197772488000
993.025024000  8.300000000 -0.200165898000
993.050049000  8.300000000 -0.202632442000
993.075012000  8.300000000 -0.205179155000
993.100037000  8.300000000 -0.207813263000
993.125000000  8.300000000 -0.210542262000
993.150024000  8.300000000 -0.213373661000
993.175049000  8.300000000 -0.216315329000
993.200012000  8.300000000 -0.219375148000
993.225037000  8.300000000 -0.222561076000
993.250000000  8.300000000 -0.225881189000
993.275024000  8.300000000 -0.229343399000
993.300049000  8.300000000 -0.232955724000
993.325012000  8.300000000 -0.236725897000
993.350037000  8.300000000 -0.240661517000
993.375000000  8.300000000 -0.244770065000
993.400024000  8.300000000 -0.249058515000
993.425049000  8.300000000 -0.253533542000
993.450012000  8.300000000 -0.258201361000
993.475037000  8.300000000 -0.263067782000
993.500000000  8.300000000 -0.268137902000
993.525024000  8.300000000 -0.273416281000
993.550049000  8.300000000 -0.278906733000
993.575012000  8.300000000 -0.284612477000
993.600037000  8.300000000 -0.290535629000
993.625000000  8.300000000 -0.296677887000
993.650024000  8.300000000 -0.303039789000
993.675049000  8.300000000 -0.309621036000
993.700012000  8.300000000 -0.316420287000
993.725037000  8.300000000 -0.323435307000
993.750000000  8.300000000 -0.330662966000
993.775024000  8.300000000 -0.338098884000
993.800049000  8.300000000 -0.345737755000
993.825012000  8.300000000 -0.353573501000
993.850037000  8.300000000 -0.361598670000
993.875000000  8.300000000 -0.369804949000
993.900024000  8.300000000 -0.378182977000
993.925049000  8.300000000 -0.386722654000
993.950012000  8.300000000 -0.395412475000
993.975037000  8.300000000 -0.404240429000
994.000000000  8.300000000 -0.413193136000
994.025024000  8.300000000 -0.422256887000
994.050049000  8.300000000 -0.431416482000
994.075012000  8.300000000 -0.440656364000
994.100037000  8.300000000 -0.449959964000
994.125000000  8.300000000 -0.459310204000
994.150024000  8.300000000 -0.468689054000
994.175049000  8.300000000 -0.478077978000
994.200012000  8.300000000 -0.487458020000
994.225037000  8.300000000 -0.496809542000
994.250000000  8.300000000 -0.506112516000
994.275024000  8.300000000 -0.515346706000
994.300049000  8.300000000 -0.524491668000
994.325012000  8.300000000 -0.533526361000
994.350037000  8.300000000 -0.542430103000
994.375000000  8.300000000 -0.551182091000
994.400024000  8.300000000 -0.559761524000
994.425049000  8.300000000 -0.568147719000
994.450012000  8.300000000 -0.576320410000
994.475037000  8.300000000 -0.584259629000
994.500000000  8.300000000 -0.591945648000
994.525024000  8.300000000 -0.599359572000
994.550049000  8.300000000 -0.606482685000
994.575012000  8.300000000 -0.613297224000
994.600037000  8.300000000 -0.619786024000
994.625000000  8.300000000 -0.625932574000
994.650024000  8.300000000 -0.631721318000
994.675049000  8.300000000 -0.637137294000
994.700012000  8.300000000 -0.642166734000
994.725037000  8.300000000 -0.646796703000
994.750000000  8.300000000 -0.651014805000
994.775024000  8.300000000 -0.654809892000
994.800049000  8.300000000 -0.658171713000
994.825012000  8.300000000 -0.661090910000
994.850037000  8.300000000 -0.663559139000
994.875000000  8.300000000 -0.665568829000
994.900024000  8.300000000 -0.667113245000
994.925049000  8.300000000 -0.668186724000
994.950012000  8.300000000 -0.668784499000
994.975037000  8.300000000 -0.668902338000
995.000000000  8.300000000 -0.668537199000
995.025024000  8.300000000 -0.667686522000
995.050049000  8.300000000 -0.666348755000
995.075012000  8.300000000 -0.664522946000
995.100037000  8.300000000 -0.662208557000
995.125000000  8.300000000 -0.659406185000
995.150024000  8.300000000 -0.656116605000
995.175049000  8.300000000 -0.652341366000
995.200012000  8.300000000 -0.648082376000
995.225037000  8.300000000 -0.643342197000
995.250000000  8.300000000 -0.638123870000
995.275024000  8.300000000 -0.632430375000
995.300049000  8.300000000 -0.626265585000
995.325012000  8.300000000 -0.619633377000
995.350037000  8.300000000 -0.612537861000
995.375000000  8.300000000 -0.604983687000
995.400024000  8.300000000 -0.596975386000
995.425049000  8.300000000 -0.588517606000
995.450012000  8.300000000 -0.579615235000
995.475037000  8.300000000 -0.570273459000
995.500000000  8.300000000 -0.560497105000
995.525024000  8.300000000 -0.550291121000
995.550049000  8.300000000 -0.539660752000
995.575012000  8.300000000 -0.528610647000
995.600037000  8.300000000 -0.517145813000
995.625000000  8.300000000 -0.505271137000
995.650024000  8.300000000 -0.492991120000
995.675049000  8.300000000 -0.480310559000
995.700012000  8.300000000 -0.467233747000
995.725037000  8.300000000 -0.453764945000
995.750000000  8.300000000 -0.439908534000
995.775024000  8.300000000 -0.425668269000
995.800049000  8.300000000 -0.411047965000
995.825012000  8.300000000 -0.396051317000
995.850037000  8.300000000 -0.380681753000
995.875000000  8.300000000 -0.364942461000
995.900024000  8.300000000 -0.348836601000
995.925049000  8.300000000 -0.332366973000
995.950012000  8.300000000 -0.315536380000
995.975037000  8.300000000 -0.298347294000
996.000000000  8.300000000 -0.280802280000
996.025024000  8.300000000 -0.262903661000
996.050049000  8.300000000 -0.244653717000
996.075012000  8.300000000 -0.226054609000
996.100037000  8.300000000 -0.207108721000
996.125000000  8.300000000 -0.187818408000
996.150024000  8.300000000 -0.168186098000
996.175049000  8.300000000 -0.148214459000
996.200012000  8.300000000 -0.127906412000
996.225037000  8.300000000 -0.107265152000
996.250000000  8.300000000 -0.086294256200
996.275024000  8.300000000 -0.064997747500
996.300049000  8.300000000 -0.043380156200
996.325012000  8.300000000 -0.021446527900
996.350037000  8.300000000 0.000797389657
996.375000000  8.300000000 0.023345211500
996.400024000  8.300000000 0.046189788700
996.425049000  8.300000000 0.069323159800
996.450012000  8.300000000 0.092736564600
996.475037000  8.300000000 0.116420314000
996.500000000  8.300000000 0.140363798000
996.525024000  8.300000000 0.164555416000
996.550049000  8.300000000 0.188982651000
996.575012000  8.300000000 0.213632002000
996.600037000  8.300000000 0.238488838000
996.625000000  8.300000000 0.263537645000
996.650024000  8.300000000 0.288761944000
996.675049000  8.300000000 0.314144045000
996.700012000  8.300000000 0.339665502000
996.725037000  8.300000000 0.365306824000
996.750000000  8.300000000 0.391047686000
996.775024000  8.300000000 0.416866630000
996.800049000  8.300000000 0.442741811000
996.825012000  8.300000000 0.468650043000
996.850037000  8.300000000 0.494567662000
996.875000000  8.300000000 0.520470262000
996.900024000  8.300000000 0.546332955000
996.925049000  8.300000000 0.572129846000
996.950012000  8.300000000 0.597834766000
996.975037000  8.300000000 0.623421192000
997.000000000  8.300000000 0.648861706000
997.025024000  8.300000000 0.674129188000
997.050049000  8.300000000 0.699195504000
997.075012000  8.300000000 0.724033177000
997.100037000  8.300000000 0.748614013000
997.125000000  8.300000000 0.772910058000
997.150024000  8.300000000 0.796893239000
997.175049000  8.300000000 0.820535898000
997.200012000  8.300000000 0.843810260000
997.225037000  8.300000000 0.866689444000
997.250000000  8.300000000 0.889146626000
997.275024000  8.300000000 0.911155462000
997.300049000  8.300000000 0.932690799000
997.325012000  8.300000000 0.953727543000
997.350037000  8.300000000 0.974242032000
997.375000000  8.300000000 0.994210839000
997.400024000  8.300000000 1.013612630000
997.425049000  8.300000000 1.032426240000
997.450012000  8.300000000 1.050631760000
997.475037000  8.300000000 1.068210960000
997.500000000  8.300000000 1.085146780000
997.525024000  8.300000000 1.101422910000
997.550049000  8.300000000 1.117025020000
997.575012000  8.300000000 1.131939890000
997.600037000  8.300000000 1.146155360000
997.625000000  8.300000000 1.159661290000
997.650024000  8.300000000 1.172448640000
997.675049000  8.300000000 1.184509520000
997.700012000  8.300000000 1.195837380000
997.725037000  8.300000000 1.206426980000
997.750000000  8.300000000 1.216274620000
997.775024000  8.300000000 1.225377320000
997.800049000  8.300000000 1.233733890000
997.825012000  8.300000000 1.241343500000
997.850037000  8.300000000 1.248207210000
997.875000000  8.300000000 1.254325990000
997.900024000  8.300000000 1.259702800000
997.925049000  8.300000000 1.264341000000
997.950012000  8.300000000 1.268244980000
997.975037000  8.300000000 1.271419410000
998.000000000  8.300000000 1.273870350000
998.025024000  8.300000000 1.275603530000
998.050049000  8.300000000 1.276626590000
998.075012000  8.300000000 1.276946310000
998.100037000  8.300000000 1.276571040000
998.125000000  8.300000000 1.275508640000
998.150024000  8.300000000 1.273767590000
998.175049000  8.300000000 1.271356580000
998.200012000  8.300000000 1.268284440000
998.225037000  8.300000000 1.264560340000
998.250000000  8.300000000 1.260192750000
998.275024000  8.300000000 1.255191090000
998.300049000  8.300000000 1.249563810000
998.325012000  8.300000000 1.243319870000
998.350037000  8.300000000 1.236467720000
998.375000000  8.300000000 1.229015710000
998.400024000  8.300000000 1.220971820000
998.425049000  8.300000000 1.212343930000
998.450012000  8.300000000 1.203139780000
998.475037000  8.300000000 1.193366290000
998.500000000  8.300000000 1.183030960000
998.525024000  8.300000000 1.172140480000
998.550049000  8.300000000 1.160701870000
998.575012000  8.300000000 1.148720980000
998.600037000  8.300000000 1.136204960000
998.625000000  8.300000000 1.123159890000
998.650024000  8.300000000 1.109591840000
998.675049000  8.300000000 1.095507500000
998.700012000  8.300000000 1.080913310000
998.725037000  8.300000000 1.065816160000
998.750000000  8.300000000 1.050222520000
998.775024000  8.300000000 1.034139870000
998.800049000  8.300000000 1.017575860000
998.825012000  8.300000000 1.000538230000
998.850037000  8.300000000 0.983035862000
998.875000000  8.300000000 0.965077758000
998.900024000  8.300000000 0.946673751000
998.925049000  8.300000000 0.927833974000
998.950012000  8.300000000 0.908569753000
998.975037000  8.300000000 0.888892949000
999.000000000  8.300000000 0.868816733000
999.025024000  8.300000000 0.848354340000
999.050049000  8.300000000 0.827520370000
999.075012000  8.300000000 0.806330323000
999.100037000  8.300000000 0.784800410000
999.125000000  8.300000000 0.762947977000
999.150024000  8.300000000 0.740791082000
999.175049000  8.300000000 0.718348801000
999.200012000  8.300000000 0.695641100000
999.225037000  8.300000000 0.672689021000
999.250000000  8.300000000 0.649514258000
999.275024000  8.300000000 0.626139462000
999.300049000  8.300000000 0.602588177000
999.325012000  8.300000000 0.578884542000
999.350037000  8.300000000 0.555053532000
999.375000000  8.300000000 0.531121254000
999.400024000  8.300000000 0.507113755000
999.425049000  8.300000000 0.483058184000
999.450012000  8.300000000 0.458981961000
999.475037000  8.300000000 0.434913188000
999.500000000  8.300000000 0.410880089000
999.525024000  8.300000000 0.386911154000
999.550049000  8.300000000 0.363035411000
999.575012000  8.300000000 0.339281410000
999.600037000  8.300000000 0.315678298000
999.625000000  8.300000000 0.292254627000
999.650024000  8.300000000 0.269038826000
999.675049000  8.300000000 0.246059045000
999.700012000  8.300000000 0.223342910000
999.725037000  8.300000000 0.200917438000
999.750000000  8.300000000 0.178808853000
999.775024000  8.300000000 0.157042697000
999.800049000  8.300000000 0.135643333000
999.825012000  8.300000000 0.114634149000
999.850037000  8.300000000 0.094037354000
999.875000000  8.300000000 0.073873765800
999.900024000  8.300000000 0.054162778000
999.925049000  8.300000000 0.034922339000
999.950012000  8.300000000 0.016168771300
999.975037000  8.300000000 -0.002083306670
1000.000000000  8.300000000 -0.019820997500
1000.025020000  8.300000000 -0.037033189100
1000.050050000  8.300000000 -0.053710658100
1000.075010000  8.300000000 -0.069846011700
1000.100040000  8.300000000 -0.085433796000
1000.125000000  8.300000000 -0.100470386000
1000.150020000  8.300000000 -0.114954077000
1000.175050000  8.300000000 -0.128885001000
1000.200010000  8.300000000 -0.142265067000
1000.225040000  8.300000000 -0.155098006000
1000.250000000  8.300000000 -0.167389140000
1000.275020000  8.300000000 -0.179145351000
1000.300050000  8.300000000 -0.190375105000
1000.325010000  8.300000000 -0.201088220000
1000.350040000  8.300000000 -0.211295754000
1000.375000000  8.300000000 -0.221009880000
1000.400020000  8.300000000 -0.230243951000
1000.425050000  8.300000000 -0.239012122000
1000.450010000  8.300000000 -0.247329324000
1000.475040000  8.300000000 -0.255211174000
1000.500000000  8.300000000 -0.262673885000
1000.525020000  8.300000000 -0.269733995000
1000.550050000  8.300000000 -0.276408494000
1000.575010000  8.300000000 -0.282714516000
1000.600040000  8.300000000 -0.288669258000
1000.625000000  8.300000000 -0.294290096000
1000.650020000  8.300000000 -0.299594283000
1000.675050000  8.300000000 -0.304598957000
1000.700010000  8.300000000 -0.309321046000
1000.725040000  8.300000000 -0.313777357000
1000.750000000  8.300000000 -0.317984253000
1000.775020000  8.300000000 -0.321957827000
1000.800050000  8.300000000 -0.325713903000
1000.825010000  8.300000000 -0.329267681000
1000.850040000  8.300000000 -0.332634121000
1000.875000000  8.300000000 -0.335827649000
1000.900020000  8.300000000 -0.338862449000
1000.925050000  8.300000000 -0.341751873000
1000.950010000  8.300000000 -0.344509065000
1000.975040000  8.300000000 -0.347146481000
1001.000000000  8.300000000 -0.349676371000
1001.025020000  8.300000000 -0.352110296000
1001.050050000  8.300000000 -0.354459316000
1001.075010000  8.300000000 -0.356734157000
1001.100040000  8.300000000 -0.358945012000
1001.125000000  8.300000000 -0.361101568000
1001.150020000  8.300000000 -0.363212883000
1001.175050000  8.300000000 -0.365287900000
1001.200010000  8.300000000 -0.367334753000
1001.225040000  8.300000000 -0.369361311000
1001.250000000  8.300000000 -0.371374786000
1001.275020000  8.300000000 -0.373382151000
1001.300050000  8.300000000 -0.375389636000
1001.325010000  8.300000000 -0.377403229000
1001.350040000  8.300000000 -0.379428238000
1001.375000000  8.300000000 -0.381469518000
1001.400020000  8.300000000 -0.383531600000
1001.425050000  8.300000000 -0.385618448000
1001.450010000  8.300000000 -0.387733370000
1001.475040000  8.300000000 -0.389879435000
1001.500000000  8.300000000 -0.392059147000
1001.525020000  8.300000000 -0.394274533000
1001.550050000  8.300000000 -0.396527052000
1001.575010000  8.300000000 -0.398818135000
1001.600040000  8.300000000 -0.401148170000
1001.625000000  8.300000000 -0.403517544000
1001.650020000  8.300000000 -0.405926138000
1001.675050000  8.300000000 -0.408373386000
1001.700010000  8.300000000 -0.410858154000
1001.725040000  8.300000000 -0.413379341000
1001.750000000  8.300000000 -0.415934980000
1001.775020000  8.300000000 -0.418523222000
1001.800050000  8.300000000 -0.421141535000
1001.825010000  8.300000000 -0.423787206000
1001.850040000  8.300000000 -0.426457226000
1001.875000000  8.300000000 -0.429148108000
1001.900020000  8.300000000 -0.431856066000
1001.925050000  8.300000000 -0.434577286000
1001.950010000  8.300000000 -0.437307358000
1001.975040000  8.300000000 -0.440041751000
1002.000000000  8.300000000 -0.442775637000
1002.025020000  8.300000000 -0.445504159000
1002.050050000  8.300000000 -0.448221833000
1002.075010000  8.300000000 -0.450923264000
1002.100040000  8.300000000 -0.453602761000
1002.125000000  8.300000000 -0.456254452000
1002.150020000  8.300000000 -0.458872378000
1002.175050000  8.300000000 -0.461450338000
1002.200010000  8.300000000 -0.463982016000
1002.225040000  8.300000000 -0.466460973000
1002.250000000  8.300000000 -0.468880832000
1002.275020000  8.300000000 -0.471234947000
1002.300050000  8.300000000 -0.473516792000
1002.325010000  8.300000000 -0.475719661000
1002.350040000  8.300000000 -0.477836847000
1002.375000000  8.300000000 -0.479861826000
1002.400020000  8.300000000 -0.481787860000
1002.425050000  8.300000000 -0.483608365000
1002.450010000  8.300000000 -0.485317022000
1002.475040000  8.300000000 -0.486907125000
1002.500000000  8.300000000 -0.488372475000
1002.525020000  8.300000000 -0.489706695000
1002.550050000  8.300000000 -0.490903735000
1002.575010000  8.300000000 -0.491957486000
1002.600040000  8.300000000 -0.492861956000
1002.625000000  8.300000000 -0.493611515000
1002.650020000  8.300000000 -0.494200289000
1002.675050000  8.300000000 -0.494622856000
1002.700010000  8.300000000 -0.494873703000
1002.725040000  8.300000000 -0.494947821000
1002.750000000  8.300000000 -0.494839847000
1002.775020000  8.300000000 -0.494544894000
1002.800050000  8.300000000 -0.494058102000
1002.825010000  8.300000000 -0.493375003000
1002.850040000  8.300000000 -0.492490977000
1002.875000000  8.300000000 -0.491401643000
1002.900020000  8.300000000 -0.490103185000
1002.925050000  8.300000000 -0.488591433000
1002.950010000  8.300000000 -0.486862957000
1002.975040000  8.300000000 -0.484914273000
1003.000000000  8.300000000 -0.482742101000
1003.025020000  8.300000000 -0.480343729000
1003.050050000  8.300000000 -0.477716357000
1003.075010000  8.300000000 -0.474857718000
1003.100040000  8.300000000 -0.471765697000
1003.125000000  8.300000000 -0.468438536000
1003.150020000  8.300000000 -0.464874804000
1003.175050000  8.300000000 -0.461073428000
1003.200010000  8.300000000 -0.457033485000
1003.225040000  8.300000000 -0.452754766000
1003.250000000  8.300000000 -0.448236793000
1003.275020000  8.300000000 -0.443480194000
1003.300050000  8.300000000 -0.438485175000
1003.325010000  8.300000000 -0.433252782000
1003.350040000  8.300000000 -0.427784145000
1003.375000000  8.300000000 -0.422080487000
1003.400020000  8.300000000 -0.416143715000
1003.425050000  8.300000000 -0.409975499000
1003.450010000  8.300000000 -0.403578013000
1003.475040000  8.300000000 -0.396953344000
1003.500000000  8.300000000 -0.390103906000
1003.525020000  8.300000000 -0.383032054000
1003.550050000  8.300000000 -0.375740051000
1003.575010000  8.300000000 -0.368230492000
1003.600040000  8.300000000 -0.360505521000
1003.625000000  8.300000000 -0.352567673000
1003.650020000  8.300000000 -0.344419032000
1003.675050000  8.300000000 -0.336061776000
1003.700010000  8.300000000 -0.327497989000
1003.725040000  8.300000000 -0.318729579000
1003.750000000  8.300000000 -0.309758455000
1003.775020000  8.300000000 -0.300586194000
1003.800050000  8.300000000 -0.291214556000
1003.825010000  8.300000000 -0.281645179000
1003.850040000  8.300000000 -0.271879643000
1003.875000000  8.300000000 -0.261919737000
1003.900020000  8.300000000 -0.251767099000
1003.925050000  8.300000000 -0.241423771000
1003.950010000  8.300000000 -0.230891898000
1003.975040000  8.300000000 -0.220173940000
1004.000000000  8.300000000 -0.209272742000
1004.025020000  8.300000000 -0.198191598000
1004.050050000  8.300000000 -0.186934218000
1004.075010000  8.300000000 -0.175505072000
1004.100040000  8.300000000 -0.163909048000
1004.125000000  8.300000000 -0.152151808000
1004.150020000  8.300000000 -0.140239760000
1004.175050000  8.300000000 -0.128180072000
1004.200010000  8.300000000 -0.115980625000
1004.225040000  8.300000000 -0.103650138000
1004.250000000  8.300000000 -0.091198198500
1004.275020000  8.300000000 -0.078635118900
1004.300050000  8.300000000 -0.065972082300
1004.325010000  8.300000000 -0.053221013400
1004.350040000  8.300000000 -0.040394578100
1004.375000000  8.300000000 -0.027506131700
1004.400020000  8.300000000 -0.014569710000
1004.425050000  8.300000000 -0.001599922780
1004.450010000  8.300000000 0.011388097000
1004.475040000  8.300000000 0.024378715100
1004.500000000  8.300000000 0.037355925900
1004.525020000  8.300000000 0.050303392100
1004.550050000  8.300000000 0.063204519500
1004.575010000  8.300000000 0.076042570200
1004.600040000  8.300000000 0.088800668700
1004.625000000  8.300000000 0.101462014000
1004.650020000  8.300000000 0.114009760000
1004.675050000  8.300000000 0.126427233000
1004.700010000  8.300000000 0.138698041000
1004.725040000  8.300000000 0.150805891000
1004.750000000  8.300000000 0.162735000000
1004.775020000  8.300000000 0.174469784000
1004.800050000  8.300000000 0.185995251000
1004.825010000  8.300000000 0.197296783000
1004.850040000  8.300000000 0.208360419000
1004.875000000  8.300000000 0.219172597000
1004.900020000  8.300000000 0.229720533000
1004.925050000  8.300000000 0.239991993000
1004.950010000  8.300000000 0.249975413000
1004.975040000  8.300000000 0.259659916000
1005.000000000  8.300000000 0.269035459000
1005.025020000  8.300000000 0.278092563000
1005.050050000  8.300000000 0.286822706000
1005.075010000  8.300000000 0.295218080000
1005.100040000  8.300000000 0.303271681000
1005.125000000  8.300000000 0.310977280000
1005.150020000  8.300000000 0.318329573000
1005.175050000  8.300000000 0.325323969000
1005.200010000  8.300000000 0.331956774000
1005.225040000  8.300000000 0.338225126000
1005.250000000  8.300000000 0.344126880000
1005.275020000  8.300000000 0.349660754000
1005.300050000  8.300000000 0.354826212000
1005.325010000  8.300000000 0.359623522000
1005.350040000  8.300000000 0.364053696000
1005.375000000  8.300000000 0.368118316000
1005.400020000  8.300000000 0.371819794000
1005.425050000  8.300000000 0.375161141000
1005.450010000  8.300000000 0.378145933000
1005.475040000  8.300000000 0.380778342000
1005.500000000  8.300000000 0.383062989000
1005.525020000  8.300000000 0.385005176000
1005.550050000  8.300000000 0.386610419000
1005.575010000  8.300000000 0.387884706000
1005.600040000  8.300000000 0.388834566000
1005.625000000  8.300000000 0.389466703000
1005.650020000  8.300000000 0.389788210000
1005.675050000  8.300000000 0.389806360000
1005.700010000  8.300000000 0.389528722000
1005.725040000  8.300000000 0.388963073000
1005.750000000  8.300000000 0.388117403000
1005.775020000  8.300000000 0.386999875000
1005.800050000  8.300000000 0.385618657000
1005.825010000  8.300000000 0.383982241000
1005.850040000  8.300000000 0.382098973000
1005.875000000  8.300000000 0.379977345000
1005.900020000  8.300000000 0.377625853000
1005.925050000  8.300000000 0.375052899000
1005.950010000  8.300000000 0.372267008000
1005.975040000  8.300000000 0.369276553000
1006.000000000  8.300000000 0.366089642000
1006.025020000  8.300000000 0.362714350000
1006.050050000  8.300000000 0.359158725000
1006.075010000  8.300000000 0.355430365000
1006.100040000  8.300000000 0.351536781000
1006.125000000  8.300000000 0.347485304000
1006.150020000  8.300000000 0.343282878000
1006.175050000  8.300000000 0.338936150000
1006.200010000  8.300000000 0.334451705000
1006.225040000  8.300000000 0.329835594000
1006.250000000  8.300000000 0.325093687000
1006.275020000  8.300000000 0.320231557000
1006.300050000  8.300000000 0.315254390000
1006.325010000  8.300000000 0.310167223000
1006.350040000  8.300000000 0.304974645000
1006.375000000  8.300000000 0.299681008000
1006.400020000  8.300000000 0.294290364000
1006.425050000  8.300000000 0.288806468000
1006.450010000  8.300000000 0.283232868000
1006.475040000  8.300000000 0.277572721000
1006.500000000  8.300000000 0.271829158000
1006.525020000  8.300000000 0.266004860000
1006.550050000  8.300000000 0.260102302000
1006.575010000  8.300000000 0.254123926000
1006.600040000  8.300000000 0.248071939000
1006.625000000  8.300000000 0.241948411000
1006.650020000  8.300000000 0.235755190000
1006.675050000  8.300000000 0.229494259000
1006.700010000  8.300000000 0.223167315000
1006.725040000  8.300000000 0.216776207000
1006.750000000  8.300000000 0.210322767000
1006.775020000  8.300000000 0.203808874000
1006.800050000  8.300000000 0.197236449000
1006.825010000  8.300000000 0.190607563000
1006.850040000  8.300000000 0.183924392000
1006.875000000  8.300000000 0.177189305000
1006.900020000  8.300000000 0.170404866000
1006.925050000  8.300000000 0.163573757000
1006.950010000  8.300000000 0.156698987000
1006.975040000  8.300000000 0.149783686000
1007.000000000  8.300000000 0.142831296000
1007.025020000  8.300000000 0.135845453000
1007.050050000  8.300000000 0.128829971000
1007.075010000  8.300000000 0.121788949000
1007.100040000  8.300000000 0.114726707000
1007.125000000  8.300000000 0.107647739000
1007.150020000  8.300000000 0.100556709000
1007.175050000  8.300000000 0.093458496000
1007.200010000  8.300000000 0.086358092700
1007.225040000  8.300000000 0.079260654700
1007.250000000  8.300000000 0.072171390100
1007.275020000  8.300000000 0.065095670500
1007.300050000  8.300000000 0.058038845700
1007.325010000  8.300000000 0.051006358100
1007.350040000  8.300000000 0.044003609600
1007.375000000  8.300000000 0.037036065000
1007.400020000  8.300000000 0.030109079600
1007.425050000  8.300000000 0.023227976600
1007.450010000  8.300000000 0.016397988400
1007.475040000  8.300000000 0.009624237190
1007.500000000  8.300000000 0.002911720660
1007.525020000  8.300000000 -0.003734743460
1007.550050000  8.300000000 -0.010310483200
1007.575010000  8.300000000 -0.016811016900
1007.600040000  8.300000000 -0.023232057700
1007.625000000  8.300000000 -0.029569521500
1007.650020000  8.300000000 -0.035819485800
1007.675050000  8.300000000 -0.041978243700
1007.700010000  8.300000000 -0.048042260100
1007.725040000  8.300000000 -0.054008178400
1007.750000000  8.300000000 -0.059872783700
1007.775020000  8.300000000 -0.065633036200
1007.800050000  8.300000000 -0.071285985400
1007.825010000  8.300000000 -0.076828815000
1007.850040000  8.300000000 -0.082258798200
1007.875000000  8.300000000 -0.087573260100
1007.900020000  8.300000000 -0.092769540800
1007.925050000  8.300000000 -0.097845055200
1007.950010000  8.300000000 -0.102797158000
1007.975040000  8.300000000 -0.107623205000
1008.000000000  8.300000000 -0.112320505000
1008.025020000  8.300000000 -0.116886280000
1008.050050000  8.300000000 -0.121317722000
1008.075010000  8.300000000 -0.125611901000
1008.100040000  8.300000000 -0.129765868000
1008.125000000  8.300000000 -0.133776456000
1008.150020000  8.300000000 -0.137640566000
1008.175050000  8.300000000 -0.141354918000
1008.200010000  8.300000000 -0.144916266000
1008.225040000  8.300000000 -0.148321286000
1008.250000000  8.300000000 -0.151566625000
1008.275020000  8.300000000 -0.154649064000
1008.300050000  8.300000000 -0.157565400000
1008.325010000  8.300000000 -0.160312578000
1008.350040000  8.300000000 -0.162887663000
1008.375000000  8.300000000 -0.165288091000
1008.400020000  8.300000000 -0.167511344000
1008.425050000  8.300000000 -0.169555515000
1008.450010000  8.300000000 -0.171418831000
1008.475040000  8.300000000 -0.173100084000
1008.500000000  8.300000000 -0.174598500000
1008.525020000  8.300000000 -0.175913721000
1008.550050000  8.300000000 -0.177046016000
1008.575010000  8.300000000 -0.177996159000
1008.600040000  8.300000000 -0.178765506000
1008.625000000  8.300000000 -0.179355845000
1008.650020000  8.300000000 -0.179769740000
1008.675050000  8.300000000 -0.180010200000
1008.700010000  8.300000000 -0.180080727000
1008.725040000  8.300000000 -0.179985508000
1008.750000000  8.300000000 -0.179729089000
1008.775020000  8.300000000 -0.179316625000
1008.800050000  8.300000000 -0.178753704000
1008.825010000  8.300000000 -0.178046271000
1008.850040000  8.300000000 -0.177200690000
1008.875000000  8.300000000 -0.176223844000
1008.900020000  8.300000000 -0.175122723000
1008.925050000  8.300000000 -0.173904806000
1008.950010000  8.300000000 -0.172577783000
1008.975040000  8.300000000 -0.171149716000
1009.000000000  8.300000000 -0.169628665000
1009.025020000  8.300000000 -0.168023065000
1009.050050000  8.300000000 -0.166341498000
1009.075010000  8.300000000 -0.164592519000
1009.100040000  8.300000000 -0.162784979000
1009.125000000  8.300000000 -0.160927758000
1009.150020000  8.300000000 -0.159029707000
1009.175050000  8.300000000 -0.157099798000
1009.200010000  8.300000000 -0.155146956000
1009.225040000  8.300000000 -0.153180107000
1009.250000000  8.300000000 -0.151208192000
1009.275020000  8.300000000 -0.149240002000
1009.300050000  8.300000000 -0.147284210000
1009.325010000  8.300000000 -0.145349383000
1009.350040000  8.300000000 -0.143444046000
1009.375000000  8.300000000 -0.141576365000
1009.400020000  8.300000000 -0.139754340000
1009.425050000  8.300000000 -0.137985706000
1009.450010000  8.300000000 -0.136278003000
1009.475040000  8.300000000 -0.134638339000
1009.500000000  8.300000000 -0.133073613000
1009.525020000  8.300000000 -0.131590411000
1009.550050000  8.300000000 -0.130194828000
1009.575010000  8.300000000 -0.128892809000
1009.600040000  8.300000000 -0.127689853000
1009.625000000  8.300000000 -0.126591161000
1009.650020000  8.300000000 -0.125601485000
1009.675050000  8.300000000 -0.124725476000
1009.700010000  8.300000000 -0.123967268000
1009.725040000  8.300000000 -0.123330787000
1009.750000000  8.300000000 -0.122819588000
1009.775020000  8.300000000 -0.122436978000
1009.800050000  8.300000000 -0.122185946000
1009.825010000  8.300000000 -0.122069217000
1009.850040000  8.300000000 -0.122089192000
1009.875000000  8.300000000 -0.122248016000
1009.900020000  8.300000000 -0.122547492000
1009.925050000  8.300000000 -0.122989081000
1009.950010000  8.300000000 -0.123574026000
1009.975040000  8.300000000 -0.124303102000
1010.000000000  8.300000000 -0.125176743000
1010.025020000  8.300000000 -0.126195043000
1010.050050000  8.300000000 -0.127357602000
1010.075010000  8.300000000 -0.128663659000
1010.100040000  8.300000000 -0.130111888000
1010.125000000  8.300000000 -0.131700501000
1010.150020000  8.300000000 -0.133427352000
1010.175050000  8.300000000 -0.135289580000
1010.200010000  8.300000000 -0.137283891000
1010.225040000  8.300000000 -0.139406517000
1010.250000000  8.300000000 -0.141652986000
1010.275020000  8.300000000 -0.144018576000
1010.300050000  8.300000000 -0.146497816000
1010.325010000  8.300000000 -0.149084926000
1010.350040000  8.300000000 -0.151773497000
1010.375000000  8.300000000 -0.154556856000
1010.400020000  8.300000000 -0.157427803000
1010.425050000  8.300000000 -0.160378784000
1010.450010000  8.300000000 -0.163401961000
1010.475040000  8.300000000 -0.166489109000
1010.500000000  8.300000000 -0.169631794000
1010.525020000  8.300000000 -0.172821432000
1010.550050000  8.300000000 -0.176049069000
1010.575010000  8.300000000 -0.179305911000
1010.600040000  8.300000000 -0.182582766000
1010.625000000  8.300000000 -0.185870603000
1010.650020000  8.300000000 -0.189160258000
1010.675050000  8.300000000 -0.192442730000
1010.700010000  8.300000000 -0.195708945000
1010.725040000  8.300000000 -0.198949963000
1010.750000000  8.300000000 -0.202157110000
1010.775020000  8.300000000 -0.205321699000
1010.800050000  8.300000000 -0.208435342000
1010.825010000  8.300000000 -0.211489901000
1010.850040000  8.300000000 -0.214477420000
1010.875000000  8.300000000 -0.217390165000
1010.900020000  8.300000000 -0.220220834000
1010.925050000  8.300000000 -0.222962290000
1010.950010000  8.300000000 -0.225607768000
1010.975040000  8.300000000 -0.228150904000
1011.000000000  8.300000000 -0.230585694000
1011.025020000  8.300000000 -0.232906431000
1011.050050000  8.300000000 -0.235107943000
1011.075010000  8.300000000 -0.237185523000
1011.100040000  8.300000000 -0.239134774000
1011.125000000  8.300000000 -0.240951911000
1011.150020000  8.300000000 -0.242633700000
1011.175050000  8.300000000 -0.244177431000
1011.200010000  8.300000000 -0.245580956000
1011.225040000  8.300000000 -0.246842712000
1011.250000000  8.300000000 -0.247961774000
1011.275020000  8.300000000 -0.248937890000
1011.300050000  8.300000000 -0.249771476000
1011.325010000  8.300000000 -0.250463665000
1011.350040000  8.300000000 -0.251016229000
1011.375000000  8.300000000 -0.251431704000
1011.400020000  8.300000000 -0.251713365000
1011.425050000  8.300000000 -0.251865208000
1011.450010000  8.300000000 -0.251891851000
1011.475040000  8.300000000 -0.251798868000
1011.500000000  8.300000000 -0.251592338000
1011.525020000  8.300000000 -0.251279116000
1011.550050000  8.300000000 -0.250866741000
1011.575010000  8.300000000 -0.250363320000
1011.600040000  8.300000000 -0.249777704000
1011.625000000  8.300000000 -0.249119073000
1011.650020000  8.300000000 -0.248397350000
1011.675050000  8.300000000 -0.247622713000
1011.700010000  8.300000000 -0.246805951000
1011.725040000  8.300000000 -0.245957941000
1011.750000000  8.300000000 -0.245089963000
1011.775020000  8.300000000 -0.244213387000
1011.800050000  8.300000000 -0.243339822000
1011.825010000  8.300000000 -0.242480710000
1011.850040000  8.300000000 -0.241647676000
1011.875000000  8.300000000 -0.240852043000
1011.900020000  8.300000000 -0.240105093000
1011.925050000  8.300000000 -0.239417702000
1011.950010000  8.300000000 -0.238800541000
1011.975040000  8.300000000 -0.238263771000
1012.000000000  8.300000000 -0.237817138000
1012.025020000  8.300000000 -0.237469941000
1012.050050000  8.300000000 -0.237230778000
1012.075010000  8.300000000 -0.237107694000
1012.100040000  8.300000000 -0.237108186000
1012.125000000  8.300000000 -0.237238899000
1012.150020000  8.300000000 -0.237505868000
1012.175050000  8.300000000 -0.237914309000
1012.200010000  8.300000000 -0.238468662000
1012.225040000  8.300000000 -0.239172623000
1012.250000000  8.300000000 -0.240029052000
1012.275020000  8.300000000 -0.241039872000
1012.300050000  8.300000000 -0.242206484000
1012.325010000  8.300000000 -0.243529201000
1012.350040000  8.300000000 -0.245007515000
1012.375000000  8.300000000 -0.246640310000
1012.400020000  8.300000000 -0.248425424000
1012.425050000  8.300000000 -0.250360042000
1012.450010000  8.300000000 -0.252440423000
1012.475040000  8.300000000 -0.254662156000
1012.500000000  8.300000000 -0.257019997000
1012.525020000  8.300000000 -0.259507954000
1012.550050000  8.300000000 -0.262119472000
1012.575010000  8.300000000 -0.264847070000
1012.600040000  8.300000000 -0.267682731000
1012.625000000  8.300000000 -0.270617843000
1012.650020000  8.300000000 -0.273643047000
1012.675050000  8.300000000 -0.276748627000
1012.700010000  8.300000000 -0.279924154000
1012.725040000  8.300000000 -0.283158809000
1012.750000000  8.300000000 -0.286441356000
1012.775020000  8.300000000 -0.289760083000
1012.800050000  8.300000000 -0.293103009000
1012.825010000  8.300000000 -0.296457857000
1012.850040000  8.300000000 -0.299812108000
1012.875000000  8.300000000 -0.303153068000
1012.900020000  8.300000000 -0.306467801000
1012.925050000  8.300000000 -0.309743375000
1012.950010000  8.300000000 -0.312966734000
1012.975040000  8.300000000 -0.316124827000
1013.000000000  8.300000000 -0.319204569000
1013.025020000  8.300000000 -0.322192907000
1013.050050000  8.300000000 -0.325076997000
1013.075010000  8.300000000 -0.327843964000
1013.100040000  8.300000000 -0.330481201000
1013.125000000  8.300000000 -0.332976133000
1013.150020000  8.300000000 -0.335316509000
1013.175050000  8.300000000 -0.337490261000
1013.200010000  8.300000000 -0.339485466000
1013.225040000  8.300000000 -0.341290653000
1013.250000000  8.300000000 -0.342894435000
1013.275020000  8.300000000 -0.344285786000
1013.300050000  8.300000000 -0.345453978000
1013.325010000  8.300000000 -0.346388727000
1013.350040000  8.300000000 -0.347079903000
1013.375000000  8.300000000 -0.347517788000
1013.400020000  8.300000000 -0.347693235000
1013.425050000  8.300000000 -0.347597152000
1013.450010000  8.300000000 -0.347221196000
1013.475040000  8.300000000 -0.346557200000
1013.500000000  8.300000000 -0.345597714000
1013.525020000  8.300000000 -0.344335675000
1013.550050000  8.300000000 -0.342764497000
1013.575010000  8.300000000 -0.340878308000
1013.600040000  8.300000000 -0.338671684000
1013.625000000  8.300000000 -0.336140007000
1013.650020000  8.300000000 -0.333279222000
1013.675050000  8.300000000 -0.330086023000
1013.700010000  8.300000000 -0.326557696000
1013.725040000  8.300000000 -0.322692275000
1013.750000000  8.300000000 -0.318488598000
1013.775020000  8.300000000 -0.313946128000
1013.800050000  8.300000000 -0.309065193000
1013.825010000  8.300000000 -0.303846717000
1013.850040000  8.300000000 -0.298292428000
1013.875000000  8.300000000 -0.292404771000
1013.900020000  8.300000000 -0.286186814000
1013.925050000  8.300000000 -0.279642403000
1013.950010000  8.300000000 -0.272776037000
1013.975040000  8.300000000 -0.265592664000
1014.000000000  8.300000000 -0.258098155000
1014.025020000  8.300000000 -0.250298709000
1014.050050000  8.300000000 -0.242201269000
1014.075010000  8.300000000 -0.233813196000
1014.100040000  8.300000000 -0.225142568000
1014.125000000  8.300000000 -0.216197804000
1014.150020000  8.300000000 -0.206987947000
1014.175050000  8.300000000 -0.197522476000
1014.200010000  8.300000000 -0.187811315000
1014.225040000  8.300000000 -0.177864924000
1014.250000000  8.300000000 -0.167694151000
1014.275020000  8.300000000 -0.157310233000
1014.300050000  8.300000000 -0.146724984000
1014.325010000  8.300000000 -0.135950446000
1014.350040000  8.300000000 -0.124999173000
1014.375000000  8.300000000 -0.113884017000
1014.400020000  8.300000000 -0.102618143000
1014.425050000  8.300000000 -0.091215111300
1014.450010000  8.300000000 -0.079688660800
1014.475040000  8.300000000 -0.068052776200
1014.500000000  8.300000000 -0.056321691700
1014.525020000  8.300000000 -0.044509816900
1014.550050000  8.300000000 -0.032631665500
1014.575010000  8.300000000 -0.020701887100
1014.600040000  8.300000000 -0.008735242300
1014.625000000  8.300000000 0.003253514410
1014.650020000  8.300000000 0.015249592300
1014.675050000  8.300000000 0.027238214400
1014.700010000  8.300000000 0.039204668300
1014.725040000  8.300000000 0.051134292000
1014.750000000  8.300000000 0.063012577600
1014.775020000  8.300000000 0.074825123000
1014.800050000  8.300000000 0.086557686300
1014.825010000  8.300000000 0.098196245700
1014.850040000  8.300000000 0.109726988000
1014.875000000  8.300000000 0.121136300000
1014.900020000  8.300000000 0.132410884000
1014.925050000  8.300000000 0.143537730000
1014.950010000  8.300000000 0.154504150000
1014.975040000  8.300000000 0.165297776000
1015.000000000  8.300000000 0.175906718000
1015.025020000  8.300000000 0.186319470000
1015.050050000  8.300000000 0.196524948000
1015.075010000  8.300000000 0.206512600000
1015.100040000  8.300000000 0.216272354000
1015.125000000  8.300000000 0.225794673000
1015.150020000  8.300000000 0.235070691000
1015.175050000  8.300000000 0.244092047000
1015.200010000  8.300000000 0.252851069000
1015.225040000  8.300000000 0.261340797000
1015.250000000  8.300000000 0.269554794000
1015.275020000  8.300000000 0.277487427000
1015.300050000  8.300000000 0.285133809000
1015.325010000  8.300000000 0.292489707000
1015.350040000  8.300000000 0.299551547000
1015.375000000  8.300000000 0.306316644000
1015.400020000  8.300000000 0.312782854000
1015.425050000  8.300000000 0.318948776000
1015.450010000  8.300000000 0.324813813000
1015.475040000  8.300000000 0.330377787000
1015.500000000  8.300000000 0.335641474000
1015.525020000  8.300000000 0.340606064000
1015.550050000  8.300000000 0.345273554000
1015.575010000  8.300000000 0.349646360000
1015.600040000  8.300000000 0.353727669000
1015.625000000  8.300000000 0.357521027000
1015.650020000  8.300000000 0.361030698000
1015.675050000  8.300000000 0.364261389000
1015.700010000  8.300000000 0.367218316000
1015.725040000  8.300000000 0.369907171000
1015.750000000  8.300000000 0.372334033000
1015.775020000  8.300000000 0.374505609000
1015.800050000  8.300000000 0.376428902000
1015.825010000  8.300000000 0.378111124000
1015.850040000  8.300000000 0.379560232000
1015.875000000  8.300000000 0.380784214000
1015.900020000  8.300000000 0.381791323000
1015.925050000  8.300000000 0.382590413000
1015.950010000  8.300000000 0.383190334000
1015.975040000  8.300000000 0.383600116000
1016.000000000  8.300000000 0.383828998000
1016.025020000  8.300000000 0.383886456000
1016.050050000  8.300000000 0.383781761000
1016.075010000  8.300000000 0.383524358000
1016.100040000  8.300000000 0.383123577000
1016.125000000  8.300000000 0.382588714000
1016.150020000  8.300000000 0.381928861000
1016.175050000  8.300000000 0.381152719000
1016.200010000  8.300000000 0.380268872000
1016.225040000  8.300000000 0.379285574000
1016.250000000  8.300000000 0.378210366000
1016.275020000  8.300000000 0.377050579000
1016.300050000  8.300000000 0.375813067000
1016.325010000  8.300000000 0.374503970000
1016.350040000  8.300000000 0.373128802000
1016.375000000  8.300000000 0.371692568000
1016.400020000  8.300000000 0.370199651000
1016.425050000  8.300000000 0.368653595000
1016.450010000  8.300000000 0.367057562000
1016.475040000  8.300000000 0.365413845000
1016.500000000  8.300000000 0.363724321000
1016.525020000  8.300000000 0.361990392000
1016.550050000  8.300000000 0.360212535000
1016.575010000  8.300000000 0.358391196000
1016.600040000  8.300000000 0.356526166000
1016.625000000  8.300000000 0.354617029000
1016.650020000  8.300000000 0.352662951000
1016.675050000  8.300000000 0.350663066000
1016.700010000  8.300000000 0.348616093000
1016.725040000  8.300000000 0.346521139000
1016.750000000  8.300000000 0.344376773000
1016.775020000  8.300000000 0.342182219000
1016.800050000  8.300000000 0.339936495000
1016.825010000  8.300000000 0.337638944000
1016.850040000  8.300000000 0.335289299000
1016.875000000  8.300000000 0.332887441000
1016.900020000  8.300000000 0.330433756000
1016.925050000  8.300000000 0.327928990000
1016.950010000  8.300000000 0.325374424000
1016.975040000  8.300000000 0.322771639000
1017.000000000  8.300000000 0.320122838000
1017.025020000  8.300000000 0.317430705000
1017.050050000  8.300000000 0.314698398000
1017.075010000  8.300000000 0.311929494000
1017.100040000  8.300000000 0.309128255000
1017.125000000  8.300000000 0.306299269000
1017.150020000  8.300000000 0.303447545000
1017.175050000  8.300000000 0.300578594000
1017.200010000  8.300000000 0.297698170000
1017.225040000  8.300000000 0.294812411000
1017.250000000  8.300000000 0.291927785000
1017.275020000  8.300000000 0.289051026000
1017.300050000  8.300000000 0.286188990000
1017.325010000  8.300000000 0.283348590000
1017.350040000  8.300000000 0.280537009000
1017.375000000  8.300000000 0.277761251000
1017.400020000  8.300000000 0.275028437000
1017.425050000  8.300000000 0.272345454000
1017.450010000  8.300000000 0.269719064000
1017.475040000  8.300000000 0.267155886000
1017.500000000  8.300000000 0.264662057000
1017.525020000  8.300000000 0.262243629000
1017.550050000  8.300000000 0.259906083000
1017.575010000  8.300000000 0.257654607000
1017.600040000  8.300000000 0.255493850000
1017.625000000  8.300000000 0.253427982000
1017.650020000  8.300000000 0.251460671000
1017.675050000  8.300000000 0.249595016000
1017.700010000  8.300000000 0.247833520000
1017.725040000  8.300000000 0.246178061000
1017.750000000  8.300000000 0.244630083000
1017.775020000  8.300000000 0.243190274000
1017.800050000  8.300000000 0.241858795000
1017.825010000  8.300000000 0.240635231000
1017.850040000  8.300000000 0.239518642000
1017.875000000  8.300000000 0.238507628000
1017.900020000  8.300000000 0.237600237000
1017.925050000  8.300000000 0.236794040000
1017.950010000  8.300000000 0.236086220000
1017.975040000  8.300000000 0.235473678000
1018.000000000  8.300000000 0.234952971000
1018.025020000  8.300000000 0.234520480000
1018.050050000  8.300000000 0.234172285000
1018.075010000  8.300000000 0.233904362000
1018.100040000  8.300000000 0.233712792000
1018.125000000  8.300000000 0.233593568000
1018.150020000  8.300000000 0.233542562000
1018.175050000  8.300000000 0.233556151000
1018.200010000  8.300000000 0.233630538000
1018.225040000  8.300000000 0.233762354000
1018.250000000  8.300000000 0.233948499000
1018.275020000  8.300000000 0.234186128000
1018.300050000  8.300000000 0.234472692000
1018.325010000  8.300000000 0.234806165000
1018.350040000  8.300000000 0.235184789000
1018.375000000  8.300000000 0.235607311000
1018.400020000  8.300000000 0.236072630000
1018.425050000  8.300000000 0.236580268000
1018.450010000  8.300000000 0.237129912000
1018.475040000  8.300000000 0.237721667000
1018.500000000  8.300000000 0.238355994000
1018.525020000  8.300000000 0.239033490000
1018.550050000  8.300000000 0.239755005000
1018.575010000  8.300000000 0.240521580000
1018.600040000  8.300000000 0.241334379000
1018.625000000  8.300000000 0.242194548000
1018.650020000  8.300000000 0.243103400000
1018.675050000  8.300000000 0.244062036000
1018.700010000  8.300000000 0.245071530000
1018.725040000  8.300000000 0.246132851000
1018.750000000  8.300000000 0.247246802000
1018.775020000  8.300000000 0.248413846000
1018.800050000  8.300000000 0.249634385000
1018.825010000  8.300000000 0.250908405000
1018.850040000  8.300000000 0.252235651000
1018.875000000  8.300000000 0.253615528000
1018.900020000  8.300000000 0.255047083000
1018.925050000  8.300000000 0.256529152000
1018.950010000  8.300000000 0.258060068000
1018.975040000  8.300000000 0.259637833000
1019.000000000  8.300000000 0.261260182000
1019.025020000  8.300000000 0.262924403000
1019.050050000  8.300000000 0.264627397000
1019.075010000  8.300000000 0.266365916000
1019.100040000  8.300000000 0.268136173000
1019.125000000  8.300000000 0.269934058000
1019.150020000  8.300000000 0.271755368000
1019.175050000  8.300000000 0.273595363000
1019.200010000  8.300000000 0.275449038000
1019.225040000  8.300000000 0.277311176000
1019.250000000  8.300000000 0.279176265000
1019.275020000  8.300000000 0.281038523000
1019.300050000  8.300000000 0.282891899000
1019.325010000  8.300000000 0.284730136000
1019.350040000  8.300000000 0.286546677000
1019.375000000  8.300000000 0.288334936000
1019.400020000  8.300000000 0.290087879000
1019.425050000  8.300000000 0.291798443000
1019.450010000  8.300000000 0.293459535000
1019.475040000  8.300000000 0.295063734000
1019.500000000  8.300000000 0.296603590000
1019.525020000  8.300000000 0.298071593000
1019.550050000  8.300000000 0.299460262000
1019.575010000  8.300000000 0.300762087000
1019.600040000  8.300000000 0.301969439000
1019.625000000  8.300000000 0.303074896000
1019.650020000  8.300000000 0.304071069000
1019.675050000  8.300000000 0.304950744000
1019.700010000  8.300000000 0.305706769000
1019.725040000  8.300000000 0.306332201000
1019.750000000  8.300000000 0.306820422000
1019.775020000  8.300000000 0.307164907000
1019.800050000  8.300000000 0.307359517000
1019.825010000  8.300000000 0.307398379000
1019.850040000  8.300000000 0.307275921000
1019.875000000  8.300000000 0.306986898000
1019.900020000  8.300000000 0.306526482000
1019.925050000  8.300000000 0.305890113000
1019.950010000  8.300000000 0.305073708000
1019.975040000  8.300000000 0.304073423000
1020.000000000  8.300000000 0.302885920000
1020.025020000  8.300000000 0.301508218000
1020.050050000  8.300000000 0.299937755000
1020.075010000  8.300000000 0.298172355000
1020.100040000  8.300000000 0.296210200000
1020.125000000  8.300000000 0.294050008000
1020.150020000  8.300000000 0.291690737000
1020.175050000  8.300000000 0.289131999000
1020.200010000  8.300000000 0.286373585000
1020.225040000  8.300000000 0.283415973000
1020.250000000  8.300000000 0.280259877000
1020.275020000  8.300000000 0.276906520000
1020.300050000  8.300000000 0.273357600000
1020.325010000  8.300000000 0.269615322000
1020.350040000  8.300000000 0.265682161000
1020.375000000  8.300000000 0.261561275000
1020.400020000  8.300000000 0.257256269000
1020.425050000  8.300000000 0.252770901000
1020.450010000  8.300000000 0.248109862000
1020.475040000  8.300000000 0.243277982000
1020.500000000  8.300000000 0.238280609000
1020.525020000  8.300000000 0.233123675000
1020.550050000  8.300000000 0.227813393000
1020.575010000  8.300000000 0.222356439000
1020.600040000  8.300000000 0.216760010000
1020.625000000  8.300000000 0.211031631000
1020.650020000  8.300000000 0.205179229000
1020.675050000  8.300000000 0.199211061000
1020.700010000  8.300000000 0.193135798000
1020.725040000  8.300000000 0.186962321000
1020.750000000  8.300000000 0.180699766000
1020.775020000  8.300000000 0.174357608000
1020.800050000  8.300000000 0.167945430000
1020.825010000  8.300000000 0.161473006000
1020.850040000  8.300000000 0.154950127000
1020.875000000  8.300000000 0.148386672000
1020.900020000  8.300000000 0.141792521000
1020.925050000  8.300000000 0.135177553000
1020.950010000  8.300000000 0.128551438000
1020.975040000  8.300000000 0.121923693000
1021.000000000  8.300000000 0.115303732000
1021.025020000  8.300000000 0.108700648000
1021.050050000  8.300000000 0.102123320000
1021.075010000  8.300000000 0.095580287300
1021.100040000  8.300000000 0.089079752600
1021.125000000  8.300000000 0.082629561400
1021.150020000  8.300000000 0.076237209100
1021.175050000  8.300000000 0.069909751400
1021.200010000  8.300000000 0.063653871400
1021.225040000  8.300000000 0.057475805300
1021.250000000  8.300000000 0.051381349600
1021.275020000  8.300000000 0.045375920800
1021.300050000  8.300000000 0.039464484900
1021.325010000  8.300000000 0.033651523300
1021.350040000  8.300000000 0.027941156200
1021.375000000  8.300000000 0.022337045500
1021.400020000  8.300000000 0.016842432300
1021.425050000  8.300000000 0.011460096600
1021.450010000  8.300000000 0.006192422940
1021.475040000  8.300000000 0.001041354030
1021.500000000  8.300000000 -0.003991612700
1021.525020000  8.300000000 -0.008905380030
1021.550050000  8.300000000 -0.013699309000
1021.575010000  8.300000000 -0.018373159700
1021.600040000  8.300000000 -0.022927150100
1021.625000000  8.300000000 -0.027361897800
1021.650020000  8.300000000 -0.031678486600
1021.675050000  8.300000000 -0.035878375200
1021.700010000  8.300000000 -0.039963483800
1021.725040000  8.300000000 -0.043936118500
1021.750000000  8.300000000 -0.047798980000
1021.775020000  8.300000000 -0.051555156700
1021.800050000  8.300000000 -0.055208116800
1021.825010000  8.300000000 -0.058761652600
1021.850040000  8.300000000 -0.062219899100
1021.875000000  8.300000000 -0.065587282200
1021.900020000  8.300000000 -0.068868517900
1021.925050000  8.300000000 -0.072068542200
1021.950010000  8.300000000 -0.075192503600
1021.975040000  8.300000000 -0.078245729200
1022.000000000  8.300000000 -0.081233680200
1022.025020000  8.300000000 -0.084161959600
1022.050050000  8.300000000 -0.087036259500
1022.075010000  8.300000000 -0.089862249800
1022.100040000  8.300000000 -0.092645674900
1022.125000000  8.300000000 -0.095392197400
1022.150020000  8.300000000 -0.098107434800
1022.175050000  8.300000000 -0.100796908000
1022.200010000  8.300000000 -0.103465974000
1022.225040000  8.300000000 -0.106119879000
1022.250000000  8.300000000 -0.108763613000
1022.275020000  8.300000000 -0.111401953000
1022.300050000  8.300000000 -0.114039451000
1022.325010000  8.300000000 -0.116680309000
1022.350040000  8.300000000 -0.119328454000
1022.375000000  8.300000000 -0.121987484000
1022.400020000  8.300000000 -0.124660619000
1022.425050000  8.300000000 -0.127350688000
1022.450010000  8.300000000 -0.130060107000
1022.475040000  8.300000000 -0.132790953000
1022.500000000  8.300000000 -0.135544822000
1022.525020000  8.300000000 -0.138322979000
1022.550050000  8.300000000 -0.141126141000
1022.575010000  8.300000000 -0.143954769000
1022.600040000  8.300000000 -0.146808743000
1022.625000000  8.300000000 -0.149687648000
1022.650020000  8.300000000 -0.152590632000
1022.675050000  8.300000000 -0.155516505000
1022.700010000  8.300000000 -0.158463582000
1022.725040000  8.300000000 -0.161429927000
1022.750000000  8.300000000 -0.164413229000
1022.775020000  8.300000000 -0.167410821000
1022.800050000  8.300000000 -0.170419767000
1022.825010000  8.300000000 -0.173436835000
1022.850040000  8.300000000 -0.176458567000
1022.875000000  8.300000000 -0.179481283000
1022.900020000  8.300000000 -0.182501093000
1022.925050000  8.300000000 -0.185513973000
1022.950010000  8.300000000 -0.188515887000
1022.975040000  8.300000000 -0.191502556000
1023.000000000  8.300000000 -0.194469765000
1023.025020000  8.300000000 -0.197413325000
1023.050050000  8.300000000 -0.200329080000
1023.075010000  8.300000000 -0.203212932000
1023.100040000  8.300000000 -0.206060901000
1023.125000000  8.300000000 -0.208869234000
1023.150020000  8.300000000 -0.211634159000
1023.175050000  8.300000000 -0.214352354000
1023.200010000  8.300000000 -0.217020661000
1023.225040000  8.300000000 -0.219636172000
1023.250000000  8.300000000 -0.222196251000
1023.275020000  8.300000000 -0.224698693000
1023.300050000  8.300000000 -0.227141485000
1023.325010000  8.300000000 -0.229523197000
1023.350040000  8.300000000 -0.231842533000
1023.375000000  8.300000000 -0.234098792000
1023.400020000  8.300000000 -0.236291498000
1023.425050000  8.300000000 -0.238420859000
1023.450010000  8.300000000 -0.240487084000
1023.475040000  8.300000000 -0.242491186000
1023.500000000  8.300000000 -0.244434267000
1023.525020000  8.300000000 -0.246318072000
1023.550050000  8.300000000 -0.248144507000
1023.575010000  8.300000000 -0.249916077000
1023.600040000  8.300000000 -0.251635462000
1023.625000000  8.300000000 -0.253305793000
1023.650020000  8.300000000 -0.254930496000
1023.675050000  8.300000000 -0.256513208000
1023.700010000  8.300000000 -0.258057892000
1023.725040000  8.300000000 -0.259568870000
1023.750000000  8.300000000 -0.261050433000
1023.775020000  8.300000000 -0.262507349000
1023.800050000  8.300000000 -0.263944268000
1023.825010000  8.300000000 -0.265366107000
1023.850040000  8.300000000 -0.266777903000
1023.875000000  8.300000000 -0.268184632000
1023.900020000  8.300000000 -0.269591242000
1023.925050000  8.300000000 -0.271002650000
1023.950010000  8.300000000 -0.272423834000
1023.975040000  8.300000000 -0.273859411000
1024.000000000  8.300000000 -0.275314033000
1024.025020000  8.300000000 -0.276791811000
1024.050050000  8.300000000 -0.278296977000
1024.075070000  8.300000000 -0.279833168000
1024.099980000  8.300000000 -0.281403720000
1024.125000000  8.300000000 -0.283011764000
1024.150020000  8.300000000 -0.284659743000
1024.175050000  8.300000000 -0.286349982000
1024.200070000  8.300000000 -0.288084090000
1024.224980000  8.300000000 -0.289863288000
1024.250000000  8.300000000 -0.291688412000
1024.275020000  8.300000000 -0.293559521000
1024.300050000  8.300000000 -0.295476466000
1024.325070000  8.300000000 -0.297438383000
1024.349980000  8.300000000 -0.299444020000
1024.375000000  8.300000000 -0.301491380000
1024.400020000  8.300000000 -0.303578347000
1024.425050000  8.300000000 -0.305702120000
1024.450070000  8.300000000 -0.307859272000
1024.474980000  8.300000000 -0.310046285000
1024.500000000  8.300000000 -0.312259018000
1024.525020000  8.300000000 -0.314493060000
1024.550050000  8.300000000 -0.316743642000
1024.575070000  8.300000000 -0.319005728000
1024.599980000  8.300000000 -0.321274042000
1024.625000000  8.300000000 -0.323543102000
1024.650020000  8.300000000 -0.325807273000
1024.675050000  8.300000000 -0.328061014000
1024.700070000  8.300000000 -0.330298334000
1024.724980000  8.300000000 -0.332513630000
1024.750000000  8.300000000 -0.334701091000
1024.775020000  8.300000000 -0.336855114000
1024.800050000  8.300000000 -0.338970095000
1024.825070000  8.300000000 -0.341040790000
1024.849980000  8.300000000 -0.343061835000
1024.875000000  8.300000000 -0.345028430000
1024.900020000  8.300000000 -0.346935987000
1024.925050000  8.300000000 -0.348779917000
1024.950070000  8.300000000 -0.350556195000
1024.974980000  8.300000000 -0.352261096000
1025.000000000  8.300000000 -0.353891253000
1025.025020000  8.300000000 -0.355443567000
1025.050050000  8.300000000 -0.356915444000
1025.075070000  8.300000000 -0.358304590000
1025.099980000  8.300000000 -0.359609097000
1025.125000000  8.300000000 -0.360827535000
1025.150020000  8.300000000 -0.361958921000
1025.175050000  8.300000000 -0.363002330000
1025.200070000  8.300000000 -0.363957614000
1025.224980000  8.300000000 -0.364824623000
1025.250000000  8.300000000 -0.365603775000
1025.275020000  8.300000000 -0.366295815000
1025.300050000  8.300000000 -0.366901577000
1025.325070000  8.300000000 -0.367422432000
1025.349980000  8.300000000 -0.367859840000
1025.375000000  8.300000000 -0.368215531000
1025.400020000  8.300000000 -0.368491352000
1025.425050000  8.300000000 -0.368689448000
1025.450070000  8.300000000 -0.368812025000
1025.474980000  8.300000000 -0.368861318000
1025.500000000  8.300000000 -0.368839651000
1025.525020000  8.300000000 -0.368749291000
1025.550050000  8.300000000 -0.368592709000
1025.575070000  8.300000000 -0.368372202000
1025.599980000  8.300000000 -0.368089914000
1025.625000000  8.300000000 -0.367748052000
1025.650020000  8.300000000 -0.367348760000
1025.675050000  8.300000000 -0.366893798000
1025.700070000  8.300000000 -0.366385132000
1025.724980000  8.300000000 -0.365824133000
1025.750000000  8.300000000 -0.365212440000
1025.775020000  8.300000000 -0.364551097000
1025.800050000  8.300000000 -0.363841385000
1025.825070000  8.300000000 -0.363083929000
1025.849980000  8.300000000 -0.362279505000
1025.875000000  8.300000000 -0.361428499000
1025.900020000  8.300000000 -0.360531241000
1025.925050000  8.300000000 -0.359587699000
1025.950070000  8.300000000 -0.358597785000
1025.974980000  8.300000000 -0.357561231000
1026.000000000  8.300000000 -0.356477439000
1026.025020000  8.300000000 -0.355345905000
1026.050050000  8.300000000 -0.354165643000
1026.075070000  8.300000000 -0.352935910000
1026.099980000  8.300000000 -0.351655453000
1026.125000000  8.300000000 -0.350323230000
1026.150020000  8.300000000 -0.348937869000
1026.175050000  8.300000000 -0.347497821000
1026.200070000  8.300000000 -0.346001804000
1026.224980000  8.300000000 -0.344448030000
1026.250000000  8.300000000 -0.342835039000
1026.275020000  8.300000000 -0.341161013000
1026.300050000  8.300000000 -0.339424342000
1026.325070000  8.300000000 -0.337623298000
1026.349980000  8.300000000 -0.335756212000
1026.375000000  8.300000000 -0.333821535000
1026.400020000  8.300000000 -0.331817687000
1026.425050000  8.300000000 -0.329743207000
1026.450070000  8.300000000 -0.327596724000
1026.474980000  8.300000000 -0.325377017000
1026.500000000  8.300000000 -0.323082983000
1026.525020000  8.300000000 -0.320713758000
1026.550050000  8.300000000 -0.318268329000
1026.575070000  8.300000000 -0.315746337000
1026.599980000  8.300000000 -0.313147187000
1026.625000000  8.300000000 -0.310470611000
1026.650020000  8.300000000 -0.307716459000
1026.675050000  8.300000000 -0.304884940000
1026.700070000  8.300000000 -0.301976174000
1026.724980000  8.300000000 -0.298990488000
1026.750000000  8.300000000 -0.295928657000
1026.775020000  8.300000000 -0.292791098000
1026.800050000  8.300000000 -0.289578885000
1026.825070000  8.300000000 -0.286292881000
1026.849980000  8.300000000 -0.282934159000
1026.875000000  8.300000000 -0.279503971000
1026.900020000  8.300000000 -0.276003629000
1026.925050000  8.300000000 -0.272434503000
1026.950070000  8.300000000 -0.268798053000
1026.974980000  8.300000000 -0.265095770000
1027.000000000  8.300000000 -0.261329293000
1027.025020000  8.300000000 -0.257500291000
1027.050050000  8.300000000 -0.253610313000
1027.075070000  8.300000000 -0.249661177000
1027.099980000  8.300000000 -0.245654538000
1027.125000000  8.300000000 -0.241592139000
1027.150020000  8.300000000 -0.237475663000
1027.175050000  8.300000000 -0.233306795000
1027.200070000  8.300000000 -0.229087234000
1027.224980000  8.300000000 -0.224818558000
1027.250000000  8.300000000 -0.220502421000
1027.275020000  8.300000000 -0.216140360000
1027.300050000  8.300000000 -0.211733922000
1027.325070000  8.300000000 -0.207284644000
1027.349980000  8.300000000 -0.202794060000
1027.375000000  8.300000000 -0.198263600000
1027.400020000  8.300000000 -0.193694741000
1027.425050000  8.300000000 -0.189088911000
1027.450070000  8.300000000 -0.184447616000
1027.474980000  8.300000000 -0.179772362000
1027.500000000  8.300000000 -0.175064519000
1027.525020000  8.300000000 -0.170325711000
1027.550050000  8.300000000 -0.165557474000
1027.575070000  8.300000000 -0.160761416000
1027.599980000  8.300000000 -0.155939281000
1027.625000000  8.300000000 -0.151092812000
1027.650020000  8.300000000 -0.146223933000
1027.675050000  8.300000000 -0.141334549000
1027.700070000  8.300000000 -0.136426806000
1027.724980000  8.300000000 -0.131502882000
1027.750000000  8.300000000 -0.126565173000
1027.775020000  8.300000000 -0.121616177000
1027.800050000  8.300000000 -0.116658546000
1027.825070000  8.300000000 -0.111695096000
1027.849980000  8.300000000 -0.106728762000
1027.875000000  8.300000000 -0.101762630000
1027.900020000  8.300000000 -0.096799902600
1027.925050000  8.300000000 -0.091843888200
1027.950070000  8.300000000 -0.086898013900
1027.974980000  8.300000000 -0.081965707200
1028.000000000  8.300000000 -0.077050507100
1028.025020000  8.300000000 -0.072155930100
1028.050050000  8.300000000 -0.067285455800
1028.075070000  8.300000000 -0.062442578400
1028.099980000  8.300000000 -0.057630669300
1028.125000000  8.300000000 -0.052852984500
1028.150020000  8.300000000 -0.048112645700
1028.175050000  8.300000000 -0.043412577400
1028.200070000  8.300000000 -0.038755469000
1028.224980000  8.300000000 -0.034143772000
1028.250000000  8.300000000 -0.029579611500
1028.275020000  8.300000000 -0.025064813000
1028.300050000  8.300000000 -0.020600860900
1028.325070000  8.300000000 -0.016188828300
1028.349980000  8.300000000 -0.011829443300
1028.375000000  8.300000000 -0.007522975090
1028.400020000  8.300000000 -0.003269292180
1028.425050000  8.300000000 0.000932209543
1028.450070000  8.300000000 0.005082567690
1028.474980000  8.300000000 0.009183276440
1028.500000000  8.300000000 0.013236278700
1028.525020000  8.300000000 0.017243996300
1028.550050000  8.300000000 0.021209258600
1028.575070000  8.300000000 0.025135327100
1028.599980000  8.300000000 0.029025906700
1028.625000000  8.300000000 0.032885089500
1028.650020000  8.300000000 0.036717344100
1028.675050000  8.300000000 0.040527500200
1028.700070000  8.300000000 0.044320717500
1028.724980000  8.300000000 0.048102431000
1028.750000000  8.300000000 0.051878329400
1028.775020000  8.300000000 0.055654302200
1028.800050000  8.300000000 0.059436384600
1028.825070000  8.300000000 0.063230738000
1028.849980000  8.300000000 0.067043617400
1028.875000000  8.300000000 0.070881247500
1028.900020000  8.300000000 0.074749805000
1028.925050000  8.300000000 0.078655377000
1028.950070000  8.300000000 0.082603871800
1028.974980000  8.300000000 0.086601004000
1029.000000000  8.300000000 0.090652182700
1029.025020000  8.300000000 0.094762489200
1029.050050000  8.300000000 0.098936639700
1029.075070000  8.300000000 0.103178851000
1029.099980000  8.300000000 0.107492968000
1029.125000000  8.300000000 0.111882187000
1029.150020000  8.300000000 0.116349213000
1029.175050000  8.300000000 0.120896198000
1029.200070000  8.300000000 0.125524491000
1029.224980000  8.300000000 0.130234957000
1029.250000000  8.300000000 0.135027617000
1029.275020000  8.300000000 0.139901921000
1029.300050000  8.300000000 0.144856527000
1029.325070000  8.300000000 0.149889305000
1029.349980000  8.300000000 0.154997453000
1029.375000000  8.300000000 0.160177410000
1029.400020000  8.300000000 0.165424943000
1029.425050000  8.300000000 0.170735031000
1029.450070000  8.300000000 0.176101968000
1029.474980000  8.300000000 0.181519449000
1029.500000000  8.300000000 0.186980441000
1029.525020000  8.300000000 0.192477286000
1029.550050000  8.300000000 0.198001772000
1029.575070000  8.300000000 0.203545138000
1029.599980000  8.300000000 0.209098011000
1029.625000000  8.300000000 0.214650735000
1029.650020000  8.300000000 0.220193192000
1029.675050000  8.300000000 0.225714847000
1029.700070000  8.300000000 0.231204897000
1029.724980000  8.300000000 0.236652285000
1029.750000000  8.300000000 0.242045820000
1029.775020000  8.300000000 0.247374013000
1029.800050000  8.300000000 0.252625436000
1029.825070000  8.300000000 0.257788420000
1029.849980000  8.300000000 0.262851477000
1029.875000000  8.300000000 0.267803222000
1029.900020000  8.300000000 0.272632241000
1029.925050000  8.300000000 0.277327240000
1029.950070000  8.300000000 0.281877279000
1029.974980000  8.300000000 0.286271483000
1030.000000000  8.300000000 0.290499449000
1030.025020000  8.300000000 0.294550866000
1030.050050000  8.300000000 0.298415929000
1030.075070000  8.300000000 0.302085191000
1030.099980000  8.300000000 0.305549502000
1030.125000000  8.300000000 0.308800131000
1030.150020000  8.300000000 0.311829031000
1030.175050000  8.300000000 0.314628243000
1030.200070000  8.300000000 0.317190617000
1030.224980000  8.300000000 0.319509208000
1030.250000000  8.300000000 0.321577668000
1030.275020000  8.300000000 0.323390335000
1030.300050000  8.300000000 0.324941874000
1030.325070000  8.300000000 0.326227546000
1030.349980000  8.300000000 0.327243149000
1030.375000000  8.300000000 0.327985197000
1030.400020000  8.300000000 0.328450501000
1030.425050000  8.300000000 0.328636587000
1030.450070000  8.300000000 0.328541666000
1030.474980000  8.300000000 0.328164399000
1030.500000000  8.300000000 0.327503860000
1030.525020000  8.300000000 0.326560110000
1030.550050000  8.300000000 0.325333476000
1030.575070000  8.300000000 0.323825002000
1030.599980000  8.300000000 0.322036237000
1030.625000000  8.300000000 0.319969416000
1030.650020000  8.300000000 0.317627132000
1030.675050000  8.300000000 0.315012604000
1030.700070000  8.300000000 0.312129647000
1030.724980000  8.300000000 0.308982462000
1030.750000000  8.300000000 0.305575758000
1030.775020000  8.300000000 0.301914752000
1030.800050000  8.300000000 0.298005015000
1030.825070000  8.300000000 0.293852627000
1030.849980000  8.300000000 0.289463997000
1030.875000000  8.300000000 0.284845978000
1030.900020000  8.300000000 0.280005753000
1030.925050000  8.300000000 0.274950832000
1030.950070000  8.300000000 0.269689113000
1030.974980000  8.300000000 0.264228821000
1031.000000000  8.300000000 0.258578479000
1031.025020000  8.300000000 0.252746940000
1031.050050000  8.300000000 0.246743321000
1031.075070000  8.300000000 0.240577176000
1031.099980000  8.300000000 0.234258339000
1031.125000000  8.300000000 0.227796867000
1031.150020000  8.300000000 0.221203268000
1031.175050000  8.300000000 0.214488417000
1031.200070000  8.300000000 0.207663536000
1031.224980000  8.300000000 0.200740084000
1031.250000000  8.300000000 0.193729967000
1031.275020000  8.300000000 0.186645493000
1031.300050000  8.300000000 0.179499254000
1031.325070000  8.300000000 0.172304168000
1031.349980000  8.300000000 0.165073514000
1031.375000000  8.300000000 0.157820895000
1031.400020000  8.300000000 0.150560111000
1031.425050000  8.300000000 0.143305302000
1031.450070000  8.300000000 0.136070773000
1031.474980000  8.300000000 0.128871068000
1031.500000000  8.300000000 0.121720836000
1031.525020000  8.300000000 0.114634864000
1031.550050000  8.300000000 0.107627951000
1031.575070000  8.300000000 0.100714847000
1031.599980000  8.300000000 0.093910321600
1031.625000000  8.300000000 0.087228961300
1031.650020000  8.300000000 0.080685183400
1031.675050000  8.300000000 0.074293158900
1031.700070000  8.300000000 0.068066731100
1031.724980000  8.300000000 0.062019344400
1031.750000000  8.300000000 0.056164048600
1031.775020000  8.300000000 0.050513338300
1031.800050000  8.300000000 0.045079235000
1031.825070000  8.300000000 0.039873104500
1031.849980000  8.300000000 0.034905675800
1031.875000000  8.300000000 0.030187021900
1031.900020000  8.300000000 0.025726465500
1031.925050000  8.300000000 0.021532530000
1031.950070000  8.300000000 0.017612982500
1031.974980000  8.300000000 0.013974726200
1032.000000000  8.300000000 0.010623838800
1032.025020000  8.300000000 0.007565534670
1032.050050000  8.300000000 0.004804183730
1032.075070000  8.300000000 0.002343280240
1032.099980000  8.300000000 0.000185426165
1032.125000000  8.300000000 -0.001667640750
1032.150020000  8.300000000 -0.003215088740
1032.175050000  8.300000000 -0.004456965720
1032.200070000  8.300000000 -0.005394208710
1032.224980000  8.300000000 -0.006028630310
1032.250000000  8.300000000 -0.006362875460
1032.275020000  8.300000000 -0.006400458050
1032.300050000  8.300000000 -0.006145720840
1032.325070000  8.300000000 -0.005603836380
1032.349980000  8.300000000 -0.004780795430
1032.375000000  8.300000000 -0.003683427120
1032.400020000  8.300000000 -0.002319343160
1032.425050000  8.300000000 -0.000696937030
1032.450070000  8.300000000 0.001174641070
1032.474980000  8.300000000 0.003285530490
1032.500000000  8.300000000 0.005625168790
1032.525020000  8.300000000 0.008182344030
1032.550050000  8.300000000 0.010945193500
1032.575070000  8.300000000 0.013901272800
1032.599980000  8.300000000 0.017037555600
1032.625000000  8.300000000 0.020340513400
1032.650020000  8.300000000 0.023796133700
1032.675050000  8.300000000 0.027389979000
1032.700070000  8.300000000 0.031107308300
1032.724980000  8.300000000 0.034933019400
1032.750000000  8.300000000 0.038851827400
1032.775020000  8.300000000 0.042848236900
1032.800050000  8.300000000 0.046906653800
1032.825070000  8.300000000 0.051011413300
1032.849980000  8.300000000 0.055146843200
1032.875000000  8.300000000 0.059297360500
1032.900020000  8.300000000 0.063447482900
1032.925050000  8.300000000 0.067581936700
1032.950070000  8.300000000 0.071685709100
1032.974980000  8.300000000 0.075744167000
1033.000000000  8.300000000 0.079743042600
1033.025020000  8.300000000 0.083668537400
1033.050050000  8.300000000 0.087507344800
1033.075070000  8.300000000 0.091246701800
1033.099980000  8.300000000 0.094874508700
1033.125000000  8.300000000 0.098379261800
1033.150020000  8.300000000 0.101750292000
1033.175050000  8.300000000 0.104977556000
1033.200070000  8.300000000 0.108051889000
1033.224980000  8.300000000 0.110964954000
1033.250000000  8.300000000 0.113709204000
1033.275020000  8.300000000 0.116278030000
1033.300050000  8.300000000 0.118665703000
1033.325070000  8.300000000 0.120867416000
1033.349980000  8.300000000 0.122879289000
1033.375000000  8.300000000 0.124698371000
1033.400020000  8.300000000 0.126322657000
1033.425050000  8.300000000 0.127751067000
1033.450070000  8.300000000 0.128983498000
1033.474980000  8.300000000 0.130020663000
1033.500000000  8.300000000 0.130864158000
1033.525020000  8.300000000 0.131516576000
1033.550050000  8.300000000 0.131981060000
1033.575070000  8.300000000 0.132261753000
1033.599980000  8.300000000 0.132363379000
1033.625000000  8.300000000 0.132291421000
1033.650020000  8.300000000 0.132051930000
1033.675050000  8.300000000 0.131651536000
1033.700070000  8.300000000 0.131097436000
1033.724980000  8.300000000 0.130397201000
1033.750000000  8.300000000 0.129558787000
1033.775020000  8.300000000 0.128590494000
1033.800050000  8.300000000 0.127500966000
1033.825070000  8.300000000 0.126298860000
1033.849980000  8.300000000 0.124993168000
1033.875000000  8.300000000 0.123592854000
1033.900020000  8.300000000 0.122107029000
1033.925050000  8.300000000 0.120544747000
1033.950070000  8.300000000 0.118915059000
1033.974980000  8.300000000 0.117226884000
1034.000000000  8.300000000 0.115489036000
1034.025020000  8.300000000 0.113710135000
1034.050050000  8.300000000 0.111898616000
1034.075070000  8.300000000 0.110062607000
1034.099980000  8.300000000 0.108210035000
1034.125000000  8.300000000 0.106348507000
1034.150020000  8.300000000 0.104485273000
1034.175050000  8.300000000 0.102627322000
1034.200070000  8.300000000 0.100781128000
1034.224980000  8.300000000 0.098952949000
1034.250000000  8.300000000 0.097148492900
1034.275020000  8.300000000 0.095373205800
1034.300050000  8.300000000 0.093631990300
1034.325070000  8.300000000 0.091929413400
1034.349980000  8.300000000 0.090269625200
1034.375000000  8.300000000 0.088656343500
1034.400020000  8.300000000 0.087092921100
1034.425050000  8.300000000 0.085582234000
1034.450070000  8.300000000 0.084126837600
1034.474980000  8.300000000 0.082728795700
1034.500000000  8.300000000 0.081389844400
1034.525020000  8.300000000 0.080111369500
1034.550050000  8.300000000 0.078894347000
1034.575070000  8.300000000 0.077739417600
1034.599980000  8.300000000 0.076646931500
1034.625000000  8.300000000 0.075616903600
1034.650020000  8.300000000 0.074648998700
1034.675050000  8.300000000 0.073742620600
1034.700070000  8.300000000 0.072896897800
1034.724980000  8.300000000 0.072110682700
1034.750000000  8.300000000 0.071382544900
1034.775020000  8.300000000 0.070710904900
1034.800050000  8.300000000 0.070093900000
1034.825070000  8.300000000 0.069529511000
1034.849980000  8.300000000 0.069015547600
1034.875000000  8.300000000 0.068549640500
1034.900020000  8.300000000 0.068129330900
1034.925050000  8.300000000 0.067752048400
1034.950070000  8.300000000 0.067415185300
1034.974980000  8.300000000 0.067116066800
1035.000000000  8.300000000 0.066852018200
1035.025020000  8.300000000 0.066620379700
1035.050050000  8.300000000 0.066418536000
1035.075070000  8.300000000 0.066243879500
1035.099980000  8.300000000 0.066093914200
1035.125000000  8.300000000 0.065966226200
1035.150020000  8.300000000 0.065858505700
1035.175050000  8.300000000 0.065768569700
1035.200070000  8.300000000 0.065694339600
1035.224980000  8.300000000 0.065633900500
1035.250000000  8.300000000 0.065585449300
1035.275020000  8.300000000 0.065547339600
1035.300050000  8.300000000 0.065518029000
1035.325070000  8.300000000 0.065496139200
1035.349980000  8.300000000 0.065480440900
1035.375000000  8.300000000 0.065469808900
1035.400020000  8.300000000 0.065463282200
1035.425050000  8.300000000 0.065459996500
1035.450070000  8.300000000 0.065459229100
1035.474980000  8.300000000 0.065460301900
1035.500000000  8.300000000 0.065462686100
1035.525020000  8.300000000 0.065465867500
1035.550050000  8.300000000 0.065469436300
1035.575070000  8.300000000 0.065472997700
1035.599980000  8.300000000 0.065476194000
1035.625000000  8.300000000 0.065478704900
1035.650020000  8.300000000 0.065480157700
1035.675050000  8.300000000 0.065480224800
1035.700070000  8.300000000 0.065478488800
1035.724980000  8.300000000 0.065474525100
1035.750000000  8.300000000 0.065467827000
1035.775020000  8.300000000 0.065457798500
1035.800050000  8.300000000 0.065443776500
1035.825070000  8.300000000 0.065425023400
1035.849980000  8.300000000 0.065400697300
1035.875000000  8.300000000 0.065369881700
1035.900020000  8.300000000 0.065331570800
1035.925050000  8.300000000 0.065284721600
1035.950070000  8.300000000 0.065228201400
1035.974980000  8.300000000 0.065160870600
1036.000000000  8.300000000 0.065081566600
1036.025020000  8.300000000 0.064989127200
1036.050050000  8.300000000 0.064882420000
1036.075070000  8.300000000 0.064760386900
1036.099980000  8.300000000 0.064622022200
1036.125000000  8.300000000 0.064466439200
1036.150020000  8.300000000 0.064292907700
1036.175050000  8.300000000 0.064100801900
1036.200070000  8.300000000 0.063889749300
1036.224980000  8.300000000 0.063659526400
1036.250000000  8.300000000 0.063410140600
1036.275020000  8.300000000 0.063141815400
1036.300050000  8.300000000 0.062855020200
1036.325070000  8.300000000 0.062550485100
1036.349980000  8.300000000 0.062229204900
1036.375000000  8.300000000 0.061892412600
1036.400020000  8.300000000 0.061541613200
1036.425050000  8.300000000 0.061178587400
1036.450070000  8.300000000 0.060805335600
1036.474980000  8.300000000 0.060424093200
1036.500000000  8.300000000 0.060037303700
1036.525020000  8.300000000 0.059647575000
1036.550050000  8.300000000 0.059257734600
1036.575070000  8.300000000 0.058870710400
1036.599980000  8.300000000 0.058489508900
1036.625000000  8.300000000 0.058117229500
1036.650020000  8.300000000 0.057757020000
1036.675050000  8.300000000 0.057412024600
1036.700070000  8.300000000 0.057085327800
1036.724980000  8.300000000 0.056780010500
1036.750000000  8.300000000 0.056498993200
1036.775020000  8.300000000 0.056245099800
1036.800050000  8.300000000 0.056020934100
1036.825070000  8.300000000 0.055828932700
1036.849980000  8.300000000 0.055671256000
1036.875000000  8.300000000 0.055549804100
1036.900020000  8.300000000 0.055466190000
1036.925050000  8.300000000 0.055421710000
1036.950070000  8.300000000 0.055417295500
1036.974980000  8.300000000 0.055453535200
1037.000000000  8.300000000 0.055530652400
1037.025020000  8.300000000 0.055648397700
1037.050050000  8.300000000 0.055806182300
1037.075070000  8.300000000 0.056002963300
1037.099980000  8.300000000 0.056237246800
1037.125000000  8.300000000 0.056507140400
1037.150020000  8.300000000 0.056810285900
1037.175050000  8.300000000 0.057143889400
1037.200070000  8.300000000 0.057504735900
1037.224980000  8.300000000 0.057889193300
1037.250000000  8.300000000 0.058293175000
1037.275020000  8.300000000 0.058712266400
1037.300050000  8.300000000 0.059141647100
1037.325070000  8.300000000 0.059576097900
1037.349980000  8.300000000 0.060010124000
1037.375000000  8.300000000 0.060437835800
1037.400020000  8.300000000 0.060853086400
1037.425050000  8.300000000 0.061249401400
1037.450070000  8.300000000 0.061620146000
1037.474980000  8.300000000 0.061958443400
1037.500000000  8.300000000 0.062257278700
1037.525020000  8.300000000 0.062509514400
1037.550050000  8.300000000 0.062707997900
1037.575070000  8.300000000 0.062845461100
1037.599980000  8.300000000 0.062914706800
1037.625000000  8.300000000 0.062908522800
1037.650020000  8.300000000 0.062819831100
1037.675050000  8.300000000 0.062641710000
1037.700070000  8.300000000 0.062367416900
1037.724980000  8.300000000 0.061990458500
1037.750000000  8.300000000 0.061504643400
1037.775020000  8.300000000 0.060904119200
1037.800050000  8.300000000 0.060183409600
1037.825070000  8.300000000 0.059337440900
1037.849980000  8.300000000 0.058361593600
1037.875000000  8.300000000 0.057251744000
1037.900020000  8.300000000 0.056004285800
1037.925050000  8.300000000 0.054616201700
1037.950070000  8.300000000 0.053085066400
1037.974980000  8.300000000 0.051409099300
1038.000000000  8.300000000 0.049587156600
1038.025020000  8.300000000 0.047618761700
1038.050050000  8.300000000 0.045504104300
1038.075070000  8.300000000 0.043244041500
1038.099980000  8.300000000 0.040840115400
1038.125000000  8.300000000 0.038294531400
1038.150020000  8.300000000 0.035610187800
1038.175050000  8.300000000 0.032790612400
1038.200070000  8.300000000 0.029840007400
1038.224980000  8.300000000 0.026763202600
1038.250000000  8.300000000 0.023565610900
1038.275020000  8.300000000 0.020253244800
1038.300050000  8.300000000 0.016832649700
1038.325070000  8.300000000 0.013310886000
1038.349980000  8.300000000 0.009695511310
1038.375000000  8.300000000 0.005994504780
1038.400020000  8.300000000 0.002216279510
1038.425050000  8.300000000 -0.001630399490
1038.450070000  8.300000000 -0.005536407700
1038.474980000  8.300000000 -0.009492291140
1038.500000000  8.300000000 -0.013488310400
1038.525020000  8.300000000 -0.017514448600
1038.550050000  8.300000000 -0.021560482700
1038.575070000  8.300000000 -0.025615984600
1038.599980000  8.300000000 -0.029670404300
1038.625000000  8.300000000 -0.033713024100
1038.650020000  8.300000000 -0.037733100400
1038.675050000  8.300000000 -0.041719820400
1038.700070000  8.300000000 -0.045662373300
1038.724980000  8.300000000 -0.049549941000
1038.750000000  8.300000000 -0.053371813100
1038.775020000  8.300000000 -0.057117339200
1038.800050000  8.300000000 -0.060775958000
1038.825070000  8.300000000 -0.064337298300
1038.849980000  8.300000000 -0.067791126700
1038.875000000  8.300000000 -0.071127459400
1038.900020000  8.300000000 -0.074336536200
1038.925050000  8.300000000 -0.077408850200
1038.950070000  8.300000000 -0.080335222200
1038.974980000  8.300000000 -0.083106808400
1039.000000000  8.300000000 -0.085715048000
1039.025020000  8.300000000 -0.088151827500
1039.050050000  8.300000000 -0.090409323600
1039.075070000  8.300000000 -0.092480085800
1039.099980000  8.300000000 -0.094357110600
1039.125000000  8.300000000 -0.096033655100
1039.150020000  8.300000000 -0.097503528000
1039.175050000  8.300000000 -0.098760798600
1039.200070000  8.300000000 -0.099800117300
1039.224980000  8.300000000 -0.100616448000
1039.250000000  8.300000000 -0.101205193000
1039.275020000  8.300000000 -0.101562254000
1039.300050000  8.300000000 -0.101683877000
1039.325070000  8.300000000 -0.101566739000
1039.349980000  8.300000000 -0.101207964000
1039.375000000  8.300000000 -0.100605056000
1039.400020000  8.300000000 -0.099755972600
1039.425050000  8.300000000 -0.098659098100
1039.450070000  8.300000000 -0.097313307200
1039.474980000  8.300000000 -0.095717899500
1039.500000000  8.300000000 -0.093872554600
1039.525020000  8.300000000 -0.091777488600
1039.550050000  8.300000000 -0.089433327300
1039.575070000  8.300000000 -0.086841076600
1039.599980000  8.300000000 -0.084002241500
1039.625000000  8.300000000 -0.080918744200
1039.650020000  8.300000000 -0.077592991300
1039.675050000  8.300000000 -0.074027732000
1039.700070000  8.300000000 -0.070226199900
1039.724980000  8.300000000 -0.066192001100
1039.750000000  8.300000000 -0.061929129100
1039.775020000  8.300000000 -0.057441972200
1039.800050000  8.300000000 -0.052735287700
1039.825070000  8.300000000 -0.047814153100
1039.849980000  8.300000000 -0.042683966500
1039.875000000  8.300000000 -0.037350490700
1039.900020000  8.300000000 -0.031819723500
1039.925050000  8.300000000 -0.026097917900
1039.950070000  8.300000000 -0.020191537200
1039.974980000  8.300000000 -0.014107232900
1040.000000000  8.300000000 -0.007851808330
1040.025020000  8.300000000 -0.001432207650
1040.050050000  8.300000000 0.005144506690
1040.075070000  8.300000000 0.011871209400
1040.099980000  8.300000000 0.018740715500
1040.125000000  8.300000000 0.025745783000
1040.150020000  8.300000000 0.032879184900
1040.175050000  8.300000000 0.040133658800
1040.200070000  8.300000000 0.047501988700
1040.224980000  8.300000000 0.054976981100
1040.250000000  8.300000000 0.062551491000
1040.275020000  8.300000000 0.070218399200
1040.300050000  8.300000000 0.077970616500
1040.325070000  8.300000000 0.085801102200
1040.349980000  8.300000000 0.093702875100
1040.375000000  8.300000000 0.101668991000
1040.400020000  8.300000000 0.109692469000
1040.425050000  8.300000000 0.117766388000
1040.450070000  8.300000000 0.125883788000
1040.474980000  8.300000000 0.134037718000
1040.500000000  8.300000000 0.142221183000
1040.525020000  8.300000000 0.150427014000
1040.550050000  8.300000000 0.158648074000
1040.575070000  8.300000000 0.166877076000
1040.599980000  8.300000000 0.175106466000
1040.625000000  8.300000000 0.183328673000
1040.650020000  8.300000000 0.191535860000
1040.675050000  8.300000000 0.199719965000
1040.700070000  8.300000000 0.207872927000
1040.724980000  8.300000000 0.215986162000
1040.750000000  8.300000000 0.224051163000
1040.775020000  8.300000000 0.232058987000
1040.800050000  8.300000000 0.240000516000
1040.825070000  8.300000000 0.247866482000
1040.849980000  8.300000000 0.255647361000
1040.875000000  8.300000000 0.263333321000
1040.900020000  8.300000000 0.270914644000
1040.925050000  8.300000000 0.278381079000
1040.950070000  8.300000000 0.285722703000
1040.974980000  8.300000000 0.292929143000
1041.000000000  8.300000000 0.299990207000
1041.025020000  8.300000000 0.306895494000
1041.050050000  8.300000000 0.313634813000
1041.075070000  8.300000000 0.320197970000
1041.099980000  8.300000000 0.326574892000
1041.125000000  8.300000000 0.332755536000
1041.150020000  8.300000000 0.338730097000
1041.175050000  8.300000000 0.344489098000
1041.200070000  8.300000000 0.350023031000
1041.224980000  8.300000000 0.355322868000
1041.250000000  8.300000000 0.360379934000
1041.275020000  8.300000000 0.365185648000
1041.300050000  8.300000000 0.369732141000
1041.325070000  8.300000000 0.374011576000
1041.349980000  8.300000000 0.378016770000
1041.375000000  8.300000000 0.381740957000
1041.400020000  8.300000000 0.385177702000
1041.425050000  8.300000000 0.388321310000
1041.450070000  8.300000000 0.391166240000
1041.474980000  8.300000000 0.393707722000
1041.500000000  8.300000000 0.395941556000
1041.525020000  8.300000000 0.397864133000
1041.550050000  8.300000000 0.399472058000
1041.575070000  8.300000000 0.400762975000
1041.599980000  8.300000000 0.401734889000
1041.625000000  8.300000000 0.402386338000
1041.650020000  8.300000000 0.402716756000
1041.675050000  8.300000000 0.402725726000
1041.700070000  8.300000000 0.402413875000
1041.724980000  8.300000000 0.401782006000
1041.750000000  8.300000000 0.400831968000
1041.775020000  8.300000000 0.399565935000
1041.800050000  8.300000000 0.397986650000
1041.825070000  8.300000000 0.396097511000
1041.849980000  8.300000000 0.393902272000
1041.875000000  8.300000000 0.391405404000
1041.900020000  8.300000000 0.388611615000
1041.925050000  8.300000000 0.385526210000
1041.950070000  8.300000000 0.382154852000
1041.974980000  8.300000000 0.378503591000
1042.000000000  8.300000000 0.374578685000
1042.025020000  8.300000000 0.370386899000
1042.050050000  8.300000000 0.365935028000
1042.075070000  8.300000000 0.361230135000
1042.099980000  8.300000000 0.356279343000
1042.125000000  8.300000000 0.351090014000
1042.150020000  8.300000000 0.345669359000
1042.175050000  8.300000000 0.340024889000
1042.200070000  8.300000000 0.334163904000
1042.224980000  8.300000000 0.328093767000
1042.250000000  8.300000000 0.321821719000
1042.275020000  8.300000000 0.315354884000
1042.300050000  8.300000000 0.308700323000
1042.325070000  8.300000000 0.301864952000
1042.349980000  8.300000000 0.294855624000
1042.375000000  8.300000000 0.287679017000
1042.400020000  8.300000000 0.280341774000
1042.425050000  8.300000000 0.272850364000
1042.450070000  8.300000000 0.265211284000
1042.474980000  8.300000000 0.257430643000
1042.500000000  8.300000000 0.249514937000
1042.525020000  8.300000000 0.241470248000
1042.550050000  8.300000000 0.233302861000
1042.575070000  8.300000000 0.225018963000
1042.599980000  8.300000000 0.216624841000
1042.625000000  8.300000000 0.208126873000
1042.650020000  8.300000000 0.199531570000
1042.675050000  8.300000000 0.190845504000
1042.700070000  8.300000000 0.182075217000
1042.724980000  8.300000000 0.173227549000
1042.750000000  8.300000000 0.164309472000
1042.775020000  8.300000000 0.155328020000
1042.800050000  8.300000000 0.146290541000
1042.825070000  8.300000000 0.137204334000
1042.849980000  8.300000000 0.128077030000
1042.875000000  8.300000000 0.118916303000
1042.900020000  8.300000000 0.109729946000
1042.925050000  8.300000000 0.100525901000
1042.950070000  8.300000000 0.091312117900
1042.974980000  8.300000000 0.082096681000
1043.000000000  8.300000000 0.072887614400
1043.025020000  8.300000000 0.063692994400
1043.050050000  8.300000000 0.054520856600
1043.075070000  8.300000000 0.045379113400
1043.099980000  8.300000000 0.036275561900
1043.125000000  8.300000000 0.027217853800
1043.150020000  8.300000000 0.018213423000
1043.175050000  8.300000000 0.009269489910
1043.200070000  8.300000000 0.000393001916
1043.224980000  8.300000000 -0.008409426550
1043.250000000  8.300000000 -0.017131488800
1043.275020000  8.300000000 -0.025767311500
1043.300050000  8.300000000 -0.034311369100
1043.325070000  8.300000000 -0.042758625000
1043.349980000  8.300000000 -0.051104474800
1043.375000000  8.300000000 -0.059344839300
1043.400020000  8.300000000 -0.067476108700
1043.425050000  8.300000000 -0.075495272900
1043.450070000  8.300000000 -0.083399899300
1043.474980000  8.300000000 -0.091188088100
1043.500000000  8.300000000 -0.098858550200
1043.525020000  8.300000000 -0.106410608000
1043.550050000  8.300000000 -0.113844149000
1043.575070000  8.300000000 -0.121159665000
1043.599980000  8.300000000 -0.128358319000
1043.625000000  8.300000000 -0.135441765000
1043.650020000  8.300000000 -0.142412305000
1043.675050000  8.300000000 -0.149272949000
1043.700070000  8.300000000 -0.156027064000
1043.724980000  8.300000000 -0.162678704000
1043.750000000  8.300000000 -0.169232368000
1043.775020000  8.300000000 -0.175692946000
1043.800050000  8.300000000 -0.182065919000
1043.825070000  8.300000000 -0.188356996000
1043.849980000  8.300000000 -0.194572285000
1043.875000000  8.300000000 -0.200718299000
1043.900020000  8.300000000 -0.206801698000
1043.925050000  8.300000000 -0.212829426000
1043.950070000  8.300000000 -0.218808591000
1043.974980000  8.300000000 -0.224746451000
1044.000000000  8.300000000 -0.230650306000
1044.025020000  8.300000000 -0.236527562000
1044.050050000  8.300000000 -0.242385596000
1044.075070000  8.300000000 -0.248231798000
1044.099980000  8.300000000 -0.254073530000
1044.125000000  8.300000000 -0.259918153000
1044.150020000  8.300000000 -0.265772760000
1044.175050000  8.300000000 -0.271644354000
1044.200070000  8.300000000 -0.277539849000
1044.224980000  8.300000000 -0.283465981000
1044.250000000  8.300000000 -0.289429158000
1044.275020000  8.300000000 -0.295435607000
1044.300050000  8.300000000 -0.301491231000
1044.325070000  8.300000000 -0.307601720000
1044.349980000  8.300000000 -0.313772500000
1044.375000000  8.300000000 -0.320008487000
1044.400020000  8.300000000 -0.326314390000
1044.425050000  8.300000000 -0.332694441000
1044.450070000  8.300000000 -0.339152664000
1044.474980000  8.300000000 -0.345692515000
1044.500000000  8.300000000 -0.352317095000
1044.525020000  8.300000000 -0.359028846000
1044.550050000  8.300000000 -0.365830004000
1044.575070000  8.300000000 -0.372722208000
1044.599980000  8.300000000 -0.379706502000
1044.625000000  8.300000000 -0.386783510000
1044.650020000  8.300000000 -0.393953413000
1044.675050000  8.300000000 -0.401215672000
1044.700070000  8.300000000 -0.408569545000
1044.724980000  8.300000000 -0.416013420000
1044.750000000  8.300000000 -0.423545390000
1044.775020000  8.300000000 -0.431162834000
1044.800050000  8.300000000 -0.438862890000
1044.825070000  8.300000000 -0.446641803000
1044.849980000  8.300000000 -0.454495639000
1044.875000000  8.300000000 -0.462419808000
1044.900020000  8.300000000 -0.470409393000
1044.925050000  8.300000000 -0.478459030000
1044.950070000  8.300000000 -0.486562759000
1044.974980000  8.300000000 -0.494714707000
1045.000000000  8.300000000 -0.502908111000
1045.025020000  8.300000000 -0.511136234000
1045.050050000  8.300000000 -0.519392073000
1045.075070000  8.300000000 -0.527668476000
1045.099980000  8.300000000 -0.535957754000
1045.125000000  8.300000000 -0.544252276000
1045.150020000  8.300000000 -0.552544653000
1045.175050000  8.300000000 -0.560826778000
1045.200070000  8.300000000 -0.569090903000
1045.224980000  8.300000000 -0.577329338000
1045.250000000  8.300000000 -0.585534036000
1045.275020000  8.300000000 -0.593697429000
1045.300050000  8.300000000 -0.601811767000
1045.325070000  8.300000000 -0.609869361000
1045.349980000  8.300000000 -0.617862701000
1045.375000000  8.300000000 -0.625784397000
1045.400020000  8.300000000 -0.633627117000
1045.425050000  8.300000000 -0.641383648000
1045.450070000  8.300000000 -0.649047077000
1045.474980000  8.300000000 -0.656610250000
1045.500000000  8.300000000 -0.664066315000
1045.525020000  8.300000000 -0.671408534000
1045.550050000  8.300000000 -0.678630292000
1045.575070000  8.300000000 -0.685724735000
1045.599980000  8.300000000 -0.692685664000
1045.625000000  8.300000000 -0.699506402000
1045.650020000  8.300000000 -0.706180811000
1045.675050000  8.300000000 -0.712702394000
1045.700070000  8.300000000 -0.719064772000
1045.724980000  8.300000000 -0.725261748000
1045.750000000  8.300000000 -0.731287181000
1045.775020000  8.300000000 -0.737134874000
1045.800050000  8.300000000 -0.742798448000
1045.825070000  8.300000000 -0.748271763000
1045.849980000  8.300000000 -0.753548682000
1045.875000000  8.300000000 -0.758623183000
1045.900020000  8.300000000 -0.763489008000
1045.925050000  8.300000000 -0.768139958000
1045.950070000  8.300000000 -0.772570133000
1045.974980000  8.300000000 -0.776773036000
1046.000000000  8.300000000 -0.780742824000
1046.025020000  8.300000000 -0.784473062000
1046.050050000  8.300000000 -0.787957788000
1046.075070000  8.300000000 -0.791191161000
1046.099980000  8.300000000 -0.794166565000
1046.125000000  8.300000000 -0.796878159000
1046.150020000  8.300000000 -0.799319863000
1046.175050000  8.300000000 -0.801485837000
1046.200070000  8.300000000 -0.803370297000
1046.224980000  8.300000000 -0.804967463000
1046.250000000  8.300000000 -0.806271672000
1046.275020000  8.300000000 -0.807277679000
1046.300050000  8.300000000 -0.807980180000
1046.325070000  8.300000000 -0.808374345000
1046.349980000  8.300000000 -0.808455288000
1046.375000000  8.300000000 -0.808218896000
1046.400020000  8.300000000 -0.807660997000
1046.425050000  8.300000000 -0.806777954000
1046.450070000  8.300000000 -0.805566311000
1046.474980000  8.300000000 -0.804023385000
1046.500000000  8.300000000 -0.802146316000
1046.525020000  8.300000000 -0.799933314000
1046.550050000  8.300000000 -0.797382712000
1046.575070000  8.300000000 -0.794493318000
1046.599980000  8.300000000 -0.791264415000
1046.625000000  8.300000000 -0.787696004000
1046.650020000  8.300000000 -0.783788204000
1046.675050000  8.300000000 -0.779542029000
1046.700070000  8.300000000 -0.774958789000
1046.724980000  8.300000000 -0.770039916000
1046.750000000  8.300000000 -0.764787912000
1046.775020000  8.300000000 -0.759205699000
1046.800050000  8.300000000 -0.753296256000
1046.825070000  8.300000000 -0.747063160000
1046.849980000  8.300000000 -0.740510941000
1046.875000000  8.300000000 -0.733643889000
1046.900020000  8.300000000 -0.726466954000
1046.925050000  8.300000000 -0.718985617000
1046.950070000  8.300000000 -0.711205423000
1046.974980000  8.300000000 -0.703132868000
1047.000000000  8.300000000 -0.694773972000
1047.025020000  8.300000000 -0.686135769000
1047.050050000  8.300000000 -0.677225351000
1047.075070000  8.300000000 -0.668049812000
1047.099980000  8.300000000 -0.658617079000
1047.125000000  8.300000000 -0.648934662000
1047.150020000  8.300000000 -0.639010549000
1047.175050000  8.300000000 -0.628852963000
1047.200070000  8.300000000 -0.618470311000
1047.224980000  8.300000000 -0.607871115000
1047.250000000  8.300000000 -0.597063839000
1047.275020000  8.300000000 -0.586057007000
1047.300050000  8.300000000 -0.574859500000
1047.325070000  8.300000000 -0.563479960000
1047.349980000  8.300000000 -0.551926970000
1047.375000000  8.300000000 -0.540209413000
1047.400020000  8.300000000 -0.528335929000
1047.425050000  8.300000000 -0.516314864000
1047.450070000  8.300000000 -0.504154980000
1047.474980000  8.300000000 -0.491864413000
1047.500000000  8.300000000 -0.479451627000
1047.525020000  8.300000000 -0.466924578000
1047.550050000  8.300000000 -0.454290956000
1047.575070000  8.300000000 -0.441558748000
1047.599980000  8.300000000 -0.428735197000
1047.625000000  8.300000000 -0.415827632000
1047.650020000  8.300000000 -0.402842730000
1047.675050000  8.300000000 -0.389787376000
1047.700070000  8.300000000 -0.376667857000
1047.724980000  8.300000000 -0.363490105000
1047.750000000  8.300000000 -0.350259602000
1047.775020000  8.300000000 -0.336981922000
1047.800050000  8.300000000 -0.323661745000
1047.825070000  8.300000000 -0.310303718000
1047.849980000  8.300000000 -0.296911865000
1047.875000000  8.300000000 -0.283489913000
1047.900020000  8.300000000 -0.270041168000
1047.925050000  8.300000000 -0.256568521000
1047.950070000  8.300000000 -0.243074462000
1047.974980000  8.300000000 -0.229561135000
1048.000000000  8.300000000 -0.216030329000
1048.025020000  8.300000000 -0.202483431000
1048.050050000  8.300000000 -0.188921496000
1048.075070000  8.300000000 -0.175345361000
1048.099980000  8.300000000 -0.161755458000
1048.125000000  8.300000000 -0.148152113000
1048.150020000  8.300000000 -0.134535298000
1048.175050000  8.300000000 -0.120904915000
1048.200070000  8.300000000 -0.107260697000
1048.224980000  8.300000000 -0.093602225200
1048.250000000  8.300000000 -0.079929113400
1048.275020000  8.300000000 -0.066240824800
1048.300050000  8.300000000 -0.052536875000
1048.325070000  8.300000000 -0.038816761200
1048.349980000  8.300000000 -0.025080105300
1048.375000000  8.300000000 -0.011326595200
1048.400020000  8.300000000 0.002443899170
1048.425050000  8.300000000 0.016231326400
1048.450070000  8.300000000 0.030035438000
1048.474980000  8.300000000 0.043855708100
1048.500000000  8.300000000 0.057691339400
1048.525020000  8.300000000 0.071541264700
1048.550050000  8.300000000 0.085404075700
1048.575070000  8.300000000 0.099277943400
1048.599980000  8.300000000 0.113160633000
1048.625000000  8.300000000 0.127049550000
1048.650020000  8.300000000 0.140941545000
1048.675050000  8.300000000 0.154833123000
1048.700070000  8.300000000 0.168720260000
1048.724980000  8.300000000 0.182598546000
1048.750000000  8.300000000 0.196463093000
1048.775020000  8.300000000 0.210308567000
1048.800050000  8.300000000 0.224129111000
1048.825070000  8.300000000 0.237918541000
1048.849980000  8.300000000 0.251670003000
1048.875000000  8.300000000 0.265376538000
1048.900020000  8.300000000 0.279030621000
1048.925050000  8.300000000 0.292624503000
1048.950070000  8.300000000 0.306150049000
1048.974980000  8.300000000 0.319599032000
1049.000000000  8.300000000 0.332962871000
1049.025020000  8.300000000 0.346232742000
1049.050050000  8.300000000 0.359399825000
1049.075070000  8.300000000 0.372455150000
1049.099980000  8.300000000 0.385389507000
1049.125000000  8.300000000 0.398193896000
1049.150020000  8.300000000 0.410859287000
1049.175050000  8.300000000 0.423376590000
1049.200070000  8.300000000 0.435737163000
1049.224980000  8.300000000 0.447932214000
1049.250000000  8.300000000 0.459953070000
1049.275020000  8.300000000 0.471791595000
1049.300050000  8.300000000 0.483439773000
1049.325070000  8.300000000 0.494889826000
1049.349980000  8.300000000 0.506134212000
1049.375000000  8.300000000 0.517165959000
1049.400020000  8.300000000 0.527978003000
1049.425050000  8.300000000 0.538564205000
1049.450070000  8.300000000 0.548918128000
1049.474980000  8.300000000 0.559034407000
1049.500000000  8.300000000 0.568907440000
1049.525020000  8.300000000 0.578532398000
1049.550050000  8.300000000 0.587904513000
1049.575070000  8.300000000 0.597019434000
1049.599980000  8.300000000 0.605873406000
1049.625000000  8.300000000 0.614462554000
1049.650020000  8.300000000 0.622783601000
1049.675050000  8.300000000 0.630833268000
1049.700070000  8.300000000 0.638609111000
1049.724980000  8.300000000 0.646108389000
1049.750000000  8.300000000 0.653328955000
1049.775020000  8.300000000 0.660268843000
1049.800050000  8.300000000 0.666926026000
1049.825070000  8.300000000 0.673299134000
1049.849980000  8.300000000 0.679386675000
1049.875000000  8.300000000 0.685187399000
1049.900020000  8.300000000 0.690700412000
1049.925050000  8.300000000 0.695924699000
1049.950070000  8.300000000 0.700860083000
1049.974980000  8.300000000 0.705505848000
1050.000000000  8.300000000 0.709861755000
1050.025020000  8.300000000 0.713927329000
1050.050050000  8.300000000 0.717702925000
1050.075070000  8.300000000 0.721188664000
1050.099980000  8.300000000 0.724384665000
1050.125000000  8.300000000 0.727291465000
1050.150020000  8.300000000 0.729909539000
1050.175050000  8.300000000 0.732239783000
1050.200070000  8.300000000 0.734282315000
1050.224980000  8.300000000 0.736038446000
1050.250000000  8.300000000 0.737508774000
1050.275020000  8.300000000 0.738694370000
1050.300050000  8.300000000 0.739596248000
1050.325070000  8.300000000 0.740215361000
1050.349980000  8.300000000 0.740552843000
1050.375000000  8.300000000 0.740609944000
1050.400020000  8.300000000 0.740387619000
1050.425050000  8.300000000 0.739887178000
1050.450070000  8.300000000 0.739109516000
1050.474980000  8.300000000 0.738056123000
1050.500000000  8.300000000 0.736728072000
1050.525020000  8.300000000 0.735126734000
1050.550050000  8.300000000 0.733253062000
1050.575070000  8.300000000 0.731108546000
1050.599980000  8.300000000 0.728694022000
1050.625000000  8.300000000 0.726010859000
1050.650020000  8.300000000 0.723060012000
1050.675050000  8.300000000 0.719842851000
1050.700070000  8.300000000 0.716360152000
1050.724980000  8.300000000 0.712613046000
1050.750000000  8.300000000 0.708602726000
1050.775020000  8.300000000 0.704330266000
1050.800050000  8.300000000 0.699796677000
1050.825070000  8.300000000 0.695002913000
1050.849980000  8.300000000 0.689950228000
1050.875000000  8.300000000 0.684639871000
1050.900020000  8.300000000 0.679072499000
1050.925050000  8.300000000 0.673249722000
1050.950070000  8.300000000 0.667172909000
1050.974980000  8.300000000 0.660842955000
1051.000000000  8.300000000 0.654261827000
1051.025020000  8.300000000 0.647430778000
1051.050050000  8.300000000 0.640351236000
1051.075070000  8.300000000 0.633025467000
1051.099980000  8.300000000 0.625455141000
1051.125000000  8.300000000 0.617642343000
1051.150020000  8.300000000 0.609589338000
1051.175050000  8.300000000 0.601298571000
1051.200070000  8.300000000 0.592772663000
1051.224980000  8.300000000 0.584014356000
1051.250000000  8.300000000 0.575026631000
1051.275020000  8.300000000 0.565812707000
1051.300050000  8.300000000 0.556376159000
1051.325070000  8.300000000 0.546720505000
1051.349980000  8.300000000 0.536850095000
1051.375000000  8.300000000 0.526769042000
1051.400020000  8.300000000 0.516481876000
1051.425050000  8.300000000 0.505993307000
1051.450070000  8.300000000 0.495308489000
1051.474980000  8.300000000 0.484432936000
1051.500000000  8.300000000 0.473372072000
1051.525020000  8.300000000 0.462132156000
1051.550050000  8.300000000 0.450719088000
1051.575070000  8.300000000 0.439139873000
1051.599980000  8.300000000 0.427400976000
1051.625000000  8.300000000 0.415509760000
1051.650020000  8.300000000 0.403473526000
1051.675050000  8.300000000 0.391299903000
1051.700070000  8.300000000 0.378996879000
1051.724980000  8.300000000 0.366572589000
1051.750000000  8.300000000 0.354035556000
1051.775020000  8.300000000 0.341394454000
1051.800050000  8.300000000 0.328658313000
1051.825070000  8.300000000 0.315836310000
1051.849980000  8.300000000 0.302937895000
1051.875000000  8.300000000 0.289972782000
1051.900020000  8.300000000 0.276950866000
1051.925050000  8.300000000 0.263882279000
1051.950070000  8.300000000 0.250777394000
1051.974980000  8.300000000 0.237646788000
1052.000000000  8.300000000 0.224501282000
1052.025020000  8.300000000 0.211351782000
1052.050050000  8.300000000 0.198209539000
1052.075070000  8.300000000 0.185085833000
1052.099980000  8.300000000 0.171992093000
1052.125000000  8.300000000 0.158940062000
1052.150020000  8.300000000 0.145941421000
1052.175050000  8.300000000 0.133007959000
1052.200070000  8.300000000 0.120151646000
1052.224980000  8.300000000 0.107384317000
1052.250000000  8.300000000 0.094717875100
1052.275020000  8.300000000 0.082164213100
1052.300050000  8.300000000 0.069735147100
1052.325070000  8.300000000 0.057442415500
1052.349980000  8.300000000 0.045297592900
1052.375000000  8.300000000 0.033312164200
1052.400020000  8.300000000 0.021497342700
1052.425050000  8.300000000 0.009864122610
1052.450070000  8.300000000 -0.001576792910
1052.474980000  8.300000000 -0.012815006100
1052.500000000  8.300000000 -0.023840531700
1052.525020000  8.300000000 -0.034643765500
1052.550050000  8.300000000 -0.045215595500
1052.575070000  8.300000000 -0.055547419900
1052.599980000  8.300000000 -0.065631121400
1052.625000000  8.300000000 -0.075459249300
1052.650020000  8.300000000 -0.085024952900
1052.675050000  8.300000000 -0.094321996000
1052.700070000  8.300000000 -0.103344917000
1052.724980000  8.300000000 -0.112088874000
1052.750000000  8.300000000 -0.120549873000
1052.775020000  8.300000000 -0.128724620000
1052.800050000  8.300000000 -0.136610553000
1052.825070000  8.300000000 -0.144206002000
1052.849980000  8.300000000 -0.151509956000
1052.875000000  8.300000000 -0.158522189000
1052.900020000  8.300000000 -0.165243298000
1052.925050000  8.300000000 -0.171674609000
1052.950070000  8.300000000 -0.177818105000
1052.974980000  8.300000000 -0.183676526000
1053.000000000  8.300000000 -0.189253137000
1053.025020000  8.300000000 -0.194552049000
1053.050050000  8.300000000 -0.199577644000
1053.075070000  8.300000000 -0.204335198000
1053.099980000  8.300000000 -0.208830252000
1053.125000000  8.300000000 -0.213068962000
1053.150020000  8.300000000 -0.217057928000
1053.175050000  8.300000000 -0.220803931000
1053.200070000  8.300000000 -0.224314377000
1053.224980000  8.300000000 -0.227596611000
1053.250000000  8.300000000 -0.230658427000
1053.275020000  8.300000000 -0.233507738000
1053.300050000  8.300000000 -0.236152485000
1053.325070000  8.300000000 -0.238600820000
1053.349980000  8.300000000 -0.240860850000
1053.375000000  8.300000000 -0.242940649000
1053.400020000  8.300000000 -0.244848162000
1053.425050000  8.300000000 -0.246591285000
1053.450070000  8.300000000 -0.248177692000
1053.474980000  8.300000000 -0.249614820000
1053.500000000  8.300000000 -0.250909984000
1053.525020000  8.300000000 -0.252070129000
1053.550050000  8.300000000 -0.253102064000
1053.575070000  8.300000000 -0.254012197000
1053.599980000  8.300000000 -0.254806817000
1053.625000000  8.300000000 -0.255491555000
1053.650020000  8.300000000 -0.256072015000
1053.675050000  8.300000000 -0.256553262000
1053.700070000  8.300000000 -0.256940126000
1053.724980000  8.300000000 -0.257237136000
1053.750000000  8.300000000 -0.257448524000
1053.775020000  8.300000000 -0.257578135000
1053.800050000  8.300000000 -0.257629693000
1053.825070000  8.300000000 -0.257606447000
1053.849980000  8.300000000 -0.257511526000
1053.875000000  8.300000000 -0.257347882000
1053.900020000  8.300000000 -0.257117927000
1053.925050000  8.300000000 -0.256824195000
1053.950070000  8.300000000 -0.256468803000
1053.974980000  8.300000000 -0.256053895000
1054.000000000  8.300000000 -0.255581200000
1054.025020000  8.300000000 -0.255052656000
1054.050050000  8.300000000 -0.254469901000
1054.075070000  8.300000000 -0.253834337000
1054.099980000  8.300000000 -0.253147632000
1054.125000000  8.300000000 -0.252411038000
1054.150020000  8.300000000 -0.251625896000
1054.175050000  8.300000000 -0.250793487000
1054.200070000  8.300000000 -0.249915063000
1054.224980000  8.300000000 -0.248991862000
1054.250000000  8.300000000 -0.248024955000
1054.275020000  8.300000000 -0.247015670000
1054.300050000  8.300000000 -0.245965019000
1054.325070000  8.300000000 -0.244874120000
1054.349980000  8.300000000 -0.243744090000
1054.375000000  8.300000000 -0.242575660000
1054.400020000  8.300000000 -0.241369948000
1054.425050000  8.300000000 -0.240127727000
1054.450070000  8.300000000 -0.238849804000
1054.474980000  8.300000000 -0.237536907000
1054.500000000  8.300000000 -0.236189738000
1054.525020000  8.300000000 -0.234808877000
1054.550050000  8.300000000 -0.233394682000
1054.575070000  8.300000000 -0.231947646000
1054.599980000  8.300000000 -0.230467960000
1054.625000000  8.300000000 -0.228955865000
1054.650020000  8.300000000 -0.227411479000
1054.675050000  8.300000000 -0.225834683000
1054.700070000  8.300000000 -0.224225476000
1054.724980000  8.300000000 -0.222583622000
1054.750000000  8.300000000 -0.220908865000
1054.775020000  8.300000000 -0.219200835000
1054.800050000  8.300000000 -0.217459187000
1054.825070000  8.300000000 -0.215683416000
1054.849980000  8.300000000 -0.213873029000
1054.875000000  8.300000000 -0.212027639000
1054.900020000  8.300000000 -0.210146680000
1054.925050000  8.300000000 -0.208229810000
1054.950070000  8.300000000 -0.206276685000
1054.974980000  8.300000000 -0.204286933000
1055.000000000  8.300000000 -0.202260330000
1055.025020000  8.300000000 -0.200196803000
1055.050050000  8.300000000 -0.198096320000
1055.075070000  8.300000000 -0.195959091000
1055.099980000  8.300000000 -0.193785384000
1055.125000000  8.300000000 -0.191575542000
1055.150020000  8.300000000 -0.189330265000
1055.175050000  8.300000000 -0.187050223000
1055.200070000  8.300000000 -0.184736267000
1055.224980000  8.300000000 -0.182389408000
1055.250000000  8.300000000 -0.180010796000
1055.275020000  8.300000000 -0.177601665000
1055.300050000  8.300000000 -0.175163522000
1055.325070000  8.300000000 -0.172697827000
1055.349980000  8.300000000 -0.170206264000
1055.375000000  8.300000000 -0.167690605000
1055.400020000  8.300000000 -0.165152654000
1055.425050000  8.300000000 -0.162594333000
1055.450070000  8.300000000 -0.160017535000
1055.474980000  8.300000000 -0.157424316000
1055.500000000  8.300000000 -0.154816628000
1055.525020000  8.300000000 -0.152196571000
1055.550050000  8.300000000 -0.149566129000
1055.575070000  8.300000000 -0.146927342000
1055.599980000  8.300000000 -0.144282192000
1055.625000000  8.300000000 -0.141632542000
1055.650020000  8.300000000 -0.138980106000
1055.675050000  8.300000000 -0.136326566000
1055.700070000  8.300000000 -0.133673385000
1055.724980000  8.300000000 -0.131021902000
1055.750000000  8.300000000 -0.128373235000
1055.775020000  8.300000000 -0.125728279000
1055.800050000  8.300000000 -0.123087652000
1055.825070000  8.300000000 -0.120451786000
1055.849980000  8.300000000 -0.117820732000
1055.875000000  8.300000000 -0.115194343000
1055.900020000  8.300000000 -0.112572171000
1055.925050000  8.300000000 -0.109953508000
1055.950070000  8.300000000 -0.107337318000
1055.974980000  8.300000000 -0.104722291000
1056.000000000  8.300000000 -0.102106884000
1056.025020000  8.300000000 -0.099489167300
1056.050050000  8.300000000 -0.096867054700
1056.075070000  8.300000000 -0.094238169500
1056.099980000  8.300000000 -0.091599866700
1056.125000000  8.300000000 -0.088949389800
1056.150020000  8.300000000 -0.086283743400
1056.175050000  8.300000000 -0.083599798400
1056.200070000  8.300000000 -0.080894291400
1056.224980000  8.300000000 -0.078163847300
1056.250000000  8.300000000 -0.075405061200
1056.275020000  8.300000000 -0.072614461200
1056.300050000  8.300000000 -0.069788619900
1056.325070000  8.300000000 -0.066924162200
1056.349980000  8.300000000 -0.064017802500
1056.375000000  8.300000000 -0.061066392800
1056.400020000  8.300000000 -0.058066941800
1056.425050000  8.300000000 -0.055016703900
1056.450070000  8.300000000 -0.051913131000
1056.474980000  8.300000000 -0.048753976800
1056.500000000  8.300000000 -0.045537304100
1056.525020000  8.300000000 -0.042261518500
1056.550050000  8.300000000 -0.038925383200
1056.575070000  8.300000000 -0.035528074900
1056.599980000  8.300000000 -0.032069116800
1056.625000000  8.300000000 -0.028548531200
1056.650020000  8.300000000 -0.024966705600
1056.675050000  8.300000000 -0.021324502300
1056.700070000  8.300000000 -0.017623242000
1056.724980000  8.300000000 -0.013864669900
1056.750000000  8.300000000 -0.010051014800
1056.775020000  8.300000000 -0.006184897850
1056.800050000  8.300000000 -0.002269373040
1056.825070000  8.300000000 0.001692060500
1056.849980000  8.300000000 0.005695586560
1056.875000000  8.300000000 0.009737021290
1056.900020000  8.300000000 0.013811847200
1056.925050000  8.300000000 0.017915250700
1056.950070000  8.300000000 0.022042155300
1056.974980000  8.300000000 0.026187265300
1057.000000000  8.300000000 0.030345149300
1057.025020000  8.300000000 0.034510172900
1057.050050000  8.300000000 0.038676656800
1057.075070000  8.300000000 0.042838860300
1057.099980000  8.300000000 0.046991027900
1057.125000000  8.300000000 0.051127433800
1057.150020000  8.300000000 0.055242423000
1057.175050000  8.300000000 0.059330433600
1057.200070000  8.300000000 0.063385993200
1057.224980000  8.300000000 0.067403852900
1057.250000000  8.300000000 0.071378916500
1057.275020000  8.300000000 0.075306296300
1057.300050000  8.300000000 0.079181358200
1057.325070000  8.300000000 0.082999631800
1057.349980000  8.300000000 0.086757056400
1057.375000000  8.300000000 0.090449728100
1057.400020000  8.300000000 0.094074040700
1057.425050000  8.300000000 0.097626708400
1057.450070000  8.300000000 0.101104684000
1057.474980000  8.300000000 0.104505256000
1057.500000000  8.300000000 0.107825965000
1057.525020000  8.300000000 0.111064576000
1057.550050000  8.300000000 0.114219248000
1057.575070000  8.300000000 0.117288373000
1057.599980000  8.300000000 0.120270595000
1057.625000000  8.300000000 0.123164915000
1057.650020000  8.300000000 0.125970587000
1057.675050000  8.300000000 0.128687188000
1057.700070000  8.300000000 0.131314576000
1057.724980000  8.300000000 0.133852899000
1057.750000000  8.300000000 0.136302575000
1057.775020000  8.300000000 0.138664290000
1057.800050000  8.300000000 0.140939057000
1057.825070000  8.300000000 0.143128037000
1057.849980000  8.300000000 0.145232663000
1057.875000000  8.300000000 0.147254601000
1057.900020000  8.300000000 0.149195656000
1057.925050000  8.300000000 0.151057810000
1057.950070000  8.300000000 0.152843252000
1057.974980000  8.300000000 0.154554188000
1058.000000000  8.300000000 0.156193033000
1058.025020000  8.300000000 0.157762229000
1058.050050000  8.300000000 0.159264237000
1058.075070000  8.300000000 0.160701677000
1058.099980000  8.300000000 0.162077099000
1058.125000000  8.300000000 0.163393095000
1058.150020000  8.300000000 0.164652258000
1058.175050000  8.300000000 0.165857226000
1058.200070000  8.300000000 0.167010501000
1058.224980000  8.300000000 0.168114766000
1058.250000000  8.300000000 0.169172466000
1058.275020000  8.300000000 0.170186177000
1058.300050000  8.300000000 0.171158373000
1058.325070000  8.300000000 0.172091573000
1058.349980000  8.300000000 0.172988147000
1058.375000000  8.300000000 0.173850596000
1058.400020000  8.300000000 0.174681395000
1058.425050000  8.300000000 0.175482899000
1058.450070000  8.300000000 0.176257595000
1058.474980000  8.300000000 0.177007839000
1058.500000000  8.300000000 0.177736163000
1058.525020000  8.300000000 0.178444907000
1058.550050000  8.300000000 0.179136544000
1058.575070000  8.300000000 0.179813489000
1058.599980000  8.300000000 0.180478185000
1058.625000000  8.300000000 0.181132957000
1058.650020000  8.300000000 0.181780249000
1058.675050000  8.300000000 0.182422370000
1058.700070000  8.300000000 0.183061644000
1058.724980000  8.300000000 0.183700353000
1058.750000000  8.300000000 0.184340701000
1058.775020000  8.300000000 0.184984893000
1058.800050000  8.300000000 0.185634941000
1058.825070000  8.300000000 0.186292902000
1058.849980000  8.300000000 0.186960608000
1058.875000000  8.300000000 0.187639877000
1058.900020000  8.300000000 0.188332334000
1058.925050000  8.300000000 0.189039379000
1058.950070000  8.300000000 0.189762339000
1058.974980000  8.300000000 0.190502375000
1059.000000000  8.300000000 0.191260293000
1059.025020000  8.300000000 0.192036852000
1059.050050000  8.300000000 0.192832410000
1059.075070000  8.300000000 0.193647116000
1059.099980000  8.300000000 0.194480911000
1059.125000000  8.300000000 0.195333377000
1059.150020000  8.300000000 0.196203813000
1059.175050000  8.300000000 0.197091311000
1059.200070000  8.300000000 0.197994694000
1059.224980000  8.300000000 0.198912337000
1059.250000000  8.300000000 0.199842602000
1059.275020000  8.300000000 0.200783446000
1059.300050000  8.300000000 0.201732650000
1059.325070000  8.300000000 0.202687889000
1059.349980000  8.300000000 0.203646466000
1059.375000000  8.300000000 0.204605743000
1059.400020000  8.300000000 0.205562800000
1059.425050000  8.300000000 0.206514567000
1059.450070000  8.300000000 0.207458019000
1059.474980000  8.300000000 0.208389953000
1059.500000000  8.300000000 0.209307089000
1059.525020000  8.300000000 0.210206151000
1059.550050000  8.300000000 0.211083844000
1059.575070000  8.300000000 0.211936861000
1059.599980000  8.300000000 0.212761968000
1059.625000000  8.300000000 0.213555858000
1059.650020000  8.300000000 0.214315504000
1059.675050000  8.300000000 0.215037718000
1059.700070000  8.300000000 0.215719715000
1059.724980000  8.300000000 0.216358572000
1059.750000000  8.300000000 0.216951758000
1059.775020000  8.300000000 0.217496723000
1059.800050000  8.300000000 0.217991337000
1059.825070000  8.300000000 0.218433529000
1059.849980000  8.300000000 0.218821570000
1059.875000000  8.300000000 0.219154000000
1059.900020000  8.300000000 0.219429657000
1059.925050000  8.300000000 0.219647571000
1059.950070000  8.300000000 0.219807163000
1059.974980000  8.300000000 0.219908074000
1060.000000000  8.300000000 0.219950184000
1060.025020000  8.300000000 0.219933718000
1060.050050000  8.300000000 0.219859064000
1060.075070000  8.300000000 0.219726950000
1060.099980000  8.300000000 0.219538271000
1060.125000000  8.300000000 0.219294176000
1060.150020000  8.300000000 0.218996033000
1060.175050000  8.300000000 0.218645319000
1060.200070000  8.300000000 0.218243867000
1060.224980000  8.300000000 0.217793554000
1060.250000000  8.300000000 0.217296451000
1060.275020000  8.300000000 0.216754913000
1060.300050000  8.300000000 0.216171369000
1060.325070000  8.300000000 0.215548456000
1060.349980000  8.300000000 0.214888826000
1060.375000000  8.300000000 0.214195445000
1060.400020000  8.300000000 0.213471413000
1060.425050000  8.300000000 0.212719858000
1060.450070000  8.300000000 0.211944103000
1060.474980000  8.300000000 0.211147517000
1060.500000000  8.300000000 0.210333556000
1060.525020000  8.300000000 0.209505752000
1060.550050000  8.300000000 0.208667666000
1060.575070000  8.300000000 0.207822815000
1060.599980000  8.300000000 0.206974819000
1060.625000000  8.300000000 0.206127271000
1060.650020000  8.300000000 0.205283746000
1060.675050000  8.300000000 0.204447731000
1060.700070000  8.300000000 0.203622714000
1060.724980000  8.300000000 0.202812091000
1060.750000000  8.300000000 0.202019259000
1060.775020000  8.300000000 0.201247439000
1060.800050000  8.300000000 0.200499684000
1060.825070000  8.300000000 0.199779078000
1060.849980000  8.300000000 0.199088350000
1060.875000000  8.300000000 0.198430210000
1060.900020000  8.300000000 0.197807088000
1060.925050000  8.300000000 0.197221115000
1060.950070000  8.300000000 0.196674258000
1060.974980000  8.300000000 0.196168095000
1061.000000000  8.300000000 0.195703939000
1061.025020000  8.300000000 0.195282668000
1061.050050000  8.300000000 0.194904864000
1061.075070000  8.300000000 0.194570705000
1061.099980000  8.300000000 0.194279790000
1061.125000000  8.300000000 0.194031551000
1061.150020000  8.300000000 0.193824708000
1061.175050000  8.300000000 0.193657622000
1061.200070000  8.300000000 0.193528190000
1061.224980000  8.300000000 0.193433762000
1061.250000000  8.300000000 0.193371177000
1061.275020000  8.300000000 0.193336874000
1061.300050000  8.300000000 0.193326786000
1061.325070000  8.300000000 0.193336293000
1061.349980000  8.300000000 0.193360373000
1061.375000000  8.300000000 0.193393603000
1061.400020000  8.300000000 0.193430111000
1061.425050000  8.300000000 0.193463638000
1061.450070000  8.300000000 0.193487525000
1061.474980000  8.300000000 0.193494856000
1061.500000000  8.300000000 0.193478331000
1061.525020000  8.300000000 0.193430468000
1061.550050000  8.300000000 0.193343431000
1061.575070000  8.300000000 0.193209276000
1061.599980000  8.300000000 0.193019867000
1061.625000000  8.300000000 0.192766890000
1061.650020000  8.300000000 0.192441985000
1061.675050000  8.300000000 0.192036718000
1061.700070000  8.300000000 0.191542625000
1061.724980000  8.300000000 0.190951183000
1061.750000000  8.300000000 0.190254003000
1061.775020000  8.300000000 0.189442649000
1061.800050000  8.300000000 0.188508868000
1061.825070000  8.300000000 0.187444523000
1061.849980000  8.300000000 0.186241731000
1061.875000000  8.300000000 0.184892699000
1061.900020000  8.300000000 0.183389977000
1061.925050000  8.300000000 0.181726336000
1061.950070000  8.300000000 0.179894969000
1061.974980000  8.300000000 0.177889392000
1062.000000000  8.300000000 0.175703421000
1062.025020000  8.300000000 0.173331410000
1062.050050000  8.300000000 0.170768157000
1062.075070000  8.300000000 0.168008953000
1062.099980000  8.300000000 0.165049613000
1062.125000000  8.300000000 0.161886439000
1062.150020000  8.300000000 0.158516392000
1062.175050000  8.300000000 0.154936969000
1062.200070000  8.300000000 0.151146293000
1062.224980000  8.300000000 0.147143111000
1062.250000000  8.300000000 0.142926812000
1062.275020000  8.300000000 0.138497442000
1062.300050000  8.300000000 0.133855626000
1062.325070000  8.300000000 0.129002780000
1062.349980000  8.300000000 0.123940811000
1062.375000000  8.300000000 0.118672371000
1062.400020000  8.300000000 0.113200769000
1062.425050000  8.300000000 0.107529975000
1062.450070000  8.300000000 0.101664416000
1062.474980000  8.300000000 0.095609381800
1062.500000000  8.300000000 0.089370541300
1062.525020000  8.300000000 0.082954280100
1062.550050000  8.300000000 0.076367430400
1062.575070000  8.300000000 0.069617413000
1062.599980000  8.300000000 0.062712132900
1062.625000000  8.300000000 0.055659890200
1062.650020000  8.300000000 0.048469372100
1062.675050000  8.300000000 0.041149713100
1062.700070000  8.300000000 0.033710334500
1062.724980000  8.300000000 0.026160961000
1062.750000000  8.300000000 0.018511546800
1062.775020000  8.300000000 0.010772284100
1062.800050000  8.300000000 0.002953545660
1062.825070000  8.300000000 -0.004934167960
1062.849980000  8.300000000 -0.012880236800
1062.875000000  8.300000000 -0.020873965700
1062.900020000  8.300000000 -0.028904641000
1062.925050000  8.300000000 -0.036961484700
1062.950070000  8.300000000 -0.045033797600
1062.974980000  8.300000000 -0.053110901300
1063.000000000  8.300000000 -0.061182197200
1063.025020000  8.300000000 -0.069237217300
1063.050050000  8.300000000 -0.077265575500
1063.075070000  8.300000000 -0.085257113000
1063.099980000  8.300000000 -0.093201823500
1063.125000000  8.300000000 -0.101089932000
1063.150020000  8.300000000 -0.108911909000
1063.175050000  8.300000000 -0.116658479000
1063.200070000  8.300000000 -0.124320634000
1063.224980000  8.300000000 -0.131889731000
1063.250000000  8.300000000 -0.139357418000
1063.275020000  8.300000000 -0.146715656000
1063.300050000  8.300000000 -0.153956816000
1063.325070000  8.300000000 -0.161073565000
1063.349980000  8.300000000 -0.168058962000
1063.375000000  8.300000000 -0.174906462000
1063.400020000  8.300000000 -0.181609899000
1063.425050000  8.300000000 -0.188163489000
1063.450070000  8.300000000 -0.194561869000
1063.474980000  8.300000000 -0.200800046000
1063.500000000  8.300000000 -0.206873432000
1063.525020000  8.300000000 -0.212777987000
1063.550050000  8.300000000 -0.218509823000
1063.575070000  8.300000000 -0.224065617000
1063.599980000  8.300000000 -0.229442343000
1063.625000000  8.300000000 -0.234637365000
1063.650020000  8.300000000 -0.239648387000
1063.675050000  8.300000000 -0.244473442000
1063.700070000  8.300000000 -0.249110863000
1063.724980000  8.300000000 -0.253559411000
1063.750000000  8.300000000 -0.257817924000
1063.775020000  8.300000000 -0.261885732000
1063.800050000  8.300000000 -0.265762240000
1063.825070000  8.300000000 -0.269447297000
1063.849980000  8.300000000 -0.272940814000
1063.875000000  8.300000000 -0.276243120000
1063.900020000  8.300000000 -0.279354632000
1063.925050000  8.300000000 -0.282276064000
1063.950070000  8.300000000 -0.285008311000
1063.974980000  8.300000000 -0.287552506000
1064.000000000  8.300000000 -0.289909959000
1064.025020000  8.300000000 -0.292082340000
1064.050050000  8.300000000 -0.294071168000
1064.075070000  8.300000000 -0.295878589000
1064.099980000  8.300000000 -0.297506630000
1064.125000000  8.300000000 -0.298957616000
1064.150020000  8.300000000 -0.300234020000
1064.175050000  8.300000000 -0.301338583000
1064.200070000  8.300000000 -0.302274048000
1064.224980000  8.300000000 -0.303043455000
1064.250000000  8.300000000 -0.303649813000
1064.275020000  8.300000000 -0.304096460000
1064.300050000  8.300000000 -0.304386735000
1064.325070000  8.300000000 -0.304524094000
1064.349980000  8.300000000 -0.304512203000
1064.375000000  8.300000000 -0.304354578000
1064.400020000  8.300000000 -0.304055095000
1064.425050000  8.300000000 -0.303617477000
1064.450070000  8.300000000 -0.303045660000
1064.474980000  8.300000000 -0.302343577000
1064.500000000  8.300000000 -0.301515132000
1064.525020000  8.300000000 -0.300564229000
1064.550050000  8.300000000 -0.299494922000
1064.575070000  8.300000000 -0.298311114000
1064.599980000  8.300000000 -0.297016829000
1064.625000000  8.300000000 -0.295615882000
1064.650020000  8.300000000 -0.294112235000
1064.675050000  8.300000000 -0.292509705000
1064.700070000  8.300000000 -0.290812105000
1064.724980000  8.300000000 -0.289023280000
1064.750000000  8.300000000 -0.287146956000
1064.775020000  8.300000000 -0.285186738000
1064.800050000  8.300000000 -0.283146381000
1064.825070000  8.300000000 -0.281029373000
1064.849980000  8.300000000 -0.278839290000
1064.875000000  8.300000000 -0.276579559000
1064.900020000  8.300000000 -0.274253637000
1064.925050000  8.300000000 -0.271864712000
1064.950070000  8.300000000 -0.269416243000
1064.974980000  8.300000000 -0.266911209000
1065.000000000  8.300000000 -0.264352888000
1065.025020000  8.300000000 -0.261744320000
1065.050050000  8.300000000 -0.259088486000
1065.075070000  8.300000000 -0.256388336000
1065.099980000  8.300000000 -0.253646821000
1065.125000000  8.300000000 -0.250866860000
1065.150020000  8.300000000 -0.248051375000
1065.175050000  8.300000000 -0.245203286000
1065.200070000  8.300000000 -0.242325470000
1065.224980000  8.300000000 -0.239420891000
1065.250000000  8.300000000 -0.236492470000
1065.275020000  8.300000000 -0.233543128000
1065.300050000  8.300000000 -0.230575725000
1065.325070000  8.300000000 -0.227593303000
1065.349980000  8.300000000 -0.224598631000
1065.375000000  8.300000000 -0.221594602000
1065.400020000  8.300000000 -0.218584105000
1065.425050000  8.300000000 -0.215569884000
1065.450070000  8.300000000 -0.212554723000
1065.474980000  8.300000000 -0.209541321000
1065.500000000  8.300000000 -0.206532329000
1065.525020000  8.300000000 -0.203530371000
1065.550050000  8.300000000 -0.200537950000
1065.575070000  8.300000000 -0.197557613000
1065.599980000  8.300000000 -0.194591790000
1065.625000000  8.300000000 -0.191642910000
1065.650020000  8.300000000 -0.188713223000
1065.675050000  8.300000000 -0.185805053000
1065.700070000  8.300000000 -0.182920605000
1065.724980000  8.300000000 -0.180061907000
1065.750000000  8.300000000 -0.177230939000
1065.775020000  8.300000000 -0.174429536000
1065.800050000  8.300000000 -0.171659470000
1065.825070000  8.300000000 -0.168922246000
1065.849980000  8.300000000 -0.166219324000
1065.875000000  8.300000000 -0.163551822000
1065.900020000  8.300000000 -0.160920948000
1065.925050000  8.300000000 -0.158327460000
1065.950070000  8.300000000 -0.155772150000
1065.974980000  8.300000000 -0.153255522000
1066.000000000  8.300000000 -0.150777966000
1066.025020000  8.300000000 -0.148339704000
1066.050050000  8.300000000 -0.145940825000
1066.075070000  8.300000000 -0.143581346000
1066.099980000  8.300000000 -0.141261145000
1066.125000000  8.300000000 -0.138980031000
1066.150020000  8.300000000 -0.136737749000
1066.175050000  8.300000000 -0.134534046000
1066.200070000  8.300000000 -0.132368580000
1066.224980000  8.300000000 -0.130241036000
1066.250000000  8.300000000 -0.128151014000
1066.275020000  8.300000000 -0.126098171000
1066.300050000  8.300000000 -0.124082163000
1066.325070000  8.300000000 -0.122102611000
1066.349980000  8.300000000 -0.120159149000
1066.375000000  8.300000000 -0.118251398000
1066.400020000  8.300000000 -0.116378993000
1066.425050000  8.300000000 -0.114541553000
1066.450070000  8.300000000 -0.112738743000
1066.474980000  8.300000000 -0.110970154000
1066.500000000  8.300000000 -0.109235495000
1066.525020000  8.300000000 -0.107534416000
1066.550050000  8.300000000 -0.105866648000
1066.575070000  8.300000000 -0.104231842000
1066.599980000  8.300000000 -0.102629818000
1066.625000000  8.300000000 -0.101060279000
1066.650020000  8.300000000 -0.099522940800
1066.675050000  8.300000000 -0.098017610600
1066.700070000  8.300000000 -0.096543945400
1066.724980000  8.300000000 -0.095101706700
1066.750000000  8.300000000 -0.093690499700
1066.775020000  8.300000000 -0.092309974100
1066.800050000  8.300000000 -0.090959645800
1066.825070000  8.300000000 -0.089638993100
1066.849980000  8.300000000 -0.088347457300
1066.875000000  8.300000000 -0.087084405100
1066.900020000  8.300000000 -0.085849218100
1066.925050000  8.300000000 -0.084641195800
1066.950070000  8.300000000 -0.083459727500
1066.974980000  8.300000000 -0.082304157300
1067.000000000  8.300000000 -0.081173904200
1067.025020000  8.300000000 -0.080068476500
1067.050050000  8.300000000 -0.078987397300
1067.075070000  8.300000000 -0.077930323800
1067.099980000  8.300000000 -0.076897010200
1067.125000000  8.300000000 -0.075887329900
1067.150020000  8.300000000 -0.074901267900
1067.175050000  8.300000000 -0.073938958300
1067.200070000  8.300000000 -0.073000639700
1067.224980000  8.300000000 -0.072086677000
1067.250000000  8.300000000 -0.071197532100
1067.275020000  8.300000000 -0.070333816100
1067.300050000  8.300000000 -0.069496236700
1067.325070000  8.300000000 -0.068685621000
1067.349980000  8.300000000 -0.067902855600
1067.375000000  8.300000000 -0.067148931300
1067.400020000  8.300000000 -0.066424869000
1067.425050000  8.300000000 -0.065731771300
1067.450070000  8.300000000 -0.065070711100
1067.474980000  8.300000000 -0.064442835700
1067.500000000  8.300000000 -0.063849285200
1067.525020000  8.300000000 -0.063291184600
1067.550050000  8.300000000 -0.062769636500
1067.575070000  8.300000000 -0.062285769700
1067.599980000  8.300000000 -0.061840590100
1067.625000000  8.300000000 -0.061435125800
1067.650020000  8.300000000 -0.061070319300
1067.675050000  8.300000000 -0.060747049700
1067.700070000  8.300000000 -0.060466166600
1067.724980000  8.300000000 -0.060228481900
1067.750000000  8.300000000 -0.060034763100
1067.775020000  8.300000000 -0.059885714200
1067.800050000  8.300000000 -0.059782050500
1067.825070000  8.300000000 -0.059724330900
1067.849980000  8.300000000 -0.059713061900
1067.875000000  8.300000000 -0.059748664500
1067.900020000  8.300000000 -0.059831403200
1067.925050000  8.300000000 -0.059961441900
1067.950070000  8.300000000 -0.060138817900
1067.974980000  8.300000000 -0.060363411900
1068.000000000  8.300000000 -0.060634966900
1068.025020000  8.300000000 -0.060953103000
1068.050050000  8.300000000 -0.061317272500
1068.075070000  8.300000000 -0.061726771300
1068.099980000  8.300000000 -0.062180806000
1068.125000000  8.300000000 -0.062678374400
1068.150020000  8.300000000 -0.063218385000
1068.175050000  8.300000000 -0.063799612200
1068.200070000  8.300000000 -0.064420692600
1068.224980000  8.300000000 -0.065080106300
1068.250000000  8.300000000 -0.065776273600
1068.275020000  8.300000000 -0.066507436300
1068.300050000  8.300000000 -0.067271716900
1068.325070000  8.300000000 -0.068067140900
1068.349980000  8.300000000 -0.068891584900
1068.375000000  8.300000000 -0.069742806300
1068.400020000  8.300000000 -0.070618465500
1068.425050000  8.300000000 -0.071516096600
1068.450070000  8.300000000 -0.072433076800
1068.474980000  8.300000000 -0.073366768700
1068.500000000  8.300000000 -0.074314415500
1068.525020000  8.300000000 -0.075273186000
1068.550050000  8.300000000 -0.076240286200
1068.575070000  8.300000000 -0.077212929700
1068.599980000  8.300000000 -0.078188300100
1068.625000000  8.300000000 -0.079163745000
1068.650020000  8.300000000 -0.080136597200
1068.675050000  8.300000000 -0.081104219000
1068.700070000  8.300000000 -0.082064122000
1068.724980000  8.300000000 -0.083013810200
1068.750000000  8.300000000 -0.083950907000
1068.775020000  8.300000000 -0.084873177100
1068.800050000  8.300000000 -0.085778378000
1068.825070000  8.300000000 -0.086664445700
1068.849980000  8.300000000 -0.087529361200
1068.875000000  8.300000000 -0.088371031000
1068.900020000  8.300000000 -0.089187592300
1068.925050000  8.300000000 -0.089976966400
1068.950070000  8.300000000 -0.090737164000
1068.974980000  8.300000000 -0.091466076700
1069.000000000  8.300000000 -0.092161446800
1069.025020000  8.300000000 -0.092820942400
1069.050050000  8.300000000 -0.093442104800
1069.075070000  8.300000000 -0.094022452800
1069.099980000  8.300000000 -0.094559274600
1069.125000000  8.300000000 -0.095049917700
1069.150020000  8.300000000 -0.095491625400
1069.175050000  8.300000000 -0.095881544100
1069.200070000  8.300000000 -0.096216760600
1069.224980000  8.300000000 -0.096494220200
1069.250000000  8.300000000 -0.096710763900
1069.275020000  8.300000000 -0.096863165500
1069.300050000  8.300000000 -0.096948087200
1069.325070000  8.300000000 -0.096962235900
1069.349980000  8.300000000 -0.096902109700
1069.375000000  8.300000000 -0.096764452800
1069.400020000  8.300000000 -0.096545755900
1069.425050000  8.300000000 -0.096242636400
1069.450070000  8.300000000 -0.095851786400
1069.474980000  8.300000000 -0.095369823300
1069.500000000  8.300000000 -0.094793401700
1069.525020000  8.300000000 -0.094119302900
1069.550050000  8.300000000 -0.093344390400
1069.575070000  8.300000000 -0.092465639100
1069.599980000  8.300000000 -0.091480180600
1069.625000000  8.300000000 -0.090385429600
1069.650020000  8.300000000 -0.089178994300
1069.675050000  8.300000000 -0.087858803600
1069.700070000  8.300000000 -0.086423084100
1069.724980000  8.300000000 -0.084870480000
1069.750000000  8.300000000 -0.083199836300
1069.775020000  8.300000000 -0.081410430400
1069.800050000  8.300000000 -0.079501815100
1069.825070000  8.300000000 -0.077473953400
1069.849980000  8.300000000 -0.075327128200
1069.875000000  8.300000000 -0.073061987800
1069.900020000  8.300000000 -0.070679567800
1069.925050000  8.300000000 -0.068181179500
1069.950070000  8.300000000 -0.065568536500
1069.974980000  8.300000000 -0.062843643100
1070.000000000  8.300000000 -0.060008816400
1070.025020000  8.300000000 -0.057066626800
1070.050050000  8.300000000 -0.054020009900
1070.075070000  8.300000000 -0.050872158300
1070.099980000  8.300000000 -0.047626599700
1070.125000000  8.300000000 -0.044287234500
1070.150020000  8.300000000 -0.040858216600
1070.175050000  8.300000000 -0.037344127900
1070.200070000  8.300000000 -0.033749844900
1070.224980000  8.300000000 -0.030080549400
1070.250000000  8.300000000 -0.026341751200
1070.275020000  8.300000000 -0.022539224500
1070.300050000  8.300000000 -0.018678978100
1070.325070000  8.300000000 -0.014767321800
1070.349980000  8.300000000 -0.010810754300
1070.375000000  8.300000000 -0.006815991830
1070.400020000  8.300000000 -0.002790033580
1070.425050000  8.300000000 0.001259955340
1070.450070000  8.300000000 0.005326613320
1070.474980000  8.300000000 0.009402400810
1070.500000000  8.300000000 0.013479708700
1070.525020000  8.300000000 0.017550790700
1070.550050000  8.300000000 0.021607892600
1070.575070000  8.300000000 0.025643263000
1070.599980000  8.300000000 0.029649170100
1070.625000000  8.300000000 0.033618032900
1070.650020000  8.300000000 0.037542354300
1070.675050000  8.300000000 0.041414879300
1070.700070000  8.300000000 0.045228574400
1070.724980000  8.300000000 0.048976711900
1070.750000000  8.300000000 0.052652865600
1070.775020000  8.300000000 0.056251011800
1070.800050000  8.300000000 0.059765480500
1070.825070000  8.300000000 0.063191019000
1070.849980000  8.300000000 0.066522784500
1070.875000000  8.300000000 0.069756366300
1070.900020000  8.300000000 0.072887755900
1070.925050000  8.300000000 0.075913436700
1070.950070000  8.300000000 0.078830316700
1070.974980000  8.300000000 0.081635773200
1071.000000000  8.300000000 0.084327712700
1071.025020000  8.300000000 0.086904540700
1071.050050000  8.300000000 0.089365191800
1071.075070000  8.300000000 0.091709084800
1071.099980000  8.300000000 0.093936152800
1071.125000000  8.300000000 0.096046812800
1071.150020000  8.300000000 0.098041907000
1071.175050000  8.300000000 0.099922731500
1071.200070000  8.300000000 0.101690985000
1071.224980000  8.300000000 0.103348710000
1071.250000000  8.300000000 0.104898326000
1071.275020000  8.300000000 0.106342532000
1071.300050000  8.300000000 0.107684270000
1071.325070000  8.300000000 0.108926773000
1071.349980000  8.300000000 0.110073403000
1071.375000000  8.300000000 0.111127697000
1071.400020000  8.300000000 0.112093352000
1071.425050000  8.300000000 0.112974115000
1071.450070000  8.300000000 0.113773845000
1071.474980000  8.300000000 0.114496417000
1071.500000000  8.300000000 0.115145758000
1071.525020000  8.300000000 0.115725860000
1071.550050000  8.300000000 0.116240643000
1071.575070000  8.300000000 0.116694033000
1071.599980000  8.300000000 0.117089890000
1071.625000000  8.300000000 0.117432043000
1071.650020000  8.300000000 0.117724232000
1071.675050000  8.300000000 0.117970102000
1071.700070000  8.300000000 0.118173197000
1071.724980000  8.300000000 0.118336923000
1071.750000000  8.300000000 0.118464597000
1071.775020000  8.300000000 0.118559338000
1071.800050000  8.300000000 0.118624076000
1071.825070000  8.300000000 0.118661582000
1071.849980000  8.300000000 0.118674338000
1071.875000000  8.300000000 0.118664697000
1071.900020000  8.300000000 0.118634760000
1071.925050000  8.300000000 0.118586332000
1071.950070000  8.300000000 0.118521079000
1071.974980000  8.300000000 0.118440419000
1072.000000000  8.300000000 0.118345559000
1072.025020000  8.300000000 0.118237503000
1072.050050000  8.300000000 0.118117101000
1072.075070000  8.300000000 0.117985055000
1072.099980000  8.300000000 0.117842019000
1072.125000000  8.300000000 0.117688462000
1072.150020000  8.300000000 0.117524832000
1072.175050000  8.300000000 0.117351554000
1072.200070000  8.300000000 0.117168911000
1072.224980000  8.300000000 0.116977267000
1072.250000000  8.300000000 0.116776921000
1072.275020000  8.300000000 0.116568163000
1072.300050000  8.300000000 0.116351336000
1072.325070000  8.300000000 0.116126820000
1072.349980000  8.300000000 0.115895040000
1072.375000000  8.300000000 0.115656503000
1072.400020000  8.300000000 0.115411766000
1072.425050000  8.300000000 0.115161449000
1072.450070000  8.300000000 0.114906266000
1072.474980000  8.300000000 0.114647090000
1072.500000000  8.300000000 0.114384785000
1072.525020000  8.300000000 0.114120387000
1072.550050000  8.300000000 0.113855071000
1072.575070000  8.300000000 0.113590106000
1072.599980000  8.300000000 0.113326862000
1072.625000000  8.300000000 0.113066934000
1072.650020000  8.300000000 0.112811983000
1072.675050000  8.300000000 0.112563826000
1072.700070000  8.300000000 0.112324499000
1072.724980000  8.300000000 0.112096101000
1072.750000000  8.300000000 0.111880779000
1072.775020000  8.300000000 0.111680850000
1072.800050000  8.300000000 0.111498550000
1072.825070000  8.300000000 0.111336201000
1072.849980000  8.300000000 0.111196041000
1072.875000000  8.300000000 0.111080311000
1072.900020000  8.300000000 0.110991217000
1072.925050000  8.300000000 0.110930845000
1072.950070000  8.300000000 0.110901199000
1072.974980000  8.300000000 0.110904075000
1073.000000000  8.300000000 0.110941097000
1073.025020000  8.300000000 0.111013673000
1073.050050000  8.300000000 0.111123085000
1073.075070000  8.300000000 0.111270376000
1073.099980000  8.300000000 0.111456387000
1073.125000000  8.300000000 0.111681804000
1073.150020000  8.300000000 0.111947082000
1073.175050000  8.300000000 0.112252548000
1073.200070000  8.300000000 0.112598278000
1073.224980000  8.300000000 0.112984121000
1073.250000000  8.300000000 0.113409750000
1073.275020000  8.300000000 0.113874614000
1073.300050000  8.300000000 0.114377953000
1073.325070000  8.300000000 0.114918701000
1073.349980000  8.300000000 0.115495637000
1073.375000000  8.300000000 0.116107255000
1073.400020000  8.300000000 0.116751850000
1073.425050000  8.300000000 0.117427446000
1073.450070000  8.300000000 0.118131950000
1073.474980000  8.300000000 0.118862927000
1073.500000000  8.300000000 0.119617812000
1073.525020000  8.300000000 0.120393895000
1073.550050000  8.300000000 0.121188164000
1073.575070000  8.300000000 0.121997543000
1073.599980000  8.300000000 0.122818753000
1073.625000000  8.300000000 0.123648413000
1073.650020000  8.300000000 0.124483012000
1073.675050000  8.300000000 0.125319019000
1073.700070000  8.300000000 0.126152679000
1073.724980000  8.300000000 0.126980260000
1073.750000000  8.300000000 0.127797872000
1073.775020000  8.300000000 0.128601596000
1073.800050000  8.300000000 0.129387334000
1073.825070000  8.300000000 0.130151019000
1073.849980000  8.300000000 0.130888477000
1073.875000000  8.300000000 0.131595477000
1073.900020000  8.300000000 0.132267714000
1073.925050000  8.300000000 0.132900804000
1073.950070000  8.300000000 0.133490443000
1073.974980000  8.300000000 0.134032145000
1074.000000000  8.300000000 0.134521440000
1074.025020000  8.300000000 0.134953961000
1074.050050000  8.300000000 0.135325328000
1074.075070000  8.300000000 0.135631263000
1074.099980000  8.300000000 0.135867625000
1074.125000000  8.300000000 0.136030436000
1074.150020000  8.300000000 0.136115924000
1074.175050000  8.300000000 0.136120498000
1074.200070000  8.300000000 0.136040777000
1074.224980000  8.300000000 0.135873646000
1074.250000000  8.300000000 0.135616228000
1074.275020000  8.300000000 0.135265887000
1074.300050000  8.300000000 0.134820268000
1074.325070000  8.300000000 0.134277344000
1074.349980000  8.300000000 0.133635372000
1074.375000000  8.300000000 0.132892892000
1074.400020000  8.300000000 0.132048994000
1074.425050000  8.300000000 0.131102890000
1074.450070000  8.300000000 0.130054429000
1074.474980000  8.300000000 0.128903687000
1074.500000000  8.300000000 0.127651274000
1074.525020000  8.300000000 0.126298204000
1074.550050000  8.300000000 0.124845922000
1074.575070000  8.300000000 0.123296402000
1074.599980000  8.300000000 0.121651985000
1074.625000000  8.300000000 0.119915478000
1074.650020000  8.300000000 0.118090108000
1074.675050000  8.300000000 0.116179571000
1074.700070000  8.300000000 0.114187822000
1074.724980000  8.300000000 0.112119205000
1074.750000000  8.300000000 0.109978497000
1074.775020000  8.300000000 0.107770599000
1074.800050000  8.300000000 0.105500780000
1074.825070000  8.300000000 0.103174575000
1074.849980000  8.300000000 0.100797646000
1074.875000000  8.300000000 0.098375894100
1074.900020000  8.300000000 0.095915392000
1074.925050000  8.300000000 0.093422234100
1074.950070000  8.300000000 0.090902671200
1074.974980000  8.300000000 0.088362939700
1075.000000000  8.300000000 0.085809275500
1075.025020000  8.300000000 0.083247803200
1075.050050000  8.300000000 0.080684565000
1075.075070000  8.300000000 0.078125432100
1075.099980000  8.300000000 0.075576111700
1075.125000000  8.300000000 0.073041982900
1075.150020000  8.300000000 0.070528253900
1075.175050000  8.300000000 0.068039737600
1075.200070000  8.300000000 0.065580956600
1075.224980000  8.300000000 0.063156105600
1075.250000000  8.300000000 0.060768932100
1075.275020000  8.300000000 0.058422844900
1075.300050000  8.300000000 0.056120850100
1075.325070000  8.300000000 0.053865592900
1075.349980000  8.300000000 0.051659308400
1075.375000000  8.300000000 0.049503829300
1075.400020000  8.300000000 0.047400582600
1075.425050000  8.300000000 0.045350614900
1075.450070000  8.300000000 0.043354567100
1075.474980000  8.300000000 0.041412700000
1075.500000000  8.300000000 0.039524897900
1075.525020000  8.300000000 0.037690669300
1075.550050000  8.300000000 0.035909201900
1075.575070000  8.300000000 0.034179348500
1075.599980000  8.300000000 0.032499693300
1075.625000000  8.300000000 0.030868550800
1075.650020000  8.300000000 0.029284011600
1075.675050000  8.300000000 0.027743987700
1075.700070000  8.300000000 0.026246218000
1075.724980000  8.300000000 0.024788355500
1075.750000000  8.300000000 0.023367965600
1075.775020000  8.300000000 0.021982586000
1075.800050000  8.300000000 0.020629776600
1075.825070000  8.300000000 0.019307078800
1075.849980000  8.300000000 0.018012112000
1075.875000000  8.300000000 0.016742559100
1075.900020000  8.300000000 0.015496182300
1075.925050000  8.300000000 0.014270871900
1075.950070000  8.300000000 0.013064632200
1075.974980000  8.300000000 0.011875605200
1076.000000000  8.300000000 0.010702088500
1076.025020000  8.300000000 0.009542531330
1076.050050000  8.300000000 0.008395574990
1076.075070000  8.300000000 0.007260068790
1076.099980000  8.300000000 0.006135071160
1076.125000000  8.300000000 0.005019894800
1076.150020000  8.300000000 0.003914106170
1076.175050000  8.300000000 0.002817546480
1076.200070000  8.300000000 0.001730323540
1076.224980000  8.300000000 0.000652854447
1076.250000000  8.300000000 -0.000414172740
1076.275020000  8.300000000 -0.001469754150
1076.300050000  8.300000000 -0.002512611680
1076.325070000  8.300000000 -0.003541168290
1076.349980000  8.300000000 -0.004553596490
1076.375000000  8.300000000 -0.005547827580
1076.400020000  8.300000000 -0.006521608680
1076.425050000  8.300000000 -0.007472498340
1076.450070000  8.300000000 -0.008397975940
1076.474980000  8.300000000 -0.009295401160
1076.500000000  8.300000000 -0.010162091800
1076.525020000  8.300000000 -0.010995358200
1076.550050000  8.300000000 -0.011792523800
1076.575070000  8.300000000 -0.012550966800
1076.599980000  8.300000000 -0.013268127100
1076.625000000  8.300000000 -0.013941559900
1076.650020000  8.300000000 -0.014568942600
1076.675050000  8.300000000 -0.015148095800
1076.700070000  8.300000000 -0.015677010600
1076.724980000  8.300000000 -0.016153864600
1076.750000000  8.300000000 -0.016577033300
1076.775020000  8.300000000 -0.016945127400
1076.800050000  8.300000000 -0.017256975200
1076.825070000  8.300000000 -0.017511656500
1076.849980000  8.300000000 -0.017708500800
1076.875000000  8.300000000 -0.017847109600
1076.900020000  8.300000000 -0.017927335600
1076.925050000  8.300000000 -0.017949301700
1076.950070000  8.300000000 -0.017913434700
1076.974980000  8.300000000 -0.017820412300
1077.000000000  8.300000000 -0.017671231200
1077.025020000  8.300000000 -0.017467195200
1077.050050000  8.300000000 -0.017209887500
1077.075070000  8.300000000 -0.016901230400
1077.099980000  8.300000000 -0.016543412600
1077.125000000  8.300000000 -0.016138937300
1077.150020000  8.300000000 -0.015690580000
1077.175050000  8.300000000 -0.015201393500
1077.200070000  8.300000000 -0.014674693300
1077.224980000  8.300000000 -0.014114015700
1077.250000000  8.300000000 -0.013523125100
1077.275020000  8.300000000 -0.012905992600
1077.300050000  8.300000000 -0.012266760700
1077.325070000  8.300000000 -0.011609736800
1077.349980000  8.300000000 -0.010939358700
1077.375000000  8.300000000 -0.010260192700
1077.400020000  8.300000000 -0.009576871060
1077.425050000  8.300000000 -0.008894118480
1077.450070000  8.300000000 -0.008216685620
1077.474980000  8.300000000 -0.007549358530
1077.500000000  8.300000000 -0.006896891170
1077.525020000  8.300000000 -0.006264027210
1077.550050000  8.300000000 -0.005655432590
1077.575070000  8.300000000 -0.005075687080
1077.599980000  8.300000000 -0.004529214930
1077.625000000  8.300000000 -0.004020303950
1077.650020000  8.300000000 -0.003553025660
1077.675050000  8.300000000 -0.003131230830
1077.700070000  8.300000000 -0.002758512270
1077.724980000  8.300000000 -0.002438186900
1077.750000000  8.300000000 -0.002173282440
1077.775020000  8.300000000 -0.001966524640
1077.800050000  8.300000000 -0.001820323290
1077.825070000  8.300000000 -0.001736773410
1077.849980000  8.300000000 -0.001717621110
1077.875000000  8.300000000 -0.001764290150
1077.900020000  8.300000000 -0.001877853060
1077.925050000  8.300000000 -0.002059035700
1077.950070000  8.300000000 -0.002308209890
1077.974980000  8.300000000 -0.002625401830
1078.000000000  8.300000000 -0.003010277400
1078.025020000  8.300000000 -0.003462180260
1078.050050000  8.300000000 -0.003980109000
1078.075070000  8.300000000 -0.004562756510
1078.099980000  8.300000000 -0.005208520680
1078.125000000  8.300000000 -0.005915522110
1078.150020000  8.300000000 -0.006681641100
1078.175050000  8.300000000 -0.007504524660
1078.200070000  8.300000000 -0.008381617260
1078.224980000  8.300000000 -0.009310186840
1078.250000000  8.300000000 -0.010287355600
1078.275020000  8.300000000 -0.011310113600
1078.300050000  8.300000000 -0.012375383600
1078.325070000  8.300000000 -0.013480015100
1078.349980000  8.300000000 -0.014620861000
1078.375000000  8.300000000 -0.015794780100
1078.400020000  8.300000000 -0.016998684000
1078.425050000  8.300000000 -0.018229555300
1078.450070000  8.300000000 -0.019484467800
1078.474980000  8.300000000 -0.020760618200
1078.500000000  8.300000000 -0.022055314900
1078.525020000  8.300000000 -0.023366015400
1078.550050000  8.300000000 -0.024690330000
1078.575070000  8.300000000 -0.026026031000
1078.599980000  8.300000000 -0.027371056400
1078.625000000  8.300000000 -0.028723511800
1078.650020000  8.300000000 -0.030081674500
1078.675050000  8.300000000 -0.031444001900
1078.700070000  8.300000000 -0.032809108500
1078.724980000  8.300000000 -0.034175790800
1078.750000000  8.300000000 -0.035543020800
1078.775020000  8.300000000 -0.036909889400
1078.800050000  8.300000000 -0.038275662800
1078.825070000  8.300000000 -0.039639696500
1078.849980000  8.300000000 -0.041001487500
1078.875000000  8.300000000 -0.042360600100
1078.900020000  8.300000000 -0.043716698900
1078.925050000  8.300000000 -0.045069526900
1078.950070000  8.300000000 -0.046418890400
1078.974980000  8.300000000 -0.047764588100
1079.000000000  8.300000000 -0.049106475000
1079.025020000  8.300000000 -0.050444390600
1079.050050000  8.300000000 -0.051778126500
1079.075070000  8.300000000 -0.053107451600
1079.099980000  8.300000000 -0.054432064300
1079.125000000  8.300000000 -0.055751591900
1079.150020000  8.300000000 -0.057065606100
1079.175050000  8.300000000 -0.058373566700
1079.200070000  8.300000000 -0.059674888800
1079.224980000  8.300000000 -0.060968879600
1079.250000000  8.300000000 -0.062254782800
1079.275020000  8.300000000 -0.063531749000
1079.300050000  8.300000000 -0.064798817000
1079.325070000  8.300000000 -0.066054977500
1079.349980000  8.300000000 -0.067299068000
1079.375000000  8.300000000 -0.068529881500
1079.400020000  8.300000000 -0.069746099400
1079.425050000  8.300000000 -0.070946328300
1079.450070000  8.300000000 -0.072129085700
1079.474980000  8.300000000 -0.073292776900
1079.500000000  8.300000000 -0.074435792900
1079.525020000  8.300000000 -0.075556494300
1079.550050000  8.300000000 -0.076653152700
1079.575070000  8.300000000 -0.077724121500
1079.599980000  8.300000000 -0.078767687100
1079.625000000  8.300000000 -0.079782247500
1079.650020000  8.300000000 -0.080766193600
1079.675050000  8.300000000 -0.081718012700
1079.700070000  8.300000000 -0.082636266900
1079.724980000  8.300000000 -0.083519585400
1079.750000000  8.300000000 -0.084366813300
1079.775020000  8.300000000 -0.085176840400
1079.800050000  8.300000000 -0.085948765300
1079.825070000  8.300000000 -0.086681895000
1079.849980000  8.300000000 -0.087375640900
1079.875000000  8.300000000 -0.088029630500
1079.900020000  8.300000000 -0.088643744600
1079.925050000  8.300000000 -0.089217953400
1079.950070000  8.300000000 -0.089752495300
1079.974980000  8.300000000 -0.090247765200
1080.000000000  8.300000000 -0.090704299500
1080.025020000  8.300000000 -0.091122910400
1080.050050000  8.300000000 -0.091504447200
1080.075070000  8.300000000 -0.091849967800
1080.099980000  8.300000000 -0.092160657000
1080.125000000  8.300000000 -0.092437751600
1080.150020000  8.300000000 -0.092682622400
1080.175050000  8.300000000 -0.092896640300
1080.200070000  8.300000000 -0.093081258200
1080.224980000  8.300000000 -0.093237906700
1080.250000000  8.300000000 -0.093368031100
1080.275020000  8.300000000 -0.093473069400
1080.300050000  8.300000000 -0.093554422300
1080.325070000  8.300000000 -0.093613490500
1080.349980000  8.300000000 -0.093651615100
1080.375000000  8.300000000 -0.093670085100
1080.400020000  8.300000000 -0.093670152100
1080.425050000  8.300000000 -0.093653008300
1080.450070000  8.300000000 -0.093619719100
1080.474980000  8.300000000 -0.093571297800
1080.500000000  8.300000000 -0.093508623500
1080.525020000  8.300000000 -0.093432508400
1080.550050000  8.300000000 -0.093343608100
1080.575070000  8.300000000 -0.093242518600
1080.599980000  8.300000000 -0.093129716800
1080.625000000  8.300000000 -0.093005627400
1080.650020000  8.300000000 -0.092870585600
1080.675050000  8.300000000 -0.092724897000
1080.700070000  8.300000000 -0.092568747700
1080.724980000  8.300000000 -0.092402353900
1080.750000000  8.300000000 -0.092225819800
1080.775020000  8.300000000 -0.092039302000
1080.800050000  8.300000000 -0.091842882300
1080.825070000  8.300000000 -0.091636627900
1080.849980000  8.300000000 -0.091420643000
1080.875000000  8.300000000 -0.091194979800
1080.900020000  8.300000000 -0.090959735200
1080.925050000  8.300000000 -0.090714961300
1080.950070000  8.300000000 -0.090460702800
1080.974980000  8.300000000 -0.090197011800
1081.000000000  8.300000000 -0.089923888400
1081.025020000  8.300000000 -0.089641325200
1081.050050000  8.300000000 -0.089349269900
1081.075070000  8.300000000 -0.089047715100
1081.099980000  8.300000000 -0.088736631000
1081.125000000  8.300000000 -0.088415935600
1081.150020000  8.300000000 -0.088085606700
1081.175050000  8.300000000 -0.087745636700
1081.200070000  8.300000000 -0.087395988400
1081.224980000  8.300000000 -0.087036639500
1081.250000000  8.300000000 -0.086667589800
1081.275020000  8.300000000 -0.086288809800
1081.300050000  8.300000000 -0.085900276900
1081.325070000  8.300000000 -0.085501939100
1081.349980000  8.300000000 -0.085093744100
1081.375000000  8.300000000 -0.084675602600
1081.400020000  8.300000000 -0.084247417700
1081.425050000  8.300000000 -0.083809040500
1081.450070000  8.300000000 -0.083360306900
1081.474980000  8.300000000 -0.082900978600
1081.500000000  8.300000000 -0.082430757600
1081.525020000  8.300000000 -0.081949308500
1081.550050000  8.300000000 -0.081456191800
1081.575070000  8.300000000 -0.080950945600
1081.599980000  8.300000000 -0.080433026000
1081.625000000  8.300000000 -0.079901807000
1081.650020000  8.300000000 -0.079356618200
1081.675050000  8.300000000 -0.078796714500
1081.700070000  8.300000000 -0.078221298800
1081.724980000  8.300000000 -0.077629491700
1081.750000000  8.300000000 -0.077020332200
1081.775020000  8.300000000 -0.076392792200
1081.800050000  8.300000000 -0.075745724100
1081.825070000  8.300000000 -0.075077913700
1081.849980000  8.300000000 -0.074388004800
1081.875000000  8.300000000 -0.073674559600
1081.900020000  8.300000000 -0.072936013300
1081.925050000  8.300000000 -0.072170741900
1081.950070000  8.300000000 -0.071376994300
1081.974980000  8.300000000 -0.070552922800
1082.000000000  8.300000000 -0.069696620100
1082.025020000  8.300000000 -0.068806111800
1082.050050000  8.300000000 -0.067879356400
1082.075070000  8.300000000 -0.066914297600
1082.099980000  8.300000000 -0.065908864100
1082.125000000  8.300000000 -0.064860999600
1082.150020000  8.300000000 -0.063768684900
1082.175050000  8.300000000 -0.062629960500
1082.200070000  8.300000000 -0.061442934000
1082.224980000  8.300000000 -0.060205817200
1082.250000000  8.300000000 -0.058916930100
1082.275020000  8.300000000 -0.057574737800
1082.300050000  8.300000000 -0.056177850800
1082.325070000  8.300000000 -0.054724987600
1082.349980000  8.300000000 -0.053215105100
1082.375000000  8.300000000 -0.051647301800
1082.400020000  8.300000000 -0.050020884700
1082.425050000  8.300000000 -0.048335395800
1082.450070000  8.300000000 -0.046590592700
1082.474980000  8.300000000 -0.044786494200
1082.500000000  8.300000000 -0.042923342400
1082.525020000  8.300000000 -0.041001681200
1082.550050000  8.300000000 -0.039022270600
1082.575070000  8.300000000 -0.036986149800
1082.599980000  8.300000000 -0.034894608000
1082.625000000  8.300000000 -0.032749142500
1082.650020000  8.300000000 -0.030551524800
1082.675050000  8.300000000 -0.028303697700
1082.700070000  8.300000000 -0.026007812500
1082.724980000  8.300000000 -0.023666208600
1082.750000000  8.300000000 -0.021281378300
1082.775020000  8.300000000 -0.018856000200
1082.800050000  8.300000000 -0.016392875500
1082.825070000  8.300000000 -0.013894965900
1082.849980000  8.300000000 -0.011365350300
1082.875000000  8.300000000 -0.008807227020
1082.900020000  8.300000000 -0.006223903500
1082.925050000  8.300000000 -0.003618788210
1082.950070000  8.300000000 -0.000995359500
1082.974980000  8.300000000 0.001642811110
1083.000000000  8.300000000 0.004292103460
1083.025020000  8.300000000 0.006948838480
1083.050050000  8.300000000 0.009609295990
1083.075070000  8.300000000 0.012269705500
1083.099980000  8.300000000 0.014926274300
1083.125000000  8.300000000 0.017575169000
1083.150020000  8.300000000 0.020212534800
1083.175050000  8.300000000 0.022834511500
1083.200070000  8.300000000 0.025437237700
1083.224980000  8.300000000 0.028016857800
1083.250000000  8.300000000 0.030569551500
1083.275020000  8.300000000 0.033091533900
1083.300050000  8.300000000 0.035579029500
1083.325070000  8.300000000 0.038028366900
1083.349980000  8.300000000 0.040435895300
1083.375000000  8.300000000 0.042798031100
1083.400020000  8.300000000 0.045111294800
1083.425050000  8.300000000 0.047372285300
1083.450070000  8.300000000 0.049577701800
1083.474980000  8.300000000 0.051724396600
1083.500000000  8.300000000 0.053809322400
1083.525020000  8.300000000 0.055829603200
1083.550050000  8.300000000 0.057782527100
1083.575070000  8.300000000 0.059665493700
1083.599980000  8.300000000 0.061476126300
1083.625000000  8.300000000 0.063212193500
1083.650020000  8.300000000 0.064871624100
1083.675050000  8.300000000 0.066452503200
1083.700070000  8.300000000 0.067953065000
1083.724980000  8.300000000 0.069371759900
1083.750000000  8.300000000 0.070707172200
1083.775020000  8.300000000 0.071958027800
1083.800050000  8.300000000 0.073123268800
1083.825070000  8.300000000 0.074201978700
1083.849980000  8.300000000 0.075193435000
1083.875000000  8.300000000 0.076097093500
1083.900020000  8.300000000 0.076912544700
1083.925050000  8.300000000 0.077639624500
1083.950070000  8.300000000 0.078278295700
1083.974980000  8.300000000 0.078828707300
1084.000000000  8.300000000 0.079291231900
1084.025020000  8.300000000 0.079666346300
1084.050050000  8.300000000 0.079954721000
1084.075070000  8.300000000 0.080157168200
1084.099980000  8.300000000 0.080274656400
1084.125000000  8.300000000 0.080308243600
1084.150020000  8.300000000 0.080259107100
1084.175050000  8.300000000 0.080128490900
1084.200070000  8.300000000 0.079917818300
1084.224980000  8.300000000 0.079628504800
1084.250000000  8.300000000 0.079262100200
1084.275020000  8.300000000 0.078820243500
1084.300050000  8.300000000 0.078304640900
1084.325070000  8.300000000 0.077717103100
1084.349980000  8.300000000 0.077059507400
1084.375000000  8.300000000 0.076333858100
1084.400020000  8.300000000 0.075542189200
1084.425050000  8.300000000 0.074686668800
1084.450070000  8.300000000 0.073769532100
1084.474980000  8.300000000 0.072793081400
1084.500000000  8.300000000 0.071759708200
1084.525020000  8.300000000 0.070671878800
1084.550050000  8.300000000 0.069532133600
1084.575070000  8.300000000 0.068343080600
1084.599980000  8.300000000 0.067107379400
1084.625000000  8.300000000 0.065827772000
1084.650020000  8.300000000 0.064507030000
1084.675050000  8.300000000 0.063147984400
1084.700070000  8.300000000 0.061753526300
1084.724980000  8.300000000 0.060326553900
1084.750000000  8.300000000 0.058870028700
1084.775020000  8.300000000 0.057386912400
1084.800050000  8.300000000 0.055880244800
1084.825070000  8.300000000 0.054353050900
1084.849980000  8.300000000 0.052808389100
1084.875000000  8.300000000 0.051249347600
1084.900020000  8.300000000 0.049679018600
1084.925050000  8.300000000 0.048100497600
1084.950070000  8.300000000 0.046516858000
1084.974980000  8.300000000 0.044931199400
1085.000000000  8.300000000 0.043346535400
1085.025020000  8.300000000 0.041765898500
1085.050050000  8.300000000 0.040192250200
1085.075070000  8.300000000 0.038628522300
1085.099980000  8.300000000 0.037077568500
1085.125000000  8.300000000 0.035542223600
1085.150020000  8.300000000 0.034025263000
1085.175050000  8.300000000 0.032529402500
1085.200070000  8.300000000 0.031057305600
1085.224980000  8.300000000 0.029611593100
1085.250000000  8.300000000 0.028194820500
1085.275020000  8.300000000 0.026809498700
1085.300050000  8.300000000 0.025458069500
1085.325070000  8.300000000 0.024142896800
1085.349980000  8.300000000 0.022866306800
1085.375000000  8.300000000 0.021630508800
1085.400020000  8.300000000 0.020437656000
1085.425050000  8.300000000 0.019289784100
1085.450070000  8.300000000 0.018188839800
1085.474980000  8.300000000 0.017136627800
1085.500000000  8.300000000 0.016134847000
1085.525020000  8.300000000 0.015185037600
1085.550050000  8.300000000 0.014288623800
1085.575070000  8.300000000 0.013446847000
1085.599980000  8.300000000 0.012660804200
1085.625000000  8.300000000 0.011931416600
1085.650020000  8.300000000 0.011259436600
1085.675050000  8.300000000 0.010645424900
1085.700070000  8.300000000 0.010089764400
1085.724980000  8.300000000 0.009592646730
1085.750000000  8.300000000 0.009154073890
1085.775020000  8.300000000 0.008773852140
1085.800050000  8.300000000 0.008451586590
1085.825070000  8.300000000 0.008186683990
1085.849980000  8.300000000 0.007978351790
1085.875000000  8.300000000 0.007825596260
1085.900020000  8.300000000 0.007727226710
1085.925050000  8.300000000 0.007681864780
1085.950070000  8.300000000 0.007687946320
1085.974980000  8.300000000 0.007743739990
1086.000000000  8.300000000 0.007847346370
1086.025020000  8.300000000 0.007996717470
1086.050050000  8.300000000 0.008189667020
1086.075070000  8.300000000 0.008423876950
1086.099980000  8.300000000 0.008696922100
1086.125000000  8.300000000 0.009006270210
1086.150020000  8.300000000 0.009349302390
1086.175050000  8.300000000 0.009723328050
1086.200070000  8.300000000 0.010125591400
1086.224980000  8.300000000 0.010553298500
1086.250000000  8.300000000 0.011003623700
1086.275020000  8.300000000 0.011473719000
1086.300050000  8.300000000 0.011960730900
1086.325070000  8.300000000 0.012461802000
1086.349980000  8.300000000 0.012974086200
1086.375000000  8.300000000 0.013494757000
1086.400020000  8.300000000 0.014021026000
1086.425050000  8.300000000 0.014550145700
1086.450070000  8.300000000 0.015079431200
1086.474980000  8.300000000 0.015606280400
1086.500000000  8.300000000 0.016128193600
1086.525020000  8.300000000 0.016642781000
1086.550050000  8.300000000 0.017147790600
1086.575070000  8.300000000 0.017641125200
1086.599980000  8.300000000 0.018120855100
1086.625000000  8.300000000 0.018585221800
1086.650020000  8.300000000 0.019032664600
1086.675050000  8.300000000 0.019461821800
1086.700070000  8.300000000 0.019871518000
1086.724980000  8.300000000 0.020260788500
1086.750000000  8.300000000 0.020628875100
1086.775020000  8.300000000 0.020975230300
1086.800050000  8.300000000 0.021299509300
1086.825070000  8.300000000 0.021601572600
1086.849980000  8.300000000 0.021881485400
1086.875000000  8.300000000 0.022139504600
1086.900020000  8.300000000 0.022376105200
1086.925050000  8.300000000 0.022591915000
1086.950070000  8.300000000 0.022787764700
1086.974980000  8.300000000 0.022964654500
1087.000000000  8.300000000 0.023123743000
1087.025020000  8.300000000 0.023266350900
1087.050050000  8.300000000 0.023393917800
1087.075070000  8.300000000 0.023508014200
1087.099980000  8.300000000 0.023610334800
1087.125000000  8.300000000 0.023702615900
1087.150020000  8.300000000 0.023786703100
1087.175050000  8.300000000 0.023864472300
1087.200070000  8.300000000 0.023937836300
1087.224980000  8.300000000 0.024008724800
1087.250000000  8.300000000 0.024079076900
1087.275020000  8.300000000 0.024150800000
1087.300050000  8.300000000 0.024225786300
1087.325070000  8.300000000 0.024305855900
1087.349980000  8.300000000 0.024392785500
1087.375000000  8.300000000 0.024488244200
1087.400020000  8.300000000 0.024593815200
1087.425050000  8.300000000 0.024710951400
1087.450070000  8.300000000 0.024840999400
1087.474980000  8.300000000 0.024985153200
1087.500000000  8.300000000 0.025144469000
1087.525020000  8.300000000 0.025319833300
1087.550050000  8.300000000 0.025511980100
1087.575070000  8.300000000 0.025721469900
1087.599980000  8.300000000 0.025948695800
1087.625000000  8.300000000 0.026193881400
1087.650020000  8.300000000 0.026457078800
1087.675050000  8.300000000 0.026738178000
1087.700070000  8.300000000 0.027036920200
1087.724980000  8.300000000 0.027352895600
1087.750000000  8.300000000 0.027685547200
1087.775020000  8.300000000 0.028034178500
1087.800050000  8.300000000 0.028397984800
1087.825070000  8.300000000 0.028776023500
1087.849980000  8.300000000 0.029167255400
1087.875000000  8.300000000 0.029570544100
1087.900020000  8.300000000 0.029984647400
1087.925050000  8.300000000 0.030408257600
1087.950070000  8.300000000 0.030840005700
1087.974980000  8.300000000 0.031278453800
1088.000000000  8.300000000 0.031722094900
1088.025020000  8.300000000 0.032169412800
1088.050050000  8.300000000 0.032618831800
1088.075070000  8.300000000 0.033068776100
1088.099980000  8.300000000 0.033517655000
1088.125000000  8.300000000 0.033963855400
1088.150020000  8.300000000 0.034405816300
1088.175050000  8.300000000 0.034841980800
1088.200070000  8.300000000 0.035270825000
1088.224980000  8.300000000 0.035690892500
1088.250000000  8.300000000 0.036100767600
1088.275020000  8.300000000 0.036499083000
1088.300050000  8.300000000 0.036884568600
1088.325070000  8.300000000 0.037255995000
1088.349980000  8.300000000 0.037612229600
1088.375000000  8.300000000 0.037952195900
1088.400020000  8.300000000 0.038274899100
1088.425050000  8.300000000 0.038579404400
1088.450070000  8.300000000 0.038864839800
1088.474980000  8.300000000 0.039130386000
1088.500000000  8.300000000 0.039375286500
1088.525020000  8.300000000 0.039598818900
1088.550050000  8.300000000 0.039800308600
1088.575070000  8.300000000 0.039979104000
1088.599980000  8.300000000 0.040134597600
1088.625000000  8.300000000 0.040266208400
1088.650020000  8.300000000 0.040373355200
1088.675050000  8.300000000 0.040455509000
1088.700070000  8.300000000 0.040512129700
1088.724980000  8.300000000 0.040542684500
1088.750000000  8.300000000 0.040546685500
1088.775020000  8.300000000 0.040523599800
1088.800050000  8.300000000 0.040472976900
1088.825070000  8.300000000 0.040394354600
1088.849980000  8.300000000 0.040287300900
1088.875000000  8.300000000 0.040151424700
1088.900020000  8.300000000 0.039986364500
1088.925050000  8.300000000 0.039791800100
1088.950070000  8.300000000 0.039567433300
1088.974980000  8.300000000 0.039313033200
1089.000000000  8.300000000 0.039028417300
1089.025020000  8.300000000 0.038713429100
1089.050050000  8.300000000 0.038368016500
1089.075070000  8.300000000 0.037992145900
1089.099980000  8.300000000 0.037585869400
1089.125000000  8.300000000 0.037149280300
1089.150020000  8.300000000 0.036682557300
1089.175050000  8.300000000 0.036185935100
1089.200070000  8.300000000 0.035659696900
1089.224980000  8.300000000 0.035104211400
1089.250000000  8.300000000 0.034519881000
1089.275020000  8.300000000 0.033907190000
1089.300050000  8.300000000 0.033266682200
1089.325070000  8.300000000 0.032598961100
1089.349980000  8.300000000 0.031904678800
1089.375000000  8.300000000 0.031184559700
1089.400020000  8.300000000 0.030439378700
1089.425050000  8.300000000 0.029669961000
1089.450070000  8.300000000 0.028877209900
1089.474980000  8.300000000 0.028062043700
1089.500000000  8.300000000 0.027225440400
1089.525020000  8.300000000 0.026368437300
1089.550050000  8.300000000 0.025492066500
1089.575070000  8.300000000 0.024597425000
1089.599980000  8.300000000 0.023685613600
1089.625000000  8.300000000 0.022757740700
1089.650020000  8.300000000 0.021814961000
1089.675050000  8.300000000 0.020858394000
1089.700070000  8.300000000 0.019889203800
1089.724980000  8.300000000 0.018908541600
1089.750000000  8.300000000 0.017917549200
1089.775020000  8.300000000 0.016917375800
1089.800050000  8.300000000 0.015909167000
1089.825070000  8.300000000 0.014894054300
1089.849980000  8.300000000 0.013873170100
1089.875000000  8.300000000 0.012847656400
1089.900020000  8.300000000 0.011818634300
1089.925050000  8.300000000 0.010787234600
1089.950070000  8.300000000 0.009754577650
1089.974980000  8.300000000 0.008721786550
1090.000000000  8.300000000 0.007689966350
1090.025020000  8.300000000 0.006660214630
1090.050050000  8.300000000 0.005633619610
1090.075070000  8.300000000 0.004611249550
1090.099980000  8.300000000 0.003594150070
1090.125000000  8.300000000 0.002583347490
1090.150020000  8.300000000 0.001579832630
1090.175050000  8.300000000 0.000584571739
1090.200070000  8.300000000 -0.000401495141
1090.224980000  8.300000000 -0.001377459730
1090.250000000  8.300000000 -0.002342440420
1090.275020000  8.300000000 -0.003295576670
1090.300050000  8.300000000 -0.004236043900
1090.325070000  8.300000000 -0.005163040010
1090.349980000  8.300000000 -0.006075792480
1090.375000000  8.300000000 -0.006973555780
1090.400020000  8.300000000 -0.007855614650
1090.425050000  8.300000000 -0.008721276190
1090.450070000  8.300000000 -0.009569875900
1090.474980000  8.300000000 -0.010400782300
1090.500000000  8.300000000 -0.011213392000
1090.525020000  8.300000000 -0.012007139600
1090.550050000  8.300000000 -0.012781493400
1090.575070000  8.300000000 -0.013535958700
1090.599980000  8.300000000 -0.014270079300
1090.625000000  8.300000000 -0.014983432400
1090.650020000  8.300000000 -0.015675639700
1090.675050000  8.300000000 -0.016346359600
1090.700070000  8.300000000 -0.016995279100
1090.724980000  8.300000000 -0.017622144900
1090.750000000  8.300000000 -0.018226722300
1090.775020000  8.300000000 -0.018808817500
1090.800050000  8.300000000 -0.019368266700
1090.825070000  8.300000000 -0.019904939500
1090.849980000  8.300000000 -0.020418731500
1090.875000000  8.300000000 -0.020909573900
1090.900020000  8.300000000 -0.021377418200
1090.925050000  8.300000000 -0.021822238300
1090.950070000  8.300000000 -0.022244023200
1090.974980000  8.300000000 -0.022642815500
1091.000000000  8.300000000 -0.023018652600
1091.025020000  8.300000000 -0.023371608900
1091.050050000  8.300000000 -0.023701801900
1091.075070000  8.300000000 -0.024009358100
1091.099980000  8.300000000 -0.024294450900
1091.125000000  8.300000000 -0.024557292500
1091.150020000  8.300000000 -0.024798110100
1091.175050000  8.300000000 -0.025017175800
1091.200070000  8.300000000 -0.025214767100
1091.224980000  8.300000000 -0.025391213600
1091.250000000  8.300000000 -0.025546848800
1091.275020000  8.300000000 -0.025682056300
1091.300050000  8.300000000 -0.025797221800
1091.325070000  8.300000000 -0.025892781100
1091.349980000  8.300000000 -0.025969179300
1091.375000000  8.300000000 -0.026026886000
1091.400020000  8.300000000 -0.026066411300
1091.425050000  8.300000000 -0.026088262000
1091.450070000  8.300000000 -0.026092959600
1091.474980000  8.300000000 -0.026081083300
1091.500000000  8.300000000 -0.026053192100
1091.525020000  8.300000000 -0.026009893000
1091.550050000  8.300000000 -0.025951815800
1091.575070000  8.300000000 -0.025879608500
1091.599980000  8.300000000 -0.025793951000
1091.625000000  8.300000000 -0.025695554900
1091.650020000  8.300000000 -0.025585139200
1091.675050000  8.300000000 -0.025463454400
1091.700070000  8.300000000 -0.025331256900
1091.724980000  8.300000000 -0.025189321500
1091.750000000  8.300000000 -0.025038441600
1091.775020000  8.300000000 -0.024879394100
1091.800050000  8.300000000 -0.024712985400
1091.825070000  8.300000000 -0.024540014600
1091.849980000  8.300000000 -0.024361297500
1091.875000000  8.300000000 -0.024177631400
1091.900020000  8.300000000 -0.023989832000
1091.925050000  8.300000000 -0.023798717200
1091.950070000  8.300000000 -0.023605063600
1091.974980000  8.300000000 -0.023409659000
1092.000000000  8.300000000 -0.023213248700
1092.025020000  8.300000000 -0.023016566400
1092.050050000  8.300000000 -0.022820299500
1092.075070000  8.300000000 -0.022625116600
1092.099980000  8.300000000 -0.022431625100
1092.125000000  8.300000000 -0.022240413400
1092.150020000  8.300000000 -0.022052001200
1092.175050000  8.300000000 -0.021866871000
1092.200070000  8.300000000 -0.021685436400
1092.224980000  8.300000000 -0.021508051100
1092.250000000  8.300000000 -0.021335000200
1092.275020000  8.300000000 -0.021166507200
1092.300050000  8.300000000 -0.021002719200
1092.325070000  8.300000000 -0.020843708900
1092.349980000  8.300000000 -0.020689494900
1092.375000000  8.300000000 -0.020540023200
1092.400020000  8.300000000 -0.020395187700
1092.425050000  8.300000000 -0.020254815000
1092.450070000  8.300000000 -0.020118707800
1092.474980000  8.300000000 -0.019986610900
1092.500000000  8.300000000 -0.019858235500
1092.525020000  8.300000000 -0.019733252000
1092.550050000  8.300000000 -0.019611308400
1092.575070000  8.300000000 -0.019492019000
1092.599980000  8.300000000 -0.019374989000
1092.625000000  8.300000000 -0.019259803000
1092.650020000  8.300000000 -0.019146051300
1092.675050000  8.300000000 -0.019033337000
1092.700070000  8.300000000 -0.018921271000
1092.724980000  8.300000000 -0.018809491800
1092.750000000  8.300000000 -0.018697653000
1092.775020000  8.300000000 -0.018585445400
1092.800050000  8.300000000 -0.018472585800
1092.825070000  8.300000000 -0.018358821000
1092.849980000  8.300000000 -0.018243927500
1092.875000000  8.300000000 -0.018127722700
1092.900020000  8.300000000 -0.018010050100
1092.925050000  8.300000000 -0.017890805400
1092.950070000  8.300000000 -0.017769921600
1092.974980000  8.300000000 -0.017647368800
1093.000000000  8.300000000 -0.017523167700
1093.025020000  8.300000000 -0.017397375800
1093.050050000  8.300000000 -0.017270097500
1093.075070000  8.300000000 -0.017141467000
1093.099980000  8.300000000 -0.017011653600
1093.125000000  8.300000000 -0.016880855000
1093.150020000  8.300000000 -0.016749303800
1093.175050000  8.300000000 -0.016617244100
1093.200070000  8.300000000 -0.016484957200
1093.224980000  8.300000000 -0.016352728000
1093.250000000  8.300000000 -0.016220876900
1093.275020000  8.300000000 -0.016089722500
1093.300050000  8.300000000 -0.015959609300
1093.325070000  8.300000000 -0.015830885600
1093.349980000  8.300000000 -0.015703905400
1093.375000000  8.300000000 -0.015579029000
1093.400020000  8.300000000 -0.015456609400
1093.425050000  8.300000000 -0.015336997800
1093.450070000  8.300000000 -0.015220533100
1093.474980000  8.300000000 -0.015107542300
1093.500000000  8.300000000 -0.014998340000
1093.525020000  8.300000000 -0.014893226300
1093.550050000  8.300000000 -0.014792471200
1093.575070000  8.300000000 -0.014696322400
1093.599980000  8.300000000 -0.014604989400
1093.625000000  8.300000000 -0.014518647500
1093.650020000  8.300000000 -0.014437425000
1093.675050000  8.300000000 -0.014361399200
1093.700070000  8.300000000 -0.014290606600
1093.724980000  8.300000000 -0.014225015400
1093.750000000  8.300000000 -0.014164554000
1093.775020000  8.300000000 -0.014109084400
1093.800050000  8.300000000 -0.014058427000
1093.825070000  8.300000000 -0.014012346000
1093.849980000  8.300000000 -0.013970557600
1093.875000000  8.300000000 -0.013932722600
1093.900020000  8.300000000 -0.013898474200
1093.925050000  8.300000000 -0.013867392200
1093.950070000  8.300000000 -0.013839032500
1093.974980000  8.300000000 -0.013812923800
1094.000000000  8.300000000 -0.013788570600
1094.025020000  8.300000000 -0.013765459900
1094.050050000  8.300000000 -0.013743063400
1094.075070000  8.300000000 -0.013720856000
1094.099980000  8.300000000 -0.013698312500
1094.125000000  8.300000000 -0.013674911100
1094.150020000  8.300000000 -0.013650155600
1094.175050000  8.300000000 -0.013623562600
1094.200070000  8.300000000 -0.013594677700
1094.224980000  8.300000000 -0.013563082600
1094.250000000  8.300000000 -0.013528377700
1094.275020000  8.300000000 -0.013490214000
1094.300050000  8.300000000 -0.013448277500
1094.325070000  8.300000000 -0.013402299000
1094.349980000  8.300000000 -0.013352054200
1094.375000000  8.300000000 -0.013297358500
1094.400020000  8.300000000 -0.013238075200
1094.425050000  8.300000000 -0.013174120300
1094.450070000  8.300000000 -0.013105438100
1094.474980000  8.300000000 -0.013032018200
1094.500000000  8.300000000 -0.012953886800
1094.525020000  8.300000000 -0.012871085700
1094.550050000  8.300000000 -0.012783686600
1094.575070000  8.300000000 -0.012691778100
1094.599980000  8.300000000 -0.012595458000
1094.625000000  8.300000000 -0.012494838800
1094.650020000  8.300000000 -0.012390043600
1094.675050000  8.300000000 -0.012281205500
1094.700070000  8.300000000 -0.012168451200
1094.724980000  8.300000000 -0.012051913000
1094.750000000  8.300000000 -0.011931717400
1094.775020000  8.300000000 -0.011807991200
1094.800050000  8.300000000 -0.011680851700
1094.825070000  8.300000000 -0.011550409700
1094.849980000  8.300000000 -0.011416773300
1094.875000000  8.300000000 -0.011280044000
1094.900020000  8.300000000 -0.011140329800
1094.925050000  8.300000000 -0.010997746100
1094.950070000  8.300000000 -0.010852407700
1094.974980000  8.300000000 -0.010704439100
1095.000000000  8.300000000 -0.010553973700
1095.025020000  8.300000000 -0.010401153900
1095.050050000  8.300000000 -0.010246125000
1095.075070000  8.300000000 -0.010089047300
1095.099980000  8.300000000 -0.009930090050
1095.125000000  8.300000000 -0.009769429450
1095.150020000  8.300000000 -0.009607254530
1095.175050000  8.300000000 -0.009443767370
1095.200070000  8.300000000 -0.009279185910
1095.224980000  8.300000000 -0.009113738310
1095.250000000  8.300000000 -0.008947669530
1095.275020000  8.300000000 -0.008781229150
1095.300050000  8.300000000 -0.008614673280
1095.325070000  8.300000000 -0.008448258040
1095.349980000  8.300000000 -0.008282238620
1095.375000000  8.300000000 -0.008116872050
1095.400020000  8.300000000 -0.007952395830
1095.425050000  8.300000000 -0.007789055820
1095.450070000  8.300000000 -0.007627073680
1095.474980000  8.300000000 -0.007466669190
1095.500000000  8.300000000 -0.007308039810
1095.525020000  8.300000000 -0.007151374130
1095.550050000  8.300000000 -0.006996838380
1095.575070000  8.300000000 -0.006844586230
1095.599980000  8.300000000 -0.006694755050
1095.625000000  8.300000000 -0.006547464520
1095.650020000  8.300000000 -0.006402822210
1095.675050000  8.300000000 -0.006260917990
1095.700070000  8.300000000 -0.006121837070
1095.724980000  8.300000000 -0.005985642780
1095.750000000  8.300000000 -0.005852399860
1095.775020000  8.300000000 -0.005722161380
1095.800050000  8.300000000 -0.005594977180
1095.825070000  8.300000000 -0.005470896610
1095.849980000  8.300000000 -0.005349967630
1095.875000000  8.300000000 -0.005232248460
1095.900020000  8.300000000 -0.005117796830
1095.925050000  8.300000000 -0.005006683520
1095.950070000  8.300000000 -0.004898986310
1095.974980000  8.300000000 -0.004794796000
1096.000000000  8.300000000 -0.004694214560
1096.025020000  8.300000000 -0.004597357010
1096.050050000  8.300000000 -0.004504350010
1096.075070000  8.300000000 -0.004415332810
1096.099980000  8.300000000 -0.004330455790
1096.125000000  8.300000000 -0.004249873110
1096.150020000  8.300000000 -0.004173744470
1096.175050000  8.300000000 -0.004102231000
1096.200070000  8.300000000 -0.004035488240
1096.224980000  8.300000000 -0.003973662850
1096.250000000  8.300000000 -0.003916886640
1096.275020000  8.300000000 -0.003865274370
1096.300050000  8.300000000 -0.003818921510
1096.325070000  8.300000000 -0.003777897920
1096.349980000  8.300000000 -0.003742252010
1096.375000000  8.300000000 -0.003712004520
1096.400020000  8.300000000 -0.003687145190
1096.425050000  8.300000000 -0.003667636770
1096.450070000  8.300000000 -0.003653407100
1096.474980000  8.300000000 -0.003644352780
1096.500000000  8.300000000 -0.003640339010
1096.525020000  8.300000000 -0.003641190010
1096.550050000  8.300000000 -0.003646698080
1096.575070000  8.300000000 -0.003656613870
1096.599980000  8.300000000 -0.003670651700
1096.625000000  8.300000000 -0.003688486760
1096.650020000  8.300000000 -0.003709754210
1096.675050000  8.300000000 -0.003734052180
1096.700070000  8.300000000 -0.003760935270
1096.724980000  8.300000000 -0.003789918960
1096.750000000  8.300000000 -0.003820478680
1096.775020000  8.300000000 -0.003852044470
1096.800050000  8.300000000 -0.003879440250
1096.825070000  8.300000000 -0.003893361430
