735.929993000  7.900000000 0.000000000000
735.955017000  7.900000000 0.000000000000
735.979980000  7.900000000 0.000000000000
736.005005000  7.900000000 0.000000000000
736.029968000  7.900000000 0.000000000000
736.054993000  7.900000000 0.000000000000
736.080017000  7.900000000 0.000000000000
736.104980000  7.900000000 0.000000000000
736.130005000  7.900000000 0.000000000000
736.154968000  7.900000000 0.000000000000
736.179993000  7.900000000 0.000000000000
736.205017000  7.900000000 0.000000000000
736.229980000  7.900000000 0.000000000000
736.255005000  7.900000000 0.000000000000
736.279968000  7.900000000 0.000000000000
736.304993000  7.900000000 0.000000000000
736.330017000  7.900000000 0.000000000000
736.354980000  7.900000000 0.000000000000
736.380005000  7.900000000 0.000000000000
736.404968000  7.900000000 0.000000000000
736.429993000  7.900000000 0.000000000000
736.455017000  7.900000000 0.000000000000
736.479980000  7.900000000 0.000000000000
736.505005000  7.900000000 0.000000000000
736.529968000  7.900000000 0.000000000000
736.554993000  7.900000000 0.000000000000
736.580017000  7.900000000 0.000000000000
736.604980000  7.900000000 0.000000000000
736.630005000  7.900000000 0.000000000000
736.654968000  7.900000000 0.000000000000
736.679993000  7.900000000 0.000000000000
736.705017000  7.900000000 0.000000000000
736.729980000  7.900000000 0.000000000000
736.755005000  7.900000000 0.000000000000
736.779968000  7.900000000 0.000000000000
736.804993000  7.900000000 0.000000000000
736.830017000  7.900000000 0.000000000000
736.854980000  7.900000000 0.000000000000
736.880005000  7.900000000 0.000000000000
736.904968000  7.900000000 0.000000000000
736.929993000  7.900000000 0.000000000000
736.955017000  7.900000000 0.000000000000
736.979980000  7.900000000 0.000000000000
737.005005000  7.900000000 0.000000000000
737.029968000  7.900000000 0.000000000000
737.054993000  7.900000000 0.000000000000
737.080017000  7.900000000 0.000000000000
737.104980000  7.900000000 0.000000000000
737.130005000  7.900000000 0.000000000000
737.154968000  7.900000000 0.000000000000
737.179993000  7.900000000 0.000000000000
737.205017000  7.900000000 0.000000000000
737.229980000  7.900000000 0.000000000000
737.255005000  7.900000000 0.000000000000
737.279968000  7.900000000 0.000000000000
737.304993000  7.900000000 0.000000000000
737.330017000  7.900000000 0.000000000000
737.354980000  7.900000000 0.000000000000
737.380005000  7.900000000 0.000000000000
737.404968000  7.900000000 0.000000000000
737.429993000  7.900000000 1.964176420000
737.455017000  7.900000000 1.939687010000
737.479980000  7.900000000 1.916691900000
737.505005000  7.900000000 1.813015580000
737.529968000  7.900000000 1.713425160000
737.554993000  7.900000000 1.618403550000
737.580017000  7.900000000 1.528313760000
737.604980000  7.900000000 1.443409800000
737.630005000  7.900000000 1.363844990000
737.654968000  7.900000000 1.289683940000
737.679993000  7.900000000 1.220913290000
737.705017000  7.900000000 1.157452700000
737.729980000  7.900000000 1.099166750000
737.755005000  7.900000000 1.045873640000
737.779968000  7.900000000 0.997355044000
737.804993000  7.900000000 0.953363895000
737.830017000  7.900000000 0.913630307000
737.854980000  7.900000000 0.877868295000
737.880005000  7.900000000 0.845781505000
737.904968000  7.900000000 0.817068160000
737.929993000  7.900000000 0.791426480000
737.955017000  7.900000000 0.768558323000
737.979980000  7.900000000 0.748172402000
738.005005000  7.900000000 0.729989171000
738.029968000  7.900000000 0.713742495000
738.054993000  7.900000000 0.699183941000
738.080017000  7.900000000 0.686083794000
738.104980000  7.900000000 0.674234867000
738.130005000  7.900000000 0.663452506000
738.154968000  7.900000000 0.653577209000
738.179993000  7.900000000 0.644473016000
738.205017000  7.900000000 0.636029959000
738.229980000  7.900000000 0.628161252000
738.255005000  7.900000000 0.620803833000
738.279968000  7.900000000 0.613915920000
738.304993000  7.900000000 0.607475162000
738.330017000  7.900000000 0.601477325000
738.354980000  7.900000000 0.595933795000
738.380005000  7.900000000 0.590869248000
738.404968000  7.900000000 0.586319506000
738.429993000  7.900000000 0.582327843000
738.455017000  7.900000000 0.578942955000
738.479980000  7.900000000 0.576215208000
738.505005000  7.900000000 0.574192703000
738.529968000  7.900000000 0.572919607000
738.554993000  7.900000000 0.572431862000
738.580017000  7.900000000 0.572755218000
738.604980000  7.900000000 0.573903501000
738.630005000  7.900000000 0.575876594000
738.654968000  7.900000000 0.578659952000
738.679993000  7.900000000 0.582225204000
738.705017000  7.900000000 0.586530089000
738.729980000  7.900000000 0.591520607000
738.755005000  7.900000000 0.597131789000
738.779968000  7.900000000 0.603291035000
738.804993000  7.900000000 0.609919608000
738.830017000  7.900000000 0.616934061000
738.854980000  7.900000000 0.624249041000
738.880005000  7.900000000 0.631777704000
738.904968000  7.900000000 0.639434457000
738.929993000  7.900000000 0.647135079000
738.955017000  7.900000000 0.654798925000
738.979980000  7.900000000 0.662349820000
739.005005000  7.900000000 0.669716001000
739.029968000  7.900000000 0.676831007000
739.054993000  7.900000000 0.683633149000
739.080017000  7.900000000 0.690066338000
739.104980000  7.900000000 0.696079969000
739.130005000  7.900000000 0.701628864000
739.154968000  7.900000000 0.706673980000
739.179993000  7.900000000 0.711182058000
739.205017000  7.900000000 0.715126097000
739.229980000  7.900000000 0.718484998000
739.255005000  7.900000000 0.721243083000
739.279968000  7.900000000 0.723391056000
739.304993000  7.900000000 0.724924386000
739.330017000  7.900000000 0.725844085000
739.354980000  7.900000000 0.726156354000
739.380005000  7.900000000 0.725872576000
739.404968000  7.900000000 0.725008726000
739.429993000  7.900000000 0.723586023000
739.455017000  7.900000000 0.721630037000
739.479980000  7.900000000 0.719170868000
739.505005000  7.900000000 0.716242373000
739.529968000  7.900000000 0.712882280000
739.554993000  7.900000000 0.709132135000
739.580017000  7.900000000 0.705036998000
739.604980000  7.900000000 0.700645626000
739.630005000  7.900000000 0.696009696000
739.654968000  7.900000000 0.691184044000
739.679993000  7.900000000 0.686225593000
739.705017000  7.900000000 0.681192935000
739.729980000  7.900000000 0.676145732000
739.755005000  7.900000000 0.671143651000
739.779968000  7.900000000 0.666246474000
739.804993000  7.900000000 0.661512673000
739.830017000  7.900000000 0.656999528000
739.854980000  7.900000000 0.652762294000
739.880005000  7.900000000 0.648853958000
739.904968000  7.900000000 0.645324826000
739.929993000  7.900000000 0.642222404000
739.955017000  7.900000000 0.639590561000
739.979980000  7.900000000 0.637469828000
740.005005000  7.900000000 0.635897160000
740.029968000  7.900000000 0.634905398000
740.054993000  7.900000000 0.634523392000
740.080017000  7.900000000 0.634775996000
740.104980000  7.900000000 0.635683835000
740.130005000  7.900000000 0.637262046000
740.154968000  7.900000000 0.639520884000
740.179993000  7.900000000 0.642465115000
740.205017000  7.900000000 0.646093249000
740.229980000  7.900000000 0.650397956000
740.255005000  7.900000000 0.655365229000
740.279968000  7.900000000 0.660975695000
740.304993000  7.900000000 0.667202890000
740.330017000  7.900000000 0.674015403000
740.354980000  7.900000000 0.681376636000
740.380005000  7.900000000 0.689244807000
740.404968000  7.900000000 0.697574854000
740.429993000  7.900000000 0.706317425000
740.455017000  7.900000000 0.715421021000
740.479980000  7.900000000 0.724831879000
740.505005000  7.900000000 0.734494686000
740.529968000  7.900000000 0.744353056000
740.554993000  7.900000000 0.754350483000
740.580017000  7.900000000 0.764430225000
740.604980000  7.900000000 0.774537265000
740.630005000  7.900000000 0.784617722000
740.654968000  7.900000000 0.794619620000
740.679993000  7.900000000 0.804493845000
740.705017000  7.900000000 0.814194262000
740.729980000  7.900000000 0.823677838000
740.755005000  7.900000000 0.832905293000
740.779968000  7.900000000 0.841840386000
740.804993000  7.900000000 0.850449681000
740.830017000  7.900000000 0.858703077000
740.854980000  7.900000000 0.866573036000
740.880005000  7.900000000 0.874035180000
740.904968000  7.900000000 0.881067872000
740.929993000  7.900000000 0.887652338000
740.955017000  7.900000000 0.893772483000
740.979980000  7.900000000 0.899415135000
741.005005000  7.900000000 0.904568970000
741.029968000  7.900000000 0.909225702000
741.054993000  7.900000000 0.913378537000
741.080017000  7.900000000 0.917022824000
741.104980000  7.900000000 0.920155644000
741.130005000  7.900000000 0.922775388000
741.154968000  7.900000000 0.924881876000
741.179993000  7.900000000 0.926476300000
741.205017000  7.900000000 0.927560866000
741.229980000  7.900000000 0.928138793000
741.255005000  7.900000000 0.928214073000
741.279968000  7.900000000 0.927791536000
741.304993000  7.900000000 0.926876068000
741.330017000  7.900000000 0.925473869000
741.354980000  7.900000000 0.923590839000
741.380005000  7.900000000 0.921233654000
741.404968000  7.900000000 0.918409288000
741.429993000  7.900000000 0.915124416000
741.455017000  7.900000000 0.911386430000
741.479980000  7.900000000 0.907203019000
741.505005000  7.900000000 0.902581275000
741.529968000  7.900000000 0.897530019000
741.554993000  7.900000000 0.892057896000
741.580017000  7.900000000 0.886174977000
741.604980000  7.900000000 0.879892588000
741.630005000  7.900000000 0.873223186000
741.654968000  7.900000000 0.866181433000
741.679993000  7.900000000 0.858783364000
741.705017000  7.900000000 0.851047039000
741.729980000  7.900000000 0.842993498000
741.755005000  7.900000000 0.834644616000
741.779968000  7.900000000 0.826025069000
741.804993000  7.900000000 0.817161202000
741.830017000  7.900000000 0.808080435000
741.854980000  7.900000000 0.798812091000
741.880005000  7.900000000 0.789387286000
741.904968000  7.900000000 0.779838502000
741.929993000  7.900000000 0.770199955000
741.955017000  7.900000000 0.760508001000
741.979980000  7.900000000 0.750800312000
742.005005000  7.900000000 0.741117418000
742.029968000  7.900000000 0.731501698000
742.054993000  7.900000000 0.721998811000
742.080017000  7.900000000 0.712657869000
742.104980000  7.900000000 0.703531504000
742.130005000  7.900000000 0.694676280000
742.154968000  7.900000000 0.686153054000
742.179993000  7.900000000 0.678025723000
742.205017000  7.900000000 0.670361698000
742.229980000  7.900000000 0.663230717000
742.255005000  7.900000000 0.656704247000
742.279968000  7.900000000 0.650853455000
742.304993000  7.900000000 0.645749688000
742.330017000  7.900000000 0.641460478000
742.354980000  7.900000000 0.638049960000
742.380005000  7.900000000 0.635574877000
742.404968000  7.900000000 0.634083748000
742.429993000  7.900000000 0.633612931000
742.455017000  7.900000000 0.634185076000
742.479980000  7.900000000 0.635806262000
742.505005000  7.900000000 0.638464272000
742.529968000  7.900000000 0.642127216000
742.554993000  7.900000000 0.646741688000
742.580017000  7.900000000 0.652233243000
742.604980000  7.900000000 0.658505499000
742.630005000  7.900000000 0.665441096000
742.654968000  7.900000000 0.672903419000
742.679993000  7.900000000 0.680739403000
742.705017000  7.900000000 0.688781559000
742.729980000  7.900000000 0.696852028000
742.755005000  7.900000000 0.704767048000
742.779968000  7.900000000 0.712341130000
742.804993000  7.900000000 0.719391763000
742.830017000  7.900000000 0.725743830000
742.854980000  7.900000000 0.731233954000
742.880005000  7.900000000 0.735714257000
742.904968000  7.900000000 0.739055336000
742.929993000  7.900000000 0.741148651000
742.955017000  7.900000000 0.741909444000
742.979980000  7.900000000 0.741277158000
743.005005000  7.900000000 0.739216566000
743.029968000  7.900000000 0.735718012000
743.054993000  7.900000000 0.730797708000
743.080017000  7.900000000 0.724496365000
743.104980000  7.900000000 0.716879666000
743.130005000  7.900000000 0.708035886000
743.154968000  7.900000000 0.698076189000
743.179993000  7.900000000 0.687132359000
743.205017000  7.900000000 0.675356567000
743.229980000  7.900000000 0.662918985000
743.255005000  7.900000000 0.650007188000
743.279968000  7.900000000 0.636823833000
743.304993000  7.900000000 0.623585463000
743.330017000  7.900000000 0.610519886000
743.354980000  7.900000000 0.597864985000
743.380005000  7.900000000 0.585866153000
743.404968000  7.900000000 0.574773967000
743.429993000  7.900000000 0.564842403000
743.455017000  7.900000000 0.556326032000
743.479980000  7.900000000 0.549477518000
743.505005000  7.900000000 0.544543862000
743.529968000  7.900000000 0.541764438000
743.554993000  7.900000000 0.541368067000
743.580017000  7.900000000 0.543569505000
743.604980000  7.900000000 0.548567235000
743.630005000  7.900000000 0.556541443000
743.654968000  7.900000000 0.567651033000
743.679993000  7.900000000 0.582031190000
743.705017000  7.900000000 0.599791527000
743.729980000  7.900000000 0.621014118000
743.755005000  7.900000000 0.645751297000
743.779968000  7.900000000 0.674025476000
743.804993000  7.900000000 0.705827296000
743.830017000  7.900000000 0.741115987000
743.854980000  7.900000000 0.779819965000
743.880005000  7.900000000 0.821837425000
743.904968000  7.900000000 0.867037535000
743.929993000  7.900000000 0.915262640000
743.955017000  7.900000000 0.966330528000
743.979980000  7.900000000 1.020037530000
744.005005000  7.900000000 1.076162220000
744.029968000  7.900000000 1.134467960000
744.054993000  7.900000000 1.194707870000
744.080017000  7.900000000 1.256626840000
744.104980000  7.900000000 1.319967030000
744.130005000  7.900000000 1.384469750000
744.154968000  7.900000000 1.449878330000
744.179993000  7.900000000 1.515942450000
744.205017000  7.900000000 1.582418440000
744.229980000  7.900000000 1.649072410000
744.255005000  7.900000000 1.715683460000
744.279968000  7.900000000 1.782043340000
744.304993000  7.900000000 1.847960950000
744.330017000  7.900000000 1.913261650000
744.354980000  7.900000000 1.977789520000
744.380005000  7.900000000 2.041406870000
744.404968000  7.900000000 2.103995560000
744.429993000  7.900000000 2.165457490000
744.455017000  7.900000000 2.225713010000
744.479980000  7.900000000 2.284700160000
744.505005000  7.900000000 2.342375520000
744.529968000  7.900000000 2.398712640000
744.554993000  7.900000000 2.453699590000
744.580017000  7.900000000 2.507337810000
744.604980000  7.900000000 2.559642310000
744.630005000  7.900000000 2.610637190000
744.654968000  7.900000000 2.660357710000
744.679993000  7.900000000 2.708843230000
744.705017000  7.900000000 2.756139040000
744.729980000  7.900000000 2.802290920000
744.755005000  7.900000000 2.847341540000
744.779968000  7.900000000 2.891330240000
744.804993000  7.900000000 2.934285880000
744.830017000  7.900000000 2.976227520000
744.854980000  7.900000000 3.017158270000
744.880005000  7.900000000 3.057066920000
744.904968000  7.900000000 3.095921520000
744.929993000  7.900000000 3.133668420000
744.955017000  7.900000000 3.170232530000
744.979980000  7.900000000 3.205516580000
745.005005000  7.900000000 3.239398480000
745.029968000  7.900000000 3.271734950000
745.054993000  7.900000000 3.302362440000
745.080017000  7.900000000 3.331099750000
745.104980000  7.900000000 3.357749700000
745.130005000  7.900000000 3.382106540000
745.154968000  7.900000000 3.403960470000
745.179993000  7.900000000 3.423097610000
745.205017000  7.900000000 3.439315560000
745.229980000  7.900000000 3.452421670000
745.255005000  7.900000000 3.462245700000
745.279968000  7.900000000 3.468643190000
745.304993000  7.900000000 3.471505640000
745.330017000  7.900000000 3.470763210000
745.354980000  7.900000000 3.466389890000
745.380005000  7.900000000 3.458410260000
745.404968000  7.900000000 3.446897980000
745.429993000  7.900000000 3.431979890000
745.455017000  7.900000000 3.413833620000
745.479980000  7.900000000 3.392683740000
745.505005000  7.900000000 3.368800640000
745.529968000  7.900000000 3.342489960000
745.554993000  7.900000000 3.314091680000
745.580017000  7.900000000 3.283970360000
745.604980000  7.900000000 3.252507450000
745.630005000  7.900000000 3.220092770000
745.654968000  7.900000000 3.187121870000
745.679993000  7.900000000 3.153985980000
745.705017000  7.900000000 3.121064900000
745.729980000  7.900000000 3.088726040000
745.755005000  7.900000000 3.057318450000
745.779968000  7.900000000 3.027168750000
745.804993000  7.900000000 2.998582600000
745.830017000  7.900000000 2.971839900000
745.854980000  7.900000000 2.947197910000
745.880005000  7.900000000 2.924890520000
745.904968000  7.900000000 2.905127050000
745.929993000  7.900000000 2.888097050000
745.955017000  7.900000000 2.873969080000
745.979980000  7.900000000 2.862895010000
746.005005000  7.900000000 2.855008130000
746.029968000  7.900000000 2.850429060000
746.054993000  7.900000000 2.849263430000
746.080017000  7.900000000 2.851606850000
746.104980000  7.900000000 2.857542510000
746.130005000  7.900000000 2.867145300000
746.154968000  7.900000000 2.880480050000
746.179993000  7.900000000 2.897603510000
746.205017000  7.900000000 2.918564800000
746.229980000  7.900000000 2.943406110000
746.255005000  7.900000000 2.972163200000
746.279968000  7.900000000 3.004864220000
746.304993000  7.900000000 3.041532040000
746.330017000  7.900000000 3.082180980000
746.354980000  7.900000000 3.126820090000
746.380005000  7.900000000 3.175448420000
746.404968000  7.900000000 3.228058100000
746.429993000  7.900000000 3.284629820000
746.455017000  7.900000000 3.345133300000
746.479980000  7.900000000 3.409526820000
746.505005000  7.900000000 3.477752450000
746.529968000  7.900000000 3.549736500000
746.554993000  7.900000000 3.625388620000
746.580017000  7.900000000 3.704597230000
746.604980000  7.900000000 3.787230250000
746.630005000  7.900000000 3.873132940000
746.654968000  7.900000000 3.962126490000
746.679993000  7.900000000 4.054007050000
746.705017000  7.900000000 4.148543360000
746.729980000  7.900000000 4.245480060000
746.755005000  7.900000000 4.344533920000
746.779968000  7.900000000 4.445396900000
746.804993000  7.900000000 4.547734740000
746.830017000  7.900000000 4.651191710000
746.854980000  7.900000000 4.755385880000
746.880005000  7.900000000 4.859919070000
746.904968000  7.900000000 4.964373110000
746.929993000  7.900000000 5.068318840000
746.955017000  7.900000000 5.171314240000
746.979980000  7.900000000 5.272909640000
747.005005000  7.900000000 5.372659210000
747.029968000  7.900000000 5.470116620000
747.054993000  7.900000000 5.564845090000
747.080017000  7.900000000 5.656420230000
747.104980000  7.900000000 5.744437220000
747.130005000  7.900000000 5.828512670000
747.154968000  7.900000000 5.908288000000
747.179993000  7.900000000 5.983437540000
747.205017000  7.900000000 6.053667550000
747.229980000  7.900000000 6.118720530000
747.255005000  7.900000000 6.178377630000
747.279968000  7.900000000 6.232458590000
747.304993000  7.900000000 6.280825140000
747.330017000  7.900000000 6.323379520000
747.354980000  7.900000000 6.360062120000
747.380005000  7.900000000 6.390855790000
747.404968000  7.900000000 6.415781970000
747.429993000  7.900000000 6.434900280000
747.455017000  7.900000000 6.448304180000
747.479980000  7.900000000 6.456127640000
747.505005000  7.900000000 6.458534720000
747.529968000  7.900000000 6.455725670000
747.554993000  7.900000000 6.447930810000
747.580017000  7.900000000 6.435412880000
747.604980000  7.900000000 6.418464660000
747.630005000  7.900000000 6.397404190000
747.654968000  7.900000000 6.372579100000
747.679993000  7.900000000 6.344354150000
747.705017000  7.900000000 6.313120370000
747.729980000  7.900000000 6.279278760000
747.755005000  7.900000000 6.243242740000
747.779968000  7.900000000 6.205432420000
747.804993000  7.900000000 6.166266440000
747.830017000  7.900000000 6.126159190000
747.854980000  7.900000000 6.085511210000
747.880005000  7.900000000 6.044711110000
747.904968000  7.900000000 6.004124640000
747.929993000  7.900000000 5.964091300000
747.955017000  7.900000000 5.924926280000
747.979980000  7.900000000 5.886913780000
748.005005000  7.900000000 5.850309850000
748.029968000  7.900000000 5.815325740000
748.054993000  7.900000000 5.782151220000
748.080017000  7.900000000 5.750931260000
748.104980000  7.900000000 5.721777920000
748.130005000  7.900000000 5.694767950000
748.154968000  7.900000000 5.669938090000
748.179993000  7.900000000 5.647292140000
748.205017000  7.900000000 5.626797680000
748.229980000  7.900000000 5.608386520000
748.255005000  7.900000000 5.591957090000
748.279968000  7.900000000 5.577375890000
748.304993000  7.900000000 5.564480780000
748.330017000  7.900000000 5.553078170000
748.354980000  7.900000000 5.542951580000
748.380005000  7.900000000 5.533860210000
748.404968000  7.900000000 5.525546550000
748.429993000  7.900000000 5.517742630000
748.455017000  7.900000000 5.510165210000
748.479980000  7.900000000 5.502535340000
748.505005000  7.900000000 5.494575020000
748.529968000  7.900000000 5.486018180000
748.554993000  7.900000000 5.476619240000
748.580017000  7.900000000 5.466155530000
748.604980000  7.900000000 5.454437260000
748.630005000  7.900000000 5.441313740000
748.654968000  7.900000000 5.426677230000
748.679993000  7.900000000 5.410464290000
748.705017000  7.900000000 5.392667770000
748.729980000  7.900000000 5.373322010000
748.755005000  7.900000000 5.352515220000
748.779968000  7.900000000 5.330378060000
748.804993000  7.900000000 5.307079790000
748.830017000  7.900000000 5.282825950000
748.854980000  7.900000000 5.257845400000
748.880005000  7.900000000 5.232384200000
748.904968000  7.900000000 5.206697460000
748.929993000  7.900000000 5.181036000000
748.955017000  7.900000000 5.155645370000
748.979980000  7.900000000 5.130751130000
749.005005000  7.900000000 5.106553550000
749.029968000  7.900000000 5.083222870000
749.054993000  7.900000000 5.060887810000
749.080017000  7.900000000 5.039640430000
749.104980000  7.900000000 5.019522670000
749.130005000  7.900000000 5.000534060000
749.154968000  7.900000000 4.982621670000
749.179993000  7.900000000 4.965688710000
749.205017000  7.900000000 4.949591160000
749.229980000  7.900000000 4.934144970000
749.255005000  7.900000000 4.919132230000
749.279968000  7.900000000 4.904305460000
749.304993000  7.900000000 4.889400960000
749.330017000  7.900000000 4.874145980000
749.354980000  7.900000000 4.858273030000
749.380005000  7.900000000 4.841531750000
749.404968000  7.900000000 4.823699470000
749.429993000  7.900000000 4.804596900000
749.455017000  7.900000000 4.784095760000
749.479980000  7.900000000 4.762131210000
749.505005000  7.900000000 4.738703250000
749.529968000  7.900000000 4.713888170000
749.554993000  7.900000000 4.687832360000
749.580017000  7.900000000 4.660755630000
749.604980000  7.900000000 4.632943630000
749.630005000  7.900000000 4.604743000000
749.654968000  7.900000000 4.576550010000
749.679993000  7.900000000 4.548800470000
749.705017000  7.900000000 4.521960260000
749.729980000  7.900000000 4.496507170000
749.755005000  7.900000000 4.472929000000
749.779968000  7.900000000 4.451703550000
749.804993000  7.900000000 4.433294300000
749.830017000  7.900000000 4.418144230000
749.854980000  7.900000000 4.406661990000
749.880005000  7.900000000 4.399220470000
749.904968000  7.900000000 4.396151070000
749.929993000  7.900000000 4.397740840000
749.955017000  7.900000000 4.404222490000
749.979980000  7.900000000 4.415776250000
750.005005000  7.900000000 4.432527070000
750.029968000  7.900000000 4.454540250000
750.054993000  7.900000000 4.481816770000
750.080017000  7.900000000 4.514301780000
750.104980000  7.900000000 4.551872250000
750.130005000  7.900000000 4.594346520000
750.154968000  7.900000000 4.641481400000
750.179993000  7.900000000 4.692973610000
750.205017000  7.900000000 4.748463630000
750.229980000  7.900000000 4.807543750000
750.255005000  7.900000000 4.869756220000
750.279968000  7.900000000 4.934609890000
750.304993000  7.900000000 5.001584050000
750.330017000  7.900000000 5.070136550000
750.354980000  7.900000000 5.139715190000
750.380005000  7.900000000 5.209773540000
750.404968000  7.900000000 5.279769900000
750.429993000  7.900000000 5.349184990000
750.455017000  7.900000000 5.417528150000
750.479980000  7.900000000 5.484336380000
750.505005000  7.900000000 5.549191950000
750.529968000  7.900000000 5.611712930000
750.554993000  7.900000000 5.671560290000
750.580017000  7.900000000 5.728433130000
750.604980000  7.900000000 5.782063480000
750.630005000  7.900000000 5.832217220000
750.654968000  7.900000000 5.878680710000
750.679993000  7.900000000 5.921263690000
750.705017000  7.900000000 5.959791660000
750.729980000  7.900000000 5.994100570000
750.755005000  7.900000000 6.024035930000
750.779968000  7.900000000 6.049449920000
750.804993000  7.900000000 6.070198060000
750.830017000  7.900000000 6.086143490000
750.854980000  7.900000000 6.097152230000
750.880005000  7.900000000 6.103105070000
750.904968000  7.900000000 6.103899000000
750.929993000  7.900000000 6.099447250000
750.955017000  7.900000000 6.089691160000
750.979980000  7.900000000 6.074603080000
751.005005000  7.900000000 6.054194930000
751.029968000  7.900000000 6.028514860000
751.054993000  7.900000000 5.997657780000
751.080017000  7.900000000 5.961766720000
751.104980000  7.900000000 5.921028610000
751.130005000  7.900000000 5.875682350000
751.154968000  7.900000000 5.826012130000
751.179993000  7.900000000 5.772343640000
751.205017000  7.900000000 5.715047360000
751.229980000  7.900000000 5.654526230000
751.255005000  7.900000000 5.591212750000
751.279968000  7.900000000 5.525561330000
751.304993000  7.900000000 5.458043580000
751.330017000  7.900000000 5.389137270000
751.354980000  7.900000000 5.319318770000
751.380005000  7.900000000 5.249059200000
751.404968000  7.900000000 5.178812980000
751.429993000  7.900000000 5.109015940000
751.455017000  7.900000000 5.040075780000
751.479980000  7.900000000 4.972367760000
751.505005000  7.900000000 4.906229970000
751.529968000  7.900000000 4.841961860000
751.554993000  7.900000000 4.779821870000
751.580017000  7.900000000 4.720026020000
751.604980000  7.900000000 4.662744520000
751.630005000  7.900000000 4.608105180000
751.654968000  7.900000000 4.556196690000
751.679993000  7.900000000 4.507063870000
751.705017000  7.900000000 4.460716250000
751.729980000  7.900000000 4.417122360000
751.755005000  7.900000000 4.376219750000
751.779968000  7.900000000 4.337911130000
751.804993000  7.900000000 4.302073000000
751.830017000  7.900000000 4.268550870000
751.854980000  7.900000000 4.237167840000
751.880005000  7.900000000 4.207723620000
751.904968000  7.900000000 4.179998870000
751.929993000  7.900000000 4.153760430000
751.955017000  7.900000000 4.128758430000
751.979980000  7.900000000 4.104740140000
752.005005000  7.900000000 4.081442360000
752.029968000  7.900000000 4.058605190000
752.054993000  7.900000000 4.035974980000
752.080017000  7.900000000 4.013306620000
752.104980000  7.900000000 3.990368600000
752.130005000  7.900000000 3.966958050000
752.154968000  7.900000000 3.942892790000
752.179993000  7.900000000 3.918022870000
752.205017000  7.900000000 3.892234560000
752.229980000  7.900000000 3.865449430000
752.255005000  7.900000000 3.837625980000
752.279968000  7.900000000 3.808758500000
752.304993000  7.900000000 3.778876540000
752.330017000  7.900000000 3.748037100000
752.354980000  7.900000000 3.716321950000
752.380005000  7.900000000 3.683831210000
752.404968000  7.900000000 3.650674100000
752.429993000  7.900000000 3.616963620000
752.455017000  7.900000000 3.582809690000
752.479980000  7.900000000 3.548309800000
752.505005000  7.900000000 3.513547900000
752.529968000  7.900000000 3.478582860000
752.554993000  7.900000000 3.443451400000
752.580017000  7.900000000 3.408159260000
752.604980000  7.900000000 3.372684240000
752.630005000  7.900000000 3.336970810000
752.654968000  7.900000000 3.300934790000
752.679993000  7.900000000 3.264461040000
752.705017000  7.900000000 3.227408410000
752.729980000  7.900000000 3.189613340000
752.755005000  7.900000000 3.150890590000
752.779968000  7.900000000 3.111037020000
752.804993000  7.900000000 3.069843530000
752.830017000  7.900000000 3.027094130000
752.854980000  7.900000000 2.982570170000
752.880005000  7.900000000 2.936063290000
752.904968000  7.900000000 2.887373210000
752.929993000  7.900000000 2.836318970000
752.955017000  7.900000000 2.782740590000
752.979980000  7.900000000 2.726509090000
753.005005000  7.900000000 2.667526960000
753.029968000  7.900000000 2.605735780000
753.054993000  7.900000000 2.541118380000
753.080017000  7.900000000 2.473701240000
753.104980000  7.900000000 2.403558970000
753.130005000  7.900000000 2.330814120000
753.154968000  7.900000000 2.255638120000
753.179993000  7.900000000 2.178249360000
753.205017000  7.900000000 2.098913670000
753.229980000  7.900000000 2.017938610000
753.255005000  7.900000000 1.935671210000
753.279968000  7.900000000 1.852493760000
753.304993000  7.900000000 1.768814680000
753.330017000  7.900000000 1.685063000000
753.354980000  7.900000000 1.601679440000
753.380005000  7.900000000 1.519108300000
753.404968000  7.900000000 1.437788250000
753.429993000  7.900000000 1.358145000000
753.455017000  7.900000000 1.280581830000
753.479980000  7.900000000 1.205474260000
753.505005000  7.900000000 1.133161190000
753.529968000  7.900000000 1.063940050000
753.554993000  7.900000000 0.998064280000
753.580017000  7.900000000 0.935739219000
753.604980000  7.900000000 0.877121806000
753.630005000  7.900000000 0.822322190000
753.654968000  7.900000000 0.771404207000
753.679993000  7.900000000 0.724388599000
753.705017000  7.900000000 0.681256592000
753.729980000  7.900000000 0.641953349000
753.755005000  7.900000000 0.606392562000
753.779968000  7.900000000 0.574461341000
753.804993000  7.900000000 0.546023965000
753.830017000  7.900000000 0.520927548000
753.854980000  7.900000000 0.499004871000
753.880005000  7.900000000 0.480078816000
753.904968000  7.900000000 0.463965148000
753.929993000  7.900000000 0.450474799000
753.955017000  7.900000000 0.439416647000
753.979980000  7.900000000 0.430599034000
754.005005000  7.900000000 0.423831135000
754.029968000  7.900000000 0.418924928000
754.054993000  7.900000000 0.415695816000
754.080017000  7.900000000 0.413964152000
754.104980000  7.900000000 0.413556635000
754.130005000  7.900000000 0.414306730000
754.154968000  7.900000000 0.416056186000
754.179993000  7.900000000 0.418656230000
754.205017000  7.900000000 0.421968371000
754.229980000  7.900000000 0.425866157000
754.255005000  7.900000000 0.430236429000
754.279968000  7.900000000 0.434980989000
754.304993000  7.900000000 0.440018266000
754.330017000  7.900000000 0.445284516000
754.354980000  7.900000000 0.450735599000
754.380005000  7.900000000 0.456347615000
754.404968000  7.900000000 0.462118179000
754.429993000  7.900000000 0.468066543000
754.455017000  7.900000000 0.474233896000
754.479980000  7.900000000 0.480682313000
754.505005000  7.900000000 0.487494379000
754.529968000  7.900000000 0.494770676000
754.554993000  7.900000000 0.502628088000
754.580017000  7.900000000 0.511196494000
754.604980000  7.900000000 0.520615757000
754.630005000  7.900000000 0.531032503000
754.654968000  7.900000000 0.542595804000
754.679993000  7.900000000 0.555453241000
754.705017000  7.900000000 0.569746912000
754.729980000  7.900000000 0.585610032000
754.755005000  7.900000000 0.603162110000
754.779968000  7.900000000 0.622506440000
754.804993000  7.900000000 0.643727064000
754.830017000  7.900000000 0.666886747000
754.854980000  7.900000000 0.692025185000
754.880005000  7.900000000 0.719157398000
754.904968000  7.900000000 0.748274326000
754.929993000  7.900000000 0.779341996000
754.955017000  7.900000000 0.812303543000
754.979980000  7.900000000 0.847080350000
755.005005000  7.900000000 0.883575201000
755.029968000  7.900000000 0.921674192000
755.054993000  7.900000000 0.961251080000
755.080017000  7.900000000 1.002170320000
755.104980000  7.900000000 1.044290180000
755.130005000  7.900000000 1.087466360000
755.154968000  7.900000000 1.131555200000
755.179993000  7.900000000 1.176415920000
755.205017000  7.900000000 1.221913580000
755.229980000  7.900000000 1.267921210000
755.255005000  7.900000000 1.314321640000
755.279968000  7.900000000 1.361009000000
755.304993000  7.900000000 1.407890080000
755.330017000  7.900000000 1.454885840000
755.354980000  7.900000000 1.501930590000
755.380005000  7.900000000 1.548974040000
755.404968000  7.900000000 1.595979090000
755.429993000  7.900000000 1.642921920000
755.455017000  7.900000000 1.689792160000
755.479980000  7.900000000 1.736590740000
755.505005000  7.900000000 1.783328770000
755.529968000  7.900000000 1.830027220000
755.554993000  7.900000000 1.876714830000
755.580017000  7.900000000 1.923426150000
755.604980000  7.900000000 1.970200060000
755.630005000  7.900000000 2.017078400000
755.654968000  7.900000000 2.064102890000
755.679993000  7.900000000 2.111315490000
755.705017000  7.900000000 2.158754590000
755.729980000  7.900000000 2.206455230000
755.755005000  7.900000000 2.254448650000
755.779968000  7.900000000 2.302757740000
755.804993000  7.900000000 2.351400380000
755.830017000  7.900000000 2.400388240000
755.854980000  7.900000000 2.449727540000
755.880005000  7.900000000 2.499416590000
755.904968000  7.900000000 2.549450160000
755.929993000  7.900000000 2.599817040000
755.955017000  7.900000000 2.650503640000
755.979980000  7.900000000 2.701493500000
756.005005000  7.900000000 2.752770420000
756.029968000  7.900000000 2.804318190000
756.054993000  7.900000000 2.856123920000
756.080017000  7.900000000 2.908180950000
756.104980000  7.900000000 2.960486890000
756.130005000  7.900000000 3.013048890000
756.154968000  7.900000000 3.065881250000
756.179993000  7.900000000 3.119011160000
756.205017000  7.900000000 3.172474150000
756.229980000  7.900000000 3.226317880000
756.255005000  7.900000000 3.280601980000
756.279968000  7.900000000 3.335396530000
756.304993000  7.900000000 3.390781160000
756.330017000  7.900000000 3.446845050000
756.354980000  7.900000000 3.503686190000
756.380005000  7.900000000 3.561408520000
756.404968000  7.900000000 3.620121960000
756.429993000  7.900000000 3.679941890000
756.455017000  7.900000000 3.740983490000
756.479980000  7.900000000 3.803364520000
756.505005000  7.900000000 3.867204670000
756.529968000  7.900000000 3.932620050000
756.554993000  7.900000000 3.999727010000
756.580017000  7.900000000 4.068638320000
756.604980000  7.900000000 4.139468190000
756.630005000  7.900000000 4.212326530000
756.654968000  7.900000000 4.287322040000
756.679993000  7.900000000 4.364567280000
756.705017000  7.900000000 4.444171430000
756.729980000  7.900000000 4.526247980000
756.755005000  7.900000000 4.610912320000
756.779968000  7.900000000 4.698284150000
756.804993000  7.900000000 4.788492680000
756.830017000  7.900000000 4.881668570000
756.854980000  7.900000000 4.977950570000
756.880005000  7.900000000 5.077487950000
756.904968000  7.900000000 5.180435180000
756.929993000  7.900000000 5.286956790000
756.955017000  7.900000000 5.397224430000
756.979980000  7.900000000 5.511414050000
757.005005000  7.900000000 5.629712100000
757.029968000  7.900000000 5.752304550000
757.054993000  7.900000000 5.879382610000
757.080017000  7.900000000 6.011135100000
757.104980000  7.900000000 6.147747520000
757.130005000  7.900000000 6.289403440000
757.154968000  7.900000000 6.436274050000
757.179993000  7.900000000 6.588521000000
757.205017000  7.900000000 6.746286870000
757.229980000  7.900000000 6.909698960000
757.255005000  7.900000000 7.078858850000
757.279968000  7.900000000 7.253843780000
757.304993000  7.900000000 7.434696200000
757.330017000  7.900000000 7.621428010000
757.354980000  7.900000000 7.814010620000
757.380005000  7.900000000 8.012375830000
757.404968000  7.900000000 8.216412540000
757.429993000  7.900000000 8.425963400000
757.455017000  7.900000000 8.640826230000
757.479980000  7.900000000 8.860754970000
757.505005000  7.900000000 9.085455890000
757.529968000  7.900000000 9.314598080000
757.554993000  7.900000000 9.547811510000
757.580017000  7.900000000 9.784703250000
757.604980000  7.900000000 10.024846100000
757.630005000  7.900000000 10.267799400000
757.654968000  7.900000000 10.513114000000
757.679993000  7.900000000 10.760338800000
757.705017000  7.900000000 11.009033200000
757.729980000  7.900000000 11.258769000000
757.755005000  7.900000000 11.509139100000
757.779968000  7.900000000 11.759766600000
757.804993000  7.900000000 12.010308300000
757.830017000  7.900000000 12.260454200000
757.854980000  7.900000000 12.509941100000
757.880005000  7.900000000 12.758533500000
757.904968000  7.900000000 13.006048200000
757.929993000  7.900000000 13.252322200000
757.955017000  7.900000000 13.497241000000
757.979980000  7.900000000 13.740708400000
758.005005000  7.900000000 13.982658400000
758.029968000  7.900000000 14.223046300000
758.054993000  7.900000000 14.461837800000
758.080017000  7.900000000 14.699016600000
758.104980000  7.900000000 14.934571300000
758.130005000  7.900000000 15.168496100000
758.154968000  7.900000000 15.400786400000
758.179993000  7.900000000 15.631435400000
758.205017000  7.900000000 15.860447900000
758.229980000  7.900000000 16.087801000000
758.255005000  7.900000000 16.313495600000
758.279968000  7.900000000 16.537509900000
758.304993000  7.900000000 16.759830500000
758.330017000  7.900000000 16.980424900000
758.354980000  7.900000000 17.199276000000
758.380005000  7.900000000 17.416341800000
758.404968000  7.900000000 17.631599400000
758.429993000  7.900000000 17.845003100000
758.455017000  7.900000000 18.056510900000
758.479980000  7.900000000 18.266082800000
758.505005000  7.900000000 18.473684300000
758.529968000  7.900000000 18.679269800000
758.554993000  7.900000000 18.882818200000
758.580017000  7.900000000 19.084295300000
758.604980000  7.900000000 19.283693300000
758.630005000  7.900000000 19.481020000000
758.654968000  7.900000000 19.676286700000
758.679993000  7.900000000 19.869548800000
758.705017000  7.900000000 20.060871100000
758.729980000  7.900000000 20.250343300000
758.755005000  7.900000000 20.438087500000
758.779968000  7.900000000 20.624258000000
758.804993000  7.900000000 20.809051500000
758.830017000  7.900000000 20.992660500000
758.854980000  7.900000000 21.175321600000
758.880005000  7.900000000 21.357297900000
758.904968000  7.900000000 21.538873700000
758.929993000  7.900000000 21.720331200000
758.955017000  7.900000000 21.901968000000
758.979980000  7.900000000 22.084085500000
759.005005000  7.900000000 22.266960100000
759.029968000  7.900000000 22.450880100000
759.054993000  7.900000000 22.636093100000
759.080017000  7.900000000 22.822822600000
759.104980000  7.900000000 23.011266700000
759.130005000  7.900000000 23.201557200000
759.154968000  7.900000000 23.393829300000
759.179993000  7.900000000 23.588136700000
759.205017000  7.900000000 23.784494400000
759.229980000  7.900000000 23.982893000000
759.255005000  7.900000000 24.183242800000
759.279968000  7.900000000 24.385458000000
759.304993000  7.900000000 24.589378400000
759.330017000  7.900000000 24.794818900000
759.354980000  7.900000000 25.001588800000
759.380005000  7.900000000 25.209459300000
759.404968000  7.900000000 25.418180500000
759.429993000  7.900000000 25.627504300000
759.455017000  7.900000000 25.837165800000
759.479980000  7.900000000 26.046913100000
759.505005000  7.900000000 26.256502200000
759.529968000  7.900000000 26.465686800000
759.554993000  7.900000000 26.674247700000
759.580017000  7.900000000 26.881977100000
759.604980000  7.900000000 27.088665000000
759.630005000  7.900000000 27.294172300000
759.654968000  7.900000000 27.498317700000
759.679993000  7.900000000 27.700975400000
759.705017000  7.900000000 27.902027100000
759.729980000  7.900000000 28.101381300000
759.755005000  7.900000000 28.298946400000
759.779968000  7.900000000 28.494674700000
759.804993000  7.900000000 28.688495600000
759.830017000  7.900000000 28.880395900000
759.854980000  7.900000000 29.070344900000
759.880005000  7.900000000 29.258316000000
759.904968000  7.900000000 29.444326400000
759.929993000  7.900000000 29.628391300000
759.955017000  7.900000000 29.810491600000
759.979980000  7.900000000 29.990657800000
760.005005000  7.900000000 30.168907200000
760.029968000  7.900000000 30.345253000000
760.054993000  7.900000000 30.519693400000
760.080017000  7.900000000 30.692222600000
760.104980000  7.900000000 30.862831100000
760.130005000  7.900000000 31.031467400000
760.154968000  7.900000000 31.198045700000
760.179993000  7.900000000 31.362466800000
760.205017000  7.900000000 31.524547600000
760.229980000  7.900000000 31.684093500000
760.255005000  7.900000000 31.840816500000
760.279968000  7.900000000 31.994407700000
760.304993000  7.900000000 32.144428300000
760.330017000  7.900000000 32.290397600000
760.354980000  7.900000000 32.431716900000
760.380005000  7.900000000 32.567737600000
760.404968000  7.900000000 32.697704300000
760.429993000  7.900000000 32.820762600000
760.455017000  7.900000000 32.935951200000
760.479980000  7.900000000 33.042240100000
760.505005000  7.900000000 33.138431500000
760.529968000  7.900000000 33.223285700000
760.554993000  7.900000000 33.295417800000
760.580017000  7.900000000 33.353351600000
760.604980000  7.900000000 33.395507800000
760.630005000  7.900000000 33.420208000000
760.654968000  7.900000000 33.425659200000
760.679993000  7.900000000 33.410026600000
760.705017000  7.900000000 33.371383700000
760.729980000  7.900000000 33.307762100000
760.755005000  7.900000000 33.217205000000
760.779968000  7.900000000 33.097709700000
760.804993000  7.900000000 32.947353400000
760.830017000  7.900000000 32.764293700000
760.854980000  7.900000000 32.546791100000
760.880005000  7.900000000 32.293319700000
760.904968000  7.900000000 32.002544400000
760.929993000  7.900000000 31.673402800000
760.955017000  7.900000000 31.305133800000
760.979980000  7.900000000 30.897350300000
761.005005000  7.900000000 30.450014100000
761.029968000  7.900000000 29.963518100000
761.054993000  7.900000000 29.438671100000
761.080017000  7.900000000 28.876745200000
761.104980000  7.900000000 28.279380800000
761.130005000  7.900000000 27.648693100000
761.154968000  7.900000000 26.987119700000
761.179993000  7.900000000 26.297479600000
761.205017000  7.900000000 25.582855200000
761.229980000  7.900000000 24.846574800000
761.255005000  7.900000000 24.092132600000
761.279968000  7.900000000 23.323133500000
761.304993000  7.900000000 22.543245300000
761.330017000  7.900000000 21.756099700000
761.354980000  7.900000000 20.965284300000
761.380005000  7.900000000 20.174245800000
761.404968000  7.900000000 19.386287700000
761.429993000  7.900000000 18.604501700000
761.455017000  7.900000000 17.831749000000
761.479980000  7.900000000 17.070657700000
761.505005000  7.900000000 16.323597000000
761.529968000  7.900000000 15.592652300000
761.554993000  7.900000000 14.879665400000
761.580017000  7.900000000 14.186227800000
761.604980000  7.900000000 13.513683300000
761.630005000  7.900000000 12.863136300000
761.654968000  7.900000000 12.235487000000
761.679993000  7.900000000 11.631435400000
761.705017000  7.900000000 11.051494600000
761.729980000  7.900000000 10.496007900000
761.755005000  7.900000000 9.965168950000
761.779968000  7.900000000 9.459012990000
761.804993000  7.900000000 8.977462770000
761.830017000  7.900000000 8.520304680000
761.854980000  7.900000000 8.087225910000
761.880005000  7.900000000 7.677808280000
761.904968000  7.900000000 7.291552070000
761.929993000  7.900000000 6.927870270000
761.955017000  7.900000000 6.586115840000
761.979980000  7.900000000 6.265577320000
762.005005000  7.900000000 5.965497970000
762.029968000  7.900000000 5.685076710000
762.054993000  7.900000000 5.423489090000
762.080017000  7.900000000 5.179881570000
762.104980000  7.900000000 4.953392510000
762.130005000  7.900000000 4.743150710000
762.154968000  7.900000000 4.548287870000
762.179993000  7.900000000 4.367942810000
762.205017000  7.900000000 4.201262000000
762.229980000  7.900000000 4.047414780000
762.255005000  7.900000000 3.905589580000
762.279968000  7.900000000 3.774998190000
762.304993000  7.900000000 3.654884340000
762.330017000  7.900000000 3.544517520000
762.354980000  7.900000000 3.443198200000
762.380005000  7.900000000 3.350262880000
762.404968000  7.900000000 3.265078310000
762.429993000  7.900000000 3.187043910000
762.455017000  7.900000000 3.115592240000
762.479980000  7.900000000 3.050186160000
762.505005000  7.900000000 2.990320680000
762.529968000  7.900000000 2.935519220000
762.554993000  7.900000000 2.885334970000
762.580017000  7.900000000 2.839347120000
762.604980000  7.900000000 2.797160390000
762.630005000  7.900000000 2.758404250000
762.654968000  7.900000000 2.722728250000
762.679993000  7.900000000 2.689806460000
762.705017000  7.900000000 2.659331080000
762.729980000  7.900000000 2.631012680000
762.755005000  7.900000000 2.604579930000
762.779968000  7.900000000 2.579776290000
762.804993000  7.900000000 2.556362630000
762.830017000  7.900000000 2.534113650000
762.854980000  7.900000000 2.512817620000
762.880005000  7.900000000 2.492276190000
762.904968000  7.900000000 2.472305540000
762.929993000  7.900000000 2.452733520000
762.955017000  7.900000000 2.433401350000
762.979980000  7.900000000 2.414160730000
763.005005000  7.900000000 2.394879100000
763.029968000  7.900000000 2.375433920000
763.054993000  7.900000000 2.355715510000
763.080017000  7.900000000 2.335627790000
763.104980000  7.900000000 2.315085410000
763.130005000  7.900000000 2.294016120000
763.154968000  7.900000000 2.272361040000
763.179993000  7.900000000 2.250071760000
763.205017000  7.900000000 2.227112530000
763.229980000  7.900000000 2.203459500000
763.255005000  7.900000000 2.179099560000
763.279968000  7.900000000 2.154032230000
763.304993000  7.900000000 2.128267050000
763.330017000  7.900000000 2.101823570000
763.354980000  7.900000000 2.074730400000
763.380005000  7.900000000 2.047026400000
763.404968000  7.900000000 2.018759010000
763.429993000  7.900000000 1.989983440000
763.455017000  7.900000000 1.960761430000
763.479980000  7.900000000 1.931163190000
763.505005000  7.900000000 1.901263360000
763.529968000  7.900000000 1.871142270000
763.554993000  7.900000000 1.840885160000
763.580017000  7.900000000 1.810579780000
763.604980000  7.900000000 1.780318020000
763.630005000  7.900000000 1.750192170000
763.654968000  7.900000000 1.720296740000
763.679993000  7.900000000 1.690725450000
763.705017000  7.900000000 1.661571150000
763.729980000  7.900000000 1.632924560000
763.755005000  7.900000000 1.604873660000
763.779968000  7.900000000 1.577501890000
763.804993000  7.900000000 1.550888180000
763.830017000  7.900000000 1.525105000000
763.854980000  7.900000000 1.500218390000
763.880005000  7.900000000 1.476287250000
763.904968000  7.900000000 1.453361750000
763.929993000  7.900000000 1.431484460000
763.955017000  7.900000000 1.410688520000
763.979980000  7.900000000 1.390999790000
764.005005000  7.900000000 1.372433300000
764.029968000  7.900000000 1.354996320000
764.054993000  7.900000000 1.338688370000
764.080017000  7.900000000 1.323499680000
764.104980000  7.900000000 1.309414150000
764.130005000  7.900000000 1.296407100000
764.154968000  7.900000000 1.284448620000
764.179993000  7.900000000 1.273503300000
764.205017000  7.900000000 1.263529780000
764.229980000  7.900000000 1.254483340000
764.255005000  7.900000000 1.246315480000
764.279968000  7.900000000 1.238975170000
764.304993000  7.900000000 1.232409720000
764.330017000  7.900000000 1.226565120000
764.354980000  7.900000000 1.221386910000
764.380005000  7.900000000 1.216820720000
764.404968000  7.900000000 1.212813140000
764.429993000  7.900000000 1.209311840000
764.455017000  7.900000000 1.206266280000
764.479980000  7.900000000 1.203627350000
764.505005000  7.900000000 1.201349260000
764.529968000  7.900000000 1.199387790000
764.554993000  7.900000000 1.197701220000
764.580017000  7.900000000 1.196251030000
764.604980000  7.900000000 1.195001130000
764.630005000  7.900000000 1.193917390000
764.654968000  7.900000000 1.192969200000
764.679993000  7.900000000 1.192128180000
764.705017000  7.900000000 1.191367390000
764.729980000  7.900000000 1.190663340000
764.755005000  7.900000000 1.189993260000
764.779968000  7.900000000 1.189336660000
764.804993000  7.900000000 1.188674570000
764.830017000  7.900000000 1.187989350000
764.854980000  7.900000000 1.187263610000
764.880005000  7.900000000 1.186481240000
764.904968000  7.900000000 1.185625430000
764.929993000  7.900000000 1.184679630000
764.955017000  7.900000000 1.183626290000
764.979980000  7.900000000 1.182446960000
765.005005000  7.900000000 1.181121110000
765.029968000  7.900000000 1.179627060000
765.054993000  7.900000000 1.177940370000
765.080017000  7.900000000 1.176034450000
765.104980000  7.900000000 1.173879150000
765.130005000  7.900000000 1.171441670000
765.154968000  7.900000000 1.168686750000
765.179993000  7.900000000 1.165574910000
765.205017000  7.900000000 1.162064790000
765.229980000  7.900000000 1.158111690000
765.255005000  7.900000000 1.153668520000
765.279968000  7.900000000 1.148686410000
765.304993000  7.900000000 1.143115760000
765.330017000  7.900000000 1.136906030000
765.354980000  7.900000000 1.130007030000
765.380005000  7.900000000 1.122371200000
765.404968000  7.900000000 1.113953710000
765.429993000  7.900000000 1.104713320000
765.455017000  7.900000000 1.094615580000
765.479980000  7.900000000 1.083633070000
765.505005000  7.900000000 1.071748020000
765.529968000  7.900000000 1.058951620000
765.554993000  7.900000000 1.045248510000
765.580017000  7.900000000 1.030655620000
765.604980000  7.900000000 1.015204310000
765.630005000  7.900000000 0.998940766000
765.654968000  7.900000000 0.981926262000
765.679993000  7.900000000 0.964238167000
765.705017000  7.900000000 0.945968211000
765.729980000  7.900000000 0.927223742000
765.755005000  7.900000000 0.908125401000
765.779968000  7.900000000 0.888805866000
765.804993000  7.900000000 0.869409621000
765.830017000  7.900000000 0.850089610000
765.854980000  7.900000000 0.831005812000
765.880005000  7.900000000 0.812322974000
765.904968000  7.900000000 0.794208109000
765.929993000  7.900000000 0.776828527000
765.955017000  7.900000000 0.760349035000
765.979980000  7.900000000 0.744930983000
766.005005000  7.900000000 0.730729043000
766.029968000  7.900000000 0.717889369000
766.054993000  7.900000000 0.706548572000
766.080017000  7.900000000 0.696832657000
766.104980000  7.900000000 0.688854754000
766.130005000  7.900000000 0.682715118000
766.154968000  7.900000000 0.678499639000
766.179993000  7.900000000 0.676280200000
766.205017000  7.900000000 0.676113427000
766.229980000  7.900000000 0.678040981000
766.255005000  7.900000000 0.682089269000
766.279968000  7.900000000 0.688269556000
766.304993000  7.900000000 0.696579158000
766.330017000  7.900000000 0.706999838000
766.354980000  7.900000000 0.719500303000
766.380005000  7.900000000 0.734035850000
766.404968000  7.900000000 0.750549555000
766.429993000  7.900000000 0.768972814000
766.455017000  7.900000000 0.789226472000
766.479980000  7.900000000 0.811222136000
766.505005000  7.900000000 0.834862411000
766.529968000  7.900000000 0.860043287000
766.554993000  7.900000000 0.886653900000
766.580017000  7.900000000 0.914578736000
766.604980000  7.900000000 0.943698645000
766.630005000  7.900000000 0.973891079000
766.654968000  7.900000000 1.005032420000
766.679993000  7.900000000 1.036997800000
766.705017000  7.900000000 1.069663050000
766.729980000  7.900000000 1.102904320000
766.755005000  7.900000000 1.136599780000
766.779968000  7.900000000 1.170630340000
766.804993000  7.900000000 1.204880480000
766.830017000  7.900000000 1.239239100000
766.854980000  7.900000000 1.273599510000
766.880005000  7.900000000 1.307862640000
766.904968000  7.900000000 1.341936470000
766.929993000  7.900000000 1.375736950000
766.955017000  7.900000000 1.409191130000
766.979980000  7.900000000 1.442235470000
767.005005000  7.900000000 1.474820020000
767.029968000  7.900000000 1.506906750000
767.054993000  7.900000000 1.538471940000
767.080017000  7.900000000 1.569506650000
767.104980000  7.900000000 1.600016000000
767.130005000  7.900000000 1.630022050000
767.154968000  7.900000000 1.659560560000
767.179993000  7.900000000 1.688684110000
767.205017000  7.900000000 1.717458490000
767.229980000  7.900000000 1.745964530000
767.255005000  7.900000000 1.774295810000
767.279968000  7.900000000 1.802557830000
767.304993000  7.900000000 1.830867170000
767.330017000  7.900000000 1.859349850000
767.354980000  7.900000000 1.888141040000
767.380005000  7.900000000 1.917380210000
767.404968000  7.900000000 1.947214130000
767.429993000  7.900000000 1.977792500000
767.455017000  7.900000000 2.009266850000
767.479980000  7.900000000 2.041789290000
767.505005000  7.900000000 2.075510500000
767.529968000  7.900000000 2.110578540000
767.554993000  7.900000000 2.147137170000
767.580017000  7.900000000 2.185323480000
767.604980000  7.900000000 2.225268600000
767.630005000  7.900000000 2.267092470000
767.654968000  7.900000000 2.310906650000
767.679993000  7.900000000 2.356808660000
767.705017000  7.900000000 2.404883150000
767.729980000  7.900000000 2.455199720000
767.755005000  7.900000000 2.507812500000
767.779968000  7.900000000 2.562757020000
767.804993000  7.900000000 2.620050430000
767.830017000  7.900000000 2.679690600000
767.854980000  7.900000000 2.741654400000
767.880005000  7.900000000 2.805899860000
767.904968000  7.900000000 2.872359750000
767.929993000  7.900000000 2.940948490000
767.955017000  7.900000000 3.011557820000
767.979980000  7.900000000 3.084055660000
768.005005000  7.900000000 3.158293250000
768.029968000  7.900000000 3.234098200000
768.054993000  7.900000000 3.311280730000
768.080017000  7.900000000 3.389632460000
768.104980000  7.900000000 3.468931200000
768.130005000  7.900000000 3.548939700000
768.154968000  7.900000000 3.629410030000
768.179993000  7.900000000 3.710086350000
768.205017000  7.900000000 3.790706870000
768.229980000  7.900000000 3.871008160000
768.255005000  7.900000000 3.950729370000
768.279968000  7.900000000 4.029612060000
768.304993000  7.900000000 4.107404230000
768.330017000  7.900000000 4.183868890000
768.354980000  7.900000000 4.258775230000
768.380005000  7.900000000 4.331915380000
768.404968000  7.900000000 4.403093810000
768.429993000  7.900000000 4.472137450000
768.455017000  7.900000000 4.538890840000
768.479980000  7.900000000 4.603224750000
768.505005000  7.900000000 4.665029050000
768.529968000  7.900000000 4.724215030000
768.554993000  7.900000000 4.780715940000
768.580017000  7.900000000 4.834487440000
768.604980000  7.900000000 4.885499000000
768.630005000  7.900000000 4.933743480000
768.654968000  7.900000000 4.979225160000
768.679993000  7.900000000 5.021961210000
768.705017000  7.900000000 5.061981200000
768.729980000  7.900000000 5.099321370000
768.755005000  7.900000000 5.134025570000
768.779968000  7.900000000 5.166138650000
768.804993000  7.900000000 5.195706370000
768.830017000  7.900000000 5.222779750000
768.854980000  7.900000000 5.247401240000
768.880005000  7.900000000 5.269613270000
768.904968000  7.900000000 5.289455410000
768.929993000  7.900000000 5.306960580000
768.955017000  7.900000000 5.322157860000
768.979980000  7.900000000 5.335073950000
769.005005000  7.900000000 5.345731260000
769.029968000  7.900000000 5.354151250000
769.054993000  7.900000000 5.360350130000
769.080017000  7.900000000 5.364349840000
769.104980000  7.900000000 5.366172790000
769.130005000  7.900000000 5.365843300000
769.154968000  7.900000000 5.363391880000
769.179993000  7.900000000 5.358854770000
769.205017000  7.900000000 5.352279190000
769.229980000  7.900000000 5.343721390000
769.255005000  7.900000000 5.333245750000
769.279968000  7.900000000 5.320930960000
769.304993000  7.900000000 5.306866170000
769.330017000  7.900000000 5.291151050000
769.354980000  7.900000000 5.273893360000
769.380005000  7.900000000 5.255217550000
769.404968000  7.900000000 5.235252380000
769.429993000  7.900000000 5.214134690000
769.455017000  7.900000000 5.192007060000
769.479980000  7.900000000 5.169015410000
769.505005000  7.900000000 5.145308490000
769.529968000  7.900000000 5.121034620000
769.554993000  7.900000000 5.096340660000
769.580017000  7.900000000 5.071368690000
769.604980000  7.900000000 5.046255590000
769.630005000  7.900000000 5.021132470000
769.654968000  7.900000000 4.996121410000
769.679993000  7.900000000 4.971330640000
769.705017000  7.900000000 4.946866990000
769.729980000  7.900000000 4.922813890000
769.755005000  7.900000000 4.899252890000
769.779968000  7.900000000 4.876243110000
769.804993000  7.900000000 4.853839400000
769.830017000  7.900000000 4.832081790000
769.854980000  7.900000000 4.810990330000
769.880005000  7.900000000 4.790580750000
769.904968000  7.900000000 4.770850180000
769.929993000  7.900000000 4.751787660000
769.955017000  7.900000000 4.733371730000
769.979980000  7.900000000 4.715565200000
770.005005000  7.900000000 4.698323250000
770.029968000  7.900000000 4.681591990000
770.054993000  7.900000000 4.665309910000
770.080017000  7.900000000 4.649405480000
770.104980000  7.900000000 4.633802890000
770.130005000  7.900000000 4.618422510000
770.154968000  7.900000000 4.603176590000
770.179993000  7.900000000 4.587975980000
770.205017000  7.900000000 4.572731490000
770.229980000  7.900000000 4.557351110000
770.255005000  7.900000000 4.541743280000
770.279968000  7.900000000 4.525819780000
770.304993000  7.900000000 4.509490010000
770.330017000  7.900000000 4.492673400000
770.354980000  7.900000000 4.475287910000
770.380005000  7.900000000 4.457260610000
770.404968000  7.900000000 4.438519480000
770.429993000  7.900000000 4.419003010000
770.455017000  7.900000000 4.398652080000
770.479980000  7.900000000 4.377415660000
770.505005000  7.900000000 4.355253220000
770.529968000  7.900000000 4.332123760000
770.554993000  7.900000000 4.307998660000
770.580017000  7.900000000 4.282855030000
770.604980000  7.900000000 4.256678100000
770.630005000  7.900000000 4.229457380000
770.654968000  7.900000000 4.201190950000
770.679993000  7.900000000 4.171885010000
770.705017000  7.900000000 4.141550060000
770.729980000  7.900000000 4.110205650000
770.755005000  7.900000000 4.077873710000
770.779968000  7.900000000 4.044587140000
770.804993000  7.900000000 4.010384560000
770.830017000  7.900000000 3.975310560000
770.854980000  7.900000000 3.939414740000
770.880005000  7.900000000 3.902753590000
770.904968000  7.900000000 3.865393400000
770.929993000  7.900000000 3.827407600000
770.955017000  7.900000000 3.788874150000
770.979980000  7.900000000 3.749883410000
771.005005000  7.900000000 3.710533620000
771.029968000  7.900000000 3.670930620000
771.054993000  7.900000000 3.631192680000
771.080017000  7.900000000 3.591447350000
771.104980000  7.900000000 3.551831960000
771.130005000  7.900000000 3.512493130000
771.154968000  7.900000000 3.473585840000
771.179993000  7.900000000 3.435272930000
771.205017000  7.900000000 3.397724150000
771.229980000  7.900000000 3.361115690000
771.255005000  7.900000000 3.325623750000
771.279968000  7.900000000 3.291428090000
771.304993000  7.900000000 3.258709430000
771.330017000  7.900000000 3.227646110000
771.354980000  7.900000000 3.198412660000
771.380005000  7.900000000 3.171181920000
771.404968000  7.900000000 3.146115540000
771.429993000  7.900000000 3.123373030000
771.455017000  7.900000000 3.103104590000
771.479980000  7.900000000 3.085449460000
771.505005000  7.900000000 3.070539000000
771.529968000  7.900000000 3.058494810000
771.554993000  7.900000000 3.049428700000
771.580017000  7.900000000 3.043441530000
771.604980000  7.900000000 3.040622710000
771.630005000  7.900000000 3.041053060000
771.654968000  7.900000000 3.044801000000
771.679993000  7.900000000 3.051927570000
771.705017000  7.900000000 3.062479970000
771.729980000  7.900000000 3.076498990000
771.755005000  7.900000000 3.094015840000
771.779968000  7.900000000 3.115051510000
771.804993000  7.900000000 3.139621500000
771.830017000  7.900000000 3.167731760000
771.854980000  7.900000000 3.199384930000
771.880005000  7.900000000 3.234576230000
771.904968000  7.900000000 3.273297550000
771.929993000  7.900000000 3.315539120000
771.955017000  7.900000000 3.361287830000
771.979980000  7.900000000 3.410532240000
772.005005000  7.900000000 3.463259940000
772.029968000  7.900000000 3.519462590000
772.054993000  7.900000000 3.579134940000
772.080017000  7.900000000 3.642277000000
772.104980000  7.900000000 3.708893540000
772.130005000  7.900000000 3.778999570000
772.154968000  7.900000000 3.852612020000
772.179993000  7.900000000 3.929759030000
772.205017000  7.900000000 4.010476110000
772.229980000  7.900000000 4.094804760000
772.255005000  7.900000000 4.182793140000
772.279968000  7.900000000 4.274497030000
772.304993000  7.900000000 4.369974140000
772.330017000  7.900000000 4.469289300000
772.354980000  7.900000000 4.572506430000
772.380005000  7.900000000 4.679695130000
772.404968000  7.900000000 4.790925030000
772.429993000  7.900000000 4.906265260000
772.455017000  7.900000000 5.025784490000
772.479980000  7.900000000 5.149548530000
772.505005000  7.900000000 5.277623180000
772.529968000  7.900000000 5.410073280000
772.554993000  7.900000000 5.546960350000
772.580017000  7.900000000 5.688344000000
772.604980000  7.900000000 5.834284310000
772.630005000  7.900000000 5.984845160000
772.654968000  7.900000000 6.140087600000
772.679993000  7.900000000 6.300079820000
772.705017000  7.900000000 6.464900490000
772.729980000  7.900000000 6.634633540000
772.755005000  7.900000000 6.809378620000
772.779968000  7.900000000 6.989249230000
772.804993000  7.900000000 7.174385070000
772.830017000  7.900000000 7.364939690000
772.854980000  7.900000000 7.561100010000
772.880005000  7.900000000 7.763076310000
772.904968000  7.900000000 7.971114160000
772.929993000  7.900000000 8.185489650000
772.955017000  7.900000000 8.406514170000
772.979980000  7.900000000 8.634535790000
773.005005000  7.900000000 8.869932170000
773.029968000  7.900000000 9.113120080000
773.054993000  7.900000000 9.364541050000
773.080017000  7.900000000 9.624671940000
773.104980000  7.900000000 9.894018170000
773.130005000  7.900000000 10.173097600000
773.154968000  7.900000000 10.462448100000
773.179993000  7.900000000 10.762617100000
773.205017000  7.900000000 11.074156800000
773.229980000  7.900000000 11.397621200000
773.255005000  7.900000000 11.733550100000
773.279968000  7.900000000 12.082459400000
773.304993000  7.900000000 12.444847100000
773.330017000  7.900000000 12.821168900000
773.354980000  7.900000000 13.211841600000
773.380005000  7.900000000 13.617211300000
773.404968000  7.900000000 14.037581400000
773.429993000  7.900000000 14.473156000000
773.455017000  7.900000000 14.924070400000
773.479980000  7.900000000 15.390355100000
773.505005000  7.900000000 15.871947300000
773.529968000  7.900000000 16.368656200000
773.554993000  7.900000000 16.880191800000
773.580017000  7.900000000 17.406122200000
773.604980000  7.900000000 17.945879000000
773.630005000  7.900000000 18.498767900000
773.654968000  7.900000000 19.063959100000
773.679993000  7.900000000 19.640461000000
773.705017000  7.900000000 20.227167100000
773.729980000  7.900000000 20.822814900000
773.755005000  7.900000000 21.426033000000
773.779968000  7.900000000 22.035318400000
773.804993000  7.900000000 22.649076500000
773.830017000  7.900000000 23.265605900000
773.854980000  7.900000000 23.883152000000
773.880005000  7.900000000 24.499916100000
773.904968000  7.900000000 25.114067100000
773.929993000  7.900000000 25.723777800000
773.955017000  7.900000000 26.327282000000
773.979980000  7.900000000 26.922853500000
774.005005000  7.900000000 27.508871100000
774.029968000  7.900000000 28.083810800000
774.054993000  7.900000000 28.646320300000
774.080017000  7.900000000 29.195156100000
774.104980000  7.900000000 29.729278600000
774.130005000  7.900000000 30.247814200000
774.154968000  7.900000000 30.750066800000
774.179993000  7.900000000 31.235502200000
774.205017000  7.900000000 31.703750600000
774.229980000  7.900000000 32.154621100000
774.255005000  7.900000000 32.588005100000
774.279968000  7.900000000 33.003929100000
774.304993000  7.900000000 33.402477300000
774.330017000  7.900000000 33.783786800000
774.354980000  7.900000000 34.148006400000
774.380005000  7.900000000 34.495246900000
774.404968000  7.900000000 34.825595900000
774.429993000  7.900000000 35.139030500000
774.455017000  7.900000000 35.435394300000
774.479980000  7.900000000 35.714458500000
774.505005000  7.900000000 35.975799600000
774.529968000  7.900000000 36.218818700000
774.554993000  7.900000000 36.442829100000
774.580017000  7.900000000 36.646907800000
774.604980000  7.900000000 36.830040000000
774.630005000  7.900000000 36.991085100000
774.654968000  7.900000000 37.128830000000
774.679993000  7.900000000 37.242027300000
774.705017000  7.900000000 37.329429600000
774.729980000  7.900000000 37.389881100000
774.755005000  7.900000000 37.422317500000
774.779968000  7.900000000 37.425861400000
774.804993000  7.900000000 37.399860400000
774.830017000  7.900000000 37.343914000000
774.854980000  7.900000000 37.257942200000
774.880005000  7.900000000 37.142192800000
774.904968000  7.900000000 36.997230500000
774.929993000  7.900000000 36.823993700000
774.955017000  7.900000000 36.623752600000
774.979980000  7.900000000 36.398056000000
775.005005000  7.900000000 36.148765600000
775.029968000  7.900000000 35.877910600000
775.054993000  7.900000000 35.587757100000
775.080017000  7.900000000 35.280639600000
775.104980000  7.900000000 34.958965300000
775.130005000  7.900000000 34.625156400000
775.154968000  7.900000000 34.281562800000
775.179993000  7.900000000 33.930473300000
775.205017000  7.900000000 33.573989900000
775.229980000  7.900000000 33.214099900000
775.255005000  7.900000000 32.852562000000
775.279968000  7.900000000 32.490951500000
775.304993000  7.900000000 32.130615200000
775.330017000  7.900000000 31.772682200000
775.354980000  7.900000000 31.418100400000
775.380005000  7.900000000 31.067579300000
775.404968000  7.900000000 30.721664400000
775.429993000  7.900000000 30.380691500000
775.455017000  7.900000000 30.044883700000
775.479980000  7.900000000 29.714288700000
775.505005000  7.900000000 29.388858800000
775.529968000  7.900000000 29.068458600000
775.554993000  7.900000000 28.752861000000
775.580017000  7.900000000 28.441782000000
775.604980000  7.900000000 28.134895300000
775.630005000  7.900000000 27.831842400000
775.654968000  7.900000000 27.532236100000
775.679993000  7.900000000 27.235719700000
775.705017000  7.900000000 26.941867800000
775.729980000  7.900000000 26.650283800000
775.755005000  7.900000000 26.360582400000
775.779968000  7.900000000 26.072353400000
775.804993000  7.900000000 25.785192500000
775.830017000  7.900000000 25.498687700000
775.854980000  7.900000000 25.212444300000
775.880005000  7.900000000 24.926029200000
775.904968000  7.900000000 24.639024700000
775.929993000  7.900000000 24.350994100000
775.955017000  7.900000000 24.061502500000
775.979980000  7.900000000 23.770111100000
776.005005000  7.900000000 23.476368000000
776.029968000  7.900000000 23.179861100000
776.054993000  7.900000000 22.880172700000
776.080017000  7.900000000 22.576911900000
776.104980000  7.900000000 22.269727700000
776.130005000  7.900000000 21.958299600000
776.154968000  7.900000000 21.642347300000
776.179993000  7.900000000 21.321643800000
776.205017000  7.900000000 20.996044200000
776.229980000  7.900000000 20.665437700000
776.255005000  7.900000000 20.329801600000
776.279968000  7.900000000 19.989168200000
776.304993000  7.900000000 19.643627200000
776.330017000  7.900000000 19.293354000000
776.354980000  7.900000000 18.938575700000
776.380005000  7.900000000 18.579568900000
776.404968000  7.900000000 18.216669100000
776.429993000  7.900000000 17.850265500000
776.455017000  7.900000000 17.480781600000
776.479980000  7.900000000 17.108682600000
776.505005000  7.900000000 16.734447500000
776.529968000  7.900000000 16.358610200000
776.554993000  7.900000000 15.981689500000
776.580017000  7.900000000 15.604229000000
776.604980000  7.900000000 15.226781800000
776.630005000  7.900000000 14.849900200000
776.654968000  7.900000000 14.474119200000
776.679993000  7.900000000 14.099974600000
776.705017000  7.900000000 13.727993000000
776.729980000  7.900000000 13.358666400000
776.755005000  7.900000000 12.992491700000
776.779968000  7.900000000 12.629912400000
776.804993000  7.900000000 12.271362300000
776.830017000  7.900000000 11.917253500000
776.854980000  7.900000000 11.567962600000
776.880005000  7.900000000 11.223820700000
776.904968000  7.900000000 10.885143300000
776.929993000  7.900000000 10.552194600000
776.955017000  7.900000000 10.225226400000
776.979980000  7.900000000 9.904425620000
777.005005000  7.900000000 9.589956280000
777.029968000  7.900000000 9.281938550000
777.054993000  7.900000000 8.980450630000
777.080017000  7.900000000 8.685538290000
777.104980000  7.900000000 8.397212980000
777.130005000  7.900000000 8.115449910000
777.154968000  7.900000000 7.840193270000
777.179993000  7.900000000 7.571365830000
777.205017000  7.900000000 7.308864120000
777.229980000  7.900000000 7.052570820000
777.255005000  7.900000000 6.802348610000
777.279968000  7.900000000 6.558053970000
777.304993000  7.900000000 6.319539550000
777.330017000  7.900000000 6.086658950000
777.354980000  7.900000000 5.859268190000
777.380005000  7.900000000 5.637233260000
777.404968000  7.900000000 5.420431140000
777.429993000  7.900000000 5.208757400000
777.455017000  7.900000000 5.002121450000
777.479980000  7.900000000 4.800455090000
777.505005000  7.900000000 4.603711610000
777.529968000  7.900000000 4.411861900000
777.554993000  7.900000000 4.224900720000
777.580017000  7.900000000 4.042836670000
777.604980000  7.900000000 3.865695950000
777.630005000  7.900000000 3.693518160000
777.654968000  7.900000000 3.526350500000
777.679993000  7.900000000 3.364247560000
777.705017000  7.900000000 3.207265140000
777.729980000  7.900000000 3.055456400000
777.755005000  7.900000000 2.908872130000
777.779968000  7.900000000 2.767554040000
777.804993000  7.900000000 2.631533860000
777.830017000  7.900000000 2.500832080000
777.854980000  7.900000000 2.375455620000
777.880005000  7.900000000 2.255400420000
777.904968000  7.900000000 2.140647410000
777.929993000  7.900000000 2.031166320000
777.955017000  7.900000000 1.926912670000
777.979980000  7.900000000 1.827831630000
778.005005000  7.900000000 1.733857870000
778.029968000  7.900000000 1.644916530000
778.054993000  7.900000000 1.560925250000
778.080017000  7.900000000 1.481793050000
778.104980000  7.900000000 1.407422660000
778.130005000  7.900000000 1.337711330000
778.154968000  7.900000000 1.272550460000
778.179993000  7.900000000 1.211826210000
778.205017000  7.900000000 1.155419350000
778.229980000  7.900000000 1.103206040000
778.255005000  7.900000000 1.055055500000
778.279968000  7.900000000 1.010832070000
778.304993000  7.900000000 0.970392644000
778.330017000  7.900000000 0.933588088000
778.354980000  7.900000000 0.900261343000
778.380005000  7.900000000 0.870249867000
778.404968000  7.900000000 0.843384087000
778.429993000  7.900000000 0.819489539000
778.455017000  7.900000000 0.798387170000
778.479980000  7.900000000 0.779895842000
778.505005000  7.900000000 0.763833284000
778.529968000  7.900000000 0.750018001000
778.554993000  7.900000000 0.738273025000
778.580017000  7.900000000 0.728427827000
778.604980000  7.900000000 0.720320821000
778.630005000  7.900000000 0.713803828000
778.654968000  7.900000000 0.708742321000
778.679993000  7.900000000 0.705019116000
778.705017000  7.900000000 0.702535391000
778.729980000  7.900000000 0.701212525000
778.755005000  7.900000000 0.700991392000
778.779968000  7.900000000 0.701834083000
778.804993000  7.900000000 0.703722000000
778.830017000  7.900000000 0.706656277000
778.854980000  7.900000000 0.710655749000
778.880005000  7.900000000 0.715756178000
778.904968000  7.900000000 0.722007334000
778.929993000  7.900000000 0.729472220000
778.955017000  7.900000000 0.738224566000
778.979980000  7.900000000 0.748345673000
779.005005000  7.900000000 0.759924412000
779.029968000  7.900000000 0.773052871000
779.054993000  7.900000000 0.787826240000
779.080017000  7.900000000 0.804339826000
779.104980000  7.900000000 0.822688699000
779.130005000  7.900000000 0.842966199000
779.154968000  7.900000000 0.865262210000
779.179993000  7.900000000 0.889663875000
779.205017000  7.900000000 0.916254401000
779.229980000  7.900000000 0.945112705000
779.255005000  7.900000000 0.976313889000
779.279968000  7.900000000 1.009928820000
779.304993000  7.900000000 1.046024200000
779.330017000  7.900000000 1.084663030000
779.354980000  7.900000000 1.125904560000
779.380005000  7.900000000 1.169805170000
779.404968000  7.900000000 1.216416720000
779.429993000  7.900000000 1.265789270000
779.455017000  7.900000000 1.317968370000
779.479980000  7.900000000 1.372996210000
779.505005000  7.900000000 1.430910110000
779.529968000  7.900000000 1.491744760000
779.554993000  7.900000000 1.555528640000
779.580017000  7.900000000 1.622287270000
779.604980000  7.900000000 1.692039850000
779.630005000  7.900000000 1.764801140000
779.654968000  7.900000000 1.840581660000
779.679993000  7.900000000 1.919387340000
779.705017000  7.900000000 2.001220700000
779.729980000  7.900000000 2.086082220000
779.755005000  7.900000000 2.173971890000
779.779968000  7.900000000 2.264890430000
779.804993000  7.900000000 2.358837840000
779.830017000  7.900000000 2.455818650000
779.854980000  7.900000000 2.555841680000
779.880005000  7.900000000 2.658919100000
779.904968000  7.900000000 2.765070200000
779.929993000  7.900000000 2.874318600000
779.955017000  7.900000000 2.986694810000
779.979980000  7.900000000 3.102231740000
780.005005000  7.900000000 3.220968960000
780.029968000  7.900000000 3.342944860000
780.054993000  7.900000000 3.468197110000
780.080017000  7.900000000 3.596760750000
780.104980000  7.900000000 3.728662970000
780.130005000  7.900000000 3.863920930000
780.154968000  7.900000000 4.002538200000
780.179993000  7.900000000 4.144497870000
780.205017000  7.900000000 4.289759160000
780.229980000  7.900000000 4.438256260000
780.255005000  7.900000000 4.589888570000
780.279968000  7.900000000 4.744517800000
780.304993000  7.900000000 4.901967050000
780.330017000  7.900000000 5.062014580000
780.354980000  7.900000000 5.224386690000
780.380005000  7.900000000 5.388764860000
780.404968000  7.900000000 5.554775710000
780.429993000  7.900000000 5.721997260000
780.455017000  7.900000000 5.889956470000
780.479980000  7.900000000 6.058139320000
780.505005000  7.900000000 6.225985530000
780.529968000  7.900000000 6.392903800000
780.554993000  7.900000000 6.558277610000
780.580017000  7.900000000 6.721469880000
780.604980000  7.900000000 6.881837370000
780.630005000  7.900000000 7.038744450000
780.654968000  7.900000000 7.191571240000
780.679993000  7.900000000 7.339723590000
780.705017000  7.900000000 7.482647900000
780.729980000  7.900000000 7.619843480000
780.755005000  7.900000000 7.750867370000
780.779968000  7.900000000 7.875339030000
780.804993000  7.900000000 7.992959980000
780.830017000  7.900000000 8.103501320000
780.854980000  7.900000000 8.206817630000
780.880005000  7.900000000 8.302841190000
780.904968000  7.900000000 8.391582490000
780.929993000  7.900000000 8.473118780000
780.955017000  7.900000000 8.547599790000
780.979980000  7.900000000 8.615229610000
781.005005000  7.900000000 8.676264760000
781.029968000  7.900000000 8.730998990000
781.054993000  7.900000000 8.779759410000
781.080017000  7.900000000 8.822896000000
781.104980000  7.900000000 8.860773090000
781.130005000  7.900000000 8.893756870000
781.154968000  7.900000000 8.922214510000
781.179993000  7.900000000 8.946508410000
781.205017000  7.900000000 8.966992380000
781.229980000  7.900000000 8.983999250000
781.255005000  7.900000000 8.997851370000
781.279968000  7.900000000 9.008854870000
781.304993000  7.900000000 9.017295840000
781.330017000  7.900000000 9.023445130000
781.354980000  7.900000000 9.027561190000
781.380005000  7.900000000 9.029883380000
781.404968000  7.900000000 9.030650140000
781.429993000  7.900000000 9.030077930000
781.455017000  7.900000000 9.028384210000
781.479980000  7.900000000 9.025780680000
781.505005000  7.900000000 9.022474290000
781.529968000  7.900000000 9.018667220000
781.554993000  7.900000000 9.014557840000
781.580017000  7.900000000 9.010349270000
781.604980000  7.900000000 9.006228450000
781.630005000  7.900000000 9.002392770000
781.654968000  7.900000000 8.999019620000
781.679993000  7.900000000 8.996287350000
781.705017000  7.900000000 8.994355200000
781.729980000  7.900000000 8.993371010000
781.755005000  7.900000000 8.993469240000
781.779968000  7.900000000 8.994760510000
781.804993000  7.900000000 8.997329710000
781.830017000  7.900000000 9.001247410000
781.854980000  7.900000000 9.006543160000
781.880005000  7.900000000 9.013228420000
781.904968000  7.900000000 9.021275520000
781.929993000  7.900000000 9.030634880000
781.955017000  7.900000000 9.041223530000
781.979980000  7.900000000 9.052931790000
782.005005000  7.900000000 9.065621380000
782.029968000  7.900000000 9.079134940000
782.054993000  7.900000000 9.093287470000
782.080017000  7.900000000 9.107884410000
782.104980000  7.900000000 9.122713090000
782.130005000  7.900000000 9.137561800000
782.154968000  7.900000000 9.152211190000
782.179993000  7.900000000 9.166449550000
782.205017000  7.900000000 9.180064200000
782.229980000  7.900000000 9.192864420000
782.255005000  7.900000000 9.204675670000
782.279968000  7.900000000 9.215346340000
782.304993000  7.900000000 9.224744800000
782.330017000  7.900000000 9.232771870000
782.354980000  7.900000000 9.239360810000
782.380005000  7.900000000 9.244473460000
782.404968000  7.900000000 9.248102190000
782.429993000  7.900000000 9.250277520000
782.455017000  7.900000000 9.251048090000
782.479980000  7.900000000 9.250505450000
782.505005000  7.900000000 9.248755460000
782.529968000  7.900000000 9.245931630000
782.554993000  7.900000000 9.242186550000
782.580017000  7.900000000 9.237687110000
782.604980000  7.900000000 9.232603070000
782.630005000  7.900000000 9.227117540000
782.654968000  7.900000000 9.221412660000
782.679993000  7.900000000 9.215664860000
782.705017000  7.900000000 9.210043910000
782.729980000  7.900000000 9.204700470000
782.755005000  7.900000000 9.199769970000
782.779968000  7.900000000 9.195367810000
782.804993000  7.900000000 9.191578870000
782.830017000  7.900000000 9.188460350000
782.854980000  7.900000000 9.186036110000
782.880005000  7.900000000 9.184290890000
782.904968000  7.900000000 9.183177950000
782.929993000  7.900000000 9.182608600000
782.955017000  7.900000000 9.182456020000
782.979980000  7.900000000 9.182549480000
783.005005000  7.900000000 9.182688710000
783.029968000  7.900000000 9.182622910000
783.054993000  7.900000000 9.182084080000
783.080017000  7.900000000 9.180756570000
783.104980000  7.900000000 9.178310390000
783.130005000  7.900000000 9.174386020000
783.154968000  7.900000000 9.168612480000
783.179993000  7.900000000 9.160609250000
783.205017000  7.900000000 9.149991990000
783.229980000  7.900000000 9.136385920000
783.255005000  7.900000000 9.119424820000
783.279968000  7.900000000 9.098768230000
783.304993000  7.900000000 9.074111940000
783.330017000  7.900000000 9.045181270000
783.354980000  7.900000000 9.011755940000
783.380005000  7.900000000 8.973672870000
783.404968000  7.900000000 8.930820470000
783.429993000  7.900000000 8.883159640000
783.455017000  7.900000000 8.830721860000
783.479980000  7.900000000 8.773612980000
783.505005000  7.900000000 8.711997030000
783.529968000  7.900000000 8.646118160000
783.554993000  7.900000000 8.576275830000
783.580017000  7.900000000 8.502832410000
783.604980000  7.900000000 8.426192280000
783.630005000  7.900000000 8.346799850000
783.654968000  7.900000000 8.265128140000
783.679993000  7.900000000 8.181676860000
783.705017000  7.900000000 8.096943860000
783.729980000  7.900000000 8.011431690000
783.755005000  7.900000000 7.925628190000
783.779968000  7.900000000 7.840003970000
783.804993000  7.900000000 7.755001070000
783.830017000  7.900000000 7.671032910000
783.854980000  7.900000000 7.588465690000
783.880005000  7.900000000 7.507631780000
783.904968000  7.900000000 7.428815840000
783.929993000  7.900000000 7.352255820000
783.955017000  7.900000000 7.278145310000
783.979980000  7.900000000 7.206632140000
784.005005000  7.900000000 7.137825010000
784.029968000  7.900000000 7.071792600000
784.054993000  7.900000000 7.008571620000
784.080017000  7.900000000 6.948169710000
784.104980000  7.900000000 6.890571120000
784.130005000  7.900000000 6.835736270000
784.154968000  7.900000000 6.783614640000
784.179993000  7.900000000 6.734146120000
784.205017000  7.900000000 6.687255860000
784.229980000  7.900000000 6.642875670000
784.255005000  7.900000000 6.600921150000
784.279968000  7.900000000 6.561320300000
784.304993000  7.900000000 6.524000640000
784.330017000  7.900000000 6.488883020000
784.354980000  7.900000000 6.455897810000
784.380005000  7.900000000 6.424975400000
784.404968000  7.900000000 6.396046160000
784.429993000  7.900000000 6.369042400000
784.455017000  7.900000000 6.343888760000
784.479980000  7.900000000 6.320510390000
784.505005000  7.900000000 6.298826690000
784.529968000  7.900000000 6.278745170000
784.554993000  7.900000000 6.260168550000
784.580017000  7.900000000 6.242989060000
784.604980000  7.900000000 6.227088450000
784.630005000  7.900000000 6.212330820000
784.654968000  7.900000000 6.198576450000
784.679993000  7.900000000 6.185667040000
784.705017000  7.900000000 6.173439980000
784.729980000  7.900000000 6.161717890000
784.755005000  7.900000000 6.150319100000
784.779968000  7.900000000 6.139054780000
784.804993000  7.900000000 6.127735140000
784.830017000  7.900000000 6.116161350000
784.854980000  7.900000000 6.104142670000
784.880005000  7.900000000 6.091490750000
784.904968000  7.900000000 6.078018670000
784.929993000  7.900000000 6.063551430000
784.955017000  7.900000000 6.047925950000
784.979980000  7.900000000 6.030982020000
785.005005000  7.900000000 6.012580870000
785.029968000  7.900000000 5.992592330000
785.054993000  7.900000000 5.970905780000
785.080017000  7.900000000 5.947420600000
785.104980000  7.900000000 5.922051430000
785.130005000  7.900000000 5.894728660000
785.154968000  7.900000000 5.865398410000
785.179993000  7.900000000 5.834014420000
785.205017000  7.900000000 5.800549030000
785.229980000  7.900000000 5.764978890000
785.255005000  7.900000000 5.727295880000
785.279968000  7.900000000 5.687499050000
785.304993000  7.900000000 5.645595550000
785.330017000  7.900000000 5.601597310000
785.354980000  7.900000000 5.555526260000
785.380005000  7.900000000 5.507404330000
785.404968000  7.900000000 5.457265380000
785.429993000  7.900000000 5.405144210000
785.455017000  7.900000000 5.351078990000
785.479980000  7.900000000 5.295113090000
785.505005000  7.900000000 5.237296580000
785.529968000  7.900000000 5.177679540000
785.554993000  7.900000000 5.116322040000
785.580017000  7.900000000 5.053280830000
785.604980000  7.900000000 4.988619800000
785.630005000  7.900000000 4.922406670000
785.654968000  7.900000000 4.854713440000
785.679993000  7.900000000 4.785614970000
785.705017000  7.900000000 4.715192790000
785.729980000  7.900000000 4.643532750000
785.755005000  7.900000000 4.570729730000
785.779968000  7.900000000 4.496878150000
785.804993000  7.900000000 4.422088150000
785.830017000  7.900000000 4.346467970000
785.854980000  7.900000000 4.270137790000
785.880005000  7.900000000 4.193218230000
785.904968000  7.900000000 4.115838530000
785.929993000  7.900000000 4.038126950000
785.955017000  7.900000000 3.960216520000
785.979980000  7.900000000 3.882240300000
786.005005000  7.900000000 3.804328200000
786.029968000  7.900000000 3.726607080000
786.054993000  7.900000000 3.649204730000
786.080017000  7.900000000 3.572237730000
786.104980000  7.900000000 3.495818140000
786.130005000  7.900000000 3.420052770000
786.154968000  7.900000000 3.345038650000
786.179993000  7.900000000 3.270865920000
786.205017000  7.900000000 3.197617050000
786.229980000  7.900000000 3.125365260000
786.255005000  7.900000000 3.054180860000
786.279968000  7.900000000 2.984123950000
786.304993000  7.900000000 2.915253400000
786.330017000  7.900000000 2.847621920000
786.354980000  7.900000000 2.781277180000
786.380005000  7.900000000 2.716267110000
786.404968000  7.900000000 2.652633430000
786.429993000  7.900000000 2.590416910000
786.455017000  7.900000000 2.529655690000
786.479980000  7.900000000 2.470385310000
786.505005000  7.900000000 2.412639140000
786.529968000  7.900000000 2.356448890000
786.554993000  7.900000000 2.301843880000
786.580017000  7.900000000 2.248851540000
786.604980000  7.900000000 2.197497840000
786.630005000  7.900000000 2.147807600000
786.654968000  7.900000000 2.099805360000
786.679993000  7.900000000 2.053514000000
786.705017000  7.900000000 2.008955960000
786.729980000  7.900000000 1.966153860000
786.755005000  7.900000000 1.925130960000
786.779968000  7.900000000 1.885908840000
786.804993000  7.900000000 1.848509670000
786.830017000  7.900000000 1.812957050000
786.854980000  7.900000000 1.779272320000
786.880005000  7.900000000 1.747479080000
786.904968000  7.900000000 1.717599270000
786.929993000  7.900000000 1.689656020000
786.955017000  7.900000000 1.663669940000
786.979980000  7.900000000 1.639662150000
787.005005000  7.900000000 1.617652420000
787.029968000  7.900000000 1.597657440000
787.054993000  7.900000000 1.579691290000
787.080017000  7.900000000 1.563764570000
787.104980000  7.900000000 1.549882170000
787.130005000  7.900000000 1.538043860000
787.154968000  7.900000000 1.528242470000
787.179993000  7.900000000 1.520461560000
787.205017000  7.900000000 1.514677290000
787.229980000  7.900000000 1.510853530000
787.255005000  7.900000000 1.508943680000
787.279968000  7.900000000 1.508890990000
787.304993000  7.900000000 1.510625480000
787.330017000  7.900000000 1.514065500000
787.354980000  7.900000000 1.519116040000
787.380005000  7.900000000 1.525670650000
787.404968000  7.900000000 1.533609750000
787.429993000  7.900000000 1.542802100000
787.455017000  7.900000000 1.553105710000
787.479980000  7.900000000 1.564368610000
787.505005000  7.900000000 1.576430920000
787.529968000  7.900000000 1.589125040000
787.554993000  7.900000000 1.602277990000
787.580017000  7.900000000 1.615713830000
787.604980000  7.900000000 1.629253750000
787.630005000  7.900000000 1.642719150000
787.654968000  7.900000000 1.655932310000
787.679993000  7.900000000 1.668719410000
787.705017000  7.900000000 1.680911660000
787.729980000  7.900000000 1.692346220000
787.755005000  7.900000000 1.702868820000
787.779968000  7.900000000 1.712336060000
787.804993000  7.900000000 1.720615740000
787.830017000  7.900000000 1.727591040000
787.854980000  7.900000000 1.733162760000
787.880005000  7.900000000 1.737249260000
787.904968000  7.900000000 1.739791150000
787.929993000  7.900000000 1.740752820000
787.955017000  7.900000000 1.740123150000
787.979980000  7.900000000 1.737918970000
788.005005000  7.900000000 1.734183670000
788.029968000  7.900000000 1.728988890000
788.054993000  7.900000000 1.722433810000
788.080017000  7.900000000 1.714643240000
788.104980000  7.900000000 1.705767150000
788.130005000  7.900000000 1.695979600000
788.154968000  7.900000000 1.685474160000
788.179993000  7.900000000 1.674462910000
788.205017000  7.900000000 1.663172600000
788.229980000  7.900000000 1.651843790000
788.255005000  7.900000000 1.640724300000
788.279968000  7.900000000 1.630069610000
788.304993000  7.900000000 1.620136980000
788.330017000  7.900000000 1.611184950000
788.354980000  7.900000000 1.603468890000
788.380005000  7.900000000 1.597241280000
788.404968000  7.900000000 1.592747450000
788.429993000  7.900000000 1.590224980000
788.455017000  7.900000000 1.589901570000
788.479980000  7.900000000 1.591995840000
788.505005000  7.900000000 1.596714380000
788.529968000  7.900000000 1.604252930000
788.554993000  7.900000000 1.614794020000
788.580017000  7.900000000 1.628509400000
788.604980000  7.900000000 1.645557170000
788.630005000  7.900000000 1.666082260000
788.654968000  7.900000000 1.690219280000
788.679993000  7.900000000 1.718089700000
788.705017000  7.900000000 1.749802710000
788.729980000  7.900000000 1.785453800000
788.755005000  7.900000000 1.825126890000
788.779968000  7.900000000 1.868888740000
788.804993000  7.900000000 1.916793230000
788.830017000  7.900000000 1.968876000000
788.854980000  7.900000000 2.025155780000
788.880005000  7.900000000 2.085630660000
788.904968000  7.900000000 2.150278330000
788.929993000  7.900000000 2.219052790000
788.955017000  7.900000000 2.291885140000
788.979980000  7.900000000 2.368680240000
789.005005000  7.900000000 2.449318890000
789.029968000  7.900000000 2.533657550000
789.054993000  7.900000000 2.621528860000
789.080017000  7.900000000 2.712739940000
789.104980000  7.900000000 2.807080030000
789.130005000  7.900000000 2.904314990000
789.154968000  7.900000000 3.004195690000
789.179993000  7.900000000 3.106457710000
789.205017000  7.900000000 3.210826400000
789.229980000  7.900000000 3.317016360000
789.255005000  7.900000000 3.424739360000
789.279968000  7.900000000 3.533704040000
789.304993000  7.900000000 3.643617870000
789.330017000  7.900000000 3.754191640000
789.354980000  7.900000000 3.865142820000
789.380005000  7.900000000 3.976192240000
789.404968000  7.900000000 4.087072370000
789.429993000  7.900000000 4.197522640000
789.455017000  7.900000000 4.307287690000
789.479980000  7.900000000 4.416124340000
789.505005000  7.900000000 4.523799900000
789.529968000  7.900000000 4.630086900000
789.554993000  7.900000000 4.734766010000
789.580017000  7.900000000 4.837622640000
789.604980000  7.900000000 4.938448910000
789.630005000  7.900000000 5.037040710000
789.654968000  7.900000000 5.133197780000
789.679993000  7.900000000 5.226726530000
789.705017000  7.900000000 5.317437170000
789.729980000  7.900000000 5.405145650000
789.755005000  7.900000000 5.489679810000
789.779968000  7.900000000 5.570876120000
789.804993000  7.900000000 5.648587230000
789.830017000  7.900000000 5.722681520000
789.854980000  7.900000000 5.793047430000
789.880005000  7.900000000 5.859596730000
789.904968000  7.900000000 5.922267440000
789.929993000  7.900000000 5.981024740000
789.955017000  7.900000000 6.035860540000
789.979980000  7.900000000 6.086802960000
790.005005000  7.900000000 6.133901600000
790.029968000  7.900000000 6.177234650000
790.054993000  7.900000000 6.216910360000
790.080017000  7.900000000 6.253058910000
790.104980000  7.900000000 6.285826210000
790.130005000  7.900000000 6.315378670000
790.154968000  7.900000000 6.341896060000
790.179993000  7.900000000 6.365565780000
790.205017000  7.900000000 6.386584280000
790.229980000  7.900000000 6.405147080000
790.255005000  7.900000000 6.421459670000
790.279968000  7.900000000 6.435723780000
790.304993000  7.900000000 6.448137280000
790.330017000  7.900000000 6.458896640000
790.354980000  7.900000000 6.468201160000
790.380005000  7.900000000 6.476244450000
790.404968000  7.900000000 6.483216760000
790.429993000  7.900000000 6.489310260000
790.455017000  7.900000000 6.494716170000
790.479980000  7.900000000 6.499618050000
790.505005000  7.900000000 6.504205230000
790.529968000  7.900000000 6.508657460000
790.554993000  7.900000000 6.513154980000
790.580017000  7.900000000 6.517874720000
790.604980000  7.900000000 6.522992130000
790.630005000  7.900000000 6.528676030000
790.654968000  7.900000000 6.535091880000
790.679993000  7.900000000 6.542406080000
790.705017000  7.900000000 6.550773140000
790.729980000  7.900000000 6.560344700000
790.755005000  7.900000000 6.571262840000
790.779968000  7.900000000 6.583664420000
790.804993000  7.900000000 6.597671510000
790.830017000  7.900000000 6.613398550000
790.854980000  7.900000000 6.630940910000
790.880005000  7.900000000 6.650378230000
790.904968000  7.900000000 6.671774390000
790.929993000  7.900000000 6.695164680000
790.955017000  7.900000000 6.720564370000
790.979980000  7.900000000 6.747958660000
791.005005000  7.900000000 6.777304650000
791.029968000  7.900000000 6.808527950000
791.054993000  7.900000000 6.841520310000
791.080017000  7.900000000 6.876136780000
791.104980000  7.900000000 6.912205220000
791.130005000  7.900000000 6.949515340000
791.154968000  7.900000000 6.987818240000
791.179993000  7.900000000 7.026841160000
791.205017000  7.900000000 7.066277030000
791.229980000  7.900000000 7.105787750000
791.255005000  7.900000000 7.145015720000
791.279968000  7.900000000 7.183575630000
791.304993000  7.900000000 7.221067430000
791.330017000  7.900000000 7.257082940000
791.354980000  7.900000000 7.291205410000
791.380005000  7.900000000 7.323019980000
791.404968000  7.900000000 7.352117540000
791.429993000  7.900000000 7.378104210000
791.455017000  7.900000000 7.400607590000
791.479980000  7.900000000 7.419283390000
791.505005000  7.900000000 7.433815960000
791.529968000  7.900000000 7.443933960000
791.554993000  7.900000000 7.449409480000
791.580017000  7.900000000 7.450058940000
791.604980000  7.900000000 7.445751190000
791.630005000  7.900000000 7.436406140000
791.654968000  7.900000000 7.421988490000
791.679993000  7.900000000 7.402522560000
791.705017000  7.900000000 7.378069880000
791.729980000  7.900000000 7.348745350000
791.755005000  7.900000000 7.314697740000
791.779968000  7.900000000 7.276113990000
791.804993000  7.900000000 7.233213420000
791.830017000  7.900000000 7.186238770000
791.854980000  7.900000000 7.135454180000
791.880005000  7.900000000 7.081138130000
791.904968000  7.900000000 7.023581980000
791.929993000  7.900000000 6.963073730000
791.955017000  7.900000000 6.899914740000
791.979980000  7.900000000 6.834397320000
792.005005000  7.900000000 6.766815190000
792.029968000  7.900000000 6.697452550000
792.054993000  7.900000000 6.626591680000
792.080017000  7.900000000 6.554505350000
792.104980000  7.900000000 6.481459620000
792.130005000  7.900000000 6.407714370000
792.154968000  7.900000000 6.333529000000
792.179993000  7.900000000 6.259156230000
792.205017000  7.900000000 6.184845450000
792.229980000  7.900000000 6.110847470000
792.255005000  7.900000000 6.037415980000
792.279968000  7.900000000 5.964804170000
792.304993000  7.900000000 5.893268590000
792.330017000  7.900000000 5.823074820000
792.354980000  7.900000000 5.754488470000
792.380005000  7.900000000 5.687783720000
792.404968000  7.900000000 5.623235700000
792.429993000  7.900000000 5.561129570000
792.455017000  7.900000000 5.501747610000
792.479980000  7.900000000 5.445375440000
792.505005000  7.900000000 5.392300130000
792.529968000  7.900000000 5.342803000000
792.554993000  7.900000000 5.297160630000
792.580017000  7.900000000 5.255644320000
792.604980000  7.900000000 5.218514440000
792.630005000  7.900000000 5.186020370000
792.654968000  7.900000000 5.158399580000
792.679993000  7.900000000 5.135876660000
792.705017000  7.900000000 5.118657110000
792.729980000  7.900000000 5.106930260000
792.755005000  7.900000000 5.100866790000
792.779968000  7.900000000 5.100616930000
792.804993000  7.900000000 5.106310370000
792.830017000  7.900000000 5.118051530000
792.854980000  7.900000000 5.135925290000
792.880005000  7.900000000 5.159992690000
792.904968000  7.900000000 5.190283780000
792.929993000  7.900000000 5.226804260000
792.955017000  7.900000000 5.269526000000
792.979980000  7.900000000 5.318395140000
793.005005000  7.900000000 5.373323440000
793.029968000  7.900000000 5.434191700000
793.054993000  7.900000000 5.500849720000
793.080017000  7.900000000 5.573120120000
793.104980000  7.900000000 5.650798800000
793.130005000  7.900000000 5.733652590000
793.154968000  7.900000000 5.821431160000
793.179993000  7.900000000 5.913864610000
793.205017000  7.900000000 6.010663990000
793.229980000  7.900000000 6.111532210000
793.255005000  7.900000000 6.216156480000
793.279968000  7.900000000 6.324225430000
793.304993000  7.900000000 6.435427190000
793.330017000  7.900000000 6.549444680000
793.354980000  7.900000000 6.665970800000
793.380005000  7.900000000 6.784699440000
793.404968000  7.900000000 6.905326370000
793.429993000  7.900000000 7.027565480000
793.455017000  7.900000000 7.151126860000
793.479980000  7.900000000 7.275729660000
793.505005000  7.900000000 7.401109220000
793.529968000  7.900000000 7.527001380000
793.554993000  7.900000000 7.653155800000
793.580017000  7.900000000 7.779333110000
793.604980000  7.900000000 7.905296800000
793.630005000  7.900000000 8.030825610000
793.654968000  7.900000000 8.155699730000
793.679993000  7.900000000 8.279706950000
793.705017000  7.900000000 8.402633670000
793.729980000  7.900000000 8.524273870000
793.755005000  7.900000000 8.644418720000
793.779968000  7.900000000 8.762866970000
793.804993000  7.900000000 8.879417420000
793.830017000  7.900000000 8.993871690000
793.854980000  7.900000000 9.106038090000
793.880005000  7.900000000 9.215739250000
793.904968000  7.900000000 9.322796820000
793.929993000  7.900000000 9.427052500000
793.955017000  7.900000000 9.528359410000
793.979980000  7.900000000 9.626592640000
794.005005000  7.900000000 9.721645360000
794.029968000  7.900000000 9.813437460000
794.054993000  7.900000000 9.901917460000
794.080017000  7.900000000 9.987069130000
794.104980000  7.900000000 10.068903000000
794.130005000  7.900000000 10.147473300000
794.154968000  7.900000000 10.222864200000
794.179993000  7.900000000 10.295199400000
794.205017000  7.900000000 10.364634500000
794.229980000  7.900000000 10.431365000000
794.255005000  7.900000000 10.495617900000
794.279968000  7.900000000 10.557644800000
794.304993000  7.900000000 10.617732000000
794.330017000  7.900000000 10.676189400000
794.354980000  7.900000000 10.733340300000
794.380005000  7.900000000 10.789522200000
794.404968000  7.900000000 10.845086100000
794.429993000  7.900000000 10.900376300000
794.455017000  7.900000000 10.955737100000
794.479980000  7.900000000 11.011506100000
794.505005000  7.900000000 11.067986500000
794.529968000  7.900000000 11.125474900000
794.554993000  7.900000000 11.184223200000
794.580017000  7.900000000 11.244451500000
794.604980000  7.900000000 11.306334500000
794.630005000  7.900000000 11.369999900000
794.654968000  7.900000000 11.435523000000
794.679993000  7.900000000 11.502924000000
794.705017000  7.900000000 11.572158800000
794.729980000  7.900000000 11.643127400000
794.755005000  7.900000000 11.715665800000
794.779968000  7.900000000 11.789548900000
794.804993000  7.900000000 11.864493400000
794.830017000  7.900000000 11.940148400000
794.854980000  7.900000000 12.016116100000
794.880005000  7.900000000 12.091947600000
794.904968000  7.900000000 12.167130500000
794.929993000  7.900000000 12.241128000000
794.955017000  7.900000000 12.313354500000
794.979980000  7.900000000 12.383212100000
795.005005000  7.900000000 12.450075100000
795.029968000  7.900000000 12.513311400000
795.054993000  7.900000000 12.572294200000
795.080017000  7.900000000 12.626414300000
795.104980000  7.900000000 12.675086000000
795.130005000  7.900000000 12.717759100000
795.154968000  7.900000000 12.753932000000
795.179993000  7.900000000 12.783155400000
795.205017000  7.900000000 12.805035600000
795.229980000  7.900000000 12.819244400000
795.255005000  7.900000000 12.825530100000
795.279968000  7.900000000 12.823688500000
795.304993000  7.900000000 12.813588100000
795.330017000  7.900000000 12.795162200000
795.354980000  7.900000000 12.768400200000
795.380005000  7.900000000 12.733324100000
795.404968000  7.900000000 12.690015800000
795.429993000  7.900000000 12.638568900000
795.455017000  7.900000000 12.579104400000
795.479980000  7.900000000 12.511759800000
795.505005000  7.900000000 12.436666500000
795.529968000  7.900000000 12.353961900000
795.554993000  7.900000000 12.263774900000
795.580017000  7.900000000 12.166226400000
795.604980000  7.900000000 12.061418500000
795.630005000  7.900000000 11.949446700000
795.654968000  7.900000000 11.830399500000
795.679993000  7.900000000 11.704353300000
795.705017000  7.900000000 11.571379700000
795.729980000  7.900000000 11.431566200000
795.755005000  7.900000000 11.284990300000
795.779968000  7.900000000 11.131756800000
795.804993000  7.900000000 10.971983000000
795.830017000  7.900000000 10.805810900000
795.854980000  7.900000000 10.633411400000
795.880005000  7.900000000 10.454982800000
795.904968000  7.900000000 10.270762400000
795.929993000  7.900000000 10.081027000000
795.955017000  7.900000000 9.886089320000
795.979980000  7.900000000 9.686307910000
796.005005000  7.900000000 9.482088090000
796.029968000  7.900000000 9.273865700000
796.054993000  7.900000000 9.062122340000
796.080017000  7.900000000 8.847368240000
796.104980000  7.900000000 8.630133630000
796.130005000  7.900000000 8.410971640000
796.154968000  7.900000000 8.190439220000
796.179993000  7.900000000 7.969104770000
796.205017000  7.900000000 7.747522350000
796.229980000  7.900000000 7.526240830000
796.255005000  7.900000000 7.305790420000
796.279968000  7.900000000 7.086676600000
796.304993000  7.900000000 6.869377140000
796.330017000  7.900000000 6.654339310000
796.354980000  7.900000000 6.441971780000
796.380005000  7.900000000 6.232645030000
796.404968000  7.900000000 6.026689530000
796.429993000  7.900000000 5.824402330000
796.455017000  7.900000000 5.626031400000
796.479980000  7.900000000 5.431791310000
796.505005000  7.900000000 5.241853710000
796.529968000  7.900000000 5.056361680000
796.554993000  7.900000000 4.875421050000
796.580017000  7.900000000 4.699108600000
796.604980000  7.900000000 4.527473930000
796.630005000  7.900000000 4.360540870000
796.654968000  7.900000000 4.198309900000
796.679993000  7.900000000 4.040763850000
796.705017000  7.900000000 3.887871270000
796.729980000  7.900000000 3.739581580000
796.755005000  7.900000000 3.595837590000
796.779968000  7.900000000 3.456567760000
796.804993000  7.900000000 3.321695800000
796.830017000  7.900000000 3.191135640000
796.854980000  7.900000000 3.064796690000
796.880005000  7.900000000 2.942582610000
796.904968000  7.900000000 2.824394940000
796.929993000  7.900000000 2.710137370000
796.955017000  7.900000000 2.599710230000
796.979980000  7.900000000 2.493015290000
797.005005000  7.900000000 2.389960530000
797.029968000  7.900000000 2.290452720000
797.054993000  7.900000000 2.194405080000
797.080017000  7.900000000 2.101732730000
797.104980000  7.900000000 2.012354370000
797.130005000  7.900000000 1.926190970000
797.154968000  7.900000000 1.843167070000
797.179993000  7.900000000 1.763210420000
797.205017000  7.900000000 1.686249850000
797.229980000  7.900000000 1.612218020000
797.255005000  7.900000000 1.541047330000
797.279968000  7.900000000 1.472671870000
797.304993000  7.900000000 1.407024380000
797.330017000  7.900000000 1.344038610000
797.354980000  7.900000000 1.283645990000
797.380005000  7.900000000 1.225778340000
797.404968000  7.900000000 1.170365930000
797.429993000  7.900000000 1.117338300000
797.455017000  7.900000000 1.066623930000
797.479980000  7.900000000 1.018149970000
797.505005000  7.900000000 0.971843839000
797.529968000  7.900000000 0.927631557000
797.554993000  7.900000000 0.885440409000
797.580017000  7.900000000 0.845196605000
797.604980000  7.900000000 0.806828260000
797.630005000  7.900000000 0.770264447000
797.654968000  7.900000000 0.735436380000
797.679993000  7.900000000 0.702277958000
797.705017000  7.900000000 0.670725822000
797.729980000  7.900000000 0.640721440000
797.755005000  7.900000000 0.612208962000
797.779968000  7.900000000 0.585137665000
797.804993000  7.900000000 0.559461236000
797.830017000  7.900000000 0.535138130000
797.854980000  7.900000000 0.512131393000
797.880005000  7.900000000 0.490410507000
797.904968000  7.900000000 0.469949484000
797.929993000  7.900000000 0.450728625000
797.955017000  7.900000000 0.432733744000
797.979980000  7.900000000 0.415956587000
798.005005000  7.900000000 0.400394410000
798.029968000  7.900000000 0.386049211000
798.054993000  7.900000000 0.372928023000
798.080017000  7.900000000 0.361041278000
798.104980000  7.900000000 0.350402862000
798.130005000  7.900000000 0.341028512000
798.154968000  7.900000000 0.332935214000
798.179993000  7.900000000 0.326140165000
798.205017000  7.900000000 0.320659757000
798.229980000  7.900000000 0.316508561000
798.255005000  7.900000000 0.313698530000
798.279968000  7.900000000 0.312237650000
798.304993000  7.900000000 0.312129319000
798.330017000  7.900000000 0.313371211000
798.354980000  7.900000000 0.315954596000
798.380005000  7.900000000 0.319863468000
798.404968000  7.900000000 0.325074434000
798.429993000  7.900000000 0.331556320000
798.455017000  7.900000000 0.339269608000
798.479980000  7.900000000 0.348167062000
798.505005000  7.900000000 0.358193219000
798.529968000  7.900000000 0.369285107000
798.554993000  7.900000000 0.381372213000
798.580017000  7.900000000 0.394377828000
798.604980000  7.900000000 0.408218563000
798.630005000  7.900000000 0.422806442000
798.654968000  7.900000000 0.438048899000
798.679993000  7.900000000 0.453850567000
798.705017000  7.900000000 0.470114052000
798.729980000  7.900000000 0.486741036000
798.755005000  7.900000000 0.503633738000
798.779968000  7.900000000 0.520695448000
798.804993000  7.900000000 0.537832201000
798.830017000  7.900000000 0.554953158000
798.854980000  7.900000000 0.571972072000
798.880005000  7.900000000 0.588807166000
798.904968000  7.900000000 0.605382860000
798.929993000  7.900000000 0.621629596000
798.955017000  7.900000000 0.637484729000
798.979980000  7.900000000 0.652892292000
799.005005000  7.900000000 0.667803764000
799.029968000  7.900000000 0.682178020000
799.054993000  7.900000000 0.695980966000
799.080017000  7.900000000 0.709185541000
799.104980000  7.900000000 0.721772134000
799.130005000  7.900000000 0.733727276000
799.154968000  7.900000000 0.745043695000
799.179993000  7.900000000 0.755719721000
799.205017000  7.900000000 0.765758574000
799.229980000  7.900000000 0.775168061000
799.255005000  7.900000000 0.783960104000
799.279968000  7.900000000 0.792149425000
799.304993000  7.900000000 0.799753785000
799.330017000  7.900000000 0.806792974000
799.354980000  7.900000000 0.813287914000
799.380005000  7.900000000 0.819260955000
799.404968000  7.900000000 0.824735045000
799.429993000  7.900000000 0.829732895000
799.455017000  7.900000000 0.834277630000
799.479980000  7.900000000 0.838391364000
799.505005000  7.900000000 0.842096329000
799.529968000  7.900000000 0.845413327000
799.554993000  7.900000000 0.848362446000
799.580017000  7.900000000 0.850962996000
799.604980000  7.900000000 0.853232801000
799.630005000  7.900000000 0.855189204000
799.654968000  7.900000000 0.856848359000
799.679993000  7.900000000 0.858226359000
799.705017000  7.900000000 0.859338820000
799.729980000  7.900000000 0.860201299000
799.755005000  7.900000000 0.860829651000
799.779968000  7.900000000 0.861240387000
799.804993000  7.900000000 0.861450434000
799.830017000  7.900000000 0.861477375000
799.854980000  7.900000000 0.861339271000
799.880005000  7.900000000 0.861055076000
799.904968000  7.900000000 0.860643268000
799.929993000  7.900000000 0.860123217000
799.955017000  7.900000000 0.859512746000
799.979980000  7.900000000 0.858829975000
800.005005000  7.900000000 0.858090460000
800.029968000  7.900000000 0.857308745000
800.054993000  7.900000000 0.856495798000
800.080017000  7.900000000 0.855661035000
800.104980000  7.900000000 0.854809701000
800.130005000  7.900000000 0.853943944000
800.154968000  7.900000000 0.853062510000
800.179993000  7.900000000 0.852160275000
800.205017000  7.900000000 0.851229370000
800.229980000  7.900000000 0.850258410000
800.255005000  7.900000000 0.849234104000
800.279968000  7.900000000 0.848140836000
800.304993000  7.900000000 0.846961915000
800.330017000  7.900000000 0.845680714000
800.354980000  7.900000000 0.844280660000
800.380005000  7.900000000 0.842747033000
800.404968000  7.900000000 0.841068029000
800.429993000  7.900000000 0.839235604000
800.455017000  7.900000000 0.837247312000
800.479980000  7.900000000 0.835107207000
800.505005000  7.900000000 0.832827508000
800.529968000  7.900000000 0.830429971000
800.554993000  7.900000000 0.827947319000
800.580017000  7.900000000 0.825424314000
800.604980000  7.900000000 0.822919846000
800.630005000  7.900000000 0.820506930000
800.654968000  7.900000000 0.818274796000
800.679993000  7.900000000 0.816329122000
800.705017000  7.900000000 0.814792991000
800.729980000  7.900000000 0.813807249000
800.755005000  7.900000000 0.813530862000
800.779968000  7.900000000 0.814141154000
800.804993000  7.900000000 0.815833747000
800.830017000  7.900000000 0.818821669000
800.854980000  7.900000000 0.823335469000
800.880005000  7.900000000 0.829622984000
800.904968000  7.900000000 0.837947667000
800.929993000  7.900000000 0.848588407000
800.955017000  7.900000000 0.861838400000
800.979980000  7.900000000 0.878003418000
801.005005000  7.900000000 0.897401392000
801.029968000  7.900000000 0.920361221000
801.054993000  7.900000000 0.947221041000
801.080017000  7.900000000 0.978327155000
801.104980000  7.900000000 1.014033200000
801.130005000  7.900000000 1.054697510000
801.154968000  7.900000000 1.100682620000
801.179993000  7.900000000 1.152352810000
801.205017000  7.900000000 1.210071920000
801.229980000  7.900000000 1.274201630000
801.255005000  7.900000000 1.345098260000
801.279968000  7.900000000 1.423110250000
801.304993000  7.900000000 1.508574370000
801.330017000  7.900000000 1.601811770000
801.354980000  7.900000000 1.703124400000
801.380005000  7.900000000 1.812789920000
801.404968000  7.900000000 1.931056740000
801.429993000  7.900000000 2.058136700000
801.455017000  7.900000000 2.194201950000
801.479980000  7.900000000 2.339375730000
801.505005000  7.900000000 2.493726020000
801.529968000  7.900000000 2.657260890000
801.554993000  7.900000000 2.829920290000
801.580017000  7.900000000 3.011568070000
801.604980000  7.900000000 3.201987270000
801.630005000  7.900000000 3.400876280000
801.654968000  7.900000000 3.607841010000
801.679993000  7.900000000 3.822393660000
801.705017000  7.900000000 4.043950080000
801.729980000  7.900000000 4.271831040000
801.755005000  7.900000000 4.505264760000
801.779968000  7.900000000 4.743386270000
801.804993000  7.900000000 4.985251900000
801.830017000  7.900000000 5.229840760000
801.854980000  7.900000000 5.476071360000
801.880005000  7.900000000 5.722809310000
801.904968000  7.900000000 5.968887330000
801.929993000  7.900000000 6.213118080000
801.955017000  7.900000000 6.454314230000
801.979980000  7.900000000 6.691300870000
802.005005000  7.900000000 6.922943120000
802.029968000  7.900000000 7.148158070000
802.054993000  7.900000000 7.365934370000
802.080017000  7.900000000 7.575346470000
802.104980000  7.900000000 7.775570870000
802.130005000  7.900000000 7.965898990000
802.154968000  7.900000000 8.145740510000
802.179993000  7.900000000 8.314641000000
802.205017000  7.900000000 8.472272870000
802.229980000  7.900000000 8.618443490000
802.255005000  7.900000000 8.753085140000
802.279968000  7.900000000 8.876260760000
802.304993000  7.900000000 8.988148690000
802.330017000  7.900000000 9.089027400000
802.354980000  7.900000000 9.179276470000
802.380005000  7.900000000 9.259350780000
802.404968000  7.900000000 9.329775810000
802.429993000  7.900000000 9.391131400000
802.455017000  7.900000000 9.444028850000
802.479980000  7.900000000 9.489121440000
802.505005000  7.900000000 9.527057650000
802.529968000  7.900000000 9.558498380000
802.554993000  7.900000000 9.584095950000
802.580017000  7.900000000 9.604484560000
802.604980000  7.900000000 9.620278360000
802.630005000  7.900000000 9.632063870000
802.654968000  7.900000000 9.640395160000
802.679993000  7.900000000 9.645793910000
802.705017000  7.900000000 9.648750310000
802.729980000  7.900000000 9.649720190000
802.755005000  7.900000000 9.649125100000
802.779968000  7.900000000 9.647363660000
802.804993000  7.900000000 9.644797330000
802.830017000  7.900000000 9.641774180000
802.854980000  7.900000000 9.638615610000
802.880005000  7.900000000 9.635628700000
802.904968000  7.900000000 9.633104320000
802.929993000  7.900000000 9.631322860000
802.955017000  7.900000000 9.630557060000
802.979980000  7.900000000 9.631073000000
803.005005000  7.900000000 9.633131030000
803.029968000  7.900000000 9.636987690000
803.054993000  7.900000000 9.642896650000
803.080017000  7.900000000 9.651100160000
803.104980000  7.900000000 9.661848070000
803.130005000  7.900000000 9.675377850000
803.154968000  7.900000000 9.691921230000
803.179993000  7.900000000 9.711706160000
803.205017000  7.900000000 9.734950070000
803.229980000  7.900000000 9.761865620000
803.255005000  7.900000000 9.792642590000
803.279968000  7.900000000 9.827465060000
803.304993000  7.900000000 9.866495130000
803.330017000  7.900000000 9.909874920000
803.354980000  7.900000000 9.957733150000
803.380005000  7.900000000 10.010165200000
803.404968000  7.900000000 10.067250300000
803.429993000  7.900000000 10.129037900000
803.455017000  7.900000000 10.195548100000
803.479980000  7.900000000 10.266769400000
803.505005000  7.900000000 10.342660000000
803.529968000  7.900000000 10.423147200000
803.554993000  7.900000000 10.508119600000
803.580017000  7.900000000 10.597421600000
803.604980000  7.900000000 10.690863600000
803.630005000  7.900000000 10.788213700000
803.654968000  7.900000000 10.889189700000
803.679993000  7.900000000 10.993467300000
803.705017000  7.900000000 11.100677500000
803.729980000  7.900000000 11.210401500000
803.755005000  7.900000000 11.322168400000
803.779968000  7.900000000 11.435472500000
803.804993000  7.900000000 11.549744600000
803.830017000  7.900000000 11.664377200000
803.854980000  7.900000000 11.778718000000
803.880005000  7.900000000 11.892067900000
803.904968000  7.900000000 12.003689800000
803.929993000  7.900000000 12.112808200000
803.955017000  7.900000000 12.218611700000
803.979980000  7.900000000 12.320269600000
804.005005000  7.900000000 12.416927300000
804.029968000  7.900000000 12.507728600000
804.054993000  7.900000000 12.591797800000
804.080017000  7.900000000 12.668278700000
804.104980000  7.900000000 12.736329100000
804.130005000  7.900000000 12.795134500000
804.154968000  7.900000000 12.843916900000
804.179993000  7.900000000 12.881960900000
804.205017000  7.900000000 12.908602700000
804.229980000  7.900000000 12.923256900000
804.255005000  7.900000000 12.925427400000
804.279968000  7.900000000 12.914712900000
804.304993000  7.900000000 12.890817600000
804.330017000  7.900000000 12.853538500000
804.354980000  7.900000000 12.802797300000
804.380005000  7.900000000 12.738623600000
804.404968000  7.900000000 12.661158600000
804.429993000  7.900000000 12.570645300000
804.455017000  7.900000000 12.467449200000
804.479980000  7.900000000 12.352025000000
804.505005000  7.900000000 12.224918400000
804.529968000  7.900000000 12.086763400000
804.554993000  7.900000000 11.938265800000
804.580017000  7.900000000 11.780195200000
804.604980000  7.900000000 11.613387100000
804.630005000  7.900000000 11.438699700000
804.654968000  7.900000000 11.257043800000
804.679993000  7.900000000 11.069349300000
804.705017000  7.900000000 10.876547800000
804.729980000  7.900000000 10.679592100000
804.755005000  7.900000000 10.479418800000
804.779968000  7.900000000 10.276948900000
804.804993000  7.900000000 10.073083900000
804.830017000  7.900000000 9.868701930000
804.854980000  7.900000000 9.664638520000
804.880005000  7.900000000 9.461694720000
804.904968000  7.900000000 9.260621070000
804.929993000  7.900000000 9.062120440000
804.955017000  7.900000000 8.866851810000
804.979980000  7.900000000 8.675408360000
805.005005000  7.900000000 8.488333700000
805.029968000  7.900000000 8.306113240000
805.054993000  7.900000000 8.129175190000
805.080017000  7.900000000 7.957890990000
805.104980000  7.900000000 7.792569640000
805.130005000  7.900000000 7.633465770000
805.154968000  7.900000000 7.480784890000
805.179993000  7.900000000 7.334675310000
805.205017000  7.900000000 7.195230480000
805.229980000  7.900000000 7.062501430000
805.255005000  7.900000000 6.936485770000
805.279968000  7.900000000 6.817143920000
805.304993000  7.900000000 6.704392430000
805.330017000  7.900000000 6.598110200000
805.354980000  7.900000000 6.498139860000
805.380005000  7.900000000 6.404297830000
805.404968000  7.900000000 6.316365240000
805.429993000  7.900000000 6.234101770000
805.455017000  7.900000000 6.157251360000
805.479980000  7.900000000 6.085539340000
805.505005000  7.900000000 6.018682480000
805.529968000  7.900000000 5.956388470000
805.554993000  7.900000000 5.898365500000
805.580017000  7.900000000 5.844326970000
805.604980000  7.900000000 5.793988230000
805.630005000  7.900000000 5.747079850000
805.654968000  7.900000000 5.703341960000
805.679993000  7.900000000 5.662534710000
805.705017000  7.900000000 5.624436380000
805.729980000  7.900000000 5.588845250000
805.755005000  7.900000000 5.555580620000
805.779968000  7.900000000 5.524480340000
805.804993000  7.900000000 5.495401860000
805.830017000  7.900000000 5.468217850000
805.854980000  7.900000000 5.442816730000
805.880005000  7.900000000 5.419097420000
805.904968000  7.900000000 5.396965500000
805.929993000  7.900000000 5.376326560000
805.955017000  7.900000000 5.357088570000
805.979980000  7.900000000 5.339153290000
806.005005000  7.900000000 5.322411060000
806.029968000  7.900000000 5.306743620000
806.054993000  7.900000000 5.292016510000
806.080017000  7.900000000 5.278079030000
806.104980000  7.900000000 5.264758590000
806.130005000  7.900000000 5.251864910000
806.154968000  7.900000000 5.239183430000
806.179993000  7.900000000 5.226479530000
806.205017000  7.900000000 5.213499070000
806.229980000  7.900000000 5.199965480000
806.255005000  7.900000000 5.185588840000
806.279968000  7.900000000 5.170068260000
806.304993000  7.900000000 5.153089050000
806.330017000  7.900000000 5.134336470000
806.354980000  7.900000000 5.113492970000
806.380005000  7.900000000 5.090252880000
806.404968000  7.900000000 5.064320090000
806.429993000  7.900000000 5.035419460000
806.455017000  7.900000000 5.003296850000
806.479980000  7.900000000 4.967736720000
806.505005000  7.900000000 4.928554060000
806.529968000  7.900000000 4.885607240000
806.554993000  7.900000000 4.838808060000
806.580017000  7.900000000 4.788114070000
806.604980000  7.900000000 4.733536240000
806.630005000  7.900000000 4.675144200000
806.654968000  7.900000000 4.613061430000
806.679993000  7.900000000 4.547464850000
806.705017000  7.900000000 4.478587630000
806.729980000  7.900000000 4.406706810000
806.755005000  7.900000000 4.332144260000
806.779968000  7.900000000 4.255261900000
806.804993000  7.900000000 4.176450730000
806.830017000  7.900000000 4.096129420000
806.854980000  7.900000000 4.014737130000
806.880005000  7.900000000 3.932722570000
806.904968000  7.900000000 3.850540160000
806.929993000  7.900000000 3.768640760000
806.955017000  7.900000000 3.687466140000
806.979980000  7.900000000 3.607446430000
807.005005000  7.900000000 3.528990510000
807.029968000  7.900000000 3.452479840000
807.054993000  7.900000000 3.378271340000
807.080017000  7.900000000 3.306686160000
807.104980000  7.900000000 3.238015170000
807.130005000  7.900000000 3.172512050000
807.154968000  7.900000000 3.110392810000
807.179993000  7.900000000 3.051836970000
807.205017000  7.900000000 2.996985670000
807.229980000  7.900000000 2.945941210000
807.255005000  7.900000000 2.898767950000
807.279968000  7.900000000 2.855493550000
807.304993000  7.900000000 2.816109660000
807.330017000  7.900000000 2.780572410000
807.354980000  7.900000000 2.748806950000
807.380005000  7.900000000 2.720706220000
807.404968000  7.900000000 2.696135760000
807.429993000  7.900000000 2.674933200000
807.455017000  7.900000000 2.656913520000
807.479980000  7.900000000 2.641869780000
807.505005000  7.900000000 2.629578110000
807.529968000  7.900000000 2.619796510000
807.554993000  7.900000000 2.612274170000
807.580017000  7.900000000 2.606749770000
807.604980000  7.900000000 2.602954860000
807.630005000  7.900000000 2.600620270000
807.654968000  7.900000000 2.599475380000
807.679993000  7.900000000 2.599255560000
807.705017000  7.900000000 2.599703310000
807.729980000  7.900000000 2.600570920000
807.755005000  7.900000000 2.601625680000
807.779968000  7.900000000 2.602652070000
807.804993000  7.900000000 2.603454830000
807.830017000  7.900000000 2.603858710000
807.854980000  7.900000000 2.603714230000
807.880005000  7.900000000 2.602896690000
807.904968000  7.900000000 2.601307630000
807.929993000  7.900000000 2.598877910000
807.955017000  7.900000000 2.595563650000
807.979980000  7.900000000 2.591348170000
808.005005000  7.900000000 2.586242200000
808.029968000  7.900000000 2.580280780000
808.054993000  7.900000000 2.573520900000
808.080017000  7.900000000 2.566041950000
808.104980000  7.900000000 2.557940720000
808.130005000  7.900000000 2.549330470000
808.154968000  7.900000000 2.540335890000
808.179993000  7.900000000 2.531092170000
808.205017000  7.900000000 2.521739240000
808.229980000  7.900000000 2.512422080000
808.255005000  7.900000000 2.503280640000
808.279968000  7.900000000 2.494455580000
808.304993000  7.900000000 2.486078740000
808.330017000  7.900000000 2.478271250000
808.354980000  7.900000000 2.471144440000
808.380005000  7.900000000 2.464794160000
808.404968000  7.900000000 2.459299800000
808.429993000  7.900000000 2.454724310000
808.455017000  7.900000000 2.451108930000
808.479980000  7.900000000 2.448477030000
808.505005000  7.900000000 2.446829800000
808.529968000  7.900000000 2.446146490000
808.554993000  7.900000000 2.446385150000
808.580017000  7.900000000 2.447481160000
808.604980000  7.900000000 2.449351790000
808.630005000  7.900000000 2.451891180000
808.654968000  7.900000000 2.454977510000
808.679993000  7.900000000 2.458469630000
808.705017000  7.900000000 2.462213040000
808.729980000  7.900000000 2.466035840000
808.755005000  7.900000000 2.469756600000
808.779968000  7.900000000 2.473183390000
808.804993000  7.900000000 2.476116180000
808.830017000  7.900000000 2.478350640000
808.854980000  7.900000000 2.479678630000
808.880005000  7.900000000 2.479892970000
808.904968000  7.900000000 2.478789570000
808.929993000  7.900000000 2.476169110000
808.955017000  7.900000000 2.471841340000
808.979980000  7.900000000 2.465629100000
809.005005000  7.900000000 2.457367180000
809.029968000  7.900000000 2.446910140000
809.054993000  7.900000000 2.434132100000
809.080017000  7.900000000 2.418928620000
809.104980000  7.900000000 2.401222470000
809.130005000  7.900000000 2.380960940000
809.154968000  7.900000000 2.358121400000
809.179993000  7.900000000 2.332710500000
809.205017000  7.900000000 2.304766650000
809.229980000  7.900000000 2.274357800000
809.255005000  7.900000000 2.241583110000
809.279968000  7.900000000 2.206570390000
809.304993000  7.900000000 2.169476030000
809.330017000  7.900000000 2.130481960000
809.354980000  7.900000000 2.089793680000
809.380005000  7.900000000 2.047636030000
809.404968000  7.900000000 2.004249810000
809.429993000  7.900000000 1.959890480000
809.455017000  7.900000000 1.914820550000
809.479980000  7.900000000 1.869309070000
809.505005000  7.900000000 1.823624970000
809.529968000  7.900000000 1.778035640000
809.554993000  7.900000000 1.732802150000
809.580017000  7.900000000 1.688176750000
809.604980000  7.900000000 1.644400720000
809.630005000  7.900000000 1.601699110000
809.654968000  7.900000000 1.560282350000
809.679993000  7.900000000 1.520341870000
809.705017000  7.900000000 1.482049700000
809.729980000  7.900000000 1.445556760000
809.755005000  7.900000000 1.410992030000
809.779968000  7.900000000 1.378462670000
809.804993000  7.900000000 1.348052020000
809.830017000  7.900000000 1.319820880000
809.854980000  7.900000000 1.293807390000
809.880005000  7.900000000 1.270027160000
809.904968000  7.900000000 1.248475430000
809.929993000  7.900000000 1.229125140000
809.955017000  7.900000000 1.211932300000
809.979980000  7.900000000 1.196834090000
810.005005000  7.900000000 1.183752540000
810.029968000  7.900000000 1.172594670000
810.054993000  7.900000000 1.163255100000
810.080017000  7.900000000 1.155617830000
810.104980000  7.900000000 1.149557830000
810.130005000  7.900000000 1.144943590000
810.154968000  7.900000000 1.141638280000
810.179993000  7.900000000 1.139502290000
810.205017000  7.900000000 1.138395430000
810.229980000  7.900000000 1.138177990000
810.255005000  7.900000000 1.138714080000
810.279968000  7.900000000 1.139871120000
810.304993000  7.900000000 1.141524200000
810.330017000  7.900000000 1.143556120000
810.354980000  7.900000000 1.145858530000
810.380005000  7.900000000 1.148334500000
810.404968000  7.900000000 1.150898810000
810.429993000  7.900000000 1.153478030000
810.455017000  7.900000000 1.156013010000
810.479980000  7.900000000 1.158457760000
810.505005000  7.900000000 1.160780070000
810.529968000  7.900000000 1.162961130000
810.554993000  7.900000000 1.164994960000
810.580017000  7.900000000 1.166888590000
810.604980000  7.900000000 1.168660160000
810.630005000  7.900000000 1.170337320000
810.654968000  7.900000000 1.171956420000
810.679993000  7.900000000 1.173560620000
810.705017000  7.900000000 1.175197840000
810.729980000  7.900000000 1.176916960000
810.755005000  7.900000000 1.178768160000
810.779968000  7.900000000 1.180798650000
810.804993000  7.900000000 1.183050390000
810.830017000  7.900000000 1.185558080000
810.854980000  7.900000000 1.188346740000
810.880005000  7.900000000 1.191429500000
810.904968000  7.900000000 1.194806460000
810.929993000  7.900000000 1.198461530000
810.955017000  7.900000000 1.202363610000
810.979980000  7.900000000 1.206462740000
811.005005000  7.900000000 1.210693720000
811.029968000  7.900000000 1.214971780000
811.054993000  7.900000000 1.219197150000
811.080017000  7.900000000 1.223252890000
811.104980000  7.900000000 1.227009300000
811.130005000  7.900000000 1.230323670000
811.154968000  7.900000000 1.233044510000
811.179993000  7.900000000 1.235013370000
811.205017000  7.900000000 1.236068490000
811.229980000  7.900000000 1.236048100000
811.255005000  7.900000000 1.234794500000
811.279968000  7.900000000 1.232156990000
811.304993000  7.900000000 1.227996110000
811.330017000  7.900000000 1.222187040000
811.354980000  7.900000000 1.214622620000
811.380005000  7.900000000 1.205217120000
811.404968000  7.900000000 1.193907620000
811.429993000  7.900000000 1.180656910000
811.455017000  7.900000000 1.165455340000
811.479980000  7.900000000 1.148320790000
811.505005000  7.900000000 1.129300360000
811.529968000  7.900000000 1.108468770000
811.554993000  7.900000000 1.085928560000
811.580017000  7.900000000 1.061808350000
811.604980000  7.900000000 1.036260250000
811.630005000  7.900000000 1.009458180000
811.654968000  7.900000000 0.981593668000
811.679993000  7.900000000 0.952873588000
811.705017000  7.900000000 0.923515797000
811.729980000  7.900000000 0.893746197000
811.755005000  7.900000000 0.863793671000
811.779968000  7.900000000 0.833887577000
811.804993000  7.900000000 0.804254711000
811.830017000  7.900000000 0.775114596000
811.854980000  7.900000000 0.746678174000
811.880005000  7.900000000 0.719144046000
811.904968000  7.900000000 0.692697346000
811.929993000  7.900000000 0.667507172000
811.955017000  7.900000000 0.643726230000
811.979980000  7.900000000 0.621489286000
812.005005000  7.900000000 0.600912631000
812.029968000  7.900000000 0.582094729000
812.054993000  7.900000000 0.565115571000
812.080017000  7.900000000 0.550037444000
812.104980000  7.900000000 0.536906064000
812.130005000  7.900000000 0.525750458000
812.154968000  7.900000000 0.516585052000
812.179993000  7.900000000 0.509409428000
812.205017000  7.900000000 0.504210472000
812.229980000  7.900000000 0.500962377000
812.255005000  7.900000000 0.499629021000
812.279968000  7.900000000 0.500164032000
812.304993000  7.900000000 0.502512693000
812.330017000  7.900000000 0.506612539000
812.354980000  7.900000000 0.512394428000
812.380005000  7.900000000 0.519783914000
812.404968000  7.900000000 0.528701961000
812.429993000  7.900000000 0.539066195000
812.455017000  7.900000000 0.550791264000
812.479980000  7.900000000 0.563789546000
812.505005000  7.900000000 0.577971935000
812.529968000  7.900000000 0.593247354000
812.554993000  7.900000000 0.609523833000
812.580017000  7.900000000 0.626707911000
812.604980000  7.900000000 0.644704998000
812.630005000  7.900000000 0.663419724000
812.654968000  7.900000000 0.682755232000
812.679993000  7.900000000 0.702613950000
812.705017000  7.900000000 0.722897112000
812.729980000  7.900000000 0.743505001000
812.755005000  7.900000000 0.764336646000
812.779968000  7.900000000 0.785290956000
812.804993000  7.900000000 0.806266129000
812.830017000  7.900000000 0.827160180000
812.854980000  7.900000000 0.847872019000
812.880005000  7.900000000 0.868301213000
812.904968000  7.900000000 0.888349831000
812.929993000  7.900000000 0.907921851000
812.955017000  7.900000000 0.926925421000
812.979980000  7.900000000 0.945273042000
813.005005000  7.900000000 0.962883055000
813.029968000  7.900000000 0.979680300000
813.054993000  7.900000000 0.995597422000
813.080017000  7.900000000 1.010575410000
813.104980000  7.900000000 1.024565220000
813.130005000  7.900000000 1.037527320000
813.154968000  7.900000000 1.049432870000
813.179993000  7.900000000 1.060263990000
813.205017000  7.900000000 1.070013760000
813.229980000  7.900000000 1.078685880000
813.255005000  7.900000000 1.086294890000
813.279968000  7.900000000 1.092864510000
813.304993000  7.900000000 1.098428490000
813.330017000  7.900000000 1.103027460000
813.354980000  7.900000000 1.106710080000
813.380005000  7.900000000 1.109530810000
813.404968000  7.900000000 1.111548540000
813.429993000  7.900000000 1.112825870000
813.455017000  7.900000000 1.113427520000
813.479980000  7.900000000 1.113418820000
813.505005000  7.900000000 1.112865810000
813.529968000  7.900000000 1.111832380000
813.554993000  7.900000000 1.110380770000
813.580017000  7.900000000 1.108570220000
813.604980000  7.900000000 1.106456520000
813.630005000  7.900000000 1.104091290000
813.654968000  7.900000000 1.101522210000
813.679993000  7.900000000 1.098791960000
813.705017000  7.900000000 1.095939040000
813.729980000  7.900000000 1.092998150000
813.755005000  7.900000000 1.089999560000
813.779968000  7.900000000 1.086970090000
813.804993000  7.900000000 1.083934070000
813.830017000  7.900000000 1.080913310000
813.854980000  7.900000000 1.077928190000
813.880005000  7.900000000 1.074998740000
813.904968000  7.900000000 1.072144630000
813.929993000  7.900000000 1.069387080000
813.955017000  7.900000000 1.066748620000
813.979980000  7.900000000 1.064254760000
814.005005000  7.900000000 1.061933760000
814.029968000  7.900000000 1.059818270000
814.054993000  7.900000000 1.057945250000
814.080017000  7.900000000 1.056355480000
814.104980000  7.900000000 1.055095790000
814.130005000  7.900000000 1.054217340000
814.154968000  7.900000000 1.053776500000
814.179993000  7.900000000 1.053833960000
814.205017000  7.900000000 1.054454920000
814.229980000  7.900000000 1.055707810000
814.255005000  7.900000000 1.057664040000
814.279968000  7.900000000 1.060397150000
814.304993000  7.900000000 1.063981890000
814.330017000  7.900000000 1.068492530000
814.354980000  7.900000000 1.074003220000
814.380005000  7.900000000 1.080585600000
814.404968000  7.900000000 1.088308690000
814.429993000  7.900000000 1.097236990000
814.455017000  7.900000000 1.107431050000
814.479980000  7.900000000 1.118945240000
814.505005000  7.900000000 1.131827590000
814.529968000  7.900000000 1.146119360000
814.554993000  7.900000000 1.161854390000
814.580017000  7.900000000 1.179058430000
814.604980000  7.900000000 1.197749850000
814.630005000  7.900000000 1.217938780000
814.654968000  7.900000000 1.239628200000
814.679993000  7.900000000 1.262813330000
814.705017000  7.900000000 1.287482380000
814.729980000  7.900000000 1.313616870000
814.755005000  7.900000000 1.341192840000
814.779968000  7.900000000 1.370180850000
814.804993000  7.900000000 1.400546310000
814.830017000  7.900000000 1.432250860000
814.854980000  7.900000000 1.465252160000
814.880005000  7.900000000 1.499506240000
814.904968000  7.900000000 1.534965990000
814.929993000  7.900000000 1.571582440000
814.955017000  7.900000000 1.609306340000
814.979980000  7.900000000 1.648086670000
815.005005000  7.900000000 1.687873010000
815.029968000  7.900000000 1.728615520000
815.054993000  7.900000000 1.770264030000
815.080017000  7.900000000 1.812770370000
815.104980000  7.900000000 1.856087090000
815.130005000  7.900000000 1.900168420000
815.154968000  7.900000000 1.944969890000
815.179993000  7.900000000 1.990449550000
815.205017000  7.900000000 2.036566970000
815.229980000  7.900000000 2.083284620000
815.255005000  7.900000000 2.130566360000
815.279968000  7.900000000 2.178379540000
815.304993000  7.900000000 2.226693390000
815.330017000  7.900000000 2.275480270000
815.354980000  7.900000000 2.324714900000
815.380005000  7.900000000 2.374375340000
815.404968000  7.900000000 2.424440620000
815.429993000  7.900000000 2.474896430000
815.455017000  7.900000000 2.525726560000
815.479980000  7.900000000 2.576920510000
815.505005000  7.900000000 2.628469230000
815.529968000  7.900000000 2.680366990000
815.554993000  7.900000000 2.732608320000
815.580017000  7.900000000 2.785192250000
815.604980000  7.900000000 2.838115930000
815.630005000  7.900000000 2.891381500000
815.654968000  7.900000000 2.944989440000
815.679993000  7.900000000 2.998942850000
815.705017000  7.900000000 3.053243400000
815.729980000  7.900000000 3.107894900000
815.755005000  7.900000000 3.162896390000
815.779968000  7.900000000 3.218252660000
815.804993000  7.900000000 3.273962020000
815.830017000  7.900000000 3.330022570000
815.854980000  7.900000000 3.386432410000
815.880005000  7.900000000 3.443185090000
815.904968000  7.900000000 3.500272750000
815.929993000  7.900000000 3.557683230000
815.955017000  7.900000000 3.615401980000
815.979980000  7.900000000 3.673410890000
816.005005000  7.900000000 3.731685640000
816.029968000  7.900000000 3.790199760000
816.054993000  7.900000000 3.848919390000
816.080017000  7.900000000 3.907809730000
816.104980000  7.900000000 3.966827150000
816.130005000  7.900000000 4.025924680000
816.154968000  7.900000000 4.085050580000
816.179993000  7.900000000 4.144148830000
816.205017000  7.900000000 4.203155990000
816.229980000  7.900000000 4.262010100000
816.255005000  7.900000000 4.320641040000
816.279968000  7.900000000 4.378979680000
816.304993000  7.900000000 4.436954500000
816.330017000  7.900000000 4.494495870000
816.354980000  7.900000000 4.551531790000
816.380005000  7.900000000 4.607994560000
816.404968000  7.900000000 4.663820270000
816.429993000  7.900000000 4.718950750000
816.455017000  7.900000000 4.773330690000
816.479980000  7.900000000 4.826913830000
816.505005000  7.900000000 4.879661080000
816.529968000  7.900000000 4.931544780000
816.554993000  7.900000000 4.982543950000
816.580017000  7.900000000 5.032649520000
816.604980000  7.900000000 5.081860070000
816.630005000  7.900000000 5.130187990000
816.654968000  7.900000000 5.177652840000
816.679993000  7.900000000 5.224281310000
816.705017000  7.900000000 5.270112990000
816.729980000  7.900000000 5.315188880000
816.755005000  7.900000000 5.359557630000
816.779968000  7.900000000 5.403270720000
816.804993000  7.900000000 5.446379180000
816.830017000  7.900000000 5.488938330000
816.854980000  7.900000000 5.530999180000
816.880005000  7.900000000 5.572608950000
816.904968000  7.900000000 5.613813880000
816.929993000  7.900000000 5.654648780000
816.955017000  7.900000000 5.695143220000
816.979980000  7.900000000 5.735319610000
817.005005000  7.900000000 5.775188920000
817.029968000  7.900000000 5.814754010000
817.054993000  7.900000000 5.854004860000
817.080017000  7.900000000 5.892922400000
817.104980000  7.900000000 5.931481840000
817.130005000  7.900000000 5.969642160000
817.154968000  7.900000000 6.007358070000
817.179993000  7.900000000 6.044574260000
817.205017000  7.900000000 6.081229690000
817.229980000  7.900000000 6.117254730000
817.255005000  7.900000000 6.152581690000
817.279968000  7.900000000 6.187132360000
817.304993000  7.900000000 6.220831390000
817.330017000  7.900000000 6.253597260000
817.354980000  7.900000000 6.285353660000
817.380005000  7.900000000 6.316023350000
817.404968000  7.900000000 6.345527170000
817.429993000  7.900000000 6.373791690000
817.455017000  7.900000000 6.400743480000
817.479980000  7.900000000 6.426312920000
817.505005000  7.900000000 6.450431350000
817.529968000  7.900000000 6.473035810000
817.554993000  7.900000000 6.494060040000
817.580017000  7.900000000 6.513446330000
817.604980000  7.900000000 6.531135560000
817.630005000  7.900000000 6.547071930000
817.654968000  7.900000000 6.561201570000
817.679993000  7.900000000 6.573475840000
817.705017000  7.900000000 6.583845140000
817.729980000  7.900000000 6.592265130000
817.755005000  7.900000000 6.598694320000
817.779968000  7.900000000 6.603096010000
817.804993000  7.900000000 6.605436330000
817.830017000  7.900000000 6.605687140000
817.854980000  7.900000000 6.603828430000
817.880005000  7.900000000 6.599841120000
817.904968000  7.900000000 6.593719480000
817.929993000  7.900000000 6.585456850000
817.955017000  7.900000000 6.575059890000
817.979980000  7.900000000 6.562539580000
818.005005000  7.900000000 6.547915940000
818.029968000  7.900000000 6.531211850000
818.054993000  7.900000000 6.512463090000
818.080017000  7.900000000 6.491705890000
818.104980000  7.900000000 6.468985560000
818.130005000  7.900000000 6.444350240000
818.154968000  7.900000000 6.417853360000
818.179993000  7.900000000 6.389553070000
818.205017000  7.900000000 6.359510420000
818.229980000  7.900000000 6.327791690000
818.255005000  7.900000000 6.294460300000
818.279968000  7.900000000 6.259585380000
818.304993000  7.900000000 6.223237990000
818.330017000  7.900000000 6.185486320000
818.354980000  7.900000000 6.146403790000
818.380005000  7.900000000 6.106060980000
818.404968000  7.900000000 6.064531800000
818.429993000  7.900000000 6.021888260000
818.455017000  7.900000000 5.978204730000
818.479980000  7.900000000 5.933552270000
818.505005000  7.900000000 5.888004300000
818.529968000  7.900000000 5.841636180000
818.554993000  7.900000000 5.794520380000
818.580017000  7.900000000 5.746728420000
818.604980000  7.900000000 5.698333260000
818.630005000  7.900000000 5.649407390000
818.654968000  7.900000000 5.600024220000
818.679993000  7.900000000 5.550251480000
818.705017000  7.900000000 5.500163080000
818.729980000  7.900000000 5.449823380000
818.755005000  7.900000000 5.399303440000
818.779968000  7.900000000 5.348667620000
818.804993000  7.900000000 5.297979350000
818.830017000  7.900000000 5.247303960000
818.854980000  7.900000000 5.196700570000
818.880005000  7.900000000 5.146228790000
818.904968000  7.900000000 5.095942020000
818.929993000  7.900000000 5.045897480000
818.955017000  7.900000000 4.996146680000
818.979980000  7.900000000 4.946735380000
819.005005000  7.900000000 4.897710320000
819.029968000  7.900000000 4.849113460000
819.054993000  7.900000000 4.800985340000
819.080017000  7.900000000 4.753359790000
819.104980000  7.900000000 4.706267830000
819.130005000  7.900000000 4.659736630000
819.154968000  7.900000000 4.613788600000
819.179993000  7.900000000 4.568443780000
819.205017000  7.900000000 4.523712640000
819.229980000  7.900000000 4.479606630000
819.255005000  7.900000000 4.436129570000
819.279968000  7.900000000 4.393280030000
819.304993000  7.900000000 4.351050850000
819.330017000  7.900000000 4.309434410000
819.354980000  7.900000000 4.268411640000
819.380005000  7.900000000 4.227962970000
819.404968000  7.900000000 4.188064580000
819.429993000  7.900000000 4.148684020000
819.455017000  7.900000000 4.109789850000
819.479980000  7.900000000 4.071342950000
819.505005000  7.900000000 4.033302310000
819.529968000  7.900000000 3.995624070000
819.554993000  7.900000000 3.958258150000
819.580017000  7.900000000 3.921156170000
819.604980000  7.900000000 3.884264230000
819.630005000  7.900000000 3.847527740000
819.654968000  7.900000000 3.810893300000
819.679993000  7.900000000 3.774301530000
819.705017000  7.900000000 3.737695930000
819.729980000  7.900000000 3.701020240000
819.755005000  7.900000000 3.664217710000
819.779968000  7.900000000 3.627233270000
819.804993000  7.900000000 3.590014460000
819.830017000  7.900000000 3.552510500000
819.854980000  7.900000000 3.514672760000
819.880005000  7.900000000 3.476456640000
819.904968000  7.900000000 3.437823530000
819.929993000  7.900000000 3.398736480000
819.955017000  7.900000000 3.359164710000
819.979980000  7.900000000 3.319083690000
820.005005000  7.900000000 3.278472900000
820.029968000  7.900000000 3.237320900000
820.054993000  7.900000000 3.195620540000
820.080017000  7.900000000 3.153372290000
820.104980000  7.900000000 3.110583540000
820.130005000  7.900000000 3.067269560000
820.154968000  7.900000000 3.023452280000
820.179993000  7.900000000 2.979160790000
820.205017000  7.900000000 2.934430600000
820.229980000  7.900000000 2.889305590000
820.255005000  7.900000000 2.843835120000
820.279968000  7.900000000 2.798075910000
820.304993000  7.900000000 2.752092840000
820.330017000  7.900000000 2.705952410000
820.354980000  7.900000000 2.659734010000
820.380005000  7.900000000 2.613518240000
820.404968000  7.900000000 2.567394020000
820.429993000  7.900000000 2.521454810000
820.455017000  7.900000000 2.475800510000
820.479980000  7.900000000 2.430536030000
820.505005000  7.900000000 2.385771990000
820.529968000  7.900000000 2.341624020000
820.554993000  7.900000000 2.298212290000
820.580017000  7.900000000 2.255661960000
820.604980000  7.900000000 2.214102510000
820.630005000  7.900000000 2.173666480000
820.654968000  7.900000000 2.134489540000
820.679993000  7.900000000 2.096710920000
820.705017000  7.900000000 2.060469870000
820.729980000  7.900000000 2.025907040000
820.755005000  7.900000000 1.993163590000
820.779968000  7.900000000 1.962379340000
820.804993000  7.900000000 1.933690790000
820.830017000  7.900000000 1.907233950000
820.854980000  7.900000000 1.883138780000
820.880005000  7.900000000 1.861530300000
820.904968000  7.900000000 1.842529300000
820.929993000  7.900000000 1.826249000000
820.955017000  7.900000000 1.812796350000
820.979980000  7.900000000 1.802270410000
821.005005000  7.900000000 1.794762020000
821.029968000  7.900000000 1.790355920000
821.054993000  7.900000000 1.789126400000
821.080017000  7.900000000 1.791142340000
821.104980000  7.900000000 1.796463610000
821.130005000  7.900000000 1.805143000000
821.154968000  7.900000000 1.817226410000
821.179993000  7.900000000 1.832753660000
821.205017000  7.900000000 1.851758480000
821.229980000  7.900000000 1.874268170000
821.255005000  7.900000000 1.900307540000
821.279968000  7.900000000 1.929895760000
821.304993000  7.900000000 1.963048930000
821.330017000  7.900000000 1.999780540000
821.354980000  7.900000000 2.040100340000
821.380005000  7.900000000 2.084017040000
821.404968000  7.900000000 2.131536720000
821.429993000  7.900000000 2.182663680000
821.455017000  7.900000000 2.237400290000
821.479980000  7.900000000 2.295749190000
821.505005000  7.900000000 2.357709650000
821.529968000  7.900000000 2.423282380000
821.554993000  7.900000000 2.492465500000
821.580017000  7.900000000 2.565258980000
821.604980000  7.900000000 2.641659740000
821.630005000  7.900000000 2.721668480000
821.654968000  7.900000000 2.805282120000
821.679993000  7.900000000 2.892501830000
821.705017000  7.900000000 2.983327630000
821.729980000  7.900000000 3.077761650000
821.755005000  7.900000000 3.175804380000
821.779968000  7.900000000 3.277461050000
821.804993000  7.900000000 3.382735250000
821.830017000  7.900000000 3.491632940000
821.854980000  7.900000000 3.604159360000
821.880005000  7.900000000 3.720321420000
821.904968000  7.900000000 3.840124370000
821.929993000  7.900000000 3.963575120000
821.955017000  7.900000000 4.090677260000
821.979980000  7.900000000 4.221437450000
822.005005000  7.900000000 4.355856900000
822.029968000  7.900000000 4.493935590000
822.054993000  7.900000000 4.635674000000
822.080017000  7.900000000 4.781066890000
822.104980000  7.900000000 4.930109980000
822.130005000  7.900000000 5.082792760000
822.154968000  7.900000000 5.239107610000
822.179993000  7.900000000 5.399039270000
822.205017000  7.900000000 5.562574390000
822.229980000  7.900000000 5.729696750000
822.255005000  7.900000000 5.900388720000
822.279968000  7.900000000 6.074635980000
822.304993000  7.900000000 6.252420900000
822.330017000  7.900000000 6.433730130000
822.354980000  7.900000000 6.618549820000
822.380005000  7.900000000 6.806870940000
822.404968000  7.900000000 6.998690610000
822.429993000  7.900000000 7.194004540000
822.455017000  7.900000000 7.392814160000
822.479980000  7.900000000 7.595126150000
822.505005000  7.900000000 7.800951960000
822.529968000  7.900000000 8.010311130000
822.554993000  7.900000000 8.223220830000
822.580017000  7.900000000 8.439711570000
822.604980000  7.900000000 8.659814830000
822.630005000  7.900000000 8.883568760000
822.654968000  7.900000000 9.111008640000
822.679993000  7.900000000 9.342185020000
822.705017000  7.900000000 9.577144620000
822.729980000  7.900000000 9.815938000000
822.755005000  7.900000000 10.058622400000
822.779968000  7.900000000 10.305250200000
822.804993000  7.900000000 10.555877700000
822.830017000  7.900000000 10.810557400000
822.854980000  7.900000000 11.069343600000
822.880005000  7.900000000 11.332284000000
822.904968000  7.900000000 11.599412000000
822.929993000  7.900000000 11.870768500000
822.955017000  7.900000000 12.146373700000
822.979980000  7.900000000 12.426235200000
823.005005000  7.900000000 12.710348100000
823.029968000  7.900000000 12.998689700000
823.054993000  7.900000000 13.291219700000
823.080017000  7.900000000 13.587870600000
823.104980000  7.900000000 13.888556500000
823.130005000  7.900000000 14.193160100000
823.154968000  7.900000000 14.501535400000
823.179993000  7.900000000 14.813517600000
823.205017000  7.900000000 15.128892900000
823.229980000  7.900000000 15.447427700000
823.255005000  7.900000000 15.768855100000
823.279968000  7.900000000 16.092868800000
823.304993000  7.900000000 16.419128400000
823.330017000  7.900000000 16.747270600000
823.354980000  7.900000000 17.076894800000
823.380005000  7.900000000 17.407573700000
823.404968000  7.900000000 17.738847700000
823.429993000  7.900000000 18.070238100000
823.455017000  7.900000000 18.401239400000
823.479980000  7.900000000 18.731340400000
823.505005000  7.900000000 19.060010900000
823.529968000  7.900000000 19.386707300000
823.554993000  7.900000000 19.710901300000
823.580017000  7.900000000 20.032054900000
823.604980000  7.900000000 20.349641800000
823.630005000  7.900000000 20.663148900000
823.654968000  7.900000000 20.972087900000
823.679993000  7.900000000 21.275997200000
823.705017000  7.900000000 21.574432400000
823.729980000  7.900000000 21.866996800000
823.755005000  7.900000000 22.153320300000
823.779968000  7.900000000 22.433063500000
823.804993000  7.900000000 22.705959300000
823.830017000  7.900000000 22.971746400000
823.854980000  7.900000000 23.230218900000
823.880005000  7.900000000 23.481199300000
823.904968000  7.900000000 23.724550200000
823.929993000  7.900000000 23.960178400000
823.955017000  7.900000000 24.188005400000
823.979980000  7.900000000 24.407981900000
824.005005000  7.900000000 24.620077100000
824.029968000  7.900000000 24.824283600000
824.054993000  7.900000000 25.020597500000
824.080017000  7.900000000 25.209022500000
824.104980000  7.900000000 25.389562600000
824.130005000  7.900000000 25.562242500000
824.154968000  7.900000000 25.727067900000
824.179993000  7.900000000 25.884027500000
824.205017000  7.900000000 26.033130600000
824.229980000  7.900000000 26.174354600000
824.255005000  7.900000000 26.307689700000
824.279968000  7.900000000 26.433107400000
824.304993000  7.900000000 26.550560000000
824.330017000  7.900000000 26.660017000000
824.354980000  7.900000000 26.761415500000
824.380005000  7.900000000 26.854707700000
824.404968000  7.900000000 26.939836500000
824.429993000  7.900000000 27.016740800000
824.455017000  7.900000000 27.085371000000
824.479980000  7.900000000 27.145677600000
824.505005000  7.900000000 27.197618500000
824.529968000  7.900000000 27.241134600000
824.554993000  7.900000000 27.276210800000
824.580017000  7.900000000 27.302824000000
824.604980000  7.900000000 27.320934300000
824.630005000  7.900000000 27.330549200000
824.654968000  7.900000000 27.331668900000
824.679993000  7.900000000 27.324283600000
824.705017000  7.900000000 27.308410600000
824.729980000  7.900000000 27.284069100000
824.755005000  7.900000000 27.251274100000
824.779968000  7.900000000 27.210048700000
824.804993000  7.900000000 27.160423300000
824.830017000  7.900000000 27.102441800000
824.854980000  7.900000000 27.036113700000
824.880005000  7.900000000 26.961481100000
824.904968000  7.900000000 26.878578200000
824.929993000  7.900000000 26.787448900000
824.955017000  7.900000000 26.688129400000
824.979980000  7.900000000 26.580673200000
825.005005000  7.900000000 26.465118400000
825.029968000  7.900000000 26.341510800000
825.054993000  7.900000000 26.209924700000
825.080017000  7.900000000 26.070411700000
825.104980000  7.900000000 25.923034700000
825.130005000  7.900000000 25.767887100000
825.154968000  7.900000000 25.605045300000
825.179993000  7.900000000 25.434616100000
825.205017000  7.900000000 25.256708100000
825.229980000  7.900000000 25.071432100000
825.255005000  7.900000000 24.878938700000
825.279968000  7.900000000 24.679361300000
825.304993000  7.900000000 24.472885100000
825.330017000  7.900000000 24.259664500000
825.354980000  7.900000000 24.039907500000
825.380005000  7.900000000 23.813827500000
825.404968000  7.900000000 23.581642200000
825.429993000  7.900000000 23.343606900000
825.455017000  7.900000000 23.099950800000
825.479980000  7.900000000 22.850967400000
825.505005000  7.900000000 22.596929600000
825.529968000  7.900000000 22.338132900000
825.554993000  7.900000000 22.074874900000
825.580017000  7.900000000 21.807479900000
825.604980000  7.900000000 21.536260600000
825.630005000  7.900000000 21.261537600000
825.654968000  7.900000000 20.983644500000
825.679993000  7.900000000 20.702884700000
825.705017000  7.900000000 20.419597600000
825.729980000  7.900000000 20.134088500000
825.755005000  7.900000000 19.846662500000
825.779968000  7.900000000 19.557611500000
825.804993000  7.900000000 19.267242400000
825.830017000  7.900000000 18.975809100000
825.854980000  7.900000000 18.683584200000
825.880005000  7.900000000 18.390827200000
825.904968000  7.900000000 18.097755400000
825.929993000  7.900000000 17.804607400000
825.955017000  7.900000000 17.511587100000
825.979980000  7.900000000 17.218898800000
826.005005000  7.900000000 16.926717800000
826.029968000  7.900000000 16.635231000000
826.054993000  7.900000000 16.344606400000
826.080017000  7.900000000 16.054994600000
826.104980000  7.900000000 15.766556700000
826.130005000  7.900000000 15.479420700000
826.154968000  7.900000000 15.193728400000
826.179993000  7.900000000 14.909614600000
826.205017000  7.900000000 14.627207800000
826.229980000  7.900000000 14.346628200000
826.255005000  7.900000000 14.067994100000
826.279968000  7.900000000 13.791425700000
826.304993000  7.900000000 13.517040300000
826.330017000  7.900000000 13.244952200000
826.354980000  7.900000000 12.975275000000
826.380005000  7.900000000 12.708124200000
826.404968000  7.900000000 12.443612100000
826.429993000  7.900000000 12.181846600000
826.455017000  7.900000000 11.922943100000
826.479980000  7.900000000 11.667010300000
826.505005000  7.900000000 11.414156000000
826.529968000  7.900000000 11.164487800000
826.554993000  7.900000000 10.918104200000
826.580017000  7.900000000 10.675117500000
826.604980000  7.900000000 10.435621300000
826.630005000  7.900000000 10.199709900000
826.654968000  7.900000000 9.967479710000
826.679993000  7.900000000 9.739011760000
826.705017000  7.900000000 9.514394760000
826.729980000  7.900000000 9.293702130000
826.755005000  7.900000000 9.077006340000
826.779968000  7.900000000 8.864376070000
826.804993000  7.900000000 8.655871390000
826.830017000  7.900000000 8.451549530000
826.854980000  7.900000000 8.251464840000
826.880005000  7.900000000 8.055661200000
826.904968000  7.900000000 7.864180560000
826.929993000  7.900000000 7.677058700000
826.955017000  7.900000000 7.494327550000
826.979980000  7.900000000 7.316023350000
827.005005000  7.900000000 7.142168050000
827.029968000  7.900000000 6.972787380000
827.054993000  7.900000000 6.807897090000
827.080017000  7.900000000 6.647517680000
827.104980000  7.900000000 6.491664890000
827.130005000  7.900000000 6.340349200000
827.154968000  7.900000000 6.193578240000
827.179993000  7.900000000 6.051360130000
827.205017000  7.900000000 5.913694380000
827.229980000  7.900000000 5.780579090000
827.255005000  7.900000000 5.652007100000
827.279968000  7.900000000 5.527966020000
827.304993000  7.900000000 5.408439640000
827.330017000  7.900000000 5.293402190000
827.354980000  7.900000000 5.182825570000
827.380005000  7.900000000 5.076673980000
827.404968000  7.900000000 4.974906920000
827.429993000  7.900000000 4.877476220000
827.455017000  7.900000000 4.784329410000
827.479980000  7.900000000 4.695405480000
827.505005000  7.900000000 4.610642910000
827.529968000  7.900000000 4.529973030000
827.554993000  7.900000000 4.453328130000
827.580017000  7.900000000 4.380635260000
827.604980000  7.900000000 4.311820510000
827.630005000  7.900000000 4.246810910000
827.654968000  7.900000000 4.185532570000
827.679993000  7.900000000 4.127916340000
827.705017000  7.900000000 4.073891640000
827.729980000  7.900000000 4.023399350000
827.755005000  7.900000000 3.976376770000
827.779968000  7.900000000 3.932775500000
827.804993000  7.900000000 3.892548560000
827.830017000  7.900000000 3.855662110000
827.854980000  7.900000000 3.822088000000
827.880005000  7.900000000 3.791810990000
827.904968000  7.900000000 3.764825340000
827.929993000  7.900000000 3.741134640000
827.955017000  7.900000000 3.720756050000
827.979980000  7.900000000 3.703717470000
828.005005000  7.900000000 3.690060850000
828.029968000  7.900000000 3.679837470000
828.054993000  7.900000000 3.673111200000
828.080017000  7.900000000 3.669958830000
828.104980000  7.900000000 3.670466900000
828.130005000  7.900000000 3.674733880000
828.154968000  7.900000000 3.682865620000
828.179993000  7.900000000 3.694981580000
828.205017000  7.900000000 3.711204050000
828.229980000  7.900000000 3.731668470000
828.255005000  7.900000000 3.756513120000
828.279968000  7.900000000 3.785882950000
828.304993000  7.900000000 3.819929600000
828.330017000  7.900000000 3.858807560000
828.354980000  7.900000000 3.902675150000
828.380005000  7.900000000 3.951691870000
828.404968000  7.900000000 4.006020550000
828.429993000  7.900000000 4.065822120000
828.455017000  7.900000000 4.131260870000
828.479980000  7.900000000 4.202496050000
828.505005000  7.900000000 4.279687400000
828.529968000  7.900000000 4.362987520000
828.554993000  7.900000000 4.452547070000
828.580017000  7.900000000 4.548509120000
828.604980000  7.900000000 4.651009080000
828.630005000  7.900000000 4.760172370000
828.654968000  7.900000000 4.876116280000
828.679993000  7.900000000 4.998941420000
828.705017000  7.900000000 5.128739360000
828.729980000  7.900000000 5.265583520000
828.755005000  7.900000000 5.409530640000
828.779968000  7.900000000 5.560617450000
828.804993000  7.900000000 5.718862060000
828.830017000  7.900000000 5.884259220000
828.854980000  7.900000000 6.056781290000
828.880005000  7.900000000 6.236373420000
828.904968000  7.900000000 6.422949790000
828.929993000  7.900000000 6.616403580000
828.955017000  7.900000000 6.816586490000
828.979980000  7.900000000 7.023325920000
829.005005000  7.900000000 7.236412530000
829.029968000  7.900000000 7.455595490000
829.054993000  7.900000000 7.680594920000
829.080017000  7.900000000 7.911087990000
829.104980000  7.900000000 8.146713260000
829.130005000  7.900000000 8.387068750000
829.154968000  7.900000000 8.631715770000
829.179993000  7.900000000 8.880169870000
829.205017000  7.900000000 9.131915090000
829.229980000  7.900000000 9.386392590000
829.255005000  7.900000000 9.643009190000
829.279968000  7.900000000 9.901135440000
829.304993000  7.900000000 10.160111400000
829.330017000  7.900000000 10.419243800000
829.354980000  7.900000000 10.677824000000
829.380005000  7.900000000 10.935122500000
829.404968000  7.900000000 11.190385800000
829.429993000  7.900000000 11.442865400000
829.455017000  7.900000000 11.691810600000
829.479980000  7.900000000 11.936470000000
829.505005000  7.900000000 12.176123600000
829.529968000  7.900000000 12.410061800000
829.554993000  7.900000000 12.637621900000
829.580017000  7.900000000 12.858173400000
829.604980000  7.900000000 13.071148900000
829.630005000  7.900000000 13.276033400000
829.654968000  7.900000000 13.472378700000
829.679993000  7.900000000 13.659818600000
829.705017000  7.900000000 13.838054700000
829.729980000  7.900000000 14.006873100000
829.755005000  7.900000000 14.166141500000
829.779968000  7.900000000 14.315805400000
829.804993000  7.900000000 14.455899200000
829.830017000  7.900000000 14.586521100000
829.854980000  7.900000000 14.707845700000
829.880005000  7.900000000 14.820112200000
829.904968000  7.900000000 14.923611600000
829.929993000  7.900000000 15.018691100000
829.955017000  7.900000000 15.105729100000
829.979980000  7.900000000 15.185140600000
830.005005000  7.900000000 15.257364300000
830.029968000  7.900000000 15.322845500000
830.054993000  7.900000000 15.382050500000
830.080017000  7.900000000 15.435430500000
830.104980000  7.900000000 15.483443300000
830.130005000  7.900000000 15.526529300000
830.154968000  7.900000000 15.565117800000
830.179993000  7.900000000 15.599614100000
830.205017000  7.900000000 15.630412100000
830.229980000  7.900000000 15.657878900000
830.255005000  7.900000000 15.682351100000
830.279968000  7.900000000 15.704150200000
830.304993000  7.900000000 15.723570800000
830.330017000  7.900000000 15.740877200000
830.354980000  7.900000000 15.756321000000
830.380005000  7.900000000 15.770113000000
830.404968000  7.900000000 15.782458300000
830.429993000  7.900000000 15.793539000000
830.455017000  7.900000000 15.803502100000
830.479980000  7.900000000 15.812490500000
830.505005000  7.900000000 15.820626300000
830.529968000  7.900000000 15.828005800000
830.554993000  7.900000000 15.834731100000
830.580017000  7.900000000 15.840868900000
830.604980000  7.900000000 15.846493700000
830.630005000  7.900000000 15.851652100000
830.654968000  7.900000000 15.856387100000
830.679993000  7.900000000 15.860731100000
830.705017000  7.900000000 15.864707900000
830.729980000  7.900000000 15.868331000000
830.755005000  7.900000000 15.871598200000
830.779968000  7.900000000 15.874497400000
830.804993000  7.900000000 15.876992200000
830.830017000  7.900000000 15.879053100000
830.854980000  7.900000000 15.880608600000
830.880005000  7.900000000 15.881580400000
830.904968000  7.900000000 15.881870300000
830.929993000  7.900000000 15.881352400000
830.955017000  7.900000000 15.879884700000
830.979980000  7.900000000 15.877306000000
831.005005000  7.900000000 15.873422600000
831.029968000  7.900000000 15.868029600000
831.054993000  7.900000000 15.860898000000
831.080017000  7.900000000 15.851767500000
831.104980000  7.900000000 15.840384500000
831.130005000  7.900000000 15.826461800000
831.154968000  7.900000000 15.809707600000
831.179993000  7.900000000 15.789814000000
831.205017000  7.900000000 15.766479500000
831.229980000  7.900000000 15.739395100000
831.255005000  7.900000000 15.708253900000
831.279968000  7.900000000 15.672755200000
831.304993000  7.900000000 15.632614100000
831.330017000  7.900000000 15.587555900000
831.354980000  7.900000000 15.537326800000
831.380005000  7.900000000 15.481690400000
831.404968000  7.900000000 15.420447300000
831.429993000  7.900000000 15.353409800000
831.455017000  7.900000000 15.280424100000
831.479980000  7.900000000 15.201376000000
831.505005000  7.900000000 15.116169900000
831.529968000  7.900000000 15.024741200000
831.554993000  7.900000000 14.927074400000
831.580017000  7.900000000 14.823167800000
831.604980000  7.900000000 14.713049900000
831.630005000  7.900000000 14.596796000000
831.654968000  7.900000000 14.474494900000
831.679993000  7.900000000 14.346269600000
831.705017000  7.900000000 14.212263100000
831.729980000  7.900000000 14.072652800000
831.755005000  7.900000000 13.927629500000
831.779968000  7.900000000 13.777422000000
831.804993000  7.900000000 13.622263900000
831.830017000  7.900000000 13.462418600000
831.854980000  7.900000000 13.298167200000
831.880005000  7.900000000 13.129809400000
831.904968000  7.900000000 12.957651100000
831.929993000  7.900000000 12.782035800000
831.955017000  7.900000000 12.603308700000
831.979980000  7.900000000 12.421826400000
832.005005000  7.900000000 12.237968400000
832.029968000  7.900000000 12.052118300000
832.054993000  7.900000000 11.864679300000
832.080017000  7.900000000 11.676053000000
832.104980000  7.900000000 11.486660000000
832.130005000  7.900000000 11.296917900000
832.154968000  7.900000000 11.107252100000
832.179993000  7.900000000 10.918087000000
832.205017000  7.900000000 10.729839300000
832.229980000  7.900000000 10.542936300000
832.255005000  7.900000000 10.357778500000
832.279968000  7.900000000 10.174764600000
832.304993000  7.900000000 9.994277950000
832.330017000  7.900000000 9.816686630000
832.354980000  7.900000000 9.642330170000
832.380005000  7.900000000 9.471530910000
832.404968000  7.900000000 9.304585460000
832.429993000  7.900000000 9.141758920000
832.455017000  7.900000000 8.983288760000
832.479980000  7.900000000 8.829379080000
832.505005000  7.900000000 8.680206300000
832.529968000  7.900000000 8.535909650000
832.554993000  7.900000000 8.396595950000
832.580017000  7.900000000 8.262339590000
832.604980000  7.900000000 8.133179660000
832.630005000  7.900000000 8.009122850000
832.654968000  7.900000000 7.890146260000
832.679993000  7.900000000 7.776194570000
832.705017000  7.900000000 7.667182920000
832.729980000  7.900000000 7.563000680000
832.755005000  7.900000000 7.463512900000
832.779968000  7.900000000 7.368554120000
832.804993000  7.900000000 7.277939320000
832.830017000  7.900000000 7.191470150000
832.854980000  7.900000000 7.108923910000
832.880005000  7.900000000 7.030064110000
832.904968000  7.900000000 6.954642770000
832.929993000  7.900000000 6.882395270000
832.955017000  7.900000000 6.813061240000
832.979980000  7.900000000 6.746363160000
833.005005000  7.900000000 6.682028770000
833.029968000  7.900000000 6.619780060000
833.054993000  7.900000000 6.559342860000
833.080017000  7.900000000 6.500448230000
833.104980000  7.900000000 6.442833900000
833.130005000  7.900000000 6.386245250000
833.154968000  7.900000000 6.330435750000
833.179993000  7.900000000 6.275177480000
833.205017000  7.900000000 6.220244880000
833.229980000  7.900000000 6.165437700000
833.255005000  7.900000000 6.110559940000
833.279968000  7.900000000 6.055441380000
833.304993000  7.900000000 5.999917030000
833.330017000  7.900000000 5.943840030000
833.354980000  7.900000000 5.887083050000
833.380005000  7.900000000 5.829524040000
833.404968000  7.900000000 5.771059990000
833.429993000  7.900000000 5.711601730000
833.455017000  7.900000000 5.651069160000
833.479980000  7.900000000 5.589394570000
833.505005000  7.900000000 5.526519780000
833.529968000  7.900000000 5.462392330000
833.554993000  7.900000000 5.396975040000
833.580017000  7.900000000 5.330229280000
833.604980000  7.900000000 5.262128830000
833.630005000  7.900000000 5.192652230000
833.654968000  7.900000000 5.121780400000
833.679993000  7.900000000 5.049501900000
833.705017000  7.900000000 4.975810530000
833.729980000  7.900000000 4.900705340000
833.755005000  7.900000000 4.824192050000
833.779968000  7.900000000 4.746281620000
833.804993000  7.900000000 4.666993620000
833.830017000  7.900000000 4.586355210000
833.854980000  7.900000000 4.504400730000
833.880005000  7.900000000 4.421177390000
833.904968000  7.900000000 4.336739540000
833.929993000  7.900000000 4.251157760000
833.955017000  7.900000000 4.164507390000
833.979980000  7.900000000 4.076878550000
834.005005000  7.900000000 3.988377330000
834.029968000  7.900000000 3.899113660000
834.054993000  7.900000000 3.809216500000
834.080017000  7.900000000 3.718821050000
834.104980000  7.900000000 3.628077980000
834.130005000  7.900000000 3.537143950000
834.154968000  7.900000000 3.446189640000
834.179993000  7.900000000 3.355393890000
834.205017000  7.900000000 3.264941220000
834.229980000  7.900000000 3.175026890000
834.255005000  7.900000000 3.085850950000
834.279968000  7.900000000 2.997617480000
834.304993000  7.900000000 2.910536770000
834.330017000  7.900000000 2.824816700000
834.354980000  7.900000000 2.740669010000
834.380005000  7.900000000 2.658304690000
834.404968000  7.900000000 2.577927590000
834.429993000  7.900000000 2.499740600000
834.455017000  7.900000000 2.423940180000
834.479980000  7.900000000 2.350715400000
834.505005000  7.900000000 2.280245780000
834.529968000  7.900000000 2.212701320000
834.554993000  7.900000000 2.148243900000
834.580017000  7.900000000 2.087019440000
834.604980000  7.900000000 2.029166220000
834.630005000  7.900000000 1.974805240000
834.654968000  7.900000000 1.924047110000
834.679993000  7.900000000 1.876986620000
834.705017000  7.900000000 1.833706020000
834.729980000  7.900000000 1.794272070000
834.755005000  7.900000000 1.758734820000
834.779968000  7.900000000 1.727130890000
834.804993000  7.900000000 1.699482920000
834.830017000  7.900000000 1.675795790000
834.854980000  7.900000000 1.656060220000
834.880005000  7.900000000 1.640252710000
834.904968000  7.900000000 1.628336070000
834.929993000  7.900000000 1.620257970000
834.955017000  7.900000000 1.615954160000
834.979980000  7.900000000 1.615349050000
835.005005000  7.900000000 1.618354560000
835.029968000  7.900000000 1.624874110000
835.054993000  7.900000000 1.634801030000
835.080017000  7.900000000 1.648021820000
835.104980000  7.900000000 1.664416910000
835.130005000  7.900000000 1.683861610000
835.154968000  7.900000000 1.706227900000
835.179993000  7.900000000 1.731385350000
835.205017000  7.900000000 1.759202960000
835.229980000  7.900000000 1.789549710000
835.255005000  7.900000000 1.822296140000
835.279968000  7.900000000 1.857315300000
835.304993000  7.900000000 1.894483690000
835.330017000  7.900000000 1.933681730000
835.354980000  7.900000000 1.974795460000
835.380005000  7.900000000 2.017716880000
835.404968000  7.900000000 2.062343600000
835.429993000  7.900000000 2.108580590000
835.455017000  7.900000000 2.156339650000
835.479980000  7.900000000 2.205540660000
835.505005000  7.900000000 2.256110430000
835.529968000  7.900000000 2.307982920000
835.554993000  7.900000000 2.361100440000
835.580017000  7.900000000 2.415413380000
835.604980000  7.900000000 2.470877650000
835.630005000  7.900000000 2.527457710000
835.654968000  7.900000000 2.585123300000
835.679993000  7.900000000 2.643852230000
835.705017000  7.900000000 2.703627350000
835.729980000  7.900000000 2.764437680000
835.755005000  7.900000000 2.826276300000
835.779968000  7.900000000 2.889141080000
835.804993000  7.900000000 2.953034640000
835.830017000  7.900000000 3.017962460000
835.854980000  7.900000000 3.083932400000
835.880005000  7.900000000 3.150953530000
835.904968000  7.900000000 3.219038010000
835.929993000  7.900000000 3.288196090000
835.955017000  7.900000000 3.358440400000
835.979980000  7.900000000 3.429780240000
836.005005000  7.900000000 3.502223010000
836.029968000  7.900000000 3.575775380000
836.054993000  7.900000000 3.650435690000
836.080017000  7.900000000 3.726204160000
836.104980000  7.900000000 3.803070070000
836.130005000  7.900000000 3.881018160000
836.154968000  7.900000000 3.960025550000
836.179993000  7.900000000 4.040060040000
836.205017000  7.900000000 4.121080880000
836.229980000  7.900000000 4.203035830000
836.255005000  7.900000000 4.285860540000
836.279968000  7.900000000 4.369479660000
836.304993000  7.900000000 4.453804490000
836.330017000  7.900000000 4.538731100000
836.354980000  7.900000000 4.624145510000
836.380005000  7.900000000 4.709913730000
836.404968000  7.900000000 4.795892720000
836.429993000  7.900000000 4.881925110000
836.455017000  7.900000000 4.967840190000
836.479980000  7.900000000 5.053457260000
836.505005000  7.900000000 5.138584610000
836.529968000  7.900000000 5.223023890000
836.554993000  7.900000000 5.306570050000
836.580017000  7.900000000 5.389013770000
836.604980000  7.900000000 5.470146660000
836.630005000  7.900000000 5.549759860000
836.654968000  7.900000000 5.627650740000
836.679993000  7.900000000 5.703622820000
836.705017000  7.900000000 5.777492520000
836.729980000  7.900000000 5.849087240000
836.755005000  7.900000000 5.918249610000
836.779968000  7.900000000 5.984841350000
836.804993000  7.900000000 6.048743720000
836.830017000  7.900000000 6.109856610000
836.854980000  7.900000000 6.168103220000
836.880005000  7.900000000 6.223425390000
836.904968000  7.900000000 6.275786880000
836.929993000  7.900000000 6.325173850000
836.955017000  7.900000000 6.371588230000
836.979980000  7.900000000 6.415054320000
837.005005000  7.900000000 6.455606940000
837.029968000  7.900000000 6.493300440000
837.054993000  7.900000000 6.528197290000
837.080017000  7.900000000 6.560371400000
837.104980000  7.900000000 6.589905260000
837.130005000  7.900000000 6.616892810000
837.154968000  7.900000000 6.641426560000
837.179993000  7.900000000 6.663608070000
837.205017000  7.900000000 6.683535580000
837.229980000  7.900000000 6.701315400000
837.255005000  7.900000000 6.717049600000
837.279968000  7.900000000 6.730839730000
837.304993000  7.900000000 6.742783550000
837.330017000  7.900000000 6.752981660000
837.354980000  7.900000000 6.761526110000
837.380005000  7.900000000 6.768508910000
837.404968000  7.900000000 6.774017330000
837.429993000  7.900000000 6.778137210000
837.455017000  7.900000000 6.780944820000
837.479980000  7.900000000 6.782518860000
837.505005000  7.900000000 6.782930370000
837.529968000  7.900000000 6.782250400000
837.554993000  7.900000000 6.780542850000
837.580017000  7.900000000 6.777868270000
837.604980000  7.900000000 6.774285790000
837.630005000  7.900000000 6.769842620000
837.654968000  7.900000000 6.764591220000
837.679993000  7.900000000 6.758573060000
837.705017000  7.900000000 6.751820560000
837.729980000  7.900000000 6.744367120000
837.755005000  7.900000000 6.736236570000
837.779968000  7.900000000 6.727443700000
837.804993000  7.900000000 6.718001840000
837.830017000  7.900000000 6.707914350000
837.854980000  7.900000000 6.697175500000
837.880005000  7.900000000 6.685780050000
837.904968000  7.900000000 6.673708440000
837.929993000  7.900000000 6.660939220000
837.955017000  7.900000000 6.647441390000
837.979980000  7.900000000 6.633186820000
838.005005000  7.900000000 6.618129250000
838.029968000  7.900000000 6.602232460000
838.054993000  7.900000000 6.585443500000
838.080017000  7.900000000 6.567715640000
838.104980000  7.900000000 6.548994060000
838.130005000  7.900000000 6.529226300000
838.154968000  7.900000000 6.508360390000
838.179993000  7.900000000 6.486342430000
838.205017000  7.900000000 6.463116650000
838.229980000  7.900000000 6.438637260000
838.255005000  7.900000000 6.412851330000
838.279968000  7.900000000 6.385714530000
838.304993000  7.900000000 6.357185360000
838.330017000  7.900000000 6.327220440000
838.354980000  7.900000000 6.295786860000
838.380005000  7.900000000 6.262848380000
838.404968000  7.900000000 6.228372100000
838.429993000  7.900000000 6.192332270000
838.455017000  7.900000000 6.154698850000
838.479980000  7.900000000 6.115449430000
838.505005000  7.900000000 6.074557780000
838.529968000  7.900000000 6.032002450000
838.554993000  7.900000000 5.987760070000
838.580017000  7.900000000 5.941807270000
838.604980000  7.900000000 5.894124510000
838.630005000  7.900000000 5.844690320000
838.654968000  7.900000000 5.793478010000
838.679993000  7.900000000 5.740468030000
838.705017000  7.900000000 5.685635570000
838.729980000  7.900000000 5.628957750000
838.755005000  7.900000000 5.570408820000
838.779968000  7.900000000 5.509962080000
838.804993000  7.900000000 5.447593210000
838.830017000  7.900000000 5.383274560000
838.854980000  7.900000000 5.316981320000
838.880005000  7.900000000 5.248686310000
838.904968000  7.900000000 5.178367610000
838.929993000  7.900000000 5.105998520000
838.955017000  7.900000000 5.031558040000
838.979980000  7.900000000 4.955032830000
839.005005000  7.900000000 4.876404760000
839.029968000  7.900000000 4.795666220000
839.054993000  7.900000000 4.712818150000
839.080017000  7.900000000 4.627864840000
839.104980000  7.900000000 4.540821080000
839.130005000  7.900000000 4.451710220000
839.154968000  7.900000000 4.360570910000
839.179993000  7.900000000 4.267450330000
839.205017000  7.900000000 4.172410960000
839.229980000  7.900000000 4.075532440000
839.255005000  7.900000000 3.976912500000
839.279968000  7.900000000 3.876659150000
839.304993000  7.900000000 3.774904010000
839.330017000  7.900000000 3.671796320000
839.354980000  7.900000000 3.567502740000
839.380005000  7.900000000 3.462212090000
839.404968000  7.900000000 3.356130120000
839.429993000  7.900000000 3.249480250000
839.455017000  7.900000000 3.142505410000
839.479980000  7.900000000 3.035460950000
839.505005000  7.900000000 2.928618430000
839.529968000  7.900000000 2.822259660000
839.554993000  7.900000000 2.716673850000
839.580017000  7.900000000 2.612156150000
839.604980000  7.900000000 2.509005310000
839.630005000  7.900000000 2.407519580000
839.654968000  7.900000000 2.307991030000
839.679993000  7.900000000 2.210704090000
839.705017000  7.900000000 2.115932700000
839.729980000  7.900000000 2.023934360000
839.755005000  7.900000000 1.934951310000
839.779968000  7.900000000 1.849201800000
839.804993000  7.900000000 1.766883250000
839.830017000  7.900000000 1.688167330000
839.854980000  7.900000000 1.613197800000
839.880005000  7.900000000 1.542091970000
839.904968000  7.900000000 1.474939470000
839.929993000  7.900000000 1.411800150000
839.955017000  7.900000000 1.352709890000
839.979980000  7.900000000 1.297676560000
840.005005000  7.900000000 1.246683600000
840.029968000  7.900000000 1.199692130000
840.054993000  7.900000000 1.156642440000
840.080017000  7.900000000 1.117455480000
840.104980000  7.900000000 1.082037090000
840.130005000  7.900000000 1.050277710000
840.154968000  7.900000000 1.022056340000
840.179993000  7.900000000 0.997242033000
840.205017000  7.900000000 0.975694835000
840.229980000  7.900000000 0.957269490000
840.255005000  7.900000000 0.941815853000
840.279968000  7.900000000 0.929181278000
840.304993000  7.900000000 0.919211030000
840.330017000  7.900000000 0.911750138000
840.354980000  7.900000000 0.906645179000
840.380005000  7.900000000 0.903744280000
840.404968000  7.900000000 0.902897835000
840.429993000  7.900000000 0.903960824000
840.455017000  7.900000000 0.906791329000
840.479980000  7.900000000 0.911252677000
840.505005000  7.900000000 0.917213678000
840.529968000  7.900000000 0.924547732000
840.554993000  7.900000000 0.933135390000
840.580017000  7.900000000 0.942863226000
840.604980000  7.900000000 0.953624070000
840.630005000  7.900000000 0.965319216000
840.654968000  7.900000000 0.977857053000
840.679993000  7.900000000 0.991154552000
840.705017000  7.900000000 1.005137090000
840.729980000  7.900000000 1.019739510000
840.755005000  7.900000000 1.034906390000
840.779968000  7.900000000 1.050591590000
840.804993000  7.900000000 1.066758280000
840.830017000  7.900000000 1.083381410000
840.854980000  7.900000000 1.100443960000
840.880005000  7.900000000 1.117939950000
840.904968000  7.900000000 1.135872600000
840.929993000  7.900000000 1.154255030000
840.955017000  7.900000000 1.173109650000
840.979980000  7.900000000 1.192468520000
841.005005000  7.900000000 1.212372060000
841.029968000  7.900000000 1.232868910000
841.054993000  7.900000000 1.254016040000
841.080017000  7.900000000 1.275876760000
841.104980000  7.900000000 1.298521280000
841.130005000  7.900000000 1.322025420000
841.154968000  7.900000000 1.346469400000
841.179993000  7.900000000 1.371936440000
841.205017000  7.900000000 1.398513200000
841.229980000  7.900000000 1.426286100000
841.255005000  7.900000000 1.455342890000
841.279968000  7.900000000 1.485767960000
841.304993000  7.900000000 1.517643570000
841.330017000  7.900000000 1.551047440000
841.354980000  7.900000000 1.586050630000
841.380005000  7.900000000 1.622716900000
841.404968000  7.900000000 1.661099790000
841.429993000  7.900000000 1.701243760000
841.455017000  7.900000000 1.743179920000
841.479980000  7.900000000 1.786926510000
841.505005000  7.900000000 1.832487230000
841.529968000  7.900000000 1.879849790000
841.554993000  7.900000000 1.928987500000
841.580017000  7.900000000 1.979858760000
841.604980000  7.900000000 2.032405850000
841.630005000  7.900000000 2.086559530000
841.654968000  7.900000000 2.142234800000
841.679993000  7.900000000 2.199338910000
841.705017000  7.900000000 2.257766720000
841.729980000  7.900000000 2.317408080000
841.755005000  7.900000000 2.378145460000
841.779968000  7.900000000 2.439859870000
841.804993000  7.900000000 2.502429720000
841.830017000  7.900000000 2.565735100000
841.854980000  7.900000000 2.629657270000
841.880005000  7.900000000 2.694084880000
841.904968000  7.900000000 2.758907790000
841.929993000  7.900000000 2.824028020000
841.955017000  7.900000000 2.889351840000
841.979980000  7.900000000 2.954797510000
842.005005000  7.900000000 3.020290610000
842.029968000  7.900000000 3.085768460000
842.054993000  7.900000000 3.151176930000
842.080017000  7.900000000 3.216472150000
842.104980000  7.900000000 3.281618830000
842.130005000  7.900000000 3.346588610000
842.154968000  7.900000000 3.411363360000
842.179993000  7.900000000 3.475930210000
842.205017000  7.900000000 3.540281300000
842.229980000  7.900000000 3.604414460000
842.255005000  7.900000000 3.668331380000
842.279968000  7.900000000 3.732033970000
842.304993000  7.900000000 3.795529840000
842.330017000  7.900000000 3.858820200000
842.354980000  7.900000000 3.921909810000
842.380005000  7.900000000 3.984798910000
842.404968000  7.900000000 4.047483920000
842.429993000  7.900000000 4.109953400000
842.455017000  7.900000000 4.172192570000
842.479980000  7.900000000 4.234177590000
842.505005000  7.900000000 4.295875070000
842.529968000  7.900000000 4.357245920000
842.554993000  7.900000000 4.418240070000
842.580017000  7.900000000 4.478799820000
842.604980000  7.900000000 4.538859840000
842.630005000  7.900000000 4.598346230000
842.654968000  7.900000000 4.657176970000
842.679993000  7.900000000 4.715266230000
842.705017000  7.900000000 4.772519110000
842.729980000  7.900000000 4.828839300000
842.755005000  7.900000000 4.884120460000
842.779968000  7.900000000 4.938256740000
842.804993000  7.900000000 4.991136550000
842.830017000  7.900000000 5.042646880000
842.854980000  7.900000000 5.092673780000
842.880005000  7.900000000 5.141102790000
842.904968000  7.900000000 5.187816620000
842.929993000  7.900000000 5.232705590000
842.955017000  7.900000000 5.275654790000
842.979980000  7.900000000 5.316553590000
843.005005000  7.900000000 5.355299000000
843.029968000  7.900000000 5.391788010000
843.054993000  7.900000000 5.425927160000
843.080017000  7.900000000 5.457628730000
843.104980000  7.900000000 5.486815450000
843.130005000  7.900000000 5.513416770000
843.154968000  7.900000000 5.537374970000
843.179993000  7.900000000 5.558644290000
843.205017000  7.900000000 5.577191350000
843.229980000  7.900000000 5.592997070000
843.255005000  7.900000000 5.606058120000
843.279968000  7.900000000 5.616386890000
843.304993000  7.900000000 5.624010090000
843.330017000  7.900000000 5.628975870000
843.354980000  7.900000000 5.631341460000
843.380005000  7.900000000 5.631187920000
843.404968000  7.900000000 5.628607270000
843.429993000  7.900000000 5.623711110000
843.455017000  7.900000000 5.616620060000
843.479980000  7.900000000 5.607469560000
843.505005000  7.900000000 5.596406940000
843.529968000  7.900000000 5.583588120000
843.554993000  7.900000000 5.569174770000
843.580017000  7.900000000 5.553335670000
843.604980000  7.900000000 5.536240100000
843.630005000  7.900000000 5.518058780000
843.654968000  7.900000000 5.498957630000
843.679993000  7.900000000 5.479100700000
843.705017000  7.900000000 5.458645340000
843.729980000  7.900000000 5.437742710000
843.755005000  7.900000000 5.416531090000
843.779968000  7.900000000 5.395142080000
843.804993000  7.900000000 5.373693470000
843.830017000  7.900000000 5.352294920000
843.854980000  7.900000000 5.331039910000
843.880005000  7.900000000 5.310011860000
843.904968000  7.900000000 5.289280410000
843.929993000  7.900000000 5.268902300000
843.955017000  7.900000000 5.248922350000
843.979980000  7.900000000 5.229373460000
844.005005000  7.900000000 5.210273740000
844.029968000  7.900000000 5.191631320000
844.054993000  7.900000000 5.173440460000
844.080017000  7.900000000 5.155683040000
844.104980000  7.900000000 5.138329510000
844.130005000  7.900000000 5.121337890000
844.154968000  7.900000000 5.104658130000
844.179993000  7.900000000 5.088225360000
844.205017000  7.900000000 5.071968560000
844.229980000  7.900000000 5.055804730000
844.255005000  7.900000000 5.039643760000
844.279968000  7.900000000 5.023386000000
844.304993000  7.900000000 5.006928440000
844.330017000  7.900000000 4.990159990000
844.354980000  7.900000000 4.972963330000
844.380005000  7.900000000 4.955217360000
844.404968000  7.900000000 4.936800960000
844.429993000  7.900000000 4.917587280000
844.455017000  7.900000000 4.897453310000
844.479980000  7.900000000 4.876272200000
844.505005000  7.900000000 4.853924270000
844.529968000  7.900000000 4.830290320000
844.554993000  7.900000000 4.805258270000
844.580017000  7.900000000 4.778719430000
844.604980000  7.900000000 4.750573640000
844.630005000  7.900000000 4.720723150000
844.654968000  7.900000000 4.689083100000
844.679993000  7.900000000 4.655572410000
844.705017000  7.900000000 4.620119570000
844.729980000  7.900000000 4.582660680000
844.755005000  7.900000000 4.543140410000
844.779968000  7.900000000 4.501513960000
844.804993000  7.900000000 4.457743640000
844.830017000  7.900000000 4.411805150000
844.854980000  7.900000000 4.363682270000
844.880005000  7.900000000 4.313369270000
844.904968000  7.900000000 4.260872840000
844.929993000  7.900000000 4.206214430000
844.955017000  7.900000000 4.149423600000
844.979980000  7.900000000 4.090548040000
845.005005000  7.900000000 4.029646870000
845.029968000  7.900000000 3.966793300000
845.054993000  7.900000000 3.902075530000
845.080017000  7.900000000 3.835596800000
845.104980000  7.900000000 3.767472740000
845.130005000  7.900000000 3.697836640000
845.154968000  7.900000000 3.626832720000
845.179993000  7.900000000 3.554617400000
845.205017000  7.900000000 3.481362580000
845.229980000  7.900000000 3.407247540000
845.255005000  7.900000000 3.332458730000
845.279968000  7.900000000 3.257194520000
845.304993000  7.900000000 3.181653500000
845.330017000  7.900000000 3.106040950000
845.354980000  7.900000000 3.030560260000
845.380005000  7.900000000 2.955418110000
845.404968000  7.900000000 2.880816220000
845.429993000  7.900000000 2.806952000000
845.455017000  7.900000000 2.734019280000
845.479980000  7.900000000 2.662201640000
845.505005000  7.900000000 2.591674570000
845.529968000  7.900000000 2.522603990000
845.554993000  7.900000000 2.455143690000
845.580017000  7.900000000 2.389433860000
845.604980000  7.900000000 2.325601820000
845.630005000  7.900000000 2.263761520000
845.654968000  7.900000000 2.204010010000
845.679993000  7.900000000 2.146433120000
845.705017000  7.900000000 2.091098790000
845.729980000  7.900000000 2.038061620000
845.755005000  7.900000000 1.987362500000
845.779968000  7.900000000 1.939030050000
845.804993000  7.900000000 1.893080350000
845.830017000  7.900000000 1.849516150000
845.854980000  7.900000000 1.808332680000
845.880005000  7.900000000 1.769511460000
845.904968000  7.900000000 1.733027820000
845.929993000  7.900000000 1.698848960000
845.955017000  7.900000000 1.666934370000
845.979980000  7.900000000 1.637239220000
846.005005000  7.900000000 1.609711770000
846.029968000  7.900000000 1.584297660000
846.054993000  7.900000000 1.560937640000
846.080017000  7.900000000 1.539570210000
846.104980000  7.900000000 1.520128970000
846.130005000  7.900000000 1.502546910000
846.154968000  7.900000000 1.486755250000
846.179993000  7.900000000 1.472682360000
846.205017000  7.900000000 1.460257290000
846.229980000  7.900000000 1.449408530000
846.255005000  7.900000000 1.440063120000
846.279968000  7.900000000 1.432149650000
846.304993000  7.900000000 1.425595520000
846.330017000  7.900000000 1.420328860000
846.354980000  7.900000000 1.416278120000
846.380005000  7.900000000 1.413372160000
846.404968000  7.900000000 1.411539910000
846.429993000  7.900000000 1.410709500000
846.455017000  7.900000000 1.410810590000
846.479980000  7.900000000 1.411772130000
846.505005000  7.900000000 1.413521890000
846.529968000  7.900000000 1.415988560000
846.554993000  7.900000000 1.419099090000
846.580017000  7.900000000 1.422781350000
846.604980000  7.900000000 1.426960830000
846.630005000  7.900000000 1.431563380000
846.654968000  7.900000000 1.436514500000
846.679993000  7.900000000 1.441738370000
846.705017000  7.900000000 1.447159770000
846.729980000  7.900000000 1.452702520000
846.755005000  7.900000000 1.458290930000
846.779968000  7.900000000 1.463849190000
846.804993000  7.900000000 1.469302060000
846.830017000  7.900000000 1.474575520000
846.854980000  7.900000000 1.479596500000
846.880005000  7.900000000 1.484294770000
846.904968000  7.900000000 1.488601090000
846.929993000  7.900000000 1.492450000000
846.955017000  7.900000000 1.495780590000
846.979980000  7.900000000 1.498534560000
847.005005000  7.900000000 1.500659700000
847.029968000  7.900000000 1.502110480000
847.054993000  7.900000000 1.502845880000
847.080017000  7.900000000 1.502834440000
847.104980000  7.900000000 1.502052430000
847.130005000  7.900000000 1.500485300000
847.154968000  7.900000000 1.498129610000
847.179993000  7.900000000 1.494991420000
847.205017000  7.900000000 1.491088510000
847.229980000  7.900000000 1.486448760000
847.255005000  7.900000000 1.481112240000
847.279968000  7.900000000 1.475130680000
847.304993000  7.900000000 1.468566660000
847.330017000  7.900000000 1.461495280000
847.354980000  7.900000000 1.454001670000
847.380005000  7.900000000 1.446183090000
847.404968000  7.900000000 1.438146110000
847.429993000  7.900000000 1.430008170000
847.455017000  7.900000000 1.421894790000
847.479980000  7.900000000 1.413939240000
847.505005000  7.900000000 1.406283020000
847.529968000  7.900000000 1.399072410000
847.554993000  7.900000000 1.392458800000
847.580017000  7.900000000 1.386597990000
847.604980000  7.900000000 1.381647470000
847.630005000  7.900000000 1.377766250000
847.654968000  7.900000000 1.375113840000
847.679993000  7.900000000 1.373848320000
847.705017000  7.900000000 1.374125600000
847.729980000  7.900000000 1.376098280000
847.755005000  7.900000000 1.379913930000
847.779968000  7.900000000 1.385715010000
847.804993000  7.900000000 1.393635870000
847.830017000  7.900000000 1.403804180000
847.854980000  7.900000000 1.416338320000
847.880005000  7.900000000 1.431346060000
847.904968000  7.900000000 1.448926090000
847.929993000  7.900000000 1.469164970000
847.955017000  7.900000000 1.492137190000
847.979980000  7.900000000 1.517905000000
848.005005000  7.900000000 1.546516660000
848.029968000  7.900000000 1.578007580000
848.054993000  7.900000000 1.612399340000
848.080017000  7.900000000 1.649698850000
848.104980000  7.900000000 1.689899440000
848.130005000  7.900000000 1.732980010000
848.154968000  7.900000000 1.778905990000
848.179993000  7.900000000 1.827628020000
848.205017000  7.900000000 1.879084590000
848.229980000  7.900000000 1.933200600000
848.255005000  7.900000000 1.989889380000
848.279968000  7.900000000 2.049052000000
848.304993000  7.900000000 2.110578780000
848.330017000  7.900000000 2.174349310000
848.354980000  7.900000000 2.240236280000
848.380005000  7.900000000 2.308101180000
848.404968000  7.900000000 2.377800460000
848.429993000  7.900000000 2.449182030000
848.455017000  7.900000000 2.522089960000
848.479980000  7.900000000 2.596362350000
848.505005000  7.900000000 2.671834230000
848.529968000  7.900000000 2.748336790000
848.554993000  7.900000000 2.825700280000
848.580017000  7.900000000 2.903751850000
848.604980000  7.900000000 2.982320550000
848.630005000  7.900000000 3.061234240000
848.654968000  7.900000000 3.140322690000
848.679993000  7.900000000 3.219419240000
848.705017000  7.900000000 3.298357960000
848.729980000  7.900000000 3.376977440000
848.755005000  7.900000000 3.455120560000
848.779968000  7.900000000 3.532634260000
848.804993000  7.900000000 3.609370710000
848.830017000  7.900000000 3.685187820000
848.854980000  7.900000000 3.759949450000
848.880005000  7.900000000 3.833525420000
848.904968000  7.900000000 3.905789850000
848.929993000  7.900000000 3.976624970000
848.955017000  7.900000000 4.045917990000
848.979980000  7.900000000 4.113559250000
849.005005000  7.900000000 4.179445270000
849.029968000  7.900000000 4.243478780000
849.054993000  7.900000000 4.305564400000
849.080017000  7.900000000 4.365617750000
849.104980000  7.900000000 4.423556800000
849.130005000  7.900000000 4.479307650000
849.154968000  7.900000000 4.532804970000
849.179993000  7.900000000 4.583988670000
849.205017000  7.900000000 4.632807250000
849.229980000  7.900000000 4.679221630000
849.255005000  7.900000000 4.723194120000
849.279968000  7.900000000 4.764704700000
849.304993000  7.900000000 4.803741460000
849.330017000  7.900000000 4.840298180000
849.354980000  7.900000000 4.874384400000
849.380005000  7.900000000 4.906016830000
849.404968000  7.900000000 4.935225010000
849.429993000  7.900000000 4.962047580000
849.455017000  7.900000000 4.986530300000
849.479980000  7.900000000 5.008730890000
849.505005000  7.900000000 5.028713230000
849.529968000  7.900000000 5.046548370000
849.554993000  7.900000000 5.062313560000
849.580017000  7.900000000 5.076095100000
849.604980000  7.900000000 5.087981700000
849.630005000  7.900000000 5.098068710000
849.654968000  7.900000000 5.106455800000
849.679993000  7.900000000 5.113244060000
849.705017000  7.900000000 5.118540760000
849.729980000  7.900000000 5.122453690000
849.755005000  7.900000000 5.125087260000
849.779968000  7.900000000 5.126552580000
849.804993000  7.900000000 5.126950260000
849.830017000  7.900000000 5.126382830000
849.854980000  7.900000000 5.124946590000
849.880005000  7.900000000 5.122732640000
849.904968000  7.900000000 5.119823930000
849.929993000  7.900000000 5.116295340000
849.955017000  7.900000000 5.112212180000
849.979980000  7.900000000 5.107631680000
850.005005000  7.900000000 5.102596760000
850.029968000  7.900000000 5.097141740000
850.054993000  7.900000000 5.091286660000
850.080017000  7.900000000 5.085040570000
850.104980000  7.900000000 5.078402520000
850.130005000  7.900000000 5.071358680000
850.154968000  7.900000000 5.063883780000
850.179993000  7.900000000 5.055946830000
850.205017000  7.900000000 5.047502040000
850.229980000  7.900000000 5.038501260000
850.255005000  7.900000000 5.028885360000
850.279968000  7.900000000 5.018592360000
850.304993000  7.900000000 5.007557390000
850.330017000  7.900000000 4.995711330000
850.354980000  7.900000000 4.982983590000
850.380005000  7.900000000 4.969304560000
850.404968000  7.900000000 4.954606530000
850.429993000  7.900000000 4.938821790000
850.455017000  7.900000000 4.921887870000
850.479980000  7.900000000 4.903747560000
850.505005000  7.900000000 4.884344100000
850.529968000  7.900000000 4.863629820000
850.554993000  7.900000000 4.841558930000
850.580017000  7.900000000 4.818094730000
850.604980000  7.900000000 4.793201450000
850.630005000  7.900000000 4.766851430000
850.654968000  7.900000000 4.739021300000
850.679993000  7.900000000 4.709692000000
850.705017000  7.900000000 4.678846360000
850.729980000  7.900000000 4.646474360000
850.755005000  7.900000000 4.612567420000
850.779968000  7.900000000 4.577117920000
850.804993000  7.900000000 4.540125850000
850.830017000  7.900000000 4.501587870000
850.854980000  7.900000000 4.461505890000
850.880005000  7.900000000 4.419881340000
850.904968000  7.900000000 4.376721860000
850.929993000  7.900000000 4.332033630000
850.955017000  7.900000000 4.285824780000
850.979980000  7.900000000 4.238107680000
851.005005000  7.900000000 4.188897130000
851.029968000  7.900000000 4.138208870000
851.054993000  7.900000000 4.086063860000
851.080017000  7.900000000 4.032489780000
851.104980000  7.900000000 3.977511410000
851.130005000  7.900000000 3.921163320000
851.154968000  7.900000000 3.863484140000
851.179993000  7.900000000 3.804514410000
851.205017000  7.900000000 3.744302990000
851.229980000  7.900000000 3.682901140000
851.255005000  7.900000000 3.620369200000
851.279968000  7.900000000 3.556767700000
851.304993000  7.900000000 3.492166520000
851.330017000  7.900000000 3.426637650000
851.354980000  7.900000000 3.360260490000
851.380005000  7.900000000 3.293118000000
851.404968000  7.900000000 3.225297930000
851.429993000  7.900000000 3.156894210000
851.455017000  7.900000000 3.088003870000
851.479980000  7.900000000 3.018730160000
851.505005000  7.900000000 2.949181560000
851.529968000  7.900000000 2.879469870000
851.554993000  7.900000000 2.809714560000
851.580017000  7.900000000 2.740038160000
851.604980000  7.900000000 2.670566800000
851.630005000  7.900000000 2.601433990000
851.654968000  7.900000000 2.532771590000
851.679993000  7.900000000 2.464717860000
851.705017000  7.900000000 2.397411110000
851.729980000  7.900000000 2.330990790000
851.755005000  7.900000000 2.265594960000
851.779968000  7.900000000 2.201359270000
851.804993000  7.900000000 2.138417960000
851.830017000  7.900000000 2.076896910000
851.854980000  7.900000000 2.016917470000
851.880005000  7.900000000 1.958591460000
851.904968000  7.900000000 1.902022360000
851.929993000  7.900000000 1.847300890000
851.955017000  7.900000000 1.794506910000
851.979980000  7.900000000 1.743707060000
852.005005000  7.900000000 1.694954750000
852.029968000  7.900000000 1.648289440000
852.054993000  7.900000000 1.603737350000
852.080017000  7.900000000 1.561310410000
852.104980000  7.900000000 1.521006940000
852.130005000  7.900000000 1.482812760000
852.154968000  7.900000000 1.446701650000
852.179993000  7.900000000 1.412634850000
852.205017000  7.900000000 1.380562540000
852.229980000  7.900000000 1.350426200000
852.255005000  7.900000000 1.322156430000
852.279968000  7.900000000 1.295675520000
852.304993000  7.900000000 1.270898820000
852.330017000  7.900000000 1.247735260000
852.354980000  7.900000000 1.226086970000
852.380005000  7.900000000 1.205852870000
852.404968000  7.900000000 1.186927200000
852.429993000  7.900000000 1.169203400000
852.455017000  7.900000000 1.152572630000
852.479980000  7.900000000 1.136927600000
852.505005000  7.900000000 1.122162340000
852.529968000  7.900000000 1.108173010000
852.554993000  7.900000000 1.094860320000
852.580017000  7.900000000 1.082129360000
852.604980000  7.900000000 1.069889900000
852.630005000  7.900000000 1.058058860000
852.654968000  7.900000000 1.046558740000
852.679993000  7.900000000 1.035319450000
852.705017000  7.900000000 1.024277810000
852.729980000  7.900000000 1.013378140000
852.755005000  7.900000000 1.002572420000
852.779968000  7.900000000 0.991819978000
852.804993000  7.900000000 0.981087565000
852.830017000  7.900000000 0.970349431000
852.854980000  7.900000000 0.959586442000
852.880005000  7.900000000 0.948785841000
852.904968000  7.900000000 0.937941849000
852.929993000  7.900000000 0.927053869000
852.955017000  7.900000000 0.916126490000
852.979980000  7.900000000 0.905169129000
853.005005000  7.900000000 0.894195437000
853.029968000  7.900000000 0.883221865000
853.054993000  7.900000000 0.872268498000
853.080017000  7.900000000 0.861357093000
853.104980000  7.900000000 0.850511253000
853.130005000  7.900000000 0.839755952000
853.154968000  7.900000000 0.829116106000
853.179993000  7.900000000 0.818617225000
853.205017000  7.900000000 0.808284461000
853.229980000  7.900000000 0.798141778000
853.255005000  7.900000000 0.788212359000
853.279968000  7.900000000 0.778517723000
853.304993000  7.900000000 0.769077420000
853.330017000  7.900000000 0.759909332000
853.354980000  7.900000000 0.751028597000
853.380005000  7.900000000 0.742448628000
853.404968000  7.900000000 0.734179854000
853.429993000  7.900000000 0.726230443000
853.455017000  7.900000000 0.718605697000
853.479980000  7.900000000 0.711308300000
853.505005000  7.900000000 0.704338312000
853.529968000  7.900000000 0.697692811000
853.554993000  7.900000000 0.691366673000
853.580017000  7.900000000 0.685351670000
853.604980000  7.900000000 0.679637313000
853.630005000  7.900000000 0.674210131000
853.654968000  7.900000000 0.669054747000
853.679993000  7.900000000 0.664153159000
853.705017000  7.900000000 0.659484804000
853.729980000  7.900000000 0.655027866000
853.755005000  7.900000000 0.650757849000
853.779968000  7.900000000 0.646649063000
853.804993000  7.900000000 0.642674327000
853.830017000  7.900000000 0.638805151000
853.854980000  7.900000000 0.635012805000
853.880005000  7.900000000 0.631267309000
853.904968000  7.900000000 0.627539098000
853.929993000  7.900000000 0.623798311000
853.955017000  7.900000000 0.620015800000
853.979980000  7.900000000 0.616162598000
854.005005000  7.900000000 0.612211168000
854.029968000  7.900000000 0.608134508000
854.054993000  7.900000000 0.603907526000
854.080017000  7.900000000 0.599506736000
854.104980000  7.900000000 0.594909787000
854.130005000  7.900000000 0.590097070000
854.154968000  7.900000000 0.585050762000
854.179993000  7.900000000 0.579755127000
854.205017000  7.900000000 0.574197412000
854.229980000  7.900000000 0.568366885000
854.255005000  7.900000000 0.562255681000
854.279968000  7.900000000 0.555858254000
854.304993000  7.900000000 0.549171805000
854.330017000  7.900000000 0.542195737000
854.354980000  7.900000000 0.534932792000
854.380005000  7.900000000 0.527387142000
854.404968000  7.900000000 0.519566476000
854.429993000  7.900000000 0.511480093000
854.455017000  7.900000000 0.503140330000
854.479980000  7.900000000 0.494561851000
854.505005000  7.900000000 0.485761970000
854.529968000  7.900000000 0.476760417000
854.554993000  7.900000000 0.467579812000
854.580017000  7.900000000 0.458245486000
854.604980000  7.900000000 0.448785573000
854.630005000  7.900000000 0.439231277000
854.654968000  7.900000000 0.429616481000
854.679993000  7.900000000 0.419978321000
854.705017000  7.900000000 0.410356492000
854.729980000  7.900000000 0.400793701000
854.755005000  7.900000000 0.391335398000
854.779968000  7.900000000 0.382029444000
854.804993000  7.900000000 0.372926027000
854.830017000  7.900000000 0.364077538000
854.854980000  7.900000000 0.355538219000
854.880005000  7.900000000 0.347363621000
854.904968000  7.900000000 0.339610636000
854.929993000  7.900000000 0.332336992000
854.955017000  7.900000000 0.325600654000
854.979980000  7.900000000 0.319459528000
855.005005000  7.900000000 0.313971132000
855.029968000  7.900000000 0.309191763000
855.054993000  7.900000000 0.305176228000
855.080017000  7.900000000 0.301977396000
855.104980000  7.900000000 0.299645782000
855.130005000  7.900000000 0.298228353000
855.154968000  7.900000000 0.297768950000
855.179993000  7.900000000 0.298307151000
855.205017000  7.900000000 0.299878299000
855.229980000  7.900000000 0.302512854000
855.255005000  7.900000000 0.306236029000
855.279968000  7.900000000 0.311067730000
855.304993000  7.900000000 0.317022353000
855.330017000  7.900000000 0.324108422000
855.354980000  7.900000000 0.332328826000
855.380005000  7.900000000 0.341680825000
855.404968000  7.900000000 0.352155894000
855.429993000  7.900000000 0.363740355000
855.455017000  7.900000000 0.376415074000
855.479980000  7.900000000 0.390156120000
855.505005000  7.900000000 0.404934824000
855.529968000  7.900000000 0.420718431000
855.554993000  7.900000000 0.437469900000
855.580017000  7.900000000 0.455148965000
855.604980000  7.900000000 0.473712087000
855.630005000  7.900000000 0.493112683000
855.654968000  7.900000000 0.513301969000
855.679993000  7.900000000 0.534228742000
855.705017000  7.900000000 0.555840313000
855.729980000  7.900000000 0.578082144000
855.755005000  7.900000000 0.600898206000
855.779968000  7.900000000 0.624232352000
855.804993000  7.900000000 0.648026943000
855.830017000  7.900000000 0.672224522000
855.854980000  7.900000000 0.696767211000
855.880005000  7.900000000 0.721597493000
855.904968000  7.900000000 0.746657908000
855.929993000  7.900000000 0.771892071000
855.955017000  7.900000000 0.797243595000
855.979980000  7.900000000 0.822657406000
856.005005000  7.900000000 0.848079145000
856.029968000  7.900000000 0.873455644000
856.054993000  7.900000000 0.898734689000
856.080017000  7.900000000 0.923866034000
856.104980000  7.900000000 0.948800266000
856.130005000  7.900000000 0.973490417000
856.154968000  7.900000000 0.997890532000
856.179993000  7.900000000 1.021957160000
856.205017000  7.900000000 1.045648930000
856.229980000  7.900000000 1.068926220000
856.255005000  7.900000000 1.091751460000
856.279968000  7.900000000 1.114090440000
856.304993000  7.900000000 1.135910030000
856.330017000  7.900000000 1.157180310000
856.354980000  7.900000000 1.177873490000
856.380005000  7.900000000 1.197964670000
856.404968000  7.900000000 1.217430950000
856.429993000  7.900000000 1.236252550000
856.455017000  7.900000000 1.254412530000
856.479980000  7.900000000 1.271896000000
856.505005000  7.900000000 1.288691280000
856.529968000  7.900000000 1.304789420000
856.554993000  7.900000000 1.320183520000
856.580017000  7.900000000 1.334869740000
856.604980000  7.900000000 1.348846200000
856.630005000  7.900000000 1.362113830000
856.654968000  7.900000000 1.374675150000
856.679993000  7.900000000 1.386534210000
856.705017000  7.900000000 1.397697930000
856.729980000  7.900000000 1.408174160000
856.755005000  7.900000000 1.417972450000
856.779968000  7.900000000 1.427103880000
856.804993000  7.900000000 1.435580250000
856.830017000  7.900000000 1.443415640000
856.854980000  7.900000000 1.450623630000
856.880005000  7.900000000 1.457220550000
856.904968000  7.900000000 1.463222270000
856.929993000  7.900000000 1.468646050000
856.955017000  7.900000000 1.473510500000
856.979980000  7.900000000 1.477833990000
857.005005000  7.900000000 1.481636760000
857.029968000  7.900000000 1.484939930000
857.054993000  7.900000000 1.487764360000
857.080017000  7.900000000 1.490132810000
857.104980000  7.900000000 1.492068770000
857.130005000  7.900000000 1.493595360000
857.154968000  7.900000000 1.494738100000
857.179993000  7.900000000 1.495521430000
857.205017000  7.900000000 1.495970850000
857.229980000  7.900000000 1.496112350000
857.255005000  7.900000000 1.495971200000
857.279968000  7.900000000 1.495573160000
857.304993000  7.900000000 1.494943380000
857.330017000  7.900000000 1.494107480000
857.354980000  7.900000000 1.493088840000
857.380005000  7.900000000 1.491910700000
857.404968000  7.900000000 1.490594740000
857.429993000  7.900000000 1.489161610000
857.455017000  7.900000000 1.487630010000
857.479980000  7.900000000 1.486016040000
857.505005000  7.900000000 1.484334110000
857.529968000  7.900000000 1.482595440000
857.554993000  7.900000000 1.480810050000
857.580017000  7.900000000 1.478983640000
857.604980000  7.900000000 1.477119450000
857.630005000  7.900000000 1.475217820000
857.654968000  7.900000000 1.473276850000
857.679993000  7.900000000 1.471289750000
857.705017000  7.900000000 1.469249130000
857.729980000  7.900000000 1.467142700000
857.755005000  7.900000000 1.464956760000
857.779968000  7.900000000 1.462673900000
857.804993000  7.900000000 1.460275290000
857.830017000  7.900000000 1.457739470000
857.854980000  7.900000000 1.455043440000
857.880005000  7.900000000 1.452162270000
857.904968000  7.900000000 1.449070100000
857.929993000  7.900000000 1.445740580000
857.955017000  7.900000000 1.442147140000
857.979980000  7.900000000 1.438263540000
858.005005000  7.900000000 1.434064150000
858.029968000  7.900000000 1.429525970000
858.054993000  7.900000000 1.424626950000
858.080017000  7.900000000 1.419348840000
858.104980000  7.900000000 1.413675670000
858.130005000  7.900000000 1.407595750000
858.154968000  7.900000000 1.401101230000
858.179993000  7.900000000 1.394188880000
858.205017000  7.900000000 1.386860370000
858.229980000  7.900000000 1.379121660000
858.255005000  7.900000000 1.370984440000
858.279968000  7.900000000 1.362465140000
858.304993000  7.900000000 1.353585120000
858.330017000  7.900000000 1.344370960000
858.354980000  7.900000000 1.334853530000
858.380005000  7.900000000 1.325067880000
858.404968000  7.900000000 1.315053820000
858.429993000  7.900000000 1.304854510000
858.455017000  7.900000000 1.294516560000
858.479980000  7.900000000 1.284088490000
858.505005000  7.900000000 1.273622750000
858.529968000  7.900000000 1.263172750000
858.554993000  7.900000000 1.252793190000
858.580017000  7.900000000 1.242540000000
858.604980000  7.900000000 1.232469080000
858.630005000  7.900000000 1.222636580000
858.654968000  7.900000000 1.213097810000
858.679993000  7.900000000 1.203908320000
858.705017000  7.900000000 1.195121530000
858.729980000  7.900000000 1.186789750000
858.755005000  7.900000000 1.178964850000
858.779968000  7.900000000 1.171696070000
858.804993000  7.900000000 1.165032150000
858.830017000  7.900000000 1.159018750000
858.854980000  7.900000000 1.153700830000
858.880005000  7.900000000 1.149121520000
858.904968000  7.900000000 1.145321730000
858.929993000  7.900000000 1.142341260000
858.955017000  7.900000000 1.140217900000
858.979980000  7.900000000 1.138989330000
859.005005000  7.900000000 1.138691070000
859.029968000  7.900000000 1.139357920000
859.054993000  7.900000000 1.141024110000
859.080017000  7.900000000 1.143723960000
859.104980000  7.900000000 1.147490860000
859.130005000  7.900000000 1.152357700000
859.154968000  7.900000000 1.158357980000
859.179993000  7.900000000 1.165524720000
859.205017000  7.900000000 1.173891070000
859.229980000  7.900000000 1.183490630000
859.255005000  7.900000000 1.194356440000
859.279968000  7.900000000 1.206521630000
859.304993000  7.900000000 1.220019100000
859.330017000  7.900000000 1.234881520000
859.354980000  7.900000000 1.251141070000
859.380005000  7.900000000 1.268828990000
859.404968000  7.900000000 1.287975670000
859.429993000  7.900000000 1.308610200000
859.455017000  7.900000000 1.330759290000
859.479980000  7.900000000 1.354447960000
859.505005000  7.900000000 1.379697800000
859.529968000  7.900000000 1.406527040000
859.554993000  7.900000000 1.434950110000
859.580017000  7.900000000 1.464978220000
859.604980000  7.900000000 1.496615290000
859.630005000  7.900000000 1.529862280000
859.654968000  7.900000000 1.564713240000
859.679993000  7.900000000 1.601156830000
859.705017000  7.900000000 1.639174820000
859.729980000  7.900000000 1.678743000000
859.755005000  7.900000000 1.719830870000
859.779968000  7.900000000 1.762400510000
859.804993000  7.900000000 1.806407570000
859.830017000  7.900000000 1.851802950000
859.854980000  7.900000000 1.898530240000
859.880005000  7.900000000 1.946529390000
859.904968000  7.900000000 1.995734690000
859.929993000  7.900000000 2.046076540000
859.955017000  7.900000000 2.097482440000
859.979980000  7.900000000 2.149878260000
860.005005000  7.900000000 2.203187230000
860.029968000  7.900000000 2.257333990000
860.054993000  7.900000000 2.312241080000
860.080017000  7.900000000 2.367833140000
860.104980000  7.900000000 2.424037930000
860.130005000  7.900000000 2.480782510000
860.154968000  7.900000000 2.537998200000
860.179993000  7.900000000 2.595618490000
860.205017000  7.900000000 2.653579240000
860.229980000  7.900000000 2.711819890000
860.255005000  7.900000000 2.770281790000
860.279968000  7.900000000 2.828907970000
860.304993000  7.900000000 2.887645480000
860.330017000  7.900000000 2.946439500000
860.354980000  7.900000000 3.005238060000
860.380005000  7.900000000 3.063991070000
860.404968000  7.900000000 3.122646090000
860.429993000  7.900000000 3.181151870000
860.455017000  7.900000000 3.239457370000
860.479980000  7.900000000 3.297508240000
860.505005000  7.900000000 3.355252500000
860.529968000  7.900000000 3.412634370000
860.554993000  7.900000000 3.469599250000
860.580017000  7.900000000 3.526088000000
860.604980000  7.900000000 3.582044600000
860.630005000  7.900000000 3.637408730000
860.654968000  7.900000000 3.692121980000
860.679993000  7.900000000 3.746124030000
860.705017000  7.900000000 3.799355980000
860.729980000  7.900000000 3.851755620000
860.755005000  7.900000000 3.903265240000
860.779968000  7.900000000 3.953824280000
860.804993000  7.900000000 4.003374100000
860.830017000  7.900000000 4.051856990000
860.854980000  7.900000000 4.099217410000
860.880005000  7.900000000 4.145397190000
860.904968000  7.900000000 4.190341950000
860.929993000  7.900000000 4.233997340000
860.955017000  7.900000000 4.276309970000
860.979980000  7.900000000 4.317229270000
861.005005000  7.900000000 4.356703280000
861.029968000  7.900000000 4.394681450000
861.054993000  7.900000000 4.431115630000
861.080017000  7.900000000 4.465956210000
861.104980000  7.900000000 4.499157430000
861.130005000  7.900000000 4.530672070000
861.154968000  7.900000000 4.560456750000
861.179993000  7.900000000 4.588468550000
861.205017000  7.900000000 4.614667890000
861.229980000  7.900000000 4.639019010000
861.255005000  7.900000000 4.661488060000
861.279968000  7.900000000 4.682045460000
861.304993000  7.900000000 4.700669770000
861.330017000  7.900000000 4.717346190000
861.354980000  7.900000000 4.732064720000
861.380005000  7.900000000 4.744826320000
861.404968000  7.900000000 4.755640510000
861.429993000  7.900000000 4.764525890000
861.455017000  7.900000000 4.771515370000
861.479980000  7.900000000 4.776649950000
861.505005000  7.900000000 4.779983040000
861.529968000  7.900000000 4.781577590000
861.554993000  7.900000000 4.781511310000
861.580017000  7.900000000 4.779870510000
861.604980000  7.900000000 4.776747700000
861.630005000  7.900000000 4.772251130000
861.654968000  7.900000000 4.766493320000
861.679993000  7.900000000 4.759593010000
861.705017000  7.900000000 4.751673700000
861.729980000  7.900000000 4.742865560000
861.755005000  7.900000000 4.733296390000
861.779968000  7.900000000 4.723096370000
861.804993000  7.900000000 4.712394240000
861.830017000  7.900000000 4.701317310000
861.854980000  7.900000000 4.689985750000
861.880005000  7.900000000 4.678515910000
861.904968000  7.900000000 4.667016980000
861.929993000  7.900000000 4.655591490000
861.955017000  7.900000000 4.644333360000
861.979980000  7.900000000 4.633326050000
862.005005000  7.900000000 4.622642990000
862.029968000  7.900000000 4.612350460000
862.054993000  7.900000000 4.602502350000
862.080017000  7.900000000 4.593140130000
862.104980000  7.900000000 4.584298610000
862.130005000  7.900000000 4.575999740000
862.154968000  7.900000000 4.568253520000
862.179993000  7.900000000 4.561060430000
862.205017000  7.900000000 4.554409980000
862.229980000  7.900000000 4.548283100000
862.255005000  7.900000000 4.542646410000
862.279968000  7.900000000 4.537462710000
862.304993000  7.900000000 4.532680990000
862.330017000  7.900000000 4.528241630000
862.354980000  7.900000000 4.524077890000
862.380005000  7.900000000 4.520113470000
862.404968000  7.900000000 4.516264440000
862.429993000  7.900000000 4.512440200000
862.455017000  7.900000000 4.508541580000
862.479980000  7.900000000 4.504465580000
862.505005000  7.900000000 4.500102520000
862.529968000  7.900000000 4.495340820000
862.554993000  7.900000000 4.490062240000
862.580017000  7.900000000 4.484150410000
862.604980000  7.900000000 4.477485180000
862.630005000  7.900000000 4.469950200000
862.654968000  7.900000000 4.461427210000
862.679993000  7.900000000 4.451802250000
862.705017000  7.900000000 4.440967560000
862.729980000  7.900000000 4.428820610000
862.755005000  7.900000000 4.415266040000
862.779968000  7.900000000 4.400215150000
862.804993000  7.900000000 4.383591180000
862.830017000  7.900000000 4.365325450000
862.854980000  7.900000000 4.345360280000
862.880005000  7.900000000 4.323652270000
862.904968000  7.900000000 4.300164220000
862.929993000  7.900000000 4.274873260000
862.955017000  7.900000000 4.247767930000
862.979980000  7.900000000 4.218846320000
863.005005000  7.900000000 4.188116550000
863.029968000  7.900000000 4.155595300000
863.054993000  7.900000000 4.121308330000
863.080017000  7.900000000 4.085288520000
863.104980000  7.900000000 4.047575000000
863.130005000  7.900000000 4.008212570000
863.154968000  7.900000000 3.967250820000
863.179993000  7.900000000 3.924744130000
863.205017000  7.900000000 3.880751370000
863.229980000  7.900000000 3.835334300000
863.255005000  7.900000000 3.788559680000
863.279968000  7.900000000 3.740497110000
863.304993000  7.900000000 3.691221950000
863.330017000  7.900000000 3.640810250000
863.354980000  7.900000000 3.589346170000
863.380005000  7.900000000 3.536916730000
863.404968000  7.900000000 3.483616110000
863.429993000  7.900000000 3.429541110000
863.455017000  7.900000000 3.374795910000
863.479980000  7.900000000 3.319492100000
863.505005000  7.900000000 3.263743640000
863.529968000  7.900000000 3.207673070000
863.554993000  7.900000000 3.151408430000
863.580017000  7.900000000 3.095083240000
863.604980000  7.900000000 3.038836240000
863.630005000  7.900000000 2.982808830000
863.654968000  7.900000000 2.927149300000
863.679993000  7.900000000 2.872004750000
863.705017000  7.900000000 2.817525630000
863.729980000  7.900000000 2.763861420000
863.755005000  7.900000000 2.711160900000
863.779968000  7.900000000 2.659569030000
863.804993000  7.900000000 2.609227660000
863.830017000  7.900000000 2.560271740000
863.854980000  7.900000000 2.512831450000
863.880005000  7.900000000 2.467028860000
863.904968000  7.900000000 2.422976730000
863.929993000  7.900000000 2.380778550000
863.955017000  7.900000000 2.340526340000
863.979980000  7.900000000 2.302302600000
864.005005000  7.900000000 2.266174550000
864.029968000  7.900000000 2.232201100000
864.054993000  7.900000000 2.200424430000
864.080017000  7.900000000 2.170876740000
864.104980000  7.900000000 2.143575430000
864.130005000  7.900000000 2.118523840000
864.154968000  7.900000000 2.095713620000
864.179993000  7.900000000 2.075121400000
864.205017000  7.900000000 2.056712150000
864.229980000  7.900000000 2.040436980000
864.255005000  7.900000000 2.026234390000
864.279968000  7.900000000 2.014032130000
864.304993000  7.900000000 2.003746270000
864.330017000  7.900000000 1.995281220000
864.354980000  7.900000000 1.988533380000
864.380005000  7.900000000 1.983388420000
864.404968000  7.900000000 1.979725960000
864.429993000  7.900000000 1.977417230000
864.455017000  7.900000000 1.976330520000
864.479980000  7.900000000 1.976327180000
864.505005000  7.900000000 1.977267980000
864.529968000  7.900000000 1.979012250000
864.554993000  7.900000000 1.981418010000
864.580017000  7.900000000 1.984346150000
864.604980000  7.900000000 1.987659220000
864.630005000  7.900000000 1.991223570000
864.654968000  7.900000000 1.994910360000
864.679993000  7.900000000 1.998595000000
864.705017000  7.900000000 2.002160070000
864.729980000  7.900000000 2.005494120000
864.755005000  7.900000000 2.008491520000
864.779968000  7.900000000 2.011055710000
864.804993000  7.900000000 2.013095140000
864.830017000  7.900000000 2.014526130000
864.854980000  7.900000000 2.015273090000
864.880005000  7.900000000 2.015264750000
864.904968000  7.900000000 2.014438870000
864.929993000  7.900000000 2.012737270000
864.955017000  7.900000000 2.010107990000
864.979980000  7.900000000 2.006504540000
865.005005000  7.900000000 2.001884460000
865.029968000  7.900000000 1.996210690000
865.054993000  7.900000000 1.989449140000
865.080017000  7.900000000 1.981570840000
865.104980000  7.900000000 1.972549560000
865.130005000  7.900000000 1.962364670000
865.154968000  7.900000000 1.950998190000
865.179993000  7.900000000 1.938437940000
865.205017000  7.900000000 1.924676060000
865.229980000  7.900000000 1.909709570000
865.255005000  7.900000000 1.893541810000
865.279968000  7.900000000 1.876181600000
865.304993000  7.900000000 1.857645390000
865.330017000  7.900000000 1.837955590000
865.354980000  7.900000000 1.817142250000
865.380005000  7.900000000 1.795244570000
865.404968000  7.900000000 1.772307400000
865.429993000  7.900000000 1.748384830000
865.455017000  7.900000000 1.723539350000
865.479980000  7.900000000 1.697839980000
865.505005000  7.900000000 1.671364780000
865.529968000  7.900000000 1.644196750000
865.554993000  7.900000000 1.616427060000
865.580017000  7.900000000 1.588151340000
865.604980000  7.900000000 1.559470890000
865.630005000  7.900000000 1.530490880000
865.654968000  7.900000000 1.501319170000
865.679993000  7.900000000 1.472067710000
865.705017000  7.900000000 1.442848680000
865.729980000  7.900000000 1.413774730000
865.755005000  7.900000000 1.384959340000
865.779968000  7.900000000 1.356513140000
865.804993000  7.900000000 1.328546880000
865.830017000  7.900000000 1.301166890000
865.854980000  7.900000000 1.274477480000
865.880005000  7.900000000 1.248577950000
865.904968000  7.900000000 1.223563190000
865.929993000  7.900000000 1.199522970000
865.955017000  7.900000000 1.176541210000
865.979980000  7.900000000 1.154695870000
866.005005000  7.900000000 1.134059070000
866.029968000  7.900000000 1.114694710000
866.054993000  7.900000000 1.096661810000
866.080017000  7.900000000 1.080010530000
866.104980000  7.900000000 1.064784410000
866.130005000  7.900000000 1.051018710000
866.154968000  7.900000000 1.038741830000
866.179993000  7.900000000 1.027972700000
866.205017000  7.900000000 1.018723490000
866.229980000  7.900000000 1.010997530000
866.255005000  7.900000000 1.004788880000
866.279968000  7.900000000 1.000083330000
866.304993000  7.900000000 0.996858001000
866.330017000  7.900000000 0.995081246000
866.354980000  7.900000000 0.994712532000
866.380005000  7.900000000 0.995703280000
866.404968000  7.900000000 0.997996211000
866.429993000  7.900000000 1.001526710000
866.455017000  7.900000000 1.006222610000
866.479980000  7.900000000 1.012004380000
866.505005000  7.900000000 1.018787260000
866.529968000  7.900000000 1.026480440000
866.554993000  7.900000000 1.034988520000
866.580017000  7.900000000 1.044212460000
866.604980000  7.900000000 1.054050920000
866.630005000  7.900000000 1.064400910000
866.654968000  7.900000000 1.075158480000
866.679993000  7.900000000 1.086220740000
866.705017000  7.900000000 1.097486260000
866.729980000  7.900000000 1.108856080000
866.755005000  7.900000000 1.120234970000
866.779968000  7.900000000 1.131532790000
866.804993000  7.900000000 1.142664430000
866.830017000  7.900000000 1.153551100000
866.854980000  7.900000000 1.164120910000
866.880005000  7.900000000 1.174309970000
866.904968000  7.900000000 1.184061170000
866.929993000  7.900000000 1.193327070000
866.955017000  7.900000000 1.202067970000
866.979980000  7.900000000 1.210253000000
867.005005000  7.900000000 1.217860340000
867.029968000  7.900000000 1.224877120000
867.054993000  7.900000000 1.231299160000
867.080017000  7.900000000 1.237130760000
867.104980000  7.900000000 1.242384790000
867.130005000  7.900000000 1.247081760000
867.154968000  7.900000000 1.251249430000
867.179993000  7.900000000 1.254922030000
867.205017000  7.900000000 1.258140800000
867.229980000  7.900000000 1.260951160000
867.255005000  7.900000000 1.263402700000
867.279968000  7.900000000 1.265548830000
867.304993000  7.900000000 1.267444490000
867.330017000  7.900000000 1.269145730000
867.354980000  7.900000000 1.270708320000
867.380005000  7.900000000 1.272187710000
867.404968000  7.900000000 1.273635390000
867.429993000  7.900000000 1.275101070000
867.455017000  7.900000000 1.276630520000
867.479980000  7.900000000 1.278262970000
867.505005000  7.900000000 1.280033710000
867.529968000  7.900000000 1.281972290000
867.554993000  7.900000000 1.284101370000
867.580017000  7.900000000 1.286437870000
867.604980000  7.900000000 1.288992760000
867.630005000  7.900000000 1.291770220000
867.654968000  7.900000000 1.294769530000
867.679993000  7.900000000 1.297983170000
867.705017000  7.900000000 1.301400300000
867.729980000  7.900000000 1.305003880000
867.755005000  7.900000000 1.308773160000
867.779968000  7.900000000 1.312684770000
867.804993000  7.900000000 1.316711190000
867.830017000  7.900000000 1.320822950000
867.854980000  7.900000000 1.324989910000
867.880005000  7.900000000 1.329180120000
867.904968000  7.900000000 1.333359360000
867.929993000  7.900000000 1.337497000000
867.955017000  7.900000000 1.341560010000
867.979980000  7.900000000 1.345517160000
868.005005000  7.900000000 1.349339370000
868.029968000  7.900000000 1.352998500000
868.054993000  7.900000000 1.356468320000
868.080017000  7.900000000 1.359725240000
868.104980000  7.900000000 1.362746950000
868.130005000  7.900000000 1.365514760000
868.154968000  7.900000000 1.368009920000
868.179993000  7.900000000 1.370217920000
868.205017000  7.900000000 1.372124550000
868.229980000  7.900000000 1.373717310000
868.255005000  7.900000000 1.374984740000
868.279968000  7.900000000 1.375915770000
868.304993000  7.900000000 1.376500610000
868.330017000  7.900000000 1.376728530000
868.354980000  7.900000000 1.376588340000
868.380005000  7.900000000 1.376067760000
868.404968000  7.900000000 1.375154140000
868.429993000  7.900000000 1.373832350000
868.455017000  7.900000000 1.372084980000
868.479980000  7.900000000 1.369892950000
868.505005000  7.900000000 1.367234230000
868.529968000  7.900000000 1.364084480000
868.554993000  7.900000000 1.360415820000
868.580017000  7.900000000 1.356198790000
868.604980000  7.900000000 1.351399780000
868.630005000  7.900000000 1.345982670000
868.654968000  7.900000000 1.339909430000
868.679993000  7.900000000 1.333138700000
868.705017000  7.900000000 1.325627210000
868.729980000  7.900000000 1.317331190000
868.755005000  7.900000000 1.308203700000
868.779968000  7.900000000 1.298199180000
868.804993000  7.900000000 1.287271620000
868.830017000  7.900000000 1.275375840000
868.854980000  7.900000000 1.262469770000
868.880005000  7.900000000 1.248513700000
868.904968000  7.900000000 1.233473540000
868.929993000  7.900000000 1.217320080000
868.955017000  7.900000000 1.200032470000
868.979980000  7.900000000 1.181597470000
869.005005000  7.900000000 1.162011500000
869.029968000  7.900000000 1.141281600000
869.054993000  7.900000000 1.119426970000
869.080017000  7.900000000 1.096478700000
869.104980000  7.900000000 1.072479610000
869.130005000  7.900000000 1.047486310000
869.154968000  7.900000000 1.021566990000
869.179993000  7.900000000 0.994801879000
869.205017000  7.900000000 0.967281818000
869.229980000  7.900000000 0.939107120000
869.255005000  7.900000000 0.910386264000
869.279968000  7.900000000 0.881234705000
869.304993000  7.900000000 0.851772010000
869.330017000  7.900000000 0.822121024000
869.354980000  7.900000000 0.792405367000
869.380005000  7.900000000 0.762748539000
869.404968000  7.900000000 0.733271241000
869.429993000  7.900000000 0.704091668000
869.455017000  7.900000000 0.675322950000
869.479980000  7.900000000 0.647073269000
869.505005000  7.900000000 0.619444251000
869.529968000  7.900000000 0.592532218000
869.554993000  7.900000000 0.566426396000
869.580017000  7.900000000 0.541210353000
869.604980000  7.900000000 0.516961038000
869.630005000  7.900000000 0.493749261000
869.654968000  7.900000000 0.471640915000
869.679993000  7.900000000 0.450696826000
869.705017000  7.900000000 0.430972874000
869.729980000  7.900000000 0.412520885000
869.755005000  7.900000000 0.395388842000
869.779968000  7.900000000 0.379621506000
869.804993000  7.900000000 0.365260065000
869.830017000  7.900000000 0.352342546000
869.854980000  7.900000000 0.340904027000
869.880005000  7.900000000 0.330975980000
869.904968000  7.900000000 0.322586179000
869.929993000  7.900000000 0.315758646000
869.955017000  7.900000000 0.310512513000
869.979980000  7.900000000 0.306861460000
870.005005000  7.900000000 0.304813087000
870.029968000  7.900000000 0.304367959000
870.054993000  7.900000000 0.305518955000
870.080017000  7.900000000 0.308250189000
870.104980000  7.900000000 0.312536567000
870.130005000  7.900000000 0.318343043000
870.154968000  7.900000000 0.325624198000
870.179993000  7.900000000 0.334324121000
870.205017000  7.900000000 0.344376117000
870.229980000  7.900000000 0.355703503000
870.255005000  7.900000000 0.368220210000
870.279968000  7.900000000 0.381831199000
870.304993000  7.900000000 0.396434724000
870.330017000  7.900000000 0.411922812000
870.354980000  7.900000000 0.428183556000
870.380005000  7.900000000 0.445102602000
870.404968000  7.900000000 0.462565094000
870.429993000  7.900000000 0.480457276000
870.455017000  7.900000000 0.498668104000
870.479980000  7.900000000 0.517090976000
870.505005000  7.900000000 0.535624981000
870.529968000  7.900000000 0.554175675000
870.554993000  7.900000000 0.572656155000
870.580017000  7.900000000 0.590987921000
870.604980000  7.900000000 0.609100997000
870.630005000  7.900000000 0.626933455000
870.654968000  7.900000000 0.644432962000
870.679993000  7.900000000 0.661554635000
870.705017000  7.900000000 0.678262174000
870.729980000  7.900000000 0.694527090000
870.755005000  7.900000000 0.710327506000
870.779968000  7.900000000 0.725648582000
870.804993000  7.900000000 0.740481257000
870.830017000  7.900000000 0.754822195000
870.854980000  7.900000000 0.768673062000
870.880005000  7.900000000 0.782039642000
870.904968000  7.900000000 0.794932306000
870.929993000  7.900000000 0.807364106000
870.955017000  7.900000000 0.819351137000
870.979980000  7.900000000 0.830911636000
871.005005000  7.900000000 0.842066228000
871.029968000  7.900000000 0.852836549000
871.054993000  7.900000000 0.863245785000
871.080017000  7.900000000 0.873318374000
871.104980000  7.900000000 0.883079410000
871.130005000  7.900000000 0.892554641000
871.154968000  7.900000000 0.901770115000
871.179993000  7.900000000 0.910751939000
871.205017000  7.900000000 0.919526398000
871.229980000  7.900000000 0.928119421000
871.255005000  7.900000000 0.936556101000
871.279968000  7.900000000 0.944861591000
871.304993000  7.900000000 0.953059375000
871.330017000  7.900000000 0.961173117000
871.354980000  7.900000000 0.969224632000
871.380005000  7.900000000 0.977235734000
871.404968000  7.900000000 0.985226929000
871.429993000  7.900000000 0.993217647000
871.455017000  7.900000000 1.001227140000
871.479980000  7.900000000 1.009273530000
871.505005000  7.900000000 1.017374400000
871.529968000  7.900000000 1.025547030000
871.554993000  7.900000000 1.033808110000
871.580017000  7.900000000 1.042174580000
871.604980000  7.900000000 1.050663590000
871.630005000  7.900000000 1.059291960000
871.654968000  7.900000000 1.068078160000
871.679993000  7.900000000 1.077040430000
871.705017000  7.900000000 1.086199520000
871.729980000  7.900000000 1.095575690000
871.755005000  7.900000000 1.105191950000
871.779968000  7.900000000 1.115072370000
871.804993000  7.900000000 1.125242470000
871.830017000  7.900000000 1.135729670000
871.854980000  7.900000000 1.146563290000
871.880005000  7.900000000 1.157773380000
871.904968000  7.900000000 1.169391160000
871.929993000  7.900000000 1.181449060000
871.955017000  7.900000000 1.193979740000
871.979980000  7.900000000 1.207016350000
872.005005000  7.900000000 1.220591780000
872.029968000  7.900000000 1.234737630000
872.054993000  7.900000000 1.249484180000
872.080017000  7.900000000 1.264860510000
872.104980000  7.900000000 1.280892490000
872.130005000  7.900000000 1.297602770000
872.154968000  7.900000000 1.315011140000
872.179993000  7.900000000 1.333131430000
872.205017000  7.900000000 1.351973530000
872.229980000  7.900000000 1.371541260000
872.255005000  7.900000000 1.391832350000
872.279968000  7.900000000 1.412837510000
872.304993000  7.900000000 1.434540990000
872.330017000  7.900000000 1.456918360000
872.354980000  7.900000000 1.479936480000
872.380005000  7.900000000 1.503554820000
872.404968000  7.900000000 1.527722480000
872.429993000  7.900000000 1.552380920000
872.455017000  7.900000000 1.577463150000
872.479980000  7.900000000 1.602892400000
872.505005000  7.900000000 1.628586050000
872.529968000  7.900000000 1.654453750000
872.554993000  7.900000000 1.680400850000
872.580017000  7.900000000 1.706327800000
872.604980000  7.900000000 1.732133270000
872.630005000  7.900000000 1.757716420000
872.654968000  7.900000000 1.782976390000
872.679993000  7.900000000 1.807816390000
872.705017000  7.900000000 1.832146530000
872.729980000  7.900000000 1.855881930000
872.755005000  7.900000000 1.878948090000
872.779968000  7.900000000 1.901280280000
872.804993000  7.900000000 1.922826290000
872.830017000  7.900000000 1.943546180000
872.854980000  7.900000000 1.963413600000
872.880005000  7.900000000 1.982415800000
872.904968000  7.900000000 2.000552890000
872.929993000  7.900000000 2.017838240000
872.955017000  7.900000000 2.034296990000
872.979980000  7.900000000 2.049964190000
873.005005000  7.900000000 2.064886330000
873.029968000  7.900000000 2.079116580000
873.054993000  7.900000000 2.092715260000
873.080017000  7.900000000 2.105748180000
873.104980000  7.900000000 2.118281600000
873.130005000  7.900000000 2.130387070000
873.154968000  7.900000000 2.142131570000
873.179993000  7.900000000 2.153584000000
873.205017000  7.900000000 2.164807320000
873.229980000  7.900000000 2.175863270000
873.255005000  7.900000000 2.186803820000
873.279968000  7.900000000 2.197676420000
873.304993000  7.900000000 2.208520410000
873.330017000  7.900000000 2.219367980000
873.354980000  7.900000000 2.230239150000
873.380005000  7.900000000 2.241148230000
873.404968000  7.900000000 2.252098320000
873.429993000  7.900000000 2.263081790000
873.455017000  7.900000000 2.274085040000
873.479980000  7.900000000 2.285083060000
873.505005000  7.900000000 2.296042920000
873.529968000  7.900000000 2.306924580000
873.554993000  7.900000000 2.317679640000
873.580017000  7.900000000 2.328254220000
873.604980000  7.900000000 2.338586810000
873.630005000  7.900000000 2.348613740000
873.654968000  7.900000000 2.358265880000
873.679993000  7.900000000 2.367473600000
873.705017000  7.900000000 2.376164440000
873.729980000  7.900000000 2.384268280000
873.755005000  7.900000000 2.391714100000
873.779968000  7.900000000 2.398436070000
873.804993000  7.900000000 2.404371500000
873.830017000  7.900000000 2.409463880000
873.854980000  7.900000000 2.413664820000
873.880005000  7.900000000 2.416934010000
873.904968000  7.900000000 2.419240470000
873.929993000  7.900000000 2.420565130000
873.955017000  7.900000000 2.420900580000
873.979980000  7.900000000 2.420252560000
874.005005000  7.900000000 2.418641810000
874.029968000  7.900000000 2.416101460000
874.054993000  7.900000000 2.412680860000
874.080017000  7.900000000 2.408442020000
874.104980000  7.900000000 2.403459790000
874.130005000  7.900000000 2.397823100000
874.154968000  7.900000000 2.391631840000
874.179993000  7.900000000 2.384993550000
874.205017000  7.900000000 2.378026490000
874.229980000  7.900000000 2.370852470000
874.255005000  7.900000000 2.363596920000
874.279968000  7.900000000 2.356388090000
874.304993000  7.900000000 2.349349980000
874.330017000  7.900000000 2.342605110000
874.354980000  7.900000000 2.336267710000
874.380005000  7.900000000 2.330443380000
874.404968000  7.900000000 2.325227740000
874.429993000  7.900000000 2.320702080000
874.455017000  7.900000000 2.316934350000
874.479980000  7.900000000 2.313975570000
874.505005000  7.900000000 2.311861750000
874.529968000  7.900000000 2.310610770000
874.554993000  7.900000000 2.310225490000
874.580017000  7.900000000 2.310689930000
874.604980000  7.900000000 2.311973810000
874.630005000  7.900000000 2.314032790000
874.654968000  7.900000000 2.316808460000
874.679993000  7.900000000 2.320230480000
874.705017000  7.900000000 2.324219470000
874.729980000  7.900000000 2.328688140000
874.755005000  7.900000000 2.333542110000
874.779968000  7.900000000 2.338683370000
874.804993000  7.900000000 2.344011550000
874.830017000  7.900000000 2.349425550000
874.854980000  7.900000000 2.354826210000
874.880005000  7.900000000 2.360114570000
874.904968000  7.900000000 2.365197900000
874.929993000  7.900000000 2.369987250000
874.955017000  7.900000000 2.374399660000
874.979980000  7.900000000 2.378356700000
875.005005000  7.900000000 2.381789210000
875.029968000  7.900000000 2.384631160000
875.054993000  7.900000000 2.386824370000
875.080017000  7.900000000 2.388318060000
875.104980000  7.900000000 2.389064790000
875.130005000  7.900000000 2.389024020000
875.154968000  7.900000000 2.388159750000
875.179993000  7.900000000 2.386441710000
875.205017000  7.900000000 2.383842470000
875.229980000  7.900000000 2.380339620000
875.255005000  7.900000000 2.375912670000
875.279968000  7.900000000 2.370545150000
875.304993000  7.900000000 2.364223960000
875.330017000  7.900000000 2.356937650000
875.354980000  7.900000000 2.348676920000
875.380005000  7.900000000 2.339437010000
875.404968000  7.900000000 2.329213860000
875.429993000  7.900000000 2.318008660000
875.455017000  7.900000000 2.305823330000
875.479980000  7.900000000 2.292665720000
875.505005000  7.900000000 2.278546570000
875.529968000  7.900000000 2.263481380000
875.554993000  7.900000000 2.247489210000
875.580017000  7.900000000 2.230594160000
875.604980000  7.900000000 2.212825540000
875.630005000  7.900000000 2.194215060000
875.654968000  7.900000000 2.174800400000
875.679993000  7.900000000 2.154621360000
875.705017000  7.900000000 2.133720870000
875.729980000  7.900000000 2.112145420000
875.755005000  7.900000000 2.089945080000
875.779968000  7.900000000 2.067170380000
875.804993000  7.900000000 2.043874030000
875.830017000  7.900000000 2.020110130000
875.854980000  7.900000000 1.995933410000
875.880005000  7.900000000 1.971399190000
875.904968000  7.900000000 1.946563840000
875.929993000  7.900000000 1.921483400000
875.955017000  7.900000000 1.896214720000
875.979980000  7.900000000 1.870813010000
876.005005000  7.900000000 1.845334410000
876.029968000  7.900000000 1.819835900000
876.054993000  7.900000000 1.794372560000
876.080017000  7.900000000 1.768999810000
876.104980000  7.900000000 1.743774060000
876.130005000  7.900000000 1.718750600000
876.154968000  7.900000000 1.693985580000
876.179993000  7.900000000 1.669534440000
876.205017000  7.900000000 1.645454050000
876.229980000  7.900000000 1.621800900000
876.255005000  7.900000000 1.598632450000
876.279968000  7.900000000 1.576007250000
876.304993000  7.900000000 1.553984520000
876.330017000  7.900000000 1.532625680000
876.354980000  7.900000000 1.511993050000
876.380005000  7.900000000 1.492150430000
876.404968000  7.900000000 1.473163600000
876.429993000  7.900000000 1.455098750000
876.455017000  7.900000000 1.438023570000
876.479980000  7.900000000 1.422006730000
876.505005000  7.900000000 1.407115820000
876.529968000  7.900000000 1.393417720000
876.554993000  7.900000000 1.380977990000
876.580017000  7.900000000 1.369859580000
876.604980000  7.900000000 1.360122920000
876.630005000  7.900000000 1.351822850000
876.654968000  7.900000000 1.345008850000
876.679993000  7.900000000 1.339724660000
876.705017000  7.900000000 1.336004020000
876.729980000  7.900000000 1.333872320000
876.755005000  7.900000000 1.333344700000
876.779968000  7.900000000 1.334423420000
876.804993000  7.900000000 1.337098600000
876.830017000  7.900000000 1.341346500000
876.854980000  7.900000000 1.347128630000
876.880005000  7.900000000 1.354390740000
876.904968000  7.900000000 1.363063340000
876.929993000  7.900000000 1.373061540000
876.955017000  7.900000000 1.384283780000
876.979980000  7.900000000 1.396615390000
877.005005000  7.900000000 1.409925460000
877.029968000  7.900000000 1.424071910000
877.054993000  7.900000000 1.438899870000
877.080017000  7.900000000 1.454245450000
877.104980000  7.900000000 1.469937090000
877.130005000  7.900000000 1.485796570000
877.154968000  7.900000000 1.501644730000
877.179993000  7.900000000 1.517299890000
877.205017000  7.900000000 1.532583830000
877.229980000  7.900000000 1.547322150000
877.255005000  7.900000000 1.561348920000
877.279968000  7.900000000 1.574506040000
877.304993000  7.900000000 1.586649660000
877.330017000  7.900000000 1.597648140000
877.354980000  7.900000000 1.607387190000
877.380005000  7.900000000 1.615768190000
877.404968000  7.900000000 1.622712370000
877.429993000  7.900000000 1.628160000000
877.455017000  7.900000000 1.632069710000
877.479980000  7.900000000 1.634421110000
877.505005000  7.900000000 1.635211230000
877.529968000  7.900000000 1.634457590000
877.554993000  7.900000000 1.632193330000
877.580017000  7.900000000 1.628468280000
877.604980000  7.900000000 1.623346570000
877.630005000  7.900000000 1.616904260000
877.654968000  7.900000000 1.609229090000
877.679993000  7.900000000 1.600417140000
877.705017000  7.900000000 1.590571280000
877.729980000  7.900000000 1.579797980000
877.755005000  7.900000000 1.568207620000
877.779968000  7.900000000 1.555909280000
877.804993000  7.900000000 1.543013450000
877.830017000  7.900000000 1.529624820000
877.854980000  7.900000000 1.515845780000
877.880005000  7.900000000 1.501771930000
877.904968000  7.900000000 1.487492560000
877.929993000  7.900000000 1.473089580000
877.955017000  7.900000000 1.458635810000
877.979980000  7.900000000 1.444197300000
878.005005000  7.900000000 1.429831150000
878.029968000  7.900000000 1.415586590000
878.054993000  7.900000000 1.401505470000
878.080017000  7.900000000 1.387622950000
878.104980000  7.900000000 1.373967410000
878.130005000  7.900000000 1.360561970000
878.154968000  7.900000000 1.347425340000
878.179993000  7.900000000 1.334572320000
878.205017000  7.900000000 1.322014570000
878.229980000  7.900000000 1.309759860000
878.255005000  7.900000000 1.297814730000
878.279968000  7.900000000 1.286184070000
878.304993000  7.900000000 1.274871590000
878.330017000  7.900000000 1.263878940000
878.354980000  7.900000000 1.253208520000
878.380005000  7.900000000 1.242861270000
878.404968000  7.900000000 1.232838510000
878.429993000  7.900000000 1.223140000000
878.455017000  7.900000000 1.213766570000
878.479980000  7.900000000 1.204717280000
878.505005000  7.900000000 1.195991400000
878.529968000  7.900000000 1.187586430000
878.554993000  7.900000000 1.179499860000
878.580017000  7.900000000 1.171727180000
878.604980000  7.900000000 1.164263610000
878.630005000  7.900000000 1.157101990000
878.654968000  7.900000000 1.150234940000
878.679993000  7.900000000 1.143653750000
878.705017000  7.900000000 1.137348060000
878.729980000  7.900000000 1.131306770000
878.755005000  7.900000000 1.125517490000
878.779968000  7.900000000 1.119966630000
878.804993000  7.900000000 1.114639640000
878.830017000  7.900000000 1.109520550000
878.854980000  7.900000000 1.104591610000
878.880005000  7.900000000 1.099833490000
878.904968000  7.900000000 1.095225100000
878.929993000  7.900000000 1.090742950000
878.955017000  7.900000000 1.086361050000
878.979980000  7.900000000 1.082051400000
879.005005000  7.900000000 1.077781200000
879.029968000  7.900000000 1.073515770000
879.054993000  7.900000000 1.069216970000
879.080017000  7.900000000 1.064842460000
879.104980000  7.900000000 1.060346250000
879.130005000  7.900000000 1.055678960000
879.154968000  7.900000000 1.050787450000
879.179993000  7.900000000 1.045615550000
879.205017000  7.900000000 1.040103670000
879.229980000  7.900000000 1.034190890000
879.255005000  7.900000000 1.027813790000
879.279968000  7.900000000 1.020908360000
879.304993000  7.900000000 1.013410090000
879.330017000  7.900000000 1.005256410000
879.354980000  7.900000000 0.996385336000
879.380005000  7.900000000 0.986738861000
879.404968000  7.900000000 0.976262093000
879.429993000  7.900000000 0.964905560000
879.455017000  7.900000000 0.952626050000
879.479980000  7.900000000 0.939386547000
879.505005000  7.900000000 0.925158679000
879.529968000  7.900000000 0.909921646000
879.554993000  7.900000000 0.893664598000
879.580017000  7.900000000 0.876385808000
879.604980000  7.900000000 0.858093381000
879.630005000  7.900000000 0.838806272000
879.654968000  7.900000000 0.818552375000
879.679993000  7.900000000 0.797369361000
879.705017000  7.900000000 0.775304854000
879.729980000  7.900000000 0.752415240000
879.755005000  7.900000000 0.728764713000
879.779968000  7.900000000 0.704425335000
879.804993000  7.900000000 0.679476142000
879.830017000  7.900000000 0.654002488000
879.854980000  7.900000000 0.628094614000
879.880005000  7.900000000 0.601847589000
879.904968000  7.900000000 0.575359762000
879.929993000  7.900000000 0.548732162000
879.955017000  7.900000000 0.522067308000
879.979980000  7.900000000 0.495468676000
880.005005000  7.900000000 0.469038963000
880.029968000  7.900000000 0.442880005000
880.054993000  7.900000000 0.417090893000
880.080017000  7.900000000 0.391767472000
880.104980000  7.900000000 0.367001444000
880.130005000  7.900000000 0.342878819000
880.154968000  7.900000000 0.319479614000
880.179993000  7.900000000 0.296876729000
880.205017000  7.900000000 0.275135428000
880.229980000  7.900000000 0.254312247000
880.255005000  7.900000000 0.234455302000
880.279968000  7.900000000 0.215603158000
880.304993000  7.900000000 0.197784916000
880.330017000  7.900000000 0.181020200000
880.354980000  7.900000000 0.165318996000
880.380005000  7.900000000 0.150682122000
880.404968000  7.900000000 0.137101531000
880.429993000  7.900000000 0.124560684000
880.455017000  7.900000000 0.113035396000
880.479980000  7.900000000 0.102494612000
880.505005000  7.900000000 0.092901073400
880.529968000  7.900000000 0.084212496900
880.554993000  7.900000000 0.076382473100
880.580017000  7.900000000 0.069361552600
880.604980000  7.900000000 0.063098147500
880.630005000  7.900000000 0.057539418300
880.654968000  7.900000000 0.052632324400
880.679993000  7.900000000 0.048324208700
880.705017000  7.900000000 0.044563535600
880.729980000  7.900000000 0.041300430900
880.755005000  7.900000000 0.038487121500
880.779968000  7.900000000 0.036078281700
880.804993000  7.900000000 0.034031290600
880.830017000  7.900000000 0.032306410400
880.854980000  7.900000000 0.030866842700
880.880005000  7.900000000 0.029678735900
880.904968000  7.900000000 0.028711132700
880.929993000  7.900000000 0.027935851400
880.955017000  7.900000000 0.027327302800
880.979980000  7.900000000 0.026862306500
881.005005000  7.900000000 0.026519885300
881.029968000  7.900000000 0.026280988000
881.054993000  7.900000000 0.026128269700
881.080017000  7.900000000 0.026045830900
881.104980000  7.900000000 0.026019001400
881.130005000  7.900000000 0.026034155900
881.154968000  7.900000000 0.026078544600
881.179993000  7.900000000 0.026140235400
881.205017000  7.900000000 0.026208054300
881.229980000  7.900000000 0.026271607700
881.255005000  7.900000000 0.026321340400
881.279968000  7.900000000 0.026348693300
881.304993000  7.900000000 0.026346221600
881.330017000  7.900000000 0.026307821300
881.354980000  7.900000000 0.026228927100
881.380005000  7.900000000 0.026106737600
881.404968000  7.900000000 0.025940442500
881.429993000  7.900000000 0.025731436900
881.455017000  7.900000000 0.025483509500
881.479980000  7.900000000 0.025202998900
881.505005000  7.900000000 0.024898873600
881.529968000  7.900000000 0.024582808800
881.554993000  7.900000000 0.024269204600
881.580017000  7.900000000 0.023975076200
881.604980000  7.900000000 0.023719972000
881.630005000  7.900000000 0.023525724200
881.654968000  7.900000000 0.023416215600
881.679993000  7.900000000 0.023417037000
881.705017000  7.900000000 0.023555098100
881.729980000  7.900000000 0.023858225000
881.755005000  7.900000000 0.024354709300
881.779968000  7.900000000 0.025072870800
881.804993000  7.900000000 0.026040572700
881.830017000  7.900000000 0.027284828900
881.854980000  7.900000000 0.028831351500
881.880005000  7.900000000 0.030704224500
881.904968000  7.900000000 0.032925523800
881.929993000  7.900000000 0.035515036400
881.955017000  7.900000000 0.038490012300
881.979980000  7.900000000 0.041864890600
882.005005000  7.900000000 0.045651145300
882.029968000  7.900000000 0.049857072500
882.054993000  7.900000000 0.054487727600
882.080017000  7.900000000 0.059544786800
882.104980000  7.900000000 0.065026462100
882.130005000  7.900000000 0.070927433700
882.154968000  7.900000000 0.077238701300
882.179993000  7.900000000 0.083947517000
882.205017000  7.900000000 0.091037258500
882.229980000  7.900000000 0.098487272900
882.255005000  7.900000000 0.106272765000
882.279968000  7.900000000 0.114364780000
882.304993000  7.900000000 0.122730032000
882.330017000  7.900000000 0.131330952000
882.354980000  7.900000000 0.140125781000
882.380005000  7.900000000 0.149068579000
882.404968000  7.900000000 0.158109620000
882.429993000  7.900000000 0.167195663000
882.455017000  7.900000000 0.176270336000
882.479980000  7.900000000 0.185274869000
882.505005000  7.900000000 0.194148973000
882.529968000  7.900000000 0.202831343000
882.554993000  7.900000000 0.211261168000
882.580017000  7.900000000 0.219378650000
882.604980000  7.900000000 0.227127105000
882.630005000  7.900000000 0.234453291000
882.654968000  7.900000000 0.241309181000
882.679993000  7.900000000 0.247653112000
882.705017000  7.900000000 0.253450602000
882.729980000  7.900000000 0.258675903000
882.755005000  7.900000000 0.263311863000
882.779968000  7.900000000 0.267351687000
882.804993000  7.900000000 0.270798147000
882.830017000  7.900000000 0.273664773000
882.854980000  7.900000000 0.275974542000
882.880005000  7.900000000 0.277760267000
882.904968000  7.900000000 0.279063344000
882.929993000  7.900000000 0.279933363000
882.955017000  7.900000000 0.280426383000
882.979980000  7.900000000 0.280604362000
883.005005000  7.900000000 0.280533552000
883.029968000  7.900000000 0.280283421000
883.054993000  7.900000000 0.279925287000
883.080017000  7.900000000 0.279531062000
883.104980000  7.900000000 0.279172510000
883.130005000  7.900000000 0.278919965000
883.154968000  7.900000000 0.278841704000
883.179993000  7.900000000 0.279002935000
883.205017000  7.900000000 0.279465497000
883.229980000  7.900000000 0.280287206000
883.255005000  7.900000000 0.281521797000
883.279968000  7.900000000 0.283218294000
883.304993000  7.900000000 0.285421103000
883.330017000  7.900000000 0.288169861000
883.354980000  7.900000000 0.291499525000
883.380005000  7.900000000 0.295440108000
883.404968000  7.900000000 0.300017118000
883.429993000  7.900000000 0.305251628000
883.455017000  7.900000000 0.311160326000
883.479980000  7.900000000 0.317755908000
883.505005000  7.900000000 0.325047135000
883.529968000  7.900000000 0.333039522000
883.554993000  7.900000000 0.341734737000
883.580017000  7.900000000 0.351131588000
883.604980000  7.900000000 0.361225605000
883.630005000  7.900000000 0.372009516000
883.654968000  7.900000000 0.383473158000
883.679993000  7.900000000 0.395603567000
883.705017000  7.900000000 0.408385187000
883.729980000  7.900000000 0.421799272000
883.755005000  7.900000000 0.435824722000
883.779968000  7.900000000 0.450437456000
883.804993000  7.900000000 0.465610653000
883.830017000  7.900000000 0.481314629000
883.854980000  7.900000000 0.497517377000
883.880005000  7.900000000 0.514183998000
883.904968000  7.900000000 0.531277716000
883.929993000  7.900000000 0.548759401000
883.955017000  7.900000000 0.566587806000
883.979980000  7.900000000 0.584720194000
884.005005000  7.900000000 0.603112936000
884.029968000  7.900000000 0.621720314000
884.054993000  7.900000000 0.640496731000
884.080017000  7.900000000 0.659395337000
884.104980000  7.900000000 0.678369462000
884.130005000  7.900000000 0.697372079000
884.154968000  7.900000000 0.716356575000
884.179993000  7.900000000 0.735277057000
884.205017000  7.900000000 0.754087985000
884.229980000  7.900000000 0.772745669000
884.255005000  7.900000000 0.791207433000
884.279968000  7.900000000 0.809432566000
884.304993000  7.900000000 0.827382207000
884.330017000  7.900000000 0.845020056000
884.354980000  7.900000000 0.862312019000
884.380005000  7.900000000 0.879226685000
884.404968000  7.900000000 0.895734668000
884.429993000  7.900000000 0.911809683000
884.455017000  7.900000000 0.927427232000
884.479980000  7.900000000 0.942565143000
884.505005000  7.900000000 0.957202733000
884.529968000  7.900000000 0.971320271000
884.554993000  7.900000000 0.984899104000
884.580017000  7.900000000 0.997920752000
884.604980000  7.900000000 1.010366320000
884.630005000  7.900000000 1.022216200000
884.654968000  7.900000000 1.033449410000
884.679993000  7.900000000 1.044044020000
884.705017000  7.900000000 1.053975820000
884.729980000  7.900000000 1.063219670000
884.755005000  7.900000000 1.071748380000
884.779968000  7.900000000 1.079534170000
884.804993000  7.900000000 1.086547850000
884.830017000  7.900000000 1.092760680000
884.854980000  7.900000000 1.098144770000
884.880005000  7.900000000 1.102673290000
884.904968000  7.900000000 1.106323120000
884.929993000  7.900000000 1.109074120000
884.955017000  7.900000000 1.110911970000
884.979980000  7.900000000 1.111828210000
885.005005000  7.900000000 1.111821650000
885.029968000  7.900000000 1.110900520000
885.054993000  7.900000000 1.109081270000
885.080017000  7.900000000 1.106391910000
885.104980000  7.900000000 1.102869870000
885.130005000  7.900000000 1.098563790000
885.154968000  7.900000000 1.093532560000
885.179993000  7.900000000 1.087845440000
885.205017000  7.900000000 1.081580280000
885.229980000  7.900000000 1.074823620000
885.255005000  7.900000000 1.067668440000
885.279968000  7.900000000 1.060212610000
885.304993000  7.900000000 1.052558780000
885.330017000  7.900000000 1.044809340000
885.354980000  7.900000000 1.037068720000
885.380005000  7.900000000 1.029438260000
885.404968000  7.900000000 1.022015570000
885.429993000  7.900000000 1.014894720000
885.455017000  7.900000000 1.008161540000
885.479980000  7.900000000 1.001894950000
885.505005000  7.900000000 0.996166885000
885.529968000  7.900000000 0.991037846000
885.554993000  7.900000000 0.986560106000
885.580017000  7.900000000 0.982774854000
885.604980000  7.900000000 0.979713678000
885.630005000  7.900000000 0.977397442000
885.654968000  7.900000000 0.975836933000
885.679993000  7.900000000 0.975032926000
885.705017000  7.900000000 0.974975586000
885.729980000  7.900000000 0.975646794000
885.755005000  7.900000000 0.977018952000
885.779968000  7.900000000 0.979056358000
885.804993000  7.900000000 0.981714964000
885.830017000  7.900000000 0.984944105000
885.854980000  7.900000000 0.988686800000
885.880005000  7.900000000 0.992880225000
885.904968000  7.900000000 0.997456670000
885.929993000  7.900000000 1.002345560000
885.955017000  7.900000000 1.007472280000
885.979980000  7.900000000 1.012760880000
886.005005000  7.900000000 1.018133520000
886.029968000  7.900000000 1.023512960000
886.054993000  7.900000000 1.028822060000
886.080017000  7.900000000 1.033985020000
886.104980000  7.900000000 1.038928990000
886.130005000  7.900000000 1.043583750000
886.154968000  7.900000000 1.047883510000
886.179993000  7.900000000 1.051767470000
886.205017000  7.900000000 1.055180070000
886.229980000  7.900000000 1.058072090000
886.255005000  7.900000000 1.060400610000
886.279968000  7.900000000 1.062129620000
886.304993000  7.900000000 1.063230510000
886.330017000  7.900000000 1.063681840000
886.354980000  7.900000000 1.063468340000
886.380005000  7.900000000 1.062582140000
886.404968000  7.900000000 1.061020850000
886.429993000  7.900000000 1.058787350000
886.455017000  7.900000000 1.055889130000
886.479980000  7.900000000 1.052337170000
886.505005000  7.900000000 1.048144460000
886.529968000  7.900000000 1.043325900000
886.554993000  7.900000000 1.037896750000
886.580017000  7.900000000 1.031871910000
886.604980000  7.900000000 1.025265100000
886.630005000  7.900000000 1.018087630000
886.654968000  7.900000000 1.010349870000
886.679993000  7.900000000 1.002058150000
886.705017000  7.900000000 0.993218422000
886.729980000  7.900000000 0.983831465000
886.755005000  7.900000000 0.973897994000
886.779968000  7.900000000 0.963415802000
886.804993000  7.900000000 0.952381015000
886.830017000  7.900000000 0.940789580000
886.854980000  7.900000000 0.928636849000
886.880005000  7.900000000 0.915918529000
886.904968000  7.900000000 0.902631164000
886.929993000  7.900000000 0.888772786000
886.955017000  7.900000000 0.874344170000
886.979980000  7.900000000 0.859348059000
887.005005000  7.900000000 0.843791127000
887.029968000  7.900000000 0.827683389000
887.054993000  7.900000000 0.811039269000
887.080017000  7.900000000 0.793877840000
887.104980000  7.900000000 0.776223481000
887.130005000  7.900000000 0.758105397000
887.154968000  7.900000000 0.739559114000
887.179993000  7.900000000 0.720626056000
887.205017000  7.900000000 0.701353252000
887.229980000  7.900000000 0.681794524000
887.255005000  7.900000000 0.662009478000
887.279968000  7.900000000 0.642063498000
887.304993000  7.900000000 0.622027755000
887.330017000  7.900000000 0.601979077000
887.354980000  7.900000000 0.581998289000
887.380005000  7.900000000 0.562171638000
887.404968000  7.900000000 0.542588472000
887.429993000  7.900000000 0.523340762000
887.455017000  7.900000000 0.504523218000
887.479980000  7.900000000 0.486230820000
887.505005000  7.900000000 0.468559176000
887.529968000  7.900000000 0.451602310000
887.554993000  7.900000000 0.435452074000
887.580017000  7.900000000 0.420196623000
887.604980000  7.900000000 0.405919462000
887.630005000  7.900000000 0.392697841000
887.654968000  7.900000000 0.380601346000
887.679993000  7.900000000 0.369691163000
887.705017000  7.900000000 0.360018551000
887.729980000  7.900000000 0.351623952000
887.755005000  7.900000000 0.344535947000
887.779968000  7.900000000 0.338770926000
887.804993000  7.900000000 0.334332019000
887.830017000  7.900000000 0.331209719000
887.854980000  7.900000000 0.329381555000
887.880005000  7.900000000 0.328812420000
887.904968000  7.900000000 0.329455614000
887.929993000  7.900000000 0.331253588000
887.955017000  7.900000000 0.334138900000
887.979980000  7.900000000 0.338035733000
888.005005000  7.900000000 0.342861027000
888.029968000  7.900000000 0.348526001000
888.054993000  7.900000000 0.354937315000
888.080017000  7.900000000 0.361998767000
888.104980000  7.900000000 0.369612575000
888.130005000  7.900000000 0.377680600000
888.154968000  7.900000000 0.386105567000
888.179993000  7.900000000 0.394792378000
888.205017000  7.900000000 0.403649211000
888.229980000  7.900000000 0.412588328000
888.255005000  7.900000000 0.421527267000
888.279968000  7.900000000 0.430389464000
888.304993000  7.900000000 0.439105093000
888.330017000  7.900000000 0.447611988000
888.354980000  7.900000000 0.455855608000
888.380005000  7.900000000 0.463790357000
888.404968000  7.900000000 0.471379280000
888.429993000  7.900000000 0.478594929000
888.455017000  7.900000000 0.485418946000
888.479980000  7.900000000 0.491842598000
888.505005000  7.900000000 0.497866333000
888.529968000  7.900000000 0.503499508000
888.554993000  7.900000000 0.508759975000
888.580017000  7.900000000 0.513673604000
888.604980000  7.900000000 0.518273532000
888.630005000  7.900000000 0.522599816000
888.654968000  7.900000000 0.526697636000
888.679993000  7.900000000 0.530617118000
888.705017000  7.900000000 0.534412444000
888.729980000  7.900000000 0.538139939000
888.755005000  7.900000000 0.541857719000
888.779968000  7.900000000 0.545624197000
888.804993000  7.900000000 0.549497068000
888.830017000  7.900000000 0.553532004000
888.854980000  7.900000000 0.557782114000
888.880005000  7.900000000 0.562296391000
888.904968000  7.900000000 0.567119539000
888.929993000  7.900000000 0.572290480000
888.955017000  7.900000000 0.577842236000
888.979980000  7.900000000 0.583801210000
889.005005000  7.900000000 0.590187490000
889.029968000  7.900000000 0.597013533000
889.054993000  7.900000000 0.604285657000
889.080017000  7.900000000 0.612002492000
889.104980000  7.900000000 0.620156407000
889.130005000  7.900000000 0.628733099000
889.154968000  7.900000000 0.637712479000
889.179993000  7.900000000 0.647068441000
889.205017000  7.900000000 0.656770229000
889.229980000  7.900000000 0.666781843000
889.255005000  7.900000000 0.677063763000
889.279968000  7.900000000 0.687572896000
889.304993000  7.900000000 0.698262930000
889.330017000  7.900000000 0.709085405000
889.354980000  7.900000000 0.719990194000
889.380005000  7.900000000 0.730925560000
889.404968000  7.900000000 0.741838992000
889.429993000  7.900000000 0.752677143000
889.455017000  7.900000000 0.763386846000
889.479980000  7.900000000 0.773915410000
889.505005000  7.900000000 0.784211218000
889.529968000  7.900000000 0.794222891000
889.554993000  7.900000000 0.803901911000
889.580017000  7.900000000 0.813200653000
889.604980000  7.900000000 0.822074831000
889.630005000  7.900000000 0.830481768000
889.654968000  7.900000000 0.838382840000
889.679993000  7.900000000 0.845741868000
889.705017000  7.900000000 0.852526963000
889.729980000  7.900000000 0.858710051000
889.755005000  7.900000000 0.864267647000
889.779968000  7.900000000 0.869180858000
889.804993000  7.900000000 0.873436093000
889.830017000  7.900000000 0.877025485000
889.854980000  7.900000000 0.879947424000
889.880005000  7.900000000 0.882206082000
889.904968000  7.900000000 0.883812726000
889.929993000  7.900000000 0.884785295000
889.955017000  7.900000000 0.885148942000
889.979980000  7.900000000 0.884935081000
890.005005000  7.900000000 0.884182274000
890.029968000  7.900000000 0.882935405000
890.054993000  7.900000000 0.881245017000
890.080017000  7.900000000 0.879167497000
890.104980000  7.900000000 0.876763284000
890.130005000  7.900000000 0.874096692000
890.154968000  7.900000000 0.871235073000
890.179993000  7.900000000 0.868247926000
890.205017000  7.900000000 0.865205288000
890.229980000  7.900000000 0.862177312000
890.255005000  7.900000000 0.859233737000
890.279968000  7.900000000 0.856441617000
890.304993000  7.900000000 0.853865802000
890.330017000  7.900000000 0.851567686000
890.354980000  7.900000000 0.849603832000
890.380005000  7.900000000 0.848026276000
890.404968000  7.900000000 0.846881688000
890.429993000  7.900000000 0.846210718000
890.455017000  7.900000000 0.846047938000
890.479980000  7.900000000 0.846421540000
890.505005000  7.900000000 0.847353697000
890.529968000  7.900000000 0.848859608000
890.554993000  7.900000000 0.850948632000
890.580017000  7.900000000 0.853624105000
890.604980000  7.900000000 0.856882989000
890.630005000  7.900000000 0.860717118000
890.654968000  7.900000000 0.865112901000
890.679993000  7.900000000 0.870051861000
890.705017000  7.900000000 0.875511944000
890.729980000  7.900000000 0.881466210000
890.755005000  7.900000000 0.887885332000
890.779968000  7.900000000 0.894736946000
890.804993000  7.900000000 0.901986539000
890.830017000  7.900000000 0.909598172000
890.854980000  7.900000000 0.917535305000
890.880005000  7.900000000 0.925760567000
890.904968000  7.900000000 0.934236884000
890.929993000  7.900000000 0.942928314000
890.955017000  7.900000000 0.951800108000
890.979980000  7.900000000 0.960819364000
891.005005000  7.900000000 0.969955325000
891.029968000  7.900000000 0.979179859000
891.054993000  7.900000000 0.988467753000
891.080017000  7.900000000 0.997796834000
891.104980000  7.900000000 1.007148270000
891.130005000  7.900000000 1.016506310000
891.154968000  7.900000000 1.025858760000
891.179993000  7.900000000 1.035196300000
891.205017000  7.900000000 1.044512030000
891.229980000  7.900000000 1.053802130000
891.255005000  7.900000000 1.063064340000
891.279968000  7.900000000 1.072298770000
891.304993000  7.900000000 1.081505180000
891.330017000  7.900000000 1.090684410000
891.354980000  7.900000000 1.099837660000
891.380005000  7.900000000 1.108964320000
891.404968000  7.900000000 1.118062970000
891.429993000  7.900000000 1.127129670000
891.455017000  7.900000000 1.136159300000
891.479980000  7.900000000 1.145142320000
891.505005000  7.900000000 1.154067280000
891.529968000  7.900000000 1.162918930000
891.554993000  7.900000000 1.171677950000
891.580017000  7.900000000 1.180323240000
891.604980000  7.900000000 1.188828710000
891.630005000  7.900000000 1.197165730000
891.654968000  7.900000000 1.205302480000
891.679993000  7.900000000 1.213204860000
891.705017000  7.900000000 1.220836040000
891.729980000  7.900000000 1.228157400000
891.755005000  7.900000000 1.235129240000
891.779968000  7.900000000 1.241710540000
891.804993000  7.900000000 1.247860910000
891.830017000  7.900000000 1.253539440000
891.854980000  7.900000000 1.258705380000
891.880005000  7.900000000 1.263321040000
891.904968000  7.900000000 1.267349480000
891.929993000  7.900000000 1.270757080000
891.955017000  7.900000000 1.273513320000
891.979980000  7.900000000 1.275591490000
892.005005000  7.900000000 1.276969550000
892.029968000  7.900000000 1.277630090000
892.054993000  7.900000000 1.277561070000
892.080017000  7.900000000 1.276755810000
892.104980000  7.900000000 1.275214430000
892.130005000  7.900000000 1.272941590000
892.154968000  7.900000000 1.269949200000
892.179993000  7.900000000 1.266254540000
892.205017000  7.900000000 1.261881350000
892.229980000  7.900000000 1.256857400000
892.255005000  7.900000000 1.251217720000
892.279968000  7.900000000 1.245000600000
892.304993000  7.900000000 1.238249060000
892.330017000  7.900000000 1.231011030000
892.354980000  7.900000000 1.223337290000
892.380005000  7.900000000 1.215282320000
892.404968000  7.900000000 1.206903820000
892.429993000  7.900000000 1.198261260000
892.455017000  7.900000000 1.189417480000
892.479980000  7.900000000 1.180436370000
892.505005000  7.900000000 1.171383620000
892.529968000  7.900000000 1.162325740000
892.554993000  7.900000000 1.153330450000
892.580017000  7.900000000 1.144464140000
892.604980000  7.900000000 1.135794280000
892.630005000  7.900000000 1.127385740000
892.654968000  7.900000000 1.119303230000
892.679993000  7.900000000 1.111607430000
892.705017000  7.900000000 1.104357120000
892.729980000  7.900000000 1.097607730000
892.755005000  7.900000000 1.091410280000
892.779968000  7.900000000 1.085810900000
892.804993000  7.900000000 1.080850360000
892.830017000  7.900000000 1.076563480000
892.854980000  7.900000000 1.072978850000
892.880005000  7.900000000 1.070117470000
892.904968000  7.900000000 1.067993760000
892.929993000  7.900000000 1.066613440000
892.955017000  7.900000000 1.065974710000
892.979980000  7.900000000 1.066067700000
893.005005000  7.900000000 1.066873550000
893.029968000  7.900000000 1.068365450000
893.054993000  7.900000000 1.070508000000
893.080017000  7.900000000 1.073257800000
893.104980000  7.900000000 1.076563720000
893.130005000  7.900000000 1.080367330000
893.154968000  7.900000000 1.084602950000
893.179993000  7.900000000 1.089199300000
893.205017000  7.900000000 1.094079490000
893.229980000  7.900000000 1.099161270000
893.255005000  7.900000000 1.104359030000
893.279968000  7.900000000 1.109584330000
893.304993000  7.900000000 1.114746690000
893.330017000  7.900000000 1.119754080000
893.354980000  7.900000000 1.124515410000
893.380005000  7.900000000 1.128940940000
893.404968000  7.900000000 1.132941840000
893.429993000  7.900000000 1.136434790000
893.455017000  7.900000000 1.139339330000
893.479980000  7.900000000 1.141580460000
893.505005000  7.900000000 1.143090250000
893.529968000  7.900000000 1.143806100000
893.554993000  7.900000000 1.143674140000
893.580017000  7.900000000 1.142647500000
893.604980000  7.900000000 1.140688300000
893.630005000  7.900000000 1.137766480000
893.654968000  7.900000000 1.133860830000
893.679993000  7.900000000 1.128958700000
893.705017000  7.900000000 1.123054860000
893.729980000  7.900000000 1.116152760000
893.755005000  7.900000000 1.108262780000
893.779968000  7.900000000 1.099402190000
893.804993000  7.900000000 1.089594600000
893.830017000  7.900000000 1.078868990000
893.854980000  7.900000000 1.067259190000
893.880005000  7.900000000 1.054803130000
893.904968000  7.900000000 1.041540980000
893.929993000  7.900000000 1.027517560000
893.955017000  7.900000000 1.012777690000
893.979980000  7.900000000 0.997367918000
894.005005000  7.900000000 0.981335223000
894.029968000  7.900000000 0.964727700000
894.054993000  7.900000000 0.947591662000
894.080017000  7.900000000 0.929973722000
894.104980000  7.900000000 0.911919236000
894.130005000  7.900000000 0.893472314000
894.154968000  7.900000000 0.874676466000
894.179993000  7.900000000 0.855573773000
894.205017000  7.900000000 0.836204886000
894.229980000  7.900000000 0.816610336000
894.255005000  7.900000000 0.796828568000
894.279968000  7.900000000 0.776898384000
894.304993000  7.900000000 0.756857634000
894.330017000  7.900000000 0.736744285000
894.354980000  7.900000000 0.716595829000
894.380005000  7.900000000 0.696450174000
894.404968000  7.900000000 0.676345229000
894.429993000  7.900000000 0.656319141000
894.455017000  7.900000000 0.636410296000
894.479980000  7.900000000 0.616657674000
894.505005000  7.900000000 0.597099900000
894.529968000  7.900000000 0.577775955000
894.554993000  7.900000000 0.558724880000
894.580017000  7.900000000 0.539984822000
894.604980000  7.900000000 0.521593332000
894.630005000  7.900000000 0.503586769000
894.654968000  7.900000000 0.486000568000
894.679993000  7.900000000 0.468867779000
894.705017000  7.900000000 0.452219546000
894.729980000  7.900000000 0.436084807000
894.755005000  7.900000000 0.420489639000
894.779968000  7.900000000 0.405457199000
894.804993000  7.900000000 0.391008168000
894.830017000  7.900000000 0.377159983000
894.854980000  7.900000000 0.363927513000
894.880005000  7.900000000 0.351323009000
894.904968000  7.900000000 0.339356124000
894.929993000  7.900000000 0.328034192000
894.955017000  7.900000000 0.317363054000
894.979980000  7.900000000 0.307346553000
895.005005000  7.900000000 0.297987700000
895.029968000  7.900000000 0.289288521000
895.054993000  7.900000000 0.281250656000
895.080017000  7.900000000 0.273875952000
895.104980000  7.900000000 0.267166466000
895.130005000  7.900000000 0.261124611000
895.154968000  7.900000000 0.255753964000
895.179993000  7.900000000 0.251058668000
895.205017000  7.900000000 0.247044206000
895.229980000  7.900000000 0.243716747000
895.255005000  7.900000000 0.241083458000
895.279968000  7.900000000 0.239151776000
895.304993000  7.900000000 0.237929448000
895.330017000  7.900000000 0.237423897000
895.354980000  7.900000000 0.237641528000
895.380005000  7.900000000 0.238587424000
895.404968000  7.900000000 0.240264460000
895.429993000  7.900000000 0.242672563000
895.455017000  7.900000000 0.245808259000
895.479980000  7.900000000 0.249663621000
895.505005000  7.900000000 0.254225880000
895.529968000  7.900000000 0.259476542000
895.554993000  7.900000000 0.265390933000
895.580017000  7.900000000 0.271937788000
895.604980000  7.900000000 0.279079050000
895.630005000  7.900000000 0.286769599000
895.654968000  7.900000000 0.294957280000
895.679993000  7.900000000 0.303583354000
895.705017000  7.900000000 0.312582463000
895.729980000  7.900000000 0.321883827000
895.755005000  7.900000000 0.331411332000
895.779968000  7.900000000 0.341085017000
895.804993000  7.900000000 0.350821406000
895.830017000  7.900000000 0.360535473000
895.854980000  7.900000000 0.370141029000
895.880005000  7.900000000 0.379551739000
895.904968000  7.900000000 0.388683617000
895.929993000  7.900000000 0.397454888000
895.955017000  7.900000000 0.405787796000
895.979980000  7.900000000 0.413609952000
896.005005000  7.900000000 0.420855284000
896.029968000  7.900000000 0.427464932000
896.054993000  7.900000000 0.433388233000
896.080017000  7.900000000 0.438583791000
896.104980000  7.900000000 0.443019599000
896.130005000  7.900000000 0.446674109000
896.154968000  7.900000000 0.449536055000
896.179993000  7.900000000 0.451604217000
896.205017000  7.900000000 0.452888370000
896.229980000  7.900000000 0.453407884000
896.255005000  7.900000000 0.453191876000
896.279968000  7.900000000 0.452278405000
896.304993000  7.900000000 0.450713664000
896.330017000  7.900000000 0.448551029000
896.354980000  7.900000000 0.445849895000
896.380005000  7.900000000 0.442675203000
896.404968000  7.900000000 0.439095378000
896.429993000  7.900000000 0.435181916000
896.455017000  7.900000000 0.431007594000
896.479980000  7.900000000 0.426646024000
896.505005000  7.900000000 0.422169805000
896.529968000  7.900000000 0.417650253000
896.554993000  7.900000000 0.413155913000
896.580017000  7.900000000 0.408752173000
896.604980000  7.900000000 0.404500514000
896.630005000  7.900000000 0.400458276000
896.654968000  7.900000000 0.396677941000
896.679993000  7.900000000 0.393207669000
896.705017000  7.900000000 0.390090317000
896.729980000  7.900000000 0.387364417000
896.755005000  7.900000000 0.385063916000
896.779968000  7.900000000 0.383218855000
896.804993000  7.900000000 0.381855249000
896.830017000  7.900000000 0.380996495000
896.854980000  7.900000000 0.380662888000
896.880005000  7.900000000 0.380873114000
896.904968000  7.900000000 0.381644189000
896.929993000  7.900000000 0.382992446000
896.955017000  7.900000000 0.384934038000
896.979980000  7.900000000 0.387485176000
897.005005000  7.900000000 0.390662968000
897.029968000  7.900000000 0.394485563000
897.054993000  7.900000000 0.398972780000
897.080017000  7.900000000 0.404145777000
897.104980000  7.900000000 0.410027593000
897.130005000  7.900000000 0.416643143000
897.154968000  7.900000000 0.424018711000
897.179993000  7.900000000 0.432182044000
897.205017000  7.900000000 0.441162378000
897.229980000  7.900000000 0.450989068000
897.255005000  7.900000000 0.461692423000
897.279968000  7.900000000 0.473302126000
897.304993000  7.900000000 0.485847592000
897.330017000  7.900000000 0.499357134000
897.354980000  7.900000000 0.513857543000
897.380005000  7.900000000 0.529374003000
897.404968000  7.900000000 0.545929551000
897.429993000  7.900000000 0.563544631000
897.455017000  7.900000000 0.582236886000
897.479980000  7.900000000 0.602021217000
897.505005000  7.900000000 0.622909069000
897.529968000  7.900000000 0.644908369000
897.554993000  7.900000000 0.668023169000
897.580017000  7.900000000 0.692254007000
897.604980000  7.900000000 0.717596591000
897.630005000  7.900000000 0.744042039000
897.654968000  7.900000000 0.771577358000
897.679993000  7.900000000 0.800183594000
897.705017000  7.900000000 0.829837501000
897.729980000  7.900000000 0.860510051000
897.755005000  7.900000000 0.892166495000
897.779968000  7.900000000 0.924766958000
897.804993000  7.900000000 0.958265603000
897.830017000  7.900000000 0.992611051000
897.854980000  7.900000000 1.027745960000
897.880005000  7.900000000 1.063606860000
897.904968000  7.900000000 1.100125670000
897.929993000  7.900000000 1.137227420000
897.955017000  7.900000000 1.174832580000
897.979980000  7.900000000 1.212855460000
898.005005000  7.900000000 1.251205090000
898.029968000  7.900000000 1.289786340000
898.054993000  7.900000000 1.328498130000
898.080017000  7.900000000 1.367234710000
898.104980000  7.900000000 1.405886650000
898.130005000  7.900000000 1.444340470000
898.154968000  7.900000000 1.482479930000
898.179993000  7.900000000 1.520186660000
898.205017000  7.900000000 1.557340860000
898.229980000  7.900000000 1.593822360000
898.255005000  7.900000000 1.629511480000
898.279968000  7.900000000 1.664292450000
898.304993000  7.900000000 1.698050260000
898.330017000  7.900000000 1.730676890000
898.354980000  7.900000000 1.762068870000
898.380005000  7.900000000 1.792129870000
898.404968000  7.900000000 1.820772410000
898.429993000  7.900000000 1.847918150000
898.455017000  7.900000000 1.873497720000
898.479980000  7.900000000 1.897454380000
898.505005000  7.900000000 1.919741150000
898.529968000  7.900000000 1.940324430000
898.554993000  7.900000000 1.959181670000
898.580017000  7.900000000 1.976303700000
898.604980000  7.900000000 1.991693500000
898.630005000  7.900000000 2.005366330000
898.654968000  7.900000000 2.017349960000
898.679993000  7.900000000 2.027683500000
898.705017000  7.900000000 2.036418200000
898.729980000  7.900000000 2.043615820000
898.755005000  7.900000000 2.049350020000
898.779968000  7.900000000 2.053701160000
898.804993000  7.900000000 2.056760070000
898.830017000  7.900000000 2.058624980000
898.854980000  7.900000000 2.059400560000
898.880005000  7.900000000 2.059196710000
898.904968000  7.900000000 2.058127640000
898.929993000  7.900000000 2.056309940000
898.955017000  7.900000000 2.053860900000
898.979980000  7.900000000 2.050898790000
899.005005000  7.900000000 2.047537800000
899.029968000  7.900000000 2.043892150000
899.054993000  7.900000000 2.040068860000
899.080017000  7.900000000 2.036170240000
899.104980000  7.900000000 2.032291650000
899.130005000  7.900000000 2.028520580000
899.154968000  7.900000000 2.024934530000
899.179993000  7.900000000 2.021603110000
899.205017000  7.900000000 2.018585210000
899.229980000  7.900000000 2.015930180000
899.255005000  7.900000000 2.013676640000
899.279968000  7.900000000 2.011853930000
899.304993000  7.900000000 2.010481600000
899.330017000  7.900000000 2.009570600000
899.354980000  7.900000000 2.009124040000
899.380005000  7.900000000 2.009138580000
899.404968000  7.900000000 2.009603020000
899.429993000  7.900000000 2.010503530000
899.455017000  7.900000000 2.011821510000
899.479980000  7.900000000 2.013536690000
899.505005000  7.900000000 2.015627380000
899.529968000  7.900000000 2.018072130000
899.554993000  7.900000000 2.020851610000
899.580017000  7.900000000 2.023947480000
899.604980000  7.900000000 2.027345420000
899.630005000  7.900000000 2.031034950000
899.654968000  7.900000000 2.035009150000
899.679993000  7.900000000 2.039265160000
899.705017000  7.900000000 2.043804410000
899.729980000  7.900000000 2.048632380000
899.755005000  7.900000000 2.053757670000
899.779968000  7.900000000 2.059190030000
899.804993000  7.900000000 2.064941410000
899.830017000  7.900000000 2.071023460000
899.854980000  7.900000000 2.077447650000
899.880005000  7.900000000 2.084221840000
899.904968000  7.900000000 2.091349600000
899.929993000  7.900000000 2.098829270000
899.955017000  7.900000000 2.106652020000
899.979980000  7.900000000 2.114801410000
900.005005000  7.900000000 2.123250480000
900.029968000  7.900000000 2.131961580000
900.054993000  7.900000000 2.140886310000
900.080017000  7.900000000 2.149962190000
900.104980000  7.900000000 2.159113880000
900.130005000  7.900000000 2.168255090000
900.154968000  7.900000000 2.177283760000
900.179993000  7.900000000 2.186085460000
900.205017000  7.900000000 2.194533350000
900.229980000  7.900000000 2.202489140000
900.255005000  7.900000000 2.209803580000
900.279968000  7.900000000 2.216318130000
900.304993000  7.900000000 2.221867800000
900.330017000  7.900000000 2.226280450000
900.354980000  7.900000000 2.229381320000
900.380005000  7.900000000 2.230994220000
900.404968000  7.900000000 2.230944630000
900.429993000  7.900000000 2.229062080000
900.455017000  7.900000000 2.225184200000
900.479980000  7.900000000 2.219157220000
900.505005000  7.900000000 2.210840700000
900.529968000  7.900000000 2.200112100000
900.554993000  7.900000000 2.186867000000
900.580017000  7.900000000 2.171022890000
900.604980000  7.900000000 2.152521850000
900.630005000  7.900000000 2.131333830000
900.654968000  7.900000000 2.107454300000
900.679993000  7.900000000 2.080911400000
900.705017000  7.900000000 2.051759240000
900.729980000  7.900000000 2.020084140000
900.755005000  7.900000000 1.986000420000
900.779968000  7.900000000 1.949648860000
900.804993000  7.900000000 1.911196350000
900.830017000  7.900000000 1.870829940000
900.854980000  7.900000000 1.828756690000
900.880005000  7.900000000 1.785197620000
900.904968000  7.900000000 1.740385060000
900.929993000  7.900000000 1.694558500000
900.955017000  7.900000000 1.647960540000
900.979980000  7.900000000 1.600832100000
901.005005000  7.900000000 1.553409100000
901.029968000  7.900000000 1.505921360000
901.054993000  7.900000000 1.458586810000
901.080017000  7.900000000 1.411611800000
901.104980000  7.900000000 1.365188120000
901.130005000  7.900000000 1.319491510000
901.154968000  7.900000000 1.274681450000
901.179993000  7.900000000 1.230899690000
901.205017000  7.900000000 1.188270810000
901.229980000  7.900000000 1.146902560000
901.255005000  7.900000000 1.106884120000
901.279968000  7.900000000 1.068288450000
901.304993000  7.900000000 1.031173470000
901.330017000  7.900000000 0.995580316000
901.354980000  7.900000000 0.961536944000
901.380005000  7.900000000 0.929057479000
901.404968000  7.900000000 0.898143470000
901.429993000  7.900000000 0.868786156000
901.455017000  7.900000000 0.840966105000
901.479980000  7.900000000 0.814654529000
901.505005000  7.900000000 0.789815247000
901.529968000  7.900000000 0.766405940000
901.554993000  7.900000000 0.744377494000
901.580017000  7.900000000 0.723676920000
901.604980000  7.900000000 0.704247236000
901.630005000  7.900000000 0.686028898000
901.654968000  7.900000000 0.668960333000
901.679993000  7.900000000 0.652979434000
901.705017000  7.900000000 0.638022542000
901.729980000  7.900000000 0.624027431000
901.755005000  7.900000000 0.610931873000
901.779968000  7.900000000 0.598675132000
901.804993000  7.900000000 0.587198019000
901.830017000  7.900000000 0.576443613000
901.854980000  7.900000000 0.566357076000
901.880005000  7.900000000 0.556886256000
901.904968000  7.900000000 0.547982097000
901.929993000  7.900000000 0.539597988000
901.955017000  7.900000000 0.531691015000
901.979980000  7.900000000 0.524220765000
902.005005000  7.900000000 0.517150283000
902.029968000  7.900000000 0.510445416000
902.054993000  7.900000000 0.504074872000
902.080017000  7.900000000 0.498010159000
902.104980000  7.900000000 0.492224991000
902.130005000  7.900000000 0.486695617000
902.154968000  7.900000000 0.481399775000
902.179993000  7.900000000 0.476317376000
902.205017000  7.900000000 0.471429497000
902.229980000  7.900000000 0.466718376000
902.255005000  7.900000000 0.462167352000
902.279968000  7.900000000 0.457760006000
902.304993000  7.900000000 0.453480452000
902.330017000  7.900000000 0.449312925000
902.354980000  7.900000000 0.445241481000
902.380005000  7.900000000 0.441249907000
902.404968000  7.900000000 0.437321454000
902.429993000  7.900000000 0.433438659000
902.455017000  7.900000000 0.429583609000
902.479980000  7.900000000 0.425737053000
902.505005000  7.900000000 0.421879321000
902.529968000  7.900000000 0.417989641000
902.554993000  7.900000000 0.414046615000
902.580017000  7.900000000 0.410028130000
902.604980000  7.900000000 0.405911773000
902.630005000  7.900000000 0.401674390000
902.654968000  7.900000000 0.397293091000
902.679993000  7.900000000 0.392745167000
902.705017000  7.900000000 0.388008565000
902.729980000  7.900000000 0.383062005000
902.755005000  7.900000000 0.377886295000
902.779968000  7.900000000 0.372462988000
902.804993000  7.900000000 0.366776526000
902.830017000  7.900000000 0.360813558000
902.854980000  7.900000000 0.354563832000
902.880005000  7.900000000 0.348020464000
902.904968000  7.900000000 0.341180325000
902.929993000  7.900000000 0.334044009000
902.955017000  7.900000000 0.326616704000
902.979980000  7.900000000 0.318907797000
903.005005000  7.900000000 0.310931265000
903.029968000  7.900000000 0.302705914000
903.054993000  7.900000000 0.294255048000
903.080017000  7.900000000 0.285606593000
903.104980000  7.900000000 0.276792675000
903.130005000  7.900000000 0.267849654000
903.154968000  7.900000000 0.258817464000
903.179993000  7.900000000 0.249739602000
903.205017000  7.900000000 0.240662083000
903.229980000  7.900000000 0.231633827000
903.255005000  7.900000000 0.222705603000
903.279968000  7.900000000 0.213929772000
903.304993000  7.900000000 0.205359876000
903.330017000  7.900000000 0.197050244000
903.354980000  7.900000000 0.189055428000
903.380005000  7.900000000 0.181429729000
903.404968000  7.900000000 0.174226865000
903.429993000  7.900000000 0.167499408000
903.455017000  7.900000000 0.161298648000
903.479980000  7.900000000 0.155673951000
903.505005000  7.900000000 0.150672704000
903.529968000  7.900000000 0.146339789000
903.554993000  7.900000000 0.142717645000
903.580017000  7.900000000 0.139845788000
903.604980000  7.900000000 0.137761131000
903.630005000  7.900000000 0.136497661000
903.654968000  7.900000000 0.136086494000
903.679993000  7.900000000 0.136556089000
903.705017000  7.900000000 0.137932226000
903.729980000  7.900000000 0.140238374000
903.755005000  7.900000000 0.143495753000
903.779968000  7.900000000 0.147723660000
903.804993000  7.900000000 0.152939737000
903.830017000  7.900000000 0.159160331000
903.854980000  7.900000000 0.166400716000
903.880005000  7.900000000 0.174675360000
903.904968000  7.900000000 0.183998242000
903.929993000  7.900000000 0.194382802000
903.955017000  7.900000000 0.205842093000
903.979980000  7.900000000 0.218388885000
904.005005000  7.900000000 0.232035249000
904.029968000  7.900000000 0.246792376000
904.054993000  7.900000000 0.262670279000
904.080017000  7.900000000 0.279677063000
904.104980000  7.900000000 0.297818571000
904.130005000  7.900000000 0.317097247000
904.154968000  7.900000000 0.337511778000
904.179993000  7.900000000 0.359056056000
904.205017000  7.900000000 0.381718844000
904.229980000  7.900000000 0.405482501000
904.255005000  7.900000000 0.430322737000
904.279968000  7.900000000 0.456208318000
904.304993000  7.900000000 0.483099908000
904.330017000  7.900000000 0.510949910000
904.354980000  7.900000000 0.539702535000
904.380005000  7.900000000 0.569293022000
904.404968000  7.900000000 0.599648058000
904.429993000  7.900000000 0.630686283000
904.455017000  7.900000000 0.662318051000
904.479980000  7.900000000 0.694446743000
904.505005000  7.900000000 0.726969004000
904.529968000  7.900000000 0.759776294000
904.554993000  7.900000000 0.792755365000
904.580017000  7.900000000 0.825789869000
904.604980000  7.900000000 0.858761251000
904.630005000  7.900000000 0.891550243000
904.654968000  7.900000000 0.924037635000
904.679993000  7.900000000 0.956105828000
904.705017000  7.900000000 0.987639606000
904.729980000  7.900000000 1.018527510000
904.755005000  7.900000000 1.048663260000
904.779968000  7.900000000 1.077944520000
904.804993000  7.900000000 1.106276390000
904.830017000  7.900000000 1.133570550000
904.854980000  7.900000000 1.159745690000
904.880005000  7.900000000 1.184728150000
904.904968000  7.900000000 1.208451630000
904.929993000  7.900000000 1.230859160000
904.955017000  7.900000000 1.251900670000
904.979980000  7.900000000 1.271534560000
905.005005000  7.900000000 1.289727330000
905.029968000  7.900000000 1.306453230000
905.054993000  7.900000000 1.321694490000
905.080017000  7.900000000 1.335440280000
905.104980000  7.900000000 1.347687960000
905.130005000  7.900000000 1.358441830000
905.154968000  7.900000000 1.367713210000
905.179993000  7.900000000 1.375520110000
905.205017000  7.900000000 1.381888390000
905.229980000  7.900000000 1.386849050000
905.255005000  7.900000000 1.390440230000
905.279968000  7.900000000 1.392706160000
905.304993000  7.900000000 1.393697020000
905.330017000  7.900000000 1.393467550000
905.354980000  7.900000000 1.392079000000
905.380005000  7.900000000 1.389596700000
905.404968000  7.900000000 1.386091110000
905.429993000  7.900000000 1.381635900000
905.455017000  7.900000000 1.376308680000
905.479980000  7.900000000 1.370189910000
905.505005000  7.900000000 1.363361000000
905.529968000  7.900000000 1.355906010000
905.554993000  7.900000000 1.347908620000
905.580017000  7.900000000 1.339452740000
905.604980000  7.900000000 1.330621000000
905.630005000  7.900000000 1.321495530000
905.654968000  7.900000000 1.312154770000
905.679993000  7.900000000 1.302675720000
905.705017000  7.900000000 1.293132070000
905.729980000  7.900000000 1.283594130000
905.755005000  7.900000000 1.274128790000
905.779968000  7.900000000 1.264799360000
905.804993000  7.900000000 1.255665420000
905.830017000  7.900000000 1.246783970000
905.854980000  7.900000000 1.238207940000
905.880005000  7.900000000 1.229987980000
905.904968000  7.900000000 1.222172260000
905.929993000  7.900000000 1.214806680000
905.955017000  7.900000000 1.207935570000
905.979980000  7.900000000 1.201601860000
906.005005000  7.900000000 1.195847990000
906.029968000  7.900000000 1.190715670000
906.054993000  7.900000000 1.186247110000
906.080017000  7.900000000 1.182484870000
906.104980000  7.900000000 1.179471970000
906.130005000  7.900000000 1.177253130000
906.154968000  7.900000000 1.175873520000
906.179993000  7.900000000 1.175379870000
906.205017000  7.900000000 1.175820470000
906.229980000  7.900000000 1.177243950000
906.255005000  7.900000000 1.179699060000
906.279968000  7.900000000 1.183235530000
906.304993000  7.900000000 1.187901500000
906.330017000  7.900000000 1.193743820000
906.354980000  7.900000000 1.200806860000
906.380005000  7.900000000 1.209130640000
906.404968000  7.900000000 1.218750600000
906.429993000  7.900000000 1.229695680000
906.455017000  7.900000000 1.241987350000
906.479980000  7.900000000 1.255638600000
906.505005000  7.900000000 1.270651100000
906.529968000  7.900000000 1.287016750000
906.554993000  7.900000000 1.304713730000
906.580017000  7.900000000 1.323708060000
906.604980000  7.900000000 1.343951700000
906.630005000  7.900000000 1.365381120000
906.654968000  7.900000000 1.387918950000
906.679993000  7.900000000 1.411472560000
906.705017000  7.900000000 1.435934310000
906.729980000  7.900000000 1.461181520000
906.755005000  7.900000000 1.487078550000
906.779968000  7.900000000 1.513475780000
906.804993000  7.900000000 1.540211800000
906.830017000  7.900000000 1.567115070000
906.854980000  7.900000000 1.594005230000
906.880005000  7.900000000 1.620694400000
906.904968000  7.900000000 1.646989110000
906.929993000  7.900000000 1.672693490000
906.955017000  7.900000000 1.697610140000
906.979980000  7.900000000 1.721542840000
907.005005000  7.900000000 1.744298460000
907.029968000  7.900000000 1.765689730000
907.054993000  7.900000000 1.785538200000
907.080017000  7.900000000 1.803673980000
907.104980000  7.900000000 1.819939610000
907.130005000  7.900000000 1.834192280000
907.154968000  7.900000000 1.846303460000
907.179993000  7.900000000 1.856164100000
907.205017000  7.900000000 1.863682270000
907.229980000  7.900000000 1.868786690000
907.255005000  7.900000000 1.871427890000
907.279968000  7.900000000 1.871577500000
907.304993000  7.900000000 1.869230150000
907.330017000  7.900000000 1.864403370000
907.354980000  7.900000000 1.857140300000
907.380005000  7.900000000 1.847503660000
907.404968000  7.900000000 1.835583210000
907.429993000  7.900000000 1.821490410000
907.455017000  7.900000000 1.805358650000
907.479980000  7.900000000 1.787342670000
907.505005000  7.900000000 1.767616270000
907.529968000  7.900000000 1.746371980000
907.554993000  7.900000000 1.723817230000
907.580017000  7.900000000 1.700173020000
907.604980000  7.900000000 1.675670270000
907.630005000  7.900000000 1.650547860000
907.654968000  7.900000000 1.625048400000
907.679993000  7.900000000 1.599416850000
907.705017000  7.900000000 1.573895100000
907.729980000  7.900000000 1.548720960000
907.755005000  7.900000000 1.524124150000
907.779968000  7.900000000 1.500324010000
907.804993000  7.900000000 1.477526780000
907.830017000  7.900000000 1.455923080000
907.854980000  7.900000000 1.435687900000
907.880005000  7.900000000 1.416977410000
907.904968000  7.900000000 1.399928330000
907.929993000  7.900000000 1.384658220000
907.955017000  7.900000000 1.371264700000
907.979980000  7.900000000 1.359826210000
908.005005000  7.900000000 1.350401640000
908.029968000  7.900000000 1.343031170000
908.054993000  7.900000000 1.337738390000
908.080017000  7.900000000 1.334530120000
908.104980000  7.900000000 1.333399300000
908.130005000  7.900000000 1.334324480000
908.154968000  7.900000000 1.337273000000
908.179993000  7.900000000 1.342201470000
908.205017000  7.900000000 1.349058390000
908.229980000  7.900000000 1.357783560000
908.255005000  7.900000000 1.368311640000
908.279968000  7.900000000 1.380571370000
908.304993000  7.900000000 1.394488330000
908.330017000  7.900000000 1.409984110000
908.354980000  7.900000000 1.426978950000
908.380005000  7.900000000 1.445389750000
908.404968000  7.900000000 1.465133190000
908.429993000  7.900000000 1.486123800000
908.455017000  7.900000000 1.508276340000
908.479980000  7.900000000 1.531503800000
908.505005000  7.900000000 1.555718780000
908.529968000  7.900000000 1.580832360000
908.554993000  7.900000000 1.606755260000
908.580017000  7.900000000 1.633397340000
908.604980000  7.900000000 1.660666350000
908.630005000  7.900000000 1.688469170000
908.654968000  7.900000000 1.716710930000
908.679993000  7.900000000 1.745295290000
908.705017000  7.900000000 1.774123790000
908.729980000  7.900000000 1.803096770000
908.755005000  7.900000000 1.832112670000
908.779968000  7.900000000 1.861068250000
908.804993000  7.900000000 1.889859320000
908.830017000  7.900000000 1.918379900000
908.854980000  7.900000000 1.946522830000
908.880005000  7.900000000 1.974181890000
908.904968000  7.900000000 2.001248840000
908.929993000  7.900000000 2.027616740000
908.955017000  7.900000000 2.053177830000
908.979980000  7.900000000 2.077827450000
909.005005000  7.900000000 2.101460460000
909.029968000  7.900000000 2.123974800000
909.054993000  7.900000000 2.145271060000
909.080017000  7.900000000 2.165253160000
909.104980000  7.900000000 2.183827640000
909.130005000  7.900000000 2.200907710000
909.154968000  7.900000000 2.216410160000
909.179993000  7.900000000 2.230260130000
909.205017000  7.900000000 2.242387530000
909.229980000  7.900000000 2.252732520000
909.255005000  7.900000000 2.261241670000
909.279968000  7.900000000 2.267873760000
909.304993000  7.900000000 2.272594690000
909.330017000  7.900000000 2.275382760000
909.354980000  7.900000000 2.276226040000
909.380005000  7.900000000 2.275124790000
909.404968000  7.900000000 2.272089720000
909.429993000  7.900000000 2.267143250000
909.455017000  7.900000000 2.260318280000
909.479980000  7.900000000 2.251658440000
909.505005000  7.900000000 2.241216900000
909.529968000  7.900000000 2.229057310000
909.554993000  7.900000000 2.215252880000
909.580017000  7.900000000 2.199884180000
909.604980000  7.900000000 2.183040380000
909.630005000  7.900000000 2.164818050000
909.654968000  7.900000000 2.145320420000
909.679993000  7.900000000 2.124658110000
909.705017000  7.900000000 2.102947710000
909.729980000  7.900000000 2.080311300000
909.755005000  7.900000000 2.056878810000
909.779968000  7.900000000 2.032784700000
909.804993000  7.900000000 2.008169890000
909.830017000  7.900000000 1.983181720000
909.854980000  7.900000000 1.957971690000
909.880005000  7.900000000 1.932697890000
909.904968000  7.900000000 1.907521840000
909.929993000  7.900000000 1.882610200000
909.955017000  7.900000000 1.858133080000
909.979980000  7.900000000 1.834262370000
910.005005000  7.900000000 1.811171170000
910.029968000  7.900000000 1.789033170000
910.054993000  7.900000000 1.768018840000
910.080017000  7.900000000 1.748295310000
910.104980000  7.900000000 1.730022790000
910.130005000  7.900000000 1.713354110000
910.154968000  7.900000000 1.698430780000
910.179993000  7.900000000 1.685382130000
910.205017000  7.900000000 1.674322130000
910.229980000  7.900000000 1.665348050000
910.255005000  7.900000000 1.658539300000
910.279968000  7.900000000 1.653954630000
910.304993000  7.900000000 1.651632670000
910.330017000  7.900000000 1.651589990000
910.354980000  7.900000000 1.653821710000
910.380005000  7.900000000 1.658301120000
910.404968000  7.900000000 1.664980170000
910.429993000  7.900000000 1.673791530000
910.455017000  7.900000000 1.684647080000
910.479980000  7.900000000 1.697443840000
910.505005000  7.900000000 1.712062000000
910.529968000  7.900000000 1.728367690000
910.554993000  7.900000000 1.746217010000
910.580017000  7.900000000 1.765457030000
910.604980000  7.900000000 1.785928370000
910.630005000  7.900000000 1.807467340000
910.654968000  7.900000000 1.829909210000
910.679993000  7.900000000 1.853087660000
910.705017000  7.900000000 1.876839880000
910.729980000  7.900000000 1.901005510000
910.755005000  7.900000000 1.925428750000
910.779968000  7.900000000 1.949959990000
910.804993000  7.900000000 1.974456190000
910.830017000  7.900000000 1.998781320000
910.854980000  7.900000000 2.022806640000
910.880005000  7.900000000 2.046411040000
910.904968000  7.900000000 2.069481850000
910.929993000  7.900000000 2.091912980000
910.955017000  7.900000000 2.113607650000
910.979980000  7.900000000 2.134474520000
911.005005000  7.900000000 2.154431340000
911.029968000  7.900000000 2.173402070000
911.054993000  7.900000000 2.191318510000
911.080017000  7.900000000 2.208117720000
911.104980000  7.900000000 2.223744390000
911.130005000  7.900000000 2.238150360000
911.154968000  7.900000000 2.251292470000
911.179993000  7.900000000 2.263133530000
911.205017000  7.900000000 2.273643730000
911.229980000  7.900000000 2.282797570000
911.255005000  7.900000000 2.290575030000
911.279968000  7.900000000 2.296962500000
911.304993000  7.900000000 2.301952120000
911.330017000  7.900000000 2.305541280000
911.354980000  7.900000000 2.307731630000
911.380005000  7.900000000 2.308531280000
911.404968000  7.900000000 2.307952640000
911.429993000  7.900000000 2.306013110000
911.455017000  7.900000000 2.302733420000
911.479980000  7.900000000 2.298141480000
911.505005000  7.900000000 2.292267320000
911.529968000  7.900000000 2.285146950000
911.554993000  7.900000000 2.276819940000
911.580017000  7.900000000 2.267331600000
911.604980000  7.900000000 2.256729600000
911.630005000  7.900000000 2.245068550000
911.654968000  7.900000000 2.232406380000
911.679993000  7.900000000 2.218805310000
911.705017000  7.900000000 2.204331640000
911.729980000  7.900000000 2.189056870000
911.755005000  7.900000000 2.173058030000
911.779968000  7.900000000 2.156413080000
911.804993000  7.900000000 2.139207360000
911.830017000  7.900000000 2.121529580000
911.854980000  7.900000000 2.103472230000
911.880005000  7.900000000 2.085130930000
911.904968000  7.900000000 2.066605090000
911.929993000  7.900000000 2.047996280000
911.955017000  7.900000000 2.029409650000
911.979980000  7.900000000 2.010950570000
912.005005000  7.900000000 1.992727280000
912.029968000  7.900000000 1.974847670000
912.054993000  7.900000000 1.957420110000
912.080017000  7.900000000 1.940553070000
912.104980000  7.900000000 1.924353360000
912.130005000  7.900000000 1.908925770000
912.154968000  7.900000000 1.894372820000
912.179993000  7.900000000 1.880792980000
912.205017000  7.900000000 1.868280410000
912.229980000  7.900000000 1.856924060000
912.255005000  7.900000000 1.846807120000
912.279968000  7.900000000 1.838004950000
912.304993000  7.900000000 1.830586190000
912.330017000  7.900000000 1.824610710000
912.354980000  7.900000000 1.820129510000
912.380005000  7.900000000 1.817182900000
912.404968000  7.900000000 1.815801860000
912.429993000  7.900000000 1.816006300000
912.455017000  7.900000000 1.817805290000
912.479980000  7.900000000 1.821195720000
912.505005000  7.900000000 1.826162340000
912.529968000  7.900000000 1.832678910000
912.554993000  7.900000000 1.840706110000
912.580017000  7.900000000 1.850193260000
912.604980000  7.900000000 1.861078020000
912.630005000  7.900000000 1.873285890000
912.654968000  7.900000000 1.886731620000
912.679993000  7.900000000 1.901321170000
912.705017000  7.900000000 1.916950700000
912.729980000  7.900000000 1.933509830000
912.755005000  7.900000000 1.950881240000
912.779968000  7.900000000 1.968943720000
912.804993000  7.900000000 1.987574460000
912.830017000  7.900000000 2.006649260000
912.854980000  7.900000000 2.026046990000
912.880005000  7.900000000 2.045649530000
912.904968000  7.900000000 2.065344570000
912.929993000  7.900000000 2.085029130000
912.955017000  7.900000000 2.104607340000
912.979980000  7.900000000 2.123996020000
913.005005000  7.900000000 2.143122910000
913.029968000  7.900000000 2.161927220000
913.054993000  7.900000000 2.180363180000
913.080017000  7.900000000 2.198395250000
913.104980000  7.900000000 2.216002230000
913.130005000  7.900000000 2.233172420000
913.154968000  7.900000000 2.249907020000
913.179993000  7.900000000 2.266216040000
913.205017000  7.900000000 2.282117840000
913.229980000  7.900000000 2.297639130000
913.255005000  7.900000000 2.312812810000
913.279968000  7.900000000 2.327676770000
913.304993000  7.900000000 2.342273470000
913.330017000  7.900000000 2.356647250000
913.354980000  7.900000000 2.370845320000
913.380005000  7.900000000 2.384915590000
913.404968000  7.900000000 2.398904090000
913.429993000  7.900000000 2.412857530000
913.455017000  7.900000000 2.426820040000
913.479980000  7.900000000 2.440832380000
913.505005000  7.900000000 2.454930070000
913.529968000  7.900000000 2.469146010000
913.554993000  7.900000000 2.483505730000
913.580017000  7.900000000 2.498028280000
913.604980000  7.900000000 2.512726070000
913.630005000  7.900000000 2.527602910000
913.654968000  7.900000000 2.542654040000
913.679993000  7.900000000 2.557867770000
913.705017000  7.900000000 2.573219540000
913.729980000  7.900000000 2.588677640000
913.755005000  7.900000000 2.604200360000
913.779968000  7.900000000 2.619737150000
913.804993000  7.900000000 2.635227680000
913.830017000  7.900000000 2.650602820000
913.854980000  7.900000000 2.665786500000
913.880005000  7.900000000 2.680694340000
913.904968000  7.900000000 2.695238350000
913.929993000  7.900000000 2.709322930000
913.955017000  7.900000000 2.722851510000
913.979980000  7.900000000 2.735727070000
914.005005000  7.900000000 2.747848750000
914.029968000  7.900000000 2.759120940000
914.054993000  7.900000000 2.769450190000
914.080017000  7.900000000 2.778747800000
914.104980000  7.900000000 2.786933900000
914.130005000  7.900000000 2.793935300000
914.154968000  7.900000000 2.799691200000
914.179993000  7.900000000 2.804151300000
914.205017000  7.900000000 2.807277920000
914.229980000  7.900000000 2.809047220000
914.255005000  7.900000000 2.809450150000
914.279968000  7.900000000 2.808492180000
914.304993000  7.900000000 2.806193350000
914.330017000  7.900000000 2.802587750000
914.354980000  7.900000000 2.797723050000
914.380005000  7.900000000 2.791660070000
914.404968000  7.900000000 2.784472470000
914.429993000  7.900000000 2.776244400000
914.455017000  7.900000000 2.767068620000
914.479980000  7.900000000 2.757048130000
914.505005000  7.900000000 2.746291640000
914.529968000  7.900000000 2.734911920000
914.554993000  7.900000000 2.723026040000
914.580017000  7.900000000 2.710752730000
914.604980000  7.900000000 2.698210240000
914.630005000  7.900000000 2.685517550000
914.654968000  7.900000000 2.672788140000
914.679993000  7.900000000 2.660132410000
914.705017000  7.900000000 2.647655250000
914.729980000  7.900000000 2.635454420000
914.755005000  7.900000000 2.623619080000
914.779968000  7.900000000 2.612229590000
914.804993000  7.900000000 2.601356030000
914.830017000  7.900000000 2.591057060000
914.854980000  7.900000000 2.581378700000
914.880005000  7.900000000 2.572357180000
914.904968000  7.900000000 2.564014200000
914.929993000  7.900000000 2.556360240000
914.955017000  7.900000000 2.549392700000
914.979980000  7.900000000 2.543098690000
915.005005000  7.900000000 2.537452220000
915.029968000  7.900000000 2.532418730000
915.054993000  7.900000000 2.527952430000
915.080017000  7.900000000 2.524000880000
915.104980000  7.900000000 2.520500420000
915.130005000  7.900000000 2.517384770000
915.154968000  7.900000000 2.514579770000
915.179993000  7.900000000 2.512006520000
915.205017000  7.900000000 2.509583950000
915.229980000  7.900000000 2.507227660000
915.255005000  7.900000000 2.504852060000
915.279968000  7.900000000 2.502372260000
915.304993000  7.900000000 2.499704120000
915.330017000  7.900000000 2.496764420000
915.354980000  7.900000000 2.493472340000
915.380005000  7.900000000 2.489750860000
915.404968000  7.900000000 2.485527040000
915.429993000  7.900000000 2.480732440000
915.455017000  7.900000000 2.475302700000
915.479980000  7.900000000 2.469181060000
915.505005000  7.900000000 2.462315080000
915.529968000  7.900000000 2.454657790000
915.554993000  7.900000000 2.446168660000
915.580017000  7.900000000 2.436815260000
915.604980000  7.900000000 2.426568980000
915.630005000  7.900000000 2.415407900000
915.654968000  7.900000000 2.403314110000
915.679993000  7.900000000 2.390276190000
915.705017000  7.900000000 2.376287940000
915.729980000  7.900000000 2.361346240000
915.755005000  7.900000000 2.345453020000
915.779968000  7.900000000 2.328612800000
915.804993000  7.900000000 2.310832260000
915.830017000  7.900000000 2.292120930000
915.854980000  7.900000000 2.272490740000
915.880005000  7.900000000 2.251953360000
915.904968000  7.900000000 2.230523110000
915.929993000  7.900000000 2.208212850000
915.955017000  7.900000000 2.185035710000
915.979980000  7.900000000 2.161005500000
916.005005000  7.900000000 2.136133670000
916.029968000  7.900000000 2.110431670000
916.054993000  7.900000000 2.083911420000
916.080017000  7.900000000 2.056582930000
916.104980000  7.900000000 2.028456930000
916.130005000  7.900000000 1.999543430000
916.154968000  7.900000000 1.969853520000
916.179993000  7.900000000 1.939399240000
916.205017000  7.900000000 1.908194300000
916.229980000  7.900000000 1.876254920000
916.255005000  7.900000000 1.843599200000
916.279968000  7.900000000 1.810248610000
916.304993000  7.900000000 1.776228900000
916.330017000  7.900000000 1.741568210000
916.354980000  7.900000000 1.706300020000
916.380005000  7.900000000 1.670462010000
916.404968000  7.900000000 1.634095430000
916.429993000  7.900000000 1.597247600000
916.455017000  7.900000000 1.559970140000
916.479980000  7.900000000 1.522319670000
916.505005000  7.900000000 1.484357710000
916.529968000  7.900000000 1.446149950000
916.554993000  7.900000000 1.407767060000
916.580017000  7.900000000 1.369284270000
916.604980000  7.900000000 1.330780390000
916.630005000  7.900000000 1.292337420000
916.654968000  7.900000000 1.254040840000
916.679993000  7.900000000 1.215978860000
916.705017000  7.900000000 1.178241250000
916.729980000  7.900000000 1.140918970000
916.755005000  7.900000000 1.104103680000
916.779968000  7.900000000 1.067886110000
916.804993000  7.900000000 1.032356620000
916.830017000  7.900000000 0.997602999000
916.854980000  7.900000000 0.963709414000
916.880005000  7.900000000 0.930757165000
916.904968000  7.900000000 0.898821354000
916.929993000  7.900000000 0.867972314000
916.955017000  7.900000000 0.838273466000
916.979980000  7.900000000 0.809780478000
917.005005000  7.900000000 0.782541692000
917.029968000  7.900000000 0.756596029000
917.054993000  7.900000000 0.731974065000
917.080017000  7.900000000 0.708697081000
917.104980000  7.900000000 0.686776340000
917.130005000  7.900000000 0.666214228000
917.154968000  7.900000000 0.647003293000
917.179993000  7.900000000 0.629127860000
917.205017000  7.900000000 0.612563014000
917.229980000  7.900000000 0.597276747000
917.255005000  7.900000000 0.583229661000
917.279968000  7.900000000 0.570376694000
917.304993000  7.900000000 0.558668315000
917.330017000  7.900000000 0.548050225000
917.354980000  7.900000000 0.538466275000
917.380005000  7.900000000 0.529858112000
917.404968000  7.900000000 0.522167027000
917.429993000  7.900000000 0.515334487000
917.455017000  7.900000000 0.509303153000
917.479980000  7.900000000 0.504017770000
917.505005000  7.900000000 0.499425769000
917.529968000  7.900000000 0.495477974000
917.554993000  7.900000000 0.492128730000
917.580017000  7.900000000 0.489336312000
917.604980000  7.900000000 0.487063199000
917.630005000  7.900000000 0.485275805000
917.654968000  7.900000000 0.483944684000
917.679993000  7.900000000 0.483044088000
917.705017000  7.900000000 0.482551575000
917.729980000  7.900000000 0.482447863000
917.755005000  7.900000000 0.482716173000
917.779968000  7.900000000 0.483341902000
917.804993000  7.900000000 0.484311849000
917.830017000  7.900000000 0.485613734000
917.854980000  7.900000000 0.487236351000
917.880005000  7.900000000 0.489167929000
917.904968000  7.900000000 0.491396815000
917.929993000  7.900000000 0.493910372000
917.955017000  7.900000000 0.496694744000
917.979980000  7.900000000 0.499734879000
918.005005000  7.900000000 0.503013730000
918.029968000  7.900000000 0.506512225000
918.054993000  7.900000000 0.510209501000
918.080017000  7.900000000 0.514082074000
918.104980000  7.900000000 0.518104136000
918.130005000  7.900000000 0.522247434000
918.154968000  7.900000000 0.526481450000
918.179993000  7.900000000 0.530773282000
918.205017000  7.900000000 0.535087705000
918.229980000  7.900000000 0.539387882000
918.255005000  7.900000000 0.543635070000
918.279968000  7.900000000 0.547789514000
918.304993000  7.900000000 0.551810622000
918.330017000  7.900000000 0.555657387000
918.354980000  7.900000000 0.559288919000
918.380005000  7.900000000 0.562665164000
918.404968000  7.900000000 0.565747201000
918.429993000  7.900000000 0.568497658000
918.455017000  7.900000000 0.570881546000
918.479980000  7.900000000 0.572866321000
918.505005000  7.900000000 0.574422479000
918.529968000  7.900000000 0.575523615000
918.554993000  7.900000000 0.576147318000
918.580017000  7.900000000 0.576274455000
918.604980000  7.900000000 0.575890779000
918.630005000  7.900000000 0.574985623000
918.654968000  7.900000000 0.573553443000
918.679993000  7.900000000 0.571592927000
918.705017000  7.900000000 0.569107771000
918.729980000  7.900000000 0.566105962000
918.755005000  7.900000000 0.562601030000
918.779968000  7.900000000 0.558610380000
918.804993000  7.900000000 0.554156363000
918.830017000  7.900000000 0.549265563000
918.854980000  7.900000000 0.543968439000
918.880005000  7.900000000 0.538298726000
918.904968000  7.900000000 0.532293916000
918.929993000  7.900000000 0.525993884000
918.955017000  7.900000000 0.519440293000
918.979980000  7.900000000 0.512676597000
919.005005000  7.900000000 0.505747139000
919.029968000  7.900000000 0.498696595000
919.054993000  7.900000000 0.491569579000
919.080017000  7.900000000 0.484409511000
919.104980000  7.900000000 0.477258921000
919.130005000  7.900000000 0.470158011000
919.154968000  7.900000000 0.463144392000
919.179993000  7.900000000 0.456253320000
919.205017000  7.900000000 0.449515790000
919.229980000  7.900000000 0.442959756000
919.255005000  7.900000000 0.436608672000
919.279968000  7.900000000 0.430481941000
919.304993000  7.900000000 0.424594939000
919.330017000  7.900000000 0.418957978000
919.354980000  7.900000000 0.413577318000
919.380005000  7.900000000 0.408455014000
919.404968000  7.900000000 0.403588533000
919.429993000  7.900000000 0.398971856000
919.455017000  7.900000000 0.394594997000
919.479980000  7.900000000 0.390444726000
919.505005000  7.900000000 0.386504561000
919.529968000  7.900000000 0.382755697000
919.554993000  7.900000000 0.379176766000
919.580017000  7.900000000 0.375744879000
919.604980000  7.900000000 0.372435659000
919.630005000  7.900000000 0.369224072000
919.654968000  7.900000000 0.366084754000
919.679993000  7.900000000 0.362992525000
919.705017000  7.900000000 0.359923095000
919.729980000  7.900000000 0.356853396000
919.755005000  7.900000000 0.353762209000
919.779968000  7.900000000 0.350630850000
919.804993000  7.900000000 0.347443283000
919.830017000  7.900000000 0.344187081000
919.854980000  7.900000000 0.340853035000
919.880005000  7.900000000 0.337436199000
919.904968000  7.900000000 0.333935112000
919.929993000  7.900000000 0.330352366000
919.955017000  7.900000000 0.326694250000
919.979980000  7.900000000 0.322970748000
920.005005000  7.900000000 0.319194674000
920.029968000  7.900000000 0.315381646000
920.054993000  7.900000000 0.311549693000
920.080017000  7.900000000 0.307718426000
920.104980000  7.900000000 0.303909034000
920.130005000  7.900000000 0.300143391000
920.154968000  7.900000000 0.296443969000
920.179993000  7.900000000 0.292833358000
920.205017000  7.900000000 0.289333731000
920.229980000  7.900000000 0.285966516000
920.255005000  7.900000000 0.282752216000
920.279968000  7.900000000 0.279709727000
920.304993000  7.900000000 0.276856035000
920.330017000  7.900000000 0.274206281000
920.354980000  7.900000000 0.271772832000
920.380005000  7.900000000 0.269565642000
920.404968000  7.900000000 0.267591566000
920.429993000  7.900000000 0.265854508000
920.455017000  7.900000000 0.264355242000
920.479980000  7.900000000 0.263091445000
920.505005000  7.900000000 0.262057543000
920.529968000  7.900000000 0.261245221000
920.554993000  7.900000000 0.260643005000
920.580017000  7.900000000 0.260237128000
920.604980000  7.900000000 0.260011166000
920.630005000  7.900000000 0.259946883000
920.654968000  7.900000000 0.260024250000
920.679993000  7.900000000 0.260222137000
920.705017000  7.900000000 0.260518432000
920.729980000  7.900000000 0.260890931000
920.755005000  7.900000000 0.261317462000
920.779968000  7.900000000 0.261776626000
920.804993000  7.900000000 0.262248188000
920.830017000  7.900000000 0.262713581000
920.854980000  7.900000000 0.263156295000
920.880005000  7.900000000 0.263562351000
920.904968000  7.900000000 0.263920605000
920.929993000  7.900000000 0.264222950000
920.955017000  7.900000000 0.264464825000
920.979980000  7.900000000 0.264645010000
921.005005000  7.900000000 0.264766186000
921.029968000  7.900000000 0.264834762000
921.054993000  7.900000000 0.264861107000
921.080017000  7.900000000 0.264859498000
921.104980000  7.900000000 0.264848322000
921.130005000  7.900000000 0.264849871000
921.154968000  7.900000000 0.264890432000
921.179993000  7.900000000 0.265000194000
921.205017000  7.900000000 0.265212864000
921.229980000  7.900000000 0.265565455000
921.255005000  7.900000000 0.266098231000
921.279968000  7.900000000 0.266853631000
921.304993000  7.900000000 0.267875910000
921.330017000  7.900000000 0.269210488000
921.354980000  7.900000000 0.270902783000
921.380005000  7.900000000 0.272997439000
921.404968000  7.900000000 0.275537163000
921.429993000  7.900000000 0.278561860000
921.455017000  7.900000000 0.282107085000
921.479980000  7.900000000 0.286203206000
921.505005000  7.900000000 0.290874183000
921.529968000  7.900000000 0.296136618000
921.554993000  7.900000000 0.301998794000
921.580017000  7.900000000 0.308459967000
921.604980000  7.900000000 0.315509677000
921.630005000  7.900000000 0.323127329000
921.654968000  7.900000000 0.331282288000
921.679993000  7.900000000 0.339933485000
921.705017000  7.900000000 0.349030316000
921.729980000  7.900000000 0.358512759000
921.755005000  7.900000000 0.368312508000
921.779968000  7.900000000 0.378353745000
921.804993000  7.900000000 0.388554424000
921.830017000  7.900000000 0.398827583000
921.854980000  7.900000000 0.409082890000
921.880005000  7.900000000 0.419228077000
921.904968000  7.900000000 0.429170758000
921.929993000  7.900000000 0.438819975000
921.955017000  7.900000000 0.448088318000
921.979980000  7.900000000 0.456892788000
922.005005000  7.900000000 0.465157181000
922.029968000  7.900000000 0.472812772000
922.054993000  7.900000000 0.479799539000
922.080017000  7.900000000 0.486067384000
922.104980000  7.900000000 0.491576374000
922.130005000  7.900000000 0.496297538000
922.154968000  7.900000000 0.500212908000
922.179993000  7.900000000 0.503315449000
922.205017000  7.900000000 0.505609274000
922.229980000  7.900000000 0.507108629000
922.255005000  7.900000000 0.507838070000
922.279968000  7.900000000 0.507831216000
922.304993000  7.900000000 0.507130325000
922.330017000  7.900000000 0.505785048000
922.354980000  7.900000000 0.503851473000
922.380005000  7.900000000 0.501391113000
922.404968000  7.900000000 0.498469800000
922.429993000  7.900000000 0.495156348000
922.455017000  7.900000000 0.491521537000
922.479980000  7.900000000 0.487636745000
922.505005000  7.900000000 0.483573437000
922.529968000  7.900000000 0.479401201000
922.554993000  7.900000000 0.475187600000
922.580017000  7.900000000 0.470996827000
922.604980000  7.900000000 0.466889173000
922.630005000  7.900000000 0.462919921000
922.654968000  7.900000000 0.459139049000
922.679993000  7.900000000 0.455590755000
922.705017000  7.900000000 0.452312768000
922.729980000  7.900000000 0.449336410000
922.755005000  7.900000000 0.446686476000
922.779968000  7.900000000 0.444380790000
922.804993000  7.900000000 0.442430347000
922.830017000  7.900000000 0.440840036000
922.854980000  7.900000000 0.439608037000
922.880005000  7.900000000 0.438726753000
922.904968000  7.900000000 0.438183218000
922.929993000  7.900000000 0.437959313000
922.955017000  7.900000000 0.438032925000
922.979980000  7.900000000 0.438378245000
923.005005000  7.900000000 0.438966691000
923.029968000  7.900000000 0.439767867000
923.054993000  7.900000000 0.440750182000
923.080017000  7.900000000 0.441881865000
923.104980000  7.900000000 0.443131775000
923.130005000  7.900000000 0.444469750000
923.154968000  7.900000000 0.445867896000
923.179993000  7.900000000 0.447301209000
923.205017000  7.900000000 0.448747277000
923.229980000  7.900000000 0.450188011000
923.255005000  7.900000000 0.451608807000
923.279968000  7.900000000 0.452999741000
923.304993000  7.900000000 0.454355121000
923.330017000  7.900000000 0.455673486000
923.354980000  7.900000000 0.456957966000
923.380005000  7.900000000 0.458215684000
923.404968000  7.900000000 0.459457606000
923.429993000  7.900000000 0.460698009000
923.455017000  7.900000000 0.461954057000
923.479980000  7.900000000 0.463245094000
923.505005000  7.900000000 0.464592308000
923.529968000  7.900000000 0.466017604000
923.554993000  7.900000000 0.467543423000
923.580017000  7.900000000 0.469191641000
923.604980000  7.900000000 0.470983654000
923.630005000  7.900000000 0.472939491000
923.654968000  7.900000000 0.475077122000
923.679993000  7.900000000 0.477413177000
923.705017000  7.900000000 0.479961723000
923.729980000  7.900000000 0.482734770000
923.755005000  7.900000000 0.485742211000
923.779968000  7.900000000 0.488991618000
923.804993000  7.900000000 0.492488831000
923.830017000  7.900000000 0.496237397000
923.854980000  7.900000000 0.500239491000
923.880005000  7.900000000 0.504495323000
923.904968000  7.900000000 0.509003818000
923.929993000  7.900000000 0.513763011000
923.955017000  7.900000000 0.518769085000
923.979980000  7.900000000 0.524017751000
924.005005000  7.900000000 0.529503584000
924.029968000  7.900000000 0.535220206000
924.054993000  7.900000000 0.541160405000
924.080017000  7.900000000 0.547315836000
924.104980000  7.900000000 0.553677082000
924.130005000  7.900000000 0.560233891000
924.154968000  7.900000000 0.566974580000
924.179993000  7.900000000 0.573885918000
924.205017000  7.900000000 0.580953658000
924.229980000  7.900000000 0.588161707000
924.255005000  7.900000000 0.595492542000
924.279968000  7.900000000 0.602926970000
924.304993000  7.900000000 0.610443890000
924.330017000  7.900000000 0.618020952000
924.354980000  7.900000000 0.625633717000
924.380005000  7.900000000 0.633256555000
924.404968000  7.900000000 0.640862286000
924.429993000  7.900000000 0.648422420000
924.455017000  7.900000000 0.655908108000
924.479980000  7.900000000 0.663289726000
924.505005000  7.900000000 0.670537233000
924.529968000  7.900000000 0.677621245000
924.554993000  7.900000000 0.684512973000
924.580017000  7.900000000 0.691185176000
924.604980000  7.900000000 0.697611630000
924.630005000  7.900000000 0.703768313000
924.654968000  7.900000000 0.709634185000
924.679993000  7.900000000 0.715190649000
924.705017000  7.900000000 0.720422566000
924.729980000  7.900000000 0.725317955000
924.755005000  7.900000000 0.729868710000
924.779968000  7.900000000 0.734070301000
924.804993000  7.900000000 0.737922549000
924.830017000  7.900000000 0.741429269000
924.854980000  7.900000000 0.744598687000
924.880005000  7.900000000 0.747443259000
924.904968000  7.900000000 0.749979496000
924.929993000  7.900000000 0.752227604000
924.955017000  7.900000000 0.754211187000
924.979980000  7.900000000 0.755956233000
925.005005000  7.900000000 0.757490516000
925.029968000  7.900000000 0.758843064000
925.054993000  7.900000000 0.760042667000
925.080017000  7.900000000 0.761117697000
925.104980000  7.900000000 0.762095153000
925.130005000  7.900000000 0.762999237000
925.154968000  7.900000000 0.763851047000
925.179993000  7.900000000 0.764668822000
925.205017000  7.900000000 0.765464902000
925.229980000  7.900000000 0.766247928000
925.255005000  7.900000000 0.767020941000
925.279968000  7.900000000 0.767782390000
925.304993000  7.900000000 0.768525720000
925.330017000  7.900000000 0.769239426000
925.354980000  7.900000000 0.769907713000
925.380005000  7.900000000 0.770512044000
925.404968000  7.900000000 0.771029890000
925.429993000  7.900000000 0.771437764000
925.455017000  7.900000000 0.771710396000
925.479980000  7.900000000 0.771822989000
925.505005000  7.900000000 0.771751583000
925.529968000  7.900000000 0.771474779000
925.554993000  7.900000000 0.770973623000
925.580017000  7.900000000 0.770234108000
925.604980000  7.900000000 0.769247115000
925.630005000  7.900000000 0.768009305000
925.654968000  7.900000000 0.766523659000
925.679993000  7.900000000 0.764800489000
925.705017000  7.900000000 0.762856960000
925.729980000  7.900000000 0.760717928000
925.755005000  7.900000000 0.758415341000
925.779968000  7.900000000 0.755988121000
925.804993000  7.900000000 0.753481925000
925.830017000  7.900000000 0.750947952000
925.854980000  7.900000000 0.748443305000
925.880005000  7.900000000 0.746028781000
925.904968000  7.900000000 0.743770242000
925.929993000  7.900000000 0.741735399000
925.955017000  7.900000000 0.739994407000
925.979980000  7.900000000 0.738619149000
926.005005000  7.900000000 0.737681627000
926.029968000  7.900000000 0.737254381000
926.054993000  7.900000000 0.737408340000
926.080017000  7.900000000 0.738214433000
926.104980000  7.900000000 0.739741385000
926.130005000  7.900000000 0.742056489000
926.154968000  7.900000000 0.745225251000
926.179993000  7.900000000 0.749311209000
926.205017000  7.900000000 0.754376471000
926.229980000  7.900000000 0.760481596000
926.255005000  7.900000000 0.767685354000
926.279968000  7.900000000 0.776045680000
926.304993000  7.900000000 0.785619259000
926.330017000  7.900000000 0.796462178000
926.354980000  7.900000000 0.808629811000
926.380005000  7.900000000 0.822176814000
926.404968000  7.900000000 0.837157667000
926.429993000  7.900000000 0.853625774000
926.455017000  7.900000000 0.871633768000
926.479980000  7.900000000 0.891233742000
926.505005000  7.900000000 0.912475944000
926.529968000  7.900000000 0.935408711000
926.554993000  7.900000000 0.960078239000
926.580017000  7.900000000 0.986527801000
926.604980000  7.900000000 1.014797090000
926.630005000  7.900000000 1.044921880000
926.654968000  7.900000000 1.076933740000
926.679993000  7.900000000 1.110859390000
926.705017000  7.900000000 1.146720170000
926.729980000  7.900000000 1.184532640000
926.755005000  7.900000000 1.224307540000
926.779968000  7.900000000 1.266050820000
926.804993000  7.900000000 1.309762720000
926.830017000  7.900000000 1.355438110000
926.854980000  7.900000000 1.403067830000
926.880005000  7.900000000 1.452636360000
926.904968000  7.900000000 1.504123810000
926.929993000  7.900000000 1.557505130000
926.955017000  7.900000000 1.612749100000
926.979980000  7.900000000 1.669820310000
927.005005000  7.900000000 1.728676920000
927.029968000  7.900000000 1.789271350000
927.054993000  7.900000000 1.851550460000
927.080017000  7.900000000 1.915454630000
927.104980000  7.900000000 1.980917930000
927.130005000  7.900000000 2.047867770000
927.154968000  7.900000000 2.116225000000
927.179993000  7.900000000 2.185904030000
927.205017000  7.900000000 2.256813050000
927.229980000  7.900000000 2.328855280000
927.255005000  7.900000000 2.401928900000
927.279968000  7.900000000 2.475928070000
927.304993000  7.900000000 2.550744300000
927.330017000  7.900000000 2.626268630000
927.354980000  7.900000000 2.702391150000
927.380005000  7.900000000 2.779004100000
927.404968000  7.900000000 2.856002810000
927.429993000  7.900000000 2.933284760000
927.455017000  7.900000000 3.010754590000
927.479980000  7.900000000 3.088322880000
927.505005000  7.900000000 3.165904520000
927.529968000  7.900000000 3.243423220000
927.554993000  7.900000000 3.320808170000
927.580017000  7.900000000 3.397995950000
927.604980000  7.900000000 3.474927430000
927.630005000  7.900000000 3.551552060000
927.654968000  7.900000000 3.627823350000
927.679993000  7.900000000 3.703698160000
927.705017000  7.900000000 3.779142620000
927.729980000  7.900000000 3.854121450000
927.755005000  7.900000000 3.928609130000
927.779968000  7.900000000 4.002579210000
927.804993000  7.900000000 4.076010700000
927.830017000  7.900000000 4.148887160000
927.854980000  7.900000000 4.221195220000
927.880005000  7.900000000 4.292923450000
927.904968000  7.900000000 4.364068980000
927.929993000  7.900000000 4.434628010000
927.955017000  7.900000000 4.504606250000
927.979980000  7.900000000 4.574009900000
928.005005000  7.900000000 4.642854210000
928.029968000  7.900000000 4.711158280000
928.054993000  7.900000000 4.778948310000
928.080017000  7.900000000 4.846254350000
928.104980000  7.900000000 4.913112160000
928.130005000  7.900000000 4.979566100000
928.154968000  7.900000000 5.045662880000
928.179993000  7.900000000 5.111454490000
928.205017000  7.900000000 5.176996710000
928.229980000  7.900000000 5.242348190000
928.255005000  7.900000000 5.307568070000
928.279968000  7.900000000 5.372720720000
928.304993000  7.900000000 5.437863350000
928.330017000  7.900000000 5.503055570000
928.354980000  7.900000000 5.568349840000
928.380005000  7.900000000 5.633794780000
928.404968000  7.900000000 5.699432850000
928.429993000  7.900000000 5.765293600000
928.455017000  7.900000000 5.831401350000
928.479980000  7.900000000 5.897768500000
928.505005000  7.900000000 5.964393620000
928.529968000  7.900000000 6.031266690000
928.554993000  7.900000000 6.098359110000
928.580017000  7.900000000 6.165629390000
928.604980000  7.900000000 6.233026030000
928.630005000  7.900000000 6.300481800000
928.654968000  7.900000000 6.367917060000
928.679993000  7.900000000 6.435235980000
928.705017000  7.900000000 6.502334120000
928.729980000  7.900000000 6.569093230000
928.755005000  7.900000000 6.635385040000
928.779968000  7.900000000 6.701068400000
928.804993000  7.900000000 6.766000750000
928.830017000  7.900000000 6.830028530000
928.854980000  7.900000000 6.892987250000
928.880005000  7.900000000 6.954715730000
928.904968000  7.900000000 7.015040870000
928.929993000  7.900000000 7.073790070000
928.955017000  7.900000000 7.130788330000
928.979980000  7.900000000 7.185855870000
929.005005000  7.900000000 7.238808160000
929.029968000  7.900000000 7.289463040000
929.054993000  7.900000000 7.337632180000
929.080017000  7.900000000 7.383131030000
929.104980000  7.900000000 7.425771240000
929.130005000  7.900000000 7.465359690000
929.154968000  7.900000000 7.501708510000
929.179993000  7.900000000 7.534627440000
929.205017000  7.900000000 7.563930990000
929.229980000  7.900000000 7.589434150000
929.255005000  7.900000000 7.610965250000
929.279968000  7.900000000 7.628357890000
929.304993000  7.900000000 7.641458510000
929.330017000  7.900000000 7.650129800000
929.354980000  7.900000000 7.654257770000
929.380005000  7.900000000 7.653747080000
929.404968000  7.900000000 7.648531440000
929.429993000  7.900000000 7.638565540000
929.455017000  7.900000000 7.623842240000
929.479980000  7.900000000 7.604373460000
929.505005000  7.900000000 7.580216880000
929.529968000  7.900000000 7.551445010000
929.554993000  7.900000000 7.518167970000
929.580017000  7.900000000 7.480520250000
929.604980000  7.900000000 7.438658710000
929.630005000  7.900000000 7.392761710000
929.654968000  7.900000000 7.343020920000
929.679993000  7.900000000 7.289639950000
929.705017000  7.900000000 7.232830520000
929.729980000  7.900000000 7.172805310000
929.755005000  7.900000000 7.109773640000
929.779968000  7.900000000 7.043941020000
929.804993000  7.900000000 6.975500580000
929.830017000  7.900000000 6.904636380000
929.854980000  7.900000000 6.831512450000
929.880005000  7.900000000 6.756282810000
929.904968000  7.900000000 6.679082870000
929.929993000  7.900000000 6.600031380000
929.955017000  7.900000000 6.519231800000
929.979980000  7.900000000 6.436777590000
930.005005000  7.900000000 6.352747920000
930.029968000  7.900000000 6.267218110000
930.054993000  7.900000000 6.180254940000
930.080017000  7.900000000 6.091931340000
930.104980000  7.900000000 6.002315520000
930.130005000  7.900000000 5.911488530000
930.154968000  7.900000000 5.819539550000
930.179993000  7.900000000 5.726575370000
930.205017000  7.900000000 5.632710930000
930.229980000  7.900000000 5.538091180000
930.255005000  7.900000000 5.442873000000
930.279968000  7.900000000 5.347232340000
930.304993000  7.900000000 5.251367570000
930.330017000  7.900000000 5.155492310000
930.354980000  7.900000000 5.059836390000
930.380005000  7.900000000 4.964643480000
930.404968000  7.900000000 4.870160580000
930.429993000  7.900000000 4.776641850000
930.455017000  7.900000000 4.684341910000
930.479980000  7.900000000 4.593508720000
930.505005000  7.900000000 4.504380700000
930.529968000  7.900000000 4.417183880000
930.554993000  7.900000000 4.332126140000
930.580017000  7.900000000 4.249394890000
930.604980000  7.900000000 4.169155120000
930.630005000  7.900000000 4.091547970000
930.654968000  7.900000000 4.016683580000
930.679993000  7.900000000 3.944651130000
930.705017000  7.900000000 3.875504730000
930.729980000  7.900000000 3.809276580000
930.755005000  7.900000000 3.745970250000
930.779968000  7.900000000 3.685561180000
930.804993000  7.900000000 3.628003120000
930.830017000  7.900000000 3.573226690000
930.854980000  7.900000000 3.521136050000
930.880005000  7.900000000 3.471622230000
930.904968000  7.900000000 3.424555540000
930.929993000  7.900000000 3.379791020000
930.955017000  7.900000000 3.337173220000
930.979980000  7.900000000 3.296535730000
931.005005000  7.900000000 3.257708070000
931.029968000  7.900000000 3.220512390000
931.054993000  7.900000000 3.184773680000
931.080017000  7.900000000 3.150318860000
931.104980000  7.900000000 3.116984130000
931.130005000  7.900000000 3.084614520000
931.154968000  7.900000000 3.053068880000
931.179993000  7.900000000 3.022223000000
931.205017000  7.900000000 2.991975310000
931.229980000  7.900000000 2.962244270000
931.255005000  7.900000000 2.932973860000
931.279968000  7.900000000 2.904135230000
931.304993000  7.900000000 2.875725270000
931.330017000  7.900000000 2.847766640000
931.354980000  7.900000000 2.820307020000
931.380005000  7.900000000 2.793418650000
931.404968000  7.900000000 2.767191170000
931.429993000  7.900000000 2.741732840000
931.455017000  7.900000000 2.717163320000
931.479980000  7.900000000 2.693611860000
931.505005000  7.900000000 2.671214580000
931.529968000  7.900000000 2.650105000000
931.554993000  7.900000000 2.630416630000
931.580017000  7.900000000 2.612275360000
931.604980000  7.900000000 2.595798250000
931.630005000  7.900000000 2.581090690000
931.654968000  7.900000000 2.568246840000
931.679993000  7.900000000 2.557344440000
931.705017000  7.900000000 2.548448800000
931.729980000  7.900000000 2.541609290000
931.755005000  7.900000000 2.536862130000
931.779968000  7.900000000 2.534229280000
931.804993000  7.900000000 2.533718820000
931.830017000  7.900000000 2.535327430000
931.854980000  7.900000000 2.539040090000
931.880005000  7.900000000 2.544831990000
931.904968000  7.900000000 2.552669050000
931.929993000  7.900000000 2.562508580000
931.955017000  7.900000000 2.574302910000
931.979980000  7.900000000 2.587999580000
932.005005000  7.900000000 2.603540660000
932.029968000  7.900000000 2.620869160000
932.054993000  7.900000000 2.639922860000
932.080017000  7.900000000 2.660644530000
932.104980000  7.900000000 2.682975050000
932.130005000  7.900000000 2.706860300000
932.154968000  7.900000000 2.732249980000
932.179993000  7.900000000 2.759098530000
932.205017000  7.900000000 2.787367340000
932.229980000  7.900000000 2.817024470000
932.255005000  7.900000000 2.848047490000
932.279968000  7.900000000 2.880419250000
932.304993000  7.900000000 2.914134740000
932.330017000  7.900000000 2.949193240000
932.354980000  7.900000000 2.985606190000
932.380005000  7.900000000 3.023392440000
932.404968000  7.900000000 3.062578680000
932.429993000  7.900000000 3.103198050000
932.455017000  7.900000000 3.145293240000
932.479980000  7.900000000 3.188909530000
932.505005000  7.900000000 3.234099150000
932.529968000  7.900000000 3.280919080000
932.554993000  7.900000000 3.329428670000
932.580017000  7.900000000 3.379687310000
932.604980000  7.900000000 3.431761260000
932.630005000  7.900000000 3.485711810000
932.654968000  7.900000000 3.541603090000
932.679993000  7.900000000 3.599498270000
932.705017000  7.900000000 3.659456970000
932.729980000  7.900000000 3.721538780000
932.755005000  7.900000000 3.785799500000
932.779968000  7.900000000 3.852292060000
932.804993000  7.900000000 3.921064380000
932.830017000  7.900000000 3.992159840000
932.854980000  7.900000000 4.065618520000
932.880005000  7.900000000 4.141472820000
932.904968000  7.900000000 4.219751360000
932.929993000  7.900000000 4.300475600000
932.955017000  7.900000000 4.383658890000
932.979980000  7.900000000 4.469312670000
933.005005000  7.900000000 4.557436470000
933.029968000  7.900000000 4.648025990000
933.054993000  7.900000000 4.741068360000
933.080017000  7.900000000 4.836540700000
933.104980000  7.900000000 4.934413430000
933.130005000  7.900000000 5.034646990000
933.154968000  7.900000000 5.137189870000
933.179993000  7.900000000 5.241980080000
933.205017000  7.900000000 5.348940370000
933.229980000  7.900000000 5.457979200000
933.255005000  7.900000000 5.568986890000
933.279968000  7.900000000 5.681833740000
933.304993000  7.900000000 5.796369080000
933.330017000  7.900000000 5.912415030000
933.354980000  7.900000000 6.029769420000
933.380005000  7.900000000 6.148200990000
933.404968000  7.900000000 6.267446990000
933.429993000  7.900000000 6.387212280000
933.455017000  7.900000000 6.507171150000
933.479980000  7.900000000 6.626966950000
933.505005000  7.900000000 6.746211050000
933.529968000  7.900000000 6.864489560000
933.554993000  7.900000000 6.981359480000
933.580017000  7.900000000 7.096368790000
933.604980000  7.900000000 7.209042550000
933.630005000  7.900000000 7.318911080000
933.654968000  7.900000000 7.425502780000
933.679993000  7.900000000 7.528364180000
933.705017000  7.900000000 7.627063270000
933.729980000  7.900000000 7.721203800000
933.755005000  7.900000000 7.810434820000
933.779968000  7.900000000 7.894456860000
933.804993000  7.900000000 7.973031520000
933.830017000  7.900000000 8.045989040000
933.854980000  7.900000000 8.113233570000
933.880005000  7.900000000 8.174735070000
933.904968000  7.900000000 8.230545040000
933.929993000  7.900000000 8.280778880000
933.955017000  7.900000000 8.325619700000
933.979980000  7.900000000 8.365311620000
934.005005000  7.900000000 8.400145530000
934.029968000  7.900000000 8.430452350000
934.054993000  7.900000000 8.456598280000
934.080017000  7.900000000 8.478969570000
934.104980000  7.900000000 8.497956280000
934.130005000  7.900000000 8.513957020000
934.154968000  7.900000000 8.527357100000
934.179993000  7.900000000 8.538525580000
934.205017000  7.900000000 8.547806740000
934.229980000  7.900000000 8.555516240000
934.255005000  7.900000000 8.561924930000
934.279968000  7.900000000 8.567271230000
934.304993000  7.900000000 8.571745870000
934.330017000  7.900000000 8.575494770000
934.354980000  7.900000000 8.578619000000
934.380005000  7.900000000 8.581171040000
934.404968000  7.900000000 8.583166120000
934.429993000  7.900000000 8.584571840000
934.455017000  7.900000000 8.585320470000
934.479980000  7.900000000 8.585309980000
934.505005000  7.900000000 8.584405900000
934.529968000  7.900000000 8.582454680000
934.554993000  7.900000000 8.579286580000
934.580017000  7.900000000 8.574710850000
934.604980000  7.900000000 8.568537710000
934.630005000  7.900000000 8.560571670000
934.654968000  7.900000000 8.550617220000
934.679993000  7.900000000 8.538494110000
934.705017000  7.900000000 8.524021150000
934.729980000  7.900000000 8.507043840000
934.755005000  7.900000000 8.487407680000
934.779968000  7.900000000 8.464991570000
934.804993000  7.900000000 8.439680100000
934.830017000  7.900000000 8.411386490000
934.854980000  7.900000000 8.380041120000
934.880005000  7.900000000 8.345592500000
934.904968000  7.900000000 8.308006290000
934.929993000  7.900000000 8.267276760000
934.955017000  7.900000000 8.223407750000
934.979980000  7.900000000 8.176423070000
935.005005000  7.900000000 8.126360890000
935.029968000  7.900000000 8.073273660000
935.054993000  7.900000000 8.017230030000
935.080017000  7.900000000 7.958306310000
935.104980000  7.900000000 7.896595000000
935.130005000  7.900000000 7.832190040000
935.154968000  7.900000000 7.765203480000
935.179993000  7.900000000 7.695750240000
935.205017000  7.900000000 7.623953340000
935.229980000  7.900000000 7.549942490000
935.255005000  7.900000000 7.473849770000
935.279968000  7.900000000 7.395812030000
935.304993000  7.900000000 7.315968040000
935.330017000  7.900000000 7.234454630000
935.354980000  7.900000000 7.151407240000
935.380005000  7.900000000 7.066957950000
935.404968000  7.900000000 6.981231690000
935.429993000  7.900000000 6.894346240000
935.455017000  7.900000000 6.806409360000
935.479980000  7.900000000 6.717516900000
935.505005000  7.900000000 6.627754690000
935.529968000  7.900000000 6.537194250000
935.554993000  7.900000000 6.445897580000
935.580017000  7.900000000 6.353912350000
935.604980000  7.900000000 6.261273380000
935.630005000  7.900000000 6.168007850000
935.654968000  7.900000000 6.074131490000
935.679993000  7.900000000 5.979655740000
935.705017000  7.900000000 5.884580610000
935.729980000  7.900000000 5.788906570000
935.755005000  7.900000000 5.692636010000
935.779968000  7.900000000 5.595765590000
935.804993000  7.900000000 5.498299120000
935.830017000  7.900000000 5.400244240000
935.854980000  7.900000000 5.301619050000
935.880005000  7.900000000 5.202443600000
935.904968000  7.900000000 5.102753160000
935.929993000  7.900000000 5.002591130000
935.955017000  7.900000000 4.902010920000
935.979980000  7.900000000 4.801076410000
936.005005000  7.900000000 4.699862000000
936.029968000  7.900000000 4.598448280000
936.054993000  7.900000000 4.496925350000
936.080017000  7.900000000 4.395387170000
936.104980000  7.900000000 4.293934350000
936.130005000  7.900000000 4.192668910000
936.154968000  7.900000000 4.091694830000
936.179993000  7.900000000 3.991115330000
936.205017000  7.900000000 3.891030550000
936.229980000  7.900000000 3.791537760000
936.255005000  7.900000000 3.692729230000
936.279968000  7.900000000 3.594692230000
936.304993000  7.900000000 3.497506620000
936.330017000  7.900000000 3.401244400000
936.354980000  7.900000000 3.305972100000
936.380005000  7.900000000 3.211745980000
936.404968000  7.900000000 3.118614200000
936.429993000  7.900000000 3.026619200000
936.455017000  7.900000000 2.935793880000
936.479980000  7.900000000 2.846166850000
936.505005000  7.900000000 2.757756950000
936.529968000  7.900000000 2.670580860000
936.554993000  7.900000000 2.584650750000
936.580017000  7.900000000 2.499975200000
936.604980000  7.900000000 2.416561370000
936.630005000  7.900000000 2.334412570000
936.654968000  7.900000000 2.253535990000
936.679993000  7.900000000 2.173936610000
936.705017000  7.900000000 2.095622540000
936.729980000  7.900000000 2.018603560000
936.755005000  7.900000000 1.942891840000
936.779968000  7.900000000 1.868503690000
936.804993000  7.900000000 1.795458320000
936.830017000  7.900000000 1.723779920000
936.854980000  7.900000000 1.653495190000
936.880005000  7.900000000 1.584635730000
936.904968000  7.900000000 1.517237900000
936.929993000  7.900000000 1.451339720000
936.955017000  7.900000000 1.386985060000
936.979980000  7.900000000 1.324219110000
937.005005000  7.900000000 1.263090370000
937.029968000  7.900000000 1.203648330000
937.054993000  7.900000000 1.145944240000
937.080017000  7.900000000 1.090027330000
937.104980000  7.900000000 1.035949230000
937.130005000  7.900000000 0.983756483000
937.154968000  7.900000000 0.933494449000
937.179993000  7.900000000 0.885204375000
937.205017000  7.900000000 0.838922918000
937.229980000  7.900000000 0.794682145000
937.255005000  7.900000000 0.752507806000
937.279968000  7.900000000 0.712419748000
937.304993000  7.900000000 0.674431086000
937.330017000  7.900000000 0.638548374000
937.354980000  7.900000000 0.604770780000
937.380005000  7.900000000 0.573090434000
937.404968000  7.900000000 0.543492496000
937.429993000  7.900000000 0.515955508000
937.455017000  7.900000000 0.490451664000
937.479980000  7.900000000 0.466946363000
937.505005000  7.900000000 0.445399642000
937.529968000  7.900000000 0.425766289000
937.554993000  7.900000000 0.407995850000
937.580017000  7.900000000 0.392033547000
937.604980000  7.900000000 0.377820402000
937.630005000  7.900000000 0.365293652000
937.654968000  7.900000000 0.354387641000
937.679993000  7.900000000 0.345033377000
937.705017000  7.900000000 0.337159604000
937.729980000  7.900000000 0.330692559000
937.755005000  7.900000000 0.325557083000
937.779968000  7.900000000 0.321676224000
937.804993000  7.900000000 0.318971932000
937.830017000  7.900000000 0.317365140000
937.854980000  7.900000000 0.316776335000
937.880005000  7.900000000 0.317125738000
937.904968000  7.900000000 0.318333805000
937.929993000  7.900000000 0.320321232000
937.955017000  7.900000000 0.323009938000
937.979980000  7.900000000 0.326323152000
938.005005000  7.900000000 0.330185860000
938.029968000  7.900000000 0.334525257000
938.054993000  7.900000000 0.339271158000
938.080017000  7.900000000 0.344356388000
938.104980000  7.900000000 0.349717081000
938.130005000  7.900000000 0.355292797000
938.154968000  7.900000000 0.361027062000
938.179993000  7.900000000 0.366866976000
938.205017000  7.900000000 0.372764289000
938.229980000  7.900000000 0.378674179000
938.255005000  7.900000000 0.384556204000
938.279968000  7.900000000 0.390374035000
938.304993000  7.900000000 0.396095306000
938.330017000  7.900000000 0.401691735000
938.354980000  7.900000000 0.407138765000
938.380005000  7.900000000 0.412415832000
938.404968000  7.900000000 0.417506039000
938.429993000  7.900000000 0.422396153000
938.455017000  7.900000000 0.427075952000
938.479980000  7.900000000 0.431539029000
938.505005000  7.900000000 0.435781926000
938.529968000  7.900000000 0.439804137000
938.554993000  7.900000000 0.443608761000
938.580017000  7.900000000 0.447201133000
938.604980000  7.900000000 0.450590014000
938.630005000  7.900000000 0.453786582000
938.654968000  7.900000000 0.456805050000
938.679993000  7.900000000 0.459662318000
938.705017000  7.900000000 0.462378204000
938.729980000  7.900000000 0.464975327000
938.755005000  7.900000000 0.467479318000
938.779968000  7.900000000 0.469918907000
938.804993000  7.900000000 0.472325772000
938.830017000  7.900000000 0.474734843000
938.854980000  7.900000000 0.477184564000
938.880005000  7.900000000 0.479716986000
938.904968000  7.900000000 0.482377678000
938.929993000  7.900000000 0.485216528000
938.955017000  7.900000000 0.488287508000
938.979980000  7.900000000 0.491649240000
939.005005000  7.900000000 0.495365262000
939.029968000  7.900000000 0.499504179000
939.054993000  7.900000000 0.504140556000
939.080017000  7.900000000 0.509355307000
939.104980000  7.900000000 0.515235841000
939.130005000  7.900000000 0.521876931000
939.154968000  7.900000000 0.529380560000
939.179993000  7.900000000 0.537857413000
939.205017000  7.900000000 0.547426522000
939.229980000  7.900000000 0.558215737000
939.255005000  7.900000000 0.570362210000
939.279968000  7.900000000 0.584012747000
939.304993000  7.900000000 0.599324286000
939.330017000  7.900000000 0.616463363000
939.354980000  7.900000000 0.635606766000
939.380005000  7.900000000 0.656941116000
939.404968000  7.900000000 0.680662930000
939.429993000  7.900000000 0.706978559000
939.455017000  7.900000000 0.736103475000
939.479980000  7.900000000 0.768261671000
939.505005000  7.900000000 0.803685427000
939.529968000  7.900000000 0.842613757000
939.554993000  7.900000000 0.885292172000
939.580017000  7.900000000 0.931971133000
939.604980000  7.900000000 0.982903600000
939.630005000  7.900000000 1.038346290000
939.654968000  7.900000000 1.098555090000
939.679993000  7.900000000 1.163785340000
939.705017000  7.900000000 1.234289880000
939.729980000  7.900000000 1.310315730000
939.755005000  7.900000000 1.392103430000
939.779968000  7.900000000 1.479886050000
939.804993000  7.900000000 1.573885320000
939.830017000  7.900000000 1.674311520000
939.854980000  7.900000000 1.781362770000
939.880005000  7.900000000 1.895222070000
939.904968000  7.900000000 2.016057490000
939.929993000  7.900000000 2.144021990000
939.955017000  7.900000000 2.279252530000
939.979980000  7.900000000 2.421869990000
940.005005000  7.900000000 2.571978330000
940.029968000  7.900000000 2.729667660000
940.054993000  7.900000000 2.895010710000
940.080017000  7.900000000 3.068068980000
940.104980000  7.900000000 3.248886590000
940.130005000  7.900000000 3.437496900000
940.154968000  7.900000000 3.633918520000
940.179993000  7.900000000 3.838160280000
940.205017000  7.900000000 4.050217630000
940.229980000  7.900000000 4.270071980000
940.255005000  7.900000000 4.497694020000
940.279968000  7.900000000 4.733036990000
940.304993000  7.900000000 4.976043220000
940.330017000  7.900000000 5.226634500000
940.354980000  7.900000000 5.484716890000
940.380005000  7.900000000 5.750168320000
940.404968000  7.900000000 6.022853370000
940.429993000  7.900000000 6.302610870000
940.455017000  7.900000000 6.589248180000
940.479980000  7.900000000 6.882545950000
940.505005000  7.900000000 7.182255270000
940.529968000  7.900000000 7.488101010000
940.554993000  7.900000000 7.799769400000
940.580017000  7.900000000 8.116911890000
940.604980000  7.900000000 8.439147000000
940.630005000  7.900000000 8.766058920000
940.654968000  7.900000000 9.097189900000
940.679993000  7.900000000 9.432057380000
940.705017000  7.900000000 9.770130160000
940.729980000  7.900000000 10.110845600000
940.755005000  7.900000000 10.453605700000
940.779968000  7.900000000 10.797780000000
940.804993000  7.900000000 11.142695400000
940.830017000  7.900000000 11.487660400000
940.854980000  7.900000000 11.831946400000
940.880005000  7.900000000 12.174795200000
940.904968000  7.900000000 12.515431400000
940.929993000  7.900000000 12.853066400000
940.955017000  7.900000000 13.186890600000
940.979980000  7.900000000 13.516092300000
941.005005000  7.900000000 13.839872400000
941.029968000  7.900000000 14.157427800000
941.054993000  7.900000000 14.467991800000
941.080017000  7.900000000 14.770815800000
941.104980000  7.900000000 15.065198900000
941.130005000  7.900000000 15.350491500000
941.154968000  7.900000000 15.626097700000
941.179993000  7.900000000 15.891490900000
941.205017000  7.900000000 16.146228800000
941.229980000  7.900000000 16.389942200000
941.255005000  7.900000000 16.622346900000
941.279968000  7.900000000 16.843244600000
941.304993000  7.900000000 17.052547500000
941.330017000  7.900000000 17.250230800000
941.354980000  7.900000000 17.436368900000
941.380005000  7.900000000 17.611110700000
941.404968000  7.900000000 17.774683000000
941.429993000  7.900000000 17.927375800000
941.455017000  7.900000000 18.069528600000
941.479980000  7.900000000 18.201536200000
941.505005000  7.900000000 18.323835400000
941.529968000  7.900000000 18.436874400000
941.554993000  7.900000000 18.541112900000
941.580017000  7.900000000 18.637044900000
941.604980000  7.900000000 18.725133900000
941.630005000  7.900000000 18.805831900000
941.654968000  7.900000000 18.879583400000
941.679993000  7.900000000 18.946796400000
941.705017000  7.900000000 19.007846800000
941.729980000  7.900000000 19.063070300000
941.755005000  7.900000000 19.112783400000
941.779968000  7.900000000 19.157234200000
941.804993000  7.900000000 19.196641900000
941.830017000  7.900000000 19.231180200000
941.854980000  7.900000000 19.260988200000
941.880005000  7.900000000 19.286159500000
941.904968000  7.900000000 19.306747400000
941.929993000  7.900000000 19.322782500000
941.955017000  7.900000000 19.334259000000
941.979980000  7.900000000 19.341154100000
942.005005000  7.900000000 19.343418100000
942.029968000  7.900000000 19.340972900000
942.054993000  7.900000000 19.333732600000
942.080017000  7.900000000 19.321611400000
942.104980000  7.900000000 19.304512000000
942.130005000  7.900000000 19.282320000000
942.154968000  7.900000000 19.254930500000
942.179993000  7.900000000 19.222234700000
942.205017000  7.900000000 19.184118300000
942.229980000  7.900000000 19.140487700000
942.255005000  7.900000000 19.091238000000
942.279968000  7.900000000 19.036279700000
942.304993000  7.900000000 18.975532500000
942.330017000  7.900000000 18.908912700000
942.354980000  7.900000000 18.836347600000
942.380005000  7.900000000 18.757783900000
942.404968000  7.900000000 18.673173900000
942.429993000  7.900000000 18.582481400000
942.455017000  7.900000000 18.485677700000
942.479980000  7.900000000 18.382736200000
942.505005000  7.900000000 18.273672100000
942.529968000  7.900000000 18.158487300000
942.554993000  7.900000000 18.037223800000
942.580017000  7.900000000 17.909914000000
942.604980000  7.900000000 17.776619000000
942.630005000  7.900000000 17.637413000000
942.654968000  7.900000000 17.492391600000
942.679993000  7.900000000 17.341663400000
942.705017000  7.900000000 17.185342800000
942.729980000  7.900000000 17.023582500000
942.755005000  7.900000000 16.856523500000
942.779968000  7.900000000 16.684330000000
942.804993000  7.900000000 16.507192600000
942.830017000  7.900000000 16.325288800000
942.854980000  7.900000000 16.138816800000
942.880005000  7.900000000 15.947982800000
942.904968000  7.900000000 15.752993600000
942.929993000  7.900000000 15.554065700000
942.955017000  7.900000000 15.351412800000
942.979980000  7.900000000 15.145239800000
943.005005000  7.900000000 14.935768100000
943.029968000  7.900000000 14.723206500000
943.054993000  7.900000000 14.507761000000
943.080017000  7.900000000 14.289629000000
943.104980000  7.900000000 14.069013600000
943.130005000  7.900000000 13.846099900000
943.154968000  7.900000000 13.621077500000
943.179993000  7.900000000 13.394125900000
943.205017000  7.900000000 13.165426300000
943.229980000  7.900000000 12.935148200000
943.255005000  7.900000000 12.703470200000
943.279968000  7.900000000 12.470563900000
943.304993000  7.900000000 12.236604700000
943.330017000  7.900000000 12.001775700000
943.354980000  7.900000000 11.766253500000
943.380005000  7.900000000 11.530224800000
943.404968000  7.900000000 11.293886200000
943.429993000  7.900000000 11.057435000000
943.455017000  7.900000000 10.821083100000
943.479980000  7.900000000 10.585042000000
943.505005000  7.900000000 10.349538800000
943.529968000  7.900000000 10.114809000000
943.554993000  7.900000000 9.881093030000
943.580017000  7.900000000 9.648640630000
943.604980000  7.900000000 9.417703630000
943.630005000  7.900000000 9.188552860000
943.654968000  7.900000000 8.961451530000
943.679993000  7.900000000 8.736674310000
943.705017000  7.900000000 8.514493940000
943.729980000  7.900000000 8.295187950000
943.755005000  7.900000000 8.079030040000
943.779968000  7.900000000 7.866301540000
943.804993000  7.900000000 7.657268520000
943.830017000  7.900000000 7.452204230000
943.854980000  7.900000000 7.251364230000
943.880005000  7.900000000 7.055014610000
943.904968000  7.900000000 6.863395210000
943.929993000  7.900000000 6.676749230000
943.955017000  7.900000000 6.495311260000
943.979980000  7.900000000 6.319300170000
944.005005000  7.900000000 6.148929120000
944.029968000  7.900000000 5.984396460000
944.054993000  7.900000000 5.825894830000
944.080017000  7.900000000 5.673602100000
944.104980000  7.900000000 5.527688980000
944.130005000  7.900000000 5.388316150000
944.154968000  7.900000000 5.255630970000
944.179993000  7.900000000 5.129776000000
944.205017000  7.900000000 5.010883810000
944.229980000  7.900000000 4.899078370000
944.255005000  7.900000000 4.794478890000
944.279968000  7.900000000 4.697195050000
944.304993000  7.900000000 4.607332710000
944.330017000  7.900000000 4.524996280000
944.354980000  7.900000000 4.450282570000
944.380005000  7.900000000 4.383287430000
944.404968000  7.900000000 4.324103830000
944.429993000  7.900000000 4.272820950000
944.455017000  7.900000000 4.229527470000
944.479980000  7.900000000 4.194308760000
944.505005000  7.900000000 4.167248730000
944.529968000  7.900000000 4.148424630000
944.554993000  7.900000000 4.137911800000
944.580017000  7.900000000 4.135779860000
944.604980000  7.900000000 4.142090800000
944.630005000  7.900000000 4.156900410000
944.654968000  7.900000000 4.180257320000
944.679993000  7.900000000 4.212200160000
944.705017000  7.900000000 4.252758980000
944.729980000  7.900000000 4.301952360000
944.755005000  7.900000000 4.359789850000
944.779968000  7.900000000 4.426270960000
944.804993000  7.900000000 4.501379970000
944.830017000  7.900000000 4.585094450000
944.854980000  7.900000000 4.677374360000
944.880005000  7.900000000 4.778171060000
944.904968000  7.900000000 4.887425420000
944.929993000  7.900000000 5.005063530000
944.955017000  7.900000000 5.131003380000
944.979980000  7.900000000 5.265151020000
945.005005000  7.900000000 5.407404420000
945.029968000  7.900000000 5.557651040000
945.054993000  7.900000000 5.715771680000
945.080017000  7.900000000 5.881636620000
945.104980000  7.900000000 6.055115700000
945.130005000  7.900000000 6.236063000000
945.154968000  7.900000000 6.424342630000
945.179993000  7.900000000 6.619805810000
945.205017000  7.900000000 6.822308060000
945.229980000  7.900000000 7.031705860000
945.255005000  7.900000000 7.247855190000
945.279968000  7.900000000 7.470616340000
945.304993000  7.900000000 7.699862000000
945.330017000  7.900000000 7.935464860000
945.354980000  7.900000000 8.177311900000
945.380005000  7.900000000 8.425294880000
945.404968000  7.900000000 8.679318430000
945.429993000  7.900000000 8.939302440000
945.455017000  7.900000000 9.205169680000
945.479980000  7.900000000 9.476861000000
945.505005000  7.900000000 9.754329680000
945.529968000  7.900000000 10.037529000000
945.554993000  7.900000000 10.326426500000
945.580017000  7.900000000 10.620994600000
945.604980000  7.900000000 10.921199800000
945.630005000  7.900000000 11.227026900000
945.654968000  7.900000000 11.538432100000
945.679993000  7.900000000 11.855385800000
945.705017000  7.900000000 12.177838300000
945.729980000  7.900000000 12.505712500000
945.755005000  7.900000000 12.838929200000
945.779968000  7.900000000 13.177371000000
945.804993000  7.900000000 13.520892100000
945.830017000  7.900000000 13.869306600000
945.854980000  7.900000000 14.222393000000
945.880005000  7.900000000 14.579875900000
945.904968000  7.900000000 14.941435800000
945.929993000  7.900000000 15.306690200000
945.955017000  7.900000000 15.675205200000
945.979980000  7.900000000 16.046472500000
946.005005000  7.900000000 16.419923800000
946.029968000  7.900000000 16.794925700000
946.054993000  7.900000000 17.170761100000
946.080017000  7.900000000 17.546676600000
946.104980000  7.900000000 17.921821600000
946.130005000  7.900000000 18.295303300000
946.154968000  7.900000000 18.666158700000
946.179993000  7.900000000 19.033384300000
946.205017000  7.900000000 19.395919800000
946.229980000  7.900000000 19.752664600000
946.255005000  7.900000000 20.102514300000
946.279968000  7.900000000 20.444330200000
946.304993000  7.900000000 20.776969900000
946.330017000  7.900000000 21.099321400000
946.354980000  7.900000000 21.410272600000
946.380005000  7.900000000 21.708770800000
946.404968000  7.900000000 21.993801100000
946.429993000  7.900000000 22.264429100000
946.455017000  7.900000000 22.519788700000
946.479980000  7.900000000 22.759105700000
946.505005000  7.900000000 22.981710400000
946.529968000  7.900000000 23.187023200000
946.554993000  7.900000000 23.374584200000
946.580017000  7.900000000 23.544048300000
946.604980000  7.900000000 23.695161800000
946.630005000  7.900000000 23.827823600000
946.654968000  7.900000000 23.941993700000
946.679993000  7.900000000 24.037754100000
946.705017000  7.900000000 24.115295400000
946.729980000  7.900000000 24.174867600000
946.755005000  7.900000000 24.216819800000
946.779968000  7.900000000 24.241573300000
946.804993000  7.900000000 24.249586100000
946.830017000  7.900000000 24.241394000000
946.854980000  7.900000000 24.217556000000
946.880005000  7.900000000 24.178672800000
946.904968000  7.900000000 24.125360500000
946.929993000  7.900000000 24.058254200000
946.955017000  7.900000000 23.978014000000
946.979980000  7.900000000 23.885278700000
947.005005000  7.900000000 23.780687300000
947.029968000  7.900000000 23.664890300000
947.054993000  7.900000000 23.538513200000
947.080017000  7.900000000 23.402166400000
947.104980000  7.900000000 23.256443000000
947.130005000  7.900000000 23.101924900000
947.154968000  7.900000000 22.939155600000
947.179993000  7.900000000 22.768690100000
947.205017000  7.900000000 22.591032000000
947.229980000  7.900000000 22.406669600000
947.255005000  7.900000000 22.216085400000
947.279968000  7.900000000 22.019727700000
947.304993000  7.900000000 21.818031300000
947.330017000  7.900000000 21.611412000000
947.354980000  7.900000000 21.400272400000
947.380005000  7.900000000 21.184989900000
947.404968000  7.900000000 20.965925200000
947.429993000  7.900000000 20.743425400000
947.455017000  7.900000000 20.517828000000
947.479980000  7.900000000 20.289445900000
947.505005000  7.900000000 20.058574700000
947.529968000  7.900000000 19.825511900000
947.554993000  7.900000000 19.590517000000
947.580017000  7.900000000 19.353851300000
947.604980000  7.900000000 19.115751300000
947.630005000  7.900000000 18.876445800000
947.654968000  7.900000000 18.636144600000
947.679993000  7.900000000 18.395042400000
947.705017000  7.900000000 18.153322200000
947.729980000  7.900000000 17.911153800000
947.755005000  7.900000000 17.668693500000
947.779968000  7.900000000 17.426088300000
947.804993000  7.900000000 17.183467900000
947.830017000  7.900000000 16.940973300000
947.854980000  7.900000000 16.698713300000
947.880005000  7.900000000 16.456802400000
947.904968000  7.900000000 16.215353000000
947.929993000  7.900000000 15.974459600000
947.955017000  7.900000000 15.734222400000
947.979980000  7.900000000 15.494737600000
948.005005000  7.900000000 15.256092100000
948.029968000  7.900000000 15.018378300000
948.054993000  7.900000000 14.781687700000
948.080017000  7.900000000 14.546096800000
948.104980000  7.900000000 14.311702700000
948.130005000  7.900000000 14.078574200000
948.154968000  7.900000000 13.846792200000
948.179993000  7.900000000 13.616431200000
948.205017000  7.900000000 13.387557000000
948.229980000  7.900000000 13.160243000000
948.255005000  7.900000000 12.934541700000
948.279968000  7.900000000 12.710511200000
948.304993000  7.900000000 12.488193500000
948.330017000  7.900000000 12.267634400000
948.354980000  7.900000000 12.048859600000
948.380005000  7.900000000 11.831896800000
948.404968000  7.900000000 11.616760300000
948.429993000  7.900000000 11.403461500000
948.455017000  7.900000000 11.191988000000
948.479980000  7.900000000 10.982342700000
948.505005000  7.900000000 10.774501800000
948.529968000  7.900000000 10.568449000000
948.554993000  7.900000000 10.364158600000
948.580017000  7.900000000 10.161593400000
948.604980000  7.900000000 9.960726740000
948.630005000  7.900000000 9.761521340000
948.654968000  7.900000000 9.563944820000
948.679993000  7.900000000 9.367965700000
948.705017000  7.900000000 9.173560140000
948.729980000  7.900000000 8.980702400000
948.755005000  7.900000000 8.789383890000
948.779968000  7.900000000 8.599596980000
948.804993000  7.900000000 8.411351200000
948.830017000  7.900000000 8.224661830000
948.854980000  7.900000000 8.039564130000
948.880005000  7.900000000 7.856101510000
948.904968000  7.900000000 7.674333570000
948.929993000  7.900000000 7.494338510000
948.955017000  7.900000000 7.316208840000
948.979980000  7.900000000 7.140053750000
949.005005000  7.900000000 6.966003890000
949.029968000  7.900000000 6.794197560000
949.054993000  7.900000000 6.624794480000
949.080017000  7.900000000 6.457972050000
949.104980000  7.900000000 6.293922900000
949.130005000  7.900000000 6.132847790000
949.154968000  7.900000000 5.974975110000
949.179993000  7.900000000 5.820534710000
949.205017000  7.900000000 5.669772620000
949.229980000  7.900000000 5.522948740000
949.255005000  7.900000000 5.380336760000
949.279968000  7.900000000 5.242212770000
949.304993000  7.900000000 5.108861920000
949.330017000  7.900000000 4.980583190000
949.354980000  7.900000000 4.857676510000
949.380005000  7.900000000 4.740446570000
949.404968000  7.900000000 4.629199500000
949.429993000  7.900000000 4.524245260000
949.455017000  7.900000000 4.425893310000
949.479980000  7.900000000 4.334449770000
949.505005000  7.900000000 4.250220300000
949.529968000  7.900000000 4.173502450000
949.554993000  7.900000000 4.104590890000
949.580017000  7.900000000 4.043769840000
949.604980000  7.900000000 3.991314410000
949.630005000  7.900000000 3.947489980000
949.654968000  7.900000000 3.912547830000
949.679993000  7.900000000 3.886725660000
949.705017000  7.900000000 3.870242600000
949.729980000  7.900000000 3.863302470000
949.755005000  7.900000000 3.866087440000
949.779968000  7.900000000 3.878760100000
949.804993000  7.900000000 3.901461120000
949.830017000  7.900000000 3.934308290000
949.854980000  7.900000000 3.977393870000
949.880005000  7.900000000 4.030785080000
949.904968000  7.900000000 4.094526290000
949.929993000  7.900000000 4.168633460000
949.955017000  7.900000000 4.253097060000
949.979980000  7.900000000 4.347879890000
950.005005000  7.900000000 4.452919010000
950.029968000  7.900000000 4.568125250000
950.054993000  7.900000000 4.693381790000
950.080017000  7.900000000 4.828548910000
950.104980000  7.900000000 4.973459240000
950.130005000  7.900000000 5.127920150000
950.154968000  7.900000000 5.291718480000
950.179993000  7.900000000 5.464616300000
950.205017000  7.900000000 5.646351810000
950.229980000  7.900000000 5.836644650000
950.255005000  7.900000000 6.035191060000
950.279968000  7.900000000 6.241671090000
950.304993000  7.900000000 6.455744270000
950.330017000  7.900000000 6.677052020000
950.354980000  7.900000000 6.905225280000
950.380005000  7.900000000 7.139868740000
950.404968000  7.900000000 7.380582330000
950.429993000  7.900000000 7.626949310000
950.455017000  7.900000000 7.878541950000
950.479980000  7.900000000 8.134919170000
950.505005000  7.900000000 8.395633700000
950.529968000  7.900000000 8.660225870000
950.554993000  7.900000000 8.928234100000
950.580017000  7.900000000 9.199184420000
950.604980000  7.900000000 9.472604750000
950.630005000  7.900000000 9.748019220000
950.654968000  7.900000000 10.024954800000
950.679993000  7.900000000 10.302938500000
950.705017000  7.900000000 10.581508600000
950.729980000  7.900000000 10.860211400000
950.755005000  7.900000000 11.138599400000
950.779968000  7.900000000 11.416247400000
950.804993000  7.900000000 11.692738500000
950.830017000  7.900000000 11.967674300000
950.854980000  7.900000000 12.240685500000
950.880005000  7.900000000 12.511414500000
950.904968000  7.900000000 12.779531500000
950.929993000  7.900000000 13.044725400000
950.955017000  7.900000000 13.306725500000
950.979980000  7.900000000 13.565272300000
951.005005000  7.900000000 13.820134200000
951.029968000  7.900000000 14.071114500000
951.054993000  7.900000000 14.318033200000
951.080017000  7.900000000 14.560738600000
951.104980000  7.900000000 14.799103700000
951.130005000  7.900000000 15.033026700000
951.154968000  7.900000000 15.262423500000
951.179993000  7.900000000 15.487234100000
951.205017000  7.900000000 15.707425100000
951.229980000  7.900000000 15.922974600000
951.255005000  7.900000000 16.133884400000
951.279968000  7.900000000 16.340156600000
951.304993000  7.900000000 16.541837700000
951.330017000  7.900000000 16.738962200000
951.354980000  7.900000000 16.931592900000
951.380005000  7.900000000 17.119802500000
951.404968000  7.900000000 17.303678500000
951.429993000  7.900000000 17.483316400000
951.455017000  7.900000000 17.658830600000
951.479980000  7.900000000 17.830345200000
951.505005000  7.900000000 17.998003000000
951.529968000  7.900000000 18.161951100000
951.554993000  7.900000000 18.322364800000
951.580017000  7.900000000 18.479423500000
951.604980000  7.900000000 18.633317900000
951.630005000  7.900000000 18.784273100000
951.654968000  7.900000000 18.932514200000
951.679993000  7.900000000 19.078275700000
951.705017000  7.900000000 19.221813200000
951.729980000  7.900000000 19.363397600000
951.755005000  7.900000000 19.503284500000
951.779968000  7.900000000 19.641748400000
951.804993000  7.900000000 19.779069900000
951.830017000  7.900000000 19.915514000000
951.854980000  7.900000000 20.051343900000
951.880005000  7.900000000 20.186805700000
951.904968000  7.900000000 20.322134000000
951.929993000  7.900000000 20.457542400000
951.955017000  7.900000000 20.593208300000
951.979980000  7.900000000 20.729269000000
952.005005000  7.900000000 20.865846600000
952.029968000  7.900000000 21.003007900000
952.054993000  7.900000000 21.140762300000
952.080017000  7.900000000 21.279081300000
952.104980000  7.900000000 21.417886700000
952.130005000  7.900000000 21.557033500000
952.154968000  7.900000000 21.696306200000
952.179993000  7.900000000 21.835458800000
952.205017000  7.900000000 21.974165000000
952.229980000  7.900000000 22.112033800000
952.255005000  7.900000000 22.248630500000
952.279968000  7.900000000 22.383451500000
952.304993000  7.900000000 22.515945400000
952.330017000  7.900000000 22.645523100000
952.354980000  7.900000000 22.771516800000
952.380005000  7.900000000 22.893234300000
952.404968000  7.900000000 23.009937300000
952.429993000  7.900000000 23.120866800000
952.455017000  7.900000000 23.225202600000
952.479980000  7.900000000 23.322128300000
952.505005000  7.900000000 23.410799000000
952.529968000  7.900000000 23.490354500000
952.554993000  7.900000000 23.559934600000
952.580017000  7.900000000 23.618681000000
952.604980000  7.900000000 23.665721900000
952.630005000  7.900000000 23.700223900000
952.654968000  7.900000000 23.721370700000
952.679993000  7.900000000 23.728357300000
952.705017000  7.900000000 23.720445600000
952.729980000  7.900000000 23.696931800000
952.755005000  7.900000000 23.657165500000
952.779968000  7.900000000 23.600559200000
952.804993000  7.900000000 23.526592300000
952.830017000  7.900000000 23.434820200000
952.854980000  7.900000000 23.324888200000
952.880005000  7.900000000 23.196523700000
952.904968000  7.900000000 23.049547200000
952.929993000  7.900000000 22.883874900000
952.955017000  7.900000000 22.699535400000
952.979980000  7.900000000 22.496635400000
953.005005000  7.900000000 22.275423000000
953.029968000  7.900000000 22.036220600000
953.054993000  7.900000000 21.779445600000
953.080017000  7.900000000 21.505638100000
953.104980000  7.900000000 21.215406400000
953.130005000  7.900000000 20.909481000000
953.154968000  7.900000000 20.588638300000
953.179993000  7.900000000 20.253753700000
953.205017000  7.900000000 19.905725500000
953.229980000  7.900000000 19.545528400000
953.255005000  7.900000000 19.174167600000
953.279968000  7.900000000 18.792669300000
953.304993000  7.900000000 18.402090100000
953.330017000  7.900000000 18.003477100000
953.354980000  7.900000000 17.597869900000
953.380005000  7.900000000 17.186298400000
953.404968000  7.900000000 16.769783000000
953.429993000  7.900000000 16.349306100000
953.455017000  7.900000000 15.925809900000
953.479980000  7.900000000 15.500217400000
953.505005000  7.900000000 15.073400500000
953.529968000  7.900000000 14.646180200000
953.554993000  7.900000000 14.219366100000
953.580017000  7.900000000 13.793705900000
953.604980000  7.900000000 13.369926500000
953.630005000  7.900000000 12.948713300000
953.654968000  7.900000000 12.530725500000
953.679993000  7.900000000 12.116590500000
953.705017000  7.900000000 11.706907300000
953.729980000  7.900000000 11.302262300000
953.755005000  7.900000000 10.903202100000
953.779968000  7.900000000 10.510256800000
953.804993000  7.900000000 10.123935700000
953.830017000  7.900000000 9.744717600000
953.854980000  7.900000000 9.373061180000
953.880005000  7.900000000 9.009392740000
953.904968000  7.900000000 8.654117580000
953.929993000  7.900000000 8.307604790000
953.955017000  7.900000000 7.970190530000
953.979980000  7.900000000 7.642183780000
954.005005000  7.900000000 7.323843480000
954.029968000  7.900000000 7.015398500000
954.054993000  7.900000000 6.717034340000
954.080017000  7.900000000 6.428898330000
954.104980000  7.900000000 6.151089670000
954.130005000  7.900000000 5.883670810000
954.154968000  7.900000000 5.626654150000
954.179993000  7.900000000 5.380017280000
954.205017000  7.900000000 5.143692020000
954.229980000  7.900000000 4.917576790000
954.255005000  7.900000000 4.701526170000
954.279968000  7.900000000 4.495362760000
954.304993000  7.900000000 4.298873420000
954.330017000  7.900000000 4.111815930000
954.354980000  7.900000000 3.933921810000
954.380005000  7.900000000 3.764897820000
954.404968000  7.900000000 3.604429240000
954.429993000  7.900000000 3.452186350000
954.455017000  7.900000000 3.307824130000
954.479980000  7.900000000 3.170989750000
954.505005000  7.900000000 3.041324140000
954.529968000  7.900000000 2.918464420000
954.554993000  7.900000000 2.802048440000
954.580017000  7.900000000 2.691718820000
954.604980000  7.900000000 2.587121490000
954.630005000  7.900000000 2.487912890000
954.654968000  7.900000000 2.393756630000
954.679993000  7.900000000 2.304332020000
954.705017000  7.900000000 2.219332460000
954.729980000  7.900000000 2.138466600000
954.755005000  7.900000000 2.061461210000
954.779968000  7.900000000 1.988061900000
954.804993000  7.900000000 1.918032880000
954.830017000  7.900000000 1.851159330000
954.854980000  7.900000000 1.787245150000
954.880005000  7.900000000 1.726116900000
954.904968000  7.900000000 1.667619940000
954.929993000  7.900000000 1.611621020000
954.955017000  7.900000000 1.558005090000
954.979980000  7.900000000 1.506676790000
955.005005000  7.900000000 1.457557800000
955.029968000  7.900000000 1.410588030000
955.054993000  7.900000000 1.365721700000
955.080017000  7.900000000 1.322928550000
955.104980000  7.900000000 1.282191160000
955.130005000  7.900000000 1.243502140000
955.154968000  7.900000000 1.206866620000
955.179993000  7.900000000 1.172296640000
955.205017000  7.900000000 1.139811280000
955.229980000  7.900000000 1.109435320000
955.255005000  7.900000000 1.081197260000
955.279968000  7.900000000 1.055128690000
955.304993000  7.900000000 1.031261680000
955.330017000  7.900000000 1.009628890000
955.354980000  7.900000000 0.990261674000
955.380005000  7.900000000 0.973189414000
955.404968000  7.900000000 0.958439589000
955.429993000  7.900000000 0.946035266000
955.455017000  7.900000000 0.935996652000
955.479980000  7.900000000 0.928339243000
955.505005000  7.900000000 0.923074365000
955.529968000  7.900000000 0.920208812000
955.554993000  7.900000000 0.919744790000
955.580017000  7.900000000 0.921679795000
955.604980000  7.900000000 0.926007211000
955.630005000  7.900000000 0.932716966000
955.654968000  7.900000000 0.941794336000
955.679993000  7.900000000 0.953221858000
955.705017000  7.900000000 0.966978848000
955.729980000  7.900000000 0.983041823000
955.755005000  7.900000000 1.001384620000
955.779968000  7.900000000 1.021980170000
955.804993000  7.900000000 1.044799090000
955.830017000  7.900000000 1.069811220000
955.854980000  7.900000000 1.096985580000
955.880005000  7.900000000 1.126290200000
955.904968000  7.900000000 1.157693390000
955.929993000  7.900000000 1.191163540000
955.955017000  7.900000000 1.226668720000
955.979980000  7.900000000 1.264177440000
956.005005000  7.900000000 1.303659560000
956.029968000  7.900000000 1.345084430000
956.054993000  7.900000000 1.388423800000
956.080017000  7.900000000 1.433648350000
956.104980000  7.900000000 1.480730890000
956.130005000  7.900000000 1.529643650000
956.154968000  7.900000000 1.580361250000
956.179993000  7.900000000 1.632857560000
956.205017000  7.900000000 1.687106970000
956.229980000  7.900000000 1.743084670000
956.255005000  7.900000000 1.800765160000
956.279968000  7.900000000 1.860123040000
956.304993000  7.900000000 1.921131250000
956.330017000  7.900000000 1.983763340000
956.354980000  7.900000000 2.047991040000
956.380005000  7.900000000 2.113785510000
956.404968000  7.900000000 2.181116580000
956.429993000  7.900000000 2.249953750000
956.455017000  7.900000000 2.320266010000
956.479980000  7.900000000 2.392021660000
956.505005000  7.900000000 2.465190650000
956.529968000  7.900000000 2.539741520000
956.554993000  7.900000000 2.615644690000
956.580017000  7.900000000 2.692872050000
956.604980000  7.900000000 2.771397110000
956.630005000  7.900000000 2.851194860000
956.654968000  7.900000000 2.932246210000
956.679993000  7.900000000 3.014531140000
956.705017000  7.900000000 3.098035810000
956.729980000  7.900000000 3.182749030000
956.755005000  7.900000000 3.268662690000
956.779968000  7.900000000 3.355772260000
956.804993000  7.900000000 3.444077010000
956.830017000  7.900000000 3.533579830000
956.854980000  7.900000000 3.624284030000
956.880005000  7.900000000 3.716197970000
956.904968000  7.900000000 3.809330700000
956.929993000  7.900000000 3.903693680000
956.955017000  7.900000000 3.999297140000
956.979980000  7.900000000 4.096153740000
957.005005000  7.900000000 4.194275380000
957.029968000  7.900000000 4.293674470000
957.054993000  7.900000000 4.394361500000
957.080017000  7.900000000 4.496346950000
957.104980000  7.900000000 4.599639420000
957.130005000  7.900000000 4.704246040000
957.154968000  7.900000000 4.810171600000
957.179993000  7.900000000 4.917419430000
957.205017000  7.900000000 5.025991440000
957.229980000  7.900000000 5.135883330000
957.255005000  7.900000000 5.247092720000
957.279968000  7.900000000 5.359614850000
957.304993000  7.900000000 5.473440650000
957.330017000  7.900000000 5.588559630000
957.354980000  7.900000000 5.704960820000
957.380005000  7.900000000 5.822629930000
957.404968000  7.900000000 5.941553120000
957.429993000  7.900000000 6.061710830000
957.455017000  7.900000000 6.183081150000
957.479980000  7.900000000 6.305643080000
957.505005000  7.900000000 6.429364680000
957.529968000  7.900000000 6.554215910000
957.554993000  7.900000000 6.680154320000
957.580017000  7.900000000 6.807138920000
957.604980000  7.900000000 6.935108660000
957.630005000  7.900000000 7.064002510000
957.654968000  7.900000000 7.193744660000
957.679993000  7.900000000 7.324250220000
957.705017000  7.900000000 7.455412860000
957.729980000  7.900000000 7.587118150000
957.755005000  7.900000000 7.719238760000
957.779968000  7.900000000 7.851619720000
957.804993000  7.900000000 7.984099390000
957.830017000  7.900000000 8.116493230000
957.854980000  7.900000000 8.248600960000
957.880005000  7.900000000 8.380208020000
957.904968000  7.900000000 8.511077880000
957.929993000  7.900000000 8.640966420000
957.955017000  7.900000000 8.769612310000
957.979980000  7.900000000 8.896748540000
958.005005000  7.900000000 9.022092820000
958.029968000  7.900000000 9.145360950000
958.054993000  7.900000000 9.266273500000
958.080017000  7.900000000 9.384542470000
958.104980000  7.900000000 9.499890330000
958.130005000  7.900000000 9.612048150000
958.154968000  7.900000000 9.720761300000
958.179993000  7.900000000 9.825785640000
958.205017000  7.900000000 9.926905630000
958.229980000  7.900000000 10.023920100000
958.255005000  7.900000000 10.116656300000
958.279968000  7.900000000 10.204971300000
958.304993000  7.900000000 10.288752600000
958.330017000  7.900000000 10.367907500000
958.354980000  7.900000000 10.442378000000
958.380005000  7.900000000 10.512135500000
958.404968000  7.900000000 10.577179900000
958.429993000  7.900000000 10.637534100000
958.455017000  7.900000000 10.693242100000
958.479980000  7.900000000 10.744375200000
958.505005000  7.900000000 10.791025200000
958.529968000  7.900000000 10.833290100000
958.554993000  7.900000000 10.871292100000
958.580017000  7.900000000 10.905162800000
958.604980000  7.900000000 10.935043300000
958.630005000  7.900000000 10.961083400000
958.654968000  7.900000000 10.983437500000
958.679993000  7.900000000 11.002266900000
958.705017000  7.900000000 11.017737400000
958.729980000  7.900000000 11.030012100000
958.755005000  7.900000000 11.039260900000
958.779968000  7.900000000 11.045645700000
958.804993000  7.900000000 11.049335500000
958.830017000  7.900000000 11.050486600000
958.854980000  7.900000000 11.049264900000
958.880005000  7.900000000 11.045820200000
958.904968000  7.900000000 11.040302300000
958.929993000  7.900000000 11.032856900000
958.955017000  7.900000000 11.023620600000
958.979980000  7.900000000 11.012718200000
959.005005000  7.900000000 11.000275600000
959.029968000  7.900000000 10.986401600000
959.054993000  7.900000000 10.971204800000
959.080017000  7.900000000 10.954771000000
959.104980000  7.900000000 10.937192000000
959.130005000  7.900000000 10.918541000000
959.154968000  7.900000000 10.898884800000
959.179993000  7.900000000 10.878280600000
959.205017000  7.900000000 10.856786700000
959.229980000  7.900000000 10.834441200000
959.255005000  7.900000000 10.811282200000
959.279968000  7.900000000 10.787343000000
959.304993000  7.900000000 10.762646700000
959.330017000  7.900000000 10.737220800000
959.354980000  7.900000000 10.711080600000
959.380005000  7.900000000 10.684240300000
959.404968000  7.900000000 10.656714400000
959.429993000  7.900000000 10.628509500000
959.455017000  7.900000000 10.599631300000
959.479980000  7.900000000 10.570088400000
959.505005000  7.900000000 10.539877900000
959.529968000  7.900000000 10.509002700000
959.554993000  7.900000000 10.477457000000
959.580017000  7.900000000 10.445237200000
959.604980000  7.900000000 10.412332500000
959.630005000  7.900000000 10.378732700000
959.654968000  7.900000000 10.344422300000
959.679993000  7.900000000 10.309378600000
959.705017000  7.900000000 10.273582500000
959.729980000  7.900000000 10.237006200000
959.755005000  7.900000000 10.199616400000
959.779968000  7.900000000 10.161380800000
959.804993000  7.900000000 10.122261000000
959.830017000  7.900000000 10.082214400000
959.854980000  7.900000000 10.041194000000
959.880005000  7.900000000 9.999153140000
959.904968000  7.900000000 9.956041340000
959.929993000  7.900000000 9.911803250000
959.955017000  7.900000000 9.866386410000
959.979980000  7.900000000 9.819733620000
960.005005000  7.900000000 9.771785740000
960.029968000  7.900000000 9.722483630000
960.054993000  7.900000000 9.671768190000
960.080017000  7.900000000 9.619579320000
960.104980000  7.900000000 9.565853120000
960.130005000  7.900000000 9.510525700000
960.154968000  7.900000000 9.453536990000
960.179993000  7.900000000 9.394815440000
960.205017000  7.900000000 9.334295270000
960.229980000  7.900000000 9.271912570000
960.255005000  7.900000000 9.207592960000
960.279968000  7.900000000 9.141266820000
960.304993000  7.900000000 9.072860720000
960.330017000  7.900000000 9.002294540000
960.354980000  7.900000000 8.929495810000
960.380005000  7.900000000 8.854384420000
960.404968000  7.900000000 8.776883130000
960.429993000  7.900000000 8.696911810000
960.455017000  7.900000000 8.614394190000
960.479980000  7.900000000 8.529254910000
960.505005000  7.900000000 8.441423420000
960.529968000  7.900000000 8.350834850000
960.554993000  7.900000000 8.257431030000
960.580017000  7.900000000 8.161158560000
960.604980000  7.900000000 8.061978340000
960.630005000  7.900000000 7.959863660000
960.654968000  7.900000000 7.854799750000
960.679993000  7.900000000 7.746786590000
960.705017000  7.900000000 7.635840890000
960.729980000  7.900000000 7.521992680000
960.755005000  7.900000000 7.405299660000
960.779968000  7.900000000 7.285832410000
960.804993000  7.900000000 7.163686280000
960.830017000  7.900000000 7.038972380000
960.854980000  7.900000000 6.911825660000
960.880005000  7.900000000 6.782404900000
960.904968000  7.900000000 6.650876050000
960.929993000  7.900000000 6.517435550000
960.955017000  7.900000000 6.382287030000
960.979980000  7.900000000 6.245653150000
961.005005000  7.900000000 6.107763770000
961.029968000  7.900000000 5.968856330000
961.054993000  7.900000000 5.829182620000
961.080017000  7.900000000 5.688985820000
961.104980000  7.900000000 5.548514840000
961.130005000  7.900000000 5.408015730000
961.154968000  7.900000000 5.267729760000
961.179993000  7.900000000 5.127886770000
961.205017000  7.900000000 4.988709450000
961.229980000  7.900000000 4.850405220000
961.255005000  7.900000000 4.713169570000
961.279968000  7.900000000 4.577184680000
961.304993000  7.900000000 4.442615510000
961.330017000  7.900000000 4.309611320000
961.354980000  7.900000000 4.178311350000
961.380005000  7.900000000 4.048835750000
961.404968000  7.900000000 3.921294450000
961.429993000  7.900000000 3.795784470000
961.455017000  7.900000000 3.672392610000
961.479980000  7.900000000 3.551202300000
961.505005000  7.900000000 3.432283160000
961.529968000  7.900000000 3.315704110000
961.554993000  7.900000000 3.201530220000
961.580017000  7.900000000 3.089823720000
961.604980000  7.900000000 2.980646850000
961.630005000  7.900000000 2.874064680000
961.654968000  7.900000000 2.770141840000
961.679993000  7.900000000 2.668945790000
961.705017000  7.900000000 2.570551870000
961.729980000  7.900000000 2.475037100000
961.755005000  7.900000000 2.382486100000
961.779968000  7.900000000 2.292989970000
961.804993000  7.900000000 2.206643100000
961.830017000  7.900000000 2.123550420000
961.854980000  7.900000000 2.043823480000
961.880005000  7.900000000 1.967578170000
961.904968000  7.900000000 1.894941930000
961.929993000  7.900000000 1.826044440000
961.955017000  7.900000000 1.761024830000
961.979980000  7.900000000 1.700027820000
962.005005000  7.900000000 1.643203140000
962.029968000  7.900000000 1.590706110000
962.054993000  7.900000000 1.542696600000
962.080017000  7.900000000 1.499337910000
962.104980000  7.900000000 1.460796710000
962.130005000  7.900000000 1.427241680000
962.154968000  7.900000000 1.398842930000
962.179993000  7.900000000 1.375771520000
962.205017000  7.900000000 1.358199120000
962.229980000  7.900000000 1.346295600000
962.255005000  7.900000000 1.340230350000
962.279968000  7.900000000 1.340170860000
962.304993000  7.900000000 1.346282010000
962.330017000  7.900000000 1.358725670000
962.354980000  7.900000000 1.377659680000
962.380005000  7.900000000 1.403238180000
962.404968000  7.900000000 1.435609100000
962.429993000  7.900000000 1.474915620000
962.455017000  7.900000000 1.521292690000
962.479980000  7.900000000 1.574869040000
962.505005000  7.900000000 1.635762930000
962.529968000  7.900000000 1.704083680000
962.554993000  7.900000000 1.779928920000
962.580017000  7.900000000 1.863382460000
962.604980000  7.900000000 1.954515810000
962.630005000  7.900000000 2.053381440000
962.654968000  7.900000000 2.160016060000
962.679993000  7.900000000 2.274437190000
962.705017000  7.900000000 2.396640300000
962.729980000  7.900000000 2.526599170000
962.755005000  7.900000000 2.664266350000
962.779968000  7.900000000 2.809567930000
962.804993000  7.900000000 2.962408300000
962.830017000  7.900000000 3.122666120000
962.854980000  7.900000000 3.290192370000
962.880005000  7.900000000 3.464818000000
962.904968000  7.900000000 3.646346810000
962.929993000  7.900000000 3.834558250000
962.955017000  7.900000000 4.029211520000
962.979980000  7.900000000 4.230043890000
963.005005000  7.900000000 4.436770440000
963.029968000  7.900000000 4.649088860000
963.054993000  7.900000000 4.866683480000
963.080017000  7.900000000 5.089219090000
963.104980000  7.900000000 5.316351890000
963.130005000  7.900000000 5.547726630000
963.154968000  7.900000000 5.782980920000
963.179993000  7.900000000 6.021748070000
963.205017000  7.900000000 6.263657090000
963.229980000  7.900000000 6.508339410000
963.255005000  7.900000000 6.755425930000
963.279968000  7.900000000 7.004558090000
963.304993000  7.900000000 7.255379680000
963.330017000  7.900000000 7.507548810000
963.354980000  7.900000000 7.760730740000
963.380005000  7.900000000 8.014609340000
963.404968000  7.900000000 8.268877980000
963.429993000  7.900000000 8.523248670000
963.455017000  7.900000000 8.777445790000
963.479980000  7.900000000 9.031203270000
963.505005000  7.900000000 9.284274100000
963.529968000  7.900000000 9.536418910000
963.554993000  7.900000000 9.787405970000
963.580017000  7.900000000 10.037014000000
963.604980000  7.900000000 10.285019900000
963.630005000  7.900000000 10.531210900000
963.654968000  7.900000000 10.775365800000
963.679993000  7.900000000 11.017268200000
963.705017000  7.900000000 11.256690000000
963.729980000  7.900000000 11.493401500000
963.755005000  7.900000000 11.727165200000
963.779968000  7.900000000 11.957730300000
963.804993000  7.900000000 12.184839200000
963.830017000  7.900000000 12.408230800000
963.854980000  7.900000000 12.627622600000
963.880005000  7.900000000 12.842732400000
963.904968000  7.900000000 13.053269400000
963.929993000  7.900000000 13.258938800000
963.955017000  7.900000000 13.459446000000
963.979980000  7.900000000 13.654488600000
964.005005000  7.900000000 13.843784300000
964.029968000  7.900000000 14.027043300000
964.054993000  7.900000000 14.203990900000
964.080017000  7.900000000 14.374383900000
964.104980000  7.900000000 14.537964800000
964.130005000  7.900000000 14.694523800000
964.154968000  7.900000000 14.843873000000
964.179993000  7.900000000 14.985845600000
964.205017000  7.900000000 15.120303200000
964.229980000  7.900000000 15.247151400000
964.255005000  7.900000000 15.366326300000
964.279968000  7.900000000 15.477804200000
964.304993000  7.900000000 15.581588700000
964.330017000  7.900000000 15.677739100000
964.354980000  7.900000000 15.766346000000
964.380005000  7.900000000 15.847541800000
964.404968000  7.900000000 15.921498300000
964.429993000  7.900000000 15.988430000000
964.455017000  7.900000000 16.048580200000
964.479980000  7.900000000 16.102230100000
964.505005000  7.900000000 16.149696400000
964.529968000  7.900000000 16.191322300000
964.554993000  7.900000000 16.227470400000
964.580017000  7.900000000 16.258531600000
964.604980000  7.900000000 16.284914000000
964.630005000  7.900000000 16.307033500000
964.654968000  7.900000000 16.325309800000
964.679993000  7.900000000 16.340179400000
964.705017000  7.900000000 16.352060300000
964.729980000  7.900000000 16.361385300000
964.755005000  7.900000000 16.368562700000
964.779968000  7.900000000 16.373996700000
964.804993000  7.900000000 16.378061300000
964.830017000  7.900000000 16.381105400000
964.854980000  7.900000000 16.383468600000
964.880005000  7.900000000 16.385437000000
964.904968000  7.900000000 16.387268100000
964.929993000  7.900000000 16.389183000000
964.955017000  7.900000000 16.391349800000
964.979980000  7.900000000 16.393901800000
965.005005000  7.900000000 16.396913500000
965.029968000  7.900000000 16.400409700000
965.054993000  7.900000000 16.404363600000
965.080017000  7.900000000 16.408678100000
965.104980000  7.900000000 16.413227100000
965.130005000  7.900000000 16.417808500000
965.154968000  7.900000000 16.422170600000
965.179993000  7.900000000 16.426002500000
965.205017000  7.900000000 16.428955100000
965.229980000  7.900000000 16.430620200000
965.255005000  7.900000000 16.430553400000
965.279968000  7.900000000 16.428264600000
965.304993000  7.900000000 16.423240700000
965.330017000  7.900000000 16.414932300000
965.354980000  7.900000000 16.402776700000
965.380005000  7.900000000 16.386200000000
965.404968000  7.900000000 16.364637400000
965.429993000  7.900000000 16.337520600000
965.455017000  7.900000000 16.304302200000
965.479980000  7.900000000 16.264459600000
965.505005000  7.900000000 16.217515900000
965.529968000  7.900000000 16.163023000000
965.554993000  7.900000000 16.100582100000
965.580017000  7.900000000 16.029863400000
965.604980000  7.900000000 15.950599700000
965.630005000  7.900000000 15.862574600000
965.654968000  7.900000000 15.765651700000
965.679993000  7.900000000 15.659756700000
965.705017000  7.900000000 15.544887500000
965.729980000  7.900000000 15.421111100000
965.755005000  7.900000000 15.288541800000
965.779968000  7.900000000 15.147359800000
965.804993000  7.900000000 14.997799900000
965.830017000  7.900000000 14.840127900000
965.854980000  7.900000000 14.674655900000
965.880005000  7.900000000 14.501725200000
965.904968000  7.900000000 14.321695300000
965.929993000  7.900000000 14.134931600000
965.955017000  7.900000000 13.941834400000
965.979980000  7.900000000 13.742777800000
966.005005000  7.900000000 13.538155600000
966.029968000  7.900000000 13.328345300000
966.054993000  7.900000000 13.113718000000
966.080017000  7.900000000 12.894633300000
966.104980000  7.900000000 12.671441100000
966.130005000  7.900000000 12.444481800000
966.154968000  7.900000000 12.214080800000
966.179993000  7.900000000 11.980564100000
966.205017000  7.900000000 11.744237900000
966.229980000  7.900000000 11.505414000000
966.255005000  7.900000000 11.264395700000
966.279968000  7.900000000 11.021492000000
966.304993000  7.900000000 10.777008100000
966.330017000  7.900000000 10.531256700000
966.354980000  7.900000000 10.284563100000
966.380005000  7.900000000 10.037245800000
966.404968000  7.900000000 9.789646150000
966.429993000  7.900000000 9.542101860000
966.455017000  7.900000000 9.294970510000
966.479980000  7.900000000 9.048607830000
966.505005000  7.900000000 8.803388600000
966.529968000  7.900000000 8.559679030000
966.554993000  7.900000000 8.317861560000
966.580017000  7.900000000 8.078313830000
966.604980000  7.900000000 7.841410640000
966.630005000  7.900000000 7.607524870000
966.654968000  7.900000000 7.377027510000
966.679993000  7.900000000 7.150277140000
966.705017000  7.900000000 6.927619460000
966.729980000  7.900000000 6.709387300000
966.755005000  7.900000000 6.495894910000
966.779968000  7.900000000 6.287436010000
966.804993000  7.900000000 6.084283350000
966.830017000  7.900000000 5.886683940000
966.854980000  7.900000000 5.694857600000
966.880005000  7.900000000 5.509001260000
966.904968000  7.900000000 5.329278950000
966.929993000  7.900000000 5.155828480000
966.955017000  7.900000000 4.988755700000
966.979980000  7.900000000 4.828141210000
967.005005000  7.900000000 4.674034600000
967.029968000  7.900000000 4.526459220000
967.054993000  7.900000000 4.385408880000
967.080017000  7.900000000 4.250853540000
967.104980000  7.900000000 4.122744080000
967.130005000  7.900000000 4.001003270000
967.154968000  7.900000000 3.885537860000
967.179993000  7.900000000 3.776235100000
967.205017000  7.900000000 3.672969100000
967.229980000  7.900000000 3.575599430000
967.255005000  7.900000000 3.483974700000
967.279968000  7.900000000 3.397936340000
967.304993000  7.900000000 3.317315580000
967.330017000  7.900000000 3.241942170000
967.354980000  7.900000000 3.171639440000
967.380005000  7.900000000 3.106230740000
967.404968000  7.900000000 3.045538430000
967.429993000  7.900000000 2.989382980000
967.455017000  7.900000000 2.937587020000
967.479980000  7.900000000 2.889976260000
967.505005000  7.900000000 2.846376420000
967.529968000  7.900000000 2.806617980000
967.554993000  7.900000000 2.770532370000
967.580017000  7.900000000 2.737957950000
967.604980000  7.900000000 2.708734510000
967.630005000  7.900000000 2.682708020000
967.654968000  7.900000000 2.659726860000
967.679993000  7.900000000 2.639644620000
967.705017000  7.900000000 2.622317550000
967.729980000  7.900000000 2.607611180000
967.755005000  7.900000000 2.595389370000
967.779968000  7.900000000 2.585524320000
967.804993000  7.900000000 2.577892070000
967.830017000  7.900000000 2.572373390000
967.854980000  7.900000000 2.568853380000
967.880005000  7.900000000 2.567221640000
967.904968000  7.900000000 2.567373990000
967.929993000  7.900000000 2.569210530000
967.955017000  7.900000000 2.572637320000
967.979980000  7.900000000 2.577564950000
968.005005000  7.900000000 2.583910700000
968.029968000  7.900000000 2.591597320000
968.054993000  7.900000000 2.600555900000
968.080017000  7.900000000 2.610721830000
968.104980000  7.900000000 2.622037410000
968.130005000  7.900000000 2.634452340000
968.154968000  7.900000000 2.647923470000
968.179993000  7.900000000 2.662415740000
968.205017000  7.900000000 2.677898650000
968.229980000  7.900000000 2.694351200000
968.255005000  7.900000000 2.711757180000
968.279968000  7.900000000 2.730108740000
968.304993000  7.900000000 2.749403480000
968.330017000  7.900000000 2.769645930000
968.354980000  7.900000000 2.790845390000
968.380005000  7.900000000 2.813017370000
968.404968000  7.900000000 2.836182120000
968.429993000  7.900000000 2.860364440000
968.455017000  7.900000000 2.885591980000
968.479980000  7.900000000 2.911898370000
968.505005000  7.900000000 2.939315800000
968.529968000  7.900000000 2.967880960000
968.554993000  7.900000000 2.997630600000
968.580017000  7.900000000 3.028601880000
968.604980000  7.900000000 3.060829160000
968.630005000  7.900000000 3.094348190000
968.654968000  7.900000000 3.129189250000
968.679993000  7.900000000 3.165381430000
968.705017000  7.900000000 3.202948330000
968.729980000  7.900000000 3.241909030000
968.755005000  7.900000000 3.282276630000
968.779968000  7.900000000 3.324058770000
968.804993000  7.900000000 3.367255690000
968.830017000  7.900000000 3.411860470000
968.854980000  7.900000000 3.457858560000
968.880005000  7.900000000 3.505228760000
968.904968000  7.900000000 3.553940770000
968.929993000  7.900000000 3.603956220000
968.955017000  7.900000000 3.655231710000
968.979980000  7.900000000 3.707713600000
969.005005000  7.900000000 3.761340380000
969.029968000  7.900000000 3.816048380000
969.054993000  7.900000000 3.871761800000
969.080017000  7.900000000 3.928405050000
969.104980000  7.900000000 3.985892530000
969.130005000  7.900000000 4.044137950000
969.154968000  7.900000000 4.103048800000
969.179993000  7.900000000 4.162531850000
969.205017000  7.900000000 4.222489360000
969.229980000  7.900000000 4.282823560000
969.255005000  7.900000000 4.343435760000
969.279968000  7.900000000 4.404225350000
969.304993000  7.900000000 4.465092180000
969.330017000  7.900000000 4.525935650000
969.354980000  7.900000000 4.586656090000
969.380005000  7.900000000 4.647154330000
969.404968000  7.900000000 4.707332130000
969.429993000  7.900000000 4.767093180000
969.455017000  7.900000000 4.826338290000
969.479980000  7.900000000 4.884976390000
969.505005000  7.900000000 4.942908760000
969.529968000  7.900000000 5.000045300000
969.554993000  7.900000000 5.056293490000
969.580017000  7.900000000 5.111559390000
969.604980000  7.900000000 5.165753360000
969.630005000  7.900000000 5.218785290000
969.654968000  7.900000000 5.270564080000
969.679993000  7.900000000 5.321001050000
969.705017000  7.900000000 5.370010380000
969.729980000  7.900000000 5.417503830000
969.755005000  7.900000000 5.463398930000
969.779968000  7.900000000 5.507611750000
969.804993000  7.900000000 5.550063610000
969.830017000  7.900000000 5.590682030000
969.854980000  7.900000000 5.629400250000
969.880005000  7.900000000 5.666155340000
969.904968000  7.900000000 5.700895790000
969.929993000  7.900000000 5.733580590000
969.955017000  7.900000000 5.764178750000
969.979980000  7.900000000 5.792675020000
970.005005000  7.900000000 5.819065570000
970.029968000  7.900000000 5.843366150000
970.054993000  7.900000000 5.865608690000
970.080017000  7.900000000 5.885842800000
970.104980000  7.900000000 5.904132370000
970.130005000  7.900000000 5.920566080000
970.154968000  7.900000000 5.935248370000
970.179993000  7.900000000 5.948296070000
970.205017000  7.900000000 5.959849360000
970.229980000  7.900000000 5.970057490000
970.255005000  7.900000000 5.979085920000
970.279968000  7.900000000 5.987110610000
970.304993000  7.900000000 5.994318960000
970.330017000  7.900000000 6.000897410000
970.354980000  7.900000000 6.007049080000
970.380005000  7.900000000 6.012969020000
970.404968000  7.900000000 6.018860340000
970.429993000  7.900000000 6.024922850000
970.455017000  7.900000000 6.031353000000
970.479980000  7.900000000 6.038342950000
970.505005000  7.900000000 6.046082970000
970.529968000  7.900000000 6.054753780000
970.554993000  7.900000000 6.064533230000
970.580017000  7.900000000 6.075589660000
970.604980000  7.900000000 6.088085650000
970.630005000  7.900000000 6.102172850000
970.654968000  7.900000000 6.118001940000
970.679993000  7.900000000 6.135711190000
970.705017000  7.900000000 6.155429840000
970.729980000  7.900000000 6.177284720000
970.755005000  7.900000000 6.201388360000
970.779968000  7.900000000 6.227852820000
970.804993000  7.900000000 6.256772990000
970.830017000  7.900000000 6.288244250000
970.854980000  7.900000000 6.322341440000
970.880005000  7.900000000 6.359133720000
970.904968000  7.900000000 6.398673530000
970.929993000  7.900000000 6.441004280000
970.955017000  7.900000000 6.486144540000
970.979980000  7.900000000 6.534102440000
971.005005000  7.900000000 6.584864140000
971.029968000  7.900000000 6.638392450000
971.054993000  7.900000000 6.694633960000
971.080017000  7.900000000 6.753506180000
971.104980000  7.900000000 6.814905640000
971.130005000  7.900000000 6.878705500000
971.154968000  7.900000000 6.944753170000
971.179993000  7.900000000 7.012875080000
971.205017000  7.900000000 7.082873340000
971.229980000  7.900000000 7.154536250000
971.255005000  7.900000000 7.227628230000
971.279968000  7.900000000 7.301902290000
971.304993000  7.900000000 7.377100470000
971.330017000  7.900000000 7.452961440000
971.354980000  7.900000000 7.529217240000
971.380005000  7.900000000 7.605603220000
971.404968000  7.900000000 7.681869510000
971.429993000  7.900000000 7.757767200000
971.455017000  7.900000000 7.833073620000
971.479980000  7.900000000 7.907580850000
971.505005000  7.900000000 7.981110570000
971.529968000  7.900000000 8.053508760000
971.554993000  7.900000000 8.124656680000
971.580017000  7.900000000 8.194463730000
971.604980000  7.900000000 8.262874600000
971.630005000  7.900000000 8.329869270000
971.654968000  7.900000000 8.395458220000
971.679993000  7.900000000 8.459692960000
971.705017000  7.900000000 8.522647860000
971.729980000  7.900000000 8.584436420000
971.755005000  7.900000000 8.645192150000
971.779968000  7.900000000 8.705080990000
971.804993000  7.900000000 8.764289860000
971.830017000  7.900000000 8.823021890000
971.854980000  7.900000000 8.881501200000
971.880005000  7.900000000 8.939971920000
971.904968000  7.900000000 8.998675350000
971.929993000  7.900000000 9.057875630000
971.955017000  7.900000000 9.117829320000
971.979980000  7.900000000 9.178807260000
972.005005000  7.900000000 9.241069790000
972.029968000  7.900000000 9.304886820000
972.054993000  7.900000000 9.370517730000
972.080017000  7.900000000 9.438214300000
972.104980000  7.900000000 9.508231160000
972.130005000  7.900000000 9.580802920000
972.154968000  7.900000000 9.656165120000
972.179993000  7.900000000 9.734538080000
972.205017000  7.900000000 9.816131590000
972.229980000  7.900000000 9.901146890000
972.255005000  7.900000000 9.989773750000
972.279968000  7.900000000 10.082185700000
972.304993000  7.900000000 10.178546000000
972.330017000  7.900000000 10.279007900000
972.354980000  7.900000000 10.383707000000
972.380005000  7.900000000 10.492774000000
972.404968000  7.900000000 10.606312800000
972.429993000  7.900000000 10.724427200000
972.455017000  7.900000000 10.847197500000
972.479980000  7.900000000 10.974693300000
972.505005000  7.900000000 11.106973600000
972.529968000  7.900000000 11.244074800000
972.554993000  7.900000000 11.386035000000
972.580017000  7.900000000 11.532865500000
972.604980000  7.900000000 11.684572200000
972.630005000  7.900000000 11.841142700000
972.654968000  7.900000000 12.002552000000
972.679993000  7.900000000 12.168756500000
972.705017000  7.900000000 12.339706400000
972.729980000  7.900000000 12.515323600000
972.755005000  7.900000000 12.695522300000
972.779968000  7.900000000 12.880181300000
972.804993000  7.900000000 13.069164300000
972.830017000  7.900000000 13.262309100000
972.854980000  7.900000000 13.459415400000
972.880005000  7.900000000 13.660259200000
972.904968000  7.900000000 13.864569700000
972.929993000  7.900000000 14.072039600000
972.955017000  7.900000000 14.282318100000
972.979980000  7.900000000 14.494998000000
973.005005000  7.900000000 14.709634800000
973.029968000  7.900000000 14.925709700000
973.054993000  7.900000000 15.142672500000
973.080017000  7.900000000 15.359882400000
973.104980000  7.900000000 15.576672600000
973.130005000  7.900000000 15.792302100000
973.154968000  7.900000000 16.005975700000
973.179993000  7.900000000 16.216856000000
973.205017000  7.900000000 16.424062700000
973.229980000  7.900000000 16.626653700000
973.255005000  7.900000000 16.823684700000
973.279968000  7.900000000 17.014175400000
973.304993000  7.900000000 17.197160700000
973.330017000  7.900000000 17.371648800000
973.354980000  7.900000000 17.536695500000
973.380005000  7.900000000 17.691366200000
973.404968000  7.900000000 17.834796900000
973.429993000  7.900000000 17.966178900000
973.455017000  7.900000000 18.084779700000
973.479980000  7.900000000 18.189958600000
973.505005000  7.900000000 18.281177500000
973.529968000  7.900000000 18.358003600000
973.554993000  7.900000000 18.420122100000
973.580017000  7.900000000 18.467346200000
973.604980000  7.900000000 18.499595600000
973.630005000  7.900000000 18.516935300000
973.654968000  7.900000000 18.519519800000
973.679993000  7.900000000 18.507644700000
973.705017000  7.900000000 18.481679900000
973.729980000  7.900000000 18.442127200000
973.755005000  7.900000000 18.389535900000
973.779968000  7.900000000 18.324562100000
973.804993000  7.900000000 18.247898100000
973.830017000  7.900000000 18.160333600000
973.854980000  7.900000000 18.062660200000
973.880005000  7.900000000 17.955734300000
973.904968000  7.900000000 17.840429300000
973.929993000  7.900000000 17.717655200000
973.955017000  7.900000000 17.588335000000
973.979980000  7.900000000 17.453386300000
974.005005000  7.900000000 17.313758900000
974.029968000  7.900000000 17.170383500000
974.054993000  7.900000000 17.024198500000
974.080017000  7.900000000 16.876125300000
974.104980000  7.900000000 16.727079400000
974.130005000  7.900000000 16.577949500000
974.154968000  7.900000000 16.429603600000
974.179993000  7.900000000 16.282875100000
974.205017000  7.900000000 16.138570800000
974.229980000  7.900000000 15.997431800000
974.255005000  7.900000000 15.860186600000
974.279968000  7.900000000 15.727478000000
974.304993000  7.900000000 15.599909800000
974.330017000  7.900000000 15.478017800000
974.354980000  7.900000000 15.362278000000
974.380005000  7.900000000 15.253083200000
974.404968000  7.900000000 15.150767300000
974.429993000  7.900000000 15.055598300000
974.455017000  7.900000000 14.967752500000
974.479980000  7.900000000 14.887340500000
974.505005000  7.900000000 14.814397800000
974.529968000  7.900000000 14.748897600000
974.554993000  7.900000000 14.690724400000
974.580017000  7.900000000 14.639714200000
974.604980000  7.900000000 14.595613500000
974.630005000  7.900000000 14.558130300000
974.654968000  7.900000000 14.526896500000
974.679993000  7.900000000 14.501484900000
974.705017000  7.900000000 14.481446300000
974.729980000  7.900000000 14.466255200000
974.755005000  7.900000000 14.455352800000
974.779968000  7.900000000 14.448147800000
974.804993000  7.900000000 14.444017400000
974.830017000  7.900000000 14.442318000000
974.854980000  7.900000000 14.442387600000
974.880005000  7.900000000 14.443552000000
974.904968000  7.900000000 14.445135100000
974.929993000  7.900000000 14.446472200000
974.955017000  7.900000000 14.446912800000
974.979980000  7.900000000 14.445815100000
975.005005000  7.900000000 14.442585900000
975.029968000  7.900000000 14.436657000000
975.054993000  7.900000000 14.427503600000
975.080017000  7.900000000 14.414652800000
975.104980000  7.900000000 14.397687000000
975.130005000  7.900000000 14.376242600000
975.154968000  7.900000000 14.350019500000
975.179993000  7.900000000 14.318782800000
975.205017000  7.900000000 14.282337200000
975.229980000  7.900000000 14.240572000000
975.255005000  7.900000000 14.193418500000
975.279968000  7.900000000 14.140872000000
975.304993000  7.900000000 14.082959200000
975.330017000  7.900000000 14.019770600000
975.354980000  7.900000000 13.951433200000
975.380005000  7.900000000 13.878098500000
975.404968000  7.900000000 13.799968700000
975.429993000  7.900000000 13.717249900000
975.455017000  7.900000000 13.630185100000
975.479980000  7.900000000 13.539023400000
975.505005000  7.900000000 13.444032700000
975.529968000  7.900000000 13.345479000000
975.554993000  7.900000000 13.243643800000
975.580017000  7.900000000 13.138794900000
975.604980000  7.900000000 13.031216600000
975.630005000  7.900000000 12.921168300000
975.654968000  7.900000000 12.808923700000
975.679993000  7.900000000 12.694739300000
975.705017000  7.900000000 12.578867000000
975.729980000  7.900000000 12.461550700000
975.755005000  7.900000000 12.343030000000
975.779968000  7.900000000 12.223543200000
975.804993000  7.900000000 12.103325800000
975.830017000  7.900000000 11.982613600000
975.854980000  7.900000000 11.861636200000
975.880005000  7.900000000 11.740644500000
975.904968000  7.900000000 11.619875000000
975.929993000  7.900000000 11.499583200000
975.955017000  7.900000000 11.380031600000
975.979980000  7.900000000 11.261496500000
976.005005000  7.900000000 11.144258500000
976.029968000  7.900000000 11.028618800000
976.054993000  7.900000000 10.914890300000
976.080017000  7.900000000 10.803398100000
976.104980000  7.900000000 10.694479900000
976.130005000  7.900000000 10.588485700000
976.154968000  7.900000000 10.485781700000
976.179993000  7.900000000 10.386739700000
976.205017000  7.900000000 10.291740400000
976.229980000  7.900000000 10.201177600000
976.255005000  7.900000000 10.115441300000
976.279968000  7.900000000 10.034933100000
976.304993000  7.900000000 9.960054400000
976.330017000  7.900000000 9.891201020000
976.354980000  7.900000000 9.828769680000
976.380005000  7.900000000 9.773151400000
976.404968000  7.900000000 9.724725720000
976.429993000  7.900000000 9.683864590000
976.455017000  7.900000000 9.650932310000
976.479980000  7.900000000 9.626269340000
976.505005000  7.900000000 9.610210420000
976.529968000  7.900000000 9.603063580000
976.554993000  7.900000000 9.605123520000
976.580017000  7.900000000 9.616653440000
976.604980000  7.900000000 9.637899400000
976.630005000  7.900000000 9.669077870000
976.654968000  7.900000000 9.710378650000
976.679993000  7.900000000 9.761961940000
976.705017000  7.900000000 9.823951720000
976.729980000  7.900000000 9.896448140000
976.755005000  7.900000000 9.979505540000
976.779968000  7.900000000 10.073149700000
976.804993000  7.900000000 10.177356700000
976.830017000  7.900000000 10.292079900000
976.854980000  7.900000000 10.417221100000
976.880005000  7.900000000 10.552637100000
976.904968000  7.900000000 10.698149700000
976.929993000  7.900000000 10.853532800000
976.955017000  7.900000000 11.018520400000
976.979980000  7.900000000 11.192798600000
977.005005000  7.900000000 11.376011800000
977.029968000  7.900000000 11.567763300000
977.054993000  7.900000000 11.767614400000
977.080017000  7.900000000 11.975089100000
977.104980000  7.900000000 12.189683000000
977.130005000  7.900000000 12.410861000000
977.154968000  7.900000000 12.638055800000
977.179993000  7.900000000 12.870690300000
977.205017000  7.900000000 13.108174300000
977.229980000  7.900000000 13.349916500000
977.255005000  7.900000000 13.595315000000
977.279968000  7.900000000 13.843786200000
977.304993000  7.900000000 14.094765700000
977.330017000  7.900000000 14.347706800000
977.354980000  7.900000000 14.602092700000
977.380005000  7.900000000 14.857449500000
977.404968000  7.900000000 15.113338500000
977.429993000  7.900000000 15.369376200000
977.455017000  7.900000000 15.625220300000
977.479980000  7.900000000 15.880585700000
977.505005000  7.900000000 16.135238600000
977.529968000  7.900000000 16.389005700000
977.554993000  7.900000000 16.641754200000
977.580017000  7.900000000 16.893407800000
977.604980000  7.900000000 17.143943800000
977.630005000  7.900000000 17.393369700000
977.654968000  7.900000000 17.641731300000
977.679993000  7.900000000 17.889125800000
977.705017000  7.900000000 18.135656400000
977.729980000  7.900000000 18.381465900000
977.755005000  7.900000000 18.626705200000
977.779968000  7.900000000 18.871534300000
977.804993000  7.900000000 19.116127000000
977.830017000  7.900000000 19.360651000000
977.854980000  7.900000000 19.605274200000
977.880005000  7.900000000 19.850160600000
977.904968000  7.900000000 20.095453300000
977.929993000  7.900000000 20.341276200000
977.955017000  7.900000000 20.587738000000
977.979980000  7.900000000 20.834920900000
978.005005000  7.900000000 21.082899100000
978.029968000  7.900000000 21.331680300000
978.054993000  7.900000000 21.581289300000
978.080017000  7.900000000 21.831682200000
978.104980000  7.900000000 22.082817100000
978.130005000  7.900000000 22.334611900000
978.154968000  7.900000000 22.586956000000
978.179993000  7.900000000 22.839727400000
978.205017000  7.900000000 23.092802000000
978.229980000  7.900000000 23.346017800000
978.255005000  7.900000000 23.599235500000
978.279968000  7.900000000 23.852302600000
978.304993000  7.900000000 24.105087300000
978.330017000  7.900000000 24.357463800000
978.354980000  7.900000000 24.609348300000
978.380005000  7.900000000 24.860696800000
978.404968000  7.900000000 25.111505500000
978.429993000  7.900000000 25.361820200000
978.455017000  7.900000000 25.611763000000
978.479980000  7.900000000 25.861501700000
978.505005000  7.900000000 26.111307100000
978.529968000  7.900000000 26.361513100000
978.554993000  7.900000000 26.612546900000
978.580017000  7.900000000 26.864921600000
978.604980000  7.900000000 27.119245500000
978.630005000  7.900000000 27.376194000000
978.654968000  7.900000000 27.636547100000
978.679993000  7.900000000 27.901166900000
978.705017000  7.900000000 28.170984300000
978.729980000  7.900000000 28.447006200000
978.755005000  7.900000000 28.730327600000
978.779968000  7.900000000 29.022068000000
978.804993000  7.900000000 29.323427200000
978.830017000  7.900000000 29.635637300000
978.854980000  7.900000000 29.959974300000
978.880005000  7.900000000 30.297735200000
978.904968000  7.900000000 30.650236100000
978.929993000  7.900000000 31.018812200000
978.955017000  7.900000000 31.404800400000
978.979980000  7.900000000 31.809534100000
979.005005000  7.900000000 32.234340700000
979.029968000  7.900000000 32.680549600000
979.054993000  7.900000000 33.149410200000
979.080017000  7.900000000 33.642200500000
979.104980000  7.900000000 34.160141000000
979.130005000  7.900000000 34.704422000000
979.154968000  7.900000000 35.276172600000
979.179993000  7.900000000 35.876464800000
979.205017000  7.900000000 36.506340000000
979.229980000  7.900000000 37.166725200000
979.255005000  7.900000000 37.858501400000
979.279968000  7.900000000 38.582439400000
979.304993000  7.900000000 39.339256300000
979.330017000  7.900000000 40.129516600000
979.354980000  7.900000000 40.953693400000
979.380005000  7.900000000 41.812149000000
979.404968000  7.900000000 42.705104800000
979.429993000  7.900000000 43.632652300000
979.455017000  7.900000000 44.594715100000
979.479980000  7.900000000 45.591068300000
979.505005000  7.900000000 46.621349300000
979.529968000  7.900000000 47.684986100000
979.554993000  7.900000000 48.781295800000
979.580017000  7.900000000 49.909347500000
979.604980000  7.900000000 51.068119000000
979.630005000  7.900000000 52.256355300000
979.654968000  7.900000000 53.472652400000
979.679993000  7.900000000 54.715446500000
979.705017000  7.900000000 55.983078000000
979.729980000  7.900000000 57.273654900000
979.755005000  7.900000000 58.585231800000
979.779968000  7.900000000 59.915775300000
979.804993000  7.900000000 61.263065300000
979.830017000  7.900000000 62.624904600000
979.854980000  7.900000000 63.998977700000
979.880005000  7.900000000 65.383010900000
979.904968000  7.900000000 66.774612400000
979.929993000  7.900000000 68.171485900000
979.955017000  7.900000000 69.571304300000
979.979980000  7.900000000 70.971748400000
980.005005000  7.900000000 72.370704700000
980.029968000  7.900000000 73.765983600000
980.054993000  7.900000000 75.155509900000
980.080017000  7.900000000 76.537338300000
980.104980000  7.900000000 77.909614600000
980.130005000  7.900000000 79.270607000000
980.154968000  7.900000000 80.618698100000
980.179993000  7.900000000 81.952453600000
980.205017000  7.900000000 83.270446800000
980.229980000  7.900000000 84.571472200000
980.255005000  7.900000000 85.854354900000
980.279968000  7.900000000 87.118179300000
980.304993000  7.900000000 88.362014800000
980.330017000  7.900000000 89.585067700000
980.354980000  7.900000000 90.786682100000
980.380005000  7.900000000 91.966133100000
980.404968000  7.900000000 93.122940100000
980.429993000  7.900000000 94.256576500000
980.455017000  7.900000000 95.366630600000
980.479980000  7.900000000 96.452629100000
980.505005000  7.900000000 97.514152500000
980.529968000  7.900000000 98.550659200000
980.554993000  7.900000000 99.561798100000
980.580017000  7.900000000 100.546989000000
980.604980000  7.900000000 101.505692000000
980.630005000  7.900000000 102.437256000000
980.654968000  7.900000000 103.341064000000
980.679993000  7.900000000 104.216125000000
980.705017000  7.900000000 105.061630000000
980.729980000  7.900000000 105.876541000000
980.755005000  7.900000000 106.659561000000
980.779968000  7.900000000 107.409470000000
980.804993000  7.900000000 108.124863000000
980.830017000  7.900000000 108.804138000000
980.854980000  7.900000000 109.445435000000
980.880005000  7.900000000 110.047050000000
980.904968000  7.900000000 110.606941000000
980.929993000  7.900000000 111.123169000000
980.955017000  7.900000000 111.593628000000
980.979980000  7.900000000 112.016075000000
981.005005000  7.900000000 112.388443000000
981.029968000  7.900000000 112.708473000000
981.054993000  7.900000000 112.974121000000
981.080017000  7.900000000 113.183411000000
981.104980000  7.900000000 113.334480000000
981.130005000  7.900000000 113.425606000000
981.154968000  7.900000000 113.455254000000
981.179993000  7.900000000 113.422142000000
981.205017000  7.900000000 113.325310000000
981.229980000  7.900000000 113.164055000000
981.255005000  7.900000000 112.938049000000
981.279968000  7.900000000 112.647293000000
981.304993000  7.900000000 112.292007000000
981.330017000  7.900000000 111.873009000000
981.354980000  7.900000000 111.391479000000
981.380005000  7.900000000 110.848778000000
981.404968000  7.900000000 110.246788000000
981.429993000  7.900000000 109.587944000000
981.455017000  7.900000000 108.874603000000
981.479980000  7.900000000 108.109802000000
981.505005000  7.900000000 107.296997000000
981.529968000  7.900000000 106.439690000000
981.554993000  7.900000000 105.541794000000
981.580017000  7.900000000 104.607376000000
981.604980000  7.900000000 103.641022000000
981.630005000  7.900000000 102.647179000000
981.654968000  7.900000000 101.630737000000
981.679993000  7.900000000 100.596725000000
981.705017000  7.900000000 99.550216700000
981.729980000  7.900000000 98.496383700000
981.755005000  7.900000000 97.440559400000
981.779968000  7.900000000 96.388137800000
981.804993000  7.900000000 95.344375600000
981.830017000  7.900000000 94.314666700000
981.854980000  7.900000000 93.304206800000
981.880005000  7.900000000 92.318367000000
981.904968000  7.900000000 91.362197900000
981.929993000  7.900000000 90.440750100000
981.955017000  7.900000000 89.558868400000
981.979980000  7.900000000 88.721229600000
982.005005000  7.900000000 87.932525600000
982.029968000  7.900000000 87.196998600000
982.054993000  7.900000000 86.518844600000
982.080017000  7.900000000 85.901977500000
982.104980000  7.900000000 85.350051900000
982.130005000  7.900000000 84.866577100000
982.154968000  7.900000000 84.454765300000
982.179993000  7.900000000 84.117706300000
982.205017000  7.900000000 83.858139000000
982.229980000  7.900000000 83.678588900000
982.255005000  7.900000000 83.581443800000
982.279968000  7.900000000 83.568924000000
982.304993000  7.900000000 83.643005400000
982.330017000  7.900000000 83.805358900000
982.354980000  7.900000000 84.057678200000
982.380005000  7.900000000 84.401413000000
982.404968000  7.900000000 84.837883000000
982.429993000  7.900000000 85.368202200000
982.455017000  7.900000000 85.993476900000
982.479980000  7.900000000 86.714530900000
982.505005000  7.900000000 87.532142600000
982.529968000  7.900000000 88.447036700000
982.554993000  7.900000000 89.459747300000
982.580017000  7.900000000 90.570732100000
982.604980000  7.900000000 91.780433700000
982.630005000  7.900000000 93.089027400000
982.654968000  7.900000000 94.496818500000
982.679993000  7.900000000 96.003814700000
982.705017000  7.900000000 97.610000600000
982.729980000  7.900000000 99.315208400000
982.755005000  7.900000000 101.119308000000
982.779968000  7.900000000 103.021927000000
982.804993000  7.900000000 105.022621000000
982.830017000  7.900000000 107.120728000000
982.854980000  7.900000000 109.315704000000
982.880005000  7.900000000 111.606499000000
982.904968000  7.900000000 113.992226000000
982.929993000  7.900000000 116.471558000000
982.955017000  7.900000000 119.043282000000
982.979980000  7.900000000 121.705780000000
983.005005000  7.900000000 124.457130000000
983.029968000  7.900000000 127.295685000000
983.054993000  7.900000000 130.218842000000
983.080017000  7.900000000 133.224319000000
983.104980000  7.900000000 136.309280000000
983.130005000  7.900000000 139.470703000000
983.154968000  7.900000000 142.705170000000
983.179993000  7.900000000 146.008896000000
983.205017000  7.900000000 149.377960000000
983.229980000  7.900000000 152.807983000000
983.255005000  7.900000000 156.294037000000
983.279968000  7.900000000 159.831009000000
983.304993000  7.900000000 163.413239000000
983.330017000  7.900000000 167.034805000000
983.354980000  7.900000000 170.689194000000
983.380005000  7.900000000 174.370041000000
983.404968000  7.900000000 178.069748000000
983.429993000  7.900000000 181.781174000000
983.455017000  7.900000000 185.496231000000
983.479980000  7.900000000 189.206757000000
983.505005000  7.900000000 192.904327000000
983.529968000  7.900000000 196.580582000000
983.554993000  7.900000000 200.227020000000
983.580017000  7.900000000 203.834366000000
983.604980000  7.900000000 207.394440000000
983.630005000  7.900000000 210.898529000000
983.654968000  7.900000000 214.338516000000
983.679993000  7.900000000 217.706177000000
983.705017000  7.900000000 220.994339000000
983.729980000  7.900000000 224.195770000000
983.755005000  7.900000000 227.304474000000
983.779968000  7.900000000 230.314743000000
983.804993000  7.900000000 233.222000000000
983.830017000  7.900000000 236.022232000000
983.854980000  7.900000000 238.712692000000
983.880005000  7.900000000 241.291824000000
983.904968000  7.900000000 243.758301000000
983.929993000  7.900000000 246.112610000000
983.955017000  7.900000000 248.355804000000
983.979980000  7.900000000 250.489822000000
984.005005000  7.900000000 252.518494000000
984.029968000  7.900000000 254.444946000000
984.054993000  7.900000000 256.274506000000
984.080017000  7.900000000 258.011536000000
984.104980000  7.900000000 259.662628000000
984.130005000  7.900000000 261.234009000000
984.154968000  7.900000000 262.732666000000
984.179993000  7.900000000 264.165192000000
984.205017000  7.900000000 265.539276000000
984.229980000  7.900000000 266.861542000000
984.255005000  7.900000000 268.139862000000
984.279968000  7.900000000 269.380920000000
984.304993000  7.900000000 270.591736000000
984.330017000  7.900000000 271.779053000000
984.354980000  7.900000000 272.949188000000
984.380005000  7.900000000 274.108398000000
984.404968000  7.900000000 275.263214000000
984.429993000  7.900000000 276.418365000000
984.455017000  7.900000000 277.578979000000
984.479980000  7.900000000 278.750061000000
984.505005000  7.900000000 279.935944000000
984.529968000  7.900000000 281.140137000000
984.554993000  7.900000000 282.366791000000
984.580017000  7.900000000 283.618927000000
984.604980000  7.900000000 284.899139000000
984.630005000  7.900000000 286.210480000000
984.654968000  7.900000000 287.555084000000
984.679993000  7.900000000 288.934143000000
984.705017000  7.900000000 290.349762000000
984.729980000  7.900000000 291.802673000000
984.755005000  7.900000000 293.294067000000
984.779968000  7.900000000 294.823792000000
984.804993000  7.900000000 296.392090000000
984.830017000  7.900000000 297.997620000000
984.854980000  7.900000000 299.640656000000
984.880005000  7.900000000 301.319397000000
984.904968000  7.900000000 303.031677000000
984.929993000  7.900000000 304.775055000000
984.955017000  7.900000000 306.546906000000
984.979980000  7.900000000 308.342682000000
985.005005000  7.900000000 310.158722000000
985.029968000  7.900000000 311.990326000000
985.054993000  7.900000000 313.831604000000
985.080017000  7.900000000 315.677185000000
985.104980000  7.900000000 317.518738000000
985.130005000  7.900000000 319.349152000000
985.154968000  7.900000000 321.160095000000
985.179993000  7.900000000 322.942108000000
985.205017000  7.900000000 324.684967000000
985.229980000  7.900000000 326.378876000000
985.255005000  7.900000000 328.011902000000
985.279968000  7.900000000 329.572632000000
985.304993000  7.900000000 331.048248000000
985.330017000  7.900000000 332.425903000000
985.354980000  7.900000000 333.692963000000
985.380005000  7.900000000 334.834900000000
985.404968000  7.900000000 335.838043000000
985.429993000  7.900000000 336.688446000000
985.455017000  7.900000000 337.373230000000
985.479980000  7.900000000 337.878174000000
985.505005000  7.900000000 338.190430000000
985.529968000  7.900000000 338.297272000000
985.554993000  7.900000000 338.187500000000
985.580017000  7.900000000 337.850220000000
985.604980000  7.900000000 337.274170000000
985.630005000  7.900000000 336.454071000000
985.654968000  7.900000000 335.380280000000
985.679993000  7.900000000 334.048248000000
985.705017000  7.900000000 332.454132000000
985.729980000  7.900000000 330.595215000000
985.755005000  7.900000000 328.470947000000
985.779968000  7.900000000 326.082794000000
985.804993000  7.900000000 323.433594000000
985.830017000  7.900000000 320.527405000000
985.854980000  7.900000000 317.370056000000
985.880005000  7.900000000 313.969818000000
985.904968000  7.900000000 310.334503000000
985.929993000  7.900000000 306.475433000000
985.955017000  7.900000000 302.402527000000
985.979980000  7.900000000 298.127991000000
986.005005000  7.900000000 293.665222000000
986.029968000  7.900000000 289.026917000000
986.054993000  7.900000000 284.227173000000
986.080017000  7.900000000 279.280365000000
986.104980000  7.900000000 274.199768000000
986.130005000  7.900000000 269.000702000000
986.154968000  7.900000000 263.696808000000
986.179993000  7.900000000 258.302582000000
986.205017000  7.900000000 252.831314000000
986.229980000  7.900000000 247.297440000000
986.255005000  7.900000000 241.712753000000
986.279968000  7.900000000 236.089737000000
986.304993000  7.900000000 230.441284000000
986.330017000  7.900000000 224.777359000000
986.354980000  7.900000000 219.110001000000
986.380005000  7.900000000 213.448669000000
986.404968000  7.900000000 207.802261000000
986.429993000  7.900000000 202.180450000000
986.455017000  7.900000000 196.591095000000
986.479980000  7.900000000 191.041794000000
986.505005000  7.900000000 185.539337000000
986.529968000  7.900000000 180.090576000000
986.554993000  7.900000000 174.701172000000
986.580017000  7.900000000 169.376602000000
986.604980000  7.900000000 164.122330000000
986.630005000  7.900000000 158.942688000000
986.654968000  7.900000000 153.842300000000
986.679993000  7.900000000 148.825378000000
986.705017000  7.900000000 143.895615000000
986.729980000  7.900000000 139.056961000000
986.755005000  7.900000000 134.312881000000
986.779968000  7.900000000 129.666840000000
986.804993000  7.900000000 125.122078000000
986.830017000  7.900000000 120.682106000000
986.854980000  7.900000000 116.349625000000
986.880005000  7.900000000 112.128006000000
986.904968000  7.900000000 108.019958000000
986.929993000  7.900000000 104.028137000000
986.955017000  7.900000000 100.155533000000
986.979980000  7.900000000 96.404197700000
987.005005000  7.900000000 92.776718100000
987.029968000  7.900000000 89.275085400000
987.054993000  7.900000000 85.901207000000
987.080017000  7.900000000 82.656700100000
987.104980000  7.900000000 79.542915300000
987.130005000  7.900000000 76.560936000000
987.154968000  7.900000000 73.711509700000
987.179993000  7.900000000 70.995140100000
987.205017000  7.900000000 68.412002600000
987.229980000  7.900000000 65.961891200000
987.255005000  7.900000000 63.644355800000
987.279968000  7.900000000 61.458461800000
987.304993000  7.900000000 59.403129600000
987.330017000  7.900000000 57.476871500000
987.354980000  7.900000000 55.677940400000
987.380005000  7.900000000 54.004280100000
987.404968000  7.900000000 52.453620900000
987.429993000  7.900000000 51.023395500000
987.455017000  7.900000000 49.710830700000
987.479980000  7.900000000 48.512939500000
987.505005000  7.900000000 47.426582300000
987.529968000  7.900000000 46.448398600000
987.554993000  7.900000000 45.574905400000
987.580017000  7.900000000 44.802509300000
987.604980000  7.900000000 44.127422300000
987.630005000  7.900000000 43.545837400000
987.654968000  7.900000000 43.053806300000
987.679993000  7.900000000 42.647316000000
987.705017000  7.900000000 42.322242700000
987.729980000  7.900000000 42.074451400000
987.755005000  7.900000000 41.899684900000
987.779968000  7.900000000 41.793659200000
987.804993000  7.900000000 41.752014200000
987.830017000  7.900000000 41.770366700000
987.854980000  7.900000000 41.844291700000
987.880005000  7.900000000 41.969280200000
987.904968000  7.900000000 42.140846300000
987.929993000  7.900000000 42.354461700000
987.955017000  7.900000000 42.605564100000
987.979980000  7.900000000 42.889633200000
988.005005000  7.900000000 43.202125500000
988.029968000  7.900000000 43.538570400000
988.054993000  7.900000000 43.894542700000
988.080017000  7.900000000 44.265659300000
988.104980000  7.900000000 44.647674600000
988.130005000  7.900000000 45.036457100000
988.154968000  7.900000000 45.428012800000
988.179993000  7.900000000 45.818580600000
988.205017000  7.900000000 46.204509700000
988.229980000  7.900000000 46.582511900000
988.255005000  7.900000000 46.949462900000
988.279968000  7.900000000 47.302539800000
988.304993000  7.900000000 47.639205900000
988.330017000  7.900000000 47.957286800000
988.354980000  7.900000000 48.254825600000
988.380005000  7.900000000 48.530239100000
988.404968000  7.900000000 48.782291400000
988.429993000  7.900000000 49.009986900000
988.455017000  7.900000000 49.212696100000
988.479980000  7.900000000 49.389995600000
988.505005000  7.900000000 49.541774700000
988.529968000  7.900000000 49.668148000000
988.554993000  7.900000000 49.769458800000
988.580017000  7.900000000 49.846160900000
988.604980000  7.900000000 49.898956300000
988.630005000  7.900000000 49.928649900000
988.654968000  7.900000000 49.936100000000
988.679993000  7.900000000 49.922279400000
988.705017000  7.900000000 49.888195000000
988.729980000  7.900000000 49.834831200000
988.755005000  7.900000000 49.763256100000
988.779968000  7.900000000 49.674408000000
988.804993000  7.900000000 49.569290200000
988.830017000  7.900000000 49.448814400000
988.854980000  7.900000000 49.313766500000
988.880005000  7.900000000 49.164947500000
988.904968000  7.900000000 49.003047900000
988.929993000  7.900000000 48.828685800000
988.955017000  7.900000000 48.642398800000
988.979980000  7.900000000 48.444625900000
989.005005000  7.900000000 48.235786400000
989.029968000  7.900000000 48.016235400000
989.054993000  7.900000000 47.786224400000
989.080017000  7.900000000 47.545959500000
989.104980000  7.900000000 47.295639000000
989.130005000  7.900000000 47.035438500000
989.154968000  7.900000000 46.765441900000
989.179993000  7.900000000 46.485786400000
989.205017000  7.900000000 46.196594200000
989.229980000  7.900000000 45.897949200000
989.255005000  7.900000000 45.590011600000
989.279968000  7.900000000 45.272926300000
989.304993000  7.900000000 44.946842200000
989.330017000  7.900000000 44.611984300000
989.354980000  7.900000000 44.268631000000
989.380005000  7.900000000 43.917118100000
989.404968000  7.900000000 43.557712600000
989.429993000  7.900000000 43.190879800000
989.455017000  7.900000000 42.817104300000
989.479980000  7.900000000 42.436893500000
989.505005000  7.900000000 42.050792700000
989.529968000  7.900000000 41.659454300000
989.554993000  7.900000000 41.263500200000
989.580017000  7.900000000 40.863624600000
989.604980000  7.900000000 40.460521700000
989.630005000  7.900000000 40.054893500000
989.654968000  7.900000000 39.647434200000
989.679993000  7.900000000 39.238822900000
989.705017000  7.900000000 38.829719500000
989.729980000  7.900000000 38.420726800000
989.755005000  7.900000000 38.012394000000
989.779968000  7.900000000 37.605224600000
989.804993000  7.900000000 37.199649800000
989.830017000  7.900000000 36.796020500000
989.854980000  7.900000000 36.394580800000
989.880005000  7.900000000 35.995521500000
989.904968000  7.900000000 35.598899800000
989.929993000  7.900000000 35.204750100000
989.955017000  7.900000000 34.812912000000
989.979980000  7.900000000 34.423210100000
990.005005000  7.900000000 34.035347000000
990.029968000  7.900000000 33.648937200000
990.054993000  7.900000000 33.263526900000
990.080017000  7.900000000 32.878570600000
990.104980000  7.900000000 32.493434900000
990.130005000  7.900000000 32.107486700000
990.154968000  7.900000000 31.719984100000
990.179993000  7.900000000 31.330169700000
990.205017000  7.900000000 30.937255900000
990.229980000  7.900000000 30.540447200000
990.255005000  7.900000000 30.138950300000
990.279968000  7.900000000 29.731964100000
990.304993000  7.900000000 29.318718000000
990.330017000  7.900000000 28.898517600000
990.354980000  7.900000000 28.470687900000
990.380005000  7.900000000 28.034645100000
990.404968000  7.900000000 27.589870500000
990.429993000  7.900000000 27.135963400000
990.455017000  7.900000000 26.672601700000
990.479980000  7.900000000 26.199600200000
990.505005000  7.900000000 25.716867400000
990.529968000  7.900000000 25.224443400000
990.554993000  7.900000000 24.722499800000
990.580017000  7.900000000 24.211320900000
990.604980000  7.900000000 23.691312800000
990.630005000  7.900000000 23.162986800000
990.654968000  7.900000000 22.626983600000
990.679993000  7.900000000 22.084043500000
990.705017000  7.900000000 21.534980800000
990.729980000  7.900000000 20.980728100000
990.755005000  7.900000000 20.422252700000
990.779968000  7.900000000 19.860601400000
990.804993000  7.900000000 19.296865500000
990.830017000  7.900000000 18.732158700000
990.854980000  7.900000000 18.167621600000
990.880005000  7.900000000 17.604408300000
990.904968000  7.900000000 17.043653500000
990.929993000  7.900000000 16.486494100000
990.955017000  7.900000000 15.934016200000
990.979980000  7.900000000 15.387300500000
991.005005000  7.900000000 14.847358700000
991.029968000  7.900000000 14.315150300000
991.054993000  7.900000000 13.791606900000
991.080017000  7.900000000 13.277576400000
991.104980000  7.900000000 12.773851400000
991.130005000  7.900000000 12.281162300000
991.154968000  7.900000000 11.800155600000
991.179993000  7.900000000 11.331450500000
991.205017000  7.900000000 10.875561700000
991.229980000  7.900000000 10.432969100000
991.255005000  7.900000000 10.004079800000
991.279968000  7.900000000 9.589241030000
991.304993000  7.900000000 9.188753130000
991.330017000  7.900000000 8.802860260000
991.354980000  7.900000000 8.431753160000
991.380005000  7.900000000 8.075575830000
991.404968000  7.900000000 7.734429360000
991.429993000  7.900000000 7.408370490000
991.455017000  7.900000000 7.097415450000
991.479980000  7.900000000 6.801541810000
991.505005000  7.900000000 6.520686630000
991.529968000  7.900000000 6.254747390000
991.554993000  7.900000000 6.003591060000
991.580017000  7.900000000 5.767042640000
991.604980000  7.900000000 5.544891360000
991.630005000  7.900000000 5.336890700000
991.654968000  7.900000000 5.142762660000
991.679993000  7.900000000 4.962189200000
991.705017000  7.900000000 4.794822690000
991.729980000  7.900000000 4.640278340000
991.755005000  7.900000000 4.498142240000
991.779968000  7.900000000 4.367966650000
991.804993000  7.900000000 4.249277590000
991.830017000  7.900000000 4.141572480000
991.854980000  7.900000000 4.044322970000
991.880005000  7.900000000 3.956978080000
991.904968000  7.900000000 3.878971100000
991.929993000  7.900000000 3.809715990000
991.955017000  7.900000000 3.748616220000
991.979980000  7.900000000 3.695066690000
992.005005000  7.900000000 3.648455620000
992.029968000  7.900000000 3.608174320000
992.054993000  7.900000000 3.573614840000
992.080017000  7.900000000 3.544176100000
992.104980000  7.900000000 3.519268990000
992.130005000  7.900000000 3.498316530000
992.154968000  7.900000000 3.480760100000
992.179993000  7.900000000 3.466060640000
992.205017000  7.900000000 3.453700780000
992.229980000  7.900000000 3.443189380000
992.255005000  7.900000000 3.434058900000
992.279968000  7.900000000 3.425871850000
992.304993000  7.900000000 3.418221000000
992.330017000  7.900000000 3.410725830000
992.354980000  7.900000000 3.403039220000
992.380005000  7.900000000 3.394843580000
992.404968000  7.900000000 3.385854720000
992.429993000  7.900000000 3.375817540000
992.455017000  7.900000000 3.364509820000
992.479980000  7.900000000 3.351738690000
992.505005000  7.900000000 3.337341310000
992.529968000  7.900000000 3.321184870000
992.554993000  7.900000000 3.303164480000
992.580017000  7.900000000 3.283200980000
992.604980000  7.900000000 3.261242390000
992.630005000  7.900000000 3.237260820000
992.654968000  7.900000000 3.211251020000
992.679993000  7.900000000 3.183229450000
992.705017000  7.900000000 3.153230670000
992.729980000  7.900000000 3.121308090000
992.755005000  7.900000000 3.087531570000
992.779968000  7.900000000 3.051982400000
992.804993000  7.900000000 3.014756200000
992.830017000  7.900000000 2.975957870000
992.854980000  7.900000000 2.935701130000
992.880005000  7.900000000 2.894106150000
992.904968000  7.900000000 2.851298090000
992.929993000  7.900000000 2.807405950000
992.955017000  7.900000000 2.762559180000
992.979980000  7.900000000 2.716890810000
993.005005000  7.900000000 2.670528170000
993.029968000  7.900000000 2.623599290000
993.054993000  7.900000000 2.576231240000
993.080017000  7.900000000 2.528543230000
993.104980000  7.900000000 2.480651860000
993.130005000  7.900000000 2.432667020000
993.154968000  7.900000000 2.384694810000
993.179993000  7.900000000 2.336833000000
993.205017000  7.900000000 2.289174320000
993.229980000  7.900000000 2.241804360000
993.255005000  7.900000000 2.194803710000
993.279968000  7.900000000 2.148245100000
993.304993000  7.900000000 2.102197650000
993.330017000  7.900000000 2.056723590000
993.354980000  7.900000000 2.011880400000
993.380005000  7.900000000 1.967722420000
993.404968000  7.900000000 1.924300670000
993.429993000  7.900000000 1.881661890000
993.455017000  7.900000000 1.839851020000
993.479980000  7.900000000 1.798912880000
993.505005000  7.900000000 1.758892420000
993.529968000  7.900000000 1.719833610000
993.554993000  7.900000000 1.681785230000
993.580017000  7.900000000 1.644795890000
993.604980000  7.900000000 1.608919740000
993.630005000  7.900000000 1.574215530000
993.654968000  7.900000000 1.540747170000
993.679993000  7.900000000 1.508585450000
993.705017000  7.900000000 1.477808120000
993.729980000  7.900000000 1.448500280000
993.755005000  7.900000000 1.420755270000
993.779968000  7.900000000 1.394674660000
993.804993000  7.900000000 1.370368240000
993.830017000  7.900000000 1.347955230000
993.854980000  7.900000000 1.327562330000
993.880005000  7.900000000 1.309326530000
993.904968000  7.900000000 1.293391940000
993.929993000  7.900000000 1.279910450000
993.955017000  7.900000000 1.269041300000
993.979980000  7.900000000 1.260949610000
994.005005000  7.900000000 1.255805850000
994.029968000  7.900000000 1.253784180000
994.054993000  7.900000000 1.255061510000
994.080017000  7.900000000 1.259815690000
994.104980000  7.900000000 1.268224600000
994.130005000  7.900000000 1.280464050000
994.154968000  7.900000000 1.296706320000
994.179993000  7.900000000 1.317118530000
994.205017000  7.900000000 1.341862080000
994.229980000  7.900000000 1.371090890000
994.255005000  7.900000000 1.404949310000
994.279968000  7.900000000 1.443573000000
994.304993000  7.900000000 1.487086650000
994.330017000  7.900000000 1.535604240000
994.354980000  7.900000000 1.589228030000
994.380005000  7.900000000 1.648048040000
994.404968000  7.900000000 1.712143420000
994.429993000  7.900000000 1.781580570000
994.455017000  7.900000000 1.856415270000
994.479980000  7.900000000 1.936691280000
994.505005000  7.900000000 2.022443290000
994.529968000  7.900000000 2.113695620000
994.554993000  7.900000000 2.210465670000
994.580017000  7.900000000 2.312763450000
994.604980000  7.900000000 2.420594220000
994.630005000  7.900000000 2.533957960000
994.654968000  7.900000000 2.652853970000
994.679993000  7.900000000 2.777280810000
994.705017000  7.900000000 2.907237770000
994.729980000  7.900000000 3.042726520000
994.755005000  7.900000000 3.183753730000
994.779968000  7.900000000 3.330330610000
994.804993000  7.900000000 3.482474800000
994.830017000  7.900000000 3.640213730000
994.854980000  7.900000000 3.803582190000
994.880005000  7.900000000 3.972622870000
994.904968000  7.900000000 4.147390840000
994.929993000  7.900000000 4.327953820000
994.955017000  7.900000000 4.514389990000
994.979980000  7.900000000 4.706789970000
995.005005000  7.900000000 4.905260560000
995.029968000  7.900000000 5.109919550000
995.054993000  7.900000000 5.320903300000
995.080017000  7.900000000 5.538360120000
995.104980000  7.900000000 5.762460230000
995.130005000  7.900000000 5.993391040000
995.154968000  7.900000000 6.231354710000
995.179993000  7.900000000 6.476577760000
995.205017000  7.900000000 6.729307170000
995.229980000  7.900000000 6.989811900000
995.255005000  7.900000000 7.258382320000
995.279968000  7.900000000 7.535333630000
995.304993000  7.900000000 7.821004870000
995.330017000  7.900000000 8.115758900000
995.354980000  7.900000000 8.419986720000
995.380005000  7.900000000 8.734100340000
995.404968000  7.900000000 9.058537480000
995.429993000  7.900000000 9.393762590000
995.455017000  7.900000000 9.740259170000
995.479980000  7.900000000 10.098528900000
995.505005000  7.900000000 10.469101000000
995.529968000  7.900000000 10.852504700000
995.554993000  7.900000000 11.249295200000
995.580017000  7.900000000 11.660019900000
995.604980000  7.900000000 12.085232700000
995.630005000  7.900000000 12.525481200000
995.654968000  7.900000000 12.981296500000
995.679993000  7.900000000 13.453184100000
995.705017000  7.900000000 13.941618900000
995.729980000  7.900000000 14.447044400000
995.755005000  7.900000000 14.969831500000
995.779968000  7.900000000 15.510314000000
995.804993000  7.900000000 16.068723700000
995.830017000  7.900000000 16.645233200000
995.854980000  7.900000000 17.239910100000
995.880005000  7.900000000 17.852718400000
995.904968000  7.900000000 18.483503300000
995.929993000  7.900000000 19.132003800000
995.955017000  7.900000000 19.797821000000
995.979980000  7.900000000 20.480434400000
996.005005000  7.900000000 21.179184000000
996.029968000  7.900000000 21.893289600000
996.054993000  7.900000000 22.621830000000
996.080017000  7.900000000 23.363771400000
996.104980000  7.900000000 24.117958100000
996.130005000  7.900000000 24.883106200000
996.154968000  7.900000000 25.657863600000
996.179993000  7.900000000 26.440753900000
996.205017000  7.900000000 27.230236100000
996.229980000  7.900000000 28.024696400000
996.255005000  7.900000000 28.822458300000
996.279968000  7.900000000 29.621791800000
996.304993000  7.900000000 30.420930900000
996.330017000  7.900000000 31.218051900000
996.354980000  7.900000000 32.011364000000
996.380005000  7.900000000 32.798999800000
996.404968000  7.900000000 33.579116800000
996.429993000  7.900000000 34.349861100000
996.455017000  7.900000000 35.109348300000
996.479980000  7.900000000 35.855751000000
996.505005000  7.900000000 36.587242100000
996.529968000  7.900000000 37.302017200000
996.554993000  7.900000000 37.998298600000
996.580017000  7.900000000 38.674377400000
996.604980000  7.900000000 39.328601800000
996.630005000  7.900000000 39.959392500000
996.654968000  7.900000000 40.565246600000
996.679993000  7.900000000 41.144763900000
996.705017000  7.900000000 41.696659100000
996.729980000  7.900000000 42.219821900000
996.755005000  7.900000000 42.713253000000
996.779968000  7.900000000 43.176097900000
996.804993000  7.900000000 43.607692700000
996.830017000  7.900000000 44.007560700000
996.854980000  7.900000000 44.375392900000
996.880005000  7.900000000 44.711097700000
996.904968000  7.900000000 45.014736200000
996.929993000  7.900000000 45.286590600000
996.955017000  7.900000000 45.527172100000
996.979980000  7.900000000 45.737064400000
997.005005000  7.900000000 45.917091400000
997.029968000  7.900000000 46.068203000000
997.054993000  7.900000000 46.191501600000
997.080017000  7.900000000 46.288177500000
997.104980000  7.900000000 46.359558100000
997.130005000  7.900000000 46.406982400000
997.154968000  7.900000000 46.431881000000
997.179993000  7.900000000 46.435737600000
997.205017000  7.900000000 46.419990500000
997.229980000  7.900000000 46.386131300000
997.255005000  7.900000000 46.335601800000
997.279968000  7.900000000 46.269775400000
997.304993000  7.900000000 46.190010100000
997.330017000  7.900000000 46.097621900000
997.354980000  7.900000000 45.993804900000
997.380005000  7.900000000 45.879703500000
997.404968000  7.900000000 45.756362900000
997.429993000  7.900000000 45.624763500000
997.455017000  7.900000000 45.485786400000
997.479980000  7.900000000 45.340236700000
997.505005000  7.900000000 45.188823700000
997.529968000  7.900000000 45.032173200000
997.554993000  7.900000000 44.870838200000
997.580017000  7.900000000 44.705303200000
997.604980000  7.900000000 44.535976400000
997.630005000  7.900000000 44.363227800000
997.654968000  7.900000000 44.187347400000
997.679993000  7.900000000 44.008552600000
997.705017000  7.900000000 43.827068300000
997.729980000  7.900000000 43.643039700000
997.755005000  7.900000000 43.456562000000
997.779968000  7.900000000 43.267730700000
997.804993000  7.900000000 43.076614400000
997.830017000  7.900000000 42.883247400000
997.854980000  7.900000000 42.687637300000
997.880005000  7.900000000 42.489795700000
997.904968000  7.900000000 42.289707200000
997.929993000  7.900000000 42.087356600000
997.955017000  7.900000000 41.882694200000
997.979980000  7.900000000 41.675735500000
998.005005000  7.900000000 41.466400100000
998.029968000  7.900000000 41.254650100000
998.054993000  7.900000000 41.040439600000
998.080017000  7.900000000 40.823722800000
998.104980000  7.900000000 40.604461700000
998.130005000  7.900000000 40.382572200000
998.154968000  7.900000000 40.158012400000
998.179993000  7.900000000 39.930671700000
998.205017000  7.900000000 39.700515700000
998.229980000  7.900000000 39.467422500000
998.255005000  7.900000000 39.231288900000
998.279968000  7.900000000 38.992008200000
998.304993000  7.900000000 38.749439200000
998.330017000  7.900000000 38.503414200000
998.354980000  7.900000000 38.253776600000
998.380005000  7.900000000 38.000324200000
998.404968000  7.900000000 37.742839800000
998.429993000  7.900000000 37.481102000000
998.455017000  7.900000000 37.214843800000
998.479980000  7.900000000 36.943779000000
998.505005000  7.900000000 36.667629200000
998.529968000  7.900000000 36.386055000000
998.554993000  7.900000000 36.098728200000
998.580017000  7.900000000 35.805297900000
998.604980000  7.900000000 35.505413100000
998.630005000  7.900000000 35.198688500000
998.654968000  7.900000000 34.884712200000
998.679993000  7.900000000 34.563098900000
998.705017000  7.900000000 34.233429000000
998.729980000  7.900000000 33.895286600000
998.755005000  7.900000000 33.548255900000
998.779968000  7.900000000 33.191894500000
998.804993000  7.900000000 32.825782800000
998.830017000  7.900000000 32.449485800000
998.854980000  7.900000000 32.062580100000
998.880005000  7.900000000 31.664642300000
998.904968000  7.900000000 31.255243300000
998.929993000  7.900000000 30.833990100000
998.955017000  7.900000000 30.400484100000
998.979980000  7.900000000 29.954353300000
999.005005000  7.900000000 29.495220200000
999.029968000  7.900000000 29.022773700000
999.054993000  7.900000000 28.536726000000
999.080017000  7.900000000 28.036783200000
999.104980000  7.900000000 27.522737500000
999.130005000  7.900000000 26.994466800000
999.154968000  7.900000000 26.451862300000
999.179993000  7.900000000 25.894880300000
999.205017000  7.900000000 25.323591200000
999.229980000  7.900000000 24.738126800000
999.255005000  7.900000000 24.138750100000
999.279968000  7.900000000 23.525816000000
999.304993000  7.900000000 22.899803200000
999.330017000  7.900000000 22.261322000000
999.354980000  7.900000000 21.611118300000
999.380005000  7.900000000 20.950079000000
999.404968000  7.900000000 20.279232000000
999.429993000  7.900000000 19.599754300000
999.455017000  7.900000000 18.912962000000
999.479980000  7.900000000 18.220314000000
999.505005000  7.900000000 17.523376500000
999.529968000  7.900000000 16.823865900000
999.554993000  7.900000000 16.123575200000
999.580017000  7.900000000 15.424396500000
999.604980000  7.900000000 14.728286700000
999.630005000  7.900000000 14.037246700000
999.654968000  7.900000000 13.353303000000
999.679993000  7.900000000 12.678488700000
999.705017000  7.900000000 12.014812500000
999.729980000  7.900000000 11.364235900000
999.755005000  7.900000000 10.728665400000
999.779968000  7.900000000 10.109921500000
999.804993000  7.900000000 9.509721760000
999.830017000  7.900000000 8.929660800000
999.854980000  7.900000000 8.371213910000
999.880005000  7.900000000 7.835700040000
999.904968000  7.900000000 7.324301720000
999.929993000  7.900000000 6.838030340000
999.955017000  7.900000000 6.377745630000
999.979980000  7.900000000 5.944141860000
1000.005000000  7.900000000 5.537750720000
1000.029970000  7.900000000 5.158946990000
1000.054990000  7.900000000 4.807949540000
1000.080020000  7.900000000 4.484829900000
1000.104980000  7.900000000 4.189514640000
1000.130000000  7.900000000 3.921806810000
1000.154970000  7.900000000 3.681375500000
1000.179990000  7.900000000 3.467780830000
1000.205020000  7.900000000 3.280477050000
1000.229980000  7.900000000 3.118825910000
1000.255000000  7.900000000 2.982101440000
1000.279970000  7.900000000 2.869510410000
1000.304990000  7.900000000 2.780193330000
1000.330020000  7.900000000 2.713239670000
1000.354980000  7.900000000 2.667698380000
1000.380000000  7.900000000 2.642586950000
1000.404970000  7.900000000 2.636900420000
1000.429990000  7.900000000 2.649624350000
1000.455020000  7.900000000 2.679740910000
1000.479980000  7.900000000 2.726239440000
1000.505000000  7.900000000 2.788123610000
1000.529970000  7.900000000 2.864423040000
1000.554990000  7.900000000 2.954194070000
1000.580020000  7.900000000 3.056533580000
1000.604980000  7.900000000 3.170582770000
1000.630000000  7.900000000 3.295528890000
1000.654970000  7.900000000 3.430614710000
1000.679990000  7.900000000 3.575140000000
1000.705020000  7.900000000 3.728464600000
1000.729980000  7.900000000 3.890010830000
1000.755000000  7.900000000 4.059264180000
1000.779970000  7.900000000 4.235775950000
1000.804990000  7.900000000 4.419160370000
1000.830020000  7.900000000 4.609094140000
1000.854980000  7.900000000 4.805318360000
1000.880000000  7.900000000 5.007628920000
1000.904970000  7.900000000 5.215881820000
1000.929990000  7.900000000 5.429985050000
1000.955020000  7.900000000 5.649893280000
1000.979980000  7.900000000 5.875605580000
1001.005000000  7.900000000 6.107162480000
1001.029970000  7.900000000 6.344635490000
1001.054990000  7.900000000 6.588126660000
1001.080020000  7.900000000 6.837758060000
1001.104980000  7.900000000 7.093675610000
1001.130000000  7.900000000 7.356035710000
1001.154970000  7.900000000 7.625000950000
1001.179990000  7.900000000 7.900734900000
1001.205020000  7.900000000 8.183403970000
1001.229980000  7.900000000 8.473166470000
1001.255000000  7.900000000 8.770173070000
1001.279970000  7.900000000 9.074560170000
1001.304990000  7.900000000 9.386447910000
1001.330020000  7.900000000 9.705945010000
1001.354980000  7.900000000 10.033136400000
1001.380000000  7.900000000 10.368091600000
1001.404970000  7.900000000 10.710858300000
1001.429990000  7.900000000 11.061471000000
1001.455020000  7.900000000 11.419934300000
1001.479980000  7.900000000 11.786239600000
1001.505000000  7.900000000 12.160367000000
1001.529970000  7.900000000 12.542262100000
1001.554990000  7.900000000 12.931871400000
1001.580020000  7.900000000 13.329110100000
1001.604980000  7.900000000 13.733893400000
1001.630000000  7.900000000 14.146109600000
1001.654970000  7.900000000 14.565651900000
1001.679990000  7.900000000 14.992378200000
1001.705020000  7.900000000 15.426161800000
1001.729980000  7.900000000 15.866851800000
1001.755000000  7.900000000 16.314292900000
1001.779970000  7.900000000 16.768329600000
1001.804990000  7.900000000 17.228801700000
1001.830020000  7.900000000 17.695531800000
1001.854980000  7.900000000 18.168359800000
1001.880000000  7.900000000 18.647111900000
1001.904970000  7.900000000 19.131612800000
1001.929990000  7.900000000 19.621690800000
1001.955020000  7.900000000 20.117176100000
1001.979980000  7.900000000 20.617897000000
1002.005000000  7.900000000 21.123689700000
1002.029970000  7.900000000 21.634397500000
1002.054990000  7.900000000 22.149860400000
1002.080020000  7.900000000 22.669931400000
1002.104980000  7.900000000 23.194473300000
1002.130000000  7.900000000 23.723350500000
1002.154970000  7.900000000 24.256448700000
1002.179990000  7.900000000 24.793659200000
1002.205020000  7.900000000 25.334882700000
1002.229980000  7.900000000 25.880024000000
1002.255000000  7.900000000 26.428998900000
1002.279970000  7.900000000 26.981735200000
1002.304990000  7.900000000 27.538162200000
1002.330020000  7.900000000 28.098238000000
1002.354980000  7.900000000 28.661871000000
1002.380000000  7.900000000 29.229042100000
1002.404970000  7.900000000 29.799676900000
1002.429990000  7.900000000 30.373720200000
1002.455020000  7.900000000 30.951139500000
1002.479980000  7.900000000 31.531869900000
1002.505000000  7.900000000 32.115863800000
1002.529970000  7.900000000 32.703048700000
1002.554990000  7.900000000 33.293392200000
1002.580020000  7.900000000 33.886817900000
1002.604980000  7.900000000 34.483264900000
1002.630000000  7.900000000 35.082687400000
1002.654970000  7.900000000 35.684989900000
1002.679990000  7.900000000 36.290107700000
1002.705020000  7.900000000 36.897968300000
1002.729980000  7.900000000 37.508476300000
1002.755000000  7.900000000 38.121551500000
1002.779970000  7.900000000 38.737102500000
1002.804990000  7.900000000 39.355003400000
1002.830020000  7.900000000 39.975143400000
1002.854980000  7.900000000 40.597396900000
1002.880000000  7.900000000 41.221614800000
1002.904970000  7.900000000 41.847614300000
1002.929990000  7.900000000 42.475238800000
1002.955020000  7.900000000 43.104259500000
1002.979980000  7.900000000 43.734458900000
1003.005000000  7.900000000 44.365600600000
1003.029970000  7.900000000 44.997421300000
1003.054990000  7.900000000 45.629608200000
1003.080020000  7.900000000 46.261859900000
1003.104980000  7.900000000 46.893821700000
1003.130000000  7.900000000 47.525177000000
1003.154970000  7.900000000 48.155506100000
1003.179990000  7.900000000 48.784458200000
1003.205020000  7.900000000 49.411602000000
1003.229980000  7.900000000 50.036521900000
1003.255000000  7.900000000 50.658779100000
1003.279970000  7.900000000 51.277912100000
1003.304990000  7.900000000 51.893474600000
1003.330020000  7.900000000 52.505031600000
1003.354980000  7.900000000 53.112094900000
1003.380000000  7.900000000 53.714199100000
1003.404970000  7.900000000 54.310863500000
1003.429990000  7.900000000 54.901588400000
1003.455020000  7.900000000 55.485946700000
1003.479980000  7.900000000 56.063423200000
1003.505000000  7.900000000 56.633552600000
1003.529970000  7.900000000 57.195835100000
1003.554990000  7.900000000 57.749763500000
1003.580020000  7.900000000 58.294845600000
1003.604980000  7.900000000 58.830581700000
1003.630000000  7.900000000 59.356460600000
1003.654970000  7.900000000 59.871940600000
1003.679990000  7.900000000 60.376476300000
1003.705020000  7.900000000 60.869545000000
1003.729980000  7.900000000 61.350540200000
1003.755000000  7.900000000 61.818855300000
1003.779970000  7.900000000 62.273887600000
1003.804990000  7.900000000 62.715042100000
1003.830020000  7.900000000 63.141628300000
1003.854980000  7.900000000 63.552993800000
1003.880000000  7.900000000 63.948551200000
1003.904970000  7.900000000 64.327529900000
1003.929990000  7.900000000 64.689308200000
1003.955020000  7.900000000 65.033226000000
1003.979980000  7.900000000 65.358650200000
1004.005000000  7.900000000 65.664955100000
1004.029970000  7.900000000 65.951538100000
1004.054990000  7.900000000 66.217910800000
1004.080020000  7.900000000 66.463539100000
1004.104980000  7.900000000 66.688034100000
1004.130000000  7.900000000 66.890983600000
1004.154970000  7.900000000 67.072090100000
1004.179990000  7.900000000 67.231140100000
1004.205020000  7.900000000 67.367958100000
1004.229980000  7.900000000 67.482452400000
1004.255000000  7.900000000 67.574592600000
1004.279970000  7.900000000 67.644409200000
1004.304990000  7.900000000 67.691978500000
1004.330020000  7.900000000 67.717399600000
1004.354980000  7.900000000 67.720855700000
1004.380000000  7.900000000 67.702415500000
1004.404970000  7.900000000 67.662323000000
1004.429990000  7.900000000 67.600662200000
1004.455020000  7.900000000 67.517585800000
1004.479980000  7.900000000 67.413208000000
1004.505000000  7.900000000 67.287490800000
1004.529970000  7.900000000 67.140487700000
1004.554990000  7.900000000 66.972114600000
1004.580020000  7.900000000 66.782211300000
1004.604980000  7.900000000 66.570625300000
1004.630000000  7.900000000 66.337104800000
1004.654970000  7.900000000 66.081382800000
1004.679990000  7.900000000 65.803146400000
1004.705020000  7.900000000 65.502098100000
1004.729980000  7.900000000 65.177948000000
1004.755000000  7.900000000 64.830352800000
1004.779970000  7.900000000 64.459167500000
1004.804990000  7.900000000 64.064079300000
1004.830020000  7.900000000 63.645057700000
1004.854980000  7.900000000 63.202140800000
1004.880000000  7.900000000 62.735420200000
1004.904970000  7.900000000 62.245227800000
1004.929990000  7.900000000 61.731895400000
1004.955020000  7.900000000 61.196029700000
1004.979980000  7.900000000 60.638423900000
1005.005000000  7.900000000 60.059932700000
1005.029970000  7.900000000 59.461624100000
1005.054990000  7.900000000 58.844741800000
1005.080020000  7.900000000 58.210624700000
1005.104980000  7.900000000 57.560756700000
1005.130000000  7.900000000 56.896671300000
1005.154970000  7.900000000 56.220035600000
1005.179990000  7.900000000 55.532524100000
1005.205020000  7.900000000 54.835960400000
1005.229980000  7.900000000 54.132019000000
1005.255000000  7.900000000 53.422412900000
1005.279970000  7.900000000 52.708847000000
1005.304990000  7.900000000 51.993007700000
1005.330020000  7.900000000 51.276401500000
1005.354980000  7.900000000 50.560527800000
1005.380000000  7.900000000 49.846782700000
1005.404970000  7.900000000 49.136413600000
1005.429990000  7.900000000 48.430614500000
1005.455020000  7.900000000 47.730369600000
1005.479980000  7.900000000 47.036598200000
1005.505000000  7.900000000 46.350040400000
1005.529970000  7.900000000 45.671424900000
1005.554990000  7.900000000 45.001228300000
1005.580020000  7.900000000 44.339908600000
1005.604980000  7.900000000 43.687751800000
1005.630000000  7.900000000 43.044925700000
1005.654970000  7.900000000 42.411582900000
1005.679990000  7.900000000 41.787719700000
1005.705020000  7.900000000 41.173278800000
1005.729980000  7.900000000 40.568096200000
1005.755000000  7.900000000 39.972015400000
1005.779970000  7.900000000 39.384754200000
1005.804990000  7.900000000 38.806045500000
1005.830020000  7.900000000 38.235538500000
1005.854980000  7.900000000 37.672866800000
1005.880000000  7.900000000 37.117687200000
1005.904970000  7.900000000 36.569595300000
1005.929990000  7.900000000 36.028205900000
1005.955020000  7.900000000 35.493148800000
1005.979980000  7.900000000 34.964073200000
1006.005000000  7.900000000 34.440605200000
1006.029970000  7.900000000 33.922416700000
1006.054990000  7.900000000 33.409221600000
1006.080020000  7.900000000 32.900753000000
1006.104980000  7.900000000 32.396755200000
1006.130000000  7.900000000 31.897049000000
1006.154970000  7.900000000 31.401453000000
1006.179990000  7.900000000 30.909845400000
1006.205020000  7.900000000 30.422136300000
1006.229980000  7.900000000 29.938274400000
1006.255000000  7.900000000 29.458227200000
1006.279970000  7.900000000 28.982032800000
1006.304990000  7.900000000 28.509693100000
1006.330020000  7.900000000 28.041324600000
1006.354980000  7.900000000 27.577041600000
1006.380000000  7.900000000 27.116952900000
1006.404970000  7.900000000 26.661216700000
1006.429990000  7.900000000 26.210006700000
1006.455020000  7.900000000 25.763532600000
1006.479980000  7.900000000 25.322000500000
1006.505000000  7.900000000 24.885635400000
1006.529970000  7.900000000 24.454673800000
1006.554990000  7.900000000 24.029359800000
1006.580020000  7.900000000 23.609962500000
1006.604980000  7.900000000 23.196727800000
1006.630000000  7.900000000 22.789918900000
1006.654970000  7.900000000 22.389787700000
1006.679990000  7.900000000 21.996595400000
1006.705020000  7.900000000 21.610603300000
1006.729980000  7.900000000 21.232061400000
1006.755000000  7.900000000 20.861200300000
1006.779970000  7.900000000 20.498266200000
1006.804990000  7.900000000 20.143487900000
1006.830020000  7.900000000 19.797052400000
1006.854980000  7.900000000 19.459192300000
1006.880000000  7.900000000 19.130069700000
1006.904970000  7.900000000 18.809864000000
1006.929990000  7.900000000 18.498722100000
1006.955020000  7.900000000 18.196765900000
1006.979980000  7.900000000 17.904108000000
1007.005000000  7.900000000 17.620838200000
1007.029970000  7.900000000 17.347017300000
1007.054990000  7.900000000 17.082674000000
1007.080020000  7.900000000 16.827825500000
1007.104980000  7.900000000 16.582458500000
1007.130000000  7.900000000 16.346529000000
1007.154970000  7.900000000 16.119974100000
1007.179990000  7.900000000 15.902695700000
1007.205020000  7.900000000 15.694584800000
1007.229980000  7.900000000 15.495511100000
1007.255000000  7.900000000 15.305314100000
1007.279970000  7.900000000 15.123828900000
1007.304990000  7.900000000 14.950866700000
1007.330020000  7.900000000 14.786242500000
1007.354980000  7.900000000 14.629748300000
1007.380000000  7.900000000 14.481180200000
1007.404970000  7.900000000 14.340333000000
1007.429990000  7.900000000 14.206999800000
1007.455020000  7.900000000 14.080991700000
1007.479980000  7.900000000 13.962107700000
1007.505000000  7.900000000 13.850180600000
1007.529970000  7.900000000 13.745051400000
1007.554990000  7.900000000 13.646579700000
1007.580020000  7.900000000 13.554636000000
1007.604980000  7.900000000 13.469121900000
1007.630000000  7.900000000 13.389963200000
1007.654970000  7.900000000 13.317101500000
1007.679990000  7.900000000 13.250500700000
1007.705020000  7.900000000 13.190147400000
1007.729980000  7.900000000 13.136051200000
1007.755000000  7.900000000 13.088237800000
1007.779970000  7.900000000 13.046745300000
1007.804990000  7.900000000 13.011628200000
1007.830020000  7.900000000 12.982947300000
1007.854980000  7.900000000 12.960775400000
1007.880000000  7.900000000 12.945187600000
1007.904970000  7.900000000 12.936261200000
1007.929990000  7.900000000 12.934065800000
1007.955020000  7.900000000 12.938672100000
1007.979980000  7.900000000 12.950144800000
1008.005000000  7.900000000 12.968536400000
1008.029970000  7.900000000 12.993886000000
1008.054990000  7.900000000 13.026230800000
1008.080020000  7.900000000 13.065586100000
1008.104980000  7.900000000 13.111962300000
1008.130000000  7.900000000 13.165350900000
1008.154970000  7.900000000 13.225736600000
1008.179990000  7.900000000 13.293090800000
1008.205020000  7.900000000 13.367382000000
1008.229980000  7.900000000 13.448564500000
1008.255000000  7.900000000 13.536599200000
1008.279970000  7.900000000 13.631442100000
1008.304990000  7.900000000 13.733052300000
1008.330020000  7.900000000 13.841396300000
1008.354980000  7.900000000 13.956455200000
1008.380000000  7.900000000 14.078221300000
1008.404970000  7.900000000 14.206706000000
1008.429990000  7.900000000 14.341944700000
1008.455020000  7.900000000 14.483996400000
1008.479980000  7.900000000 14.632947900000
1008.505000000  7.900000000 14.788921400000
1008.529970000  7.900000000 14.952073100000
1008.554990000  7.900000000 15.122583400000
1008.580020000  7.900000000 15.300677300000
1008.604980000  7.900000000 15.486614200000
1008.630000000  7.900000000 15.680690800000
1008.654970000  7.900000000 15.883234000000
1008.679990000  7.900000000 16.094606400000
1008.705020000  7.900000000 16.315200800000
1008.729980000  7.900000000 16.545433000000
1008.755000000  7.900000000 16.785749400000
1008.779970000  7.900000000 17.036605800000
1008.804990000  7.900000000 17.298481000000
1008.830020000  7.900000000 17.571855500000
1008.854980000  7.900000000 17.857223500000
1008.880000000  7.900000000 18.155078900000
1008.904970000  7.900000000 18.465898500000
1008.929990000  7.900000000 18.790161100000
1008.955020000  7.900000000 19.128318800000
1008.979980000  7.900000000 19.480821600000
1009.005000000  7.900000000 19.848077800000
1009.029970000  7.900000000 20.230495500000
1009.054990000  7.900000000 20.628429400000
1009.080020000  7.900000000 21.042224900000
1009.104980000  7.900000000 21.472194700000
1009.130000000  7.900000000 21.918590500000
1009.154970000  7.900000000 22.381670000000
1009.179990000  7.900000000 22.861627600000
1009.205020000  7.900000000 23.358623500000
1009.229980000  7.900000000 23.872787500000
1009.255000000  7.900000000 24.404209100000
1009.279970000  7.900000000 24.952941900000
1009.304990000  7.900000000 25.518966700000
1009.330020000  7.900000000 26.102253000000
1009.354980000  7.900000000 26.702695800000
1009.380000000  7.900000000 27.320169400000
1009.404970000  7.900000000 27.954479200000
1009.429990000  7.900000000 28.605367700000
1009.455020000  7.900000000 29.272569700000
1009.479980000  7.900000000 29.955713300000
1009.505000000  7.900000000 30.654401800000
1009.529970000  7.900000000 31.368150700000
1009.554990000  7.900000000 32.096450800000
1009.580020000  7.900000000 32.838733700000
1009.604980000  7.900000000 33.594318400000
1009.630000000  7.900000000 34.362533600000
1009.654970000  7.900000000 35.142585800000
1009.679990000  7.900000000 35.933692900000
1009.705020000  7.900000000 36.734951000000
1009.729980000  7.900000000 37.545414000000
1009.755000000  7.900000000 38.364116700000
1009.779970000  7.900000000 39.189991000000
1009.804990000  7.900000000 40.021949800000
1009.830020000  7.900000000 40.858833300000
1009.854980000  7.900000000 41.699512500000
1009.880000000  7.900000000 42.542732200000
1009.904970000  7.900000000 43.387268100000
1009.929990000  7.900000000 44.231880200000
1009.955020000  7.900000000 45.075279200000
1009.979980000  7.900000000 45.916168200000
1010.005000000  7.900000000 46.753280600000
1010.029970000  7.900000000 47.585414900000
1010.054990000  7.900000000 48.411235800000
1010.080020000  7.900000000 49.229606600000
1010.104980000  7.900000000 50.039306600000
1010.130000000  7.900000000 50.839244800000
1010.154970000  7.900000000 51.628364600000
1010.179990000  7.900000000 52.405677800000
1010.205020000  7.900000000 53.170238500000
1010.229980000  7.900000000 53.921257000000
1010.255000000  7.900000000 54.657985700000
1010.279970000  7.900000000 55.379726400000
1010.304990000  7.900000000 56.085945100000
1010.330020000  7.900000000 56.776187900000
1010.354980000  7.900000000 57.450031300000
1010.380000000  7.900000000 58.107177700000
1010.404970000  7.900000000 58.747386900000
1010.429990000  7.900000000 59.370517700000
1010.455020000  7.900000000 59.976512900000
1010.479980000  7.900000000 60.565288500000
1010.505000000  7.900000000 61.136955300000
1010.529970000  7.900000000 61.691513100000
1010.554990000  7.900000000 62.229129800000
1010.580020000  7.900000000 62.749942800000
1010.604980000  7.900000000 63.254116100000
1010.630000000  7.900000000 63.741874700000
1010.654970000  7.900000000 64.213371300000
1010.679990000  7.900000000 64.668815600000
1010.705020000  7.900000000 65.108406100000
1010.729980000  7.900000000 65.532280000000
1010.755000000  7.900000000 65.940658600000
1010.779970000  7.900000000 66.333656300000
1010.804990000  7.900000000 66.711410500000
1010.830020000  7.900000000 67.073936500000
1010.854980000  7.900000000 67.421287500000
1010.880000000  7.900000000 67.753440900000
1010.904970000  7.900000000 68.070327800000
1010.929990000  7.900000000 68.371879600000
1010.955020000  7.900000000 68.657821700000
1010.979980000  7.900000000 68.927887000000
1011.005000000  7.900000000 69.181816100000
1011.029970000  7.900000000 69.419120800000
1011.054990000  7.900000000 69.639328000000
1011.080020000  7.900000000 69.841842700000
1011.104980000  7.900000000 70.026062000000
1011.130000000  7.900000000 70.191101100000
1011.154970000  7.900000000 70.336196900000
1011.179990000  7.900000000 70.460388200000
1011.205020000  7.900000000 70.562721300000
1011.229980000  7.900000000 70.642089800000
1011.255000000  7.900000000 70.697303800000
1011.279970000  7.900000000 70.727226300000
1011.304990000  7.900000000 70.730583200000
1011.330020000  7.900000000 70.706138600000
1011.354980000  7.900000000 70.652542100000
1011.380000000  7.900000000 70.568588300000
1011.404970000  7.900000000 70.453002900000
1011.429990000  7.900000000 70.304527300000
1011.455020000  7.900000000 70.122016900000
1011.479980000  7.900000000 69.904403700000
1011.505000000  7.900000000 69.650779700000
1011.529970000  7.900000000 69.360290500000
1011.554990000  7.900000000 69.032272300000
1011.580020000  7.900000000 68.666229200000
1011.604980000  7.900000000 68.261871300000
1011.630000000  7.900000000 67.819061300000
1011.654970000  7.900000000 67.337959300000
1011.679990000  7.900000000 66.818893400000
1011.705020000  7.900000000 66.262474100000
1011.729980000  7.900000000 65.669433600000
1011.755000000  7.900000000 65.040824900000
1011.779970000  7.900000000 64.377922100000
1011.804990000  7.900000000 63.682128900000
1011.830020000  7.900000000 62.955173500000
1011.854980000  7.900000000 62.198833500000
1011.880000000  7.900000000 61.415092500000
1011.904970000  7.900000000 60.606144000000
1011.929990000  7.900000000 59.774154700000
1011.955020000  7.900000000 58.921493500000
1011.979980000  7.900000000 58.050563800000
1012.005000000  7.900000000 57.163787800000
1012.029970000  7.900000000 56.263553600000
1012.054990000  7.900000000 55.352375000000
1012.080020000  7.900000000 54.432636300000
1012.104980000  7.900000000 53.506721500000
1012.130000000  7.900000000 52.576931000000
1012.154970000  7.900000000 51.645446800000
1012.179990000  7.900000000 50.714435600000
1012.205020000  7.900000000 49.785968800000
1012.229980000  7.900000000 48.861930800000
1012.255000000  7.900000000 47.944183300000
1012.279970000  7.900000000 47.034458200000
1012.304990000  7.900000000 46.134376500000
1012.330020000  7.900000000 45.245395700000
1012.354980000  7.900000000 44.368969000000
1012.380000000  7.900000000 43.506389600000
1012.404970000  7.900000000 42.658813500000
1012.429990000  7.900000000 41.827335400000
1012.455020000  7.900000000 41.012954700000
1012.479980000  7.900000000 40.216571800000
1012.505000000  7.900000000 39.438961000000
1012.529970000  7.900000000 38.680839500000
1012.554990000  7.900000000 37.942825300000
1012.580020000  7.900000000 37.225441000000
1012.604980000  7.900000000 36.529125200000
1012.630000000  7.900000000 35.854244200000
1012.654970000  7.900000000 35.201072700000
1012.679990000  7.900000000 34.569793700000
1012.705020000  7.900000000 33.960514100000
1012.729980000  7.900000000 33.373260500000
1012.755000000  7.900000000 32.808002500000
1012.779970000  7.900000000 32.264617900000
1012.804990000  7.900000000 31.742931400000
1012.830020000  7.900000000 31.242681500000
1012.854980000  7.900000000 30.763549800000
1012.880000000  7.900000000 30.305154800000
1012.904970000  7.900000000 29.867046400000
1012.929990000  7.900000000 29.448720900000
1012.955020000  7.900000000 29.049619700000
1012.979980000  7.900000000 28.669118900000
1013.005000000  7.900000000 28.306558600000
1013.029970000  7.900000000 27.961233100000
1013.054990000  7.900000000 27.632370000000
1013.080020000  7.900000000 27.319173800000
1013.104980000  7.900000000 27.020811100000
1013.130000000  7.900000000 26.736400600000
1013.154970000  7.900000000 26.465059300000
1013.179990000  7.900000000 26.205839200000
1013.205020000  7.900000000 25.957792300000
1013.229980000  7.900000000 25.719949700000
1013.255000000  7.900000000 25.491342500000
1013.279970000  7.900000000 25.270963700000
1013.304990000  7.900000000 25.057806000000
1013.330020000  7.900000000 24.850900700000
1013.354980000  7.900000000 24.649219500000
1013.380000000  7.900000000 24.451789900000
1013.404970000  7.900000000 24.257619900000
1013.429990000  7.900000000 24.065763500000
1013.455020000  7.900000000 23.875270800000
1013.479980000  7.900000000 23.685224500000
1013.505000000  7.900000000 23.494716600000
1013.529970000  7.900000000 23.302909900000
1013.554990000  7.900000000 23.108959200000
1013.580020000  7.900000000 22.912080800000
1013.604980000  7.900000000 22.711545900000
1013.630000000  7.900000000 22.506660500000
1013.654970000  7.900000000 22.296810200000
1013.679990000  7.900000000 22.081396100000
1013.705020000  7.900000000 21.859941500000
1013.729980000  7.900000000 21.632011400000
1013.755000000  7.900000000 21.397243500000
1013.779970000  7.900000000 21.155357400000
1013.804990000  7.900000000 20.906164200000
1013.830020000  7.900000000 20.649553300000
1013.854980000  7.900000000 20.385505700000
1013.880000000  7.900000000 20.114080400000
1013.904970000  7.900000000 19.835447300000
1013.929990000  7.900000000 19.549829500000
1013.955020000  7.900000000 19.257562600000
1013.979980000  7.900000000 18.959064500000
1014.005000000  7.900000000 18.654829000000
1014.029970000  7.900000000 18.345426600000
1014.054990000  7.900000000 18.031496000000
1014.080020000  7.900000000 17.713747000000
1014.104980000  7.900000000 17.392944300000
1014.130000000  7.900000000 17.069908100000
1014.154970000  7.900000000 16.745498700000
1014.179990000  7.900000000 16.420612300000
1014.205020000  7.900000000 16.096172300000
1014.229980000  7.900000000 15.773115200000
1014.255000000  7.900000000 15.452390700000
1014.279970000  7.900000000 15.134937300000
1014.304990000  7.900000000 14.821682000000
1014.330020000  7.900000000 14.513544100000
1014.354980000  7.900000000 14.211396200000
1014.380000000  7.900000000 13.916089100000
1014.404970000  7.900000000 13.628405600000
1014.429990000  7.900000000 13.349097300000
1014.455020000  7.900000000 13.078840300000
1014.479980000  7.900000000 12.818260200000
1014.505000000  7.900000000 12.567900700000
1014.529970000  7.900000000 12.328243300000
1014.554990000  7.900000000 12.099693300000
1014.580020000  7.900000000 11.882566500000
1014.604980000  7.900000000 11.677126900000
1014.630000000  7.900000000 11.483544300000
1014.654970000  7.900000000 11.301926600000
1014.679990000  7.900000000 11.132297500000
1014.705020000  7.900000000 10.974623700000
1014.729980000  7.900000000 10.828799200000
1014.755000000  7.900000000 10.694672600000
1014.779970000  7.900000000 10.572021500000
1014.804990000  7.900000000 10.460587500000
1014.830020000  7.900000000 10.360054000000
1014.854980000  7.900000000 10.270074800000
1014.880000000  7.900000000 10.190264700000
1014.904970000  7.900000000 10.120217300000
1014.929990000  7.900000000 10.059494000000
1014.955020000  7.900000000 10.007649400000
1014.979980000  7.900000000 9.964212420000
1015.005000000  7.900000000 9.928719520000
1015.029970000  7.900000000 9.900688170000
1015.054990000  7.900000000 9.879650120000
1015.080020000  7.900000000 9.865134240000
1015.104980000  7.900000000 9.856677060000
1015.130000000  7.900000000 9.853831290000
1015.154970000  7.900000000 9.856151580000
1015.179990000  7.900000000 9.863212590000
1015.205020000  7.900000000 9.874602320000
1015.229980000  7.900000000 9.889927860000
1015.255000000  7.900000000 9.908802990000
1015.279970000  7.900000000 9.930864330000
1015.304990000  7.900000000 9.955766680000
1015.330020000  7.900000000 9.983159070000
1015.354980000  7.900000000 10.012719200000
1015.380000000  7.900000000 10.044125600000
1015.404970000  7.900000000 10.077062600000
1015.429990000  7.900000000 10.111222300000
1015.455020000  7.900000000 10.146293600000
1015.479980000  7.900000000 10.181973500000
1015.505000000  7.900000000 10.217950800000
1015.529970000  7.900000000 10.253905300000
1015.554990000  7.900000000 10.289528800000
1015.580020000  7.900000000 10.324486700000
1015.604980000  7.900000000 10.358450900000
1015.630000000  7.900000000 10.391080900000
1015.654970000  7.900000000 10.422034300000
1015.679990000  7.900000000 10.450950600000
1015.705020000  7.900000000 10.477472300000
1015.729980000  7.900000000 10.501244500000
1015.755000000  7.900000000 10.521898300000
1015.779970000  7.900000000 10.539072000000
1015.804990000  7.900000000 10.552410100000
1015.830020000  7.900000000 10.561562500000
1015.854980000  7.900000000 10.566186000000
1015.880000000  7.900000000 10.565950400000
1015.904970000  7.900000000 10.560548800000
1015.929990000  7.900000000 10.549694100000
1015.955020000  7.900000000 10.533117300000
1015.979980000  7.900000000 10.510598200000
1016.005000000  7.900000000 10.481915500000
1016.029970000  7.900000000 10.446912800000
1016.054990000  7.900000000 10.405459400000
1016.080020000  7.900000000 10.357472400000
1016.104980000  7.900000000 10.302904100000
1016.130000000  7.900000000 10.241756400000
1016.154970000  7.900000000 10.174080800000
1016.179990000  7.900000000 10.099967000000
1016.205020000  7.900000000 10.019554100000
1016.229980000  7.900000000 9.933034900000
1016.255000000  7.900000000 9.840639110000
1016.279970000  7.900000000 9.742646220000
1016.304990000  7.900000000 9.639376640000
1016.330020000  7.900000000 9.531189920000
1016.354980000  7.900000000 9.418492320000
1016.380000000  7.900000000 9.301712040000
1016.404970000  7.900000000 9.181322100000
1016.429990000  7.900000000 9.057818410000
1016.455020000  7.900000000 8.931724550000
1016.479980000  7.900000000 8.803581240000
1016.505000000  7.900000000 8.673949240000
1016.529970000  7.900000000 8.543405530000
1016.554990000  7.900000000 8.412529950000
1016.580020000  7.900000000 8.281906130000
1016.604980000  7.900000000 8.152115820000
1016.630000000  7.900000000 8.023734090000
1016.654970000  7.900000000 7.897319320000
1016.679990000  7.900000000 7.773413180000
1016.705020000  7.900000000 7.652530190000
1016.729980000  7.900000000 7.535161970000
1016.755000000  7.900000000 7.421755310000
1016.779970000  7.900000000 7.312722680000
1016.804990000  7.900000000 7.208435060000
1016.830020000  7.900000000 7.109209540000
1016.854980000  7.900000000 7.015317920000
1016.880000000  7.900000000 6.926975730000
1016.904970000  7.900000000 6.844340320000
1016.929990000  7.900000000 6.767520900000
1016.955020000  7.900000000 6.696567060000
1016.979980000  7.900000000 6.631472110000
1017.005000000  7.900000000 6.572181700000
1017.029970000  7.900000000 6.518584730000
1017.054990000  7.900000000 6.470526700000
1017.080020000  7.900000000 6.427812580000
1017.104980000  7.900000000 6.390200140000
1017.130000000  7.900000000 6.357423310000
1017.154970000  7.900000000 6.329184060000
1017.179990000  7.900000000 6.305160520000
1017.205020000  7.900000000 6.285016060000
1017.229980000  7.900000000 6.268404480000
1017.255000000  7.900000000 6.254976270000
1017.279970000  7.900000000 6.244383340000
1017.304990000  7.900000000 6.236283300000
1017.330020000  7.900000000 6.230353830000
1017.354980000  7.900000000 6.226283550000
1017.380000000  7.900000000 6.223788740000
1017.404970000  7.900000000 6.222615240000
1017.429990000  7.900000000 6.222539900000
1017.455020000  7.900000000 6.223372940000
1017.479980000  7.900000000 6.224964620000
1017.505000000  7.900000000 6.227204320000
1017.529970000  7.900000000 6.230019570000
1017.554990000  7.900000000 6.233385090000
1017.580020000  7.900000000 6.237315650000
1017.604980000  7.900000000 6.241863730000
1017.630000000  7.900000000 6.247131820000
1017.654970000  7.900000000 6.253250120000
1017.679990000  7.900000000 6.260392190000
1017.705020000  7.900000000 6.268761630000
1017.729980000  7.900000000 6.278594490000
1017.755000000  7.900000000 6.290151600000
1017.779970000  7.900000000 6.303715710000
1017.804990000  7.900000000 6.319583890000
1017.830020000  7.900000000 6.338072300000
1017.854980000  7.900000000 6.359495640000
1017.880000000  7.900000000 6.384173870000
1017.904970000  7.900000000 6.412424090000
1017.929990000  7.900000000 6.444551470000
1017.955020000  7.900000000 6.480845450000
1017.979980000  7.900000000 6.521579270000
1018.005000000  7.900000000 6.566999440000
1018.029970000  7.900000000 6.617319110000
1018.054990000  7.900000000 6.672723290000
1018.080020000  7.900000000 6.733358380000
1018.104980000  7.900000000 6.799328330000
1018.130000000  7.900000000 6.870697980000
1018.154970000  7.900000000 6.947488780000
1018.179990000  7.900000000 7.029674530000
1018.205020000  7.900000000 7.117185590000
1018.229980000  7.900000000 7.209909920000
1018.255000000  7.900000000 7.307691570000
1018.279970000  7.900000000 7.410340310000
1018.304990000  7.900000000 7.517621520000
1018.330020000  7.900000000 7.629268650000
1018.354980000  7.900000000 7.744985100000
1018.380000000  7.900000000 7.864448550000
1018.404970000  7.900000000 7.987308500000
1018.429990000  7.900000000 8.113204960000
1018.455020000  7.900000000 8.241751670000
1018.479980000  7.900000000 8.372561450000
1018.505000000  7.900000000 8.505237580000
1018.529970000  7.900000000 8.639376640000
1018.554990000  7.900000000 8.774578090000
1018.580020000  7.900000000 8.910446170000
1018.604980000  7.900000000 9.046586040000
1018.630000000  7.900000000 9.182622910000
1018.654970000  7.900000000 9.318182950000
1018.679990000  7.900000000 9.452906610000
1018.705020000  7.900000000 9.586453440000
1018.729980000  7.900000000 9.718493460000
1018.755000000  7.900000000 9.848714830000
1018.779970000  7.900000000 9.976819040000
1018.804990000  7.900000000 10.102521900000
1018.830020000  7.900000000 10.225560200000
1018.854980000  7.900000000 10.345681200000
1018.880000000  7.900000000 10.462649300000
1018.904970000  7.900000000 10.576241500000
1018.929990000  7.900000000 10.686243100000
1018.955020000  7.900000000 10.792465200000
1018.979980000  7.900000000 10.894718200000
1019.005000000  7.900000000 10.992825500000
1019.029970000  7.900000000 11.086636500000
1019.054990000  7.900000000 11.176000600000
1019.080020000  7.900000000 11.260784100000
1019.104980000  7.900000000 11.340865100000
1019.130000000  7.900000000 11.416142500000
1019.154970000  7.900000000 11.486526500000
1019.179990000  7.900000000 11.551946600000
1019.205020000  7.900000000 11.612354300000
1019.229980000  7.900000000 11.667722700000
1019.255000000  7.900000000 11.718035700000
1019.279970000  7.900000000 11.763315200000
1019.304990000  7.900000000 11.803594600000
1019.330020000  7.900000000 11.838936800000
1019.354980000  7.900000000 11.869424800000
1019.380000000  7.900000000 11.895173100000
1019.404970000  7.900000000 11.916313200000
1019.429990000  7.900000000 11.933004400000
1019.455020000  7.900000000 11.945434600000
1019.479980000  7.900000000 11.953802100000
1019.505000000  7.900000000 11.958341600000
1019.529970000  7.900000000 11.959292400000
1019.554990000  7.900000000 11.956924400000
1019.580020000  7.900000000 11.951520000000
1019.604980000  7.900000000 11.943374600000
1019.630000000  7.900000000 11.932799300000
1019.654970000  7.900000000 11.920116400000
1019.679990000  7.900000000 11.905659700000
1019.705020000  7.900000000 11.889760000000
1019.729980000  7.900000000 11.872757900000
1019.755000000  7.900000000 11.855010000000
1019.779970000  7.900000000 11.836853000000
1019.804990000  7.900000000 11.818636900000
1019.830020000  7.900000000 11.800705900000
1019.854980000  7.900000000 11.783393900000
1019.880000000  7.900000000 11.767043100000
1019.904970000  7.900000000 11.751977900000
1019.929990000  7.900000000 11.738513900000
1019.955020000  7.900000000 11.726960200000
1019.979980000  7.900000000 11.717608500000
1020.005000000  7.900000000 11.710744900000
1020.029970000  7.900000000 11.706630700000
1020.054990000  7.900000000 11.705513000000
1020.080020000  7.900000000 11.707629200000
1020.104980000  7.900000000 11.713178600000
1020.130000000  7.900000000 11.722353000000
1020.154970000  7.900000000 11.735307700000
1020.179990000  7.900000000 11.752181100000
1020.205020000  7.900000000 11.773071300000
1020.229980000  7.900000000 11.798061400000
1020.255000000  7.900000000 11.827181800000
1020.279970000  7.900000000 11.860449800000
1020.304990000  7.900000000 11.897822400000
1020.330020000  7.900000000 11.939246200000
1020.354980000  7.900000000 11.984603900000
1020.380000000  7.900000000 12.033752400000
1020.404970000  7.900000000 12.086502100000
1020.429990000  7.900000000 12.142625800000
1020.455020000  7.900000000 12.201849900000
1020.479980000  7.900000000 12.263861700000
1020.505000000  7.900000000 12.328311000000
1020.529970000  7.900000000 12.394801100000
1020.554990000  7.900000000 12.462907800000
1020.580020000  7.900000000 12.532156900000
1020.604980000  7.900000000 12.602055500000
1020.630000000  7.900000000 12.672069500000
1020.654970000  7.900000000 12.741642000000
1020.679990000  7.900000000 12.810192100000
1020.705020000  7.900000000 12.877121900000
1020.729980000  7.900000000 12.941809700000
1020.755000000  7.900000000 13.003638300000
1020.779970000  7.900000000 13.061972600000
1020.804990000  7.900000000 13.116175700000
1020.830020000  7.900000000 13.165621800000
1020.854980000  7.900000000 13.209693000000
1020.880000000  7.900000000 13.247773200000
1020.904970000  7.900000000 13.279274900000
1020.929990000  7.900000000 13.303630800000
1020.955020000  7.900000000 13.320297200000
1020.979980000  7.900000000 13.328753500000
1021.005000000  7.900000000 13.328527500000
1021.029970000  7.900000000 13.319169000000
1021.054990000  7.900000000 13.300271000000
1021.080020000  7.900000000 13.271472000000
1021.104980000  7.900000000 13.232452400000
1021.130000000  7.900000000 13.182935700000
1021.154970000  7.900000000 13.122701600000
1021.179990000  7.900000000 13.051568000000
1021.205020000  7.900000000 12.969412800000
1021.229980000  7.900000000 12.876154900000
1021.255000000  7.900000000 12.771770500000
1021.279970000  7.900000000 12.656277700000
1021.304990000  7.900000000 12.529759400000
1021.330020000  7.900000000 12.392343500000
1021.354980000  7.900000000 12.244204500000
1021.380000000  7.900000000 12.085568400000
1021.404970000  7.900000000 11.916719400000
1021.429990000  7.900000000 11.737980800000
1021.455020000  7.900000000 11.549727400000
1021.479980000  7.900000000 11.352386500000
1021.505000000  7.900000000 11.146427200000
1021.529970000  7.900000000 10.932370200000
1021.554990000  7.900000000 10.710778200000
1021.580020000  7.900000000 10.482256900000
1021.604980000  7.900000000 10.247448900000
1021.630000000  7.900000000 10.007041900000
1021.654970000  7.900000000 9.761754990000
1021.679990000  7.900000000 9.512335780000
1021.705020000  7.900000000 9.259571080000
1021.729980000  7.900000000 9.004257200000
1021.755000000  7.900000000 8.747219090000
1021.779970000  7.900000000 8.489290240000
1021.804990000  7.900000000 8.231322290000
1021.830020000  7.900000000 7.974159240000
1021.854980000  7.900000000 7.718648430000
1021.880000000  7.900000000 7.465629100000
1021.904970000  7.900000000 7.215929990000
1021.929990000  7.900000000 6.970357420000
1021.955020000  7.900000000 6.729696750000
1021.979980000  7.900000000 6.494700430000
1022.005000000  7.900000000 6.266093250000
1022.029970000  7.900000000 6.044557570000
1022.054990000  7.900000000 5.830737590000
1022.080020000  7.900000000 5.625230790000
1022.104980000  7.900000000 5.428586480000
1022.130000000  7.900000000 5.241309170000
1022.154970000  7.900000000 5.063842300000
1022.179990000  7.900000000 4.896582600000
1022.205020000  7.900000000 4.739870070000
1022.229980000  7.900000000 4.593985080000
1022.255000000  7.900000000 4.459155560000
1022.279970000  7.900000000 4.335551260000
1022.304990000  7.900000000 4.223286150000
1022.330020000  7.900000000 4.122414110000
1022.354980000  7.900000000 4.032933710000
1022.380000000  7.900000000 3.954791780000
1022.404970000  7.900000000 3.887873170000
1022.429990000  7.900000000 3.832015040000
1022.455020000  7.900000000 3.786996600000
1022.479980000  7.900000000 3.752546550000
1022.505000000  7.900000000 3.728343010000
1022.529970000  7.900000000 3.714015720000
1022.554990000  7.900000000 3.709147690000
1022.580020000  7.900000000 3.713278060000
1022.604980000  7.900000000 3.725902560000
1022.630000000  7.900000000 3.746480230000
1022.654970000  7.900000000 3.774434570000
1022.679990000  7.900000000 3.809158560000
1022.705020000  7.900000000 3.850016120000
1022.729980000  7.900000000 3.896351810000
1022.755000000  7.900000000 3.947489020000
1022.779970000  7.900000000 4.002741340000
1022.804990000  7.900000000 4.061413290000
1022.830020000  7.900000000 4.122808930000
1022.854980000  7.900000000 4.186234470000
1022.880000000  7.900000000 4.251003740000
1022.904970000  7.900000000 4.316447260000
1022.929990000  7.900000000 4.381912710000
1022.955020000  7.900000000 4.446769710000
1022.979980000  7.900000000 4.510420320000
1023.005000000  7.900000000 4.572295670000
1023.029970000  7.900000000 4.631864550000
1023.054990000  7.900000000 4.688637260000
1023.080020000  7.900000000 4.742164610000
1023.104980000  7.900000000 4.792047020000
1023.130000000  7.900000000 4.837928300000
1023.154970000  7.900000000 4.879504680000
1023.179990000  7.900000000 4.916524890000
1023.205020000  7.900000000 4.948786740000
1023.229980000  7.900000000 4.976140980000
1023.255000000  7.900000000 4.998490330000
1023.279970000  7.900000000 5.015791890000
1023.304990000  7.900000000 5.028049950000
1023.330020000  7.900000000 5.035325050000
1023.354980000  7.900000000 5.037721630000
1023.380000000  7.900000000 5.035389420000
1023.404970000  7.900000000 5.028530120000
1023.429990000  7.900000000 5.017382140000
1023.455020000  7.900000000 5.002223970000
1023.479980000  7.900000000 4.983370300000
1023.505000000  7.900000000 4.961174010000
1023.529970000  7.900000000 4.936014650000
1023.554990000  7.900000000 4.908301830000
1023.580020000  7.900000000 4.878467080000
1023.604980000  7.900000000 4.846964360000
1023.630000000  7.900000000 4.814268110000
1023.654970000  7.900000000 4.780867100000
1023.679990000  7.900000000 4.747255800000
1023.705020000  7.900000000 4.713942530000
1023.729980000  7.900000000 4.681439880000
1023.755000000  7.900000000 4.650262830000
1023.779970000  7.900000000 4.620921610000
1023.804990000  7.900000000 4.593926910000
1023.830020000  7.900000000 4.569781300000
1023.854980000  7.900000000 4.548977380000
1023.880000000  7.900000000 4.531992910000
1023.904970000  7.900000000 4.519294740000
1023.929990000  7.900000000 4.511329170000
1023.955020000  7.900000000 4.508524420000
1023.979980000  7.900000000 4.511283400000
1024.005000000  7.900000000 4.519986150000
1024.030030000  7.900000000 4.534985070000
1024.055050000  7.900000000 4.556602000000
1024.079960000  7.900000000 4.585126880000
1024.104980000  7.900000000 4.620815750000
1024.130000000  7.900000000 4.663887980000
1024.155030000  7.900000000 4.714525700000
1024.180050000  7.900000000 4.772868630000
1024.204960000  7.900000000 4.839014530000
1024.229980000  7.900000000 4.913020130000
1024.255000000  7.900000000 4.994895940000
1024.280030000  7.900000000 5.084605220000
1024.305050000  7.900000000 5.182064530000
1024.329960000  7.900000000 5.287145140000
1024.354980000  7.900000000 5.399666310000
1024.380000000  7.900000000 5.519402980000
1024.405030000  7.900000000 5.646079060000
1024.430050000  7.900000000 5.779373650000
1024.454960000  7.900000000 5.918919560000
1024.479980000  7.900000000 6.064301970000
1024.505000000  7.900000000 6.215065960000
1024.530030000  7.900000000 6.370712760000
1024.555050000  7.900000000 6.530702590000
1024.579960000  7.900000000 6.694458010000
1024.604980000  7.900000000 6.861369610000
1024.630000000  7.900000000 7.030789850000
1024.655030000  7.900000000 7.202039240000
1024.680050000  7.900000000 7.374413970000
1024.704960000  7.900000000 7.547173980000
1024.729980000  7.900000000 7.719560150000
1024.755000000  7.900000000 7.890792370000
1024.780030000  7.900000000 8.060063360000
1024.805050000  7.900000000 8.226550100000
1024.829960000  7.900000000 8.389416690000
1024.854980000  7.900000000 8.547808650000
1024.880000000  7.900000000 8.700866700000
1024.905030000  7.900000000 8.847723010000
1024.930050000  7.900000000 8.987512590000
1024.954960000  7.900000000 9.119379040000
1024.979980000  7.900000000 9.242475510000
1025.005000000  7.900000000 9.355972290000
1025.030030000  7.900000000 9.459079740000
1025.055050000  7.900000000 9.551044460000
1025.079960000  7.900000000 9.631155970000
1025.104980000  7.900000000 9.698778150000
1025.130000000  7.900000000 9.753338810000
1025.155030000  7.900000000 9.794353490000
1025.180050000  7.900000000 9.821425440000
1025.204960000  7.900000000 9.834273340000
1025.229980000  7.900000000 9.832717900000
1025.255000000  7.900000000 9.816708560000
1025.280030000  7.900000000 9.786313060000
1025.305050000  7.900000000 9.741728780000
1025.329960000  7.900000000 9.683284760000
1025.354980000  7.900000000 9.611433030000
1025.380000000  7.900000000 9.526745800000
1025.405030000  7.900000000 9.429908750000
1025.430050000  7.900000000 9.321715350000
1025.454960000  7.900000000 9.203045850000
1025.479980000  7.900000000 9.074866290000
1025.505000000  7.900000000 8.938208580000
1025.530030000  7.900000000 8.794153210000
1025.555050000  7.900000000 8.643820760000
1025.579960000  7.900000000 8.488352780000
1025.604980000  7.900000000 8.328898430000
1025.630000000  7.900000000 8.166600230000
1025.655030000  7.900000000 8.002593990000
1025.680050000  7.900000000 7.837971690000
1025.704960000  7.900000000 7.673796650000
1025.729980000  7.900000000 7.511086460000
1025.755000000  7.900000000 7.350803380000
1025.780030000  7.900000000 7.193845750000
1025.805050000  7.900000000 7.041049960000
1025.829960000  7.900000000 6.893184190000
1025.854980000  7.900000000 6.750939370000
1025.880000000  7.900000000 6.614936830000
1025.905030000  7.900000000 6.485717770000
1025.930050000  7.900000000 6.363744260000
1025.954960000  7.900000000 6.249401090000
1025.979980000  7.900000000 6.142994880000
1026.005000000  7.900000000 6.044754030000
1026.030030000  7.900000000 5.954827310000
1026.055050000  7.900000000 5.873289590000
1026.079960000  7.900000000 5.800141810000
1026.104980000  7.900000000 5.735313890000
1026.130000000  7.900000000 5.678665640000
1026.155030000  7.900000000 5.629991530000
1026.180050000  7.900000000 5.589024540000
1026.204960000  7.900000000 5.555440900000
1026.229980000  7.900000000 5.528863910000
1026.255000000  7.900000000 5.508867260000
1026.280030000  7.900000000 5.494986530000
1026.305050000  7.900000000 5.486717700000
1026.329960000  7.900000000 5.483524800000
1026.354980000  7.900000000 5.484848500000
1026.380000000  7.900000000 5.490112300000
1026.405030000  7.900000000 5.498720170000
1026.430050000  7.900000000 5.510076050000
1026.454960000  7.900000000 5.523581030000
1026.479980000  7.900000000 5.538634300000
1026.505000000  7.900000000 5.554653170000
1026.530030000  7.900000000 5.571063040000
1026.555050000  7.900000000 5.587312220000
1026.579960000  7.900000000 5.602869510000
1026.604980000  7.900000000 5.617230890000
1026.630000000  7.900000000 5.629921440000
1026.655030000  7.900000000 5.640499590000
1026.680050000  7.900000000 5.648559570000
1026.704960000  7.900000000 5.653728960000
1026.729980000  7.900000000 5.655675890000
1026.755000000  7.900000000 5.654104710000
1026.780030000  7.900000000 5.648757930000
1026.805050000  7.900000000 5.639420510000
1026.829960000  7.900000000 5.625910280000
1026.854980000  7.900000000 5.608087060000
1026.880000000  7.900000000 5.585844040000
1026.905030000  7.900000000 5.559110160000
1026.930050000  7.900000000 5.527848240000
1026.954960000  7.900000000 5.492055890000
1026.979980000  7.900000000 5.451756950000
1027.005000000  7.900000000 5.407005790000
1027.030030000  7.900000000 5.357885360000
1027.055050000  7.900000000 5.304501530000
1027.079960000  7.900000000 5.246984480000
1027.104980000  7.900000000 5.185490610000
1027.130000000  7.900000000 5.120193000000
1027.155030000  7.900000000 5.051284790000
1027.180050000  7.900000000 4.978979590000
1027.204960000  7.900000000 4.903505800000
1027.229980000  7.900000000 4.825111870000
1027.255000000  7.900000000 4.744055750000
1027.280030000  7.900000000 4.660616400000
1027.305050000  7.900000000 4.575080390000
1027.329960000  7.900000000 4.487749100000
1027.354980000  7.900000000 4.398933890000
1027.380000000  7.900000000 4.308959960000
1027.405030000  7.900000000 4.218158720000
1027.430050000  7.900000000 4.126873970000
1027.454960000  7.900000000 4.035455230000
1027.479980000  7.900000000 3.944260600000
1027.505000000  7.900000000 3.853654150000
1027.530030000  7.900000000 3.764006380000
1027.555050000  7.900000000 3.675687070000
1027.579960000  7.900000000 3.589071990000
1027.604980000  7.900000000 3.504536870000
1027.630000000  7.900000000 3.422454830000
1027.655030000  7.900000000 3.343194250000
1027.680050000  7.900000000 3.267121080000
1027.704960000  7.900000000 3.194587470000
1027.729980000  7.900000000 3.125942230000
1027.755000000  7.900000000 3.061515330000
1027.780030000  7.900000000 3.001624110000
1027.805050000  7.900000000 2.946564910000
1027.829960000  7.900000000 2.896616940000
1027.854980000  7.900000000 2.852034570000
1027.880000000  7.900000000 2.813045020000
1027.905030000  7.900000000 2.779849290000
1027.930050000  7.900000000 2.752620940000
1027.954960000  7.900000000 2.731499910000
1027.979980000  7.900000000 2.716597560000
1028.005000000  7.900000000 2.707991120000
1028.030030000  7.900000000 2.705728050000
1028.055050000  7.900000000 2.709822420000
1028.079960000  7.900000000 2.720257280000
1028.104980000  7.900000000 2.736985450000
1028.130000000  7.900000000 2.759931090000
1028.155030000  7.900000000 2.788990970000
1028.180050000  7.900000000 2.824036360000
1028.204960000  7.900000000 2.864916560000
1028.229980000  7.900000000 2.911460640000
1028.255000000  7.900000000 2.963478090000
1028.280030000  7.900000000 3.020763160000
1028.305050000  7.900000000 3.083096500000
1028.329960000  7.900000000 3.150246860000
1028.354980000  7.900000000 3.221971510000
1028.380000000  7.900000000 3.298021080000
1028.405030000  7.900000000 3.378138540000
1028.430050000  7.900000000 3.462061170000
1028.454960000  7.900000000 3.549521210000
1028.479980000  7.900000000 3.640244960000
1028.505000000  7.900000000 3.733957050000
1028.530030000  7.900000000 3.830375910000
1028.555050000  7.900000000 3.929216380000
1028.579960000  7.900000000 4.030189040000
1028.604980000  7.900000000 4.132998940000
1028.630000000  7.900000000 4.237346170000
1028.655030000  7.900000000 4.342922210000
1028.680050000  7.900000000 4.449412350000
1028.704960000  7.900000000 4.556491370000
1028.729980000  7.900000000 4.663826940000
1028.755000000  7.900000000 4.771074770000
1028.780030000  7.900000000 4.877878670000
1028.805050000  7.900000000 4.983873840000
1028.829960000  7.900000000 5.088682650000
1028.854980000  7.900000000 5.191919330000
1028.880000000  7.900000000 5.293185710000
1028.905030000  7.900000000 5.392079350000
1028.930050000  7.900000000 5.488191130000
1028.954960000  7.900000000 5.581106660000
1028.979980000  7.900000000 5.670418260000
1029.005000000  7.900000000 5.755718230000
1029.030030000  7.900000000 5.836606500000
1029.055050000  7.900000000 5.912699700000
1029.079960000  7.900000000 5.983630180000
1029.104980000  7.900000000 6.049050330000
1029.130000000  7.900000000 6.108646870000
1029.155030000  7.900000000 6.162132740000
1029.180050000  7.900000000 6.209260460000
1029.204960000  7.900000000 6.249828820000
1029.229980000  7.900000000 6.283680920000
1029.255000000  7.900000000 6.310714240000
1029.280030000  7.900000000 6.330882550000
1029.305050000  7.900000000 6.344195840000
1029.329960000  7.900000000 6.350728990000
1029.354980000  7.900000000 6.350615980000
1029.380000000  7.900000000 6.344060900000
1029.405030000  7.900000000 6.331323150000
1029.430050000  7.900000000 6.312732700000
1029.454960000  7.900000000 6.288675790000
1029.479980000  7.900000000 6.259598730000
1029.505000000  7.900000000 6.226004600000
1029.530030000  7.900000000 6.188450810000
1029.555050000  7.900000000 6.147541050000
1029.579960000  7.900000000 6.103926660000
1029.604980000  7.900000000 6.058300500000
1029.630000000  7.900000000 6.011395930000
1029.655030000  7.900000000 5.963976860000
1029.680050000  7.900000000 5.916837690000
1029.704960000  7.900000000 5.870804790000
1029.729980000  7.900000000 5.826721190000
1029.755000000  7.900000000 5.785456180000
1029.780030000  7.900000000 5.747896190000
1029.805050000  7.900000000 5.714939120000
1029.829960000  7.900000000 5.687499050000
1029.854980000  7.900000000 5.666500090000
1029.880000000  7.900000000 5.652870660000
1029.905030000  7.900000000 5.647549150000
1029.930050000  7.900000000 5.651472570000
1029.954960000  7.900000000 5.665580750000
1029.979980000  7.900000000 5.690813060000
1030.005000000  7.900000000 5.728096960000
1030.030030000  7.900000000 5.778364660000
1030.055050000  7.900000000 5.842528820000
1030.079960000  7.900000000 5.921492580000
1030.104980000  7.900000000 6.016146180000
1030.130000000  7.900000000 6.127355100000
1030.155030000  7.900000000 6.255967620000
1030.180050000  7.900000000 6.402805810000
1030.204960000  7.900000000 6.568668370000
1030.229980000  7.900000000 6.754320140000
1030.255000000  7.900000000 6.960497380000
1030.280030000  7.900000000 7.187898640000
1030.305050000  7.900000000 7.437191010000
1030.329960000  7.900000000 7.708997730000
1030.354980000  7.900000000 8.003908160000
1030.380000000  7.900000000 8.322470660000
1030.405030000  7.900000000 8.665190700000
1030.430050000  7.900000000 9.032532690000
1030.454960000  7.900000000 9.424920080000
1030.479980000  7.900000000 9.842737200000
1030.505000000  7.900000000 10.286328300000
1030.530030000  7.900000000 10.756003400000
1030.555050000  7.900000000 11.252030400000
1030.579960000  7.900000000 11.774648700000
1030.604980000  7.900000000 12.324071900000
1030.630000000  7.900000000 12.900475500000
1030.655030000  7.900000000 13.504016900000
1030.680050000  7.900000000 14.134840000000
1030.704960000  7.900000000 14.793062200000
1030.729980000  7.900000000 15.478780700000
1030.755000000  7.900000000 16.192094800000
1030.780030000  7.900000000 16.933094000000
1030.805050000  7.900000000 17.701854700000
1030.829960000  7.900000000 18.498455000000
1030.854980000  7.900000000 19.322971300000
1030.880000000  7.900000000 20.175485600000
1030.905030000  7.900000000 21.056083700000
1030.930050000  7.900000000 21.964849500000
1030.954960000  7.900000000 22.901863100000
1030.979980000  7.900000000 23.867223700000
1031.005000000  7.900000000 24.860994300000
1031.030030000  7.900000000 25.883272200000
1031.055050000  7.900000000 26.934122100000
1031.079960000  7.900000000 28.013582200000
1031.104980000  7.900000000 29.121706000000
1031.130000000  7.900000000 30.258483900000
1031.155030000  7.900000000 31.423894900000
1031.180050000  7.900000000 32.617878000000
1031.204960000  7.900000000 33.840332000000
1031.229980000  7.900000000 35.091060600000
1031.255000000  7.900000000 36.369876900000
1031.280030000  7.900000000 37.676467900000
1031.305050000  7.900000000 39.010486600000
1031.329960000  7.900000000 40.371444700000
1031.354980000  7.900000000 41.758865400000
1031.380000000  7.900000000 43.172088600000
1031.405030000  7.900000000 44.610431700000
1031.430050000  7.900000000 46.073013300000
1031.454960000  7.900000000 47.558994300000
1031.479980000  7.900000000 49.067287400000
1031.505000000  7.900000000 50.596813200000
1031.530030000  7.900000000 52.146324200000
1031.555050000  7.900000000 53.714527100000
1031.579960000  7.900000000 55.300006900000
1031.604980000  7.900000000 56.901283300000
1031.630000000  7.900000000 58.516796100000
1031.655030000  7.900000000 60.144935600000
1031.680050000  7.900000000 61.784042400000
1031.704960000  7.900000000 63.432464600000
1031.729980000  7.900000000 65.088531500000
1031.755000000  7.900000000 66.750587500000
1031.780030000  7.900000000 68.416999800000
1031.805050000  7.900000000 70.086288500000
1031.829960000  7.900000000 71.756988500000
1031.854980000  7.900000000 73.427734400000
1031.880000000  7.900000000 75.097358700000
1031.905030000  7.900000000 76.764839200000
1031.930050000  7.900000000 78.429306000000
1031.954960000  7.900000000 80.090011600000
1031.979980000  7.900000000 81.746521000000
1032.005000000  7.900000000 83.398521400000
1032.030030000  7.900000000 85.045944200000
1032.055050000  7.900000000 86.688804600000
1032.079960000  7.900000000 88.327407800000
1032.104980000  7.900000000 89.962196400000
1032.130000000  7.900000000 91.593643200000
1032.155030000  7.900000000 93.222412100000
1032.180050000  7.900000000 94.849273700000
1032.204960000  7.900000000 96.475036600000
1032.229980000  7.900000000 98.100387600000
1032.255000000  7.900000000 99.726112400000
1032.280030000  7.900000000 101.352783000000
1032.305050000  7.900000000 102.980957000000
1032.329960000  7.900000000 104.610863000000
1032.354980000  7.900000000 106.242592000000
1032.380000000  7.900000000 107.876015000000
1032.405030000  7.900000000 109.510643000000
1032.430050000  7.900000000 111.145554000000
1032.454960000  7.900000000 112.779770000000
1032.479980000  7.900000000 114.411522000000
1032.505000000  7.900000000 116.039001000000
1032.530030000  7.900000000 117.659561000000
1032.555050000  7.900000000 119.270592000000
1032.579960000  7.900000000 120.868614000000
1032.604980000  7.900000000 122.450066000000
1032.630000000  7.900000000 124.010765000000
1032.655030000  7.900000000 125.546219000000
1032.680050000  7.900000000 127.051575000000
1032.704960000  7.900000000 128.521667000000
1032.729980000  7.900000000 129.951065000000
1032.755000000  7.900000000 131.334000000000
1032.780030000  7.900000000 132.664856000000
1032.805050000  7.900000000 133.937607000000
1032.829960000  7.900000000 135.146194000000
1032.854980000  7.900000000 136.285019000000
1032.880000000  7.900000000 137.348114000000
1032.905030000  7.900000000 138.329971000000
1032.930050000  7.900000000 139.225571000000
1032.954960000  7.900000000 140.029816000000
1032.979980000  7.900000000 140.738541000000
1033.005000000  7.900000000 141.347458000000
1033.030030000  7.900000000 141.853470000000
1033.055050000  7.900000000 142.253448000000
1033.079960000  7.900000000 142.545563000000
1033.104980000  7.900000000 142.728104000000
1033.130000000  7.900000000 142.800064000000
1033.155030000  7.900000000 142.761475000000
1033.180050000  7.900000000 142.612396000000
1033.204960000  7.900000000 142.354279000000
1033.229980000  7.900000000 141.988510000000
1033.255000000  7.900000000 141.517197000000
1033.280030000  7.900000000 140.943420000000
1033.305050000  7.900000000 140.270248000000
1033.329960000  7.900000000 139.501389000000
1033.354980000  7.900000000 138.640900000000
1033.380000000  7.900000000 137.693283000000
1033.405030000  7.900000000 136.663330000000
1033.430050000  7.900000000 135.555771000000
1033.454960000  7.900000000 134.375732000000
1033.479980000  7.900000000 133.128662000000
1033.505000000  7.900000000 131.819595000000
1033.530030000  7.900000000 130.454208000000
1033.555050000  7.900000000 129.037521000000
1033.579960000  7.900000000 127.575119000000
1033.604980000  7.900000000 126.072334000000
1033.630000000  7.900000000 124.534302000000
1033.655030000  7.900000000 122.966339000000
1033.680050000  7.900000000 121.373291000000
1033.704960000  7.900000000 119.760269000000
1033.729980000  7.900000000 118.131950000000
1033.755000000  7.900000000 116.492973000000
1033.780030000  7.900000000 114.847961000000
1033.805050000  7.900000000 113.201279000000
1033.829960000  7.900000000 111.557251000000
1033.854980000  7.900000000 109.919823000000
1033.880000000  7.900000000 108.292961000000
1033.905030000  7.900000000 106.680672000000
1033.930050000  7.900000000 105.086472000000
1033.954960000  7.900000000 103.513794000000
1033.979980000  7.900000000 101.965935000000
1034.005000000  7.900000000 100.446167000000
1034.030030000  7.900000000 98.957428000000
1034.055050000  7.900000000 97.502548200000
1034.079960000  7.900000000 96.084327700000
1034.104980000  7.900000000 94.705001800000
1034.130000000  7.900000000 93.367301900000
1034.155030000  7.900000000 92.073165900000
1034.180050000  7.900000000 90.824714700000
1034.204960000  7.900000000 89.623825100000
1034.229980000  7.900000000 88.472053500000
1034.255000000  7.900000000 87.370903000000
1034.280030000  7.900000000 86.321685800000
1034.305050000  7.900000000 85.325408900000
1034.329960000  7.900000000 84.383071900000
1034.354980000  7.900000000 83.495246900000
1034.380000000  7.900000000 82.662521400000
1034.405030000  7.900000000 81.885170000000
1034.430050000  7.900000000 81.163192700000
1034.454960000  7.900000000 80.496597300000
1034.479980000  7.900000000 79.885063200000
1034.505000000  7.900000000 79.328147900000
1034.530030000  7.900000000 78.825172400000
1034.555050000  7.900000000 78.375351000000
1034.579960000  7.900000000 77.977737400000
1034.604980000  7.900000000 77.631164600000
1034.630000000  7.900000000 77.334434500000
1034.655030000  7.900000000 77.086166400000
1034.680050000  7.900000000 76.884849500000
1034.704960000  7.900000000 76.728889500000
1034.729980000  7.900000000 76.616676300000
1034.755000000  7.900000000 76.546386700000
1034.780030000  7.900000000 76.516250600000
1034.805050000  7.900000000 76.524444600000
1034.829960000  7.900000000 76.569091800000
1034.854980000  7.900000000 76.648300200000
1034.880000000  7.900000000 76.760223400000
1034.905030000  7.900000000 76.902832000000
1034.930050000  7.900000000 77.074371300000
1034.954960000  7.900000000 77.272941600000
1034.979980000  7.900000000 77.496734600000
1035.005000000  7.900000000 77.744026200000
1035.030030000  7.900000000 78.013122600000
1035.055050000  7.900000000 78.302391100000
1035.079960000  7.900000000 78.610267600000
1035.104980000  7.900000000 78.935188300000
1035.130000000  7.900000000 79.275779700000
1035.155030000  7.900000000 79.630600000000
1035.180050000  7.900000000 79.998382600000
1035.204960000  7.900000000 80.377891500000
1035.229980000  7.900000000 80.767997700000
1035.255000000  7.900000000 81.167610200000
1035.280030000  7.900000000 81.575714100000
1035.305050000  7.900000000 81.991386400000
1035.329960000  7.900000000 82.413673400000
1035.354980000  7.900000000 82.841926600000
1035.380000000  7.900000000 83.275444000000
1035.405030000  7.900000000 83.713577300000
1035.430050000  7.900000000 84.155876200000
1035.454960000  7.900000000 84.601905800000
1035.479980000  7.900000000 85.051277200000
1035.505000000  7.900000000 85.503830000000
1035.530030000  7.900000000 85.959434500000
1035.555050000  7.900000000 86.418106100000
1035.579960000  7.900000000 86.879905700000
1035.604980000  7.900000000 87.345108000000
1035.630000000  7.900000000 87.813903800000
1035.655030000  7.900000000 88.286766100000
1035.680050000  7.900000000 88.764099100000
1035.704960000  7.900000000 89.246543900000
1035.729980000  7.900000000 89.734779400000
1035.755000000  7.900000000 90.229438800000
1035.780030000  7.900000000 90.731407200000
1035.805050000  7.900000000 91.241508500000
1035.829960000  7.900000000 91.760597200000
1035.854980000  7.900000000 92.289642300000
1035.880000000  7.900000000 92.829582200000
1035.905030000  7.900000000 93.381370500000
1035.930050000  7.900000000 93.945991500000
1035.954960000  7.900000000 94.524261500000
1035.979980000  7.900000000 95.117073100000
1036.005000000  7.900000000 95.725227400000
1036.030030000  7.900000000 96.349456800000
1036.055050000  7.900000000 96.990264900000
1036.079960000  7.900000000 97.648246800000
1036.104980000  7.900000000 98.323692300000
1036.130000000  7.900000000 99.016746500000
1036.155030000  7.900000000 99.727439900000
1036.180050000  7.900000000 100.455589000000
1036.204960000  7.900000000 101.200729000000
1036.229980000  7.900000000 101.962250000000
1036.255000000  7.900000000 102.739273000000
1036.280030000  7.900000000 103.530647000000
1036.305050000  7.900000000 104.335022000000
1036.329960000  7.900000000 105.150757000000
1036.354980000  7.900000000 105.975861000000
1036.380000000  7.900000000 106.808174000000
1036.405030000  7.900000000 107.645248000000
1036.430050000  7.900000000 108.484421000000
1036.454960000  7.900000000 109.322830000000
1036.479980000  7.900000000 110.157211000000
1036.505000000  7.900000000 110.984291000000
1036.530030000  7.900000000 111.800644000000
1036.555050000  7.900000000 112.602585000000
1036.579960000  7.900000000 113.386269000000
1036.604980000  7.900000000 114.148102000000
1036.630000000  7.900000000 114.884094000000
1036.655030000  7.900000000 115.590492000000
1036.680050000  7.900000000 116.263474000000
1036.704960000  7.900000000 116.899292000000
1036.729980000  7.900000000 117.494438000000
1036.755000000  7.900000000 118.045525000000
1036.780030000  7.900000000 118.549232000000
1036.805050000  7.900000000 119.002518000000
1036.829960000  7.900000000 119.402863000000
1036.854980000  7.900000000 119.747536000000
1036.880000000  7.900000000 120.034401000000
1036.905030000  7.900000000 120.261597000000
1036.930050000  7.900000000 120.427505000000
1036.954960000  7.900000000 120.530914000000
1036.979980000  7.900000000 120.570831000000
1037.005000000  7.900000000 120.546509000000
1037.030030000  7.900000000 120.457703000000
1037.055050000  7.900000000 120.304214000000
1037.079960000  7.900000000 120.086479000000
1037.104980000  7.900000000 119.804535000000
1037.130000000  7.900000000 119.459244000000
1037.155030000  7.900000000 119.051476000000
1037.180050000  7.900000000 118.582283000000
1037.204960000  7.900000000 118.052841000000
1037.229980000  7.900000000 117.464645000000
1037.255000000  7.900000000 116.819305000000
1037.280030000  7.900000000 116.118675000000
1037.305050000  7.900000000 115.364494000000
1037.329960000  7.900000000 114.558960000000
1037.354980000  7.900000000 113.704292000000
1037.380000000  7.900000000 112.802780000000
1037.405030000  7.900000000 111.856873000000
1037.430050000  7.900000000 110.869263000000
1037.454960000  7.900000000 109.842613000000
1037.479980000  7.900000000 108.779739000000
1037.505000000  7.900000000 107.683578000000
1037.530030000  7.900000000 106.557190000000
1037.555050000  7.900000000 105.403526000000
1037.579960000  7.900000000 104.225845000000
1037.604980000  7.900000000 103.027229000000
1037.630000000  7.900000000 101.810959000000
1037.655030000  7.900000000 100.580116000000
1037.680050000  7.900000000 99.337913500000
1037.704960000  7.900000000 98.087585400000
1037.729980000  7.900000000 96.832214400000
1037.755000000  7.900000000 95.574974100000
1037.780030000  7.900000000 94.318763700000
1037.805050000  7.900000000 93.066505400000
1037.829960000  7.900000000 91.821121200000
1037.854980000  7.900000000 90.585273700000
1037.880000000  7.900000000 89.361694300000
1037.905030000  7.900000000 88.152839700000
1037.930050000  7.900000000 86.961067200000
1037.954960000  7.900000000 85.788795500000
1037.979980000  7.900000000 84.638038600000
1038.005000000  7.900000000 83.510887100000
1038.030030000  7.900000000 82.409088100000
1038.055050000  7.900000000 81.334457400000
1038.079960000  7.900000000 80.288574200000
1038.104980000  7.900000000 79.272796600000
1038.130000000  7.900000000 78.288528400000
1038.155030000  7.900000000 77.336975100000
1038.180050000  7.900000000 76.419158900000
1038.204960000  7.900000000 75.536003100000
1038.229980000  7.900000000 74.688301100000
1038.255000000  7.900000000 73.876823400000
1038.280030000  7.900000000 73.102081300000
1038.305050000  7.900000000 72.364555400000
1038.329960000  7.900000000 71.664642300000
1038.354980000  7.900000000 71.002563500000
1038.380000000  7.900000000 70.378456100000
1038.405030000  7.900000000 69.792465200000
1038.430050000  7.900000000 69.244453400000
1038.454960000  7.900000000 68.734336900000
1038.479980000  7.900000000 68.261817900000
1038.505000000  7.900000000 67.826690700000
1038.530030000  7.900000000 67.428520200000
1038.555050000  7.900000000 67.066841100000
1038.579960000  7.900000000 66.741134600000
1038.604980000  7.900000000 66.450737000000
1038.630000000  7.900000000 66.195091200000
1038.655030000  7.900000000 65.973403900000
1038.680050000  7.900000000 65.784988400000
1038.704960000  7.900000000 65.629020700000
1038.729980000  7.900000000 65.504676800000
1038.755000000  7.900000000 65.411102300000
1038.780030000  7.900000000 65.347435000000
1038.805050000  7.900000000 65.312851000000
1038.829960000  7.900000000 65.306480400000
1038.854980000  7.900000000 65.327415500000
1038.880000000  7.900000000 65.374885600000
1038.905030000  7.900000000 65.448028600000
1038.930050000  7.900000000 65.546073900000
1038.954960000  7.900000000 65.668243400000
1038.979980000  7.900000000 65.813942000000
1039.005000000  7.900000000 65.982444800000
1039.030030000  7.900000000 66.173126200000
1039.055050000  7.900000000 66.385566700000
1039.079960000  7.900000000 66.619262700000
1039.104980000  7.900000000 66.873870800000
1039.130000000  7.900000000 67.149078400000
1039.155030000  7.900000000 67.444603000000
1039.180050000  7.900000000 67.760353100000
1039.204960000  7.900000000 68.096237200000
1039.229980000  7.900000000 68.452308700000
1039.255000000  7.900000000 68.828666700000
1039.280030000  7.900000000 69.225387600000
1039.305050000  7.900000000 69.642822300000
1039.329960000  7.900000000 70.081176800000
1039.354980000  7.900000000 70.540924100000
1039.380000000  7.900000000 71.022392300000
1039.405030000  7.900000000 71.526084900000
1039.430050000  7.900000000 72.052543600000
1039.454960000  7.900000000 72.602348300000
1039.479980000  7.900000000 73.176055900000
1039.505000000  7.900000000 73.774292000000
1039.530030000  7.900000000 74.397644000000
1039.555050000  7.900000000 75.046730000000
1039.579960000  7.900000000 75.722160300000
1039.604980000  7.900000000 76.424476600000
1039.630000000  7.900000000 77.154075600000
1039.655030000  7.900000000 77.911544800000
1039.680050000  7.900000000 78.697189300000
1039.704960000  7.900000000 79.511238100000
1039.729980000  7.900000000 80.353858900000
1039.755000000  7.900000000 81.225013700000
1039.780030000  7.900000000 82.124511700000
1039.805050000  7.900000000 83.052063000000
1039.829960000  7.900000000 84.007087700000
1039.854980000  7.900000000 84.988685600000
1039.880000000  7.900000000 85.996002200000
1039.905030000  7.900000000 87.027633700000
1039.930050000  7.900000000 88.082099900000
1039.954960000  7.900000000 89.157424900000
1039.979980000  7.900000000 90.251442000000
1040.005000000  7.900000000 91.361717200000
1040.030030000  7.900000000 92.485443100000
1040.055050000  7.900000000 93.619483900000
1040.079960000  7.900000000 94.760444600000
1040.104980000  7.900000000 95.904556300000
1040.130000000  7.900000000 97.047836300000
1040.155030000  7.900000000 98.186004600000
1040.180050000  7.900000000 99.314521800000
1040.204960000  7.900000000 100.428658000000
1040.229980000  7.900000000 101.523590000000
1040.255000000  7.900000000 102.594276000000
1040.280030000  7.900000000 103.635582000000
1040.305050000  7.900000000 104.642395000000
1040.329960000  7.900000000 105.609634000000
1040.354980000  7.900000000 106.532120000000
1040.380000000  7.900000000 107.405014000000
1040.405030000  7.900000000 108.223595000000
1040.430050000  7.900000000 108.983330000000
1040.454960000  7.900000000 109.679810000000
1040.479980000  7.900000000 110.309235000000
1040.505000000  7.900000000 110.867989000000
1040.530030000  7.900000000 111.353027000000
1040.555050000  7.900000000 111.761681000000
1040.579960000  7.900000000 112.091705000000
1040.604980000  7.900000000 112.341354000000
1040.630000000  7.900000000 112.509521000000
1040.655030000  7.900000000 112.595482000000
1040.680050000  7.900000000 112.599121000000
1040.704960000  7.900000000 112.520683000000
1040.729980000  7.900000000 112.361115000000
1040.755000000  7.900000000 112.121597000000
1040.780030000  7.900000000 111.803970000000
1040.805050000  7.900000000 111.410217000000
1040.829960000  7.900000000 110.942963000000
1040.854980000  7.900000000 110.404785000000
1040.880000000  7.900000000 109.798836000000
1040.905030000  7.900000000 109.128372000000
1040.930050000  7.900000000 108.396790000000
1040.954960000  7.900000000 107.607483000000
1040.979980000  7.900000000 106.764107000000
1041.005000000  7.900000000 105.870232000000
1041.030030000  7.900000000 104.929344000000
1041.055050000  7.900000000 103.944954000000
1041.079960000  7.900000000 102.920525000000
1041.104980000  7.900000000 101.859192000000
1041.130000000  7.900000000 100.764236000000
1041.155030000  7.900000000 99.638420100000
1041.180050000  7.900000000 98.484558100000
1041.204960000  7.900000000 97.305137600000
1041.229980000  7.900000000 96.102661100000
1041.255000000  7.900000000 94.879196200000
1041.280030000  7.900000000 93.636932400000
1041.305050000  7.900000000 92.377517700000
1041.329960000  7.900000000 91.102668800000
1041.354980000  7.900000000 89.813911400000
1041.380000000  7.900000000 88.512664800000
1041.405030000  7.900000000 87.200103800000
1041.430050000  7.900000000 85.877708400000
1041.454960000  7.900000000 84.546379100000
1041.479980000  7.900000000 83.207183800000
1041.505000000  7.900000000 81.861221300000
1041.530030000  7.900000000 80.509536700000
1041.555050000  7.900000000 79.152984600000
1041.579960000  7.900000000 77.792625400000
1041.604980000  7.900000000 76.429359400000
1041.630000000  7.900000000 75.064254800000
1041.655030000  7.900000000 73.698333700000
1041.680050000  7.900000000 72.332504300000
1041.704960000  7.900000000 70.967971800000
1041.729980000  7.900000000 69.605728100000
1041.755000000  7.900000000 68.246841400000
1041.780030000  7.900000000 66.892501800000
1041.805050000  7.900000000 65.543785100000
1041.829960000  7.900000000 64.201866100000
1041.854980000  7.900000000 62.867797900000
1041.880000000  7.900000000 61.542820000000
1041.905030000  7.900000000 60.228023500000
1041.930050000  7.900000000 58.924514800000
1041.954960000  7.900000000 57.633449600000
1041.979980000  7.900000000 56.355869300000
1042.005000000  7.900000000 55.092845900000
1042.030030000  7.900000000 53.845420800000
1042.055050000  7.900000000 52.614639300000
1042.079960000  7.900000000 51.401409100000
1042.104980000  7.900000000 50.206771900000
1042.130000000  7.900000000 49.031593300000
1042.155030000  7.900000000 47.876815800000
1042.180050000  7.900000000 46.743328100000
1042.204960000  7.900000000 45.631954200000
1042.229980000  7.900000000 44.543529500000
1042.255000000  7.900000000 43.478832200000
1042.280030000  7.900000000 42.438674900000
1042.305050000  7.900000000 41.423793800000
1042.329960000  7.900000000 40.434944200000
1042.354980000  7.900000000 39.472820300000
1042.380000000  7.900000000 38.538105000000
1042.405030000  7.900000000 37.631481200000
1042.430050000  7.900000000 36.753578200000
1042.454960000  7.900000000 35.904998800000
1042.479980000  7.900000000 35.086376200000
1042.505000000  7.900000000 34.298240700000
1042.530030000  7.900000000 33.541160600000
1042.555050000  7.900000000 32.815624200000
1042.579960000  7.900000000 32.122131300000
1042.604980000  7.900000000 31.461124400000
1042.630000000  7.900000000 30.833040200000
1042.655030000  7.900000000 30.238279300000
1042.680050000  7.900000000 29.677200300000
1042.704960000  7.900000000 29.150121700000
1042.729980000  7.900000000 28.657400100000
1042.755000000  7.900000000 28.199255000000
1042.780030000  7.900000000 27.775995300000
1042.805050000  7.900000000 27.387809800000
1042.829960000  7.900000000 27.034908300000
1042.854980000  7.900000000 26.717475900000
1042.880000000  7.900000000 26.435672800000
1042.905030000  7.900000000 26.189590500000
1042.930050000  7.900000000 25.979372000000
1042.954960000  7.900000000 25.805093800000
1042.979980000  7.900000000 25.666833900000
1043.005000000  7.900000000 25.564621000000
1043.030030000  7.900000000 25.498497000000
1043.055050000  7.900000000 25.468473400000
1043.079960000  7.900000000 25.474548300000
1043.104980000  7.900000000 25.516687400000
1043.130000000  7.900000000 25.594842900000
1043.155030000  7.900000000 25.708967200000
1043.180050000  7.900000000 25.858976400000
1043.204960000  7.900000000 26.044790300000
1043.229980000  7.900000000 26.266288800000
1043.255000000  7.900000000 26.523355500000
1043.280030000  7.900000000 26.815843600000
1043.305050000  7.900000000 27.143608100000
1043.329960000  7.900000000 27.506464000000
1043.354980000  7.900000000 27.904220600000
1043.380000000  7.900000000 28.336683300000
1043.405030000  7.900000000 28.803640400000
1043.430050000  7.900000000 29.304849600000
1043.454960000  7.900000000 29.840053600000
1043.479980000  7.900000000 30.408996600000
1043.505000000  7.900000000 31.011371600000
1043.530030000  7.900000000 31.646898300000
1043.555050000  7.900000000 32.315216100000
1043.579960000  7.900000000 33.015998800000
1043.604980000  7.900000000 33.748836500000
1043.630000000  7.900000000 34.513374300000
1043.655030000  7.900000000 35.309158300000
1043.680050000  7.900000000 36.135761300000
1043.704960000  7.900000000 36.992702500000
1043.729980000  7.900000000 37.879463200000
1043.755000000  7.900000000 38.795513200000
1043.780030000  7.900000000 39.740303000000
1043.805050000  7.900000000 40.713169100000
1043.829960000  7.900000000 41.713546800000
1043.854980000  7.900000000 42.740730300000
1043.880000000  7.900000000 43.794006300000
1043.905030000  7.900000000 44.872619600000
1043.930050000  7.900000000 45.975811000000
1043.954960000  7.900000000 47.102718400000
1043.979980000  7.900000000 48.252494800000
1044.005000000  7.900000000 49.424274400000
1044.030030000  7.900000000 50.617073100000
1044.055050000  7.900000000 51.829975100000
1044.079960000  7.900000000 53.061954500000
1044.104980000  7.900000000 54.312027000000
1044.130000000  7.900000000 55.579204600000
1044.155030000  7.900000000 56.862434400000
1044.180050000  7.900000000 58.160713200000
1044.204960000  7.900000000 59.473083500000
1044.229980000  7.900000000 60.798568700000
1044.255000000  7.900000000 62.136215200000
1044.280030000  7.900000000 63.485179900000
1044.305050000  7.900000000 64.844581600000
1044.329960000  7.900000000 66.213722200000
1044.354980000  7.900000000 67.591903700000
1044.380000000  7.900000000 68.978508000000
1044.405030000  7.900000000 70.372947700000
1044.430050000  7.900000000 71.774818400000
1044.454960000  7.900000000 73.183670000000
1044.479980000  7.900000000 74.599273700000
1044.505000000  7.900000000 76.021347000000
1044.530030000  7.900000000 77.449722300000
1044.555050000  7.900000000 78.884269700000
1044.579960000  7.900000000 80.324882500000
1044.604980000  7.900000000 81.771537800000
1044.630000000  7.900000000 83.224166900000
1044.655030000  7.900000000 84.682663000000
1044.680050000  7.900000000 86.147041300000
1044.704960000  7.900000000 87.617050200000
1044.729980000  7.900000000 89.092514000000
1044.755000000  7.900000000 90.573272700000
1044.780030000  7.900000000 92.058960000000
1044.805050000  7.900000000 93.549125700000
1044.829960000  7.900000000 95.043098400000
1044.854980000  7.900000000 96.540245100000
1044.880000000  7.900000000 98.039764400000
1044.905030000  7.900000000 99.540603600000
1044.930050000  7.900000000 101.041809000000
1044.954960000  7.900000000 102.541992000000
1044.979980000  7.900000000 104.039734000000
1045.005000000  7.900000000 105.533615000000
1045.030030000  7.900000000 107.022049000000
1045.055050000  7.900000000 108.503128000000
1045.079960000  7.900000000 109.975174000000
1045.104980000  7.900000000 111.436356000000
1045.130000000  7.900000000 112.884636000000
1045.155030000  7.900000000 114.318039000000
1045.180050000  7.900000000 115.734673000000
1045.204960000  7.900000000 117.132591000000
1045.229980000  7.900000000 118.509933000000
1045.255000000  7.900000000 119.864899000000
1045.280030000  7.900000000 121.195755000000
1045.305050000  7.900000000 122.500999000000
1045.329960000  7.900000000 123.778976000000
1045.354980000  7.900000000 125.028534000000
1045.380000000  7.900000000 126.248344000000
1045.405030000  7.900000000 127.437363000000
1045.430050000  7.900000000 128.594894000000
1045.454960000  7.900000000 129.720078000000
1045.479980000  7.900000000 130.812347000000
1045.505000000  7.900000000 131.871094000000
1045.530030000  7.900000000 132.896194000000
1045.555050000  7.900000000 133.887039000000
1045.579960000  7.900000000 134.843735000000
1045.604980000  7.900000000 135.765915000000
1045.630000000  7.900000000 136.653366000000
1045.655030000  7.900000000 137.505981000000
1045.680050000  7.900000000 138.323563000000
1045.704960000  7.900000000 139.105713000000
1045.729980000  7.900000000 139.851852000000
1045.755000000  7.900000000 140.561676000000
1045.780030000  7.900000000 141.234421000000
1045.805050000  7.900000000 141.869110000000
1045.829960000  7.900000000 142.464951000000
1045.854980000  7.900000000 143.020691000000
1045.880000000  7.900000000 143.535049000000
1045.905030000  7.900000000 144.006760000000
1045.930050000  7.900000000 144.433884000000
1045.954960000  7.900000000 144.815277000000
1045.979980000  7.900000000 145.148621000000
1046.005000000  7.900000000 145.432556000000
1046.030030000  7.900000000 145.664978000000
1046.055050000  7.900000000 145.844009000000
1046.079960000  7.900000000 145.968033000000
1046.104980000  7.900000000 146.034943000000
1046.130000000  7.900000000 146.043030000000
1046.155030000  7.900000000 145.990692000000
1046.180050000  7.900000000 145.876404000000
1046.204960000  7.900000000 145.698563000000
1046.229980000  7.900000000 145.456116000000
1046.255000000  7.900000000 145.147507000000
1046.280030000  7.900000000 144.772064000000
1046.305050000  7.900000000 144.329056000000
1046.329960000  7.900000000 143.817917000000
1046.354980000  7.900000000 143.238251000000
1046.380000000  7.900000000 142.589859000000
1046.405030000  7.900000000 141.872971000000
1046.430050000  7.900000000 141.087814000000
1046.454960000  7.900000000 140.235336000000
1046.479980000  7.900000000 139.316086000000
1046.505000000  7.900000000 138.331284000000
1046.530030000  7.900000000 137.282379000000
1046.555050000  7.900000000 136.170822000000
1046.579960000  7.900000000 134.998856000000
1046.604980000  7.900000000 133.768082000000
1046.630000000  7.900000000 132.481308000000
1046.655030000  7.900000000 131.140839000000
1046.680050000  7.900000000 129.749329000000
1046.704960000  7.900000000 128.309830000000
1046.729980000  7.900000000 126.825165000000
1046.755000000  7.900000000 125.298470000000
1046.780030000  7.900000000 123.733032000000
1046.805050000  7.900000000 122.131935000000
1046.829960000  7.900000000 120.498528000000
1046.854980000  7.900000000 118.835876000000
1046.880000000  7.900000000 117.147171000000
1046.905030000  7.900000000 115.435577000000
1046.930050000  7.900000000 113.704216000000
1046.954960000  7.900000000 111.955986000000
1046.979980000  7.900000000 110.193733000000
1047.005000000  7.900000000 108.420151000000
1047.030030000  7.900000000 106.637848000000
1047.055050000  7.900000000 104.849518000000
1047.079960000  7.900000000 103.057426000000
1047.104980000  7.900000000 101.263870000000
1047.130000000  7.900000000 99.471092200000
1047.155030000  7.900000000 97.681205700000
1047.180050000  7.900000000 95.896278400000
1047.204960000  7.900000000 94.118339500000
1047.229980000  7.900000000 92.349227900000
1047.255000000  7.900000000 90.590889000000
1047.280030000  7.900000000 88.845153800000
1047.305050000  7.900000000 87.113815300000
1047.329960000  7.900000000 85.398597700000
1047.354980000  7.900000000 83.701255800000
1047.380000000  7.900000000 82.023521400000
1047.405030000  7.900000000 80.366943400000
1047.430050000  7.900000000 78.733230600000
1047.454960000  7.900000000 77.123779300000
1047.479980000  7.900000000 75.540222200000
1047.505000000  7.900000000 73.983856200000
1047.530030000  7.900000000 72.456069900000
1047.555050000  7.900000000 70.958099400000
1047.579960000  7.900000000 69.491134600000
1047.604980000  7.900000000 68.056266800000
1047.630000000  7.900000000 66.654411300000
1047.655030000  7.900000000 65.286491400000
1047.680050000  7.900000000 63.953224200000
1047.704960000  7.900000000 62.655323000000
1047.729980000  7.900000000 61.393291500000
1047.755000000  7.900000000 60.167659800000
1047.780030000  7.900000000 58.978756000000
1047.805050000  7.900000000 57.826843300000
1047.829960000  7.900000000 56.712074300000
1047.854980000  7.900000000 55.634586300000
1047.880000000  7.900000000 54.594375600000
1047.905030000  7.900000000 53.591350600000
1047.930050000  7.900000000 52.625392900000
1047.954960000  7.900000000 51.696323400000
1047.979980000  7.900000000 50.803848300000
1048.005000000  7.900000000 49.947654700000
1048.030030000  7.900000000 49.127391800000
1048.055050000  7.900000000 48.342601800000
1048.079960000  7.900000000 47.592845900000
1048.104980000  7.900000000 46.877597800000
1048.130000000  7.900000000 46.196281400000
1048.155030000  7.900000000 45.548305500000
1048.180050000  7.900000000 44.932960500000
1048.204960000  7.900000000 44.349586500000
1048.229980000  7.900000000 43.797424300000
1048.255000000  7.900000000 43.275650000000
1048.280030000  7.900000000 42.783454900000
1048.305050000  7.900000000 42.319931000000
1048.329960000  7.900000000 41.884140000000
1048.354980000  7.900000000 41.475112900000
1048.380000000  7.900000000 41.091869400000
1048.405030000  7.900000000 40.733345000000
1048.430050000  7.900000000 40.398548100000
1048.454960000  7.900000000 40.086406700000
1048.479980000  7.900000000 39.795890800000
1048.505000000  7.900000000 39.525928500000
1048.530030000  7.900000000 39.275524100000
1048.555050000  7.900000000 39.043712600000
1048.579960000  7.900000000 38.829586000000
1048.604980000  7.900000000 38.632267000000
1048.630000000  7.900000000 38.451026900000
1048.655030000  7.900000000 38.285198200000
1048.680050000  7.900000000 38.134208700000
1048.704960000  7.900000000 37.997634900000
1048.729980000  7.900000000 37.875160200000
1048.755000000  7.900000000 37.766613000000
1048.780030000  7.900000000 37.671970400000
1048.805050000  7.900000000 37.591327700000
1048.829960000  7.900000000 37.524948100000
1048.854980000  7.900000000 37.473194100000
1048.880000000  7.900000000 37.436573000000
1048.905030000  7.900000000 37.415702800000
1048.930050000  7.900000000 37.411327400000
1048.954960000  7.900000000 37.424236300000
1048.979980000  7.900000000 37.455333700000
1049.005000000  7.900000000 37.505577100000
1049.030030000  7.900000000 37.575973500000
1049.055050000  7.900000000 37.667533900000
1049.079960000  7.900000000 37.781311000000
1049.104980000  7.900000000 37.918365500000
1049.130000000  7.900000000 38.079750100000
1049.155030000  7.900000000 38.266471900000
1049.180050000  7.900000000 38.479538000000
1049.204960000  7.900000000 38.719940200000
1049.229980000  7.900000000 38.988590200000
1049.255000000  7.900000000 39.286373100000
1049.280030000  7.900000000 39.614112900000
1049.305050000  7.900000000 39.972641000000
1049.329960000  7.900000000 40.362667100000
1049.354980000  7.900000000 40.784877800000
1049.380000000  7.900000000 41.239906300000
1049.405030000  7.900000000 41.728317300000
1049.430050000  7.900000000 42.250675200000
1049.454960000  7.900000000 42.807434100000
1049.479980000  7.900000000 43.399009700000
1049.505000000  7.900000000 44.025775900000
1049.530030000  7.900000000 44.688072200000
1049.555050000  7.900000000 45.386146500000
1049.579960000  7.900000000 46.120216400000
1049.604980000  7.900000000 46.890445700000
1049.630000000  7.900000000 47.696937600000
1049.655030000  7.900000000 48.539741500000
1049.680050000  7.900000000 49.418865200000
1049.704960000  7.900000000 50.334255200000
1049.729980000  7.900000000 51.285785700000
1049.755000000  7.900000000 52.273262000000
1049.780030000  7.900000000 53.296466800000
1049.805050000  7.900000000 54.355140700000
1049.829960000  7.900000000 55.448886900000
1049.854980000  7.900000000 56.577308700000
1049.880000000  7.900000000 57.739910100000
1049.905030000  7.900000000 58.936183900000
1049.930050000  7.900000000 60.165535000000
1049.954960000  7.900000000 61.427310900000
1049.979980000  7.900000000 62.720783200000
1050.005000000  7.900000000 64.045158400000
1050.030030000  7.900000000 65.399597200000
1050.055050000  7.900000000 66.783157300000
1050.079960000  7.900000000 68.194885300000
1050.104980000  7.900000000 69.633705100000
1050.130000000  7.900000000 71.098426800000
1050.155030000  7.900000000 72.587791400000
1050.180050000  7.900000000 74.100372300000
1050.204960000  7.900000000 75.634758000000
1050.229980000  7.900000000 77.189239500000
1050.255000000  7.900000000 78.762039200000
1050.280030000  7.900000000 80.351211500000
1050.305050000  7.900000000 81.954582200000
1050.329960000  7.900000000 83.569892900000
1050.354980000  7.900000000 85.194557200000
1050.380000000  7.900000000 86.825912500000
1050.405030000  7.900000000 88.460960400000
1050.430050000  7.900000000 90.096656800000
1050.454960000  7.900000000 91.729621900000
1050.479980000  7.900000000 93.356460600000
1050.505000000  7.900000000 94.973495500000
1050.530030000  7.900000000 96.576911900000
1050.555050000  7.900000000 98.162941000000
1050.579960000  7.900000000 99.727638200000
1050.604980000  7.900000000 101.267105000000
1050.630000000  7.900000000 102.777397000000
1050.655030000  7.900000000 104.254730000000
1050.680050000  7.900000000 105.695457000000
1050.704960000  7.900000000 107.096016000000
1050.729980000  7.900000000 108.453209000000
1050.755000000  7.900000000 109.763931000000
1050.780030000  7.900000000 111.025475000000
1050.805050000  7.900000000 112.235558000000
1050.829960000  7.900000000 113.391983000000
1050.854980000  7.900000000 114.493172000000
1050.880000000  7.900000000 115.537750000000
1050.905030000  7.900000000 116.524895000000
1050.930050000  7.900000000 117.453911000000
1050.954960000  7.900000000 118.324692000000
1050.979980000  7.900000000 119.137207000000
1051.005000000  7.900000000 119.891983000000
1051.030030000  7.900000000 120.589622000000
1051.055050000  7.900000000 121.231102000000
1051.079960000  7.900000000 121.817314000000
1051.104980000  7.900000000 122.349724000000
1051.130000000  7.900000000 122.829735000000
1051.155030000  7.900000000 123.258942000000
1051.180050000  7.900000000 123.638924000000
1051.204960000  7.900000000 123.971390000000
1051.229980000  7.900000000 124.258179000000
1051.255000000  7.900000000 124.501122000000
1051.280030000  7.900000000 124.702141000000
1051.305050000  7.900000000 124.863152000000
1051.329960000  7.900000000 124.986031000000
1051.354980000  7.900000000 125.072990000000
1051.380000000  7.900000000 125.125809000000
1051.405030000  7.900000000 125.146683000000
1051.430050000  7.900000000 125.137688000000
1051.454960000  7.900000000 125.100906000000
1051.479980000  7.900000000 125.038475000000
1051.505000000  7.900000000 124.952469000000
1051.530030000  7.900000000 124.844963000000
1051.555050000  7.900000000 124.717941000000
1051.579960000  7.900000000 124.573387000000
1051.604980000  7.900000000 124.413200000000
1051.630000000  7.900000000 124.239120000000
1051.655030000  7.900000000 124.052650000000
1051.680050000  7.900000000 123.855301000000
1051.704960000  7.900000000 123.648216000000
1051.729980000  7.900000000 123.432449000000
1051.755000000  7.900000000 123.208908000000
1051.780030000  7.900000000 122.977989000000
1051.805050000  7.900000000 122.740044000000
1051.829960000  7.900000000 122.495049000000
1051.854980000  7.900000000 122.242928000000
1051.880000000  7.900000000 121.983040000000
1051.905030000  7.900000000 121.714783000000
1051.930050000  7.900000000 121.437126000000
1051.954960000  7.900000000 121.148949000000
1051.979980000  7.900000000 120.848923000000
1052.005000000  7.900000000 120.535469000000
1052.030030000  7.900000000 120.206955000000
1052.055050000  7.900000000 119.861588000000
1052.079960000  7.900000000 119.497581000000
1052.104980000  7.900000000 119.112900000000
1052.130000000  7.900000000 118.705772000000
1052.155030000  7.900000000 118.274254000000
1052.180050000  7.900000000 117.816498000000
1052.204960000  7.900000000 117.330742000000
1052.229980000  7.900000000 116.815392000000
1052.255000000  7.900000000 116.268723000000
1052.280030000  7.900000000 115.689476000000
1052.305050000  7.900000000 115.076370000000
1052.329960000  7.900000000 114.428345000000
1052.354980000  7.900000000 113.744453000000
1052.380000000  7.900000000 113.024048000000
1052.405030000  7.900000000 112.266632000000
1052.430050000  7.900000000 111.472000000000
1052.454960000  7.900000000 110.639961000000
1052.479980000  7.900000000 109.770638000000
1052.505000000  7.900000000 108.864426000000
1052.530030000  7.900000000 107.921822000000
1052.555050000  7.900000000 106.943413000000
1052.579960000  7.900000000 105.930023000000
1052.604980000  7.900000000 104.882889000000
1052.630000000  7.900000000 103.802956000000
1052.655030000  7.900000000 102.691498000000
1052.680050000  7.900000000 101.550018000000
1052.704960000  7.900000000 100.379967000000
1052.729980000  7.900000000 99.182952900000
1052.755000000  7.900000000 97.960464500000
1052.780030000  7.900000000 96.714355500000
1052.805050000  7.900000000 95.446266200000
1052.829960000  7.900000000 94.157928500000
1052.854980000  7.900000000 92.851097100000
1052.880000000  7.900000000 91.527534500000
1052.905030000  7.900000000 90.188812300000
1052.930050000  7.900000000 88.836792000000
1052.954960000  7.900000000 87.473060600000
1052.979980000  7.900000000 86.099159200000
1053.005000000  7.900000000 84.716705300000
1053.030030000  7.900000000 83.327179000000
1053.055050000  7.900000000 81.932014500000
1053.079960000  7.900000000 80.532531700000
1053.104980000  7.900000000 79.130111700000
1053.130000000  7.900000000 77.725967400000
1053.155030000  7.900000000 76.321312000000
1053.180050000  7.900000000 74.917236300000
1053.204960000  7.900000000 73.514816300000
1053.229980000  7.900000000 72.115066500000
1053.255000000  7.900000000 70.718879700000
1053.280030000  7.900000000 69.327224700000
1053.305050000  7.900000000 67.940910300000
1053.329960000  7.900000000 66.560752900000
1053.354980000  7.900000000 65.187500000000
1053.380000000  7.900000000 63.821842200000
1053.405030000  7.900000000 62.464366900000
1053.430050000  7.900000000 61.115791300000
1053.454960000  7.900000000 59.776634200000
1053.479980000  7.900000000 58.447433500000
1053.505000000  7.900000000 57.128734600000
1053.530030000  7.900000000 55.820919000000
1053.555050000  7.900000000 54.524490400000
1053.579960000  7.900000000 53.239753700000
1053.604980000  7.900000000 51.967121100000
1053.630000000  7.900000000 50.706913000000
1053.655030000  7.900000000 49.459423100000
1053.680050000  7.900000000 48.224918400000
1053.704960000  7.900000000 47.003631600000
1053.729980000  7.900000000 45.795784000000
1053.755000000  7.900000000 44.601589200000
1053.780030000  7.900000000 43.421218900000
1053.805050000  7.900000000 42.254844700000
1053.829960000  7.900000000 41.102600100000
1053.854980000  7.900000000 39.964611100000
1053.880000000  7.900000000 38.841033900000
1053.905030000  7.900000000 37.731975600000
1053.930050000  7.900000000 36.637580900000
1053.954960000  7.900000000 35.557968100000
1053.979980000  7.900000000 34.493301400000
1054.005000000  7.900000000 33.443744700000
1054.030030000  7.900000000 32.409458200000
1054.055050000  7.900000000 31.390621200000
1054.079960000  7.900000000 30.387451200000
1054.104980000  7.900000000 29.400167500000
1054.130000000  7.900000000 28.429016100000
1054.155030000  7.900000000 27.474235500000
1054.180050000  7.900000000 26.536117600000
1054.204960000  7.900000000 25.614946400000
1054.229980000  7.900000000 24.711036700000
1054.255000000  7.900000000 23.824682200000
1054.280030000  7.900000000 22.956234000000
1054.305050000  7.900000000 22.105999000000
1054.329960000  7.900000000 21.274316800000
1054.354980000  7.900000000 20.461505900000
1054.380000000  7.900000000 19.667896300000
1054.405030000  7.900000000 18.893774000000
1054.430050000  7.900000000 18.139459600000
1054.454960000  7.900000000 17.405212400000
1054.479980000  7.900000000 16.691307100000
1054.505000000  7.900000000 15.997955300000
1054.530030000  7.900000000 15.325376500000
1054.555050000  7.900000000 14.673745200000
1054.579960000  7.900000000 14.043226200000
1054.604980000  7.900000000 13.433951400000
1054.630000000  7.900000000 12.846028300000
1054.655030000  7.900000000 12.279543900000
1054.680050000  7.900000000 11.734572400000
1054.704960000  7.900000000 11.211159700000
1054.729980000  7.900000000 10.709340100000
1054.755000000  7.900000000 10.229132700000
1054.780030000  7.900000000 9.770542140000
1054.805050000  7.900000000 9.333562850000
1054.829960000  7.900000000 8.918183330000
1054.854980000  7.900000000 8.524394990000
1054.880000000  7.900000000 8.152169230000
1054.905030000  7.900000000 7.801489830000
1054.930050000  7.900000000 7.472328190000
1054.954960000  7.900000000 7.164661880000
1054.979980000  7.900000000 6.878467080000
1055.005000000  7.900000000 6.613717560000
1055.030030000  7.900000000 6.370392320000
1055.055050000  7.900000000 6.148466110000
1055.079960000  7.900000000 5.947918420000
1055.104980000  7.900000000 5.768726350000
1055.130000000  7.900000000 5.610859390000
1055.155030000  7.900000000 5.474283700000
1055.180050000  7.900000000 5.358966830000
1055.204960000  7.900000000 5.264855380000
1055.229980000  7.900000000 5.191895010000
1055.255000000  7.900000000 5.140016560000
1055.280030000  7.900000000 5.109134670000
1055.305050000  7.900000000 5.099144940000
1055.329960000  7.900000000 5.109926700000
1055.354980000  7.900000000 5.141338830000
1055.380000000  7.900000000 5.193209650000
1055.405030000  7.900000000 5.265350820000
1055.430050000  7.900000000 5.357542040000
1055.454960000  7.900000000 5.469538690000
1055.479980000  7.900000000 5.601066590000
1055.505000000  7.900000000 5.751825330000
1055.530030000  7.900000000 5.921484950000
1055.555050000  7.900000000 6.109684940000
1055.579960000  7.900000000 6.316041950000
1055.604980000  7.900000000 6.540147300000
1055.630000000  7.900000000 6.781563760000
1055.655030000  7.900000000 7.039835450000
1055.680050000  7.900000000 7.314484600000
1055.704960000  7.900000000 7.605016230000
1055.729980000  7.900000000 7.910918710000
1055.755000000  7.900000000 8.231669430000
1055.780030000  7.900000000 8.566735270000
1055.805050000  7.900000000 8.915573120000
1055.829960000  7.900000000 9.277636530000
1055.854980000  7.900000000 9.652373310000
1055.880000000  7.900000000 10.039232300000
1055.905030000  7.900000000 10.437658300000
1055.930050000  7.900000000 10.847101200000
1055.954960000  7.900000000 11.267008800000
1055.979980000  7.900000000 11.696834600000
1056.005000000  7.900000000 12.136042600000
1056.030030000  7.900000000 12.584091200000
1056.055050000  7.900000000 13.040453000000
1056.079960000  7.900000000 13.504610100000
1056.104980000  7.900000000 13.976046600000
1056.130000000  7.900000000 14.454248400000
1056.155030000  7.900000000 14.938717800000
1056.180050000  7.900000000 15.428958900000
1056.204960000  7.900000000 15.924479500000
1056.229980000  7.900000000 16.424802800000
1056.255000000  7.900000000 16.929443400000
1056.280030000  7.900000000 17.437919600000
1056.305050000  7.900000000 17.949760400000
1056.329960000  7.900000000 18.464490900000
1056.354980000  7.900000000 18.981651300000
1056.380000000  7.900000000 19.500768700000
1056.405030000  7.900000000 20.021381400000
1056.430050000  7.900000000 20.543029800000
1056.454960000  7.900000000 21.065248500000
1056.479980000  7.900000000 21.587598800000
1056.505000000  7.900000000 22.109632500000
1056.530030000  7.900000000 22.630916600000
1056.555050000  7.900000000 23.151022000000
1056.579960000  7.900000000 23.669544200000
1056.604980000  7.900000000 24.186079000000
1056.630000000  7.900000000 24.700252500000
1056.655030000  7.900000000 25.211708100000
1056.680050000  7.900000000 25.720113800000
1056.704960000  7.900000000 26.225160600000
1056.729980000  7.900000000 26.726568200000
1056.755000000  7.900000000 27.224090600000
1056.780030000  7.900000000 27.717496900000
1056.805050000  7.900000000 28.206615400000
1056.829960000  7.900000000 28.691312800000
1056.854980000  7.900000000 29.171461100000
1056.880000000  7.900000000 29.646976500000
1056.905030000  7.900000000 30.117828400000
1056.930050000  7.900000000 30.584018700000
1056.954960000  7.900000000 31.045549400000
1056.979980000  7.900000000 31.502492900000
1057.005000000  7.900000000 31.954956100000
1057.030030000  7.900000000 32.403034200000
1057.055050000  7.900000000 32.846897100000
1057.079960000  7.900000000 33.286689800000
1057.104980000  7.900000000 33.722618100000
1057.130000000  7.900000000 34.154888200000
1057.155030000  7.900000000 34.583717300000
1057.180050000  7.900000000 35.009346000000
1057.204960000  7.900000000 35.431991600000
1057.229980000  7.900000000 35.851932500000
1057.255000000  7.900000000 36.269386300000
1057.280030000  7.900000000 36.684608500000
1057.305050000  7.900000000 37.097820300000
1057.329960000  7.900000000 37.509269700000
1057.354980000  7.900000000 37.919193300000
1057.380000000  7.900000000 38.327751200000
1057.405030000  7.900000000 38.735187500000
1057.430050000  7.900000000 39.141677900000
1057.454960000  7.900000000 39.547382400000
1057.479980000  7.900000000 39.952465100000
1057.505000000  7.900000000 40.357063300000
1057.530030000  7.900000000 40.761283900000
1057.555050000  7.900000000 41.165256500000
1057.579960000  7.900000000 41.569023100000
1057.604980000  7.900000000 41.972660100000
1057.630000000  7.900000000 42.376182600000
1057.655030000  7.900000000 42.779598200000
1057.680050000  7.900000000 43.182876600000
1057.704960000  7.900000000 43.585956600000
1057.729980000  7.900000000 43.988746600000
1057.755000000  7.900000000 44.391128500000
1057.780030000  7.900000000 44.792953500000
1057.805050000  7.900000000 45.194007900000
1057.829960000  7.900000000 45.594089500000
1057.854980000  7.900000000 45.992916100000
1057.880000000  7.900000000 46.390205400000
1057.905030000  7.900000000 46.785621600000
1057.930050000  7.900000000 47.178806300000
1057.954960000  7.900000000 47.569381700000
1057.979980000  7.900000000 47.956916800000
1058.005000000  7.900000000 48.340953800000
1058.030030000  7.900000000 48.721080800000
1058.055050000  7.900000000 49.096767400000
1058.079960000  7.900000000 49.467552200000
1058.104980000  7.900000000 49.832901000000
1058.130000000  7.900000000 50.192306500000
1058.155030000  7.900000000 50.545261400000
1058.180050000  7.900000000 50.891204800000
1058.204960000  7.900000000 51.229606600000
1058.229980000  7.900000000 51.559963200000
1058.255000000  7.900000000 51.881732900000
1058.280030000  7.900000000 52.194404600000
1058.305050000  7.900000000 52.497459400000
1058.329960000  7.900000000 52.790367100000
1058.354980000  7.900000000 53.072631800000
1058.380000000  7.900000000 53.343753800000
1058.405030000  7.900000000 53.603206600000
1058.430050000  7.900000000 53.850536300000
1058.454960000  7.900000000 54.085243200000
1058.479980000  7.900000000 54.306823700000
1058.505000000  7.900000000 54.514797200000
1058.530030000  7.900000000 54.708721200000
1058.555050000  7.900000000 54.888114900000
1058.579960000  7.900000000 55.052513100000
1058.604980000  7.900000000 55.201515200000
1058.630000000  7.900000000 55.334640500000
1058.655030000  7.900000000 55.451484700000
1058.680050000  7.900000000 55.551654800000
1058.704960000  7.900000000 55.634788500000
1058.729980000  7.900000000 55.700515700000
1058.755000000  7.900000000 55.748539000000
1058.780030000  7.900000000 55.778579700000
1058.805050000  7.900000000 55.790386200000
1058.829960000  7.900000000 55.783794400000
1058.854980000  7.900000000 55.758663200000
1058.880000000  7.900000000 55.714843800000
1058.905030000  7.900000000 55.652347600000
1058.930050000  7.900000000 55.571147900000
1058.954960000  7.900000000 55.471355400000
1058.979980000  7.900000000 55.353088400000
1059.005000000  7.900000000 55.216522200000
1059.030030000  7.900000000 55.061862900000
1059.055050000  7.900000000 54.889465300000
1059.079960000  7.900000000 54.699668900000
1059.104980000  7.900000000 54.492813100000
1059.130000000  7.900000000 54.269386300000
1059.155030000  7.900000000 54.029872900000
1059.180050000  7.900000000 53.774761200000
1059.204960000  7.900000000 53.504566200000
1059.229980000  7.900000000 53.219860100000
1059.255000000  7.900000000 52.921192200000
1059.280030000  7.900000000 52.609134700000
1059.305050000  7.900000000 52.284252200000
1059.329960000  7.900000000 51.947094000000
1059.354980000  7.900000000 51.598194100000
1059.380000000  7.900000000 51.238071400000
1059.405030000  7.900000000 50.867321000000
1059.430050000  7.900000000 50.486366300000
1059.454960000  7.900000000 50.095634500000
1059.479980000  7.900000000 49.695652000000
1059.505000000  7.900000000 49.286819500000
1059.530030000  7.900000000 48.869514500000
1059.555050000  7.900000000 48.444160500000
1059.579960000  7.900000000 48.011123700000
1059.604980000  7.900000000 47.570739700000
1059.630000000  7.900000000 47.123348200000
1059.655030000  7.900000000 46.669357300000
1059.680050000  7.900000000 46.209007300000
1059.704960000  7.900000000 45.742652900000
1059.729980000  7.900000000 45.270675700000
1059.755000000  7.900000000 44.793403600000
1059.780030000  7.900000000 44.311149600000
1059.805050000  7.900000000 43.824317900000
1059.829960000  7.900000000 43.333221400000
1059.854980000  7.900000000 42.838321700000
1059.880000000  7.900000000 42.339927700000
1059.905030000  7.900000000 41.838497200000
1059.930050000  7.900000000 41.334407800000
1059.954960000  7.900000000 40.828132600000
1059.979980000  7.900000000 40.320056900000
1060.005000000  7.900000000 39.810642200000
1060.030030000  7.900000000 39.300319700000
1060.055050000  7.900000000 38.789547000000
1060.079960000  7.900000000 38.278739900000
1060.104980000  7.900000000 37.768337200000
1060.130000000  7.900000000 37.258785200000
1060.155030000  7.900000000 36.750457800000
1060.180050000  7.900000000 36.243778200000
1060.204960000  7.900000000 35.739139600000
1060.229980000  7.900000000 35.236896500000
1060.255000000  7.900000000 34.737400100000
1060.280030000  7.900000000 34.241016400000
1060.305050000  7.900000000 33.748039200000
1060.329960000  7.900000000 33.258789100000
1060.354980000  7.900000000 32.773529100000
1060.380000000  7.900000000 32.292533900000
1060.405030000  7.900000000 31.816034300000
1060.430050000  7.900000000 31.344251600000
1060.454960000  7.900000000 30.877384200000
1060.479980000  7.900000000 30.415628400000
1060.505000000  7.900000000 29.959140800000
1060.530030000  7.900000000 29.508060500000
1060.555050000  7.900000000 29.062551500000
1060.579960000  7.900000000 28.622711200000
1060.604980000  7.900000000 28.188631100000
1060.630000000  7.900000000 27.760416000000
1060.655030000  7.900000000 27.338150000000
1060.680050000  7.900000000 26.921878800000
1060.704960000  7.900000000 26.511695900000
1060.729980000  7.900000000 26.107645000000
1060.755000000  7.900000000 25.709762600000
1060.780030000  7.900000000 25.318092300000
1060.805050000  7.900000000 24.932703000000
1060.829960000  7.900000000 24.553606000000
1060.854980000  7.900000000 24.180849100000
1060.880000000  7.900000000 23.814479800000
1060.905030000  7.900000000 23.454519300000
1060.930050000  7.900000000 23.101013200000
1060.954960000  7.900000000 22.754005400000
1060.979980000  7.900000000 22.413522700000
1061.005000000  7.900000000 22.079614600000
1061.030030000  7.900000000 21.752340300000
1061.055050000  7.900000000 21.431711200000
1061.079960000  7.900000000 21.117788300000
1061.104980000  7.900000000 20.810592700000
1061.130000000  7.900000000 20.510166200000
1061.155030000  7.900000000 20.216556500000
1061.180050000  7.900000000 19.929786700000
1061.204960000  7.900000000 19.649892800000
1061.229980000  7.900000000 19.376913100000
1061.255000000  7.900000000 19.110876100000
1061.280030000  7.900000000 18.851804700000
1061.305050000  7.900000000 18.599744800000
1061.329960000  7.900000000 18.354726800000
1061.354980000  7.900000000 18.116788900000
1061.380000000  7.900000000 17.885961500000
1061.405030000  7.900000000 17.662313500000
1061.430050000  7.900000000 17.445882800000
1061.454960000  7.900000000 17.236751600000
1061.479980000  7.900000000 17.034990300000
1061.505000000  7.900000000 16.840705900000
1061.530030000  7.900000000 16.654003100000
1061.555050000  7.900000000 16.475017500000
1061.579960000  7.900000000 16.303894000000
1061.604980000  7.900000000 16.140810000000
1061.630000000  7.900000000 15.985955200000
1061.655030000  7.900000000 15.839548100000
1061.680050000  7.900000000 15.701822300000
1061.704960000  7.900000000 15.573042900000
1061.729980000  7.900000000 15.453490300000
1061.755000000  7.900000000 15.343466800000
1061.780030000  7.900000000 15.243290900000
1061.805050000  7.900000000 15.153304100000
1061.829960000  7.900000000 15.073854400000
1061.854980000  7.900000000 15.005311000000
1061.880000000  7.900000000 14.948052400000
1061.905030000  7.900000000 14.902438200000
1061.930050000  7.900000000 14.868869800000
1061.954960000  7.900000000 14.847721100000
1061.979980000  7.900000000 14.839376400000
1062.005000000  7.900000000 14.844202000000
1062.030030000  7.900000000 14.862560300000
1062.055050000  7.900000000 14.894814500000
1062.079960000  7.900000000 14.941273700000
1062.104980000  7.900000000 15.002266900000
1062.130000000  7.900000000 15.078074500000
1062.155030000  7.900000000 15.168953900000
1062.180050000  7.900000000 15.275146500000
1062.204960000  7.900000000 15.396849600000
1062.229980000  7.900000000 15.534233100000
1062.255000000  7.900000000 15.687417000000
1062.280030000  7.900000000 15.856518700000
1062.305050000  7.900000000 16.041587800000
1062.329960000  7.900000000 16.242652900000
1062.354980000  7.900000000 16.459705400000
1062.380000000  7.900000000 16.692693700000
1062.405030000  7.900000000 16.941537900000
1062.430050000  7.900000000 17.206131000000
1062.454960000  7.900000000 17.486335800000
1062.479980000  7.900000000 17.781974800000
1062.505000000  7.900000000 18.092853500000
1062.530030000  7.900000000 18.418764100000
1062.555050000  7.900000000 18.759454700000
1062.579960000  7.900000000 19.114681200000
1062.604980000  7.900000000 19.484161400000
1062.630000000  7.900000000 19.867624300000
1062.655030000  7.900000000 20.264772400000
1062.680050000  7.900000000 20.675300600000
1062.704960000  7.900000000 21.098901700000
1062.729980000  7.900000000 21.535263100000
1062.755000000  7.900000000 21.984069800000
1062.780030000  7.900000000 22.445001600000
1062.805050000  7.900000000 22.917747500000
1062.829960000  7.900000000 23.401994700000
1062.854980000  7.900000000 23.897440000000
1062.880000000  7.900000000 24.403783800000
1062.905030000  7.900000000 24.920724900000
1062.930050000  7.900000000 25.447975200000
1062.954960000  7.900000000 25.985242800000
1062.979980000  7.900000000 26.532249500000
1063.005000000  7.900000000 27.088718400000
1063.030030000  7.900000000 27.654363600000
1063.055050000  7.900000000 28.228920000000
1063.079960000  7.900000000 28.812095600000
1063.104980000  7.900000000 29.403617900000
1063.130000000  7.900000000 30.003189100000
1063.155030000  7.900000000 30.610515600000
1063.180050000  7.900000000 31.225288400000
1063.204960000  7.900000000 31.847160300000
1063.229980000  7.900000000 32.475830100000
1063.255000000  7.900000000 33.110889400000
1063.280030000  7.900000000 33.751964600000
1063.305050000  7.900000000 34.398601500000
1063.329960000  7.900000000 35.050357800000
1063.354980000  7.900000000 35.706722300000
1063.380000000  7.900000000 36.367126500000
1063.405030000  7.900000000 37.030998200000
1063.430050000  7.900000000 37.697677600000
1063.454960000  7.900000000 38.366451300000
1063.479980000  7.900000000 39.036582900000
1063.505000000  7.900000000 39.707271600000
1063.530030000  7.900000000 40.377643600000
1063.555050000  7.900000000 41.046802500000
1063.579960000  7.900000000 41.713840500000
1063.604980000  7.900000000 42.377761800000
1063.630000000  7.900000000 43.037571000000
1063.655030000  7.900000000 43.692249300000
1063.680050000  7.900000000 44.340778400000
1063.704960000  7.900000000 44.982101400000
1063.729980000  7.900000000 45.615242000000
1063.755000000  7.900000000 46.239193000000
1063.780030000  7.900000000 46.852993000000
1063.805050000  7.900000000 47.455757100000
1063.829960000  7.900000000 48.046592700000
1063.854980000  7.900000000 48.624694800000
1063.880000000  7.900000000 49.189334900000
1063.905030000  7.900000000 49.739860500000
1063.930050000  7.900000000 50.275669100000
1063.954960000  7.900000000 50.796203600000
1063.979980000  7.900000000 51.301082600000
1064.005000000  7.900000000 51.789878800000
1064.030030000  7.900000000 52.262294800000
1064.055050000  7.900000000 52.718170200000
1064.079960000  7.900000000 53.157310500000
1064.104980000  7.900000000 53.579624200000
1064.130000000  7.900000000 53.985103600000
1064.155030000  7.900000000 54.373783100000
1064.180050000  7.900000000 54.745716100000
1064.204960000  7.900000000 55.101093300000
1064.229980000  7.900000000 55.440059700000
1064.255000000  7.900000000 55.762828800000
1064.280030000  7.900000000 56.069679300000
1064.305050000  7.900000000 56.360885600000
1064.329960000  7.900000000 56.636779800000
1064.354980000  7.900000000 56.897697400000
1064.380000000  7.900000000 57.144023900000
1064.405030000  7.900000000 57.376087200000
1064.430050000  7.900000000 57.594291700000
1064.454960000  7.900000000 57.798992200000
1064.479980000  7.900000000 57.990566300000
1064.505000000  7.900000000 58.169403100000
1064.530030000  7.900000000 58.335815400000
1064.555050000  7.900000000 58.490165700000
1064.579960000  7.900000000 58.632728600000
1064.604980000  7.900000000 58.763748200000
1064.630000000  7.900000000 58.883495300000
1064.655030000  7.900000000 58.992141700000
1064.680050000  7.900000000 59.089870500000
1064.704960000  7.900000000 59.176734900000
1064.729980000  7.900000000 59.252876300000
1064.755000000  7.900000000 59.318275500000
1064.780030000  7.900000000 59.372921000000
1064.805050000  7.900000000 59.416801500000
1064.829960000  7.900000000 59.449810000000
1064.854980000  7.900000000 59.471851300000
1064.880000000  7.900000000 59.482757600000
1064.905030000  7.900000000 59.482387500000
1064.930050000  7.900000000 59.470546700000
1064.954960000  7.900000000 59.447013900000
1064.979980000  7.900000000 59.411602000000
1065.005000000  7.900000000 59.364028900000
1065.030030000  7.900000000 59.304069500000
1065.055050000  7.900000000 59.231460600000
1065.079960000  7.900000000 59.145961800000
1065.104980000  7.900000000 59.047248800000
1065.130000000  7.900000000 58.935085300000
1065.155030000  7.900000000 58.809143100000
1065.180050000  7.900000000 58.669193300000
1065.204960000  7.900000000 58.514934500000
1065.229980000  7.900000000 58.346073200000
1065.255000000  7.900000000 58.162353500000
1065.280030000  7.900000000 57.963508600000
1065.305050000  7.900000000 57.749336200000
1065.329960000  7.900000000 57.519577000000
1065.354980000  7.900000000 57.274131800000
1065.380000000  7.900000000 57.012710600000
1065.405030000  7.900000000 56.735347700000
1065.430050000  7.900000000 56.441898300000
1065.454960000  7.900000000 56.132377600000
1065.479980000  7.900000000 55.806869500000
1065.505000000  7.900000000 55.465457900000
1065.530030000  7.900000000 55.108314500000
1065.555050000  7.900000000 54.735683400000
1065.579960000  7.900000000 54.347885100000
1065.604980000  7.900000000 53.945308700000
1065.630000000  7.900000000 53.528373700000
1065.655030000  7.900000000 53.097583800000
1065.680050000  7.900000000 52.653526300000
1065.704960000  7.900000000 52.196754500000
1065.729980000  7.900000000 51.727897600000
1065.755000000  7.900000000 51.247657800000
1065.780030000  7.900000000 50.756736800000
1065.805050000  7.900000000 50.255844100000
1065.829960000  7.900000000 49.745632200000
1065.854980000  7.900000000 49.226837200000
1065.880000000  7.900000000 48.700161000000
1065.905030000  7.900000000 48.166301700000
1065.930050000  7.900000000 47.625877400000
1065.954960000  7.900000000 47.079536400000
1065.979980000  7.900000000 46.527889300000
1066.005000000  7.900000000 45.971447000000
1066.030030000  7.900000000 45.410751300000
1066.055050000  7.900000000 44.846305800000
1066.079960000  7.900000000 44.278556800000
1066.104980000  7.900000000 43.707920100000
1066.130000000  7.900000000 43.134780900000
1066.155030000  7.900000000 42.559452100000
1066.180050000  7.900000000 41.982284500000
1066.204960000  7.900000000 41.403556800000
1066.229980000  7.900000000 40.823547400000
1066.255000000  7.900000000 40.242485000000
1066.280030000  7.900000000 39.660621600000
1066.305050000  7.900000000 39.078182200000
1066.329960000  7.900000000 38.495410900000
1066.354980000  7.900000000 37.912498500000
1066.380000000  7.900000000 37.329742400000
1066.405030000  7.900000000 36.747318300000
1066.430050000  7.900000000 36.165512100000
1066.454960000  7.900000000 35.584640500000
1066.479980000  7.900000000 35.004966700000
1066.505000000  7.900000000 34.426822700000
1066.530030000  7.900000000 33.850524900000
1066.555050000  7.900000000 33.276447300000
1066.579960000  7.900000000 32.704914100000
1066.604980000  7.900000000 32.136325800000
1066.630000000  7.900000000 31.571071600000
1066.655030000  7.900000000 31.009519600000
1066.680050000  7.900000000 30.452089300000
1066.704960000  7.900000000 29.899145100000
1066.729980000  7.900000000 29.351079900000
1066.755000000  7.900000000 28.808250400000
1066.780030000  7.900000000 28.271019000000
1066.805050000  7.900000000 27.739692700000
1066.829960000  7.900000000 27.214584400000
1066.854980000  7.900000000 26.695993400000
1066.880000000  7.900000000 26.184154500000
1066.905030000  7.900000000 25.679306000000
1066.930050000  7.900000000 25.181650200000
1066.954960000  7.900000000 24.691366200000
1066.979980000  7.900000000 24.208614300000
1067.005000000  7.900000000 23.733522400000
1067.030030000  7.900000000 23.266212500000
1067.055050000  7.900000000 22.806774100000
1067.079960000  7.900000000 22.355302800000
1067.104980000  7.900000000 21.911865200000
1067.130000000  7.900000000 21.476528200000
1067.155030000  7.900000000 21.049345000000
1067.180050000  7.900000000 20.630365400000
1067.204960000  7.900000000 20.219642600000
1067.229980000  7.900000000 19.817235900000
1067.255000000  7.900000000 19.423194900000
1067.280030000  7.900000000 19.037582400000
1067.305050000  7.900000000 18.660451900000
1067.329960000  7.900000000 18.291870100000
1067.354980000  7.900000000 17.931913400000
1067.380000000  7.900000000 17.580658000000
1067.405030000  7.900000000 17.238193500000
1067.430050000  7.900000000 16.904596300000
1067.454960000  7.900000000 16.579965600000
1067.479980000  7.900000000 16.264410000000
1067.505000000  7.900000000 15.958039300000
1067.530030000  7.900000000 15.660957300000
1067.555050000  7.900000000 15.373289100000
1067.579960000  7.900000000 15.095157600000
1067.604980000  7.900000000 14.826687800000
1067.630000000  7.900000000 14.568009400000
1067.655030000  7.900000000 14.319246300000
1067.680050000  7.900000000 14.080537800000
1067.704960000  7.900000000 13.852017400000
1067.729980000  7.900000000 13.633806200000
1067.755000000  7.900000000 13.426037800000
1067.780030000  7.900000000 13.228841800000
1067.805050000  7.900000000 13.042338400000
1067.829960000  7.900000000 12.866654400000
1067.854980000  7.900000000 12.701894800000
1067.880000000  7.900000000 12.548172000000
1067.905030000  7.900000000 12.405592000000
1067.930050000  7.900000000 12.274244300000
1067.954960000  7.900000000 12.154220600000
1067.979980000  7.900000000 12.045601800000
1068.005000000  7.900000000 11.948454900000
1068.030030000  7.900000000 11.862843500000
1068.055050000  7.900000000 11.788817400000
1068.079960000  7.900000000 11.726416600000
1068.104980000  7.900000000 11.675670600000
1068.130000000  7.900000000 11.636598600000
1068.155030000  7.900000000 11.609204300000
1068.180050000  7.900000000 11.593491600000
1068.204960000  7.900000000 11.589435600000
1068.229980000  7.900000000 11.597011600000
1068.255000000  7.900000000 11.616177600000
1068.280030000  7.900000000 11.646880100000
1068.305050000  7.900000000 11.689044000000
1068.329960000  7.900000000 11.742591900000
1068.354980000  7.900000000 11.807423600000
1068.380000000  7.900000000 11.883424800000
1068.405030000  7.900000000 11.970470400000
1068.430050000  7.900000000 12.068408000000
1068.454960000  7.900000000 12.177081100000
1068.479980000  7.900000000 12.296310400000
1068.505000000  7.900000000 12.425900500000
1068.530030000  7.900000000 12.565639500000
1068.555050000  7.900000000 12.715304400000
1068.579960000  7.900000000 12.874651000000
1068.604980000  7.900000000 13.043420800000
1068.630000000  7.900000000 13.221336400000
1068.655030000  7.900000000 13.408110600000
1068.680050000  7.900000000 13.603438400000
1068.704960000  7.900000000 13.806995400000
1068.729980000  7.900000000 14.018454600000
1068.755000000  7.900000000 14.237463000000
1068.780030000  7.900000000 14.463657400000
1068.805050000  7.900000000 14.696673400000
1068.829960000  7.900000000 14.936121900000
1068.854980000  7.900000000 15.181601500000
1068.880000000  7.900000000 15.432718300000
1068.905030000  7.900000000 15.689056400000
1068.930050000  7.900000000 15.950194400000
1068.954960000  7.900000000 16.215709700000
1068.979980000  7.900000000 16.485178000000
1069.005000000  7.900000000 16.758173000000
1069.030030000  7.900000000 17.034263600000
1069.055050000  7.900000000 17.313037900000
1069.079960000  7.900000000 17.594074200000
1069.104980000  7.900000000 17.876976000000
1069.130000000  7.900000000 18.161348300000
1069.155030000  7.900000000 18.446802100000
1069.180050000  7.900000000 18.732988400000
1069.204960000  7.900000000 19.019561800000
1069.229980000  7.900000000 19.306196200000
1069.255000000  7.900000000 19.592584600000
1069.280030000  7.900000000 19.878463700000
1069.305050000  7.900000000 20.163572300000
1069.329960000  7.900000000 20.447692900000
1069.354980000  7.900000000 20.730638500000
1069.380000000  7.900000000 21.012233700000
1069.405030000  7.900000000 21.292335500000
1069.430050000  7.900000000 21.570837000000
1069.454960000  7.900000000 21.847658200000
1069.479980000  7.900000000 22.122732200000
1069.505000000  7.900000000 22.396017100000
1069.530030000  7.900000000 22.667503400000
1069.555050000  7.900000000 22.937191000000
1069.579960000  7.900000000 23.205106700000
1069.604980000  7.900000000 23.471275300000
1069.630000000  7.900000000 23.735744500000
1069.655030000  7.900000000 23.998565700000
1069.680050000  7.900000000 24.259796100000
1069.704960000  7.900000000 24.519496900000
1069.729980000  7.900000000 24.777721400000
1069.755000000  7.900000000 25.034536400000
1069.780030000  7.900000000 25.289991400000
1069.805050000  7.900000000 25.544130300000
1069.829960000  7.900000000 25.796989400000
1069.854980000  7.900000000 26.048593500000
1069.880000000  7.900000000 26.298963500000
1069.905030000  7.900000000 26.548091900000
1069.930050000  7.900000000 26.795967100000
1069.954960000  7.900000000 27.042568200000
1069.979980000  7.900000000 27.287855100000
1070.005000000  7.900000000 27.531768800000
1070.030030000  7.900000000 27.774246200000
1070.055050000  7.900000000 28.015193900000
1070.079960000  7.900000000 28.254526100000
1070.104980000  7.900000000 28.492132200000
1070.130000000  7.900000000 28.727869000000
1070.155030000  7.900000000 28.961633700000
1070.180050000  7.900000000 29.193244900000
1070.204960000  7.900000000 29.422555900000
1070.229980000  7.900000000 29.649375900000
1070.255000000  7.900000000 29.873516100000
1070.280030000  7.900000000 30.094778100000
1070.305050000  7.900000000 30.312931100000
1070.329960000  7.900000000 30.527732800000
1070.354980000  7.900000000 30.738937400000
1070.380000000  7.900000000 30.946287200000
1070.405030000  7.900000000 31.149480800000
1070.430050000  7.900000000 31.348260900000
1070.454960000  7.900000000 31.542289700000
1070.479980000  7.900000000 31.731264100000
1070.505000000  7.900000000 31.914856000000
1070.530030000  7.900000000 32.092723800000
1070.555050000  7.900000000 32.264530200000
1070.579960000  7.900000000 32.429904900000
1070.604980000  7.900000000 32.588508600000
1070.630000000  7.900000000 32.739982600000
1070.655030000  7.900000000 32.883941700000
1070.680050000  7.900000000 33.020065300000
1070.704960000  7.900000000 33.147956800000
1070.729980000  7.900000000 33.267314900000
1070.755000000  7.900000000 33.377773300000
1070.780030000  7.900000000 33.479015400000
1070.805050000  7.900000000 33.570747400000
1070.829960000  7.900000000 33.652687100000
1070.854980000  7.900000000 33.724571200000
1070.880000000  7.900000000 33.786178600000
1070.905030000  7.900000000 33.837318400000
1070.930050000  7.900000000 33.877834300000
1070.954960000  7.900000000 33.907600400000
1070.979980000  7.900000000 33.926548000000
1071.005000000  7.900000000 33.934673300000
1071.030030000  7.900000000 33.931968700000
1071.055050000  7.900000000 33.918514300000
1071.079960000  7.900000000 33.894447300000
1071.104980000  7.900000000 33.859924300000
1071.130000000  7.900000000 33.815174100000
1071.155030000  7.900000000 33.760463700000
1071.180050000  7.900000000 33.696106000000
1071.204960000  7.900000000 33.622455600000
1071.229980000  7.900000000 33.539920800000
1071.255000000  7.900000000 33.448917400000
1071.280030000  7.900000000 33.349922200000
1071.305050000  7.900000000 33.243415800000
1071.329960000  7.900000000 33.129917100000
1071.354980000  7.900000000 33.009944900000
1071.380000000  7.900000000 32.884067500000
1071.405030000  7.900000000 32.752819100000
1071.430050000  7.900000000 32.616764100000
1071.454960000  7.900000000 32.476486200000
1071.479980000  7.900000000 32.332492800000
1071.505000000  7.900000000 32.185363800000
1071.530030000  7.900000000 32.035644500000
1071.555050000  7.900000000 31.883838700000
1071.579960000  7.900000000 31.730445900000
1071.604980000  7.900000000 31.575962100000
1071.630000000  7.900000000 31.420854600000
1071.655030000  7.900000000 31.265527700000
1071.680050000  7.900000000 31.110429800000
1071.704960000  7.900000000 30.955930700000
1071.729980000  7.900000000 30.802356700000
1071.755000000  7.900000000 30.650089300000
1071.780030000  7.900000000 30.499370600000
1071.805050000  7.900000000 30.350496300000
1071.829960000  7.900000000 30.203716300000
1071.854980000  7.900000000 30.059242200000
1071.880000000  7.900000000 29.917221100000
1071.905030000  7.900000000 29.777847300000
1071.930050000  7.900000000 29.641218200000
1071.954960000  7.900000000 29.507446300000
1071.979980000  7.900000000 29.376577400000
1072.005000000  7.900000000 29.248653400000
1072.030030000  7.900000000 29.123666800000
1072.055050000  7.900000000 29.001592600000
1072.079960000  7.900000000 28.882385300000
1072.104980000  7.900000000 28.765920600000
1072.130000000  7.900000000 28.652093900000
1072.155030000  7.900000000 28.540746700000
1072.180050000  7.900000000 28.431699800000
1072.204960000  7.900000000 28.324712800000
1072.229980000  7.900000000 28.219553000000
1072.255000000  7.900000000 28.115924800000
1072.280030000  7.900000000 28.013521200000
1072.305050000  7.900000000 27.912006400000
1072.329960000  7.900000000 27.811016100000
1072.354980000  7.900000000 27.710153600000
1072.380000000  7.900000000 27.609008800000
1072.405030000  7.900000000 27.507133500000
1072.430050000  7.900000000 27.404087100000
1072.454960000  7.900000000 27.299413700000
1072.479980000  7.900000000 27.192625000000
1072.505000000  7.900000000 27.083250000000
1072.530030000  7.900000000 26.970817600000
1072.555050000  7.900000000 26.854843100000
1072.579960000  7.900000000 26.734876600000
1072.604980000  7.900000000 26.610456500000
1072.630000000  7.900000000 26.481155400000
1072.655030000  7.900000000 26.346569100000
1072.680050000  7.900000000 26.206329300000
1072.704960000  7.900000000 26.060094800000
1072.729980000  7.900000000 25.907554600000
1072.755000000  7.900000000 25.748460800000
1072.780030000  7.900000000 25.582576800000
1072.805050000  7.900000000 25.409742400000
1072.829960000  7.900000000 25.229835500000
1072.854980000  7.900000000 25.042770400000
1072.880000000  7.900000000 24.848529800000
1072.905030000  7.900000000 24.647123300000
1072.930050000  7.900000000 24.438627200000
1072.954960000  7.900000000 24.223148300000
1072.979980000  7.900000000 24.000846900000
1073.005000000  7.900000000 23.771930700000
1073.030030000  7.900000000 23.536607700000
1073.055050000  7.900000000 23.295175600000
1073.079960000  7.900000000 23.047924000000
1073.104980000  7.900000000 22.795196500000
1073.130000000  7.900000000 22.537351600000
1073.155030000  7.900000000 22.274738300000
1073.180050000  7.900000000 22.007789600000
1073.204960000  7.900000000 21.736898400000
1073.229980000  7.900000000 21.462486300000
1073.255000000  7.900000000 21.184976600000
1073.280030000  7.900000000 20.904785200000
1073.305050000  7.900000000 20.622341200000
1073.329960000  7.900000000 20.338048900000
1073.354980000  7.900000000 20.052316700000
1073.380000000  7.900000000 19.765525800000
1073.405030000  7.900000000 19.478050200000
1073.430050000  7.900000000 19.190231300000
1073.454960000  7.900000000 18.902399100000
1073.479980000  7.900000000 18.614847200000
1073.505000000  7.900000000 18.327846500000
1073.530030000  7.900000000 18.041647000000
1073.555050000  7.900000000 17.756450700000
1073.579960000  7.900000000 17.472452200000
1073.604980000  7.900000000 17.189798400000
1073.630000000  7.900000000 16.908628500000
1073.655030000  7.900000000 16.629039800000
1073.680050000  7.900000000 16.351118100000
1073.704960000  7.900000000 16.074911100000
1073.729980000  7.900000000 15.800450300000
1073.755000000  7.900000000 15.527750000000
1073.780030000  7.900000000 15.256811100000
1073.805050000  7.900000000 14.987610800000
1073.829960000  7.900000000 14.720113800000
1073.854980000  7.900000000 14.454292300000
1073.880000000  7.900000000 14.190072100000
1073.905030000  7.900000000 13.927394900000
1073.930050000  7.900000000 13.666207300000
1073.954960000  7.900000000 13.406443600000
1073.979980000  7.900000000 13.148036000000
1074.005000000  7.900000000 12.890932100000
1074.030030000  7.900000000 12.635078400000
1074.055050000  7.900000000 12.380442600000
1074.079960000  7.900000000 12.126993200000
1074.104980000  7.900000000 11.874729200000
1074.130000000  7.900000000 11.623665800000
1074.155030000  7.900000000 11.373836500000
1074.180050000  7.900000000 11.125319500000
1074.204960000  7.900000000 10.878204300000
1074.229980000  7.900000000 10.632624600000
1074.255000000  7.900000000 10.388753900000
1074.280030000  7.900000000 10.146798100000
1074.305050000  7.900000000 9.907012940000
1074.329960000  7.900000000 9.669690130000
1074.354980000  7.900000000 9.435158730000
1074.380000000  7.900000000 9.203791620000
1074.405030000  7.900000000 8.976007460000
1074.430050000  7.900000000 8.752256390000
1074.454960000  7.900000000 8.533020020000
1074.479980000  7.900000000 8.318818090000
1074.505000000  7.900000000 8.110179900000
1074.530030000  7.900000000 7.907659050000
1074.555050000  7.900000000 7.711810590000
1074.579960000  7.900000000 7.523189070000
1074.604980000  7.900000000 7.342337610000
1074.630000000  7.900000000 7.169778350000
1074.655030000  7.900000000 7.006008150000
1074.680050000  7.900000000 6.851483820000
1074.704960000  7.900000000 6.706613540000
1074.729980000  7.900000000 6.571751590000
1074.755000000  7.900000000 6.447198390000
1074.780030000  7.900000000 6.333186630000
1074.805050000  7.900000000 6.229884620000
1074.829960000  7.900000000 6.137395380000
1074.854980000  7.900000000 6.055755620000
1074.880000000  7.900000000 5.984930520000
1074.905030000  7.900000000 5.924831870000
1074.930050000  7.900000000 5.875308040000
1074.954960000  7.900000000 5.836157320000
1074.979980000  7.900000000 5.807133200000
1075.005000000  7.900000000 5.787941460000
1075.030030000  7.900000000 5.778257850000
1075.055050000  7.900000000 5.777731900000
1075.079960000  7.900000000 5.785984990000
1075.104980000  7.900000000 5.802625660000
1075.130000000  7.900000000 5.827250000000
1075.155030000  7.900000000 5.859444140000
1075.180050000  7.900000000 5.898794170000
1075.204960000  7.900000000 5.944884780000
1075.229980000  7.900000000 5.997303010000
1075.255000000  7.900000000 6.055644040000
1075.280030000  7.900000000 6.119505410000
1075.305050000  7.900000000 6.188495640000
1075.329960000  7.900000000 6.262231830000
1075.354980000  7.900000000 6.340339660000
1075.380000000  7.900000000 6.422455310000
1075.405030000  7.900000000 6.508223060000
1075.430050000  7.900000000 6.597302440000
1075.454960000  7.900000000 6.689351080000
1075.479980000  7.900000000 6.784043310000
1075.505000000  7.900000000 6.881061080000
1075.530030000  7.900000000 6.980090140000
1075.555050000  7.900000000 7.080829140000
1075.579960000  7.900000000 7.182979110000
1075.604980000  7.900000000 7.286254410000
1075.630000000  7.900000000 7.390378000000
1075.655030000  7.900000000 7.495076660000
1075.680050000  7.900000000 7.600096700000
1075.704960000  7.900000000 7.705191610000
1075.729980000  7.900000000 7.810132500000
1075.755000000  7.900000000 7.914702420000
1075.780030000  7.900000000 8.018704410000
1075.805050000  7.900000000 8.121956830000
1075.829960000  7.900000000 8.224307060000
1075.854980000  7.900000000 8.325613980000
1075.880000000  7.900000000 8.425763130000
1075.905030000  7.900000000 8.524665830000
1075.930050000  7.900000000 8.622252460000
1075.954960000  7.900000000 8.718480110000
1075.979980000  7.900000000 8.813327790000
1076.005000000  7.900000000 8.906793590000
1076.030030000  7.900000000 8.998900410000
1076.055050000  7.900000000 9.089689250000
1076.079960000  7.900000000 9.179214480000
1076.104980000  7.900000000 9.267551420000
1076.130000000  7.900000000 9.354782100000
1076.155030000  7.900000000 9.441002850000
1076.180050000  7.900000000 9.526316640000
1076.204960000  7.900000000 9.610831260000
1076.229980000  7.900000000 9.694657330000
1076.255000000  7.900000000 9.777910230000
1076.280030000  7.900000000 9.860697750000
1076.305050000  7.900000000 9.943133350000
1076.329960000  7.900000000 10.025325800000
1076.354980000  7.900000000 10.107373200000
1076.380000000  7.900000000 10.189377800000
1076.405030000  7.900000000 10.271429100000
1076.430050000  7.900000000 10.353616700000
1076.454960000  7.900000000 10.436016100000
1076.479980000  7.900000000 10.518701600000
1076.505000000  7.900000000 10.601737000000
1076.530030000  7.900000000 10.685188300000
1076.555050000  7.900000000 10.769101100000
1076.579960000  7.900000000 10.853523300000
1076.604980000  7.900000000 10.938492800000
1076.630000000  7.900000000 11.024042100000
1076.655030000  7.900000000 11.110196100000
1076.680050000  7.900000000 11.196971900000
1076.704960000  7.900000000 11.284386600000
1076.729980000  7.900000000 11.372433700000
1076.755000000  7.900000000 11.461117700000
1076.780030000  7.900000000 11.550422700000
1076.805050000  7.900000000 11.640335100000
1076.829960000  7.900000000 11.730826400000
1076.854980000  7.900000000 11.821859400000
1076.880000000  7.900000000 11.913400700000
1076.905030000  7.900000000 12.005388300000
1076.930050000  7.900000000 12.097775500000
1076.954960000  7.900000000 12.190493600000
1076.979980000  7.900000000 12.283473000000
1077.005000000  7.900000000 12.376638400000
1077.030030000  7.900000000 12.469897300000
1077.055050000  7.900000000 12.563170400000
1077.079960000  7.900000000 12.656362500000
1077.104980000  7.900000000 12.749380100000
1077.130000000  7.900000000 12.842114400000
1077.155030000  7.900000000 12.934468300000
1077.180050000  7.900000000 13.026339500000
1077.204960000  7.900000000 13.117620500000
1077.229980000  7.900000000 13.208212900000
1077.255000000  7.900000000 13.298019400000
1077.280030000  7.900000000 13.386937100000
1077.305050000  7.900000000 13.474882100000
1077.329960000  7.900000000 13.561761900000
1077.354980000  7.900000000 13.647496200000
1077.380000000  7.900000000 13.732015600000
1077.405030000  7.900000000 13.815245600000
1077.430050000  7.900000000 13.897131000000
1077.454960000  7.900000000 13.977610600000
1077.479980000  7.900000000 14.056649200000
1077.505000000  7.900000000 14.134200100000
1077.530030000  7.900000000 14.210231800000
1077.555050000  7.900000000 14.284718500000
1077.579960000  7.900000000 14.357637400000
1077.604980000  7.900000000 14.428969400000
1077.630000000  7.900000000 14.498690600000
1077.655030000  7.900000000 14.566792500000
1077.680050000  7.900000000 14.633250200000
1077.704960000  7.900000000 14.698046700000
1077.729980000  7.900000000 14.761157000000
1077.755000000  7.900000000 14.822547900000
1077.780030000  7.900000000 14.882189800000
1077.805050000  7.900000000 14.940030100000
1077.829960000  7.900000000 14.996021300000
1077.854980000  7.900000000 15.050108000000
1077.880000000  7.900000000 15.102216700000
1077.905030000  7.900000000 15.152268400000
1077.930050000  7.900000000 15.200188600000
1077.954960000  7.900000000 15.245882000000
1077.979980000  7.900000000 15.289262800000
1078.005000000  7.900000000 15.330237400000
1078.030030000  7.900000000 15.368705700000
1078.055050000  7.900000000 15.404583000000
1078.079960000  7.900000000 15.437784200000
1078.104980000  7.900000000 15.468232200000
1078.130000000  7.900000000 15.495860100000
1078.155030000  7.900000000 15.520625100000
1078.180050000  7.900000000 15.542490000000
1078.204960000  7.900000000 15.561439500000
1078.229980000  7.900000000 15.577488900000
1078.255000000  7.900000000 15.590668700000
1078.280030000  7.900000000 15.601029400000
1078.305050000  7.900000000 15.608677900000
1078.329960000  7.900000000 15.613719000000
1078.354980000  7.900000000 15.616295800000
1078.380000000  7.900000000 15.616571400000
1078.405030000  7.900000000 15.614754700000
1078.430050000  7.900000000 15.611080200000
1078.454960000  7.900000000 15.605782500000
1078.479980000  7.900000000 15.599141100000
1078.505000000  7.900000000 15.591460200000
1078.530030000  7.900000000 15.583055500000
1078.555050000  7.900000000 15.574259800000
1078.579960000  7.900000000 15.565432500000
1078.604980000  7.900000000 15.556916200000
1078.630000000  7.900000000 15.549089400000
1078.655030000  7.900000000 15.542327900000
1078.680050000  7.900000000 15.537005400000
1078.704960000  7.900000000 15.533502600000
1078.729980000  7.900000000 15.532178900000
1078.755000000  7.900000000 15.533392900000
1078.780030000  7.900000000 15.537504200000
1078.805050000  7.900000000 15.544825600000
1078.829960000  7.900000000 15.555679300000
1078.854980000  7.900000000 15.570344900000
1078.880000000  7.900000000 15.589092300000
1078.905030000  7.900000000 15.612138700000
1078.930050000  7.900000000 15.639682800000
1078.954960000  7.900000000 15.671887400000
1078.979980000  7.900000000 15.708872800000
1079.005000000  7.900000000 15.750703800000
1079.030030000  7.900000000 15.797412900000
1079.055050000  7.900000000 15.848962800000
1079.079960000  7.900000000 15.905283000000
1079.104980000  7.900000000 15.966231300000
1079.130000000  7.900000000 16.031604800000
1079.155030000  7.900000000 16.101154300000
1079.180050000  7.900000000 16.174549100000
1079.204960000  7.900000000 16.251390500000
1079.229980000  7.900000000 16.331226300000
1079.255000000  7.900000000 16.413526500000
1079.280030000  7.900000000 16.497713100000
1079.305050000  7.900000000 16.583131800000
1079.329960000  7.900000000 16.669073100000
1079.354980000  7.900000000 16.754776000000
1079.380000000  7.900000000 16.839427900000
1079.405030000  7.900000000 16.922187800000
1079.430050000  7.900000000 17.002183900000
1079.454960000  7.900000000 17.078535100000
1079.479980000  7.900000000 17.150331500000
1079.505000000  7.900000000 17.216714900000
1079.530030000  7.900000000 17.276811600000
1079.555050000  7.900000000 17.329826400000
1079.579960000  7.900000000 17.374998100000
1079.604980000  7.900000000 17.411647800000
1079.630000000  7.900000000 17.439161300000
1079.655030000  7.900000000 17.457050300000
1079.680050000  7.900000000 17.464904800000
1079.704960000  7.900000000 17.462444300000
1079.729980000  7.900000000 17.449491500000
1079.755000000  7.900000000 17.425994900000
1079.780030000  7.900000000 17.392021200000
1079.805050000  7.900000000 17.347732500000
1079.829960000  7.900000000 17.293409300000
1079.854980000  7.900000000 17.229438800000
1079.880000000  7.900000000 17.156251900000
1079.905030000  7.900000000 17.074399900000
1079.930050000  7.900000000 16.984441800000
1079.954960000  7.900000000 16.887006800000
1079.979980000  7.900000000 16.782735800000
1080.005000000  7.900000000 16.672283200000
1080.030030000  7.900000000 16.556295400000
1080.055050000  7.900000000 16.435405700000
1080.079960000  7.900000000 16.310216900000
1080.104980000  7.900000000 16.181303000000
1080.130000000  7.900000000 16.049186700000
1080.155030000  7.900000000 15.914342900000
1080.180050000  7.900000000 15.777202600000
1080.204960000  7.900000000 15.638140700000
1080.229980000  7.900000000 15.497472800000
1080.255000000  7.900000000 15.355470700000
1080.280030000  7.900000000 15.212343200000
1080.305050000  7.900000000 15.068249700000
1080.329960000  7.900000000 14.923312200000
1080.354980000  7.900000000 14.777596500000
1080.380000000  7.900000000 14.631136900000
1080.405030000  7.900000000 14.483943900000
1080.430050000  7.900000000 14.335970900000
1080.454960000  7.900000000 14.187168100000
1080.479980000  7.900000000 14.037450800000
1080.505000000  7.900000000 13.886735000000
1080.530030000  7.900000000 13.734910000000
1080.555050000  7.900000000 13.581866300000
1080.579960000  7.900000000 13.427490200000
1080.604980000  7.900000000 13.271670300000
1080.630000000  7.900000000 13.114304500000
1080.655030000  7.900000000 12.955304100000
1080.680050000  7.900000000 12.794585200000
1080.704960000  7.900000000 12.632090600000
1080.729980000  7.900000000 12.467786800000
1080.755000000  7.900000000 12.301658600000
1080.780030000  7.900000000 12.133714700000
1080.805050000  7.900000000 11.963995900000
1080.829960000  7.900000000 11.792572000000
1080.854980000  7.900000000 11.619537400000
1080.880000000  7.900000000 11.445021600000
1080.905030000  7.900000000 11.269175500000
1080.930050000  7.900000000 11.092184100000
1080.954960000  7.900000000 10.914259900000
1080.979980000  7.900000000 10.735644300000
1081.005000000  7.900000000 10.556596800000
1081.030030000  7.900000000 10.377406100000
1081.055050000  7.900000000 10.198391900000
1081.079960000  7.900000000 10.019887900000
1081.104980000  7.900000000 9.842248920000
1081.130000000  7.900000000 9.665852550000
1081.155030000  7.900000000 9.491086010000
1081.180050000  7.900000000 9.318360330000
1081.204960000  7.900000000 9.148087500000
1081.229980000  7.900000000 8.980690000000
1081.255000000  7.900000000 8.816595080000
1081.280030000  7.900000000 8.656220440000
1081.305050000  7.900000000 8.499825480000
1081.329960000  7.900000000 8.347332950000
1081.354980000  7.900000000 0.000000000000
1081.380000000  7.900000000 0.000000000000
1081.405030000  7.900000000 0.000000000000
1081.430050000  7.900000000 0.000000000000
1081.454960000  7.900000000 0.000000000000
1081.479980000  7.900000000 0.000000000000
1081.505000000  7.900000000 0.000000000000
1081.530030000  7.900000000 0.000000000000
1081.555050000  7.900000000 0.000000000000
1081.579960000  7.900000000 0.000000000000
1081.604980000  7.900000000 0.000000000000
1081.630000000  7.900000000 0.000000000000
1081.655030000  7.900000000 0.000000000000
1081.680050000  7.900000000 0.000000000000
1081.704960000  7.900000000 0.000000000000
1081.729980000  7.900000000 0.000000000000
1081.755000000  7.900000000 0.000000000000
1081.780030000  7.900000000 0.000000000000
1081.805050000  7.900000000 0.000000000000
1081.829960000  7.900000000 0.000000000000
1081.854980000  7.900000000 0.000000000000
1081.880000000  7.900000000 0.000000000000
1081.905030000  7.900000000 0.000000000000
1081.930050000  7.900000000 0.000000000000
1081.954960000  7.900000000 0.000000000000
1081.979980000  7.900000000 0.000000000000
1082.005000000  7.900000000 0.000000000000
1082.030030000  7.900000000 0.000000000000
1082.055050000  7.900000000 0.000000000000
1082.079960000  7.900000000 0.000000000000
1082.104980000  7.900000000 0.000000000000
1082.130000000  7.900000000 0.000000000000
1082.155030000  7.900000000 0.000000000000
1082.180050000  7.900000000 0.000000000000
1082.204960000  7.900000000 0.000000000000
1082.229980000  7.900000000 0.000000000000
1082.255000000  7.900000000 0.000000000000
1082.280030000  7.900000000 0.000000000000
1082.305050000  7.900000000 0.000000000000
1082.329960000  7.900000000 0.000000000000
1082.354980000  7.900000000 0.000000000000
1082.380000000  7.900000000 0.000000000000
1082.405030000  7.900000000 0.000000000000
1082.430050000  7.900000000 0.000000000000
1082.454960000  7.900000000 0.000000000000
1082.479980000  7.900000000 0.000000000000
1082.505000000  7.900000000 0.000000000000
1082.530030000  7.900000000 0.000000000000
1082.555050000  7.900000000 0.000000000000
1082.579960000  7.900000000 0.000000000000
1082.604980000  7.900000000 0.000000000000
1082.630000000  7.900000000 0.000000000000
1082.655030000  7.900000000 0.000000000000
1082.680050000  7.900000000 0.000000000000
1082.704960000  7.900000000 0.000000000000
1082.729980000  7.900000000 0.000000000000
1082.755000000  7.900000000 0.000000000000
1082.780030000  7.900000000 0.000000000000
1082.805050000  7.900000000 0.000000000000
1082.829960000  7.900000000 0.000000000000
